==== (1) THE CHAPTER'S MATTER — every runner's refs, per def ====
  -- balak: {'Exod 25 (ink)': 7, 'Exod 32:26-29, 32:34, 33:1 (the Levites; go)': 1, "the docket's other works": 4, 'acacia': 13, 'Levi(tes)': 2, 'inheritance/portion': 7, 'Aaron': 21, 'the stations / Hor / Eleazar': 5, 'cleave': 1}
     Exod 32:26-29, 32:34, 33:1 (the Levites; go) {'MODULE': 1}
  -- bamidbar: {'Num 3 (the Levites taken)': 21, 'Num 4 (to carry)': 9, 'the two arks / the ark hidden': 3, "the docket's other works": 2, 'ark': 5, 'Levi(tes)': 77, 'inheritance/portion': 4, 'Aaron': 24, 'the stations / Hor / Eleazar': 2, 'stranger': 16, 'seventy': 5}
     Num 3 (the Levites taken)          {'out': 1, 'law_census': 2, 'scene': 7, 'narrative': 11}
     Num 4 (to carry)                   {'charges': 1, 'scene': 2, 'narrative': 6}
  -- beha: {'Num 3 (the Levites taken)': 1, 'Num 4 (to carry)': 3, 'Num 8:5-26 (the Levites cleansed)': 18, "the docket's other works": 12, 'ark': 16, 'Levi(tes)': 53, 'minister': 1, 'inheritance/portion': 3, 'Aaron': 35, 'buried': 7, 'forty days': 8, 'lifting the face': 3, 'seventy': 40, 'praise': 1}
     Num 3 (the Levites taken)          {'narrative': 1}
     Num 4 (to carry)                   {'prince_of': 3}
     Num 8:5-26 (the Levites cleansed)  {'prince_of': 3, 'lamps': 1, 'law_beha': 1, 'scene': 4, 'narrative': 9}
  -- borders: {'Exod 34 (ink)': 9, 'Num 33:30-39 (the stations, Hor)': 4, 'Num 20:22-29 (Aaron at Hor)': 7, 'Num 4 (to carry)': 2, 'Num 18:1-2, 20-24 (the dues, no portion)': 2, 'Levi(tes)': 1, 'inheritance/portion': 32, 'Aaron': 7, 'the stations / Hor / Eleazar': 39, 'seventy': 13}
     Num 33:30-39 (the stations, Hor)   {'_stem_border': 4}
     Num 20:22-29 (Aaron at Hor)        {'_stem_border': 7}
     Num 4 (to carry)                   {'_stem_border': 2}
     Num 18:1-2, 20-24 (the dues, no portion) {'_side': 2}
  -- calendar: {'circumcise': 1, 'stranger': 12}
  -- chatat: {'Aaron': 3, 'buried': 3, 'swear/oath': 2, 'lifting the face': 4, 'stranger': 1, 'Tishri 10': 4}
  -- chukat: {'Deut 10': 4, 'Num 33:30-39 (the stations, Hor)': 2, 'Num 20:22-29 (Aaron at Hor)': 18, 'Num 8:5-26 (the Levites cleansed)': 1, 'the two arks / the ark hidden': 3, "the docket's other works": 47, 'ark': 2, 'Levi(tes)': 2, 'inheritance/portion': 9, 'Aaron': 78, 'buried': 15, 'the stations / Hor / Eleazar': 77, 'forty days': 3, 'stranger': 2, 'Tishri 10': 1, 'Elul / Av': 4}
     Deut 10                            {'sources': 2, 'edom_and_hor': 1, 'narrative': 1}
     Num 33:30-39 (the stations, Hor)   {'narrative': 2}
     Num 20:22-29 (Aaron at Hor)        {'sources': 5, 'law_chukat': 2, 'scene': 1, 'narrative': 10}
     Num 8:5-26 (the Levites cleansed)  {'narrative': 1}
  -- covenant_at_horeb: {'Deut 10': 2, 'Exod 34:1-4, 28-29 (second tablets)': 2, 'Exod 24:12 (come up to Me)': 4, 'Deut 4:5 / 4:13': 1, 'the attributes / lifting the face': 6, 'tablets': 20, 'swear/oath': 20, 'circumcise': 8, 'stranger': 6, 'praise': 1}
     Deut 10                            {'out': 2}
     Exod 34:1-4, 28-29 (second tablets) {'out': 2}
  -- decalogue: {'hew': 1, 'Levi(tes)': 1, 'swear/oath': 12, 'stranger': 2}
  -- erection: {'Exod 34:1-4, 28-29 (second tablets)': 2, 'Exod 40:3, 20-21 (the testimony in the ark)': 2, 'Exod 32:26-29, 32:34, 33:1 (the Levites; go)': 1, 'the two arks / the ark hidden': 8, 'the demand and the attributes': 2, "the docket's other works": 4, 'ark': 38, 'tablets': 78, 'hew': 3, 'acacia': 1, 'Levi(tes)': 8, 'inheritance/portion': 2, 'Aaron': 20, 'the stations / Hor / Eleazar': 1, 'forty days': 12, 'cleave': 1, 'swear/oath': 10, 'circumcise': 6, 'stiff-necked': 1, 'lifting the face': 2, 'stranger': 13, 'seventy': 11, 'praise': 4, 'Tishri 10': 3, 'Elul / Av': 2}
     Exod 34:1-4, 28-29 (second tablets) {'scene': 2}
     Exod 40:3, 20-21 (the testimony in the ark) {'scene': 2}
     Exod 32:26-29, 32:34, 33:1 (the Levites; go) {'scene': 1}
  -- exodus_story: {'ark': 4, 'tablets': 1, 'Levi(tes)': 7, 'minister': 1, 'inheritance/portion': 2, 'Aaron': 4, 'buried': 3, 'circumcise': 18, 'foreskin': 2, 'stranger': 1, 'seventy': 4, 'praise': 1}
  -- family: {'Exod 22:20-23, 23:8-9 (the stranger, the bribe)': 2, "the docket's other works": 5, 'Levi(tes)': 10, 'inheritance/portion': 70, 'buried': 52, 'swear/oath': 29, 'circumcise': 3, 'orphan/widow': 29, 'stranger': 13, 'praise': 1}
     Exod 22:20-23, 23:8-9 (the stranger, the bribe) {'levirate': 2}
  -- gad_reuben: {'Exod 32:26-29, 32:34, 33:1 (the Levites; go)': 1, 'the two arks / the ark hidden': 4, 'Levi(tes)': 5, 'inheritance/portion': 26, 'Aaron': 3, 'buried': 5, 'the stations / Hor / Eleazar': 13, 'swear/oath': 14, 'seventy': 1, 'Elul / Av': 5}
     Exod 32:26-29, 32:34, 33:1 (the Levites; go) {'tok': 1}
  -- good_land: {'Deut 10': 3, 'Deut 1:10 / 28:62 (the stars)': 2, 'the two arks / the ark hidden': 1, 'the attributes / lifting the face': 10, 'hew': 6, 'Levi(tes)': 1, 'forty days': 1, 'swear/oath': 18, 'seventy': 3, 'what does the LORD ask': 3}
     Deut 10                            {'receipt_seats': 3}
  -- guardians: {'swear/oath': 9}
  -- hear_o_israel: {'Deut 10': 5, 'Exod 24:12 (come up to Me)': 2, 'Deut 6:5 / 6:13': 13, 'Lev 19:33-34 (the stranger)': 1, "Lev 26:41 / Deut 30:6 / Jer 4:4 (the heart's foreskin)": 1, 'the two arks / the ark hidden': 1, 'the demand and the attributes': 6, "the docket's other works": 7, 'hew': 3, 'inheritance/portion': 1, 'cleave': 1, 'swear/oath': 39, 'circumcise': 2, 'stranger': 1, 'praise': 1, 'you shall love': 6}
     Deut 10                            {'out': 5}
     Lev 19:33-34 (the stranger)        {'out': 1}
  -- holiness: {'Exod 22:20-23, 23:8-9 (the stranger, the bribe)': 1, 'swear/oath': 29, 'lifting the face': 1, 'bribe': 3, 'stranger': 13, 'seventy': 2}
     Exod 22:20-23, 23:8-9 (the stranger, the bribe) {'conduct': 1}
  -- holiness_b: {'Lev 19:33-34 (the stranger)': 4, 'Levi(tes)': 1, 'circumcise': 10, 'foreskin': 2, 'lifting the face': 2, 'stranger': 18, 'seventy': 1, 'you shall love': 2}
     Lev 19:33-34 (the stranger)        {'convert_measures': 1, 'scene': 1, 'mrow': 2}
  -- incense_shekel: {'Num 20:22-29 (Aaron at Hor)': 6, 'Num 3 (the Levites taken)': 3, 'Num 4 (to carry)': 3, 'the two arks / the ark hidden': 8, 'ark': 12, 'tablets': 3, 'Levi(tes)': 5, 'inheritance/portion': 6, 'Aaron': 43, 'the stations / Hor / Eleazar': 4, 'swear/oath': 10, 'circumcise': 2, 'stranger': 30, 'seventy': 3, 'Tishri 10': 1}
     Num 20:22-29 (Aaron at Hor)        {'succession': 2, 'law_investiture': 1, 'scene': 1, 'mrow': 2}
     Num 3 (the Levites taken)          {'shekel': 2, 'mrow': 1}
     Num 4 (to carry)                   {'laver': 2, 'mrow': 1}
  -- joseph: {'Deut 10': 1, 'Gen 46:27 / Exod 1:5 (the seventy)': 2, "the docket's other works": 2, 'Levi(tes)': 11, 'minister': 1, 'inheritance/portion': 11, 'Aaron': 1, 'buried': 38, 'forty days': 1, 'cleave': 1, 'swear/oath': 24, 'circumcise': 18, 'foreskin': 4, 'stranger': 6, 'seventy': 50}
     Deut 10                            {'seventy': 1}
     Gen 46:27 / Exod 1:5 (the seventy) {'seventy': 1, 'build': 1}
  -- journeys: {'Deut 10': 10, 'Exod 34:1-4, 28-29 (second tablets)': 2, 'Num 33:30-39 (the stations, Hor)': 20, 'Num 20:22-29 (Aaron at Hor)': 8, 'Deut 31:7, 9, 25-26 / Josh 1:6': 6, "the docket's other works": 23, 'tablets': 2, 'acacia': 10, 'Levi(tes)': 1, 'inheritance/portion': 1, 'Aaron': 47, 'buried': 12, 'the stations / Hor / Eleazar': 70, 'forty days': 1, 'seventy': 7, 'Elul / Av': 8}
     Deut 10                            {'words': 2, '_lemmas': 3, 'the_heading_and_the_writing': 1, 'the_stations': 2, 'narrative': 2}
     Exod 34:1-4, 28-29 (second tablets) {'_lemmas': 1, 'the_heading_and_the_writing': 1}
     Num 33:30-39 (the stations, Hor)   {'lemma_seats': 8, '_lemmas': 2, 'the_stations': 1, 'aarons_death_retold': 2, 'narrative': 7}
     Num 20:22-29 (Aaron at Hor)        {'lemma_seats': 4, '_lemmas': 4}
  -- korach: {'Deut 10': 3, 'Num 18:1-2, 20-24 (the dues, no portion)': 10, 'the two arks / the ark hidden': 6, 'ark': 5, 'hew': 2, 'Levi(tes)': 132, 'inheritance/portion': 45, 'Aaron': 56, 'the stations / Hor / Eleazar': 2, 'swear/oath': 8, 'stranger': 37, 'Tishri 10': 3}
     Deut 10                            {'the_tithe': 2, 'narrative': 1}
     Num 18:1-2, 20-24 (the dues, no portion) {'clause': 4, 'plague_and_staffs': 1, 'the_gifts': 1, 'the_tithe': 1, 'narrative': 3}
  -- lev24: {"the docket's other works": 4, 'stranger': 5, 'Tishri 10': 1}
  -- mamre: {"the docket's other works": 3, 'Levi(tes)': 4, 'inheritance/portion': 7, 'buried': 8, 'swear/oath': 27, 'circumcise': 14, 'seventy': 13, 'the stars': 1, 'praise': 2}
  -- mekoshesh: {'inheritance/portion': 3, 'Aaron': 1, 'buried': 12}
  -- midian: {'Deut 10': 2, 'Num 3 (the Levites taken)': 1, 'Num 8:5-26 (the Levites cleansed)': 1, 'ark': 8, 'tablets': 4, 'Levi(tes)': 43, 'inheritance/portion': 21, 'the stations / Hor / Eleazar': 45, 'stranger': 7, 'seventy': 10}
     Deut 10                            {'torah_seats': 1, 'narrative': 1}
     Num 3 (the Levites taken)          {'torah_seats': 1}
     Num 8:5-26 (the Levites cleansed)  {'torah_seats': 1}
  -- minchah: {'Aaron': 2, 'seventy': 2}
  -- mishpatim_2: {'orphan/widow': 3}
  -- mishpatim_3: {'Levi(tes)': 3, 'stranger': 5, 'seventy': 2}
  -- moadim: {'Tishri 10': 7}
  -- musafim: {'Levi(tes)': 1, 'inheritance/portion': 1, 'seventy': 26, 'Tishri 10': 20}
  -- naso: {'Deut 10': 2, 'Exod 25:10-22 (the ark)': 3, 'Num 4 (to carry)': 20, 'Num 6:23-27 (the blessing)': 4, 'the attributes / lifting the face': 9, "the docket's other works": 2, 'ark': 3, 'tablets': 1, 'Levi(tes)': 17, 'inheritance/portion': 2, 'Aaron': 10, 'buried': 3, 'the stations / Hor / Eleazar': 3, 'forty days': 1, 'swear/oath': 25, 'circumcise': 1, 'lifting the face': 6, 'orphan/widow': 5, 'stranger': 16, 'seventy': 21}
     Deut 10                            {'prince_of': 2}
     Exod 25:10-22 (the ark)            {'voice': 2, 'narrative': 1}
     Num 4 (to carry)                   {'prince_of': 1, 'law_naso': 4, 'scene': 3, 'narrative': 12}
     Num 6:23-27 (the blessing)         {'scene': 3, 'narrative': 1}
  -- not_righteousness: {'Deut 10': 10, 'Exod 34:1-4, 28-29 (second tablets)': 9, 'Exod 31:18 (the finger)': 7, 'Exod 32:26-29, 32:34, 33:1 (the Levites; go)': 6, 'Num 20:22-29 (Aaron at Hor)': 2, 'Deut 4:5 / 4:13': 13, '1 Kings 8:9, 27 / Neh 9:6 / Ps 136:2-3': 3, 'the two arks / the ark hidden': 24, "the docket's other works": 2, 'ark': 12, 'tablets': 79, 'hew': 1, 'Levi(tes)': 9, 'inheritance/portion': 11, 'Aaron': 85, 'buried': 3, 'the stations / Hor / Eleazar': 5, 'forty days': 29, 'swear/oath': 18, 'stiff-necked': 22, 'seventy': 7, 'praise': 4, 'Tishri 10': 3, 'Elul / Av': 8}
     Deut 10                            {'out': 8, 'the_calf_retold': 1, 'narrative': 1}
     Exod 34:1-4, 28-29 (second tablets) {'out': 2, 'the_forty_days': 3, 'rb': 4}
     Exod 31:18 (the finger)            {'out': 1, 'the_calf_retold': 3, 'rb': 2, 'narrative': 1}
     Exod 32:26-29, 32:34, 33:1 (the Levites; go) {'out': 1, 'the_calf_retold': 2, 'aarons_peril': 1, 'rb': 2}
     Num 20:22-29 (Aaron at Hor)        {'aarons_peril': 1, 'law_not_righteousness': 1}
  -- obey_horeb: {'Deut 10': 11, 'Exod 34:1-4, 28-29 (second tablets)': 6, 'Exod 31:18 (the finger)': 10, 'Exod 24:12 (come up to Me)': 8, 'Deut 4:5 / 4:13': 24, 'Deut 6:5 / 6:13': 1, "Lev 26:41 / Deut 30:6 / Jer 4:4 (the heart's foreskin)": 1, '1 Kings 8:9, 27 / Neh 9:6 / Ps 136:2-3': 2, 'the two arks / the ark hidden': 6, 'the demand and the attributes': 1, "the docket's other works": 6, 'tablets': 39, 'minister': 1, 'inheritance/portion': 7, 'cleave': 9, 'swear/oath': 12, 'seventy': 4, 'Elul / Av': 2}
     Deut 10                            {'out': 10, 'rb': 1}
     Exod 34:1-4, 28-29 (second tablets) {'out': 4, 'rb': 2}
     Exod 31:18 (the finger)            {'out': 1, 'rb': 2, 'horeb_retold': 2, 'law_obey_horeb': 3, 'narrative': 2}
  -- offerings: {'Aaron': 1, 'Tishri 10': 1}
  -- opening_speech: {'Exod 32:26-29, 32:34, 33:1 (the Levites; go)': 5, 'Num 33:30-39 (the stations, Hor)': 1, 'Num 8:5-26 (the Levites cleansed)': 1, 'Deut 31:7, 9, 25-26 / Josh 1:6': 11, "the docket's other works": 14, 'ark': 2, 'Levi(tes)': 3, 'inheritance/portion': 5, 'Aaron': 14, 'the stations / Hor / Eleazar': 20, 'swear/oath': 13, 'lifting the face': 6, 'bribe': 2, 'stranger': 24, 'seventy': 18, 'praise': 7, 'Elul / Av': 10}
     Exod 32:26-29, 32:34, 33:1 (the Levites; go) {'MODULE': 1, 'rb': 2, 'the_officers_and_the_judges': 1, 'law_opening_speech': 1}
     Num 33:30-39 (the stations, Hor)   {'lemma_seats': 1}
     Num 8:5-26 (the Levites cleansed)  {'lemma_seats': 1}
  -- ordinances: {'Deut 10': 1, 'Exod 22:20-23, 23:8-9 (the stranger, the bribe)': 6, 'Lev 19:33-34 (the stranger)': 2, 'Deut 16:19 / 27:25 (the bribe)': 1, "the docket's other works": 2, 'hew': 11, 'Levi(tes)': 1, 'minister': 1, 'inheritance/portion': 3, 'swear/oath': 2, 'circumcise': 1, 'bribe': 16, 'orphan/widow': 15, 'stranger': 26}
     Deut 10                            {'stranger': 1}
     Exod 22:20-23, 23:8-9 (the stranger, the bribe) {'scene': 6}
     Lev 19:33-34 (the stranger)        {'stranger': 2}
  -- pesach: {'circumcise': 32, 'stranger': 13}
  -- pesach_sheni: {'Aaron': 2, 'stranger': 18, 'seventy': 10}
  -- pre_sinai: {"the docket's other works": 3, 'ark': 1, 'Levi(tes)': 2, 'cleave': 5, 'swear/oath': 7, 'circumcise': 129, 'foreskin': 18, 'stranger': 17, 'Tishri 10': 1}
  -- priesthood: {'Levi(tes)': 4, 'Aaron': 9, 'circumcise': 3, 'orphan/widow': 26, 'stranger': 17, 'seventy': 35}
  -- primeval: {'the demand and the attributes': 4, 'ark': 44, 'Levi(tes)': 4, 'inheritance/portion': 5, 'buried': 4, 'forty days': 5, 'swear/oath': 1, 'seventy': 16}
  -- refuge: {'Num 20:22-29 (Aaron at Hor)': 1, 'Num 18:1-2, 20-24 (the dues, no portion)': 1, 'Levi(tes)': 44, 'inheritance/portion': 15, 'Aaron': 3, 'buried': 4, 'the stations / Hor / Eleazar': 12, 'swear/oath': 2, 'lifting the face': 1, 'stranger': 28, 'seventy': 1, 'Tishri 10': 1}
     Num 20:22-29 (Aaron at Hor)        {'lemma_tokens': 1}
     Num 18:1-2, 20-24 (the dues, no portion) {'narrative': 1}
  -- sanctions: {'Num 3 (the Levites taken)': 1, 'inheritance/portion': 5, 'lifting the face': 8, 'orphan/widow': 11, 'stranger': 29, 'seventy': 8, 'Tishri 10': 1}
     Num 3 (the Levites taken)          {'platform': 1}
  -- sanctuary_build: {'Deut 10': 2, 'Exod 25:10-22 (the ark)': 11, 'Exod 37:1-9 (the ark made)': 4, 'Num 4 (to carry)': 3, 'the two arks / the ark hidden': 4, 'ark': 91, 'tablets': 4, 'hew': 6, 'acacia': 11, 'Levi(tes)': 3, 'Aaron': 8, 'the stations / Hor / Eleazar': 1, 'stranger': 3, 'seventy': 13, 'praise': 2, 'Tishri 10': 5}
     Deut 10                            {'MODULE': 1, 'offering': 1}
     Exod 25:10-22 (the ark)            {'mrow': 11}
     Exod 37:1-9 (the ark made)         {'scene': 1, 'mrow': 3}
     Num 4 (to carry)                   {'MODULE': 1, 'altar': 1, 'court': 1}
  -- second_census: {'Exod 25 (ink)': 1, 'the two arks / the ark hidden': 3, "the docket's other works": 16, 'ark': 5, 'Levi(tes)': 33, 'inheritance/portion': 26, 'Aaron': 20, 'the stations / Hor / Eleazar': 17, 'seventy': 11, 'Elul / Av': 1}
  -- seven_nations: {'Deut 10': 2, 'Deut 1:10 / 28:62 (the stars)': 1, 'hew': 2, 'acacia': 2, 'Levi(tes)': 4, 'inheritance/portion': 9, 'Aaron': 2, 'cleave': 3, 'swear/oath': 21, 'the attributes': 4, 'seventy': 2, 'praise': 6}
     Deut 10                            {'out': 2}
  -- shelach: {'ark': 6, 'Levi(tes)': 13, 'inheritance/portion': 5, 'Aaron': 10, 'forty days': 17, 'swear/oath': 2, 'circumcise': 7, 'lifting the face': 8, 'stranger': 27, 'praise': 2, 'Tishri 10': 4, 'Elul / Av': 20}
  -- shemini: {'seventy': 1}
  -- shemini_day: {'Deut 10': 1, 'Num 8:5-26 (the Levites cleansed)': 2, 'Num 6:23-27 (the blessing)': 3, 'Levi(tes)': 3, 'inheritance/portion': 1, 'Aaron': 34, 'circumcise': 1}
     Deut 10                            {'fire': 1}
     Num 8:5-26 (the Levites cleansed)  {'MODULE': 1, 'order': 1}
     Num 6:23-27 (the blessing)         {'fire': 2, 'mrow': 1}
  -- temurah: {'seventy': 2}
  -- tochacha: {"the docket's other works": 2, 'circumcise': 1, 'seventy': 24}
  -- tzav: {'inheritance/portion': 1, 'Aaron': 10, 'lifting the face': 1, 'Tishri 10': 1}
  -- vayikra5: {'swear/oath': 39, 'stranger': 1}
  -- vestments: {'Num 4 (to carry)': 1, 'ark': 15, 'minister': 2, 'inheritance/portion': 1, 'Aaron': 29, 'orphan/widow': 2, 'stranger': 9, 'seventy': 3}
     Num 4 (to carry)                   {'robe': 1}
  -- vows: {'Levi(tes)': 2, 'inheritance/portion': 5, 'Aaron': 3, 'swear/oath': 50, 'lifting the face': 29, 'orphan/widow': 47, 'Tishri 10': 3}
  -- yoma: {'ark': 3, 'seventy': 1}
  -- yovel: {'Levi(tes)': 4, 'Tishri 10': 6}
  -- zelophehad: {'inheritance/portion': 44, 'the stations / Hor / Eleazar': 5, 'cleave': 1, 'orphan/widow': 12, 'Elul / Av': 8}
  THE KIN RUNNERS (a hit on a kin label) + the Deuteronomy runners + the kin named by the box + the clock runners: ['balak', 'bamidbar', 'beha', 'borders', 'calendar', 'chukat', 'clocks', 'covenant_at_horeb', 'erection', 'exodus_story', 'family', 'gad_reuben', 'good_land', 'hear_o_israel', 'holiness', 'holiness_b', 'incense_shekel', 'joseph', 'journeys', 'korach', 'midian', 'mishpatim', 'moadim', 'naso', 'not_righteousness', 'obey_horeb', 'opening_speech', 'ordinances', 'refuge', 'sanctions', 'sanctuary_build', 'seven_nations', 'shemini_day', 'vestments']
  modules imported: ['balak', 'bamidbar', 'beha', 'borders', 'calendar', 'chukat', 'clocks', 'covenant_at_horeb', 'erection', 'exodus_story', 'family', 'gad_reuben', 'good_land', 'hear_o_israel', 'holiness', 'holiness_b', 'incense_shekel', 'joseph', 'journeys', 'korach', 'midian', 'mishpatim', 'moadim', 'naso', 'not_righteousness', 'obey_horeb', 'opening_speech', 'ordinances', 'refuge', 'sanctions', 'sanctuary_build', 'seven_nations', 'shemini_day', 'vestments']

==== (2) THE CALLEES' DEFS, ASKS, DATA KEYS ====
==== balak: 16 defs ['strip', 'verse_text', 'seats_of', 'ink', 'move', 'dat', 'out', 'census', 'the_call', 'the_ass_and_the_angel', 'the_stands', 'peor', 'phinehas_and_midian', 'law_balak', 'scene', 'narrative']
   the_call                     asks ['balaam_name', 'beno_form', 'blessing_formula', 'curse_roots', 'cursing_barred', 'embassies', 'gentile_prophecy_by_night', 'honor_promised', 'house_of_silver', 'last_camp', 'midian_elders_left', 'midian_joined', 'mimmul', 'prophet_then_diviner', 'refuses_spelling', 'restrictors', 'way_one_wishes', 'word_formula']
   the_ass_and_the_angel        asks ['adversary', 'anger_mark', 'balaam_and_the_ass', 'confession', 'edge_of_the_people', 'eyes_uncovered', 'mouth_of_the_ass', 'saddling', 'stands_stations', 'sword_spelling', 'three_strikes', 'times_word', 'yarat']
   the_stands                   asks ['balaam_disciples', 'balaam_share', 'blood_of_the_slain', 'counsel', 'counsel_inverted', 'curses_turned', 'death_of_the_upright', 'dwells_alone', 'eitan', 'forty_two_offerings', 'fourth_part', 'gentile_olah', 'gentile_share', 'isaac_formula', 'judah_blessing', 'kabbo_curse', 'kittim', 'moment_of_anger', 'most_high_knowledge', 'motzi_tense', 'no_anger_those_days', 'no_divination', 'one_letter', 'opened_eye', 'parables', 'promise_ladder', 'reed_and_cedar', 'shefi', 'shema_candidate', 'star_reading', 'tents_aloes', 'tents_doors', 'teruah_of_a_king', 'who_shall_live', 'word_in_mouth_mode']
   peor                         asks ['aaron_and_phinehas', 'anger_third', 'aramean_woman', 'called_the_people', 'cast_before_god', 'dwelt_is_pain', 'for_its_sake', 'halakha_forgotten', 'hang_before_the_sun', 'idolatry_principle', 'judges_count', 'no_weapon_in_the_hall', 'peor_service', 'plague_count', 'shittim_name', 'spec_run', 'wine_decree_date', 'yoked_like_the_lid', 'zealot_rule']
   phinehas_and_midian          asks ['atone_tense', 'atoned_forever', 'balaam_death', 'blemished_service', 'covenant_of_peace', 'covenant_salt_priesthood', 'cozbi_and_zur', 'everlasting_priesthood', 'harass_root', 'high_priest_count', 'lineage_answer', 'midian_not_moab', 'priesthood_by_the_deed', 'rule_installed', 'seed_after_him', 'twenty_four_gifts', 'unfit_seed_service']
   law_balak                    asks []  kinds ['angel_stood_as_adversary', 'ass_case', 'ass_saw_the_angel_thrice', 'balaam_and_balak_parted', 'balaam_answered_house_of_silver', 'balaam_brought_to_bamoth_baal', 'balaam_confessed_and_sent_on', 'balaam_counselled_balak', 'balaam_refused_the_first', 'balaam_saddled_and_went', 'balaams_eyes_uncovered', 'balak_clapped_and_dismissed', 'balak_met_balaam_at_arnon', 'balak_protested_first', 'balak_protested_second', 'balak_sent_again', 'balak_sent_for_balaam', 'call_case', 'covenant_of_peace_given', 'elders_came_with_divinations', 'encamped_in_the_plains_of_moab', 'first_parable_taken_up', 'fourth_parable_taken_up', 'god_came_at_night_go', 'god_came_to_balaam_first', 'god_met_balaam_first', 'hanging_commanded', 'israel_yoked_to_baal_peor', 'judges_commanded_to_slay', 'midian_harassment_commanded', 'midianite_brought_near', 'moab_feared_and_loathed', 'mouth_of_the_ass_opened', 'people_whored_and_bowed_at_shittim', 'peor_case', 'phinehas_case', 'phinehas_pierced_both', 'plague_dead_counted', 'second_parable_taken_up', 'seven_altars_built_first', 'spirit_of_god_upon_balaam', 'stands_case', 'taken_to_peor_third_stand', 'taken_to_pisgah_second_stand', 'the_lord_met_balaam_second', 'third_parable_taken_up']
   DATA keys (36): ['altars_total', 'aramean_woman', 'atone_tense', 'balaam_and_the_ass', 'balaam_blind', 'balaam_death', 'balaam_disciples', 'balaam_share', 'called_the_people', 'cozbi_and_zur', 'curse_roots', 'curses_turned', 'each_his_two', 'fourth_part', 'gentile_olah', 'gentile_prophets', 'gentile_share', 'hanging_by_courts', 'high_priest_count', 'house_of_silver', 'midian_command_run', 'moment_of_anger', 'peor_service', 'phinehas_miracles', 'shema_candidate', 'shittim_name', 'stands', 'star_reading', 'tents_doors', 'teruah_verse_class', 'twenty_four_gifts', 'vav_of_shalom', 'wine_decree_date', 'word_formula', 'word_in_mouth_mode', 'zealot_rule']
   imports: ['cold_run_bamidbar', 'cold_run_chukat', 'cold_run_erection', 'cold_run_exodus_story', 'cold_run_family', 'cold_run_korach', 'cold_run_mamre', 'cold_run_mekoshesh', 'cold_run_offerings', 'cold_run_priesthood', 'cold_run_primeval', 'cold_run_shelach']
   lines with 'ark'             : 20  e.g. ["# marker (the stretch undated in the ink and on the shelf); THE ZEALOTS' RULE INSTALLED BY A DEED — rule_installed on the tent at the covenant's"]
   lines with 'acacia'          : 1  e.g. ['dat(\'the row shittim_name = %s\' % data[\'shittim_name\'][\'value\']); move(\'Bekhorot 5b:5; Sanhedrin 106a:12\', "the place\'s name (R. Eliezer) / nonsense (']
   lines with 'Levi'            : 2  e.g. ["ATONED_FOR = [k for k, ws in _BYV.items() if k[0] == 'Num' and 'ויכפר' in ws]; assert sorted(ATONED_FOR) == [('Num', 8, 21), ('Num', 17, 12), ('Num', "]
   lines with 'cleave'          : 1  e.g. ['ink(\'25:3, 25:5, 19:15\', "\'yoked\' (nitzmad) — its noun 19:15\'s cord-bound lid (tzamid patil)"); move(\'Sanhedrin 64a:11\', "like a tightly bound cover o']
   lines with "'25:1"           : 14  e.g. ['ink(\'25:1-2\', "\'the people began to whore after the daughters of Moab; and they called the people to the sacrifices of their gods, and the people ate ']
   lines with "'23:8"           : 2  e.g. ['ink(\'23:8\', "\'how shall I curse whom El has not cursed\'"); move(\'Avodah Zarah 4b:5; Berakhot 7a:13; Sanhedrin 105b:6-7\', \'God was not angry all those ']
   lines with "'23:9"           : 1  e.g. ['ink(\'23:9\', "\'a people that dwells alone and is not reckoned among the nations\' — the leper\'s two words (Lev 13:46)"); move(\'Sanhedrin 39b:1\', "where ']
   broad counts: {'bless': 50, 'portion': 7, 'Aaron': 20, 'Eleazar': 5, 'forty': 9, 'face': 2, 'serve': 2, "'22:2": 9, 'installed_by': 1}
==== bamidbar: 14 defs ['strip', 'verse_text', 'ink', 'move', 'dat', 'out', 'census', 'levites', 'camp', 'charges', 'kohath', 'law_census', 'scene', 'narrative']
   census                       asks ['by_names', 'date', 'designated', 'levi', 'lineage', 'orders', 'three_seats', 'threshold', 'total']  kinds ['by_names', 'date', 'designated', 'levi', 'lineage', 'orders', 'three_seats', 'threshold', 'total']
   levites                      asks ['age', 'delta', 'excess', 'generations', 'houses', 'human_firstborn', 'means', 'money', 'no_sons', 'one_lamb', 'owner', 'partner', 'rate', 'substitution', 'two_heads', 'wilderness_sanctity']  kinds ['age', 'delta', 'excess', 'generations', 'houses', 'human_firstborn', 'means', 'money', 'no_sons', 'one_lamb', 'owner', 'partner', 'rate', 'substitution', 'two_heads', 'wilderness_sanctity']
   camp                         asks ['al', 'distance', 'march', 'showbread', 'sides', 'tent_on_the_march', 'three_camps']  kinds ['al', 'distance', 'march', 'showbread', 'sides', 'tent_on_the_march', 'three_camps']
   charges                      asks ['ages', 'altars', 'amarkal', 'fitness', 'houses_charges', 'inner_ring', 'stranger', 'thresholds', 'watches', 'wrath']  kinds ['ages', 'altars', 'amarkal', 'fitness', 'houses_charges', 'inner_ring', 'stranger', 'thresholds', 'watches', 'wrath']
   kohath                       asks ['bread', 'cut_not_off', 'death_clauses', 'kasva', 'layers', 'not_to_see', 'order', 'tachash', 'vessel_in_vessel', 'vessels_sanctified']  kinds ['bread', 'cut_not_off', 'death_clauses', 'kasva', 'layers', 'not_to_see', 'order', 'tachash', 'vessel_in_vessel', 'vessels_sanctified']
   law_census                   asks []  kinds ['camp_arrayed', 'camp_commanded', 'census_commanded', 'census_taken', 'firstborn_count_commanded', 'firstborn_counted', 'firstborn_redeemed', 'firstborn_redemption_case', 'kohath_service_commanded', 'levite_count_commanded', 'levite_service_case', 'levites_counted', 'levites_exempted', 'levites_given', 'redemption_commanded', 'stranger_approached']
   DATA keys (10): ['aaron_not_counted', 'altar_height', 'bread_always', 'num9_command_day', 'showbread_on_the_march', 'tachash_identity', 'the_lots', 'threshold_edge', 'wilderness_firstborn_sanctity', 'zar_who_served']
   imports: ['cold_run_incense_shekel', 'cold_run_pesach', 'cold_run_sanctuary_build']
   lines with 'ark'             : 21  e.g. ['# this sitting — census_probes.py 17/17, every marker on the tape re-verified), the twelve summed against the total on']
   lines with 'Levi'            : 58  e.g. ['# three seats in two books, the Levite houses against the total as written (the delta the shelf asks in the same words,']
   lines with 'stranger'        : 20  e.g. ["('והזר',    1, 51, 'and the stranger — the death clause'),"]
   lines with 'seventy'         : 3  e.g. ['ink(\'3:43\', \'the firstborn males from a month old: %d\' % FIRSTBORN); ink(\'3:46\', \'"the redemption of the three and the seventy and the two hundred who']
   lines with 'Menachot 99'     : 3  e.g. ['\'never_without\': "handbreadth for handbreadth — the table is never without loaves (Exod 25:30 \'before Me always\'; Mishnah Menachot 11:7, the first tea']
   lines with 'Shekalim'        : 2  e.g. ["move('Mishnah Shekalim 5:2', 'no fewer than seven amarkalin and three treasurers in the Temple — the office Onkelos reads onto Eleazar')"]
   broad counts: {'portion': 4, 'Aaron': 21, 'Eleazar': 2, 'serve': 23, "'3:": 22, "'4:": 9, "'1:5": 4, 'installed_by': 1}
==== beha: 18 defs ['strip', 'verse_text', 'raw_words', 'ink', 'move', 'dat', 'out', 'prince_of', 'lamps', 'levites_rite', 'trumpets', 'march', 'taberah_and_quail', 'seventy_elders', 'miriam', 'law_beha', 'scene', 'narrative']
   lamps                        asks ['aaron_unchanged', 'count', 'day_spoken', 'evening_to_morning', 'flowers', 'geometry', 'inauguration', 'material', 'pattern', 'sons_equated', 'steps', 'two_by_two', 'western_lamp']  kinds ['aaron_unchanged', 'count', 'day_spoken', 'evening_to_morning', 'flowers', 'geometry', 'inauguration', 'material', 'pattern', 'sons_equated', 'steps', 'two_by_two', 'western_lamp']
   levites_rite                 asks ['a_fortiori_refused', 'after_fifty', 'age', 'ages', 'bull_age', 'bulls', 'bulls_order', 'chiasm', 'chronicles', 'day_spoken', 'firstborn_ground', 'fitness', 'five_times', 'given', 'hands_laid', 'purification', 'razor', 'sin_offering_eaten', 'song', 'waved_bodies', 'wavings']  kinds ['a_fortiori_refused', 'after_fifty', 'age', 'ages', 'bull_age', 'bulls', 'bulls_order', 'chiasm', 'chronicles', 'day_spoken', 'firstborn_ground', 'fitness', 'five_times', 'given', 'hands_laid', 'purification', 'razor', 'sin_offering_eaten', 'song', 'waved_bodies', 'wavings']
   trumpets                     asks ['blast_count_at_journeys', 'blast_unit', 'blemished_priest', 'count', 'daily_service', 'days_of_gladness', 'fast_order', 'fragments', 'hearing', 'kingship_verses', 'material', 'musaf_blasts', 'offices', 'oppression', 'over_offerings', 'scope', 'shofar_identity', 'shofar_kinds', 'sounds', 'temple_blasts', 'teruah_form', 'who_discharges', 'with_shofar']  kinds ['blast_count_at_journeys', 'blast_unit', 'blemished_priest', 'count', 'daily_service', 'days_of_gladness', 'fast_order', 'fragments', 'hearing', 'kingship_verses', 'material', 'musaf_blasts', 'offices', 'oppression', 'over_offerings', 'scope', 'shofar_identity', 'shofar_kinds', 'sounds', 'temple_blasts', 'teruah_form', 'who_discharges', 'with_shofar']
   march                        asks ['ark_bearers', 'cloud_and_trumpets', 'clouds', 'date', 'day_stack', 'eighty_five', 'hobab', 'jethro_at_sinai', 'levites_places', 'order', 'princes_order', 'sanctuary_name', 'shekhinah_minimum', 'signs', 'spy_verb', 'three_days', 'year_turns']  kinds ['ark_bearers', 'cloud_and_trumpets', 'clouds', 'date', 'day_stack', 'eighty_five', 'hobab', 'jethro_at_sinai', 'levites_places', 'order', 'princes_order', 'sanctuary_name', 'shekhinah_minimum', 'signs', 'spy_verb', 'three_days', 'year_turns']
   taberah_and_quail            asks ['day_ladder', 'dew', 'families_weeping', 'fire_at_edge', 'fire_sank', 'fish_for_nothing', 'five_foods', 'graves', 'manna_fell', 'manna_form', 'manna_taste', 'manna_taste_word', 'meat_between_teeth', 'month_of_days', 'nursing_father', 'quail_height', 'quail_slaughter', 'rabble', 'shortened_hand', 'six_hundred_thousand', 'spread_or_slaughtered', 'taberah_name', 'ten_homers', 'the_people', 'three_gifts', 'trials', 'two_timers', 'wilderness_meat']  kinds ['day_ladder', 'dew', 'families_weeping', 'fire_at_edge', 'fire_sank', 'fish_for_nothing', 'five_foods', 'graves', 'manna_fell', 'manna_form', 'manna_taste', 'manna_taste_word', 'meat_between_teeth', 'month_of_days', 'nursing_father', 'quail_height', 'quail_slaughter', 'rabble', 'shortened_hand', 'six_hundred_thousand', 'spread_or_slaughtered', 'taberah_name', 'ten_homers', 'the_people', 'three_gifts', 'trials', 'two_timers', 'wilderness_meat']
   seventy_elders               asks ['continued', 'count_when', 'descents', 'eldad_medad_prophecy', 'elder_means', 'joshua_childless', 'lots', 'restrain_them', 'sanhedrin', 'spirit', 'with_you', 'would_that']  kinds ['continued', 'count_when', 'descents', 'eldad_medad_prophecy', 'elder_means', 'joshua_childless', 'lots', 'restrain_them', 'sanhedrin', 'spirit', 'with_you', 'would_that']
   miriam                       asks ['aaron_struck', 'admonition_days', 'article_blocks_identity', 'as_one_dead', 'as_snow', 'cushite', 'dayo', 'days', 'dibbur', 'dreams', 'foolish', 'grade', 'halt', 'humble', 'kin_rule', 'leper_shaves_on_festival', 'likeness', 'measure_for_measure', 'quarantine', 'remember_miriam', 'separation', 'short_prayer', 'suddenly', 'summons', 'who_declared', 'who_first']  kinds ['aaron_struck', 'admonition_days', 'article_blocks_identity', 'as_one_dead', 'as_snow', 'cushite', 'dayo', 'days', 'dibbur', 'dreams', 'foolish', 'grade', 'halt', 'humble', 'kin_rule', 'leper_shaves_on_festival', 'likeness', 'measure_for_measure', 'quarantine', 'remember_miriam', 'separation', 'short_prayer', 'suddenly', 'summons', 'who_declared', 'who_first']
   law_beha                     asks ['quarantine']  kinds ['ark_journeyed', 'cloud_lifted', 'elders_case', 'elders_commanded', 'elders_prophesied', 'fire_of_the_lord_burned', 'hobab_asked', 'lamps_case', 'lamps_commanded', 'lamps_raised', 'levite_age_rule', 'levite_rite_case', 'levites_purification_commanded', 'levites_purified_and_given', 'lust_and_weeping', 'march_case', 'march_in_order', 'miriam_case', 'miriam_spoke', 'miriam_stricken_and_shut_out', 'paran_reached', 'quail_and_plague', 'quail_case', 'trumpet_case', 'trumpets_commanded']
   DATA keys (34): ['aaron_struck', 'blast_count_at_journeys', 'blast_unit', 'blasts_per_musaf', 'bull_age', 'continued', 'dayo', 'descents', 'eldad_medad_prophecy', 'fire_at_the_edge', 'fish_for_nothing', 'five_foods', 'jethro_at_sinai', 'lamps_geometry', 'lampstand_material', 'levite_age', 'lots_mechanism', 'manna_taste_word', 'month_of_days', 'oppression_scope', 'pestilence_threshold', 'restrain_them', 'sanhedrin_size', 'seven_clouds', 'shekhinah_minimum', 'short_prayer_bounds', 'spies_sent_day', 'spread_or_slaughtered', 'temple_blasts', 'teruah_form', 'trumpet_material', 'trumpet_scope', 'who_declared_miriam', 'wilderness_meat']
   imports: ['cold_run_bamidbar', 'cold_run_chukat', 'cold_run_moadim', 'cold_run_negaim', 'cold_run_pesach', 'cold_run_sanctuary_build']
   lines with 'ark'             : 26  e.g. ["# moadim engine, the leper's week from the negaim engine; THE DAY-STACK of Taanit 29a as three reading-placed markers with the ink's"]
   lines with 'hew'             : 1  e.g. ['ink(\'11:33 against 11:19-20\', \'"between their teeth, before it was chewed" / "a whole month"\'); move(\'Yoma 75b:2; Sifrei Bamidbar 94:1\', \'the average ']
   lines with 'Levi'            : 40  e.g. ["move('Gittin 60b:1 (R. Levi)', 'the section of the lamps among the eight said on the erection day, the first of Nisan')"]
   lines with 'minister'        : 1  e.g. ['ink(\'8:25-26\', \'"he shall return from the host of the service... shall minister with his brothers to keep the charge, and shall do no service"\')']
   lines with 'seventy'         : 37  e.g. ["('שבעים',    11, 16, 'seventy'),"]
   lines with 'Seder Olam'      : 5  e.g. ['\'spies_sent_day\': {\'value\': 29, \'settings\': {\'29\': "Taanit 29a:5 — the baraita: on the twenty-ninth of Sivan Moses sent the spies (the exam\'s shelf — ']
   lines with 'Rosh Hashanah 3a': 5  e.g. ["move('Rosh Hashanah 3a:5; Taanit 29a:2', 'Nisan and Iyar in one year — the year does not turn in Iyar; the day-stack opens')"]
   broad counts: {'bless': 6, 'portion': 6, 'Aaron': 29, 'buried': 6, 'forty': 7, 'face': 14, 'praise': 1, 'serve': 19, "'4:": 1, "'8:": 18, 'installed_by': 1}
==== borders: 25 defs ['strip', 'verse_text', 'words', 'ink', 'move', 'dat', 'hyp', 'out', 'seats', 'rx', 'tok', 'lemma_seats', '_stem_border', '_side', '_tribe_of', '_order', '_restrict', 'the_land_and_its_fall', 'the_four_sides', 'moses_restatement', 'the_dividers', 'the_roster', 'law_borders', 'scene', 'narrative']
   the_land_and_its_fall        asks ['as_an_inheritance', 'by_its_borders', 'shall_fall', 'the_command', 'the_frame', 'the_land_bound_rule', 'the_land_canaan', 'this_is_the_land', 'when_you_come']  kinds ['as_an_inheritance', 'by_its_borders', 'shall_fall', 'the_command', 'the_frame', 'the_land_bound_rule', 'the_land_canaan', 'this_is_the_land', 'when_you_come']
   the_four_sides               asks ['chinnereth', 'ezekiels_order', 'judahs_border', 'the_blotting_verb', 'the_east', 'the_goings_out', 'the_great_sea', 'the_jordan_as_border', 'the_loop', 'the_marking_verb', 'the_north', 'the_points', 'the_promised_extents', 'the_sea_as_border', 'the_sea_as_west', 'the_second_mount_hor', 'the_side_word', 'the_south', 'the_spies_walked_it', 'the_three_lands', 'the_west', 'the_written_singular']  kinds ['chinnereth', 'ezekiels_order', 'judahs_border', 'the_blotting_verb', 'the_east', 'the_goings_out', 'the_great_sea', 'the_jordan_as_border', 'the_loop', 'the_marking_verb', 'the_north', 'the_points', 'the_promised_extents', 'the_sea_as_border', 'the_sea_as_west', 'the_second_mount_hor', 'the_side_word', 'the_south', 'the_spies_walked_it', 'the_three_lands', 'the_west', 'the_written_singular']
   moses_restatement            asks ['joshuas_receipt', 'one_tribe_noun', 'the_count', 'the_grant_read', 'the_lot_by_call', 'the_nine_and_a_half', 'the_pair', 'the_relay']  kinds ['joshuas_receipt', 'one_tribe_noun', 'the_count', 'the_grant_read', 'the_lot_by_call', 'the_nine_and_a_half', 'the_pair', 'the_relay']
   the_dividers                 asks ['only_excludes', 'the_court_that_owes', 'the_debit', 'the_distributive', 'the_names_form', 'the_princes_as_agents', 'the_seventy_one', 'the_three_stems', 'the_triad']  kinds ['only_excludes', 'the_court_that_owes', 'the_debit', 'the_distributive', 'the_names_form', 'the_princes_as_agents', 'the_seventy_one', 'the_three_stems', 'the_triad']
   the_roster                   asks ['calebs_five_words', 'no_prince_of_chapter_one', 'only_here', 'the_closer', 'the_order', 'the_roster', 'the_rows', 'the_survivors']  kinds ['calebs_five_words', 'no_prince_of_chapter_one', 'only_here', 'the_closer', 'the_order', 'the_roster', 'the_rows', 'the_survivors']
   law_borders                  asks []  kinds ['borders_case', 'borders_commanded', 'dividers_case', 'dividers_named', 'moses_commanded_the_nine_and_a_half']
   DATA keys (15): ['ezekiels_order', 'the_distributive_doubling', 'the_four_sides', 'the_jordan_as_border', 'the_land_bound_rule', 'the_nine_and_a_half', 'the_princes_as_agents', 'the_promised_extents', 'the_relay_form', 'the_roster', 'the_roster_order', 'the_sea_as_border', 'the_seventy_one', 'the_three_lands', 'the_two_mount_hors']
   imports: ['cold_run_bamidbar', 'cold_run_chukat', 'cold_run_gad_reuben', 'cold_run_journeys', 'cold_run_korach', 'cold_run_naso', 'cold_run_second_census', 'cold_run_shelach', 'cold_run_zelophehad']
   lines with 'ark'             : 12  e.g. ['(\'תתאו\',      34, 7,  \'you shall mark out — three Bible seats all here; Proverbs\\\' "desire" the homograph\'),']
   lines with 'Levi'            : 5  e.g. ["assert SIDE_T == ['Lev 19:9', 'Lev 19:27', 'Lev 23:22', 'Num 34:3', 'Num 35:5'] and {'Exod 27:9', 'Exod 27:13'} <= set(SIDE_L_T) and SUNRISE == ['Exod"]
   lines with 'minister'        : 3  e.g. ['move(\'cold_run_second_census (CALL) — C2.the_land(only_excludes) = %s\' % C2_ONLY[0], "\'only by lot\' excludes Joshua and Caleb — not by the lot they ad']
   lines with 'Mount Hor'       : 15  e.g. ['# Ezekiel 47 the kin), the second Mount Hor the chukat runner\'s row; nothing on the people ("shall fall TO YOU" is the lot\'s debit of 26:52-56,']
   lines with 'orphan'          : 4  e.g. ['\'the_princes_as_agents\': {\'value\': \'the_steward_for_orphans\', \'settings\': {\'the_steward_for_orphans\': "Rava bar Rav Huna, Rav Giddel, Rav (Kiddushin 4']
   lines with 'seventy'         : 8  e.g. ['\'the_seventy_one\': {\'value\': \'refused_the_lots_the_urim_all_israel\', \'settings\': {\'refused_the_lots_the_urim_all_israel\': "Sanhedrin 16a:3: the first ']
   broad counts: {'bless': 4, 'inheritance': 30, 'portion': 9, 'Aaron': 6, 'Eleazar': 20, 'forty': 3, 'serve': 5, "'34:": 53, 'installed_by': 4, 'given_at': 1}
==== calendar: 15 defs ['strip', 'verse_text', 'ink', 'move', 'dat', 'out', 'sabbatical', 'matzah', 'weekly_rest', 'pilgrimage', 'offering_windows', 'first_fruits', 'kid_in_milk', 'law_calendar', 'scene']
   sabbatical                   asks ['home_engine', 'timer', 'work_scope']
   matzah                       asks ['as_commanded']
   weekly_rest                  asks ['recurrence', 'who_rests']
   offering_windows             asks ['fat_overnight', 'leaven_beside_offering']
   kid_in_milk                  asks ['benefit', 'cook', 'eat']
   law_calendar                 asks []  kinds ['appeared_at_the_feast', 'feast_of_matzot_kept', 'first_fruits_brought', 'kid_boiled_in_milk', 'land_sown', 'offering_slaughtered_over_leaven', 'seventh_day_rest']
   DATA keys (0): []
   imports: ['cold_run_pesach', 'cold_run_yovel']
   lines with 'circumcis'       : 1  e.g. ["'is the RESIDENT stranger — the uncircumcised sojourner '"]
   lines with 'stranger'        : 9  e.g. ["'beasts and the resident stranger')"]
   broad counts: {'portion': 1}
==== chukat: 19 defs ['strip', 'verse_text', 'seats_of', 'ink', 'move', 'dat', 'out', 'kit_order', 'sources', 'heifer_rite', 'corpse_tumah', 'delta', 'meribah', 'edom_and_hor', 'arad_and_the_serpent', 'well_and_kings', 'law_chukat', 'scene', 'narrative']
   heifer_rite                  asks ['age', 'ashes_thirds', 'attention', 'blemish', 'burn_list', 'day_and_priest', 'defiles_garments', 'finger_wipe', 'first_heifer_open', 'for_its_name', 'frames', 'from_gentile', 'gatherer', 'hairs', 'kit', 'kit_order', 'madaf', 'meilah', 'nine_heifers', 'outside_the_camp', 'pregnant', 'priest_in_garments', 'procession', 'sequestering', 'slaughter_alone', 'slaughter_not_neck', 'slaughter_whole', 'sprinkling', 'statute_indispensable', 'statute_seats', 'taken_out_alone', 'tvul_yom', 'who_burns', 'who_slaughters', 'who_sprinkles_blood', 'wood', 'work_invalidates', 'yoke']  kinds ['age', 'ashes_thirds', 'attention', 'blemish', 'burn_list', 'day_and_priest', 'defiles_garments', 'finger_wipe', 'first_heifer_open', 'for_its_name', 'frames', 'from_gentile', 'gatherer', 'hairs', 'kit', 'kit_order', 'madaf', 'meilah', 'nine_heifers', 'outside_the_camp', 'pregnant', 'priest_in_garments', 'procession', 'sequestering', 'slaughter_alone', 'slaughter_not_neck', 'slaughter_whole', 'sprinkling', 'statute_indispensable', 'statute_seats', 'taken_out_alone', 'tvul_yom', 'who_burns', 'who_slaughters', 'who_sprinkles_blood', 'wood', 'work_invalidates', 'yoke']
   corpse_tumah                 asks ['all_trusted', 'bet_peras', 'birth_and_fetus', 'bone_measure', 'camps', 'connection', 'death_moment', 'dry_flesh', 'fetus_in_womb', 'field_sources', 'gentile_dwellings', 'gentile_no_tumah', 'grave_stones', 'high_priest_exempt', 'hyssop_dip', 'hyssop_species', 'impure_inside', 'invalid_water', 'karet_entry', 'limb', 'living_water', 'madaf', 'metal_vessels_decree', 'mikveh_grades', 'minor', 'mixing_order', 'open_vessel', 'overshadowing_table', 'ox_goad', 'purification', 'quarter_log_blood', 'removes', 'schedule', 'seven_days', 'sprinkle_on_part', 'sprinkler_carrier', 'sprinkler_who', 'sprinkling_day', 'sprinkling_on_pure', 'sprinkling_water', 'sword_like_slain', 'tent', 'tent_gentile', 'tent_limbs', 'tent_material', 'tent_measure', 'tevul_yom_hatat', 'torah_endures', 'toucher_of_toucher', 'vessel_for_water', 'water_defiles', 'water_measure', 'water_transport', 'who_sanctifies', 'window_measures']  kinds ['all_trusted', 'bet_peras', 'birth_and_fetus', 'bone_measure', 'camps', 'connection', 'death_moment', 'dry_flesh', 'fetus_in_womb', 'field_sources', 'gentile_dwellings', 'gentile_no_tumah', 'grave_stones', 'high_priest_exempt', 'hyssop_dip', 'hyssop_species', 'impure_inside', 'invalid_water', 'karet_entry', 'limb', 'living_water', 'madaf', 'metal_vessels_decree', 'mikveh_grades', 'minor', 'mixing_order', 'open_vessel', 'overshadowing_table', 'ox_goad', 'purification', 'quarter_log_blood', 'removes', 'schedule', 'seven_days', 'sprinkle_on_part', 'sprinkler_carrier', 'sprinkler_who', 'sprinkling_day', 'sprinkling_on_pure', 'sprinkling_water', 'sword_like_slain', 'tent', 'tent_gentile', 'tent_limbs', 'tent_material', 'tent_measure', 'tevul_yom_hatat', 'torah_endures', 'toucher_of_toucher', 'vessel_for_water', 'water_defiles', 'water_measure', 'water_transport', 'who_sanctifies', 'window_measures']
   meribah                      asks ['astrologers', 'burial_near_death', 'cattle_water', 'death_by_the_kiss', 'died_for_sin', 'disgrace_written', 'first_meribah_clauses', 'meribah_seats', 'miriam_day', 'quarrel_with_teacher', 'rebels_skin', 'sentence', 'sin', 'struck_twice', 'there_there', 'well_by_merit']  kinds ['astrologers', 'burial_near_death', 'cattle_water', 'death_by_the_kiss', 'died_for_sin', 'disgrace_written', 'first_meribah_clauses', 'meribah_seats', 'miriam_day', 'quarrel_with_teacher', 'rebels_skin', 'sentence', 'sin', 'struck_twice', 'there_there', 'well_by_merit']
   edom_and_hor                 asks ['aaron_age', 'arad_heard', 'death_dates', 'edom_passage', 'firstfruits_clauses', 'messengers_word', 'moserah', 'seder_olam_walk', 'succession', 'thirty_days', 'two_messages', 'two_mount_hors']  kinds ['aaron_age', 'arad_heard', 'death_dates', 'edom_passage', 'firstfruits_clauses', 'messengers_word', 'moserah', 'seder_olam_walk', 'succession', 'thirty_days', 'two_messages', 'two_mount_hors']
   arad_and_the_serpent         asks ['bite_and_burn', 'captive_acquired', 'cherem_law', 'hormah', 'light_bread', 'nehushtan', 'pole_word', 'serpent_heals', 'serpent_property', 'singular_serpent', 'spoke_against', 'turn_back', 'vow_form']  kinds ['bite_and_burn', 'captive_acquired', 'cherem_law', 'hormah', 'light_bread', 'nehushtan', 'pole_word', 'serpent_heals', 'serpent_property', 'singular_serpent', 'spoke_against', 'turn_back', 'vow_form']
   well_and_kings               asks ['ammon_border', 'arnon_miracle', 'book_of_wars', 'deut3_delta', 'from_his_hand', 'jeremiah_quote', 'joshua_refrain', 'land_east', 'lawgiver', 'mattanah_reading', 'og_lore', 'parable_tellers', 'sihon_purified', 'sihon_refused', 'spy_verb', 'then_sang', 'well_mouth', 'zered_date']  kinds ['ammon_border', 'arnon_miracle', 'book_of_wars', 'deut3_delta', 'from_his_hand', 'jeremiah_quote', 'joshua_refrain', 'land_east', 'lawgiver', 'mattanah_reading', 'og_lore', 'parable_tellers', 'sihon_purified', 'sihon_refused', 'spy_verb', 'then_sang', 'well_mouth', 'zered_date']
   law_chukat                   asks []  kinds ['aaron_brought_up_mount_hor', 'aaron_mourned_thirty_days', 'aarons_gathering_decreed', 'arad_fought_and_took_captives', 'arad_serpent_case', 'book_of_the_wars_cited', 'canaanites_devoted_hormah_named', 'congregation_strove_for_water', 'copper_serpent_made', 'corpse_tumah_case', 'edom_came_out_against', 'edom_hor_case', 'edom_refused', 'fiery_serpents_sent', 'garments_transferred_and_aaron_died', 'heifer_case', 'heifer_statute_given', 'heshbon_and_the_parable', 'israel_dwelt_and_jazer_taken', 'israel_pleaded_the_highway', 'israel_vowed_the_cherem', 'journeyed_by_the_red_sea_way', 'journeyed_oboth_to_arnon', 'journeyed_to_mount_hor', 'journeyed_to_pisgah', 'meribah_case', 'messengers_sent_to_edom', 'messengers_sent_to_sihon', 'miriam_died_at_kadesh', 'moses_and_aaron_fell_and_the_glory', 'og_came_out_and_fear_not', 'og_smitten', 'people_confessed_and_moses_prayed', 'people_spoke_against_god_and_moses', 'pole_commanded', 'rock_commanded', 'rock_struck_twice', 'sentence_at_meribah', 'sihon_came_out_and_fought', 'sihon_smitten_land_possessed', 'staff_taken_from_before_the_lord', 'well_given_at_beer', 'well_kings_case']
   DATA keys (60): ['a_clean_man', 'aaron_mourned_by_all', 'ammon_border', 'arad_heard', 'arnon_miracle', 'ashes_thirds', 'bone_measure', 'bundle', 'captive_count', 'cherem_law', 'death_by_the_kiss', 'deaths_ceased', 'edom_passage', 'field_phrase', 'gentile_no_tumah', 'heifer_age', 'heifer_blemish', 'heifer_from_gentile', 'heifer_hairs', 'heifer_pregnant', 'heifer_yoke', 'high_priest_exempt', 'living_water', 'madaf', 'manna_absorbed', 'meilah_on_the_heifer', 'meribah_sin', 'minor_and_karet', 'miriam_death_day', 'mixing_order', 'moserah', 'nehushtan', 'nine_heifers', 'og_lore', 'parable_tellers', 'punishment_split', 'removes', 'serpent_kills_or_heals', 'sihon_purified', 'sprinkle_toward', 'sprinkler_measure', 'sprinkler_or_carrier', 'sprinkler_who', 'sprinkling_day', 'spy_verb', 'succession_by', 'sword_like_slain', 'tent_gentile', 'tent_material', 'tent_measure', 'third_day_fixed', 'tvul_yom_fit', 'tzamid_patil', 'vessel_census', 'well_by_merit', 'well_song_reading', 'who_burns', 'who_sanctifies', 'who_slaughters', 'work_invalidates']
   imports: ['cold_run_chatat', 'cold_run_clocks', 'cold_run_metzora', 'cold_run_priesthood', 'cold_run_sanctions', 'cold_run_temurah', 'cold_run_vayikra5', 'cold_run_vestments', 'cold_run_yoma']
   lines with 'Deut 10'         : 3  e.g. ['\'moserah\': {\'value\': \'the_retreat_of_seven_stations\', \'settings\': {\'the_retreat_of_seven_stations\': "Deut 10:6 \'there Aaron died\' at Moserah — after t']
   lines with 'ark'             : 13  e.g. ['# tape with four markers in the fortieth year and two timers firing on one walk. Six motions of the deliverable rule, the wrap the sixth;']
   lines with 'Levi'            : 2  e.g. ['\'well_song_reading\': {\'value\': \'the_torah_as_a_gift\', \'settings\': {\'the_torah_as_a_gift\': "Rava: who makes himself a wilderness receives the Torah as ']
   lines with 'Moserah'         : 7  e.g. ['\'moserah\': {\'value\': \'the_retreat_of_seven_stations\', \'settings\': {\'the_retreat_of_seven_stations\': "Deut 10:6 \'there Aaron died\' at Moserah — after t']
   lines with 'Mount Hor'       : 25  e.g. ['# strike, the sentence, Edom, Mount Hor, the succession, the mourning, Arad, the vow, the serpents, the well and the two kings on the']
   lines with 'stranger'        : 3  e.g. ['\'who_slaughters\': {\'value\': \'a_stranger_valid_Shmuel\', \'settings\': {\'a_stranger_valid_Shmuel\': "\'he shall slaughter it BEFORE HIM\' — a non-priest slau']
   lines with "'33:3"           : 2  e.g. ['ink(\'33:38-39\', \'"in the fortieth year, in the fifth month, on the first of the month" — read whole by the parser: %s; his age %s\' % (AARON_DATE, AARO']
   lines with 'Bava Batra 14'   : 3  e.g. ['\'arnon_miracle\': {\'value\': \'the_mountains_met\', \'settings\': {\'the_mountains_met\': "\'Vaheb in Suphah and the brooks of Arnon\' — the Emorites in the cav']
   lines with 'Seder Olam'      : 23  e.g. ['\'miriam_death_day\': {\'value\': \'tenth_of_nisan\', \'settings\': {\'tenth_of_nisan\': "Miriam died on the tenth of Nisan (Seder Olam Rabbah 10:2 — R. Yosei b']
   lines with 'Rosh Hashanah 3a': 4  e.g. ['\'arad_heard\': {\'value\': \'that_aaron_died_and_the_clouds_departed\', \'settings\': {\'that_aaron_died_and_the_clouds_departed\': "\'the Canaanite king of Ara']
   lines with 'Shekalim'        : 1  e.g. ['\'meilah_on_the_heifer\': {\'value\': \'applies_by_torah_law\', \'settings\': {\'applies_by_torah_law\': "\'it is a sin offering\' — treated as a sin offering, me']
   broad counts: {'inheritance': 2, 'portion': 7, 'Aaron': 59, 'buried': 11, 'Eleazar': 29, 'forty': 5, 'face': 2, "'20:2": 5, "'19:3": 8, 'installed_by': 1, 'given_at': 2}
==== clocks: 16 defs ['strip', 'toks', 'count', 'phrase', 'cell', 'yoledet', 'zav', 'touch', 'degrees', 'niddah', 'zavah', 'pairs', 'law_clocks', 'scene', 'load', 'mrow']
   yoledet                      asks ['birth_threshold', 'caesarean', 'child_pure', 'eve_81', 'five_doubtful', 'formation_threshold', 'forms', 'hard_labor_blood', 'hard_labor_duration', 'hard_labor_in_eighty', 'heirs', 'holy_touch', 'immersion_after_seven', 'impure_days', 'kind_matching', 'offering', 'offering_timing', 'order', 'per_child', 'purity_blood_holies', 'purity_blood_status', 'purity_days', 'sac_unformed', 'source', 'tithe', 'total', 'tumtum', 'twins', 'union_of_clocks', 'withholder']
   zav                          asks ['after_threshold', 'count_consecutive', 'count_start', 'dead_women', 'dead_zav', 'examination_ways', 'immersed_before', 'interposition', 'interval_unit', 'liquids', 'long_sighting', 'member_only', 'pair', 'pair_binding', 'self_count', 'semen_in_count', 'semen_then_flux', 'sightings_not_days', 'substance', 'third_sighting_exam', 'tier', 'tumtum', 'twilight', 'vessels_water', 'water', 'wet_dry', 'who']
   degrees                      asks ['after_separation', 'broken_bed', 'carried_majority', 'carried_on_zav', 'designated_bed', 'during_contact', 'father_of_impurity', 'firm_supports', 'five_ways', 'general', 'knock_loaf', 'madaf_above', 'majority_grid', 'midras_subset', 'pressure_column', 'scale_pan', 'seven_ways', 'shaking', 'support_majority', 'terumah_fence', 'zav_carried_on', 'zav_vs_corpse']
   niddah                       asks ['blood_not_stain', 'count_anchor', 'day_old_girl', 'days', 'five_bloods', 'hard_labor', 'inside_as_outside', 'no_early_immersion', 'partner_after_time', 'partner_age', 'partner_bed', 'partner_count', 'partner_days', 'partner_leper', 'partner_offering', 'she_defiles_him_not_reverse', 'ten_day_girl', 'zav_vs_niddah_wet_dry']
   zavah                        asks ['adornment', 'count', 'day_eleven', 'days_many', 'five_persons', 'her_pair_binding', 'hundred', 'immersed_after_act', 'pair', 'presence', 'tiers', 'twenty_five', 'watcher', 'water', 'window']
   pairs                        asks ['chain', 'chain_from_dead', 'chovah_in_chovah', 'died', 'flew_among_offered', 'flew_to_air', 'joint_purchase', 'middle_to_sides', 'no_turtledoves_against_pigeons', 'obligation', 'one_name_two_names', 'places', 'spec_chatat_in_spec_olah', 'spec_in_chovah', 'stumah_meforeshet', 'two_women_two_pairs', 'unconsulted_equal', 'unconsulted_mixed_four', 'unconsulted_specified', 'unconsulted_unequal', 'vow_vs_freewill', 'vowed_pair', 'vowed_pair_two_two']
   law_clocks                   asks []  kinds ['bird_pair_brought', 'discharge_ceased', 'discharge_source_touched', 'lay_with_menstruant', 'man_had_discharge', 'purification_offering_brought', 'seed_emitted', 'woman_gave_birth', 'woman_had_flux', 'woman_menstruated']
   imports: ['cold_run_chatat', 'cold_run_minchah', 'cold_run_offerings', 'cold_run_vayikra5']
   lines with 'ark'             : 1  e.g. ["'— the count begins at the stop (' + SZ + 'Chapter 5 1: a concurrent mark does not hold it)',"]
   lines with 'Levi'            : 1  e.g. ['# THE CODE — from the ink of Leviticus 12 and 15 alone. Mishnah/Talmud']
   broad counts: {'forty': 4, 'serve': 3, "'3:": 1, "'4:": 1}
==== covenant_at_horeb: 28 defs ['plain', 'pointed', 'words', 'morphs', 'wm', 'hits', 'phrase', 'lemma_of', 'letters', 'verse_text', 'ink', 'move', 'dat', 'hyp', 'out', 'rb', 'lr', 'the_assembly_called', 'the_second_word', '_row', 'the_first_tablet', 'the_second_tablet', 'the_tenth_word', 'the_voice_and_the_request', 'the_answer_and_the_charge', 'law_covenant_at_horeb', 'scene', 'narrative']
   the_assembly_called          asks ['face_in_face', 'hear_learn_keep_do', 'i_stood_between', 'not_with_our_fathers', 'the_covenant_at_horeb']  kinds ['face_in_face', 'hear_learn_keep_do', 'i_stood_between', 'not_with_our_fathers', 'the_covenant_at_horeb']
   the_second_word              asks ['bow_and_serve', 'in_its_way', 'no_image', 'no_other_gods', 'the_embracer', 'the_ketiv', 'the_visiting', 'the_write']  kinds ['bow_and_serve', 'in_its_way', 'no_image', 'no_other_gods', 'the_embracer', 'the_ketiv', 'the_visiting', 'the_write']
   the_first_tablet             asks ['keep_and_remember', 'the_first_word', 'the_fourth_word', 'the_ox_and_the_ass', 'the_receipt_5_12', 'the_second_word_row', 'the_servants_rest', 'the_third_word', 'the_two_grounds']  kinds ['keep_and_remember', 'the_first_word', 'the_fourth_word', 'the_ox_and_the_ass', 'the_receipt_5_12', 'the_second_word_row', 'the_servants_rest', 'the_third_word', 'the_two_grounds']
   the_second_tablet            asks ['the_counts', 'the_eighth_word', 'the_fifth_word', 'the_ninth_word', 'the_receipt_5_16', 'the_reward_clause', 'the_seventh_word', 'the_sixth_word', 'the_tenth_word_row']  kinds ['the_counts', 'the_eighth_word', 'the_fifth_word', 'the_ninth_word', 'the_receipt_5_16', 'the_reward_clause', 'the_seventh_word', 'the_sixth_word', 'the_tenth_word_row']
   the_tenth_word               asks ['covet_and_desire', 'the_coveter_who_pays', 'the_wife_first', 'the_write']  kinds ['covet_and_desire', 'the_coveter_who_pays', 'the_wife_first', 'the_write']
   the_voice_and_the_request    asks ['added_no_more', 'hear_and_do', 'the_request', 'the_tablets_given_to_me', 'the_write', 'you_came_near']  kinds ['added_no_more', 'hear_and_do', 'the_request', 'the_tablets_given_to_me', 'the_write', 'you_came_near']
   the_answer_and_the_charge    asks ['done_well', 'return_to_your_tents', 'stand_here_with_me', 'the_charge', 'the_lord_heard', 'the_readback_table', 'the_register_seats', 'who_would_give']  kinds ['done_well', 'return_to_your_tents', 'stand_here_with_me', 'the_charge', 'the_lord_heard', 'the_readback_table', 'the_register_seats', 'who_would_give']
   law_covenant_at_horeb        asks []  kinds ['horeb_covenant_case', 'mediator_requested', 'stand_here_commanded', 'ten_words_declared']
   DATA keys (20): ['keep_and_remember', 'the_charge_to_teach', 'the_export_division', 'the_face_in_face', 'the_fathers_and_us', 'the_hear_and_do', 'the_honor_by_call', 'the_mediator', 'the_ninth_word', 'the_no_image_list', 'the_readback', 'the_receipts', 'the_return_to_tents', 'the_reward_clause', 'the_sabbath_grounds', 'the_second_hole', 'the_second_word', 'the_tenth_word', 'the_two_copies', 'the_visiting']
   imports: ['cold_run_decalogue', 'cold_run_erection', 'cold_run_exodus_story', 'cold_run_holiness', 'cold_run_mishpatim_3', 'cold_run_obey_horeb', 'cold_run_opening_speech', 'cold_run_ordinances', 'cold_run_pre_sinai', 'cold_run_refuge', 'cold_run_sanctions']
   lines with 'Deut 10'         : 2  e.g. ["assert P('פנים', 'בפנים') == ['Deut 5:4'] and P('פנים', 'אל', 'פנים') == S_('Deut 34:10', 'Exod 33:11', 'Ezek 20:35', 'Gen 32:31', 'Judg 6:22') and P("]
   lines with 'ark'             : 25  e.g. ["# two SUPPLIED lines written ONCE at their own time by ONE retrograde marker at Deut 5:23 (the giving's day), a forward marker at 5:32 ending the"]
   lines with 'tablet'          : 54  e.g. ["import cold_run_obey_horeb as OH              # THE EDGE: covenant_at_horeb -> obey_horeb CALL, reference (5:22's ten words and tablets FOUND — 2b's s"]
   lines with 'Levi'            : 10  e.g. ["import cold_run_holiness as HO                # THE EDGE: covenant_at_horeb -> holiness CALL, reference (the fifth word's cell at Leviticus 19:3 — the"]
   lines with 'circumcis'       : 6  e.g. ['lr(14, \'EXPANDED\', \'decalogue.sabbath_clauses\', "but the seventh day is a sabbath to the LORD your God: you shall not do any work — you, your son, you']
   lines with 'stranger'        : 2  e.g. ['lr(14, \'EXPANDED\', \'decalogue.sabbath_clauses\', "but the seventh day is a sabbath to the LORD your God: you shall not do any work — you, your son, you']
   lines with 'Berakhot 20b'    : 6  e.g. ['lr(12, \'EXPANDED\', \'decalogue.sabbath_clauses\', "KEEP the sabbath day to sanctify it, AS THE LORD YOUR GOD COMMANDED YOU", "\'keep\' for \'remember\' (the']
   broad counts: {'bless': 1, 'forty': 4, 'swear': 2, 'face': 8, 'praise': 1, 'serve': 15, 'installed_by': 2, 'given_at': 2}
==== erection: 43 defs ['strip', 'toks', 'raw', 'phrase', 'seats', 'has', 'anytok', 'tanakh', 'tanakh_any', 'tanakh_phrase', 'torah', 'torah_phrase', 'fmt', 'fmt2', 'nations', 'first_in', 'norm', 'bag', 'jac', 'align', 'delta', 'shares', 'cell', 'covenant', 'repeats', 'tablets', 'blood_covenant', 'ascent', 'calf', 'presence', 'craftsmen', 'donation', 'command', 'execution', 'initiations', 'cloud', 'law_erection', 'scene', 'scene_counts_w6', 'scene_counts_w7', 'build', 'load', 'mrow']
   covenant                     asks ['asherav_homograph', 'bow_warning', 'child_follows_mother', 'court_error_bow', 'covenant_thirteen', 'cut_four', 'daughters_two_seats', 'demolition_first_seat', 'demolition_grows', 'eat_sacrifice', 'el_acher', 'inserted_neighbor', 'inserted_verses', 'intermarriage_channels', 'invitation_is_eating', 'molten_two_seats', 'nations_seven_orders', 'no_bow_by_call', 'no_covenant_by_call', 'pillars_exod', 'sheet_az_2_3', 'sheet_az_3_5', 'sheet_az_4_2', 'sheet_az_4_4', 'whoring_three', 'wonders']
   repeats                      asks ['appear_delta', 'appearance_amounts', 'arafto', 'as_commanded_without_kaf', 'chagigah_older', 'chagigah_overnight', 'donkey_by_call', 'empty_exported', 'empty_two_seats', 'empty_where_it_stands', 'equinox', 'feasts_delta', 'first_fruits_by_call', 'firstborn_delta', 'headline', 'jaccard', 'kelal_prat', 'kid_by_call', 'kid_identical', 'leaven_by_call', 'leaven_delta', 'loaves_by_call', 'matzah_by_call', 'matzah_delta', 'order_of_clauses', 'peter_forms', 'peter_twice', 'pilgrimage_by_call', 'plowing_three_readings', 'purge_before_slaughter', 'rest_by_call', 'rest_delta', 'sabbatical_by_call', 'seh_class', 'sheet_bekhorot_1_2', 'sheet_bekhorot_1_7', 'sheet_pesachim_5_4', 'sheet_sheviit_1_4', 'tekufat', 'tifdeh_doubled', 'tifdeh_triple', 'tipadeh', 'tizakar_homograph', 'until_morning_forms', 'warranty', 'warranty_read', 'weeks_consonants', 'wheat_two_loaves', 'zivchi_two_seats']
   tablets                      asks ['al_pi', 'annulled_by_ezekiel', 'breaking_ratified', 'called_name', 'charut_freedom', 'chips_yours', 'confession_order', 'dual_anger', 'fathers_sons', 'finger_and_forms', 'forgive_triple', 'formula_seats', 'forty_nine', 'fragments_by_call', 'gift_unannounced', 'graze_ban_presence', 'kekhaloto', 'majority_fork', 'medium_law', 'name_not_cleared', 'no_ascend', 'pesal_two', 'prayer_leader', 'radiance', 'reading_map', 'reconciled', 'sinai_exod', 'ten_words', 'tension_resolved', 'yhwh_yhwh']
   blood_covenant               asks ['basins_rule', 'blood_of_covenant', 'blue_chain', 'book_of_covenant', 'cantillation', 'convert_rite', 'eras_by_call', 'lxx_change', 'mar_zutra', 'no_eating_transposed', 'olah_before_tent', 'olah_by_call', 'olah_which', 'one_voice', 'onkelos_atone', 'parse_question', 'pre_sinai_table', 'purity_altar_top', 'sapphire', 'seventy', 'sheet_keritot_2_1', 'teiku', 'unnamed_elders', 'youths', 'youths_firstborn']
   ascent                       asks ['baal_devarim', 'burden_of_proof', 'canon_channel', 'forty', 'seventeenth_tammuz', 'sheet_taanit_4_6', 'six_seventh', 'torah_mitzvah', 'under_mountain', 'within_within']
   calf                         asks ['boshesh', 'both_sides_charut', 'bow_likened', 'chag_layhwh', 'confess_specify', 'fill_your_hand', 'four_verbs', 'fourth_verb_decides', 'great_sin', 'individual_rule', 'letzachek', 'levi_all', 'mi_layhwh', 'molten_calf', 'nullification_dispute', 'oath_endures', 'para_pharaoh', 'plague', 'reading_law', 'relent', 'saru_stiff', 'seized', 'services_by_call', 'sotah_verb', 'surcharge', 'three_books', 'three_deaths', 'three_legged', 'vav_plural', 'vayechal', 'vow_annulled']
   presence                     asks ['blessing_not_duty', 'by_name_favor', 'hapaxes', 'horev_plene', 'knot', 'looked_after', 'manasseh', 'ornaments_homograph', 'pillar_face', 'ruling_distance', 'sheet_avot_1_1', 'speech_with_speech', 'tent_outside', 'three_hundred', 'twelve_mil', 'yamish_chain']
   craftsmen                    asks ['announced_leader', 'called', 'craft_alignment', 'craft_delta', 'finger', 'inventory_five', 'named_by_call', 'restrictor', 'spirit_triple', 'teach_added', 'wisdom_to_wise']
   donation                     asks ['alignment', 'dwells_in', 'habosem', 'heart_binds', 'heart_twelve', 'identical_pairs', 'material_order', 'princes_revocalized', 'sheet_chagigah_1_8', 'spinning', 'spinning_labor', 'trigger_by_call', 'vows_release', 'wave_gold']
   command                      asks ['anoint_verbs', 'as_their_father', 'date', 'dressing_orders_by_call', 'dressing_spec', 'everlasting_priesthood', 'oil_run_by_call', 'on_means_beside', 'partition_as_roof', 'screen_on', 'verbs']
   execution                    asks ['alignment_blocks', 'date_by_call', 'directions', 'erection_day_three', 'global_stamp', 'hukam', 'kaasher_all', 'nisan_for_kings', 'not_picked', 'pickup', 'raise_never_lower', 'rose_of_itself', 'second_year', 'seven_stamps', 'sheet_shabbat_2_3', 'stamps_by_call', 'staves_by_call', 'sunday', 'ten_crowns', 'tent_spread', 'testimony_by_call', 'unrun', 'unrun_in_leviticus', 'vayekhal', 'veil_by_call', 'whole']
   initiations                  asks ['base_a_fortiori', 'bread_by_call', 'burner_delta', 'erekh_lechem', 'first_incense_by_call', 'four_by_call', 'four_priests', 'indispensable_rule', 'lamps_by_call', 'laver_offset', 'laver_run_by_call', 'milvad', 'moses_added', 'moses_priest', 'raise_lamps', 'sabbath_initiation', 'sheet_menachot_4_4', 'tamid_by_call', 'two_loci']
   cloud                        asks ['could_not', 'dwell_by_call', 'fire_night', 'first_lifting', 'glory_filled', 'journeys', 'meeting_by_call', 'numbers_9', 'protocol', 'within_within']
   law_erection                 asks []  kinds ['ascent_barred', 'attributes_proclaimed_at_sinai', 'bowed_to_another_god', 'bread_arranged', 'calf_destroyed', 'calf_made', 'called_from_the_tent', 'case_brought_to_deputies', 'cloud_lifted', 'could_not_enter', 'covenant_blood_thrown', 'covenant_cut_at_sinai', 'craftsman_called', 'daughters_taken', 'elders_ascended', 'entered_the_land', 'erected', 'glory_filled', 'hands_feet_washed', 'incense_burned', 'lamps_raised', 'levites_gathered', 'moses_ascended', 'moses_interceded', 'offering_brought', 'people_answered', 'sacrifice_of_inhabitant_eaten', 'tablets_broken', 'tamid_offered', 'tent_pitched_outside', 'testimony_placed', 'veil_hung', 'work_finished', 'youths_offered']
   build                        asks ['eighth_day_scene_by_call', 'headline_pickup', 'headline_second_seat', 'headline_unrun', 'inventory', 'stamps_total', 'world', 'world_w6', 'world_w7']
   imports: ['cold_run_calendar', 'cold_run_incense_shekel', 'cold_run_moadim', 'cold_run_offerings', 'cold_run_ordinances', 'cold_run_pesach', 'cold_run_priesthood', 'cold_run_sanctuary_build', 'cold_run_shemini_day', 'cold_run_tzav', 'cold_run_vestments']
   lines with 'ark'             : 31  e.g. ['fetched by call) RUN HERE: the testimony into the ark, the cover, the staves, the bread, the lamps, the veil, the table']
   lines with 'tablet'          : 80  e.g. ['34:1-9, 27-35 the second tablets, the attributes as a standing formula with their tension resolved by a condition (Yoma']
   lines with 'hew'             : 3  e.g. ['return cell(\'the_chips_his\', M, "Nedarim 38a:3 (opened) — R. Chama b. R. Chanina: Moses became rich only from the CHIPS of the tablets: \'hew for YOURS']
   lines with 'acacia'          : 1  e.g. ["wd.submit({'kind': 'offering_brought', 'subject': 'the-finders', 'giver': 'the-finders', 'moved_by': 'heart', 'material': 'wools_skins_silver_bronze_w"]
   lines with 'Levi'            : 19  e.g. ["44a; the Levites' sword; the book's three tokens as three registers, Rosh Hashanah 16b; the reading law's boundary,"]
   lines with 'Mount Hor'       : 1  e.g. ["('their ORNAMENTS from Mount Horeb',                       'Exod', 33, 6, 'עדים'),"]
   lines with 'cleave'          : 1  e.g. ['return cell((\'grind_and_scatter\', \'becomes_manure\'), A, "Mishnah Avodah Zarah 3:3 — R. Yosei: GRIND AND SCATTER to the wind or cast into the sea; the ']
   lines with 'circumcis'       : 5  e.g. ['return cell((\'circumcision\', \'immersion\', \'blood\'), M, "Keritot 9a:9 (opened) — \'as your fathers entered the covenant only by circumcision, immersion,']
   lines with 'stranger'        : 3  e.g. ['of 34:24; the molten-gods clause 34:17 before the feast), DROPS (the beasts, the slave, and the stranger of the rest; the']
   lines with 'seventy'         : 7  e.g. ["(1) code from the BARE INK — the censuses below (the seventy elders at three seats; 'one voice'; the acceptance"]
   lines with "'25:1"           : 4  e.g. ["PICKUP = [('25:15', '40:20', 'בדים'), ('25:16', '40:20', 'העדת'), ('25:21', '40:20', 'הכפרת'), ('25:22', '40:20', 'הכפרת'), ('25:30', '40:23', 'לחם'),"]
   lines with "'40:2"           : 12  e.g. ["assert c_directions == {'26:18': ['נגבה', 'תימנה'], '26:20': ['צפון'], '26:35': ['תימנה', 'צפון'], '27:9': ['נגב', 'תימנה'], '40:22': ['צפנה'], '40:24"]
   lines with "'32:2"           : 1  e.g. ["('32:20 — the four verbs', calf('four_verbs'), ['וישרף', 'ויטחן', 'ויזר', 'וישק']),"]
   lines with 'Menachot 99'     : 8  e.g. ["ruling-distance, Sanhedrin 5b; the not-depart heir, Menachot 99b; the knot of the tefillin from 'My back', Menachot 35b);"]
   lines with 'Menachot 43b'    : 2  e.g. ['return cell((\'sea\', \'sky\', \'throne\'), M, "Menachot 43b:13 (opened; Sotah 17a:24, Chullin 89a:3 credited) — R. Meir: blue resembles the sea, the sea th']
   lines with 'Rosh Hashanah 3a': 4  e.g. ['return cell(\'nisan_the_years_head\', M, CLB + "Rosh Hashanah 3a:5 — 40:17 \'the first month of the second year\' with Num 10:11 \'the second year, the sec']
   lines with 'Shekalim'        : 2  e.g. ["('Kiddushin', 'kiddushin'), ('Avot', 'pirkei_avot'), ('Bikkurim', 'bikkurim'), ('Zevachim', 'zevachim'), ('Menachot', 'menachot'), ('Shekalim', 'sheka"]
   broad counts: {'bless': 5, 'inheritance': 1, 'portion': 2, 'Aaron': 19, 'forty': 19, 'swear': 2, 'stiff': 4, 'face': 21, 'praise': 2, 'serve': 3, "'34:": 10, "'8:": 3}
==== exodus_story: 25 defs ['strip', 'toks', 'cell', '_seats', '_load', 'mishnah', '_bavli', '_mekhilta', 'oppression', 'birth', 'bush', 'signs', 'bricks', 'plagues', 'night', 'sea', 'marah', 'manna', 'trials', 'amalek', 'jethro', 'sinai', 'law_exodus_story', 'scene', 'build']
   oppression                   asks ['disgrace_to_praise', 'embittered_reason', 'fruitful', 'houses', 'midwives', 'new_king', 'rigor_seats', 'three_decrees']
   birth                        asks ['ark_day', 'birthday', 'born_circumcised', 'jochebed_age', 'lax', 'lodging', 'marriage', 'pursuit_closed_at', 'three_months']
   bush                         asks ['cry_words', 'errand', 'holy_ground_seats', 'name', 'name_gloss']
   signs                        asks ['believed_seats', 'count', 'firstborn_call', 'leprous_as_snow', 'mark_of_anger', 'staff_twilight']
   bricks                       asks ['complaint_answered', 'expressions', 'kohath_bound', 'not_heard_reason', 'officers', 'refusal']
   plagues                      asks ['agents', 'darkness_days', 'first_divine', 'hardening_seats', 'lice_finger', 'one_more', 'removed', 'sea_count', 'seven_days', 'ten', 'tomorrows', 'twelve_months']
   night                        asks ['by_day', 'firstborn', 'garments', 'midnight', 'please', 'sent_formula', 'stations', 'transitions', 'wage']
   sea                          asks ['bones', 'faith_song', 'not_one', 'pillar_measure', 'saved_seat', 'serach', 'song_mode', 'song_mode_three', 'ten_at_sea', 'two_verses']
   marah                        asks ['healer_condition', 'murmur_seat', 'statute_list', 'three_days', 'tree']
   manna                        asks ['day_by_day', 'double', 'fifteenth_sabbath', 'forty_years', 'less_thirty', 'omer_before', 'sabbath', 'seventh_none', 'twilight']
   trials                       asks ['ascent_off_the_books', 'avot', 'count_by_exodus', 'first_quail', 'ten_list']
   amalek                       asks ['blotting', 'hands', 'jethro_heard', 'weakened_seat']
   jethro                       asks ['denominations', 'hard_cases', 'judges', 'olah', 'sanhedrin_sizes', 'timing']
   sinai                        asks ['added_day', 'bound_release', 'days_r_yose', 'days_rabbis', 'descents', 'giving_weekday', 'names_count', 'new_moon', 'one_heart', 'third_of_month_and_week', 'treasure_seats', 'tub', 'we_will_do_seats']
   law_exodus_story             asks []  kinds ['amalek_came', 'amalek_weakened', 'appeared_in_the_bush', 'believed', 'blotting_sworn', 'bones_taken', 'bounds_set', 'brought_out', 'covenant_offered', 'cry_went_up', 'decree_issued', 'decree_refused', 'double_gathered', 'drawn_from_the_water', 'driven_from_court', 'egyptian_struck', 'face_barred', 'firstborn_death_decreed', 'fled', 'hands_raised', 'healer_promised', 'heart_hardened', 'hidden', 'holy_ground_declared', 'houses_made', 'jethro_came', 'jethro_sacrificed', 'journeyed', 'judges_appointed', 'king_arose', 'king_died', 'lives_embittered', 'lord_descended', 'made_to_serve', 'manna_fell', 'married', 'moses_went_up', 'mouth_appointed', 'murmured', 'name_declared', 'named', 'not_heard', 'now_you_will_see', 'officers_beaten', 'omer_kept', 'people_answered', 'people_sanctified', 'pillar_set', 'placed_in_the_ark', 'plague_removed', 'plague_struck', 'pursued', 'redemption_promised', 'release_refused', 'rested_on_the_seventh', 'returned_to_egypt', 'rock_struck', 'sang', 'saved_at_the_sea', 'sea_returned']
   build                        asks ['headline_covenant_run', 'headline_plagues', 'headline_promises', 'headline_tables', 'headline_wage', 'world']
   imports: ['cold_run_family', 'cold_run_offerings', 'cold_run_pesach', 'cold_run_pre_sinai']
   lines with 'ark'             : 21  e.g. ["the Passover engine's firstborn). The dating lives on the sequential tape (the stitcher's markers — convention 13)."]
   lines with 'tablet'          : 1  e.g. ['if q == \'staff_twilight\': return cell(True, A, "Mishnah Avot 5:6 — ten things created on the eve of the Sabbath at twilight: the mouth of the earth, t']
   lines with 'Levi'            : 5  e.g. ['if q == \'houses\': return cell((\'priesthood_and_levites\', \'kingship\'), M, "Sotah 11b:22 — \'and He made them houses\' (1:21): Rav and Shmuel — houses of ']
   lines with 'minister'        : 1  e.g. ['if q == \'pillar_measure\': return cell(\'measure_for_measure\', M, "Mekhilta Pischa-b ch.21 row 3 — \'and the LORD went before them by day\' (13:21): to te']
   lines with 'circumcis'       : 8  e.g. ['if q == \'born_circumcised\': return cell(\'others_say\', M, "Sotah 12a:17 — \'she saw that he was good\': Rabbi Meir (his name was Tov), Rabbi Yehuda (Tovi']
   lines with 'foreskin'        : 2  e.g. ['if q == \'lodging\': return cell(PS_.circumcision(\'eight_days\')[\'v\'], P, "CALLED cold_run_pre_sinai.circumcision(\'eight_days\') -> (\'a son of eight days\'']
   lines with 'stranger'        : 1  e.g. ["w.submit({'kind': 'named', 'subject': 'gershom', 'name': 'Gershom (גרשם — a stranger there, 2:22)', 'by': 'moses', 'case_source': 'Exod 2:22'})"]
   lines with 'seventy'         : 3  e.g. ['if q == \'judges\': return cell(600000 // 1000 + 600000 // 100 + 600000 // 50 + 600000 // 10, I, "the four denominations of 18:21 (%r — thousands, hundr']
   broad counts: {'bless': 5, 'portion': 2, 'Aaron': 4, 'buried': 1, 'forty': 5, 'face': 4, 'praise': 2, 'serve': 6}
==== family: 30 defs ['strip', 'toks', 'phrase', 'seats', 'has', 'anytok', 'cnt', 'tanakh', 'tanakh_any', 'tanakh_phrase', 'torah', 'gen', 'fmt', 'fmt2', 'norm', 'bagt', 'jact', 'delta', 'cell', 'purchase', 'commission', 'sinew', 'levirate', 'inheritance', 'testament', 'law_family', 'scene', 'build', 'load', 'mrow']
   purchase                     asks ['burial_run_stamp', 'chazakah_years', 'currency_grade', 'deed_alignment', 'deed_cited_at_burial', 'deed_clauses', 'deed_restated', 'eulogy_beneficiary', 'field_price_rule_by_call', 'ger_vetoshav', 'holding_everlasting', 'holding_of_a_grave', 'holding_persists', 'machpelah_geometry', 'machpelah_seats', 'merchant_phrase', 'money_weighed', 'my_dead_your_dead', 'no_overreaching_on_land', 'onen_exempt', 'possession_by_burial', 'price_twice', 'prince_of_god', 'record_before_the_gate', 'sanctuary_shekel_by_call', 'speech_vs_act', 'take_from_me', 'taking_is_acquisition', 'tenure_by_call', 'three_modes']
   commission                   asks ['afternoon_prayer', 'agent_for_the_son', 'bakol_daughter', 'behind_the_man', 'beka_by_call', 'bracelets_spelling', 'bride_price_by_call', 'bride_year', 'comfort_two_seats', 'days_or_ten', 'double_condition', 'family_parties', 'father_takes_for_the_son', 'from_the_lord_three_canons', 'gifts_two_moments', 'girl_vs_maiden', 'god_of_heaven_seats', 'handover_domain', 'her_consent', 'improper_request', 'isaac_absent', 'kindness_and_truth', 'mandate_place', 'marriage_formula', 'naar_ketiv', 'oath_formula', 'oath_verb_hapax', 'object_in_hand', 'old_age_and_illness', 'perhaps_two_spellings', 'retold_commission', 'retold_god_clause', 'retold_prayer', 'retold_question', 'retold_well', 'rode_modest_language', 'scribes_adornment', 'sip_spelling', 'sivlonot', 'steward_title', 'ten_and_ten', 'their_consent', 'three_alls', 'three_lands', 'virgin_two_predicates', 'wife_taken_sinai_seat']
   sinew                        asks ['alone_for_jars', 'article_as_distinguished', 'eat_not_benefit', 'five_lashes', 'fowl_excluded', 'hollow_four', 'jacob_israel_49', 'jacob_still_jacob', 'kaf_alignment', 'named_four_verses_before', 'no_sinai_seat', 'not_alone_at_night', 'olive_and_whole', 'on_the_hollow_only', 'pure_only_derivation', 'rename_alignment', 'rename_forms', 'right_thigh', 'said_at_sinai_written_here', 'sons_of_israel_first', 'strove_hapax', 'sun_rose_for_him', 'the_thigh_articled', 'to_this_day', 'touched_twice', 'two_princes']
   levirate                     asks ['acquitted', 'act_mode_by_call', 'better_the_furnace', 'burn_verb_seats', 'canaanite_reread', 'comforted_judah', 'confession_reward', 'daughter_in_law_sinai', 'daughter_in_law_tokens', 'daughter_mode_by_call', 'did_not_cease', 'eravon_seats', 'father_takes_for_er', 'fifteen_by_call', 'firstborn_by_call', 'firstborn_by_the_head', 'firstborn_er', 'from_me_voice', 'gentile_mother_rule', 'hand_first_head_first', 'harlot_by_call', 'judah_demoted_descent', 'kedesha', 'kid_price', 'kin_scope_narrowed', 'levirate_alignment', 'mamzer_definition', 'minor_refused', 'modest_bride', 'mothers_clock_by_hand', 'name_is_inheritance', 'name_on_inheritance_ruth', 'no_release_form', 'no_son_clause', 'not_in_world_by_call', 'onan_refused', 'order_of_sons', 'perez_counted', 'pledge_by_call', 'pledge_three_tokens', 'read_and_translated', 'recognize_two_seats', 'seed_vs_name', 'sentence_burning', 'shem_court', 'sinai_seat_by_call', 'slain_by_heaven', 'the_command', 'three_months_hint', 'timer_set_and_checked', 'toledot_peretz', 'twins_two_spellings', 'two_husbands_presumption', 'widow_analogy_refused', 'widow_by_call', 'widow_waiting']
   inheritance                  asks ['adoption', 'benachalatam_seats', 'birthright_run', 'crossed_hands', 'double_as_two_tribes', 'firstborn_by_call', 'firstborn_plene_defective', 'fish_no_eye', 'fold_in_by_name', 'gift_returns_dispute', 'given_as_gift', 'held_not_due', 'honor_the_aged_by_call', 'illness_first', 'inheritance_order_owed', 'kahal_by_credit', 'one_portion', 'order_six_seats', 'rachel_on_the_road', 'right_called_hand', 'set_before', 'sword_and_bow', 'the_born_tense', 'this_is_my_son', 'two_agents', 'younger_two_words', 'zelophehad_three']
   testament                    asks ['altar_base_wolf', 'animal_census', 'burial_command', 'buried_named', 'couch_seats', 'council_assembly', 'cursed_undecided', 'dan_judges_as_one', 'deed_in_command', 'divide_and_scatter', 'elders_change_49_6', 'evil_eye_read', 'excess_named_denied', 'expired', 'firstborn_alignment', 'firstborn_my_strength', 'gathered', 'hand_on_the_neck', 'homographs_named', 'interest_bite', 'issachar_ass_caused', 'license_to_judge', 'lions_six_names', 'nazir_no_wine', 'no_decision_among_five', 'ox_from_deuteronomy', 'parents_order_by_call', 'reuben_confessed', 'scepter_lawgiver', 'shema_response', 'shiloh_spelling', 'tribe_order', 'twelve_each_his_blessing', 'two_beds', 'two_offices', 'unstable_hapax', 'zebulun_before_issachar']
   law_family                   asks []  kinds ['adopted', 'born_twins', 'burial_commanded', 'buried', 'commissioned', 'consented', 'crossed', 'died', 'gathered', 'gifts_given', 'handed', 'levirate_commanded', 'married', 'pledge_given', 'portion_given', 'purchased', 'recognized', 'renamed', 'sentenced', 'shelah_grown', 'sinew_barred', 'slain', 'testament', 'widow_sent']
   build                        asks ['headline_agent_retold', 'headline_levirate_first_seat', 'headline_sinew_exception', 'headline_testament_gift', 'headline_three_modes', 'world']
   imports: ['cold_run_mishpatim_2', 'cold_run_sanctions', 'cold_run_sanctuary_build']
   lines with 'ark'             : 1  e.g. ['return cell(c_vayizrach_lo, I, "\'and the sun ROSE FOR HIM\' (32:32) — the phrase\'s only seat; Chullin 91b:4-5 (opened): the sun that set for him at Bet']
   lines with 'Levi'            : 8  e.g. ['return cell(c_achuzat_olam, I, "\'an everlasting HOLDING\' at %s — the land promised (17:8 — the pre-Sinai runner\'s span; 48:4 Jacob\'s retelling of Beth']
   lines with 'minister'        : 2  e.g. ["heaven', 24:3 — Shevuot 38b: 'we administer the oath stated in the Torah'; the guardians engine's oath route by call), the"]
   lines with 'circumcis'       : 2  e.g. ['return cell(len(c_tachat_yerekh), M, "Shevuot 38b:22 (opened): the sworn \'must hold an OBJECT in his hand\' — \'put your hand under my thigh\' at %s: Abr']
   lines with 'orphan'          : 2  e.g. ["ORD_WSCOPE = V_(ORD.stranger('widow_orphan_scope')); ORD_ONE = V_(ORD.stranger('one_affliction')); ORD_CRY = V_(ORD.stranger('cry_doubled'))"]
   lines with 'widow'           : 30  e.g. ['pledge, widow), twenty edges and four pointers surfaced BEFORE a cell — seven of them OUTBOUND to the Sinai engines that']
   lines with 'stranger'        : 6  e.g. ["('a stranger and a SOJOURNER',                      'Gen', 23, 4, 'ותושב'),"]
   lines with 'Bava Batra 123'  : 5  e.g. ['return cell(\'as_reuben_and_simeon_two_shares\', M, INH + "Bava Batra 123a:9-10 — Joseph\'s double share: \'I have given you one portion above your brothe']
   broad counts: {'bless': 18, 'inheritance': 55, 'portion': 22, 'buried': 17, 'forty': 3, 'swear': 4, 'face': 6, 'praise': 1}
==== gad_reuben: 22 defs ['strip', 'verse_text', 'words', 'ink', 'move', 'dat', 'hyp', 'out', 'seats', 'rx', 'tok', 'the_request', 'the_rebuke', 'the_offer', 'the_condition', 'the_acceptance_and_the_charge', 'the_grant', 'the_cities', 'machir_jair_nobah', 'law_gad_reuben', 'scene', 'narrative']
   the_request                  asks ['much_cattle', 'order_of_the_offer', 'the_nine', 'the_parties', 'the_request', 'the_triad']  kinds ['much_cattle', 'order_of_the_offer', 'the_nine', 'the_parties', 'the_request', 'the_triad']
   the_rebuke                   asks ['brood', 'brothers_to_war', 'caleb_the_kenizzite', 'calebs_hebron', 'evil_formula', 'forty_years', 'generation_consumed', 'hinder_root', 'joshua_nothing_owed', 'made_them_wander', 'slow_to_anger', 'the_exceptions', 'the_oath_supplied', 'the_set', 'the_spies_verb', 'the_threat', 'two_of_six_hundred_thousand']  kinds ['brood', 'brothers_to_war', 'caleb_the_kenizzite', 'calebs_hebron', 'evil_formula', 'forty_years', 'generation_consumed', 'hinder_root', 'joshua_nothing_owed', 'made_them_wander', 'slow_to_anger', 'the_exceptions', 'the_oath_supplied', 'the_set', 'the_spies_verb', 'the_threat', 'two_of_six_hundred_thousand']
   the_offer                    asks ['east_of_jordan', 'folds_and_cities', 'joshuas_armed', 'not_return', 'we_will_arm']  kinds ['east_of_jordan', 'folds_and_cities', 'joshuas_armed', 'not_return', 'we_will_arm']
   the_condition                asks ["'clerk', 'bakers', 'perfumers', 'collectors'", 'condition_counter_to_torah', 'doubled_condition', 'four_limbs', 'from_now', 'impossible_condition', 'negative_arm', 'negative_arm_outcome', 'onkelos_buffer', 'positive_arm', 'the_build_command', 'the_clearance', 'the_lemma_pair', 'the_scope', 'the_verb_future', 'undoubled_on_a_bill', 'utterance_rule']  kinds ['condition_counter_to_torah', 'doubled_condition', 'four_limbs', 'from_now', 'impossible_condition', 'negative_arm', 'negative_arm_outcome', 'onkelos_buffer', 'positive_arm', 'the_build_command', 'the_clearance', 'the_lemma_pair', 'the_scope', 'the_verb_future', 'undoubled_on_a_bill', 'utterance_rule']
   the_acceptance_and_the_charge asks ['second_doubling', 'servants_will_do', 'the_commission', 'the_lords_word', 'the_order_reversed', 'we_short']  kinds ['second_doubling', 'servants_will_do', 'the_commission', 'the_lords_word', 'the_order_reversed', 'we_short']
   the_grant                    asks ['bequeath_not_inherit', 'half_manassehs_stipulation', 'land_held', 'not_by_lot', 'the_count', 'three_parties', 'two_kingdoms']  kinds ['bequeath_not_inherit', 'half_manassehs_stipulation', 'land_held', 'not_by_lot', 'the_count', 'three_parties', 'two_kingdoms']
   the_cities                   asks ['dibon_gad', 'gads_eight', 'moses_grave', 'reubens_six', 'the_build_closed', 'the_split', 'two_crossed']  kinds ['dibon_gad', 'gads_eight', 'moses_grave', 'reubens_six', 'the_build_closed', 'the_split', 'two_crossed']
   machir_jair_nobah            asks ['gilead_given', 'jair', 'jairs_lineage', 'nobah', 'sons_of_machir', 'survivors']  kinds ['gilead_given', 'jair', 'jairs_lineage', 'nobah', 'sons_of_machir', 'survivors']
   law_gad_reuben               asks []  kinds ['cities_built_east', 'clearance_case', 'commission_charged', 'condition_stipulated', 'gilead_taken_by_machir', 'kenath_taken_by_nobah', 'land_east_case', 'land_granted_east', 'land_requested', 'moses_rebuked_the_tribes', 'oath_retold_case', 'stipulation_case', 'tribes_accepted_the_condition', 'tribes_answered_so_will_we_do', 'tribes_offered_to_arm', 'villages_taken_by_jair']
   DATA keys (16): ['caleb_the_kenizzite', 'count_from', 'deaths_ceased', 'doubled_condition', 'half_manassehs_stipulation', 'jair_and_machir_survived', 'jairs_lineage', 'moses_grave', 'negative_arm_outcome', 'the_clearance', 'the_conditions_four_limbs', 'the_forty_thousand', 'the_land_east_status', 'the_oath_supplied', 'the_order_of_the_offer', 'the_two_crossed_cities']
   imports: ['cold_run_bamidbar', 'cold_run_chukat', 'cold_run_second_census', 'cold_run_shelach', 'cold_run_vows']
   lines with 'ark'             : 5  e.g. ["assert not any(o for o in ORDINALS.values()) and STARRED == [] and MARKED == [(33, 'ולחצי%')], (ORDINALS, STARRED, MARKED)   # the half's mark at 32:3"]
   lines with 'Levi'            : 6  e.g. ['\'source\': "32:20-23 and 32:29-30 — the condition doubled TWICE in the chapter (the reading\'s claim MT32A-06, MT32A-08); the exemplar\'s kin on the shel']
   lines with "'32:2"           : 16  e.g. ['ink(\'32:2\', \'"to Moses and to Eleazar the priest and to the princes of the congregation" — %s; 27:2\\\'s "before Moses and before Eleazar the priest and']
   lines with 'Berakhot 8b'     : 3  e.g. ['move(\'Berakhot 8b:1\', "even 32:3 — \'a verse comprised entirely of names identical in Hebrew and Aramaic\' — is read twice with its translation once: th']
   lines with 'Shekalim'        : 10  e.g. ["# cell's own effect is the debit's; THE CLEARANCE (32:22 — Mishnah Shekalim 3:2's rule) a new status the exam writes; the acceptance and the"]
   broad counts: {'inheritance': 13, 'portion': 8, 'Aaron': 3, 'buried': 1, 'Eleazar': 12, 'forty': 19, 'serve': 2, "'34:": 1, 'installed_by': 3, 'given_at': 1}
==== good_land: 26 defs ['plain', 'pointed', 'words', 'morphs', 'wm', 'hits', 'phrase', 'lemma_of', 'verse_text', 'ink', 'move', 'dat', 'hyp', 'out', 'receipt_seats', 'ledger_scan', 'the_frame', 'the_way_of_forty_years', 'the_good_land', 'take_heed_lest_you_forget', 'the_chain_and_the_covenant', 'the_testimony', 'rb', 'law_good_land', 'scene', 'narrative']
   the_frame                    asks ['all_the_commandment', 'live_and_possess', 'no_receipt', 'the_oath_seats']  kinds ['all_the_commandment', 'live_and_possess', 'no_receipt', 'the_oath_seats']
   the_way_of_forty_years       asks ['forty_years', 'keep_walk_fear', 'not_by_bread_alone', 'the_discipline', 'the_garment_and_the_foot', 'the_humbling', 'the_manna', 'the_messianic_forty', 'the_test']  kinds ['forty_years', 'keep_walk_fear', 'not_by_bread_alone', 'the_discipline', 'the_garment_and_the_foot', 'the_humbling', 'the_manna', 'the_messianic_forty', 'the_test']
   the_good_land                asks ['eat_be_satisfied_bless', 'honey_without_milk', 'iron_and_copper', 'lack_nothing', 'less_than_an_egg_bulk', 'the_blessing_before', 'the_first_fruits', 'the_four_blessings', 'the_good_land', 'the_grace_conditional', 'the_grace_in_any_language', 'the_meals_base', 'the_meals_end', 'the_measure_of_satisfied', 'the_measures_seat', 'the_persons', 'the_sabbath_forgotten', 'the_seven_species', 'the_waters', 'the_write']  kinds ['eat_be_satisfied_bless', 'honey_without_milk', 'iron_and_copper', 'lack_nothing', 'less_than_an_egg_bulk', 'the_blessing_before', 'the_first_fruits', 'the_four_blessings', 'the_good_land', 'the_grace_conditional', 'the_grace_in_any_language', 'the_meals_base', 'the_meals_end', 'the_measure_of_satisfied', 'the_measures_seat', 'the_persons', 'the_sabbath_forgotten', 'the_seven_species', 'the_waters', 'the_write']
   take_heed_lest_you_forget    asks ['no_action_no_lashes', 'take_heed_lest', 'the_eighth_of_an_eighth', 'the_exodus_formula', 'the_growth_list', 'the_heart_lifted', 'the_triad', 'the_write']  kinds ['no_action_no_lashes', 'take_heed_lest', 'the_eighth_of_an_eighth', 'the_exodus_formula', 'the_growth_list', 'the_heart_lifted', 'the_triad', 'the_write']
   the_chain_and_the_covenant   asks ['my_power_my_hand', 'the_covenant_established', 'the_manna_to_do_you_good', 'the_rock_of_flint', 'the_serpents', 'the_wilderness']  kinds ['my_power_my_hand', 'the_covenant_established', 'the_manna_to_do_you_good', 'the_rock_of_flint', 'the_serpents', 'the_wilderness']
   the_testimony                asks ['hearken_plural', 'i_testify', 'if_you_forget', 'like_the_nations', 'other_gods_serve_bow', 'the_heel', 'the_readback_table', 'the_write']  kinds ['hearken_plural', 'i_testify', 'if_you_forget', 'like_the_nations', 'other_gods_serve_bow', 'the_heel', 'the_readback_table', 'the_write']
   law_good_land                asks []  kinds ['forgetting_warned', 'good_land_case', 'grace_commanded', 'perishing_testified']
   DATA keys (18): ['honey_without_milk', 'my_power_my_hand', 'not_by_bread_alone', 'the_blessing_before', 'the_credits', 'the_four_blessings', 'the_garment_and_the_foot', 'the_grace_conditional', 'the_heart_lifted', 'the_interrogative_he', 'the_kings_law_tokens', 'the_measures_seat', 'the_readback', 'the_serve_bow_order', 'the_seven_species_seat', 'the_ten_uncited', 'the_two_rocks', 'the_written_read_pair']
   imports: ['cold_run_beha', 'cold_run_chukat', 'cold_run_covenant_at_horeb', 'cold_run_exodus_story', 'cold_run_hear_o_israel', 'cold_run_joseph', 'cold_run_mamre', 'cold_run_obey_horeb', 'cold_run_opening_speech', 'cold_run_ordinances', 'cold_run_sanctions', 'cold_run_seven_nations', 'cold_run_shelach']
   lines with 'Deut 10'         : 3  e.g. ["assert P('ללכת', 'בדרכיו') == ['1Kgs 2:3', 'Deut 30:16', 'Deut 8:6'] and P('וליראה', 'אתו') == ['Deut 8:6'] and sorted(set(P('ליראה', 'את', 'יהוה', bo"]
   lines with 'ark'             : 27  e.g. ["# REUSED at 8:19 — all at the chapter's own day (40, 11, 1), NO marker (the speech continuing from chapter 7's own-day lines). THE READBACK'S FIFTH"]
   lines with 'tablet'          : 3  e.g. ['move(\'cold_run_covenant_at_horeb (CALL) — CH.the_first_tablet(the_first_word) = %s\' % (CH_FIRST[0][:60],), "5:6\'s \'I am the LORD your God who brought ']
   lines with 'hew'             : 6  e.g. ['ink(\'8:9\', \'"a land whose STONES ARE IRON and out of whose hills you may HEW COPPER" — "whose stones are iron" %s one seat; iron\\\'s Deuteronomy seats ']
   lines with 'Levi'            : 8  e.g. ["import cold_run_sanctions as SA                # THE EDGE: good_land -> sanctions CALL, reference (Leviticus 18:5's 'and live by them' — 8:1's and 8:3"]
   lines with 'Menachot 99'     : 1  e.g. ["move('cold_run_hear_o_israel (CALL) — HI.the_gift_and_the_warning(lest_you_forget) = %s, fx %s; cold_run_obey_horeb (CALL) — OH.horeb_retold(take_heed"]
   lines with 'Berakhot 20b'    : 9  e.g. ['move(\'Berakhot 20b:14, 49b:6-10 (opened whole); Pesachim 49b:17; Yoma 79b:9; Mishnah Berakhot 7:2\', "THE MEASURE OF \'SATISFIED\' a PARAMETER with a Tor']
   broad counts: {'bless': 75, 'forty': 45, 'swear': 1, 'praise': 4, 'fear the LORD': 1, 'walk in': 4, 'serve': 23, "'8:": 57, 'installed_by': 2, 'given_at': 2}
==== hear_o_israel: 24 defs ['plain', 'pointed', 'words', 'morphs', 'wm', 'hits', 'phrase', 'lemma_of', 'verse_text', 'ink', 'move', 'dat', 'hyp', 'out', 'rb', 'the_header', 'the_creed', 'the_four_duties', 'the_gift_and_the_warning', 'the_test_and_the_right', 'the_sons_question', 'law_hear_o_israel', 'scene', 'narrative']
   the_header                   asks ['hear_and_observe', 'the_charge_executed', 'the_land_flowing', 'the_triad', 'your_sons_son']  kinds ['hear_and_observe', 'the_charge_executed', 'the_land_flowing', 'the_triad', 'your_sons_son']
   the_creed                    asks ['hear_o_israel', 'love_and_fear', 'the_lord_is_one', 'with_all_your_heart', 'with_all_your_might', 'with_all_your_soul']  kinds ['hear_o_israel', 'love_and_fear', 'the_lord_is_one', 'with_all_your_heart', 'with_all_your_might', 'with_all_your_soul']
   the_four_duties              asks ['daughters_exempt', 'mezuzah_doorpost', 'mezuzah_gates', 'mezuzah_writing', 'recite_how', 'recite_when', 'recite_who', 'teach_your_sons', 'tefillin_arm', 'tefillin_compartments', 'tefillin_head', 'tefillin_order', 'tefillin_passages', 'the_passages', 'the_seven', 'the_write']  kinds ['daughters_exempt', 'mezuzah_doorpost', 'mezuzah_gates', 'mezuzah_writing', 'recite_how', 'recite_when', 'recite_who', 'teach_your_sons', 'tefillin_arm', 'tefillin_compartments', 'tefillin_head', 'tefillin_order', 'tefillin_passages', 'the_passages', 'the_seven', 'the_write']
   the_gift_and_the_warning     asks ['fear_serve_swear', 'lest_you_forget', 'no_other_gods', 'the_jealous_god', 'the_list']  kinds ['fear_serve_swear', 'lest_you_forget', 'no_other_gods', 'the_jealous_god', 'the_list']
   the_test_and_the_right       asks ['surely_keep', 'the_right_and_the_good', 'the_write', 'thrust_out_enemies', 'you_shall_not_test']  kinds ['surely_keep', 'the_right_and_the_good', 'the_write', 'thrust_out_enemies', 'you_shall_not_test']
   the_sons_question            asks ['righteousness_for_us', 'the_answer_rows', 'the_four_askings', 'the_readback_table', 'the_receipt']  kinds ['righteousness_for_us', 'the_answer_rows', 'the_four_askings', 'the_readback_table', 'the_receipt']
   law_hear_o_israel            asks []  kinds ['shema_case', 'shema_declared', 'testing_barred']
   DATA keys (18): ['the_abutter', 'the_creed_terms', 'the_exemptions', 'the_files_diverge', 'the_four_sons', 'the_large_letters', 'the_list', 'the_mezuzah_table', 'the_oath_by_the_name', 'the_passages_order', 'the_postures', 'the_readback', 'the_receipt_without_the_name', 'the_recitation_times', 'the_seven', 'the_spellings', 'the_tefillin_table', 'the_two_sets']
   imports: ['cold_run_covenant_at_horeb', 'cold_run_decalogue', 'cold_run_erection', 'cold_run_exodus_story', 'cold_run_joseph', 'cold_run_mamre', 'cold_run_mekoshesh', 'cold_run_obey_horeb', 'cold_run_opening_speech', 'cold_run_pesach']
   lines with 'Deut 10'         : 3  e.g. ["assert MILK == S_('Deut 11:9', 'Deut 26:15', 'Deut 26:9', 'Deut 27:3', 'Deut 6:3', 'Exod 13:5', 'Exod 33:3', 'Exod 3:17', 'Exod 3:8', 'Lev 20:24', 'Nu"]
   lines with 'ark'             : 12  e.g. ["# Israel at the chapter's own day (40, 11, 1), NO marker (the retrograde stretch of 5:23 ended at 5:32); the test at Massah (6:16) a BLOCK"]
   lines with 'hew'             : 2  e.g. ["'the_list': {'value': ['great and good cities which you did not build', 'houses full of all good which you did not fill', 'hewn cisterns which you did"]
   lines with 'Levi'            : 1  e.g. ['ink(\'6:5\', \'"and you shall love the LORD your God" — the phrase %s; "and you shall love" %d seats over the Bible (the neighbor and the stranger Leviti']
   lines with 'cleave'          : 1  e.g. ['ink(\'6:13\', \'"the LORD your God you shall fear, and him you shall serve, and by his name you shall swear" — 6:13 and 10:20 the pair %s (10:20 adds "an']
   lines with 'circumcis'       : 2  e.g. ['\'the_seven\': {\'value\': [\'the tefillin of the head\', \'the tefillin of the arm\', \'the four fringes\', \'the mezuzah\'], \'settings\': {\'menachot_43b\': "\'belo']
   lines with 'stranger'        : 1  e.g. ['ink(\'6:5\', \'"and you shall love the LORD your God" — the phrase %s; "and you shall love" %d seats over the Bible (the neighbor and the stranger Leviti']
   lines with 'Menachot 99'     : 1  e.g. ["move('cold_run_obey_horeb (CALL) — OH.FORGET %d seats, 6:12 among them (%s); OH.horeb_retold(take_heed_lest_you_forget) = %s' % (len(OH.FORGET), 'Deut"]
   lines with 'Menachot 43b'    : 5  e.g. ["'the_passages_order': {'value': ['Deut 6:4-9 — the yoke of heaven first', 'Deut 11:13-21 — the yoke of the commandments', 'Num 15:37-41 — by day alone"]
   lines with 'Berakhot 9:5'    : 4  e.g. ['return out("with all your heart (6:5) — the two inclinations (Mishnah Berakhot 9:5; the Sifrei 32:2-4); 4:29\'s kin (OH by CALL)", [\'accepted\'])']
   broad counts: {'bless': 1, 'portion': 1, 'forty': 2, 'swear': 12, 'face': 1, 'stars': 2, 'praise': 1, 'shall love': 5, 'fear the LORD': 2, 'serve': 19, "'6:2": 6, 'installed_by': 2, 'given_at': 2}
==== holiness: 23 defs ['strip', 'toks', 'phrase', 'seats', 'has', 'anytok', 'deposit', 'tzv', 'cell', 'frame', 'shelamim', 'classify', 'gifts', 'warning', 'theft', 'deposit_case', 'robbery', 'wage', 'conduct', 'law_holiness', 'scene', 'load', 'mrow']
   frame                        asks ['assembly', 'fear_defined', 'holy', 'honor_defined', 'idols_look', 'molten_warnings', 'override', 'parents_order', 'persons_all', 'three_partners', 'woman_included']
   shelamim                     asks ['eater_lashes', 'intent_at_slaughter', 'karet_building_block', 'leftover', 'not_two_heads', 'pigul_place', 'pigul_time', 'window']
   gifts                        asks ['all_small', 'ant_holes', 'attached', 'consecrated_before_known', 'contractor', 'copy_23_22', 'count', 'divides', 'doubt', 'ear_reaching', 'field_minimum', 'floor', 'for_named_poor', 'four_reasons', 'gentile_gifts_tithed', 'heap', 'identity', 'implication_tithes', 'kinds', 'leket', 'measure', 'moment', 'no_sickles', 'olelet', 'olelet_edges', 'owners', 'patches', 'peret', 'poor_at_the_hour', 'poor_defined', 'position', 'reaped_by', 'recipients', 'renunciation', 'robs_the_poor', 'seizing', 'thinning', 'three_times', 'trees', 'trellis', 'trusted', 'window_end', 'window_open_to_all']
   theft                        asks ['benign', 'by_my_name', 'escalation', 'fellow', 'profanation', 'steal_back_own']
   deposit_case                 asks ['even_to_media', 'false_oath_predicate', 'father', 'fifth_on_fifth', 'fine_class', 'judges_oath', 'market_thief', 'money_class', 'no_oath', 'oath_count', 'oath_form', 'oath_track', 'scope', 'stolen_claim', 'suspect', 'swear_and_take']
   robbery                      asks ['collectors', 'convert', 'desert', 'despair', 'doubt', 'field_usurped', 'here_is_yours', 'lamb_returned', 'perutah_floor', 'sons_fed', 'value_at_time']
   wage                         asks ['assigned', 'claimed', 'clock', 'first_morning', 'hire_kinds', 'in_kind', 'oppression_class', 'resident_alien', 'shopkeeper_ledger', 'who_swears']
   conduct                      asks ['blood', 'bribe', 'curse_deaf', 'equal_treatment', 'five_effects', 'great_rule', 'grudge', 'hate', 'heart', 'judge_is_measurer', 'no_favor', 'parents_equal', 'protocol', 'rebuke', 'revenge', 'scale_of_merit', 'secrecy', 'stumbling', 'talebearer', 'vow_opening', 'your_people']
   law_holiness                 asks []  kinds ['harvest_reaped', 'judgment_rendered', 'neighbor_endangered', 'neighbor_robbed', 'shelamim_slaughtered_for_acceptance', 'sworn_denial_admitted', 'wage_withheld']
   imports: ['cold_run_tzav', 'cold_run_vayikra5', 'cold_run_yovel']
   lines with 'ark'             : 10  e.g. ['\'people at %s · 19:13 six tokens · 19:14 four · 19:15 six · "no wrong in judgment" at %s (the court and the market) \'']
   lines with 'Levi'            : 3  e.g. ['# THE CODE — from the ink of Leviticus 19:1-18 alone. Mishnah/Talmud']
   lines with 'bribe'           : 7  e.g. ["if q == 'bribe':"]
   broad counts: {'swear': 16, 'face': 7, "'19:3": 3, 'given_at': 2}
==== holiness_b: 19 defs ['strip', 'toks', 'phrase', 'seats', 'has', 'anytok', 'tanakh', 'tzv', 'cell', 'mixtures', 'maidservant', 'orlah', 'body', 'daughter_sanctuary', 'convert_measures', 'law_holiness_b', 'scene', 'load', 'mrow']
   mixtures                     asks ['abroad', 'admixture', 'all_combinations', 'appearance', 'bed', 'breed_as_mixture_only', 'class_table', 'corner_entering', 'cushions', 'distance', 'divider', 'eight_negatives', 'every_beast', 'felts', 'gourd', 'grafting', 'intent_test', 'join', 'koy', 'lash_count', 'maintaining', 'majority', 'materials', 'minimum_act', 'mule_kind', 'noun_thrice', 'onkelos', 'overhang', 'pair', 'patches', 'plowing', 'rows', 'sellers_tailors', 'shaatnez_defined', 'shroud_saddle', 'similarity', 'statutes_frame', 'stitches', 'taxonomy', 'temporary', 'three_bans', 'three_institutions', 'vineyard', 'wearing_vs_covering', 'wild_form', 'women']
   maidservant                  asks ['a_man', 'age_price', 'asham_eater', 'asham_grade', 'asham_place', 'asham_ram', 'atonement', 'by_halves', 'death_withheld', 'deliberate_as_erring', 'difference_table', 'document_finishes', 'four_readings', 'freed', 'hapaxes', 'inquest', 'keritot_class', 'lashing_procedure', 'lev5_shape', 'one_for_many', 'onkelos_document', 'redemption_modes', 'redemption_verb_two_seats', 'two_shekels']
   orlah                        asks ['betrothal', 'channels', 'cooking_oven', 'count_from', 'counted_broken', 'counted_items', 'dye', 'eater_split', 'fifth_year', 'four_barren_years', 'fourth_year', 'fruit_after_term', 'fruit_predicate', 'gentile_fourth', 'geography', 'hillulim_two_seats', 'houses', 'intent_tree', 'join', 'joining_causes', 'land_trigger', 'lashes_juice', 'layering', 'leaven_taste', 'lifting', 'like_second_tithe', 'mixed_sapling', 'new_year', 'onkelos', 'praises', 'propagation', 'ratio', 'redeem_from', 'root', 'thirty_days', 'timer', 'total_benefit', 'triggers', 'tripled_token', 'uprooted', 'vigor']
   body                         asks ['all_at_once', 'corner_token', 'corners_count', 'gash_for_dead', 'multipliers', 'omens', 'over_blood_five', 'razor', 'rounding_both', 'shaving_all_day', 'tattoo', 'tattoo_name', 'women']
   daughter_sanctuary           asks ['awe_forever', 'awe_of_whom', 'daughter', 'definitions', 'elder_sage', 'every_gray_head', 'heart_second', 'honor_protocol', 'land_strays', 'no_cost', 'ov_bearer', 'ov_consulter', 'protocol', 'reciprocal', 'rise_reach', 'sabbath_over_temple', 'scheme', 'three_verses', 'turns_his_mind', 'twin_verse']
   convert_measures             asks ['calibrate', 'cleaning_table', 'evidence_geography', 'exodus_condition', 'faithful_to_pay', 'five_effects', 'four_just', 'ger_seats', 'gloss_row', 'hin_as_speech', 'inspector', 'intake_gate', 'keep_and_do', 'local_custom', 'love_convert', 'love_seats', 'measures_are_judgment', 'surcharges', 'tilt', 'tonu_three_seats', 'word_wrong', 'you_were_strangers']
   law_holiness_b               asks []  kinds ['body_marked', 'daughter_profaned', 'elder_approached', 'ghost_pit_consulted', 'judgment_rendered', 'kinds_mixed', 'maidservant_lain_with', 'sanctuary_built_on_sabbath', 'stranger_wronged', 'tree_planted']
   imports: ['cold_run_holiness', 'cold_run_sanctions', 'cold_run_tzav', 'cold_run_vayikra5']
   lines with 'ark'             : 11  e.g. ['return cell(\'write_and_engrave_both\', M, (\'19:28 "a tattoo inscription" (hapax %d; Onkelos: "engraved markings", the two \'']
   lines with 'Levi'            : 4  e.g. ["assert c_tonu == [('Lev', 19, 33), ('Lev', 25, 14), ('Lev', 25, 17)], c_tonu    # the wrong-verb's three Leviticus seats"]
   lines with 'circumcis'       : 9  e.g. ["erring), ORLAH (the tripled 'uncircumcised', three years from the planting,"]
   lines with 'foreskin'        : 2  e.g. ['\'foreskin", "uncircumcised"); the verb is a hapax (%d); the year ordinals %s\') % (c_orlah, c_hapax[\'וערלתם\'], c_years),']
   lines with 'stranger'        : 6  e.g. ["if q == 'you_were_strangers':"]
   lines with 'seventy'         : 1  e.g. ['\'ignorant elder; elder = the sage ("gather Me seventy of the ELDERS"); R. Yosei the Galilean parses the word as \'']
   broad counts: {'bless': 3, 'face': 3, 'stars': 2, 'praise': 12, 'shall love': 2, "'20:2": 1, "'4:": 1, "'19:3": 19}
==== incense_shekel: 35 defs ['strip', 'toks', 'phrase', 'seats', 'has', 'anytok', 'tanakh', 'tanakh_any', 'tanakh_phrase', 'torah', 'fmt', 'fmt2', 'norm', 'bag', 'cell', 'persons', 'bull', 'rams', 'succession', 'meal', 'seven_days', 'tamid', 'incense_altar', 'shekel', 'laver', 'oil', 'incense', 'sabbath', 'law_investiture', 'law_sabbath', 'scene', 'scene_counts_w6', 'build', 'load', 'mrow']
   persons                      asks ['alignment', 'crown', 'delta_is_dispute', 'dressing_order', 'fill_hand', 'fill_hand_onkelos', 'girding_delta', 'immersion_onkelos', 'inventory', 'order_by_name_call', 'perpetual_statute', 'pouring', 'pouring_run', 'priest_phrase', 'priesthood_worn', 'run_inventory', 'run_order', 'sheet_lacking_garments', 'this_the_thing', 'washing', 'wrong_set']
   bull                         asks ['alignment', 'base_first', 'burn_forms', 'carcass', 'fats', 'finger', 'finger_parse', 'hands_laid', 'hands_onkelos', 'label', 'outer_horns', 'run_purge']
   rams                         asks ['alignment', 'basket', 'breast_to_moses', 'cut_pieces', 'doubled_it', 'dues', 'dues_statute', 'extremities', 'extremities_run', 'fat_and_tail', 'garments_onkelos', 'half_half', 'installation_ram', 'leaven_by_call', 'odor', 'odor_onkelos', 'olah_label', 'olah_whole', 'right_thigh', 'shelamim_by_call', 'sprinkle_garments', 'two_axes', 'tzav_atomicity', 'wave', 'waved_and_lifted']
   succession                   asks ['after_him', 'anointing_likened', 'fit_to_come', 'greatness', 'lev16_stead', 'many_garmented', 'no_run_lev8', 'seven_wear', 'substitute_sheet', 'the_run']
   meal                         asks ['alignment', 'atoned_eaters', 'conditional_pair', 'door', 'holy_place', 'leftover', 'leftover_by_call', 'paradigm', 'priests_eat_owners_atoned', 'sheet_pesachim', 'stranger_ban', 'zar_forms']
   seven_days                   asks ['alignment', 'as_this_day', 'commit', 'confinement', 'contagion_onkelos', 'contagion_scope', 'contagion_seats', 'contagion_vessels', 'daily_bull', 'incense_comes_down', 'most_holy', 'purge_verb', 'run_closes', 'run_limiters', 'run_stamp', 'seven_seats', 'sheet_9_1', 'sheet_9_7', 'thus', 'thus_indispensable']
   tamid                        asks ['beaten_oil', 'clocks', 'doubled_morning_order', 'dwell', 'exodus_purpose', 'generations', 'glory_revocalized', 'god_formula', 'initiations', 'measures', 'meeting', 'meeting_onkelos', 'no_run_lev8', 'olat_tamid', 'ordinals', 'plural_minimum', 'pointer', 'sabbath_overrides', 'salt_by_call', 'sheet_4_4', 'sheet_shekalim_4_1', 'sheet_yoma_3_5', 'this_demonstrative', 'three_log', 'two_lambs']
   incense_altar                asks ['appoint', 'burner', 'continual', 'crown_rim', 'daily_halves', 'dimensions', 'divide_the_morning', 'fine_of_fine', 'fire_carried', 'first_incense', 'floor_plan', 'horns_from_it', 'incense_of_spices', 'incense_onkelos', 'inner_vs_outer', 'input_ban', 'input_onkelos', 'ladle', 'lev4_horns', 'morning_morning', 'most_holy_to_the_lord', 'name', 'no_donation', 'once_a_year', 'one_atonement', 'people_withdraw', 'placement', 'raising', 'sheet_5_1', 'sheet_5_2', 'square', 'tending', 'yoma_step']
   shekel                       asks ['age', 'atone_souls', 'flat_rate', 'gerah_homograph', 'guardians_by_call', 'half_tokens', 'lift_head', 'numbers_no_shekel', 'paragraph_unit', 'passing_over', 'plague_clause', 'plague_run', 'ransom', 'ransom_onkelos', 'reading_fork', 'run_chronicles', 'run_nehemiah', 'run_sockets', 'sanctuary_shekel', 'sheet_10_5', 'sheet_1_3', 'sheet_2_4', 'sheet_4_1', 'sheet_6_6_run', 'sheet_8_8', 'sheet_megillah', 'silver_of_atonements', 'tariff_by_call', 'terumah', 'this_they_shall_give', 'trigger_parameter', 'twenty_gerah', 'vayikra5_by_call', 'yovel_by_call']
   laver                        asks ['base_metal_only', 'between', 'device', 'extent', 'for_washing', 'from_it', 'hands_feet', 'laver_word', 'run', 'seed_transfer', 'sheet_2_1', 'sheet_4_5', 'sheet_tamid', 'two_loci', 'wash_onkelos', 'wash_or_die', 'which_verb']
   oil                          asks ['adam_scope', 'any_amount', 'compounder_exemptions', 'contagion_vessels', 'divided', 'flesh_of_adam', 'for_generations', 'formula_word', 'half_ok', 'hin', 'hin_by_letters', 'holy_anointing_oil', 'in_the_holy', 'its_half', 'like_it', 'mor_dror_onkelos', 'olah_altar_named', 'on_a_stranger', 'persons', 'run_exod40', 'run_lev8', 'seven_anointed', 'sheet_horayot', 'sheet_keritot_1_1', 'sheet_makkot_3_2', 'spices_head', 'two_karets', 'weights']
   incense                      asks ['bad_bevad', 'bad_defines_linen', 'beat_fine', 'before_testimony', 'eleven', 'fine_of_fine_day', 'formula_for_yourselves', 'four_named', 'korach_run', 'maker_vs_smeller', 'malachi', 'salted', 'sheet_shekalim_4_5', 'surplus_halves', 'take_for_yourself', 'to_smell', 'uzziah_run']
   sabbath                      asks ['akh', 'all_work_by_call', 'assembly', 'carve_outs', 'court_fire', 'covenant', 'creation_reason', 'death_run', 'doubled_vs_single', 'extra_soul', 'gift_told', 'great_rule', 'hearth_chamber', 'index_by_juxtaposition', 'karet_census', 'kindling', 'kindling_fork', 'light_before', 'make_the_sabbath', 'my_sabbaths', 'plural_counts', 'products_fork', 'profaners', 'refreshed', 'sabbath_day_runs', 'shabbaton', 'sheet_beitzah', 'sheet_menachot_11_3', 'sign', 'sign_onkelos', 'six_days', 'these_the_things', 'thirty_nine', 'two_sanctions', 'work_not_override']
   law_investiture              asks []  kinds ['anointing_oil_misused', 'atonement_silver_given', 'bailment_claim', 'bull_offered', 'confined', 'did_all', 'dressed', 'hands_laid', 'head_anointed', 'head_counted', 'horns_atoned', 'incense_burned', 'incense_compounded', 'milluim_blood_sprinkled', 'milluim_leftover', 'priest_succeeded', 'ram_miluim', 'ram_olah', 'sons_dressed', 'strange_input_offered', 'vessels_anointed', 'washed']
   law_sabbath                  asks []  kinds ['gathered_wood_on_the_sabbath', 'sabbath_kept_as_sign', 'sabbath_profaned']
   build                        asks ['alignment', 'blocks', 'dropped', 'headline', 'numerals_equal', 'person_shift', 'run_unblocked', 'spec_cites_itself', 'spec_unblocked', 'world']
   imports: ['cold_run_calendar', 'cold_run_chatat', 'cold_run_decalogue', 'cold_run_guardians', 'cold_run_metzora', 'cold_run_minchah', 'cold_run_mishpatim', 'cold_run_moadim', 'cold_run_offerings', 'cold_run_priesthood', 'cold_run_sanctuary_build', 'cold_run_tzav', 'cold_run_vayikra5', 'cold_run_vestments', 'cold_run_yoma', 'cold_run_yovel']
   lines with 'ark'             : 18  e.g. ["sanctuary engine (the altar's horns and base, the veil's line, the ark, the census silver's talent);"]
   lines with 'tablet'          : 3  e.g. ['return cell([\'Exod 29:12\'], I, "29:12 \'put it on the horns of the altar WITH YOUR FINGER\' — the second-person form at %s alone in the Tanakh; the fing']
   lines with 'hew'             : 1  e.g. ['return cell((13, 8), I, "the gerah-word at %d seats: five the coin, EIGHT the CUD (Lev 11:3-7, Deut 14:6-8 — \'chews the cud\'): one written form for th']
   lines with 'Levi'            : 8  e.g. ['# THE SPEC — compiled from the ink of Exodus 29-30, 31:12-17, 35:1-3; THE RUN — Leviticus 8 matched to Exodus 29.']
   lines with 'circumcis'       : 2  e.g. ["return cell({'circumcision': 'on_the_day_Shabbat_132a', 'court_execution': 'in_all_your_dwellings_Yevamot_6b', 'the_service': 'Num_28_10_Yevamot_7a', "]
   lines with 'stranger'        : 27  e.g. ["hapaxes of the succession; 'a stranger shall not eat' once; the notar clause of Exod 12's shape;"]
   lines with 'seventy'         : 4  e.g. ['return cell([\'2Sam 4:12\', \'Exod 30:19\', \'Exod 30:21\', \'Exod 40:31\', \'Judg 1:7\'], I, "\'their hands and their feet\' at %s — the spec twice, the erection']
   lines with 'Shekalim'        : 52  e.g. ['Answer sheet ROUTED BY TOPIC under the union rule: Mishnah Shekalim WHOLE, Keritot 1, Yoma 4, Zevachim']
   broad counts: {'portion': 5, 'Aaron': 38, 'Eleazar': 3, 'forty': 2, 'swear': 4, 'face': 2, 'serve': 9, "'8:": 10}
==== joseph: 42 defs ['strip', 'toks', 'cell', '_seats', '_load', 'mishnah', '_bavli', '_br', '_gift', '_all_seats', '_name_by_chapter', '_pit_seats', '_timer_span', '_mohar', 'jabbok', 'esau_met', 'shechem_arrival', 'dinah', 'bethel_again', 'three_deaths', 'edom', 'dreamer', 'potiphar', 'prison_dreams', 'pharaoh_dreams', 'the_rise', 'first_descent', 'second_descent', 'cup', 'i_am_joseph', 'the_seventy', 'seventy', '_subtotal', 'goshen', 'the_fifth', 'the_oath', 'mourning', 'coffin', '_years', 'law_joseph', 'scene', 'build']
   jabbok                       asks ['angel_bands', 'gift_by_verse', 'gift_head_count', 'left_alone', 'peniel_penuel', 'renaming_seat', 'sinew_seat', 'thigh_socket', 'too_small', 'two_namings']
   esau_met                     asks ['blessing_returned', 'bow_seats', 'bow_table', 'bowed_seven', 'dotted_kiss', 'face_of_god', 'grace_verb', 'last_dearest', 'prostration_form', 'seir_promised', 'sukkot_months', 'sukkot_naming', 'widen_the_road']
   shechem_arrival              asks ['came_whole', 'el_elohe_israel', 'god_below', 'hundred_kesitah', 'purchase_by_call', 'purchase_seat', 'three_places']
   dinah                        asks ['cleaved_loved_spoke', 'deceit_word', 'dinah_seats', 'few_in_number', 'foreskin_homograph', 'mohar_by_call', 'mohar_unbounded', 'outrage_phrase', 'question_unanswered', 'seducer_sheet', 'silence_kept', 'third_day_danger', 'third_day_sheet', 'third_day_verse', 'three_verbs', 'took_no_counsel', 'troubled_charged']
   bethel_again                 asks ['allon_bakhut', 'be_fruitful_sheet', 'bethel_named_twice', 'foreign_gods_seats', 'fruitful_singular', 'israel_repeated', 'kings_promised', 'land_promised', 'libation_token', 'like_case', 'return_closed', 'terror_of_god', 'vow_closed', 'vow_delay']
   three_deaths                 asks ['ben_oni_binyamin', 'benjamin_plene', 'buried_by_both', 'buried_writes', 'gathered_seat', 'grave_pillar', 'isaac_180', 'israel_heard', 'reuben_sheet', 'twelve_kept', 'twelve_named', 'until_this_day']
   edom                         asks ['before_a_king', 'holding_homograph', 'kings_count', 'kings_named', 'melekh_homograph', 'nations_as_ship', 'parted_for_room', 'timna_amalek', 'timna_concubine', 'two_anas', 'wives_recorded']
   dreamer                      asks ['coat_seats', 'daughters_plural', 'dream_hope_years', 'dreams_told', 'mourned_many_days', 'pit_empty', 'pit_seats', 'recognition_row', 'recognized_seat', 'reuben_where', 'sellers_grammar', 'seventeen', 'tunic_by_call', 'twenty_silver', 'what_profit', 'why_loved', 'word_kept', 'youthful_deeds']
   potiphar                     asks ['adjoined_blessing', 'as_this_day', 'bought_ones_buy', 'handsome_as_rachel', 'hebrew_seats', 'lifted_eyes', 'potiphar_spellings', 'prison_house', 'refused', 'service_pleasant', 'the_name_in_39']
   prison_dreams                asks ['birthday', 'custody_closes', 'forgot', 'former_custom', 'lifted_head_two_ways', 'third_day_timers', 'three_days_parsed', 'two_officers', 'vine_is_israel']
   pharaoh_dreams               asks ['doubled', 'end_to_darkness', 'fifth_counsel', 'not_i_god', 'one_dream', 'rushed_from_the_pit', 'seven_and_plenty', 'two_years']
   the_rise                     asks ['asenath', 'astrologers', 'covenant_heads_by_call', 'eighth_days', 'famine_in_all_lands', 'famine_years_bar', 'handfuls', 'joseph_of_his_own', 'manasseh_ephraim', 'plenty_timer_days', 'seventeen_to_thirty', 'thirty', 'two_sons_before_the_famine', 'zaphenath']
   first_descent                asks ['aval', 'congregation_of_ten', 'governor', 'gray_hairs', 'interpreter', 'is_not_tokens', 'mashbir', 'plan_revised', 'pledge_row', 'presumption_at_three', 'recognized_one_way', 'stranger', 'ten', 'three_days_custody', 'wept_seats', 'why_show_yourselves']
   second_descent               asks ['abomination_seats', 'bereaved', 'birth_order', 'double_silver', 'feast_at_noon', 'five_hands', 'gift_homograph', 'inheritance_by_call', 'simeon_out', 'surety_person_sheet', 'surety_sheet', 'surety_verse']
   cup                          asks ['as_pharaoh', 'divination_seats', 'instead_of_the_lad', 'judah_appeasement', 'leaven_search_sheet', 'morning_light', 'search_order', 'search_source', 'soul_bound', 'ten_men_one_thief', 'thief_sold_by_call', 'three_verdicts', 'what_shall_we_say']
   i_am_joseph                  asks ['benjamins_necks', 'could_not_restrain', 'do_not_quarrel', 'eyes_see', 'famine_timers_one_day', 'father_to_pharaoh', 'heart_numb_then_lived', 'rebuke', 'surety_closed', 'ten_donkeys', 'ten_donkeys_parsed', 'three_hundred_and_five', 'two_and_five']
   the_seventy                  asks ['brought_up_closed_on_tape', 'carried_after_the_act', 'god_of_isaac', 'hand_on_eyes_closed', 'judah_ahead', 'night_visions', 'sacrifices_by_call', 'sacrifices_reading', 'shepherds_abomination', 'wept_more']
   seventy                      asks ['diverge', 'exodus_seventy', 'firstborn_kept', 'inheritance_sheet', 'jochebed', 'leah_living_named', 'names_by_register', 'seventy', 'sixty_six', 'sixty_six_arithmetic', 'sixty_six_cups', 'subtotals_parsed', 'subtotals_sum']
   goshen                       asks ['closes_at_47_11', 'few_and_evil', 'five_doubled', 'five_men', 'five_named', 'goshen_seats', 'holding_homograph', 'hundred_sixteen', 'hundred_thirty', 'rameses', 'sustained_by_the_mouth', 'two_absences']
   the_fifth                    asks ['all_silver', 'bodies_and_ground', 'chok_means_food', 'fifth_homograph', 'fifth_parsed', 'fruitful_in_goshen', 'priests_exempt', 'second_year', 'statute_seat', 'until_this_day']
   the_oath                     asks ['bed_head_bow', 'burial_command_seat', 'hundred_forty_seven', 'kindness_and_truth', 'oath_closed_on_tape', 'oath_sworn', 'seventeen_years', 'why_joseph']
   mourning                     asks ['abel_mizraim', 'as_he_made_you_swear', 'burial_seat', 'forty_seventy', 'hand_on_eyes_closed', 'joseph_buried_sheet', 'no_meal', 'seven_days', 'timers_on_the_scene']
   coffin                       asks ['altered_for_peace', 'am_i_in_gods_place', 'bones_closed_on_tape', 'chatat_homograph', 'coffin_in_egypt', 'feared', 'forgiveness_sheet', 'four_hundred_parasangs', 'fox_in_its_hour', 'hundred_ten', 'machir_knees', 'ten_candles', 'visit_doubled', 'visitation_closed_on_tape', 'with_you_when_you_go_up', 'words_on_the_heart']
   law_joseph                   asks []  kinds ['accused', 'altar_commanded', 'altar_erected', 'angels_met', 'anger_burned', 'answered_back', 'appeared', 'appointed_over_the_house', 'appointed_to_serve', 'ate_and_drank', 'audience_prepared', 'bags_searched', 'believed', 'benjamin_seen', 'benjamin_withheld', 'bereaved_cried', 'blessed', 'blessed_be_fruitful', 'blessing_demanded', 'bones_taken', 'booths_made', 'bore', 'born', 'bound', 'bowed', 'bread_set', 'brothers_recognized', 'burial_commanded', 'buried', 'came_to_speak', 'camp_explained', 'caravan_planned', 'caravan_seen', 'cast_into_the_pit', 'census_listed', 'children_declared', 'children_divided', 'city_plundered', 'city_struck', 'coat_dipped', 'coat_made', 'coat_recognized', 'come_to_me_commanded', 'conspired', 'convoy_declined', 'counsel_accepted', 'counsel_given', 'cried_for_bread', 'cup_planted', 'custody_three_days', 'days_asked', 'deceit_answered', 'descent_commanded', 'descent_refused', 'descent_urged', 'died', 'divination_claimed', 'dream_told', 'dreamed', 'dreams_remembered']
   build                        asks ['headline_closes_by_seat', 'headline_flow_reversed', 'headline_seventy', 'headline_thief_sold', 'headline_two_absences', 'world']
   imports: ['cold_run_family', 'cold_run_mishpatim_2', 'cold_run_mishpatim_3', 'cold_run_offerings', 'cold_run_pre_sinai', 'cold_run_vestments']
   lines with 'Deut 10'         : 1  e.g. ['if q == \'exodus_seventy\': return cell(sum(_HEB[w] for w in toks(1, 5, \'Exod\') if w in _HEB), I, "\'and all the souls that came out of the loins of Jaco']
   lines with 'ark'             : 21  e.g. ['if q == \'sukkot_months\': return cell(18, M, "Megillah 17a:7 — he tarried on the road two years: a baraita — he went out from Aram-naharaim and came to']
   lines with 'hew'             : 2  e.g. ['if q == \'sacrifices_reading\': return cell(\'found_with_bar_kapparas_nephew\', M, "Bereshit Rabbah 94:5 — \'and he sacrificed sacrifices to the God of his']
   lines with 'Levi'            : 13  e.g. ['if q == \'third_day_verse\': return cell(\'Gen 34:25\', I, "\'on the third day, when they were in pain, two of Jacob\'s sons, Simeon and Levi, Dinah\'s broth']
   lines with 'minister'        : 1  e.g. ['if q == \'angel_bands\': return cell(\'bands_of_angels_all_night\', M, "Bereshit Rabbah 78:11 — \'whose is all this camp that I met\' (33:8): all that night']
   lines with 'cleave'          : 6  e.g. ['if q == \'cleaved_loved_spoke\': return cell((\'cleaved\', \'loved\', \'spoke_to_her_heart\'), I, "\'and his soul cleaved to Dinah ... and he loved the girl, a']
   lines with 'circumcis'       : 13  e.g. ['if q == \'deceit_word\': return cell(\'with_guile\', I, "\'and the sons of Jacob answered Shechem and Hamor with guile\' (34:13, במרמה); Bereshit Rabbah 80:']
   lines with 'foreskin'        : 2  e.g. ['if q == \'foreskin_homograph\': return cell(\'shechems_ruse_not_the_sign\', I, "\'a man who has a foreskin\' (34:14) and \'as they are circumcised\' (34:22) —']
   lines with 'stranger'        : 2  e.g. ['if q == \'stranger\': return cell(\'made_himself_a_stranger\', M, "Bereshit Rabbah 91:7 — \'and Joseph saw his brothers\' (42:7): R. Yehoshua bar Nechemya —']
   lines with 'seventy'         : 46  e.g. ['the cup and the surety, I am Joseph, the seventy, Goshen and the fifth, the oath, the mourning and the coffin. The last of the four']
   lines with 'Bava Batra 123'  : 2  e.g. ['if q == \'jochebed\': return cell(\'jochebed_born_between_the_walls\', M, "Bava Batra 123b:1 — R. Chama bar Chanina: this is Jochebed, conceived on the wa']
   broad counts: {'bless': 37, 'inheritance': 7, 'portion': 7, 'Aaron': 1, 'buried': 28, 'forty': 11, 'swear': 5, 'face': 19, 'stars': 5, 'serve': 8}
==== journeys: 23 defs ['strip', 'verse_text', 'words', 'ink', 'move', 'dat', 'hyp', 'out', 'seats', 'rx', 'tok', 'lemma_seats', '_after', '_bare', '_lemmas', 'the_heading_and_the_writing', 'the_departure', 'the_stations', 'aarons_death_retold', 'the_command', 'law_journeys', 'scene', 'narrative']
   the_heading_and_the_writing  asks ['by_the_hand', 'by_the_mouth', 'by_their_hosts', 'heading', 'moses_wrote', 'the_chiasm', 'the_list']  kinds ['by_the_hand', 'by_the_mouth', 'by_their_hosts', 'heading', 'moses_wrote', 'the_chiasm', 'the_list']
   the_departure                asks ['high_hand', 'left_by_day', 'the_burial', 'the_date', 'the_gods_judged', 'the_manna', 'the_morrow']  kinds ['high_hand', 'left_by_day', 'the_burial', 'the_date', 'the_gods_judged', 'the_manna', 'the_morrow']
   the_stations                 asks ['chapter_21', 'common_word_names', 'directional_ending', 'elim', 'etham_for_shur', 'exodus_nine', 'forty_two', 'kadesh_hor', 'kibroth_hazeroth', 'moseroth_seven', 'one_word_added', 'only_here', 'rithmah_paran', 'tape_matched', 'the_last_camp', 'the_verbs', 'unnamed_in_exodus']  kinds ['chapter_21', 'common_word_names', 'directional_ending', 'elim', 'etham_for_shur', 'exodus_nine', 'forty_two', 'kadesh_hor', 'kibroth_hazeroth', 'moseroth_seven', 'one_word_added', 'only_here', 'rithmah_paran', 'tape_matched', 'the_last_camp', 'the_verbs', 'unnamed_in_exodus']
   aarons_death_retold          asks ['arad', 'by_the_mouth_kiss', 'moses_seventh_adar', 'no_write', 'the_age', 'the_date', 'the_era_new_year', 'the_eras_stamps', 'the_order', 'verbal_analogy']  kinds ['arad', 'by_the_mouth_kiss', 'moses_seventh_adar', 'no_write', 'the_age', 'the_date', 'the_era_new_year', 'the_eras_stamps', 'the_order', 'verbal_analogy']
   the_command                  asks ['drive_out', 'figured_stones', 'high_places', 'molten_images', 'negative_arm', 'possess_and_dwell', 'private_altar_eras', 'the_frame', 'the_lot_arms', 'the_lot_restated', 'three_objects_own', 'when_you_pass']  kinds ['drive_out', 'figured_stones', 'high_places', 'molten_images', 'negative_arm', 'possess_and_dwell', 'private_altar_eras', 'the_frame', 'the_lot_arms', 'the_lot_restated', 'three_objects_own', 'when_you_pass']
   law_journeys                 asks []  kinds ['dispossession_case', 'dispossession_commanded', 'gods_judged_at_the_departure', 'journeys_case', 'journeys_written']
   DATA keys (13): ['aarons_age', 'arads_hearing', 'negative_arm_outcome', 'the_camps_extent', 'the_death_date', 'the_deuteronomy_order', 'the_eras_stamps', 'the_four_writings', 'the_judgments_on_the_gods', 'the_lot_restated', 'the_morrow_of_the_passover', 'the_stations', 'the_three_objects']
   imports: ['cold_run_balak', 'cold_run_beha', 'cold_run_chukat', 'cold_run_erection', 'cold_run_exodus_story', 'cold_run_gad_reuben', 'cold_run_holiness', 'cold_run_pesach', 'cold_run_second_census', 'cold_run_shelach']
   lines with 'Deut 10'         : 1  e.g. ['(\'Num 33:30-38 / Deut 10:6-7; Seder Olam 9:2 by CALL — Moseroth seven before Hor\', lambda: the_stations({\'ask\': \'moseroth_seven\'}, DATA), "Moseroth se']
   lines with 'Deuteronomy 10'  : 9  e.g. ["('במסרות',   33, 30, 'at Moseroth — Deuteronomy 10:6; seven camps before Mount Hor'),"]
   lines with 'ark'             : 32  e.g. ["# the chapter and the tape's witness, EIGHTEEN named nowhere else; the departure retold with the tape's own date (33:3 = the exodus marker) and"]
   lines with 'tablet'          : 2  e.g. ['\'the_four_writings\': {\'value\': [\'Exod 24:4\', \'Num 33:2\', \'Deut 31:9\', \'Deut 31:22\'], \'settings\': {\'four\': "\'and Moses wrote\' at four Torah seats — the']
   lines with 'Levi'            : 23  e.g. ["import cold_run_holiness as HL                   # THE EDGE: journeys -> holiness CALL, reference (Leviticus 19:4's molten gods)"]
   lines with 'Moserah'         : 7  e.g. ["import cold_run_chukat as CK                     # THE EDGE: journeys -> chukat CALL, reference (Kadesh, Mount Hor, the death's date and age, Arad's h"]
   lines with 'Mount Hor'       : 19  e.g. ["# palms; Etham for Shur; Rithmah for Paran; Moseroth seven camps before Mount Hor — the shelf's retreat of seven stations); Aaron's death"]
   lines with 'seventy'         : 4  e.g. ["('תמרים',    33, 9,  'palm trees — seventy'),"]
   lines with "'33:3"           : 18  e.g. ['ink(\'33:3\', \'"from Rameses in the first month, on the fifteenth day of the first month" — [%d] with the ordinals %s = %s; the full phrase %s (one seat']
   lines with 'Seder Olam'      : 13  e.g. ["assert PLACES_EN.index('Moseroth') + 7 == PLACES_EN.index('Mount Hor') and PLACES_EN.index('Kadesh') + 1 == PLACES_EN.index('Mount Hor'), (PLACES_EN.i"]
   lines with 'Rosh Hashanah 3a': 6  e.g. ['\'arads_hearing\': {\'value\': CK.DATA[\'arad_heard\'][\'value\'], \'settings\': dict(CK.DATA[\'arad_heard\'][\'settings\'], **{\'sihon_arad_canaan_one_person\': "Ros']
   broad counts: {'inheritance': 1, 'Aaron': 40, 'buried': 3, 'Eleazar': 1, 'forty': 35, 'serve': 2, "'33:1": 7, 'installed_by': 2, 'given_at': 1}
==== korach: 17 defs ['strip', 'verse_text', 'seats_of_stem', 'seats_of', 'ink', 'move', 'dat', 'out', 'clause', 'rebellion', 'plague_and_staffs', 'the_watch', 'the_gifts', 'the_tithe', 'law_korach', 'scene', 'narrative']
   rebellion                    asks ['congregation_ten', 'death_mode', 'earth_mouth_cain', 'elect', 'exclusion_by_sin', 'fire', 'names', 'new_creation', 'not_for_heaven', 'oath', 'oath_warning_formula', 'share', 'sons_of_korach', 'summons_procedure', 'swallowed', 'test', 'too_much_returned', 'took', 'two_hundred_fifty', 'visiting_the_sick', 'what_moses_heard', 'wives']  kinds ['congregation_ten', 'death_mode', 'earth_mouth_cain', 'elect', 'exclusion_by_sin', 'fire', 'names', 'new_creation', 'not_for_heaven', 'oath', 'oath_warning_formula', 'share', 'sons_of_korach', 'summons_procedure', 'swallowed', 'test', 'too_much_returned', 'took', 'two_hundred_fifty', 'visiting_the_sick', 'what_moses_heard', 'wives']
   plague_and_staffs            asks ['angel_of_death', 'budded', 'burning_mode', 'elevate_in_sanctity', 'fire_from_the_altar', 'incense_atones', 'levite_at_another_work', 'maintaining_a_dispute', 'plague_count', 'staff_hidden', 'staffs_count', 'stranger_incense_ban', 'three_deaths', 'whoever_comes_near']  kinds ['angel_of_death', 'budded', 'burning_mode', 'elevate_in_sanctity', 'fire_from_the_altar', 'incense_atones', 'levite_at_another_work', 'maintaining_a_dispute', 'plague_count', 'staff_hidden', 'staffs_count', 'stranger_incense_ban', 'three_deaths', 'whoever_comes_near']
   the_watch                    asks ['fence', 'genealogy_chamber', 'given_to_the_lord', 'iniquity_of_the_priesthood', 'iniquity_of_the_sanctuary', 'lots', 'no_more_wrath', 'service_of_gift', 'song', 'stranger_death', 'stranger_death_scope', 'stranger_warning', 'washing_hands', 'watch_places', 'watch_stories', 'why_reiterate']  kinds ['fence', 'genealogy_chamber', 'given_to_the_lord', 'iniquity_of_the_priesthood', 'iniquity_of_the_sanctuary', 'lots', 'no_more_wrath', 'service_of_gift', 'song', 'stranger_death', 'stranger_death_scope', 'stranger_warning', 'washing_hands', 'watch_places', 'watch_stories', 'why_reiterate']
   the_gifts                    asks ['ass_redeem_or_break', 'betrothed_eats', 'bikkurim', 'bikkurim_eaters', 'bikkurim_partners', 'bikkurim_scope', 'blemish_expert', 'blemished_firstborn', 'blemished_keeping', 'breast_and_thigh', 'clean_firstborn', 'covenant_of_salt', 'covenant_reason', 'devote_firstborn', 'devoted', 'devoted_status', 'devoted_to_whom', 'devotion_by_priests', 'donkey_doubt', 'doubtful_terumah_watch', 'eaten_in_greatness', 'every_male', 'firstborn_blood_mixed', 'firstborn_blood_placement', 'firstborn_eaters', 'firstborn_eating_window', 'firstborn_for_redemption', 'firstborn_portions', 'firstborn_resembles', 'firstborn_sale', 'firstborn_substitute', 'firstborn_without_altar', 'five_sela_coinage', 'from_the_fire', 'gentile_consecrations', 'household', 'impure_terumah_benefit', 'levite_donkey', 'most_holy_eating_place', 'most_holy_list', 'most_holy_portion_use', 'opens_the_womb', 'raise_before_giving', 'redeeming_lamb', 'redemption_before_thirty', 'redemption_means', 'redemption_money_lost', 'redemption_rate', 'redemption_timing', 'returned', 'salt_source', 'self_redemption', 'suspect_firstborn', 'suspect_principle', 'the_best_triad', 'three_crowns', 'twenty_four', 'twenty_gerah_floor', 'twins', 'unclean_firstborn_scope', 'with_joy']  kinds ['ass_redeem_or_break', 'betrothed_eats', 'bikkurim', 'bikkurim_eaters', 'bikkurim_partners', 'bikkurim_scope', 'blemish_expert', 'blemished_firstborn', 'blemished_keeping', 'breast_and_thigh', 'clean_firstborn', 'covenant_of_salt', 'covenant_reason', 'devote_firstborn', 'devoted', 'devoted_status', 'devoted_to_whom', 'devotion_by_priests', 'donkey_doubt', 'doubtful_terumah_watch', 'eaten_in_greatness', 'every_male', 'firstborn_blood_mixed', 'firstborn_blood_placement', 'firstborn_eaters', 'firstborn_eating_window', 'firstborn_for_redemption', 'firstborn_portions', 'firstborn_resembles', 'firstborn_sale', 'firstborn_substitute', 'firstborn_without_altar', 'five_sela_coinage', 'from_the_fire', 'gentile_consecrations', 'household', 'impure_terumah_benefit', 'levite_donkey', 'most_holy_eating_place', 'most_holy_list', 'most_holy_portion_use', 'opens_the_womb', 'raise_before_giving', 'redeeming_lamb', 'redemption_before_thirty', 'redemption_means', 'redemption_money_lost', 'redemption_rate', 'redemption_timing', 'returned', 'salt_source', 'self_redemption', 'suspect_firstborn', 'suspect_principle', 'the_best_triad', 'three_crowns', 'twenty_four', 'twenty_gerah_floor', 'twins', 'unclean_firstborn_scope']
   the_tithe                    asks ['agent', 'agent_gentile', 'as_wages', 'bought_from_gentile', 'confession', 'estimate', 'every_place', 'exclusion_table', 'from_it', 'gentile_tithe', 'household_deputes', 'impure_for_pure', 'inferior_for_superior', 'israelite_benefit_from_terumah', 'kind_for_kind', 'levite_he', 'levite_preceded', 'liable_produce', 'mourner', 'no_inheritance', 'one_in_a_hundred', 'partners', 'pointer_paid', 'recipients', 'removal', 'so_you_too', 'terumah_measure', 'terumah_status', 'the_best', 'third_year', 'thresholds', 'tithe_of_the_tithe', 'tithe_recipient', 'tithe_terumah_betrothal', 'tithe_to_foreigners', 'tithe_to_levites', 'wage', 'what_remains_common', 'who_separates', 'who_separates_tithe_terumah', 'wrong_order', 'you_shall_not_die']  kinds ['agent', 'agent_gentile', 'as_wages', 'bought_from_gentile', 'confession', 'estimate', 'every_place', 'exclusion_table', 'from_it', 'gentile_tithe', 'household_deputes', 'impure_for_pure', 'inferior_for_superior', 'israelite_benefit_from_terumah', 'kind_for_kind', 'levite_he', 'levite_preceded', 'liable_produce', 'mourner', 'no_inheritance', 'one_in_a_hundred', 'partners', 'pointer_paid', 'recipients', 'removal', 'so_you_too', 'terumah_measure', 'terumah_status', 'the_best', 'third_year', 'thresholds', 'tithe_of_the_tithe', 'tithe_recipient', 'tithe_terumah_betrothal', 'tithe_to_foreigners', 'tithe_to_levites', 'wage', 'what_remains_common', 'who_separates', 'who_separates_tithe_terumah', 'wrong_order', 'you_shall_not_die']
   law_korach                   asks []  kinds ['aarons_staff_kept', 'censers_beaten_into_plates', 'censers_commanded', 'censers_offered_at_the_tent', 'congregation_despaired', 'congregation_murmured_you_killed', 'congregation_withdrew', 'creation_test_declared', 'dathan_and_abiram_refused', 'earth_swallowed', 'fire_consumed_the_two_hundred_fifty', 'get_up_commanded', 'gifts_granted', 'korach_case', 'korach_gathered_against', 'levites_rebuked', 'moses_and_aaron_pleaded', 'moses_set_the_test', 'moses_swore', 'plague_begun_and_stayed', 'plague_staff_case', 'portion_declared', 'priestly_gifts_case', 'separation_commanded', 'staffs_commanded', 'staffs_laid_and_budded', 'stranger_service_case', 'tithe_case', 'tithe_of_the_tithe_commanded', 'watch_case', 'watch_given_to_aaron']
   DATA keys (36): ['betrothed_eats', 'devotion_by_priests', 'devotion_default', 'dispute_not_for_heaven', 'donkey_timing', 'doubtful_terumah_watch', 'earth_mouth', 'every_place', 'exclusion_table', 'firstborn_eaters', 'firstborn_threshold', 'genealogy_chamber', 'incense_stays_plague', 'korach_death_mode', 'korach_share', 'lamb_responsibility', 'levite_at_another_work', 'levite_wage_condition', 'lots', 'maintaining_a_dispute', 'most_holy_portion_use', 'one_in_a_hundred', 'one_spilling', 'raise_before_giving', 'redeeming_lamb', 'redemption_means', 'sons_of_korach', 'staff_hidden_with', 'terumah_measure', 'the_twenty_four', 'three_crowns', 'tithe_recipient', 'tithe_thresholds', 'watch_places', 'wives', 'zar_who_served']
   imports: ['cold_run_bamidbar', 'cold_run_chatat', 'cold_run_holiness_b', 'cold_run_incense_shekel', 'cold_run_minchah', 'cold_run_moadim', 'cold_run_naso', 'cold_run_offerings', 'cold_run_pesach', 'cold_run_priesthood', 'cold_run_temurah', 'cold_run_tzav', 'cold_run_vayikra5', 'cold_run_yovel', 'cold_run_zelophehad']
   lines with 'Deut 10'         : 3  e.g. ['ink(\'18:20\', \'"in their land you shall not inherit, and you shall have no portion among them; I am your portion and your inheritance"\'); move(\'Onkelos']
   lines with 'ark'             : 11  e.g. ["NS_TM = NS.restitution({'ask': 'terumah_measure'}, NS.DATA)[0]           # naso's CELL — the floor (Mishnah Terumot 4:5); the ROW terumah_measure is T"]
   lines with 'hew'             : 3  e.g. ['\'genealogy_chamber\': {\'value\': \'chamber_of_hewn_stone\', \'settings\': {\'chamber_of_hewn_stone\': "\'within the veil\' — the chamber where the great court j']
   lines with 'Levi'            : 93  e.g. ['\'levite_at_another_work\': {\'value\': \'death_by_heaven\', \'settings\': {\'death_by_heaven\': "a Levite at the priests\' work or at another Levite\'s work is l']
   lines with 'minister'        : 1  e.g. ['ink(\'16:26\', \'"turn aside, I pray, from the tents of these wicked men and touch nothing of theirs, lest you be swept away" — Sodom\\\'s verbs (Gen 19:2,']
   lines with 'stranger'        : 39  e.g. ["# after seven rows failed first); the firstborn's redemption CALLED from Bamidbar (with its row zar_who_served for the stranger's death),"]
   lines with 'Menachot 99'     : 4  e.g. ['ink(\'17:3-4\', \'"let them be made beaten plates, a covering for the altar, for they offered them before the LORD and they became holy" — the plate-word']
   broad counts: {'inheritance': 23, 'portion': 26, 'Aaron': 46, 'Eleazar': 2, 'forty': 1, 'face': 4, 'serve': 22, "'3:": 1, "'18:": 71, "'1:5": 1, 'installed_by': 1}
==== midian: 20 defs ['strip', 'verse_text', 'words', 'ink', 'move', 'dat', 'hyp', 'out', 'seats', 'torah_seats', 'the_vengeance', 'the_war', 'the_sentence', 'the_purification', 'the_vessels', 'the_division', 'the_gold', 'law_midian', 'scene', 'narrative']
   the_vengeance                asks ['delivered', 'gathered_after', 'holy_vessels', 'levi_in_the_muster', 'moab_spared', 'muster', 'muster_count', 'phinehas_anointed_for_war', 'phinehas_lineage', 'the_command', 'the_trumpets', 'vengeance_of_the_lord', 'war_clause']  kinds ['delivered', 'gathered_after', 'holy_vessels', 'levi_in_the_muster', 'moab_spared', 'muster', 'muster_count', 'phinehas_anointed_for_war', 'phinehas_lineage', 'the_command', 'the_trumpets', 'vengeance_of_the_lord', 'war_clause']
   the_war                      asks ['balaam', 'brought_to_moses', 'captives', 'cities_burned', 'every_male', 'five_kings', 'joshua_13', 'receipt', 'spoil', 'zur']  kinds ['balaam', 'brought_to_moses', 'captives', 'cities_burned', 'every_male', 'five_kings', 'joshua_13', 'receipt', 'spoil', 'zur']
   the_sentence                 asks ['anger_seats', 'deuteronomy_20', 'every_female_kept', 'frontplate_test', 'in_the_name_of_its_sayer', 'jabesh_gilead', 'known_a_man_test', 'moses_wrath', 'proselyte_age', 'punish_by_inference', 'the_sentence']  kinds ['anger_seats', 'deuteronomy_20', 'every_female_kept', 'frontplate_test', 'in_the_name_of_its_sayer', 'jabesh_gilead', 'known_a_man_test', 'moses_wrath', 'proselyte_age', 'punish_by_inference', 'the_sentence']
   the_purification             asks ['camp_entry_reading', 'captives_sprinkled', 'carcass_grade', 'four_materials', 'goat_work_reading', 'outside_the_camp', 'receptacles', 'removes', 'schedule', 'seven_days_floor', 'sword_like_slain', 'the_transfer']  kinds ['camp_entry_reading', 'captives_sprinkled', 'carcass_grade', 'four_materials', 'goat_work_reading', 'outside_the_camp', 'receptacles', 'removes', 'schedule', 'seven_days_floor', 'sword_like_slain', 'the_transfer']
   the_vessels                  asks ['as_it_absorbs', 'eleazar_before_his_teacher', 'immersion_scope', 'immersion_source', 'installed_by', 'kashering', 'kashering_modes', 'same_day_pot', 'six_metals', 'statute_head', 'taste_as_substance', 'the_line', 'water_of_sprinkling']  kinds ['as_it_absorbs', 'eleazar_before_his_teacher', 'immersion_scope', 'immersion_source', 'installed_by', 'kashering', 'kashering_modes', 'same_day_pot', 'six_metals', 'statute_head', 'taste_as_substance', 'the_line', 'water_of_sprinkling']
   the_division                 asks ['halve', 'levites_charge', 'levites_rate', 'lift_the_head', 'private_plunder', 'register_gate', 'terumah_measure', 'the_count', 'the_halving_check', 'the_levites_share', 'the_tribute_check', 'thing_parties', 'three_debits', 'tribute_rate']  kinds ['halve', 'levites_charge', 'levites_rate', 'lift_the_head', 'private_plunder', 'register_gate', 'terumah_measure', 'the_count', 'the_halving_check', 'the_levites_share', 'the_tribute_check', 'thing_parties', 'three_debits', 'tribute_rate']
   the_gold                     asks ['atonement_reading', 'gold_weight', 'memorial', 'not_one_missing_reading', 'ornaments', 'ornaments_impure', 'ransom_at_a_count', 'the_count']  kinds ['atonement_reading', 'gold_weight', 'memorial', 'not_one_missing_reading', 'ornaments', 'ornaments_impure', 'ransom_at_a_count', 'the_count']
   law_midian                   asks []  kinds ['captive_sentence_case', 'captives_and_spoil_taken', 'kings_and_balaam_slain', 'levites_portion_given', 'midian_army_mustered', 'midian_vengeance_commanded', 'midian_war_case', 'midian_warred', 'moses_wroth_at_the_officers', 'officers_gold_brought', 'officers_gold_case', 'prey_counted', 'prey_division_case', 'prey_division_commanded', 'tribute_given', 'vessel_of_war_case', 'vessels_statute_spoken', 'warriors_purification_case', 'warriors_purification_commanded']
   DATA keys (25): ['anger_seats', 'atonement_reading', 'balaam_death', 'camp_entry_reading', 'castles_reading', 'cozbi_and_zur', 'delivered_how', 'frontplate_test', 'goat_work_reading', 'holy_vessels', 'immersion_source', 'kashering_modes', 'known_a_man_test', 'levi_in_the_muster', 'levites_rate_reading', 'muster_count', 'oppression_scope', 'ornaments_reading', 'phinehas_lineage', 'proselyte_age', 'punish_by_inference', 'sword_like_slain', 'tent_gentile', 'tribute_rate_reading', 'trigger_parameter']
   imports: ['cold_run_balak', 'cold_run_bamidbar', 'cold_run_beha', 'cold_run_chukat', 'cold_run_incense_shekel', 'cold_run_shemini']
   lines with 'Deut 10'         : 2  e.g. ["assert TIN == ['Deut 10:8', 'Num 16:9', 'Num 31:22'] and LEAD == ['Num 31:22', 'Zech 5:8'], (TIN, LEAD)"]
   lines with 'ark'             : 15  e.g. ["assert MARKED == [(28, 'אחד/500%'), (30, 'אחד/50%'), (42, 'וממחצית%'), (47, 'אחד/50%')], MARKED                                          # the one car"]
   lines with 'tablet'          : 4  e.g. ['\'holy_vessels\': {\'value\': \'the_ark_and_the_frontplate\', \'settings\': {\'the_ark_and_the_frontplate\': "the Sifrei 157:4: the holy vessels — the ark and t']
   lines with 'Levi'            : 54  e.g. ["# captives (31:19 — the gentile's corpse by touch and carrying); the four materials of 31:20 against Leviticus 11:32's four ON THE DB (the"]
   lines with 'minister'        : 1  e.g. ['\'punish_by_inference\': {\'value\': \'refused\', \'settings\': {\'refused\': "we do not punish by inference — the second \'kill\' of 31:17 written because the a-']
   lines with 'seventy'         : 6  e.g. ['return [E_(\'counted\', \'the-prey\', value=TOTALS[0], law=\'F6 [INK 31:32 "and the prey, the rest of the plunder which the people of the army took, was: s']
   lines with 'Shekalim'        : 1  e.g. ['\'trigger_parameter\': {\'value\': IS.shekel(\'trigger_parameter\')[\'v\'], \'settings\': {\'census\': "the ink: the ransom at a count (Exodus 30:12 \'when you lif']
   broad counts: {'portion': 27, 'Eleazar': 43, 'forty': 5, 'face': 4, 'serve': 1, 'installed_by': 7, 'given_at': 2}
==== mishpatim: 6 defs ['strip', 'words', 'has_lemma', 'grade', 'law_mishpatim', 'scene']
   law_mishpatim                asks []  kinds ['animal_stolen', 'field_grazed', 'fire_spread', 'men_quarrel', 'pit_opened', 'redeemed_by_deduction']
   imports: []
   lines with 'ark'             : 2  e.g. ["mark = 'ok' if verdict == want else 'MISMATCH'"]
   lines with 'Levi'            : 1  e.g. ['\'IMPORT [Leviticus 25; Kiddushin 15a:19: written even for the pierced "forever"]\', \'ROUTED/IMPORT\'),']
   broad counts: {"'4:": 1}
==== moadim: 16 defs ['strip', 'toks', 'count', 'cell', 'work_class', 'yom_kippur', 'omer', 'shavuot_animals', 'two_loaves', 'rosh_hashanah', 'sukkot', 'sabbath_vs_festival', 'passover', 'law_moadim', 'scene', 'mishnah']
   law_moadim                   asks []  kinds ['booths_dwelt', 'four_species_taken', 'harvest_reaped', 'holy_convocation_proclaimed', 'omer_brought', 'paschal_offered', 'two_loaves_brought', 'yom_kippur_kept']
   imports: ['cold_run_calendar', 'cold_run_minchah', 'cold_run_offerings', 'cold_run_pesach']
   lines with 'Levi'            : 1  e.g. ['"""cold_run_moadim.py — THE APPOINTED TIMES ENGINE (Leviticus 23),']
   broad counts: {'forty': 2}
==== naso: 20 defs ['strip', 'verse_text', 'raw_words', 'ink', 'move', 'dat', 'out', 'prince_of', 'work_count', 'camp_purity', 'restitution', 'sotah', 'nazirite', 'blessing', 'wagons', 'dedication', 'voice', 'law_naso', 'scene', 'narrative']
   work_count                   asks ['ages', 'counts', 'fitness', 'formula', 'loads', 'princes', 'shares', 'song', 'under']  kinds ['ages', 'counts', 'fitness', 'formula', 'loads', 'princes', 'shares', 'song', 'under']
   camp_purity                  asks ['classes', 'day', 'entered_impure', 'impure_pesach', 'ladder', 'leper_entered', 'run_doubled', 'tent_rolled_up', 'tevul_yom_pesach', 'three_camps', 'warning', 'who_is_sent']  kinds ['classes', 'day', 'entered_impure', 'impure_pesach', 'ladder', 'leper_entered', 'run_doubled', 'tent_rolled_up', 'tevul_yom_pesach', 'three_camps', 'warning', 'who_is_sent']
   restitution                  asks ['algebra', 'blemished_priests_offering', 'confessed_after_oath', 'confession', 'fifth', 'fifth_not_precluding', 'firstborn_thirty', 'given_then_died', 'order', 'owners_choice', 'priest_thief', 'principal', 'proselyte_dead', 'proselyte_female', 'remainder', 'robbed_father', 'robber_died_before', 'terumah_measure', 'tithe_inserted', 'to_whom', 'woman_equals_man']  kinds ['algebra', 'blemished_priests_offering', 'confessed_after_oath', 'confession', 'fifth', 'fifth_not_precluding', 'firstborn_thirty', 'given_then_died', 'order', 'owners_choice', 'priest_thief', 'principal', 'proselyte_dead', 'proselyte_female', 'remainder', 'robbed_father', 'robber_died_before', 'terumah_measure', 'tithe_inserted', 'to_whom', 'woman_equals_man']
   sotah                        asks ['abolished', 'admonition', 'amen_amen', 'amen_is_oath', 'bitter_added', 'bringing_near', 'conditions', 'confesses', 'contradicting', 'court', 'court_warns', 'defiled_consequences', 'disabled', 'doubt_forbids', 'drinks_twice', 'ephah', 'escort', 'fistful', 'for_her_name', 'husband_clean', 'husband_dead', 'husband_first', 'intercourse', 'language', 'levirate', 'minchah_disposition', 'minchah_form', 'minchah_not_for_its_name', 'oath_form', 'oath_order', 'oath_scope', 'oaths_count', 'order', 'outcome', 'paramour_tested', 'place', 'preconditions', 'refuses', 'rumor', 'scroll_before_oath', 'scroll_erasure', 'scroll_material', 'scroll_order', 'scroll_text', 'scroll_time', 'secluded', 'several_warnings', 'spelling', 'status', 'time', 'two_at_once', 'uncovering', 'vessel', 'warned_about', 'warning_permitted', 'warning_scope', 'water_and_dust', 'waving', 'witness_of_defilement', 'witnesses', 'witnesses_conspiring', 'witnesses_overseas']  kinds ['abolished', 'admonition', 'amen_amen', 'amen_is_oath', 'bitter_added', 'bringing_near', 'conditions', 'confesses', 'contradicting', 'court', 'court_warns', 'defiled_consequences', 'disabled', 'doubt_forbids', 'drinks_twice', 'ephah', 'escort', 'fistful', 'for_her_name', 'husband_clean', 'husband_dead', 'husband_first', 'intercourse', 'language', 'levirate', 'minchah_disposition', 'minchah_form', 'minchah_not_for_its_name', 'oath_form', 'oath_order', 'oath_scope', 'oaths_count', 'order', 'outcome', 'paramour_tested', 'place', 'preconditions', 'refuses', 'rumor', 'scroll_before_oath', 'scroll_erasure', 'scroll_material', 'scroll_order', 'scroll_text', 'scroll_time', 'secluded', 'several_warnings', 'spelling', 'status', 'time', 'two_at_once', 'uncovering', 'vessel', 'warned_about', 'warning_permitted', 'warning_scope', 'water_and_dust', 'waving', 'witness_of_defilement', 'witnesses']
   nazirite                     asks ["'nullified_after_separation', 'died_with_funds'", 'after_term_before_offerings', 'asham', 'ate', 'benefit_from_wine', 'birds', 'chained_vows', 'completion', 'conditioned_on_birth', 'defiled', 'designated_by_others', 'dissolved_by_sage', 'doubtful_leper', 'doubtful_vow', 'exemptions', 'father_vows_son', 'final_shaving_tool', 'foreleg', 'foreleg_bounds', 'hair', 'hair_under_pot', 'husband_annuls_after', 'impure_after_first_blood', 'impurity_for', 'impurity_kinds', 'impurity_lashes', 'lashes_count', 'leper_nazirite_shaves', 'loaves', 'met_mitzvah_with_high_priest', 'mitzvah_wine', 'nullified_unknown', 'oath_on_seed', 'permitted_after', 'ram_eaten_by', 'shaved_by_another', 'shaved_on_invalid', 'shaves_on_fathers_funds', 'shaving_amount', 'shaving_day', 'shaving_means', 'sinner', 'spouse_and_i', 'term', 'two_doubtful', 'two_terms_order', 'vow_form', 'vow_in_error', 'vow_on_vow', 'vowed_abroad', 'vowed_in_cemetery', 'waving_indispensable', 'what_negates', 'where_shaves', 'who_vows']  kinds ['after_term_before_offerings', 'asham', 'ate', 'benefit_from_wine', 'birds', 'chained_vows', 'completion', 'conditioned_on_birth', 'defiled', 'designated_by_others', 'dissolved_by_sage', 'doubtful_leper', 'doubtful_vow', 'exemptions', 'father_vows_son', 'final_shaving_tool', 'foreleg', 'foreleg_bounds', 'hair', 'hair_under_pot', 'husband_annuls_after', 'impure_after_first_blood', 'impurity_for', 'impurity_kinds', 'impurity_lashes', 'lashes_count', 'leper_nazirite_shaves', 'loaves', 'met_mitzvah_with_high_priest', 'mitzvah_wine', 'nullified_unknown', 'oath_on_seed', 'permitted_after', 'ram_eaten_by', 'shaved_by_another', 'shaved_on_invalid', 'shaves_on_fathers_funds', 'shaving_amount', 'shaving_day', 'shaving_means', 'sinner', 'spouse_and_i', 'term', 'two_doubtful', 'two_terms_order', 'vow_form', 'vow_in_error', 'vow_on_vow', 'vowed_abroad', 'vowed_in_cemetery', 'waving_indispensable', 'what_negates', 'where_shaves', 'who_vows']
   blessing                     asks ['counts', 'face_lifted', 'form', 'four_times', 'language', 'name', 'priests_blessed', 'quorum', 'three_commands', 'translated', 'who_blesses', 'who_is_blessed']  kinds ['counts', 'face_lifted', 'form', 'four_times', 'language', 'name', 'priests_blessed', 'quorum', 'three_commands', 'translated', 'who_blesses', 'who_is_blessed']
   wagons                       asks ['accepted', 'anointing', 'covered', 'day', 'distribution', 'numbers', 'shoulder']  kinds ['accepted', 'anointing', 'covered', 'day', 'distribution', 'numbers', 'shoulder']
   dedication                   asks ['animal_age', 'animals', 'bowls_sanctify_dry', 'credited', 'dish', 'exceptions', 'first_day', 'full', 'goat', 'one_text', 'order', 'pan', 'per_day', 'sabbath', 'same_day', 'totals', 'vessel_joins', 'weights']  kinds ['animal_age', 'animals', 'bowls_sanctify_dry', 'credited', 'dish', 'exceptions', 'first_day', 'full', 'goat', 'one_text', 'order', 'pan', 'per_day', 'sabbath', 'same_day', 'totals', 'vessel_joins', 'weights']
   voice                        asks ['door', 'exclusions', 'great_voice', 'reflexive', 'third_verse', 'who_heard']  kinds ['door', 'exclusions', 'great_voice', 'reflexive', 'third_verse', 'who_heard']
   law_naso                     asks ['proselyte_dead']  kinds ['blessing_case', 'dedication_brought', 'dedication_case', 'dedication_order_commanded', 'gershon_service_commanded', 'gifts_case', 'levites_work_counted', 'merari_service_commanded', 'nazirite_case', 'send_out_case', 'send_out_commanded', 'sotah_case', 'theft_confessed_case', 'unclean_sent_out', 'voice_heard_from_the_ark', 'wagons_accepted_commanded', 'wagons_assigned', 'wagons_brought', 'work_count_case']
   DATA keys (22): ['anointing_scope', 'blessing_name_by_place', 'dust_order', 'face_lifted', 'fifth_base', 'general_prohibition_lashes', 'husband_died_ketubah', 'merit_suspends', 'nazir_default_days', 'nazir_leaves', 'nazir_permitted_after', 'nazir_recount_day', 'nazir_vow_scope', 'nazir_wine_pair', 'prince_exceptions', 'princes_order', 'secreting_minimum', 'sotah_order', 'sotah_witness_counts', 'vessel_joining', 'wagons_distribution', 'waters_abolished']
   imports: ['cold_run_bamidbar', 'cold_run_chukat', 'cold_run_clocks', 'cold_run_incense_shekel', 'cold_run_metzora', 'cold_run_minchah', 'cold_run_negaim', 'cold_run_offerings', 'cold_run_priesthood', 'cold_run_tzav', 'cold_run_vayikra5']
   lines with 'Deut 10'         : 2  e.g. ['\'face_lifted\': {\'value\': \'when_they_do_his_will\', \'settings\': {\'when_they_do_his_will\': "the Sifrei 42:2: 6:26 \'lift His face\' when Israel do His will']
   lines with 'ark'             : 22  e.g. ["# and M-26's accent cut at this sitting — census_probes.py 34/34, every marker re-verified), the three camps CALLED from Bamidbar, the"]
   lines with 'tablet'          : 1  e.g. ["move('Mishnah Sotah 2:2; Sotah 15b; Menachot 88b:3; Temurah 12b:6', 'half a log from the laver (R. Yehuda a quarter); the cubit-square tablet, the rin"]
   lines with 'Levi'            : 16  e.g. ["return out('out of all three camps (Israel, Levi, the Presence)', ['sent_outside_the_camp'])"]
   lines with 'minister'        : 1  e.g. ['ink(\'5:21\', \'"the oath of the curse" — Lev 5:1\\\'s "curse" by the identity (Sifrei 14:1)\'); move(\'Shevuot 35b:23-36a:10\', \'an oath is a curse, administ']
   lines with 'circumcis'       : 1  e.g. ["move('Zevachim 100a:6; Sanhedrin 35a:13', 'not — even on the way to the Passover or the circumcision'); return out('not — even on the way to the Passo"]
   lines with 'widow'           : 4  e.g. ['ink(\'5:29\', \'"when a wife, UNDER HER HUSBAND, goes aside"\'); move(\'Mishnah Sotah 4:1; Kiddushin 27b:7; Sotah 24a:11-12\', \'the betrothed and the widow ']
   lines with 'seventy'         : 7  e.g. ['assert TOTALS[84] == [12, 12, 12] and TOTALS[85] == [130, 1, 70, 1, 2400] and TOTALS[86] == [12, 10, 120] and TOTALS[87] == [12, 12, 12, 12] and TOTAL']
   lines with 'Berakhot 20b'    : 3  e.g. ['\'face_lifted\': {\'value\': \'when_they_do_his_will\', \'settings\': {\'when_they_do_his_will\': "the Sifrei 42:2: 6:26 \'lift His face\' when Israel do His will']
   lines with 'Niddah 70b'      : 3  e.g. ['\'face_lifted\': {\'value\': \'when_they_do_his_will\', \'settings\': {\'when_they_do_his_will\': "the Sifrei 42:2: 6:26 \'lift His face\' when Israel do His will']
   lines with 'Sotah 7:6'       : 5  e.g. ['\'blessing_name_by_place\': {\'value\': \'the_name_in_the_temple\', \'settings\': {\'the_name_in_the_temple\': "in the Temple the Name as written; in the provin']
   broad counts: {'bless': 51, 'portion': 3, 'Aaron': 8, 'buried': 5, 'Eleazar': 3, 'forty': 1, 'swear': 1, 'face': 8, 'serve': 5, "'4:": 8, "'6:2": 9, 'installed_by': 1}
==== not_righteousness: 25 defs ['plain', 'pointed', 'words', 'morphs', 'wm', 'hits', 'phrase', 'lemma_of', 'verse_text', 'ink', 'move', 'dat', 'hyp', 'out', 'ledger_scan', 'the_frame', 'the_calf_retold', 'the_forty_days', 'aarons_peril', 'the_four_provocations', 'the_intercession', 'rb', 'law_not_righteousness', 'scene', 'narrative']
   the_frame                    asks ['consuming_fire', 'fortified_to_the_heavens', 'hear_o_israel', 'nations_greater', 'not_for_your_righteousness', 'stiff_necked', 'the_anakim', 'the_oath_to_the_fathers']  kinds ['consuming_fire', 'fortified_to_the_heavens', 'hear_o_israel', 'nations_greater', 'not_for_your_righteousness', 'stiff_necked', 'the_anakim', 'the_oath_to_the_fathers']
   the_calf_retold              asks ['at_horeb_you_provoked', 'gods_word_verbatim', 'let_me_alone', 'remember_do_not_forget', 'the_breaking_in_my_own_words', 'the_calf_ground_to_dust', 'the_calfs_debt', 'the_calfs_own_day', 'the_confession_specified', 'the_descent_and_the_sight', 'the_fragments_in_the_ark', 'the_tablets_of_the_covenant', 'written_with_the_finger']  kinds ['at_horeb_you_provoked', 'gods_word_verbatim', 'let_me_alone', 'remember_do_not_forget', 'the_breaking_in_my_own_words', 'the_calf_ground_to_dust', 'the_calfs_debt', 'the_calfs_own_day', 'the_confession_specified', 'the_descent_and_the_sight', 'the_fragments_in_the_ark', 'the_tablets_of_the_covenant', 'written_with_the_finger']
   the_forty_days               asks ['at_the_end_of_forty_days', 'bread_i_did_not_eat', 'forty_days_forty_nights', 'i_fell_down', 'i_sat_on_the_mount', 'prolong_without_expecting', 'the_first_forty', 'the_second_forty']  kinds ['at_the_end_of_forty_days', 'bread_i_did_not_eat', 'forty_days_forty_nights', 'i_fell_down', 'i_sat_on_the_mount', 'prolong_without_expecting', 'the_first_forty', 'the_second_forty']
   aarons_peril                 asks ['aarons_report_untranslated', 'at_that_time', 'half_the_edict', 'i_prayed_for_aaron', 'the_peril', 'the_re_acceptance']  kinds ['aarons_report_untranslated', 'at_that_time', 'half_the_edict', 'i_prayed_for_aaron', 'the_peril', 'the_re_acceptance']
   the_four_provocations        asks ['kadesh_barnea', 'kibroth_hattaavah', 'massah', 'rebellious_from_the_day', 'taberah', 'the_provocations_order', 'the_ten_trials']  kinds ['kadesh_barnea', 'kibroth_hattaavah', 'massah', 'rebellious_from_the_day', 'taberah', 'the_provocations_order', 'the_ten_trials']
   the_intercession             asks ['do_not_destroy_your_people', 'i_prayed_and_said', 'lest_the_land_say', 'remember_your_servants', 'the_anger_and_the_wrath', 'the_lord_hearkened', 'the_merit_ceased', 'the_three_requests', 'your_people_and_your_inheritance']  kinds ['do_not_destroy_your_people', 'i_prayed_and_said', 'lest_the_land_say', 'remember_your_servants', 'the_anger_and_the_wrath', 'the_lord_hearkened', 'the_merit_ceased', 'the_three_requests', 'your_people_and_your_inheritance']
   law_not_righteousness        asks []  kinds ['not_righteousness_case', 'prayed_for_aaron']
   DATA keys (23): ['solomon_and_nehemiah', 'taberah_outside_the_ten', 'the_asymmetry_megillah_4_10', 'the_calfs_debt', 'the_calfs_own_day', 'the_clock_read_back', 'the_credits', 'the_crowns_of_horeb', 'the_fourth_verb_dropped', 'the_merit_of_the_fathers', 'the_offers_three_forms', 'the_provocations_order', 'the_readback', 'the_second_ascents_date', 'the_stiff_necks_six_seats', 'the_tablets_size', 'the_tablets_three_spellings', 'the_taunts_four_forms', 'the_ten_names_of_prayer', 'the_three_requests', 'the_three_swaps', 'the_three_voices_on_one_pronoun', 'the_uncited_verses']
   imports: ['cold_run_beha', 'cold_run_covenant_at_horeb', 'cold_run_erection', 'cold_run_exodus_story', 'cold_run_good_land', 'cold_run_hear_o_israel', 'cold_run_obey_horeb', 'cold_run_opening_speech', 'cold_run_seven_nations', 'cold_run_shelach', 'cold_run_shemini_day']
   lines with 'Deut 10'         : 8  e.g. ["assert TABLETS_FORMS == [('לוחת', 9), ('לוחת', 9), ('לוחת', 10), ('לחת', 11), ('לחות', 11), ('לחת', 15), ('הלחת', 17)] and U('לוחת') == ['Deut 10:1', "]
   lines with 'ark'             : 70  e.g. ["# no anger at Aaron and no prayer for him — THE TAPE'S HOLE, filled by the retelling and written ONCE at its own day by the RETROGRADE marker at"]
   lines with 'tablet'          : 74  e.g. ["# Numbers 11-14 lines, chapter 4's retrograde tablets_given, the oath's line) or in the kin's cells by CALL — the rows REFERENCE ROWS, never a second"]
   lines with 'hew'             : 1  e.g. ['ink(\'10:1-2\', \'"hew for yourself two tablets of stone like the first … and you shall put them in the ark" (FORWARD — chapter 10\\\'s verses); "which you']
   lines with 'Levi'            : 16  e.g. ["import cold_run_shemini_day as SD              # THE EDGE: not_righteousness -> shemini_day CALL, reference (Leviticus 9:2's calf for the calf — Aaron"]
   lines with 'Mount Hor'       : 3  e.g. ['dat(\'the readback row 9:8 VARIANT — "at Horeb you provoked" for Exodus 32:4\\\'s making; Shabbat 88a:7 the crowns stripped "from Mount Horeb" (Exodus 33']
   lines with 'Bava Batra 14'   : 10  e.g. ['move(\'cold_run_erection (CALL) — ER.tablets(breaking_ratified) = %s\' % (ER_RATIFIED[\'v\'],), "THE BREAKING APPROVED — \'the first tablets WHICH you brok']
   lines with 'Menachot 99'     : 13  e.g. ['move(\'cold_run_erection (CALL) — ER.tablets(breaking_ratified) = %s\' % (ER_RATIFIED[\'v\'],), "THE BREAKING APPROVED — \'the first tablets WHICH you brok']
   lines with 'Seder Olam'      : 2  e.g. ['{\'name\': "the second ascent\'s date", \'verses\': \'Exod 34:2-4, 34:28; Deut 9:18, 9:25, 10:10\', \'the_tape\': "M[\'second_ascent\'] = M[\'second_tablets\'] − 4']
   broad counts: {'bless': 1, 'inheritance': 8, 'Aaron': 42, 'buried': 3, 'Eleazar': 2, 'forty': 82, 'stiff': 23, 'face': 3, 'praise': 3, 'installed_by': 2, 'given_at': 2}
==== obey_horeb: 24 defs ['plain', 'pointed', 'words', 'morphs', 'wm', 'hits', 'phrase', 'lemma_of', 'verse_text', 'ink', 'move', 'dat', 'hyp', 'out', 'rb', 'the_exhortation', 'horeb_retold', 'no_image', 'the_exile_case', 'the_one_god', 'the_cities_and_the_frame', 'law_obey_horeb', 'scene', 'narrative']
   the_exhortation              asks ['add_beside', 'add_nothing', 'add_out_of_its_time', 'baal_peor_seen', 'diminish_nothing', 'god_so_near', 'hear_and_do', 'righteous_statutes', 'taught_as_commanded', 'the_cleaving', 'the_write', 'wisdom_before_the_peoples']  kinds ['add_beside', 'add_nothing', 'add_out_of_its_time', 'baal_peor_seen', 'diminish_nothing', 'god_so_near', 'hear_and_do', 'righteous_statutes', 'taught_as_commanded', 'the_cleaving', 'the_write', 'wisdom_before_the_peoples']
   horeb_retold                 asks ['commanded_to_teach', 'learn_and_teach', 'take_heed_lest_you_forget', 'the_daughters_excluded', 'the_day_at_horeb', 'the_mountain_burning', 'the_ten_words_and_the_tablets', 'the_voice_and_no_form']  kinds ['commanded_to_teach', 'learn_and_teach', 'take_heed_lest_you_forget', 'the_daughters_excluded', 'the_day_at_horeb', 'the_mountain_burning', 'the_ten_words_and_the_tablets', 'the_voice_and_no_form']
   no_image                     asks ['consuming_fire_jealous_god', 'image_for_study', 'image_of_the_host', 'no_form_seen', 'the_bar_third_telling', 'the_covenant_not_forgotten', 'the_host_apportioned', 'the_image_list', 'the_iron_furnace']  kinds ['consuming_fire_jealous_god', 'image_for_study', 'image_of_the_host', 'no_form_seen', 'the_bar_third_telling', 'the_covenant_not_forgotten', 'the_host_apportioned', 'the_image_list', 'the_iron_furnace']
   the_exile_case               asks ['in_your_distress_return', 'perish_and_scatter', 'seek_and_find', 'serve_wood_and_stone', 'the_case_head', 'the_merciful_god', 'the_witnesses']  kinds ['in_your_distress_return', 'perish_and_scatter', 'seek_and_find', 'serve_wood_and_stone', 'the_case_head', 'the_merciful_god', 'the_witnesses']
   the_one_god                  asks ['because_he_loved_your_fathers', 'from_heaven_the_voice', 'keep_the_statutes', 'know_this_day', 'the_former_days', 'the_nation_from_a_nation', 'the_voice_and_lived', 'to_dispossess_nations', 'you_were_shown']  kinds ['because_he_loved_your_fathers', 'from_heaven_the_voice', 'keep_the_statutes', 'know_this_day', 'the_former_days', 'the_nation_from_a_nation', 'the_voice_and_lived', 'to_dispossess_nations', 'you_were_shown']
   the_cities_and_the_frame     asks ['not_until_all_six', 'the_borders_verbatim', 'the_manslayer_defined', 'the_readback_table', 'the_second_frame', 'the_three_names', 'then_moses_set_apart']  kinds ['not_until_all_six', 'the_borders_verbatim', 'the_manslayer_defined', 'the_readback_table', 'the_second_frame', 'the_three_names', 'then_moses_set_apart']
   law_obey_horeb               asks []  kinds ['add_nothing_commanded', 'horeb_case', 'tablets_given', 'ten_words_declared', 'three_cities_set_apart', 'witnesses_called']
   DATA keys (19): ['the_bars_third_telling', 'the_creed', 'the_exile_case', 'the_export_chapter_5', 'the_horeb_hole', 'the_host_apportioned', 'the_inquiry_limits', 'the_instruments', 'the_law_bal_tosif', 'the_manslayer_definition', 'the_no_image_list', 'the_number_switching', 'the_readback', 'the_second_frame', 'the_tablets_plene', 'the_teach_your_sons', 'the_ten_words_seats', 'the_three_cities', 'the_witnesses_chain']
   imports: ['cold_run_balak', 'cold_run_borders', 'cold_run_chukat', 'cold_run_decalogue', 'cold_run_erection', 'cold_run_exodus_story', 'cold_run_opening_speech', 'cold_run_pre_sinai', 'cold_run_primeval', 'cold_run_refuge', 'cold_run_tochacha']
   lines with 'Deut 10'         : 10  e.g. ["assert DIV == [(4, 12)] and P('וידבר', 'יהוה', 'אליכם') == ['Deut 4:12'] and P('דבר', 'יהוה', 'אליכם') == S_('Deut 10:4', 'Deut 4:15') and [(c, v) for"]
   lines with 'ark'             : 29  e.g. ['# (31:18): the two SUPPLIED lines written ONCE at their own time by RETROGRADE markers at Deut 4:10 (the giving, (1, 3, 7)) and 4:13 (the tablets,']
   lines with 'tablet'          : 27  e.g. ["# RECOMPUTED from the DB; THE TAPE'S HOLE FOUND — no line for the speaking of the ten words (Exodus 20:1) nor the giving of the first tablets"]
   lines with 'Levi'            : 9  e.g. ['import cold_run_tochacha as TC                # THE EDGE: obey_horeb -> tochacha CALL, reference (4:27 scattered, 4:31 the covenant not forgotten — Le']
   lines with 'minister'        : 1  e.g. ["'the_no_image_list': {'value': ['a graven image', 'the form of any figure', 'the likeness of male or female', 'any beast on the earth', 'any winged bi"]
   lines with 'cleave'          : 7  e.g. ['rb(\'Deut 4:3-4\', "your eyes have seen what the LORD did at Baal-peor: every man who followed Baal-peor the LORD your God destroyed from your midst; yo']
   lines with 'Menachot 99'     : 6  e.g. ['\'the_teach_your_sons\': {\'value\': {\'who\': \'the_sons_and_the_sons_sons\', \'not\': \'the_daughters\', \'extent\': \'bible_alone\'}, \'settings\': {\'kiddushin\': "th']
   broad counts: {'bless': 2, 'inheritance': 4, 'portion': 9, 'forty': 3, 'face': 2, 'stars': 6, 'serve': 8, "'4:": 53, 'installed_by': 3, 'given_at': 2}
==== opening_speech: 25 defs ['strip', 'verse_text', 'words', 'ink', 'move', 'dat', 'hyp', 'out', '_has', 'seats', 'tok', 'lemma_seats', 'rb', 'the_commission', 'the_frame', 'the_officers_and_the_judges', 'the_spies_read_back', 'the_bypass', 'sihon_and_og', 'the_east_and_the_charges', 'the_plea', '_closed_by_prior_run', 'law_opening_speech', 'scene', 'narrative']
   the_commission               asks ['the_debit', 'the_hand_laid', 'the_honor', 'the_mountain', 'the_receipt', 'the_sentence_cited', 'the_shepherd', 'the_urim']  kinds ['the_debit', 'the_hand_laid', 'the_honor', 'the_mountain', 'the_receipt', 'the_sentence_cited', 'the_shepherd', 'the_urim']
   the_frame                    asks ['after_sihon', 'began_to_expound', 'the_date', 'the_eleven_days', 'the_receipt_of_the_rules', 'the_words', 'the_write']  kinds ['after_sihon', 'began_to_expound', 'the_date', 'the_eleven_days', 'the_receipt_of_the_rules', 'the_words', 'the_write']
   the_officers_and_the_judges  asks ['a_man_excludes_the_minor', 'all_the_things', 'be_deliberate', 'hear', 'judge_righteously', 'money_and_capital', 'no_faces', 'no_fear', 'small_and_great', 'the_al_tikrei', 'the_appointer', 'the_blessing', 'the_burden', 'the_charge', 'the_compromise', 'the_count', 'the_court_of_three', 'the_gentile_litigant', 'the_grains', 'the_hard_matter', 'the_horeb_command', 'the_judgment_is_gods', 'the_officers', 'the_perverting_judge', 'the_qualities', 'the_refusal_before_hearing', 'the_regions', 'the_stranger']  kinds ['a_man_excludes_the_minor', 'all_the_things', 'be_deliberate', 'hear', 'judge_righteously', 'money_and_capital', 'no_faces', 'no_fear', 'small_and_great', 'the_al_tikrei', 'the_appointer', 'the_blessing', 'the_burden', 'the_charge', 'the_compromise', 'the_count', 'the_court_of_three', 'the_gentile_litigant', 'the_grains', 'the_hard_matter', 'the_horeb_command', 'the_judgment_is_gods', 'the_officers', 'the_perverting_judge', 'the_qualities', 'the_refusal_before_hearing', 'the_regions', 'the_stranger']
   the_spies_read_back          asks ['good_is_the_land', 'joshua_shall_go_in', 'many_days_at_kadesh', 'the_asking', 'the_bars_ground', 'the_carrying', 'the_exceptions', 'the_little_ones', 'the_murmuring', 'the_oath', 'the_pillar', 'the_presumption', 'the_readback_table', 'the_turn_back', 'the_twelve', 'the_valley', 'the_weeping']  kinds ['good_is_the_land', 'joshua_shall_go_in', 'many_days_at_kadesh', 'the_asking', 'the_bars_ground', 'the_carrying', 'the_exceptions', 'the_little_ones', 'the_murmuring', 'the_oath', 'the_pillar', 'the_presumption', 'the_readback_table', 'the_turn_back', 'the_twelve', 'the_valley', 'the_weeping']
   the_bypass                   asks ['ammon', 'esau', 'forty_years_lacking_nothing', 'harassing_permitted', 'moab', 'sihon_commanded', 'the_avvim', 'the_emim', 'the_men_of_war_consumed', 'the_route', 'the_speech_resumed', 'the_turn', 'the_zered']  kinds ['ammon', 'esau', 'forty_years_lacking_nothing', 'harassing_permitted', 'moab', 'sihon_commanded', 'the_avvim', 'the_emim', 'the_men_of_war_consumed', 'the_route', 'the_speech_resumed', 'the_turn', 'the_zered']
   sihon_and_og                 asks ['aroer_to_gilead', 'hermon', 'jahaz', 'og_turned', 'ogs_bed', 'the_ban', 'the_edom_disagreement', 'the_hardening', 'the_messengers', 'the_sixty_cities', 'the_written_and_read']  kinds ['aroer_to_gilead', 'hermon', 'jahaz', 'og_turned', 'ogs_bed', 'the_ban', 'the_edom_disagreement', 'the_hardening', 'the_messengers', 'the_sixty_cities', 'the_written_and_read']
   the_east_and_the_charges     asks ['jair', 'joshuas_charge', 'machir', 'the_borders', 'the_charge_to_the_tribes', 'the_division']  kinds ['jair', 'joshuas_charge', 'machir', 'the_borders', 'the_charge_to_the_tribes', 'the_division']
   the_plea                     asks ['beth_peor', 'command_joshua', 'lebanon', 'pisgah', 'the_names', 'the_plea', 'the_refusal']  kinds ['beth_peor', 'command_joshua', 'lebanon', 'pisgah', 'the_names', 'the_plea', 'the_refusal']
   law_opening_speech           asks []  kinds ['a_shepherd_asked', 'ammon_spared_commanded', 'horeb_departure_commanded', 'joshua_commission_commanded', 'joshua_commissioned', 'joshua_encouraged', 'judges_case', 'judges_charged', 'moab_spared_commanded', 'moses_besought', 'moses_told_to_ascend_abarim', 'ogs_cities_devoted', 'sihon_war_commanded', 'sihons_cities_devoted', 'speech_case', 'speech_opened', 'turn_northward_commanded', 'zered_crossing_commanded']
   DATA keys (24): ['joshuas_charge', 'ogs_bed', 'the_armed_passage', 'the_ban', 'the_bars_ground', 'the_bypass_commands', 'the_commission', 'the_compromise', 'the_date', 'the_dispossessions', 'the_easts_borders', 'the_edom_disagreement', 'the_four_directions', 'the_frame', 'the_gentile_litigant', 'the_horeb_command', 'the_judges_charge', 'the_officers_table', 'the_plea', 'the_readback', 'the_seven_qualities', 'the_sixty_cities', 'the_spies_asked', 'the_thirty_eight']
   imports: ['cold_run_balak', 'cold_run_bamidbar', 'cold_run_beha', 'cold_run_borders', 'cold_run_chukat', 'cold_run_erection', 'cold_run_exodus_story', 'cold_run_gad_reuben', 'cold_run_holiness', 'cold_run_joseph', 'cold_run_journeys', 'cold_run_mamre', 'cold_run_ordinances', 'cold_run_primeval', 'cold_run_refuge', 'cold_run_second_census', 'cold_run_shelach', 'cold_run_zelophehad']
   lines with 'ark'             : 35  e.g. ['# RETROGRADE marker, and where the tape already holds its run the debit is CLOSED IN THE SAME BLOCK BY THE PRIOR RUN (closed_by naming the']
   lines with 'Levi'            : 16  e.g. ["import cold_run_holiness as HO                # THE EDGE: opening_speech -> holiness CALL, reference (Leviticus 19:15's no faces and the five effects "]
   lines with 'Mount Hor'       : 6  e.g. ['\'the_thirty_eight\': {\'value\': {\'ink\': THIRTY_EIGHT, \'from\': (2, 5, 9), \'to\': (40, 6, 1), \'deaths_ceased\': (40, 5, 15)}, \'settings\': {\'the_tape\': "the ']
   lines with 'bribe'           : 2  e.g. ["OR_ASYM = OR.courts('asymmetry'); OR_ONE_TWO = OR.courts('one_vs_two'); OR_23 = OR.courts('twenty_three'); OR_BRIBE = OR.courts('bribe'); OR_BORDERS ="]
   lines with 'stranger'        : 15  e.g. ["('גרו',       1, 16, 'his stranger — the convert (Yevamot 47a:7)', 'Deut'),"]
   lines with 'seventy'         : 11  e.g. ['import cold_run_beha as BH                    # THE EDGE: opening_speech -> beha CALL, reference (11:14\'s "I alone" at 1:9-12; the seventy with Moses;']
   lines with 'Yevamot 47'      : 8  e.g. ["('גרו',       1, 16, 'his stranger — the convert (Yevamot 47a:7)', 'Deut'),"]
   lines with 'Seder Olam'      : 5  e.g. ["('רבים',      1, 46, 'many [days] — Seder Olam 8', 'Deut'),"]
   lines with 'Rosh Hashanah 3a': 1  e.g. ['\'the_date\': {\'value\': {\'numbers\': SPEECH_DATE, \'day\': (40, 11, 1), \'era\': \'exodus\', \'reader\': \'number\'}, \'settings\': {\'two_readers\': "1:3 \'in the fort']
   broad counts: {'bless': 7, 'inheritance': 2, 'portion': 4, 'Aaron': 12, 'Eleazar': 11, 'forty': 16, 'face': 16, 'praise': 7, 'serve': 2, "'3:": 17, "'1:5": 1, 'installed_by': 2, 'given_at': 2}
==== ordinances: 21 defs ['strip', 'toks', 'seats', 'has', 'anytok', 'tanakh', 'tanakh_phrase', 'cell', 'altar', 'capital', 'stranger', 'loan', 'gifts', 'firstling', 'torn', 'courts', 'land', 'load', 'mrow', 'law_ordinances', 'scene']
   altar                        asks ['earth_altar', 'every_place', 'from_heaven', 'hewn', 'nakedness', 'obligatory_if', 'olah_on_it', 'ramp', 'recipe', 'shelamim_on_it', 'silver_gold', 'steps', 'stones_source', 'sword_profanes']
   capital                      asks ['beast_court', 'beast_mode', 'beast_woman', 'devoted_seats', 'idolater_row', 'joining', 'service_architecture', 'sorceress_deed', 'sorceress_gender', 'sorceress_mode', 'sorceress_warning']
   stranger                     asks ['beloved_census', 'cry_doubled', 'ger_seats', 'measure_for_measure', 'one_affliction', 'two_verbs', 'widow_orphan_scope', 'words_vs_money', 'you_were_strangers']
   loan                         asks ['bite_noun', 'court_only', 'covering_tokens', 'creditor_manner', 'day_night_garments', 'five_prohibitions', 'foreigner', 'gracious', 'im_obligation', 'interest_spec', 'pledge_sunset', 'priority_ladder', 'who_transgresses', 'widow_not_pledged']
   gifts                        asks ['among_your_people', 'caesarean', 'curse_verb_seats', 'delay_is_reorder', 'elohim_fork', 'firstborn_son', 'five_sela', 'four_liabilities', 'fullness_outflow', 'name_gate', 'names_count', 'order_sheet', 'stillbirth', 'thirty_days', 'to_any_priest']
   firstling                    asks ['donkey_by_call', 'eighth_and_onward', 'nursed_from_chullin', 'run_phrase', 'two_seats_one_timer', 'with_its_mother']
   torn                         asks ['cannot_live', 'dogs_wage', 'field_common_case', 'fit_list', 'holy_men', 'lashes', 'to_the_dog', 'torn_seats']
   courts                       asks ['announce_duration', 'asymmetry', 'begin_from_side', 'bribe', 'bribe_absolute', 'circumstantial', 'common_case_animals', 'deceiver', 'dissenter', 'enemy_ox', 'enemy_three_days', 'false_report', 'father_says_no', 'grudge', 'keep_far', 'lying_under', 'majority_hapax', 'measure', 'needy_in_his_cause', 'no_retrial_acquitted', 'oath_class', 'one_vs_two', 'onkelos_teaching', 'poor_not_glorified', 'return_doubled', 'ris', 'sign_and_claimant', 'stranger_repeat', 'straying', 'three_warnings', 'twenty_three', 'unload_doubled', 'unload_load', 'who_is_enemy', 'with_him', 'witness_of_violence']
   land                         asks ['angel', 'borders', 'bread_water', 'break_pillars', 'hornet', 'little_by_little', 'no_barren', 'no_bow', 'no_covenant', 'not_dwell', 'not_forgive', 'serve_before', 'spine_silent']
   law_ordinances               asks []  kinds ['acquitted_retried', 'altar_built', 'bribe_offered', 'court_split', 'donkey_under_burden', 'enemys_animal_met', 'entered_the_land', 'false_report_carried', 'firstborn_son', 'firstling_born', 'flesh_torn', 'fullness_delayed', 'garment_pledged', 'god_or_ruler_cursed', 'lay_with_beast', 'offered_on_altar', 'sacrificed_to_gods', 'served_the_lord', 'silver_lent', 'sorcery_done', 'stranger_wronged']
   imports: ['cold_run_decalogue', 'cold_run_holiness', 'cold_run_holiness_b', 'cold_run_offerings', 'cold_run_pesach', 'cold_run_sanctions', 'cold_run_yovel']
   lines with 'Deut 10'         : 1  e.g. ['return cell(HB_STRANGERS, P, f"22:20 and 23:9 \'for you were strangers in the land of Egypt\' — the phrase at {c_strangers}: this span\'s two seats, Lev ']
   lines with 'hew'             : 15  e.g. ["'in every place', 'I cause My name to be mentioned' each a hapax; 'hewn'"]
   lines with 'Levi'            : 2  e.g. ["('with its mother' against Leviticus's 'under'; eighth and onward), THE TORN"]
   lines with 'minister'        : 1  e.g. ['return cell(\'every_title_israel_carries\', M, MK + "22:20: converts carry every title Israel carries — servants, ministers, lovers, covenant, acceptanc']
   lines with 'circumcis'       : 1  e.g. ['"verse-paired list); Abraham circumcised at ninety-nine so the door stays open (the gen_33 seat cited)", [FX.NONE])']
   lines with 'bribe'           : 23  e.g. ["the bribe by the holiness engine, the stranger by the holiness engine's second"]
   lines with 'orphan'          : 11  e.g. ["('every WIDOW and orphan you shall not afflict',   'Exod', 22, 21, 'אלמנה'),"]
   lines with 'widow'           : 16  e.g. ["c_widow_orphan = tanakh_phrase(['אלמנה', 'ויתום']);     assert c_widow_orphan == [('Exod', 22, 21), ('Mal', 3, 5)], c_widow_orphan"]
   lines with 'stranger'        : 38  e.g. ["the bribe by the holiness engine, the stranger by the holiness engine's second"]
   lines with 'Ketubot 105'     : 2  e.g. ['return [E_(\'bribe_barred\', event[\'judge\'], cp=event[\'giver\'], law="F8 [INK 23:8 \'a bribe you shall not take\'; Ketubot 105a: even to judge truly; CALLE']
   broad counts: {'bless': 13, 'inheritance': 2, 'serve': 11, "'18:": 1}
==== refuge: 20 defs ['strip', 'verse_text', 'words', 'ink', 'move', 'dat', 'hyp', 'out', 'seats', 'tok', 'lemma_seats', 'lemma_tokens', 'the_levite_cities', 'the_refuge_law', 'the_murderer', 'the_manslayer', 'the_statute', 'law_refuge', 'scene', 'narrative']
   the_levite_cities            asks ['cities_to_dwell_in', 'no_inheritance', 'six_and_forty_two', 'the_city_in_the_midst', 'the_command', 'the_debit', 'the_four_sides', 'the_pasture_land', 'the_rule', 'the_thousand', 'the_two_thousand', 'their_beasts']  kinds ['cities_to_dwell_in', 'no_inheritance', 'six_and_forty_two', 'the_city_in_the_midst', 'the_command', 'the_debit', 'the_four_sides', 'the_pasture_land', 'the_rule', 'the_thousand', 'the_two_thousand', 'their_beasts']
   the_refuge_law               asks ['appoint', 'for_whom', 'six_cities', 'the_debit', 'the_place_become_cities', 'until_he_stands', 'unwittingly', 'when_you_cross']  kinds ['appoint', 'for_whom', 'six_cities', 'the_debit', 'the_place_become_cities', 'until_he_stands', 'unwittingly', 'when_you_cross']
   the_murderer                 asks ['he_is_a_murderer', 'the_avengers_hand', 'the_intents', 'the_iron', 'the_manners', 'the_mode', 'the_smiter', 'the_stone_and_the_wood', 'the_table']  kinds ['he_is_a_murderer', 'the_avengers_hand', 'the_intents', 'the_iron', 'the_manners', 'the_mode', 'the_smiter', 'the_stone_and_the_wood', 'the_table']
   the_manslayer                asks ['father_and_son', 'not_his_enemy', 'suddenly', 'the_border', 'the_congregation_judges', 'the_deliverance', 'the_downward_motion', 'the_honor', 'the_levite_exiled', 'the_return', 'the_term', 'the_uncertainty', 'without_seeing']  kinds ['father_and_son', 'not_his_enemy', 'suddenly', 'the_border', 'the_congregation_judges', 'the_deliverance', 'the_downward_motion', 'the_honor', 'the_levite_exiled', 'the_return', 'the_term', 'the_uncertainty', 'without_seeing']
   the_statute                  asks ['a_statute_of_judgment', 'in_whose_midst_i_dwell', 'no_ransom', 'no_ransom_for_the_fugitive', 'not_defile', 'the_closer', 'the_land_polluted', 'the_shedders_blood', 'the_witnesses']  kinds ['a_statute_of_judgment', 'in_whose_midst_i_dwell', 'no_ransom', 'no_ransom_for_the_fugitive', 'not_defile', 'the_closer', 'the_land_polluted', 'the_shedders_blood', 'the_witnesses']
   law_refuge                   asks []  kinds ['high_priest_died', 'killer_case', 'levite_cities_case', 'levite_cities_commanded', 'refuge_law_given', 'refuge_statute_case']
   DATA keys (19): ['size_that_can_kill', 'the_avengers_hand', 'the_blind_killer', 'the_border_rows', 'the_case_table', 'the_court_of_twenty_three', 'the_exiles_rows', 'the_forty_eight', 'the_four_sides_order', 'the_lands_atonement', 'the_measures', 'the_one_witness', 'the_presence_rows', 'the_ransom_rows', 'the_six_cities', 'the_stranger_and_sojourner', 'the_terms_rows', 'the_three_high_priests', 'the_uncertainty']
   imports: ['cold_run_bamidbar', 'cold_run_borders', 'cold_run_chukat', 'cold_run_gad_reuben', 'cold_run_journeys', 'cold_run_lev24', 'cold_run_mishpatim', 'cold_run_mishpatim_3', 'cold_run_naso', 'cold_run_priesthood', 'cold_run_primeval', 'cold_run_sanctions', 'cold_run_second_census', 'cold_run_shelach', 'cold_run_zelophehad']
   lines with 'ark'             : 14  e.g. ["('באמה',      35, 5,  'by the cubit — the prefixed cubit, no unit-noun mark'),"]
   lines with 'Levi'            : 55  e.g. ['# debit — commanded on israel_people valued give_the_levites_cities_and_pasture_lands, counterparty the Levites, OPEN BY DESIGN to its run at']
   lines with 'Mount Hor'       : 1  e.g. ["assert CK_SUCC[0] == 'the garments to Eleazar and the office with them — Exod 29:29-30 run at Mount Hor (20:26-28)' and CK_DATES[0].startswith('Aaron "]
   lines with 'cleave'          : 2  e.g. ['\'the_lands_atonement\': {\'value\': \'by_the_shedders_blood\', \'settings\': {\'no_atonement_until_he_dies\': "the killer known — no atonement for the communit']
   lines with 'stranger'        : 7  e.g. ["('ולגר',      35, 15, 'and for the stranger'),"]
   lines with 'seventy'         : 1  e.g. ['\'the_court_of_twenty_three\': {\'value\': 23, \'settings\': {\'ten_and_ten_and_three\': "\'the congregation shall judge\' ten, \'the congregation shall deliver\'']
   broad counts: {'bless': 1, 'inheritance': 14, 'portion': 3, 'Aaron': 3, 'Eleazar': 10, 'forty': 16, 'installed_by': 1, 'given_at': 1}
==== sanctions: 41 defs ['strip', 'toks', 'nverses', 'phrase', 'seats', 'has', 'anytok', 'cell', 'from_paternal_brother', 'levirate', 'grade', 'cowives', 'names', 'three_are_one', 'locate20', 'read_sanction', 'mode', 'sanction', 'census', 'burned_nine', 'burning_scope', 'double_count', 'beast', 'severity', 'molech', 'ov', 'curser', 'adultery', 'unions_misc', 'outside', 'platform', 'blood', 'covering', 'carcass', 'frame', '_fx_union', 'law_sanctions', 'fx_of', 'scene', 'load', 'mrow']
   levirate                     asks ['count', 'fifteen', 'houses', 'not_in_world', 'not_in_world_maamar', 'release_timing', 'rival_chain', 'six']
   cowives                      asks ['cross', 'divorced_before', 'ervah_sister_free', 'maamar_houses', 'one_hour', 'pair_bans_bound', 'stranger_cases', 'swapped_aftermath', 'swapped_names', 'two_bonds', 'zikah_sisters']
   census                       asks ['burned', 'formula_grounding', 'karet_count', 'lashes', 'stoned', 'strangled']
   beast                        asks ['court', 'passive_warning', 'why', 'woman_warning']
   severity                     asks ['mixed', 'murderer_mixed', 'orders', 'procedure', 'two_deaths']
   molech                       asks ['all_who_stray', 'concealed', 'effects_chain', 'family', 'gentile_court', 'ladder', 'predicate', 'seed_scope', 'translation_gate', 'who_stones']
   ov                           asks ['bearer', 'consulter', 'definitions', 'persons', 'three_verses']
   curser                       asks ['after_death', 'by_the_name', 'mode', 'one_parent', 'son_from_anywhere', 'warning_source', 'which_parent']
   adultery                     asks ['both', 'deliberate_unwitnessed', 'doubt', 'mode', 'second_partner', 'threshold', 'unwitting', 'whose_wife']
   unions_misc                  asks ['aunts_both_sides', 'brother_wife_window', 'chesed', 'father_clause', 'gentile_and_woman_warned', 'no_inference', 'partial_act', 'sister_both_deliberate', 'sister_scope', 'uncle_wife_bound', 'void_betrothal']
   outside                      asks ['agency', 'bird', 'common_inside', 'cross_cases', 'dispatched_goat', 'fitness_path', 'flesh_list', 'for_commoner', 'handful_frankincense_one', 'individual', 'lacking_any', 'lacking_time_owner', 'left_an_olive', 'no_service_offenses', 'olive', 'part_of_blood', 'per_raising', 'receivable', 'red_cow', 'scooped_returned', 'temple_upkeep', 'ten_acts', 'time_deferred', 'two_cups', 'two_offenses', 'two_raise', 'two_slaughter', 'unfit_list', 'unscooped', 'where', 'who']
   platform                     asks ['classes', 'consecrated_offered', 'demons', 'differences', 'eras', 'no_fragrance', 'no_karet_for_platform', 'no_priest', 'rock', 'service_by']
   blood                        asks ['atones', 'ban', 'convert', 'eater_not_feeder', 'karet_own_eating', 'lashes', 'which_blood']
   covering                     asks ['another_saw', 'consecrated', 'deaf_imbecile_minor', 'failed_slaughter', 'festival', 'hundred', 'hunted_of_any_kind', 'materials', 'mixed', 'not_with_the_foot', 'species', 'splashed_knife', 'state', 'unfit_slaughter', 'where']
   carcass                      asks ['beast_carcass', 'effect', 'equality_test', 'failure', 'garments_boundary', 'impure_species', 'lashes_for_eating', 'minimum', 'pinching', 'slaughtered', 'where_defiles', 'who']
   frame                        asks ['all_or_any', 'amorite_ways', 'canon_channel', 'compliance', 'court_warned', 'disqualified', 'festival_reading', 'karet_persons', 'land', 'lashes_discharge_karet', 'live_by_them', 'majority_threshold', 'nomoi', 'sanctify_yourselves', 'separate_species', 'sit_and_abstain', 'two_classes']
   law_sanctions                asks []  kinds ['blood_eaten', 'carcass_eaten', 'forbidden_union', 'game_blood_poured', 'ghost_pit_consulted', 'land_defiled', 'lay_with_beast', 'lay_with_menstruant', 'offering_slaughtered_outside', 'parent_cursed', 'platform_offering_brought', 'rival_wife_taken', 'seed_given_to_molech']
   imports: ['cold_run_chatat', 'cold_run_clocks', 'cold_run_offerings', 'cold_run_shemini']
   lines with 'ark'             : 5  e.g. ["'Chapter 10 8 (R. Yonatan: the unspecified is strangling; Rabbi: a death that leaves no mark) [MOVE]',"]
   lines with 'hew'             : 1  e.g. ["'sister, his nephew\\'s wife, his stepbrother\\'s wife, his brother\\'s wife\\'s kin) + the daughter '"]
   lines with 'Levi'            : 1  e.g. ['# THE CODE — from the ink of Leviticus 17, 18, and 20 alone. Mishnah/']
   lines with 'widow'           : 8  e.g. ["her and no levirate case arises (the six); if no, she can be a brother's widow and an ervah at"]
   lines with 'stranger'        : 9  e.g. ["if q == 'stranger_cases':"]
   broad counts: {'bless': 2, 'inheritance': 3, 'portion': 3, 'forty': 2, 'face': 20, 'serve': 2, "'20:2": 12, "'18:": 18, "'19:3": 2}
==== sanctuary_build: 35 defs ['strip', 'toks', 'phrase', 'seats', 'has', 'anytok', 'anyprefix', 'count', 'tanakh', 'tanakh_phrase', 'torah', 'fmt', 'fmt2', 'fmt3', 'norm', 'bag', 'first', 'altar_first', 'cell', 'offering', 'ark', 'table', 'menorah', 'curtains', 'boards', 'veil', 'altar', 'court', 'lamp', 'books', 'law_sanctuary_build', 'scene', 'build', 'load', 'mrow']
   offering                     asks ['ark_they', 'carrying_labor', 'carryings', 'consent', 'craftsmen_pay', 'dwell_phrase', 'dwells_in', 'enough_and_over', 'extension_requirements', 'five_barred', 'five_tokens_present', 'halt', 'halt_dated', 'material_segments', 'named_by_name', 'nepotism', 'pattern_word_torah', 'plural_making', 'set_apart', 'shown_clauses', 'so_shall_you_make', 'surplus', 'surplus_arms', 'surplus_declared', 'teaching', 'thirteen', 'three_attributes', 'three_tokens', 'timestamp', 'toolchain', 'trigger', 'two_audiences', 'two_mornings', 'wages_mechanism', 'wise_hearted']
   ark                          asks ['after_removal', 'cherubim_one_piece', 'cover', 'crown_consonants', 'crown_seats', 'dimensions', 'faces', 'faces_will_indexed', 'hands_on_the_ark', 'hidden_with', 'loose_not_slipping', 'meeting', 'meeting_dropped', 'named_maker', 'oracle_layer', 'overlay_both_sides', 'rings', 'road_and_rome', 'run_dimensions', 'run_dropped', 'run_states_ban', 'staves', 'staves_prohibition', 'tablets_and_fragments', 'testimony', 'three_chests', 'three_crowns', 'whereabouts', 'yom_kippur_staves']
   table                        asks ['ascend', 'bread_dims', 'bread_faces', 'continually', 'cubit_reference', 'dimensions', 'exchange', 'fold', 'frame', 'handbreadths', 'loaves', 'orientation', 'props_reeds', 'props_reeds_source', 'run_dropped', 'sheet_table', 'thirteen_tables', 'vessels']
   menorah                      asks ['branches', 'cups', 'flowers_exodus', 'flowers_with_numbers', 'indispensable', 'knobs', 'knobs_under_pairs', 'lamps', 'lamps_face', 'material', 'no_dimensions', 'pattern_numbers', 'run_dropped', 'talent', 'tending', 'tongs_firepans', 'valid_materials', 'western_lamp']
   curtains                     asks ['board_thickness_in_ink', 'clasps', 'covers', 'covers_length_and_back', 'craft_grades', 'designer_vs_embroiderer', 'exposed', 'goat', 'goat_clasps', 'goat_extra', 'goat_hair_descent', 'goat_width_extra', 'linen', 'linen_width', 'one', 'one_to_one', 'run_dropped', 'run_subject', 'sister_idiom', 'tabernacle_length', 'tachash', 'width_hang']
   boards                       asks ['bars', 'board', 'corner_boards', 'counts', 'fruit_tree_rule', 'gold', 'interior', 'its_halakhah', 'middle_bar_miracle', 'middle_bar_provenance', 'pledge', 'raise', 'run_dropped', 'sockets_boards', 'sockets_total', 'standing', 'taper_fork']
   veil                         asks ['divides', 'floor_plan', 'holy', 'holy_of_holies', 'ladder', 'lamp_not_needed', 'one_or_two', 'position', 'run_adds_heads', 'run_dropped', 'screen', 'second_temple_reason', 'sheet_plan', 'solomon_double', 'spec_rungs', 'veil_at', 'veil_spec']
   altar                        asks ['acrostic', 'ash_duty', 'base', 'base_extent', 'dimensions', 'earth_fill', 'fire_objection', 'height_fork', 'height_objection', 'hewn_ban', 'hollow', 'horns', 'indispensables', 'lower_bloods', 'net', 'perpetual_fire', 'pot_second_service', 'ramp', 'red_line', 'red_line_sheet', 'remainders', 'run_dropped', 'run_names_it', 'sheet_altar', 'solomon_altar', 'square', 'tabernacle_material', 'three_reread', 'upper_bloods', 'vessels']
   court                        asks ['area', 'court_height_read', 'descendant', 'dimensions', 'east', 'gate_screen', 'hangings', 'hangings_word', 'outside_the_curtains', 'pegs', 'perimeter_closes', 'pillars', 'run_adds_silver_heads', 'run_dropped', 'silver', 'two_seah', 'two_seah_sheet']
   lamp                         asks ['crushed_for_light', 'evening_to_morning', 'everlasting', 'nine_grades', 'not_need', 'oil', 'opening_verb', 'restatement', 'run_in_span', 'staffing', 'tail_identity']
   books                        asks ['assembling_women', 'beka', 'bronze', 'bronze_items', 'bronze_maneh', 'census', 'conversion_layer', 'creation_map', 'double_maneh', 'dress', 'e4_owed', 'exemption_declined', 'formula', 'gold', 'hooks', 'mirrors', 'missing_1775', 'oholiab', 'rule', 'sanctuary_shekel', 'silver', 'sockets', 'stamp_absent', 'talent', 'talent_check', 'two_signatories', 'why_audit']
   law_sanctuary_build          asks []  kinds ['accounts_rendered', 'halt_proclaimed', 'offering_brought', 'overflow_reported', 'vessel_made']
   build                        asks ['alignment', 'dropped', 'dropped_kinds', 'house_first', 'metals', 'numerals_equal', 'order_fork', 'run_order', 'run_teaches_spec', 'spec_order', 'tokens', 'verbs', 'world', 'world_w6']
   imports: ['cold_run_chatat', 'cold_run_offerings', 'cold_run_ordinances', 'cold_run_priesthood', 'cold_run_tzav']
   lines with 'Deut 10'         : 2  e.g. ['compiled at E1). Num 8:4, Num 1:46, Num 4:26, Deut 4:16-18, Deut 10:1, 1 Kgs 6:2-20, 1 Sam 2:22,']
   lines with 'ark'             : 73  e.g. ['Exod 25-27 is the SPEC — the offering, the ark, the table, the lampstand, the curtains, the']
   lines with 'tablet'          : 4  e.g. ["if q == 'tablets_and_fragments':"]
   lines with 'hew'             : 6  e.g. ['cold_run_ordinances.altar (the earth-filled hollow altar, the hewn ban, the ramp — Exod 20:24-26']
   lines with 'acacia'          : 12  e.g. ["('an ARK of acacia wood',                                'Exod', 25, 10, 'ארון'),"]
   lines with 'Levi'            : 6  e.g. ['The form: DEMONSTRATE-BY-RUN inside one book (the D8 shape, moved from Leviticus to Exodus).']
   lines with 'stranger'        : 3  e.g. ['return cell(\'zar_stranger_zer_crown\', M, SB + "Yoma 72b:7 — written זר (\'stranger\'), read זֵר (\'crown\'): merited, it is his crown; not, he is estrange']
   lines with 'seventy'         : 8  e.g. ['return cell([\'king\', \'prophet\', \'urim_tummim\', \'sanhedrin_71\', \'two_thanksgivings\', \'song\'], D, "Mishnah Shevuot 2:2 — the six requirements (data): a ']
   lines with "'25:1"           : 6  e.g. ["assert A_DROPPED == ['25:15', '25:16', '25:21', '25:22', '25:30', '25:37', '25:40', '26:12', '26:13', '26:30', '26:33', '26:34', '26:35', '26:37',"]
   lines with 'Shekalim'        : 19  e.g. ['plan as DATA), Shekalim 4-6, Yoma 5, Kelim 1, Menachot 11 and Tamid 3 (credited from sitting']
   broad counts: {'bless': 2, 'Aaron': 8, 'Eleazar': 1, 'forty': 11, 'face': 19, 'praise': 3}
==== seven_nations: 24 defs ['plain', 'pointed', 'words', 'morphs', 'wm', 'hits', 'phrase', 'lemma_of', 'verse_text', 'ink', 'move', 'dat', 'hyp', 'out', 'the_seven_nations', 'the_holy_people', 'the_faithful_god', 'because_you_hear', 'do_not_fear', 'the_images_and_the_devoted', 'rb', 'law_seven_nations', 'scene', 'narrative']
   the_seven_nations            asks ['no_covenant', 'no_favor', 'no_marriage', 'no_other_way', 'praise_of_the_creator', 'the_asherah_shade', 'the_asherah_wood', 'the_ban', 'the_bans_condition', 'the_child_follows_the_mother', 'the_four_objects', 'the_seven', 'the_write']  kinds ['no_covenant', 'no_favor', 'no_marriage', 'no_other_way', 'praise_of_the_creator', 'the_asherah_shade', 'the_asherah_wood', 'the_ban', 'the_bans_condition', 'the_child_follows_the_mother', 'the_four_objects', 'the_seven', 'the_write']
   the_holy_people              asks ['brought_out_redeemed', 'chose_you', 'holy_people', 'the_fewest', 'the_oath']  kinds ['brought_out_redeemed', 'chose_you', 'holy_people', 'the_fewest', 'the_oath']
   the_faithful_god             asks ['he_is_god', 'the_faithful', 'the_hater_repaid', 'the_triad', 'the_written_read_pair', 'thousand_generations']  kinds ['he_is_god', 'the_faithful', 'the_hater_repaid', 'the_triad', 'the_written_read_pair', 'thousand_generations']
   because_you_hear             asks ['consume_no_pity', 'covenant_kept', 'no_barren', 'no_serving_snare', 'the_blessing_list', 'the_diseases', 'the_heel', 'the_write']  kinds ['consume_no_pity', 'covenant_kept', 'no_barren', 'no_serving_snare', 'the_blessing_list', 'the_diseases', 'the_heel', 'the_write']
   do_not_fear                  asks ['in_your_midst', 'little_by_little', 'remember_pharaoh', 'the_doubt', 'the_hornet', 'the_kings_and_the_name', 'the_trials']  kinds ['in_your_midst', 'little_by_little', 'remember_pharaoh', 'the_doubt', 'the_hornet', 'the_kings_and_the_name', 'the_trials']
   the_images_and_the_devoted   asks ['abomination_to_the_lord', 'burn_the_images', 'devoted_like_it', 'into_your_house', 'lest_snared', 'not_covet_silver_gold', 'the_gentile_revokes', 'the_jew_bent_it', 'the_money_at_the_head', 'the_readback_table', 'the_write', 'utterly_detest']  kinds ['abomination_to_the_lord', 'burn_the_images', 'devoted_like_it', 'into_your_house', 'lest_snared', 'not_covet_silver_gold', 'the_gentile_revokes', 'the_jew_bent_it', 'the_money_at_the_head', 'the_readback_table', 'the_write', 'utterly_detest']
   law_seven_nations            asks []  kinds ['abomination_barred', 'hearing_blessed', 'nations_devoted', 'seven_nations_case']
   DATA keys (19): ['the_abomination_seats', 'the_bans_condition', 'the_blessing_list', 'the_calfs_agency', 'the_credits', 'the_devotings', 'the_eleven_uncited', 'the_fewest', 'the_heel', 'the_morph_tag', 'the_name_from_under_heaven', 'the_pitys_row', 'the_readback', 'the_renaming', 'the_shittim_exhibit', 'the_supplied_doctrine', 'the_three_readings_of_favor', 'the_two_lemmas', 'the_written_read_pair']
   imports: ['cold_run_balak', 'cold_run_covenant_at_horeb', 'cold_run_decalogue', 'cold_run_erection', 'cold_run_exodus_story', 'cold_run_hear_o_israel', 'cold_run_joseph', 'cold_run_journeys', 'cold_run_mamre', 'cold_run_obey_horeb', 'cold_run_opening_speech', 'cold_run_ordinances', 'cold_run_shemini']
   lines with 'Deut 10'         : 2  e.g. ["assert U('מרבכם') == ['Deut 7:7'] and LEMV('2836 a') == ['1Kgs 9:19', '2Chr 8:6', 'Deut 10:15', 'Deut 21:11', 'Deut 7:7', 'Gen 34:8', 'Isa 38:17', 'Ps"]
   lines with 'ark'             : 17  e.g. ["# (Exodus 23:32's and 34:16's effects) written on the tape for the first time — all at the chapter's own day (40, 11, 1), NO marker (the speech"]
   lines with 'tablet'          : 1  e.g. ['\'the_credits\': {\'value\': {\'erection_docket\': "Mishnah Avodah Zarah 2:1, 2:3, 3:1-3:10, 4:1-4:12 (twenty-four rows) credited from the erection docket (']
   lines with 'hew'             : 1  e.g. ["move('cold_run_erection (CALL) — ER.covenant(demolition_grows) = %s, (cut_four) %d seats, (pillars_exod) = %s; cold_run_journeys (CALL) — JO.the_comma"]
   lines with 'Levi'            : 11  e.g. ["import cold_run_shemini as SH                  # THE EDGE: seven_nations -> shemini CALL, reference (Leviticus 11:43's detesting verb — the idol's imp"]
   lines with 'cleave'          : 3  e.g. ['move(\'Makkot 22a:2-3, 22a:9; Pesachim 48a:6; Mishnah Avodah Zarah 3:9; Avodah Zarah 49b:1-8 (opened whole)\', "THE ASHERAH\'S WOOD FLOGGED — the plower\'']
   broad counts: {'bless': 32, 'inheritance': 1, 'portion': 7, 'Aaron': 2, 'swear': 3, 'awesome': 3, 'face': 8, 'praise': 12, 'serve': 8, 'installed_by': 2, 'given_at': 2}
==== shemini_day: 23 defs ['strip', 'toks', 'phrase', 'seats', 'has', 'anytok', 'anyprefix', 'tanakh', 'tanakh_phrase', 'cell', 'day', 'order', 'calf', 'ram', 'people', 'peace', 'fire', 'eras', 'law_eighth_day', 'scene', 'scene_cell', 'load', 'mrow']
   day                          asks ['aaron_chatat_deviation', 'aaron_chatat_run', 'aaron_chatat_spec', 'aaron_olah', 'alacrity', 'calf_age', 'called', 'command_stamps', 'communal_shelamim_grade', 'communal_shelamim_source', 'date', 'eighth_of', 'funding', 'glory_promise', 'minchah_form', 'minchah_oil_forms', 'people_chatat_deviation', 'people_chatat_run', 'people_chatat_spec', 'people_olah', 'people_shelamim', 'today_appears']
   order                        asks ['altar_inaugurated_by', 'anointed_first_spec', 'chatat_blood_before_olah_blood', 'eating_order', 'goat_like_first', 'kamishpat_census', 'olah_as_prescribed', 'own_atones_for', 'own_before_people', 'run_limbs_vs_fats', 'run_teaches_spec_semikhah', 'seven_services', 'spec_limbs_vs_fats', 'tadir_first']
   calf                         asks ['blood_bearers', 'blood_deviation', 'blood_run', 'blood_spec_anointed', 'blood_spec_outer', 'burn_site_spec', 'carcass_deviation', 'carcass_run', 'carcass_spec_for_anointed', 'carcass_spec_for_outer_blood', 'fat_run', 'fat_spec', 'fat_stamp', 'hide', 'lobe_from_liver', 'slaughterer', 'sprinklings_run']
   ram                          asks ['blood', 'disposition', 'entrails_legs', 'pieces_and_head', 'place', 'sons_hand', 'tamid_walk']
   people                       asks ['fistful_crumb', 'fistful_repeated_fork', 'frankincense', 'goat_purified', 'palm_census', 'palm_is_right', 'presentation', 'remainder', 'two_minchahs']
   peace                        asks ['blood', 'breast_thigh', 'fat_list', 'stack_reconciled', 'stack_run', 'tail_from_which', 'union_check', 'wave_stamp']
   fire                         asks ['amidah_position', 'content', 'crowns_in_this_chapter', 'fire_and_duty', 'fire_formula', 'fire_status', 'hand_ketiv', 'high_priest_hands', 'joint_entry', 'joy_like_creation', 'meeting_promise', 'posture_source', 'presence_on_whose_service', 'regime', 'scroll_boundary', 'second_runs', 'song', 'ten_crowns', 'timing_source', 'transposed']
   eras                         asks ['differences', 'ink_of_the_ban', 'karet_matrix', 'shared', 'switch', 'table']
   law_eighth_day               asks []  kinds ['blessing_lifted', 'fire_descended', 'glory_seen', 'offering_done']
   imports: ['cold_run_chatat', 'cold_run_minchah', 'cold_run_offerings', 'cold_run_tzav']
   lines with 'Deut 10'         : 1  e.g. ['"(Deut 10:8), and 2 Chr 30:27 \'the priests the Levites AROSE and blessed the people\' — the phrase \'and they blessed the "']
   lines with 'ark'             : 2  e.g. ["makes every unmarked palm the right hand (Menachot 9b), 9:10's 'the lobe FROM"]
   lines with 'Levi'            : 10  e.g. ['# THE RUN — from the ink of Leviticus 9 alone, matched cell by cell to the']
   lines with 'circumcis'       : 1  e.g. ['f"{len(c_eighth)} Tanakh seats (the circumcision, the leper, the festival, Solomon\'s and Ezekiel\'s eighth days among them)", [\'released\'])']
   lines with 'Sotah 7:6'       : 5  e.g. ['"Mishnah Sotah 7:6 quotes the verse \'his hands\' — the lifting of PALMS rides the read form", [\'blessed_the_people\'])']
   broad counts: {'bless': 41, 'inheritance': 1, 'Aaron': 32, 'face': 2, 'serve': 3}
==== vestments: 33 defs ['strip', 'toks', 'phrase', 'seats', 'has', 'anytok', 'count', 'tanakh', 'tanakh_any', 'tanakh_phrase', 'torah', 'fmt', 'fmt2', 'fmt3', 'norm', 'bag', 'first', 'order_of', 'order_by_name', 'cell', 'office', 'ephod', 'breastplate', 'robe', 'plate', 'tunics', 'investiture', 'completion', 'law_vestments', 'scene', 'build', 'load', 'mrow']
   office                       asks ['convert', 'eight', 'eight_sheet', 'four_common', 'four_sons', 'from_the_stock', 'garment_value', 'gold_sets', 'gold_white_sheet', 'holy_garments', 'linen_lev16', 'materials_five', 'priest_phrase', 'purpose', 'purpose_read', 'run_stamp_first', 'serad', 'serve_before_me', 'six_nouns', 'they_take', 'tokens', 'two_collectors_sheet', 'wise_hearted', 'yoma_linen_by_call']
   ephod                        asks ['alignment', 'band_is', 'clear_script', 'engraver', 'engravings', 'ephod_atones', 'ephod_elsewhere', 'gold_thread_count', 'gold_thread_placement', 'materials', 'process_onkelos', 'process_verse', 'remembrance', 'remembrance_run', 'run_teaches_parameter', 'settings_chains', 'shoulders', 'six_six', 'six_six_talmud', 'stamps', 'they_vs_he', 'thread_28', 'two_stones']
   breastplate                  asks ['alignment', 'atones_judgments', 'bears_names', 'before_the_lord', 'design_objection', 'equal_threads', 'ezekiel_nine', 'for_this_alone', 'four_rows', 'fullness', 'homographs', 'judgment_borne', 'judgment_onkelos', 'lashes', 'like_the_ephod', 'name', 'names_equal', 'not_detached', 'not_detached_onkelos', 'rings_cords', 'span_parameter', 'square_span', 'staves_by_call', 'tamid', 'tarshish_read', 'twelve_names', 'urim', 'urim_authorization', 'urim_end', 'word_seats']
   robe                         asks ['alignment', 'atones_speech', 'bell_count', 'bells', 'collar', 'dye_test', 'launder', 'rend_by_call', 'run_cited_for_spec', 'run_drops_sound', 'run_singular', 'samson_bell', 'sound', 'sound_onkelos', 'sounding_ring', 'tear_lashes', 'twelve_threads', 'twined_added', 'twined_eight', 'wholly_blue', 'woven_not_needle']
   plate                        asks ['atones_brazenness', 'attention', 'bears_iniquity', 'bears_onkelos', 'blue_cord', 'crown_onkelos', 'engrave_vs_write', 'forehead', 'holy_crown', 'holy_to_the_lord', 'leratzon_word', 'polarity', 'run_drops', 'run_last', 'scope_sheet', 'state_machine', 'which_iniquity', 'wool_cap', 'word', 'writing_read']
   tunics                       asks ['alignment', 'breeches', 'breeches_atone', 'breeches_first', 'bridegroom', 'caps_homograph', 'checkered', 'embroiderer', 'ezekiel_run', 'flax', 'great_altar_only', 'lacking_garments_ink', 'lacking_garments_sheet', 'nakedness_by_call', 'no_metal', 'reading_optional', 'run_verb_split', 'sash_materials_added', 'sash_no_gold', 'shesh_is_six', 'shesh_spec_vs_run', 'sixfold', 'sons_four', 'stranger', 'trousers_gap', 'tunic_atones', 'tunic_torah', 'turban_sash_atone', 'two_loci', 'wear_or_die', 'wear_or_die_onkelos', 'whole_entry']
   investiture                  asks ['anoint', 'clothe', 'dresser', 'exod29_order', 'fill_hand', 'fill_hand_onkelos', 'five_verbs', 'judges', 'lev8_order', 'many_garmented', 'many_garmented_sheet', 'sanctify', 'substitute', 'three_orders']
   completion                   asks ['ark_line', 'blessed', 'blessing_text', 'brought', 'completed', 'completed_onkelos', 'countersignature', 'court_line', 'deadlock', 'e4_line', 'garments_last', 'inspection_onkelos', 'kekhol', 'ken_asu', 'lamp_line', 'manifest_count', 'moses_saw', 'six_months', 'stamp_without_moses', 'table_line']
   law_vestments                asks []  kinds ['delivered', 'garment_made', 'inspected', 'work_completed']
   build                        asks ['alignment', 'dressing_order', 'dropped', 'dropped_kinds', 'metals_colors', 'numerals_equal', 'plate_moves', 'run_order', 'second_homograph', 'spec_order', 'verbs', 'world']
   imports: ['cold_run_ordinances', 'cold_run_priesthood', 'cold_run_sanctuary_build', 'cold_run_yoma']
   lines with 'ark'             : 13  e.g. ['dependency_dispositions.yaml): cold_run_sanctuary_build.ark/table/menorah/court (the delivery']
   lines with 'Levi'            : 1  e.g. ["# ---- F7: THE INVESTITURE VERSE (28:41) — the office's five verbs; its run is Leviticus 8 (E4) ----"]
   lines with 'minister'        : 2  e.g. ['return cell(\'the_minister_is_the_stone\', M, "Megillah 12b:10 (opened per gap) — the seven ministers as the angels\' plea: \'TARSHISH — did they serve be']
   lines with 'widow'           : 2  e.g. ['return cell(\'bull_only\', A, "Mishnah Horayot 3:4 + Megillah 1:9 — \'between the priest anointed with the oil and the MANY-GARMENTED only the bull for a']
   lines with 'stranger'        : 5  e.g. ['return cell(\'the_list_read_aloud\', M, "Shabbat 31a:7 (opened per gap) — a gentile heard a scribe reading \'AND THESE ARE THE GARMENTS THEY SHALL MAKE: ']
   lines with 'seventy'         : 2  e.g. ['return cell({\'sages\': 72, \'R_Dosa\': 36}, D, "Zevachim 88b:3 (opened) — seventy-two bells with seventy-two clappers, thirty-six a side; R. Dosa in R. Y']
   lines with 'Shekalim'        : 6  e.g. ['return cell((3, 7, 2), A, "Mishnah Shekalim 5:2 — no fewer than three treasurers and seven supervisors; no authority over the public in money with few']
   broad counts: {'bless': 16, 'portion': 1, 'Aaron': 26, 'forty': 2, 'face': 2, 'serve': 18}

==== (3) THE KINDS ON FILE touching the chapter's matter ====
  kinds 1135, effects 1032
    aaron_brought_up_mount_hor                   form act      Aaron brought up Mount Hor — 'take Aaron and Eleazar his son and bring them up Mount Hor; and strip 
    aaron_mourned_thirty_days                    form act      Aaron mourned thirty days — 'and all the congregation saw that Aaron had expired, and they wept for 
    aarons_gathering_decreed                     form speech   Aaron's gathering decreed — 'and the LORD said to Moses and to Aaron at Mount Hor at the border of t
    aarons_staff_kept                            form act      Aaron's staff kept — 'and the LORD said to Moses: return Aaron's staff before the testimony for a ke
    ark_commanded                                form speech   the ark commanded — 'make yourself an ark of gopher wood' (6:14); the blueprint (6:15-16); 'and I wi
    ark_journeyed                                form act      the ark journeyed before them — 'and they journeyed from the mountain of the LORD three days' journe
    ark_made                                     form act      the ark made — 'and Noah did according to all that God commanded him, so he did'
    ark_rested                                   form act      the ark rested — 'and the ark rested in the seventh month, on the seventeenth day of the month, on t
    blessed                                      form speech   blessed — Isaac over Jacob: 'see, the smell of my son is as the smell of a field which the LORD has 
    blessed_after_the_death                      form act      blessed after the death — 'and it was after the death of Abraham that God blessed Isaac his son; and
    blessed_be_fruitful                          form speech   blessed to be fruitful — the blessing's command 'be fruitful and multiply' (to the man with dominion
    blessed_shem_and_japheth                     form speech   Shem and Japheth blessed — 'blessed be the LORD, the God of Shem; and let Canaan be a slave to them'
    blessing_case                                form case     the priests' blessing — the exam's case on 6:22-27: the form (the holy tongue, standing, the raised 
    blessing_demanded                            form speech   a blessing demanded — 'and he said: let me go, for the dawn has risen; and he said: I will not let y
    blessing_lifted                              form act      the blessing lifted — Aaron lifts his hands toward the people and blesses them; Moses and Aaron bles
    body_marked                                  form case     the head rounded, the beard destroyed, the flesh gashed or tattooed — 'you shall not round the corne
    bribe_offered                                form case     a bribe offered to the judge — the clauses 'you shall not pervert the judgment of your needy in his 
    burial_commanded                             form speech   the burial commanded — 'bury me with my fathers': the debit on the sons, closed by the run at 50:12-
    buried                                       form act      buried — the burial act the text records (Sarah's the first act on the purchased field; Jacob's the 
    called_from_heaven                           form speech   called from heaven — 'and the angel of the LORD called to him from heaven and said: Abraham, Abraham
    ceased_and_blessed                           form act      ceased and blessed — God ceases on the seventh day and blesses and sanctifies it
    circumcised                                  form act      circumcised — the act the run records (Abraham, Ishmael and the household on that very day; Isaac at
    circumcision_commanded                       form speech   circumcision commanded — 'every male among you shall be circumcised... at eight days old': the coven
    covenant_cut_at_sinai                        form speech   the covenant cut at Sinai — 'and He said: behold I cut a covenant, before all your people I will do 
    covenant_cut_between_men                     form act      a covenant cut between men — 'and they rose early in the morning and swore each to his brother, and 
    covenant_cut_with_abram                      form act      the covenant cut with Abram — 'on that day the LORD cut a covenant with Abram saying: to your seed I
    decree_of_the_sojourn                        form speech   the decree of four hundred years — 'know surely that your seed shall be a stranger in a land not the
    encamped_in_the_plains_of_moab               form act      encamped in the plains of Moab — 'and the children of Israel journeyed and camped in the plains of M
    entered_the_ark                              form act      entered the ark — 'and Noah came, and his sons and his wife and his sons' wives with him, into the a
    exited_the_ark                               form act      exited the ark — 'and Noah went out, and his sons and his wife and his sons' wives with him' (8:18);
    garment_mark_seen                            form case     a mark seen in a garment — 'and the garment, when there is in it a mark of leprosy, in a garment of 
    garments_transferred_and_aaron_died          form act      the garments transferred and Aaron died — 'and Moses stripped Aaron of his garments and put them on 
    hearing_blessed                              form statute  hearing blessed — 'AND IT SHALL BE, BECAUSE YOU HEAR these judgments and keep and do them, the LORD 
    herd_tithed                                  form case     the herd and the flock tithed, the land's tithe — 'and all the tithe of the land, of the seed of the
    house_mark_seen                              form case     a mark seen in a house — 'and I put a mark of leprosy in a house of the land of your possession', 'a
    inheritance_crossed_tribes                   form case     an inheritance crossed tribes — the exam's case on THE TRANSFER BAR and its REACH (Num 36:3-9): an h
    journeyed                                    form act      journeyed — 'and the sons of Israel journeyed from Rameses to Succoth' and the stations after it (Et
    journeyed_by_the_red_sea_way                 form act      the journey by the Red Sea way — 'and they journeyed from Mount Hor by the way of the Red Sea to go 
    journeyed_oboth_to_arnon                     form act      the stations from Oboth to the Arnon — 'and the children of Israel journeyed and camped at Oboth; an
    journeyed_to_mount_hor                       form act      the journey to Mount Hor — 'and they journeyed from Kadesh, and the children of Israel, the whole co
    journeyed_to_pisgah                          form act      the stations to Pisgah — 'and from the wilderness to Mattanah; and from Mattanah to Nahaliel, and fr
    journeys_case                                form case     the exam's rows on the journeys (Num 33:1-49 — Rosh Hashanah 2b:9-3a:13; Kiddushin 37b:14-38a:7; Bav
    journeys_written                             form act      the journeys written — 'these are the journeys of the children of Israel who went out of the land of
    levirate_claimed                             form case     a levirate bond claimed — the exam's case on THE SECOND HORN of the daughters' dilemma (Bava Batra 1
    levirate_commanded                           form speech   the levirate commanded — the father's charge to the brother: go in to your brother's wife, perform t
    levite_age_rule                              form statute  the Levites' ages — 'this is what belongs to the Levites: from twenty-five years old and upward he s
    levite_cities_case                           form case     the exam's rows on the Levite cities (Num 35:1-8 — Mishnah Sotah 5:3 / Sotah 27b:8-10 R. Akiva's tho
    levite_cities_commanded                      form speech   the Levite cities commanded — 'and the LORD spoke to Moses in the plains of Moab by the Jordan at Je
    levite_count_commanded                       form speech   the Levite count commanded — 'count the sons of Levi by their fathers' houses, by their families; ev
    levite_rite_case                             form case     the exam's rows on the Levites' rite and ages (Num 8:5-26 — the fitness by age and blemish and voice
    levite_roll_case                             form case     the exam's rows on the Levites' roll (Num 26:57-62 — Bava Batra 120a:1-3, 123b:1; Sotah 12a:2-15; Nu
    levite_service_case                          form case     a Levite's or a priest's fitness for the service asked — the exam's case on THE AGES AND THE BLEMISH
    levites_counted                              form act      the Levites counted — 'and Moses counted them by the mouth of the LORD, as he was commanded' (Num 3:
    levites_counted_second                       form act      the Levites counted the second time — 'and these are the counted of the Levites by their families: o
    levites_exempted                             form speech   the Levites exempted and posted — 'only the tribe of Levi you shall not count, and their head you sh
    levites_gathered                             form act      the Levites gathered at the gate — 'and Moses stood in the gate of the camp and said: whoever is for
    levites_given                                form speech   the Levites given — THE SUBSTITUTION DECLARED: 'bring near the tribe of Levi and stand it before Aar
    levites_portion_given                        form act      the congregation's half and the Levites' portion given — 'and from the half of the children of Israe
    levites_purification_commanded               form speech   the Levites' purification commanded — 'take the Levites from among the children of Israel and purify
    levites_purified_and_given                   form act      the Levites purified, waved and given — 'and Moses and Aaron and all the congregation of the childre
    levites_rebuked                              form speech   the Levites rebuked — 'and Moses said to Korach: hear now, sons of Levi: is it too little for you th
    levites_work_counted                         form act      the work-count taken — 'and Moses and Aaron and the princes of the congregation counted the sons of 
    males_circumcised                            form act      the males circumcised — 'and all who went out of the gate of his city heeded Hamor and Shechem his s
    mark_promised                                form speech   the mark promised — 'therefore whoever slays Cain, sevenfold shall he be avenged; and the LORD set a
    moses_and_aaron_fell_and_the_glory           form act      Moses and Aaron fell and the glory appeared — 'and Moses and Aaron came from before the assembly to 
    moses_and_aaron_pleaded                      form speech   Moses and Aaron pleaded — 'and they fell on their faces and said: O God, God of the spirits of all f
    placed_in_the_ark                            form act      placed in the ark — 'and she took for him an ark of bulrushes ... and put the child in it, and put i
    portion_declared                             form speech   the portion declared — 'and the LORD said to Aaron: in their land you shall not inherit, and you sha
    portion_given                                form speech   a portion given — 'one portion above your brothers': the gift form of the extra share (Bava Batra 8:
    portions_lifted                              form act      portions lifted — 'and he lifted portions from before his face to them; and Benjamin\'s portion was 
    prayed_for_aaron                             form act      Moses prayed for Aaron — 'AND WITH AARON THE LORD WAS VERY ANGRY, TO DESTROY HIM; AND I PRAYED FOR A
    presumed_to_go_up                            form act      the presumption — 'and Moses spoke these words to all the children of Israel, and the people mourned
    priest_body_marked                           form case     a priest's head made bald, beard shaved, or flesh gashed — 'they shall not make a baldness on their 
    skin_mark_seen                               form case     a mark seen in the skin — the chapter's heads 'a man, when there is in the skin of his flesh a risin
    soul_cleaved                                 form act      the soul cleaved — 'and his soul cleaved to Dinah, daughter of Jacob, and he loved the girl, and spo
    stars_shown                                  form act      the stars shown — 'and He brought him outside and said: look now toward the heavens and count the st
    stranger_approached                          form case     a stranger approached the service — the exam's case on THE CLAUSE 'and the stranger who approaches s
    stranger_case                                form case     the exam's rows on the stranger (Num 15:14-16 — the convert's entry by circumcision, immersion and b
    stranger_service_case                        form case     the exam's rows on the stranger who served (Num 18:4, 18:7 with 17:5 and 17:28 — the warning and the
    stranger_wronged                             form case     a stranger, widow, or orphan wronged — the clauses 'and a stranger you shall not wrong nor oppress',
    tablets_broken                               form act      the tablets broken — 'and it was when he came near the camp and saw the calf and the dancing, Moses'
    tablets_given                                form act      the tablets given — 'and he wrote them on two tablets of stone' (Deut 4:13, the tablets PLENE — 4:13
    testimony_placed                             form act      the testimony placed — the tablets put into the ark, the staves set, the cover laid on above
    tithe_case                                   form case     the exam's rows on the tithe (Num 18:20-32 — no inheritance and the exclusion table, the tithe to th
    tithe_given                                  form act      a tithe given — 'and he gave him a tenth of all'
    tithe_of_the_tithe_commanded                 form speech   the tithe of the tithe commanded — 'and the LORD spoke to Moses saying: and to the Levites you shall
    voice_heard_from_the_ark                     form act      the Voice heard from the ark — 'and when Moses came into the tent of meeting to speak with Him, he h
    watch_given_to_aaron                         form speech   the watch given to Aaron — 'and the LORD said to Aaron: you and your sons and your father's house wi
    widow_sent                                   form speech   the widow sent to wait — 'sit as a widow in your father's house until Shelah grows': the deferral to
    widows_vow_case                              form case     the exam's rows on the widow and the divorcee (Num 30:10 — Nedarim 88b-89b; Ketubot 49a; Yevamot 87a
  effects touching the matter:
    ark_built                                status   the ark built — the STATUS the receipt writes on the ark: 'thus did Noah; according to all that God commanded 
    ark_intercourse_barred                   block    intercourse barred in the ark — the BLOCK the tradition reads off the call's word order onto Noah and his hous
    ark_owed                                 debit    the ark owed — the DEBIT the command lays on Noah toward Heaven: 'make yourself an ark of gopher wood' — close
    ark_spec                                 status   the ark's spec — the STATUS the blueprint writes on the ark: three hundred cubits its length, fifty its breadt
    bless_after_eating_commanded             status   the blessing after the meal commanded — the STATUS the chapter's first line writes on Israel: 'and you shall e
    blessed_at_the_ford                      status   blessed at the ford — the STATUS the blessing writes on Jacob: 'why is it that you ask my name? and he blessed
    blessed_by_the_lord                      status   blessed by the LORD — the STATUS the blessing writes on Isaac: 'and it was after the death of Abraham that God
    blessed_by_the_priest                    status   blessed by the priest — the STATUS the blessing writes on Abram, Melchizedek the counterparty: 'and he blessed
    blessed_by_the_priests                   status   blessed by the priests — the STATUS the priests' blessing writes on Israel, and God's on the priests: 'so shal
    blessed_by_the_sword                     heaven   blessed by the sword — the HEAVEN entry the anti-blessing writes on Esau: 'behold, of the fat places of the ea
    blessed_the_people                       heaven   blessed the people — the HEAVEN entry written on the people by the priestly blessing: Aaron lifts his hands an
    blessed_with_dew_and_fat                 heaven   blessed with dew and fat — the HEAVEN entry the blessing's first clause writes on Jacob: 'and may God give you
    blessing_demanded                        status   a blessing demanded — the STATUS the refusal to release writes on Jacob: 'I will not let you go unless you hav
    blessing_of_abraham_given                heaven   the blessing of Abraham given — the HEAVEN entry the send-off writes on Jacob: 'and may God Almighty bless you
    blessing_promised                        heaven   the blessing promised — the HEAVEN entry the ladder writes on Abram: 'and I will bless you and make your name 
    blessing_ratified                        status   the blessing ratified — the STATUS the trembling verdict writes on Jacob: 'who then is he who hunted game and 
    blessing_returned                        transfer the blessing returned — the TRANSFER to Esau at Jacob's urging: 'take, please, my blessing that was brought to
    blessings_for_hearing                    heaven   the blessings for hearing — the conditional HEAVEN entry the chapter's second line writes on Israel (the form 
    bread_and_water_blessed                  heaven   bread and water blessed — the HEAVEN entry written on the people who serve the LORD in the land: their bread a
    bribe_barred                             block    the bribe barred — the BLOCK on the judge: no bribe, even to judge truly; the bribe blinds the open-eyed and t
    burial_in_canaan_sworn                   debit    burial in Canaan sworn — the DEBIT the oath writes on Joseph: 'put, please, your hand under my thigh ... bury 
    burial_leave_asked                       status   burial leave asked — the STATUS the request writes on Joseph: 'and the days of his weeping passed, and Joseph 
    burial_owed                              debit    the burial owed — the DEBIT the dying father's command writes on his sons: 'bury me with my fathers, in the ca
    buried                                   status   buried — the STATUS the burial writes on the dead and closes on the mourner: 'and after this Abraham buried Sa
    buried_by_both_sons                      status   buried by both sons — the STATUS the burial writes on Isaac: 'and Esau and Jacob his sons buried him' (35:29) 
    buried_in_peace                          heaven   buried in peace — the HEAVEN entry the decree writes on Abram: 'and you shall go to your fathers in peace; you
    circumcised_by_the_condition             status   circumcised by the condition — the STATUS the gate's consent writes on the men of Shechem: 'and every male was
    circumcision_conditioned                 status   circumcision conditioned — the STATUS the deceitful answer writes on the sons: 'only in this will we consent t
    circumcision_due                         debit    circumcision due — the DEBIT the command writes on every male of the house, and the per-person TIMER it opens 
    covenant_cut                             status   the covenant cut — the STATUS the covenant clause writes on the community: 'behold I cut a covenant before all
    death_by_heaven                          heaven   death by Heaven — the priest who enters the tent or serves after wine is written on HEAVEN's docket for death:
    divined_blessing                         status   the blessing divined — the STATUS the confession writes on Laban: 'if now I have found favor in your eyes — I 
    dread_and_darkness                       status   a dread of great darkness — the STATUS the sleep writes on Abram: 'and it was, as the sun was going down, that
    dream_of_sun_moon_stars                  status   the dream of the sun, the moon and the stars — the STATUS the second dream writes on Joseph: 'behold, the sun 
    egypt_wept_seventy                       timer    Egypt wept seventy — the TIMER the mourning sets on Egypt: 'and Egypt wept for him seventy days' (50:3) — due 
    embalming_forty_days                     timer    the embalming's forty days — the TIMER the physicians' work sets on Jacob: 'and Joseph commanded his servants 
    encamped_at                              status   encamped at — the STATUS the journey writes on the people's position: 'and the sons of Israel journeyed from R
    foreign_gods_buried                      status   the foreign gods buried — the STATUS the hiding writes on Jacob: 'and they gave to Jacob all the foreign gods 
    fruitfulness_blessed                     heaven   fruitfulness blessed — the HEAVEN entry the blessing writes on the fish, the man, and Noah: 'be fruitful and m
    garments_inherited                       status   the garments inherited — the STATUS the succession clause writes on the office: 'the holy garments of Aaron sh
    given_to_aaron                           status   given to Aaron — the STATUS on the tribe of Levi: 'and you shall give the Levites to Aaron and his sons: GIVEN
    grave_marked                             status   the grave marked — the STATUS the pillar writes on Rachel's grave: 'and Jacob set up a pillar upon her grave, 
    heaven_and_earth_witness                 status   heaven and earth called to witness — the STATUS the case's evidence clause writes on Israel: 'I call heaven an
    house_blessed_for_joseph                 status   the house blessed for Joseph's sake — the STATUS the blessing writes on the house of Potiphar: 'the LORD bless
    in_the_ark                               status   in the ark — the STATUS the entry writes on Noah and his house: 'and Noah came, and his sons and his wife and 
    inheritance_barred                       block    an inheritance barred — the BLOCK on the priests and the Levites in the land's division: 'in their land you sh
    inheritance_questioned                   status   the inheritance questioned — the STATUS the wives' answer writes on Rachel and Leah: 'have we still a portion 
    inheritance_stayed_in_tribe              status   the inheritance stayed in the tribe — the STATUS the execution writes on the heiresses who married within: 'an
    journey_halted                           debit    the journey halted — the BLOCK Miriam's week writes on the people: 'and the people did not journey until Miria
    journey_of_three_days                    timer    a journey of three days — the TIMER the ark's setting-out writes on the ark's body: 'and they journeyed from t
    journeys_recorded                        status   the journeys recorded — the STATUS the writing writes on the people: 'and Moses wrote their goings out by thei
    levirate_owed                            debit    the levirate owed — the DEBIT the father's word writes on the surviving brother: 'come to your brother's wife 
    levites_portion_given                    transfer the Levites' portion given — the TRANSFER the congregation's fiftieth writes on the Levites, the congregation'
    mark_of_anger                            status   the mark of anger — the STATUS Zevachim 102a reads off 4:14's 'and the anger of the LORD burned against Moses'
    mark_set                                 status   a mark set — the STATUS the protective handler writes on Cain: 'and the LORD set a mark for Cain, that whoever
    oracle_blessed                           heaven   blessed by the oracle — HEAVEN's entry the parables write on Israel: 'how shall I curse whom El has not cursed
    out_of_the_ark                           status   out of the ark — the STATUS the exit writes on Noah and his house: 'and Noah went out, and his sons and his wi
    pharaoh_blessed                          status   Pharaoh blessed — the STATUS Jacob's blessing writes on Pharaoh: 'and Joseph brought Jacob his father, and sto
    portion_added                            transfer one portion added — the TRANSFER the dying father's gift writes to one son above his brothers: 'and I have giv
    portion_reserved                         status   the portion reserved — the STATUS the exception writes on the allies: 'save only what the young men have eaten
    presumed_to_go_up                        status   presumed to go up — the STATUS on Israel: 'and they presumed to go up to the top of the mountain, but the ark 
    seed_as_stars                            heaven   seed as the stars — the HEAVEN entry the count writes on Abram: 'look now toward the heavens and count the sta
    seventh_day_blessed                      status   the seventh day blessed and sanctified — the STATUS the chapter's last verse writes on the day itself: 'and Go
    seventy_sevenfold_claimed                status   seventy-sevenfold claimed — the STATUS Lamech's song writes on himself: 'if Cain shall be avenged sevenfold, t
    shem_blessed                             status   Shem blessed — the STATUS the first human blessing writes on Shem: 'blessed be the LORD, the God of Shem' — Be
    slain_by_heaven                          heaven   slain by Heaven — the HEAVEN entry the narrator's verdict writes: 'and Er, Judah's firstborn, was evil in the 
    sojourn_commanded                        status   the sojourn commanded — the STATUS the second imperative writes on Isaac: 'sojourn in this land, and I will be
    spied_forty_days                         timer    forty days of spying — the TIMER the sending writes on the twelve, due the sending's day plus forty: 'and they
    spoken_to_from_the_ark                   status   spoken to from the ark — the STATUS the Voice writes on Moses: 'he heard the Voice speaking itself to him from
    stranger_barred                          block    stranger barred — the BLOCK on every non-priest, the priest's resident and hireling, and the impure priest unt
    tablets_delivered                        transfer the tablets delivered — the TRANSFER of the written program into Moses' hand: 'and He gave to Moses, when He f
    terumah_of_the_tithe_owed                status   the terumah of the tithe owed — the standing STATUS the command writes on the Levites: 'when you take from the
    tithe_given                              transfer a tithe given — the TRANSFER the tenth writes from Abram to Melchizedek: 'and he gave him a tenth of all' — th
    tithe_granted                            status   the tithe granted — the standing STATUS the grant writes on the Levites: 'to the sons of Levi, behold, I have 
    tithe_vowed                              debit    the tithe vowed — the DEBIT the vow's last clause lays on Jacob: 'and all that You give me I will surely tithe
    waits_for_the_levir                      debit    waits for the levir — the DEBIT and per-person TIMER the father-in-law's word writes on the widow: 'remain a w
  a kind row whole (ark_commanded): {'en': "the ark commanded — 'make yourself an ark of gopher wood' (6:14); the blueprint (6:15-16); 'and I will establish My covenant with you, and you shall come into the ark' (6:18); 'and you, take yourself of all food' (6:21)", 'he': 'עֲשֵׂה לְךָ תֵּבַת עֲצֵי גֹפֶר (make yourself an ark of gopher wood — Gen 6:14)', 'form': 'speech', 'witness': ['Gen 6:14 | עשה לך תבת עצי גפר', 'Gen 6:15 | וזה אשר תעשה אתה', 'Gen 6:18 | והקמתי את בריתי אתך ובאת אל התבה', 'Gen 6:21 | ואתה קח לך מכל מאכל אשר יאכל'], 'ink': 'Gen 6:14-21', 'corpus': 'gen_16_ark_spec (STEP_Gn_6_14); gen_16_ark_spec (STEP_Gn_6_15);
  a kind row whole (ark_journeyed): {'en': "the ark journeyed before them — 'and they journeyed from the mountain of the LORD three days' journey, and the ark of the covenant of the LORD journeyed before them three days' journey to spy out for them a resting place; and the cloud of the LORD was over them by day... and when the ark journeyed Moses said: Rise, LORD... and when it rested he said: Return, LORD, to the myriads of the thousands of Israel' (Num 10:33-36) — the three days a TIMER on the tape, the two inverted nuns around 10:35-36", 'he': "וַיִּסְעוּ מֵהַר יְהוָה דֶּרֶךְ שְׁלֹשֶׁת יָמִים וַאֲרוֹן בְּרִית יְהוָה נֹסֵעַ לִ
  a kind row whole (ark_made): {'en': "the ark made — 'and Noah did according to all that God commanded him, so he did'", 'he': 'וַיַּעַשׂ נֹחַ כְּכֹל אֲשֶׁר צִוָּה אֹתוֹ אֱלֹהִים כֵּן עָשָֽׂה (and Noah did according to all that God commanded him, so he did — Gen 6:22)', 'form': 'act', 'witness': ['Gen 6:22 | ויעש נח ככל אשר צוה אתו אלהים כן עשה'], 'ink': 'Gen 6:22', 'corpus': 'gen_16_ark_spec: make (agent noach) at Gen 6:22', 'tape': 'submitted by cold_run_primeval.py [subjects: noah]; re-submitted on the sequential tape by cold_run_sequence.py; consumed by law_primeval (cold_run_primeval.py) -> ark_built', 'fields': []}
  a kind row whole (ark_rested): {'en': "the ark rested — 'and the ark rested in the seventh month, on the seventeenth day of the month, on the mountains of Ararat'", 'he': 'וַתָּנַח הַתֵּבָה בַּחֹדֶשׁ הַשְּׁבִיעִי בְּשִׁבְעָה עָשָׂר יוֹם לַחֹדֶשׁ עַל הָרֵי אֲרָרָֽט (and the ark rested in the seventh month, on the seventeenth day of the month, on the mountains of Ararat — Gen 8:4)', 'form': 'act', 'witness': ['Gen 8:4 | ותנח התבה בחדש השביעי בשבעה עשר יום לחדש על הרי אררט'], 'ink': 'Gen 8:4', 'corpus': 'gen_19_the_remembering: rest at Gen 8:4', 'tape': 'submitted by cold_run_primeval.py [subjects: the-ark]; re-submitted on th
  a kind row whole (ascent_barred): {'en': "the mountain closed for the ascent — 'and no man shall go up with you, nor let any man be seen in all the mountain, nor let the flock and herd graze before that mountain': the boundary of 19:12-13 restated for the second ascent with the graze clause its own — while the Presence rested the flock may not graze, when it departed 'they may go up': the place does not honor the man (Taanit 21b:4, R. Yosei)", 'he': 'וְאִישׁ לֹא יַעֲלֶה עִמָּךְ וְגַם אִישׁ אַל יֵרָא בְּכָל הָהָר (and no man shall go up with you, nor let any man be seen in all the mountain — Exod 34:3)', 'form': 'case', 'witnes
  a kind row whole (blessed): {'en': "blessed — Isaac over Jacob: 'see, the smell of my son is as the smell of a field which the LORD has blessed; and may God give you of the dew of heaven and of the fat places of the earth, and abundance of grain and new wine; may peoples serve you and nations bow to you; be master over your brothers, and may your mother's sons bow to you; those who curse you cursed, and those who bless you blessed' (27:27-29); over Esau: 'behold, of the fat places of the earth shall be your dwelling, and of the dew of heaven from above; and by your sword you shall live, and your brother you shall serve; 
  a kind row whole (blessed_after_the_death): {'en': "blessed after the death — 'and it was after the death of Abraham that God blessed Isaac his son; and Isaac dwelt by Beer-lahai-roi'", 'he': 'וַיְבָרֶךְ אֱלֹהִים אֶת יִצְחָק בְּנוֹ (and it was after the death of Abraham that God blessed Isaac his son, and Isaac dwelt by Beer-lahai-roi — Gen 25:11)', 'form': 'act', 'witness': ['Gen 25:11 | ויברך אלהים את יצחק בנו'], 'ink': 'Gen 25:11', 'corpus': 'gen_42_abraham_end_ishmael_line (STEP_Gn_25_11)', 'tape': 'submitted by cold_run_mamre.py [subjects: isaac]; re-submitted on the sequential tape by cold_run_sequence.py; consumed by law_mamre (c
  a kind row whole (blessed_be_fruitful): {'en': "blessed to be fruitful — the blessing's command 'be fruitful and multiply' (to the man with dominion; to Noah twice)", 'he': 'וַיְבָרֶךְ אֹתָם אֱלֹהִים וַיֹּאמֶר לָהֶם אֱלֹהִים פְּרוּ וּרְבוּ (and God blessed them and God said to them: be fruitful and multiply — Gen 1:28); וַיְבָרֶךְ אֱלֹהִים אֶת נֹחַ וְאֶת בָּנָיו וַיֹּאמֶר לָהֶם פְּרוּ וּרְבוּ (and God blessed Noah and his sons and said to them: be fruitful and multiply — Gen 9:1); וְאַתֶּם פְּרוּ וּרְבוּ (and you, be fruitful and multiply — Gen 9:7)', 'form': 'speech', 'link': 'reference', 'witness': ['Gen 1:28 | ויברך אתם אלהים ויא
  a kind row whole (blessed_shem_and_japheth): {'en': "Shem and Japheth blessed — 'blessed be the LORD, the God of Shem; and let Canaan be a slave to them' (9:26); 'God enlarge Japheth, and he shall dwell in the tents of Shem' (9:27)", 'he': 'וַיֹּאמֶר בָּרוּךְ יְהֹוָה אֱלֹהֵי שֵׁם וִיהִי כְנַעַן עֶבֶד לָֽמוֹ (blessed be the LORD, the God of Shem, and let Canaan be a slave to them — Gen 9:26)', 'form': 'speech', 'witness': ['Gen 9:26 | ויאמר ברוך יהוה אלהי שם ויהי כנען עבד למו', 'Gen 9:27 | יפת אלהים ליפת וישכן באהלי שם'], 'ink': 'Gen 9:26-27', 'corpus': 'gen_23_vineyard_curse (STEP_Gn_9_26); gen_23_vineyard_curse (STEP_Gn_9_27)', 'tape': 
  a kind row whole (blessing_case): {'en': "the priests' blessing — the exam's case on 6:22-27: the form (the holy tongue, standing, the raised hands, the Name in the Temple and the substitute in the province, one blessing or three, face to face, aloud, the prompter), who blesses (a priest; not the blemished-hands, the drunk, the minor, the exposed), the quorum, who is blessed (all Israel — converts, women, freed slaves), read not translated, the three commands, the priests blessed by Heaven, the face lifted", 'he': 'כֹּה תְבָרֲכוּ אֶת בְּנֵי יִשְׂרָאֵל אָמוֹר לָהֶֽם (thus shall you bless the children of Israel; say to them — Nu
  a kind row whole (blessing_demanded): {'en': "a blessing demanded — 'and he said: let me go, for the dawn has risen; and he said: I will not let you go unless you have blessed me' (32:27)", 'he': 'לֹא אֲשַֽׁלֵּחֲךָ כִּי אִם בֵּרַכְתָּֽנִי (and he said: let me go, for the dawn has risen, and he said: I will not let you go unless you have blessed me — Gen 32:27)', 'form': 'speech', 'witness': ['Gen 32:27 | לא אשלחך כי אם ברכתני'], 'ink': 'Gen 32:27', 'corpus': 'gen_55_night_wrestling_israel (STEP_Gn_32_27)', 'tape': 'submitted by cold_run_joseph.py [subjects: jacob]; re-submitted on the sequential tape by cold_run_sequence.py; consu
  a kind row whole (blessing_lifted): {'en': 'the blessing lifted — Aaron lifts his hands toward the people and blesses them; Moses and Aaron bless from the tent', 'he': 'וַיִּשָּׂא אַהֲרֹן אֶת ידו אֶל הָעָם וַיְבָרְכֵם (and Aaron lifted his hands toward the people and blessed them — Lev 9:22)', 'form': 'act', 'witness': ['Lev 9:22 | וישא אהרן את ידו אל העם ויברכם'], 'ink': 'Lev 9:22-23', 'corpus': 'the narrative tape logs no EVENT operator at this address (a law/run chapter, or a recorded case)', 'tape': 'submitted by cold_run_shemini_day.py [subjects: the-people]; re-submitted on the sequential tape by cold_run_sequence.py; cons
  a kind row whole (body_marked): {'en': "the head rounded, the beard destroyed, the flesh gashed or tattooed — 'you shall not round the corner of your head, and you shall not destroy the corner of your beard', 'and a gash for a soul you shall not put in your flesh, and a tattoo inscription you shall not put in you': the two corners of the head and the five of the beard, the razor as the two-constraint solve with the priests' shaving clause, the gash for the dead only with its multipliers per gash and per dead, the tattoo written and engraved, the women exempt from the head and the beard", 'he': 'לֹא תַקִּפוּ פְּאַת רֹאשְׁכֶם 
  a kind row whole (bribe_offered): {'en': "a bribe offered to the judge — the clauses 'you shall not pervert the judgment of your needy in his cause' and 'a bribe you shall not take, for the bribe blinds the open-eyed and perverts the words of the righteous': the BLOCK on the judge even to judge truly (Ketubot 105a-b), and Heaven's entry for judgment perverted (Mishnah Peah 8:9)", 'he': 'וְשֹׁחַד לֹא תִקָּח (and a bribe you shall not take — Exod 23:8); לֹא תַטֶּה מִשְׁפַּט אֶבְיֹנְךָ בְּרִיבוֹ (you shall not pervert the judgment of your needy in his cause — Exod 23:6)', 'form': 'case', 'witness': ['Exod 23:8 | ושחד לא תקח', 'Ex
  a kind row whole (buried): {'en': "buried — the burial act the text records (Sarah's the first act on the purchased field; Jacob's the run that closes the burial debit)", 'he': 'קָבַר אַבְרָהָם אֶת שָׂרָה אִשְׁתּוֹ (Abraham buried Sarah his wife — Gen 23:19); וַיִּקְבְּרוּ אֹתוֹ בִּמְעָרַת שְׂדֵה הַמַּכְפֵּלָה (and they buried him in the cave of the field of Machpelah — Gen 50:13)', 'form': 'act', 'link': 'reference', 'witness': ['Gen 23:19 | קבר אברהם את שרה אשתו', 'Gen 50:13 | ויקברו אתו במערת שדה המכפלה', 'Gen 25:9 | ויקברו אתו יצחק וישמעאל בניו אל מערת המכפלה', 'Gen 35:8 | ותקבר מתחת לבית אל תחת האלון', 'Gen 35:19 |
  a kind row whole (ceased_and_blessed): {'en': 'ceased and blessed — God ceases on the seventh day and blesses and sanctifies it', 'he': 'וַיִּשְׁבֹּת בַּיּוֹם הַשְּׁבִיעִי (and He ceased on the seventh day — Gen 2:2); וַיְבָרֶךְ אֱלֹהִים אֶת יוֹם הַשְּׁבִיעִי וַיְקַדֵּשׁ אֹתוֹ (and God blessed the seventh day and sanctified it — Gen 2:3)', 'form': 'act', 'witness': ['Gen 2:2 | וישבת ביום השביעי', 'Gen 2:3 | ויברך אלהים את יום השביעי ויקדש אתו'], 'ink': 'Gen 2:2-3', 'corpus': 'gen_07_completion_sanctity: finish at Gen 2:2 (agent Elohim); gen_07_completion_sanctity: cease at Gen 2:2 (agent Elohim)', 'tape': 'submitted by cold_run_pre
  a kind row whole (circumcised): {'en': 'circumcised — the act the run records (Abraham, Ishmael and the household on that very day; Isaac at eight days)', 'he': 'וַיָּמָל אֶת בְּשַׂר עָרְלָתָם (and he circumcised the flesh of their foreskin — Gen 17:23); וַיָּמָל אַבְרָהָם אֶת יִצְחָק בְּנוֹ בֶּן שְׁמֹנַת יָמִים (and Abraham circumcised Isaac his son at eight days old — Gen 21:4)', 'form': 'act', 'link': 'reference', 'witness': ['Gen 17:23 | וימל את בשר ערלתם', 'Gen 21:4 | וימל אברהם את יצחק בנו בן שמנת ימים', 'Exod 4:25 | ותקח צפרה צר ותכרת את ערלת בנה'], 'ink': 'Gen 17:24; Gen 17:25; Gen 17:23, 17:27; Gen 21:4; Exod 4:25 (
  a kind row whole (circumcision_commanded): {'en': "circumcision commanded — 'every male among you shall be circumcised... at eight days old': the covenant's sign and its floor", 'he': 'הִמּוֹל לָכֶם כָּל זָכָר (every male among you shall be circumcised — Gen 17:10); וּבֶן שְׁמֹנַת יָמִים יִמּוֹל לָכֶם כָּל זָכָר (and at eight days old every male among you shall be circumcised — Gen 17:12)', 'form': 'speech', 'witness': ['Gen 17:10 | המול לכם כל זכר', 'Gen 17:12 | ובן שמנת ימים ימול לכם כל זכר'], 'ink': 'Gen 17:10-13', 'corpus': 'the narrative tape logs no EVENT operator at this address (a law/run chapter, or a recorded case)', 'tape': 
  a kind row whole (elders_ascended): {'en': "the elders ascended — 'come up to the LORD, you and Aaron, Nadab and Abihu, and seventy of the elders of Israel', 'and Moses went up, and Aaron, Nadab and Abihu, and seventy of the elders of Israel': the elders unnamed — every three who stand as a court over Israel are as the court of Moses (Mishnah Rosh Hashanah 2:9, R. Dosa b. Harkinas); the seventy at their two seats and at Num 11:16", 'he': 'עֲלֵה אֶל יְהוָה אַתָּה וְאַהֲרֹן נָדָב וַאֲבִיהוּא וְשִׁבְעִים מִזִּקְנֵי יִשְׂרָאֵל (come up to the LORD, you and Aaron, Nadab and Abihu, and seventy of the elders of Israel — Exod 24:1); וַי
  a kind row whole (encamped_in_the_plains_of_moab): {'en': "encamped in the plains of Moab — 'and the children of Israel journeyed and camped in the plains of Moab across the Jordan of Jericho' (Num 22:1): the book's last camp — nine datelines to 36:13, Moses climbs from them to die (Deut 34:1); Chukat's last verse, read with this draft", 'he': 'וַיִּסְעוּ בְּנֵי יִשְׂרָאֵל וַֽיַּחֲנוּ בְּעַֽרְבוֹת מוֹאָב מֵעֵבֶר לְיַרְדֵּן יְרֵחֽוֹ (and the children of Israel journeyed and camped in the plains of Moab across the Jordan of Jericho — Num 22:1)', 'form': 'act', 'witness': ['Num 22:1 | ויסעו בני ישראל ויחנו בערבות מואב מעבר לירדן ירחו'], 'ink': 'N
  a kind row whole (entered_the_ark): {'en': "entered the ark — 'and Noah came, and his sons and his wife and his sons' wives with him, into the ark, because of the waters of the flood' (7:7); 'on that very day Noah came' (7:13); 'and the LORD shut him in' (7:16)", 'he': "וַיָּבֹא נֹחַ וּבָנָיו וְאִשְׁתּוֹ וּנְשֵֽׁי בָנָיו אִתּוֹ אֶל הַתֵּבָה (and Noah came, and his sons and his wife and his sons' wives with him, into the ark, because of the waters of the flood — Gen 7:7)", 'form': 'act', 'witness': ['Gen 7:7 | ויבא נח ובניו ואשתו ונשי בניו אתו אל התבה', 'Gen 7:13 | בעצם היום הזה בא נח', 'Gen 7:16 | ויסגר יהוה בעדו'], 'ink': 'Gen 
  a kind row whole (exited_the_ark): {'en': "exited the ark — 'and Noah went out, and his sons and his wife and his sons' wives with him' (8:18); 'every beast ... by their families went out of the ark' (8:19)", 'he': "וַיֵּצֵא נֹחַ וּבָנָיו וְאִשְׁתּוֹ וּנְשֵֽׁי בָנָיו אִתּֽוֹ (and Noah went out, and his sons and his wife and his sons' wives with him — Gen 8:18)", 'form': 'act', 'witness': ['Gen 8:18 | ויצא נח ובניו ואשתו ונשי בניו אתו', 'Gen 8:19 | למשפחתיהם יצאו מן התבה'], 'ink': 'Gen 8:18-19', 'corpus': 'gen_20_exit_altar: go_out (agent noach) at Gen 8:18; gen_20_exit_altar (STEP_Gn_8_19)', 'tape': 'submitted by cold_run_prime
  a kind row whole (garment_mark_seen): {'en': "a mark seen in a garment — 'and the garment, when there is in it a mark of leprosy, in a garment of wool or in a garment of linen', 'and the priest shall see the mark and shut up the mark seven days', 'and he shall burn the garment', 'in fire shall you burn it', 'and it shall be washed a second time and be pure': the garment's two weeks as TIMERS, the spreading or standing mark BURNED (the garment and person asymmetry in the ink's own verbs), the departed mark washed a second time and released", 'he': 'וְהַבֶּגֶד כִּי יִהְיֶה בוֹ נֶגַע צָרָעַת בְּבֶגֶד צֶמֶר אוֹ בְּבֶגֶד פִּשְׁתִּים (a
  a kind row whole (garments_transferred_and_aaron_died): {'en': "the garments transferred and Aaron died — 'and Moses stripped Aaron of his garments and put them on Eleazar his son, and Aaron died there on the top of the mountain; and Moses and Eleazar came down from the mountain' (Num 20:28) — EXOD 29:29-30's SPEC RUN (the holy garments to the sons after him); Eleazar invested; 33:38's date (40, 5, 1) TEXT-CONSTRAINED, the fortieth year read by the taught ordinal reader; 33:39's age 123; Bava Batra 17a the kiss", 'he': 'וַיַּפְשֵׁט מֹשֶׁה אֶֽת אַהֲרֹן אֶת בְּגָדָיו וַיַּלְבֵּשׁ אֹתָם אֶת אֶלְעָזָר בְּנוֹ וַיָּמָת אַהֲרֹן שָׁם בְּרֹאשׁ הָהָר וַיֵּרֶ
  a kind row whole (hearing_blessed): {'en': "hearing blessed — 'AND IT SHALL BE, BECAUSE YOU HEAR these judgments and keep and do them, the LORD your God will keep for you the covenant and the kindness which he swore to your fathers; and he will love you and bless you and multiply you — the fruit of your womb and the fruit of your ground, your grain, your wine and your oil, the increase of your cattle and the young of your flock, on the land which he swore to your fathers to give you; blessed shall you be above all peoples: there shall not be male or female barren among you or among your cattle; and the LORD will remove from you 
  a kind row whole (herd_tithed): {'en': "the herd and the flock tithed, the land's tithe — 'and all the tithe of the land, of the seed of the land, of the fruit of the tree, it is the LORD's, holy to the LORD', 'and all the tithe of the herd and the flock, all that passes under the rod, the tenth shall be holy to the LORD': the count under the rod with the tenth marked (not the proportion), herd and flock two pens and sheep with goats one, the naming errors by call to the jubilee engine (the ninth called tenth eaten blemished, the eleventh a peace offering when the name was uprooted), not examined good or bad, the land's tith
  a kind row whole (house_mark_seen): {'en': "a mark seen in a house — 'and I put a mark of leprosy in a house of the land of your possession', 'and he whose house it is shall come and tell the priest', 'and he shall shut up the house seven days', 'and if the mark returns and breaks out in the house', 'and he shall demolish the house', 'and the priest shall pronounce the house pure, for the mark is healed': the house's three weeks as TIMERS (nineteen days), the ten houses of the Sifra's own transition table (dim or gone peels, spread pulls and scrapes and plasters, the return DEMOLISHES, quiet takes the birds)", 'he': 'וְנָתַתִּי 
  a kind row whole (journeyed): {'en': "journeyed — 'and the sons of Israel journeyed from Rameses to Succoth' and the stations after it (Etham, Pi-hahiroth, Shur, Marah, Elim, Sin, Rephidim, Sinai)", 'he': "וַיִּסְעוּ בְנֵֽי יִשְׂרָאֵל מֵרַעְמְסֵס סֻכֹּתָה (and the sons of Israel journeyed from Rameses to Succoth' and the stations after it — Exod 12:37)", 'form': 'act', 'link': 'reference', 'reference_by': "the itinerary's own verbs (journeyed, came, encamped) at every seat", 'witness': ['Exod 12:37 | ויסעו בני ישראל מרעמסס סכתה', 'Exod 13:20 | ויסעו מסכת ויחנו באתם', 'Exod 14:2 | וישבו ויחנו לפני פי החירת', 'Exod 15:22 | ו
  a kind row whole (journeyed_by_the_red_sea_way): {'en': "the journey by the Red Sea way — 'and they journeyed from Mount Hor by the way of the Red Sea to go around the land of Edom, and the soul of the people was shortened on the way' (Num 21:4) — 14:25's command RUN (the turn-back debit CLOSED); Deut 2:1; Samson's verb; TEXT-CONSTRAINED at (40, 6, 1) — 33:38's date + 20:29's thirty days", 'he': 'וַיִּסְעוּ מֵהֹר הָהָר דֶּרֶךְ יַם סוּף לִסְבֹב אֶת אֶרֶץ אֱדוֹם וַתִּקְצַר נֶֽפֶשׁ הָעָם בַּדָּֽרֶךְ (and they journeyed from Mount Hor by the way of the Red Sea to go around the land of Edom, and the soul of the people was shortened on the way — N
  a kind row whole (journeyed_oboth_to_arnon): {'en': "the stations from Oboth to the Arnon — 'and the children of Israel journeyed and camped at Oboth; and they journeyed from Oboth and camped at Iye-abarim, in the wilderness before Moab toward the sunrise; from there they journeyed and camped at the brook Zered; from there they journeyed and camped beyond Arnon, in the wilderness that comes out of the border of the Amorite, for Arnon is the border of Moab, between Moab and the Amorite' (Num 21:10-13) — DEUT 2:14 DATES THE ZERED (thirty-eight years); 33:41-44 shares Oboth and Iye-abarim; Seder Olam 9:2's retreat and return before them", '
  a kind row whole (journeyed_to_mount_hor): {'en': "the journey to Mount Hor — 'and they journeyed from Kadesh, and the children of Israel, the whole congregation, came to Mount Hor' (Num 20:22) — the Edom-border Mount Hor (33:37-41; 34:7-8 the northern one another); READING-PLACED at (40, 4, 1) by Seder Olam 9:2's three months at Kadesh", 'he': 'וַיִּסְעוּ מִקָּדֵשׁ וַיָּבֹאוּ בְנֵֽי יִשְׂרָאֵל כָּל הָעֵדָה הֹר הָהָֽר (and they journeyed from Kadesh, and the children of Israel, the whole congregation, came to Mount Hor — Num 20:22)', 'form': 'act', 'witness': ['Num 20:22 | ויסעו מקדש ויבאו בני ישראל כל העדה הר ההר'], 'ink': 'Num 20:22;
  a kind row whole (journeyed_to_pisgah): {'en': "the stations to Pisgah — 'and from the wilderness to Mattanah; and from Mattanah to Nahaliel, and from Nahaliel to Bamoth; and from Bamoth to the valley in the field of Moab, the top of Pisgah, looking over the wasteland' (Num 21:19-20) — Mattanah 18:6-7's gift-word; Pisgah Moses' death-view (Deut 34:1, 3:27; Num 23:14); Nedarim 55a's ladder; the translation's travelling well", 'he': 'וּמִמַּתָּנָה נַחֲלִיאֵל וּמִנַּחֲלִיאֵל בָּמֽוֹת (and from the wilderness to Mattanah; and from Mattanah to Nahaliel, and from Nahaliel to Bamoth — Num 21:19) · וּמִבָּמוֹת הַגַּיְא אֲשֶׁר בִּשְׂדֵה מוֹא
  a kind row whole (journeys_case): {'en': "the exam's rows on the journeys (Num 33:1-49 — Rosh Hashanah 2b:9-3a:13; Kiddushin 37b:14-38a:7; Bava Batra 17a:3; Berakhot 9a:25; Eruvin 55b:15; Yoma 75b:14; Taanit 9a:10; Yevamot 13b:6; Seder Olam Rabbah 9:2, 10:2): the era's new year from the chapter's date (the fortieth year in Av and in Shevat one year), the era's three stamps, redeemed at evening and left by day, the morrow of the Passover at both ends and the manna's forty years less thirty days, Moses' seventh of Adar and the exact hundred and twenty, the death by the mouth of the LORD, Arad's hearing and the retreat of seven s
  a kind row whole (journeys_written): {'en': "the journeys written — 'these are the journeys of the children of Israel who went out of the land of Egypt by their hosts by the hand of Moses and Aaron; and MOSES WROTE their goings out by their journeys BY THE MOUTH OF THE LORD, and these are their journeys by their goings out' (Num 33:1-2): THE CHAPTER'S OWN ACT — the writing (the four Torah seats of 'and Moses wrote': Exodus 24:4, this, Deuteronomy 31:9, 31:22); 'these are the journeys' 10:28's first four words; 'by their hosts' sixteen seats all in Numbers; 'by the hand of Moses and Aaron' 33:1 and Psalm 77:21 alone; 'by the mouth
  a kind row whole (levirate_claimed): {'en': "a levirate bond claimed — the exam's case on THE SECOND HORN of the daughters' dilemma (Bava Batra 119b:10): the widow claimed for the levir with children living — 'if brothers dwell together and one of them dies and HAS NO SON' (Deut 25:5; the same clause at Num 27:8 alone in the Torah — the family engine's census): Mishnah Yevamot 2:5 — a CHILD of any kind exempts the father's wife (Yevamot 22b:6: 'no son' read 'look into him' — any child, a daughter too); the bond's brother condition by CALL into the sanctions engine (levirate 'not_in_world'). THE SCENARIO'S KIND at the cursor (scen
  a kind row whole (levirate_commanded): {'en': "the levirate commanded — the father's charge to the brother: go in to your brother's wife, perform the levir's duty, raise seed (the institution's first seat)", 'he': "בֹּא אֶל אֵשֶׁת אָחִיךָ וְיַבֵּם אֹתָהּ וְהָקֵם זֶרַע לְאָחִיךָ (go in to your brother's wife and perform the levir's duty to her and raise seed for your brother — Gen 38:8)", 'form': 'speech', 'witness': ['Gen 38:8 | בא אל אשת אחיך ויבם אתה והקם זרע לאחיך'], 'ink': 'Gen 38:8', 'corpus': 'the narrative tape logs no EVENT operator at this address (a law/run chapter, or a recorded case)', 'tape': 'submitted by cold_run_fam
  a kind row whole (levite_age_rule): {'en': "the Levites' ages — 'this is what belongs to the Levites: from twenty-five years old and upward he shall come to host the host in the service of the tent of meeting; and from fifty years old he shall return from the host of the service and shall serve no more, but shall minister with his brothers in the tent of meeting to keep the charge, and shall do no service' (Num 8:24-26) — twenty-five here against thirty at 4:3 and twenty in Chronicles: a three-setting parameter", 'he': 'זֹאת אֲשֶׁר לַלְוִיִּם מִבֶּן חָמֵשׁ וְעֶשְׂרִים שָׁנָה וָמַעְלָה יָבוֹא לִצְבֹא צָבָא בַּעֲבֹדַת אֹהֶל מוֹעֵֽ
  a kind row whole (levite_cities_case): {'en': "the exam's rows on the Levite cities (Num 35:1-8 — Mishnah Sotah 5:3 / Sotah 27b:8-10 R. Akiva's thousand and two thousand; Mishnah Arakhin 9:8 / Arakhin 33b:12-15 the thousand and the thousand, the field and the lot unchanged; Eruvin 51a:8-14 the Sabbath limit's measure and the square; Eruvin 56b:6, 57a:5-13 the quarter and the karpef; Makkot 10a:4 the forty-two receive too; Makkot 13a:2-3 the rent; Makkot 12b:9 the Levite exiled; Bava Batra 24b:3; Nedarim 81a:7 'their needs of life')", 'he': 'וּמִגְרְשֵׁי הֶֽעָרִים אֲשֶׁר תִּתְּנוּ לַלְוִיִּם מִקִּיר הָעִיר וָחוּצָה אֶלֶף אַמָּה סָבִ
  a kind row whole (levite_cities_commanded): {'en': "the Levite cities commanded — 'and the LORD spoke to Moses in the plains of Moab by the Jordan at Jericho, saying: command the children of Israel that they give to the Levites from the inheritance of their possession CITIES TO DWELL IN, and pasture-land for the cities round about them you shall give to the Levites … from the wall of the city outward A THOUSAND CUBITS round about; and you shall measure from outside the city the east side TWO THOUSAND BY THE CUBIT, and the south side two thousand … and the city in the midst … and the cities that you shall give to the Levites: the six cit
  a kind row whole (levite_count_commanded): {'en': "the Levite count commanded — 'count the sons of Levi by their fathers' houses, by their families; every male from a month old and upward you shall count them' (Num 3:15), spoken 'in the wilderness of Sinai' (3:14 — the portion's second placed frame); the second threshold (a month; 'and upward' a month and a day — Arakhin 18b:5)", 'he': "פְּקֹד אֶת בְּנֵי לֵוִי לְבֵית אֲבֹתָם לְמִשְׁפְּחֹתָם כָּל זָכָר מִבֶּן חֹדֶשׁ וָמַעְלָה תִּפְקְדֵֽם (count the sons of Levi by their fathers' houses, by their families; every male from a month old and upward you shall count them — Num 3:15)", 'form': 
  a kind row whole (levite_rite_case): {'en': "the exam's rows on the Levites' rite and ages (Num 8:5-26 — the fitness by age and blemish and voice, the wavings, the giving, the firstborn ground)", 'he': 'מִבֶּן חָמֵשׁ וְעֶשְׂרִים שָׁנָה וָמַעְלָה (from twenty-five years old and upward — Num 8:24)', 'form': 'case', 'witness': ['Num 8:24 | מבן חמש ועשרים שנה ומעלה'], 'ink': 'Num 8:5-26; Chullin 24a-b; Mishnah Chullin 1:6; Menachot 61b-62a; Bekhorot 4a-5a; Arakhin 11a', 'corpus': "the exam's rows (the docket)", 'tape': "submitted by cold_run_beha.py [subjects: the exam's persons] (the wrap's scene); consumed by law_beha (cold_run_beh
  a kind row whole (levite_roll_case): {'en': "the exam's rows on the Levites' roll (Num 26:57-62 — Bava Batra 120a:1-3, 123b:1; Sotah 12a:2-15; Num 3:4, 3:17-20, 18:20-24; Lev 10:1): five families for eight, 23,000 for 22,000, no inheritance, Jochebed between the walls and her age, Amram's remarriage, Miriam, Nadab and Abihu's strange fire, Kohath begot", 'he': "וְשֵׁם אֵשֶׁת עַמְרָם יוֹכֶבֶד בַּת לֵוִי אֲשֶׁר יָלְדָה אֹתָהּ לְלֵוִי בְּמִצְרָיִם וַתֵּלֶד לְעַמְרָם אֶֽת אַהֲרֹן וְאֶת מֹשֶׁה וְאֵת מִרְיָם אֲחֹתָֽם (and the name of Amram's wife was Jochebed the daughter of Levi, whom she bore to Levi in Egypt; and she bore to Amram A
  a kind row whole (levite_service_case): {'en': "a Levite's or a priest's fitness for the service asked — the exam's case on THE AGES AND THE BLEMISHES (Mishnah Chullin 1:6; Chullin 24a:7-12; Sifrei Bamidbar 62:1 on 8:24 / 4:23): who (priest / levite), blemished, age, whether the service is carrying on the shoulder — priests unfit by blemish and never by years; Levites fit with a blemish, unfit under thirty or over fifty (twenty-five to learn), and only while the service is carrying (not at Shiloh, not in the Temple)", 'he': 'מִבֶּן שְׁלֹשִׁים שָׁנָה וָמַעְלָה וְעַד בֶּן חֲמִשִּׁים שָׁנָה (from thirty years old and upward until fifty
  a kind row whole (levites_counted): {'en': "the Levites counted — 'and Moses counted them by the mouth of the LORD, as he was commanded' (Num 3:16); the three houses — Gershon 7,500 (3:22, west), Kohath 8,600 (3:28, south), Merari 6,200 (3:34, north) — and the total AS WRITTEN: 'all the counted of the Levites whom Moses and Aaron counted by the mouth of the LORD, by their families, every male from a month old and upward: twenty-two thousand' (3:39); the houses' sum 22,300 against 22,000 — the delta of 300 (Bekhorot 5a:8's question; 5a:9 the firstborn Levites); the dots over 'Aaron' (the puncta, carried by the store — Bekhorot 4a
  a kind row whole (levites_counted_second): {'en': "the Levites counted the second time — 'and these are the counted of the Levites by their families: of Gershon the family of the Gershonite, of Kohath the family of the Kohathite, of Merari the family of the Merarite; these are the families of Levi: the Libnite, the Hebronite, the Mahlite, the Mushite, the Korahite; and Kohath begot Amram; and the name of Amram's wife was Jochebed the daughter of Levi, whom she bore to Levi in Egypt; and she bore to Amram Aaron and Moses and Miriam their sister; and to Aaron were born Nadab and Abihu, Eleazar and Ithamar; and Nadab and Abihu died when t
  a kind row whole (levites_exempted): {'en': "the Levites exempted and posted — 'only the tribe of Levi you shall not count, and their head you shall not lift among the children of Israel; and you, appoint the Levites over the tabernacle of the testimony... they shall carry the tabernacle and all its vessels and they shall serve it, and round about the tabernacle they shall camp; when the tabernacle journeys the Levites shall take it down and when it rests the Levites shall set it up — AND THE STRANGER WHO APPROACHES SHALL BE PUT TO DEATH; ... the Levites shall camp round about the tabernacle of the testimony that there be no wrat
  a kind row whole (levites_gathered): {'en': "the Levites gathered at the gate — 'and Moses stood in the gate of the camp and said: whoever is for the LORD, to me — and all the sons of Levi gathered to him', 'put every man his sword on his thigh', 'fill your hand today to the LORD, for every man against his son and against his brother': the tribe that did not worship (Yoma 66b:15), the sword for those with witnesses and warning (Yoma 66b:14), about three thousand fallen (32:28), the Levites ORDAINED by the priests' idiom — 'fill your hand' (28:41, 29:9 by call to the incense-shekel engine; Onkelos: your hands have offered an offer
  a kind row whole (levites_given): {'en': "the Levites given — THE SUBSTITUTION DECLARED: 'bring near the tribe of Levi and stand it before Aaron the priest, and they shall serve him; they shall keep his charge and the charge of the whole congregation... and you shall give the Levites to Aaron and his sons: given, given are they to him from among the children of Israel; and Aaron and his sons you shall appoint and they shall keep their priesthood — and the stranger who approaches shall be put to death' (Num 3:6-10); 'and I, behold, I have taken the Levites from among the children of Israel instead of every firstborn, opener of 
  a kind row whole (levites_portion_given): {'en': "the congregation's half and the Levites' portion given — 'and from the half of the children of Israel, which Moses divided from the men who served in the army — and the half of the congregation was: of the flock 337,500; and the cattle 36,000; and the donkeys 30,500; and the persons 16,000 — and Moses took from the half of the children of Israel THE HELD ONE OF FIFTY, of man and of beast, and gave them to the Levites who keep the charge of the tabernacle of the LORD, AS THE LORD COMMANDED MOSES' (31:42-47 — THE RECEIPT closing the_levites_share): the congregation's half the same four n
  a kind row whole (levites_purification_commanded): {'en': "the Levites' purification commanded — 'take the Levites from among the children of Israel and purify them; and thus you shall do to them to purify them: sprinkle the water of purification on them, and they shall pass a razor over all their flesh and wash their garments' (Num 8:6-7); the two bulls, the laying of hands, the waving, 'given, given are they to Me' (8:8-19)", 'he': 'קַח אֶת הַלְוִיִּם מִתּוֹךְ בְּנֵי יִשְׂרָאֵל וְטִהַרְתָּ אֹתָֽם (take the Levites from among the children of Israel and purify them — Num 8:6) · וְכֹֽה תַעֲשֶׂה לָהֶם לְטַֽהֲרָם הַזֵּה עֲלֵיהֶם מֵי חַטָּאת וְהֶע
  a kind row whole (levites_purified_and_given): {'en': "the Levites purified, waved and given — 'and Moses and Aaron and all the congregation of the children of Israel did to the Levites according to all that the LORD commanded Moses concerning the Levites, so did the children of Israel to them; and the Levites purified themselves and washed their garments, and Aaron waved them as a wave offering before the LORD and made atonement for them to purify them; and afterward the Levites went in to do their service' (Num 8:20-22) — ONE waving in the run against three in the spec (M-22)", 'he': 'וַיִּֽתְחַטְּאוּ הַלְוִיִּם וַֽיְכַבְּסוּ בִּגְדֵיהֶם
  a kind row whole (levites_rebuked): {'en': "the Levites rebuked — 'and Moses said to Korach: hear now, sons of Levi: is it too little for you that the God of Israel has separated you from the congregation of Israel to bring you near to Him, to do the service of the tabernacle of the LORD and to stand before the congregation to serve them? and He has brought you near, and all your brothers the sons of Levi with you — and you seek the priesthood too? therefore you and all your congregation are gathered against the LORD; and Aaron, what is he that you murmur against him' (Num 16:8-11) — 'is it too little' answered at 16:13 in one w
  a kind row whole (levites_work_counted): {'en': "the work-count taken — 'and Moses and Aaron and the princes of the congregation counted the sons of the Kohathite... everyone who comes to the host for the work in the tent of meeting; their counted were two thousand seven hundred and fifty' (Num 4:34-36), Gershon two thousand six hundred and thirty (4:38-40), Merari three thousand two hundred (4:42-44), 'all the counted... eight thousand five hundred and eighty' (4:46-48) — the four numbers by the engine's parser; 'by the mouth of the LORD by the hand of Moses' (4:37, 4:45, 4:49; 4:41 'by the mouth of the LORD'); the three counts CLOS
  a kind row whole (males_circumcised): {'en': "the males circumcised — 'and all who went out of the gate of his city heeded Hamor and Shechem his son, and every male was circumcised' (34:24)", 'he': 'וַיִּמֹּלוּ כָּל זָכָר כָּל יֹצְאֵי שַׁעַר עִירֽוֹ (and all who went out of the gate of his city heeded Hamor and Shechem his son, and every male was circumcised — Gen 34:24)', 'form': 'act', 'witness': ['Gen 34:24 | וימלו כל זכר כל יצאי שער עירו'], 'ink': 'Gen 34:24', 'corpus': 'gen_57_deceit_at_the_gate (STEP_Gn_34_24)', 'tape': 'submitted by cold_run_joseph.py [subjects: the-men-of-shechem]; re-submitted on the sequential tape by co
  a kind row whole (mark_promised): {'en': "the mark promised — 'therefore whoever slays Cain, sevenfold shall he be avenged; and the LORD set a mark for Cain, that whoever found him should not smite him'", 'he': 'לָכֵן כָּל הֹרֵג קַיִן שִׁבְעָתַיִם יֻקָּם וַיָּשֶׂם יְהוָה לְקַיִן אוֹת (therefore whoever slays Cain, sevenfold shall he be avenged, and the LORD set a mark for Cain, that whoever found him should not smite him — Gen 4:15)', 'form': 'speech', 'witness': ['Gen 4:15 | לכן כל הרג קין שבעתים יקם וישם יהוה לקין אות'], 'ink': 'Gen 4:15', 'corpus': 'gen_12_cain_abel (STEP_Gn_4_15)', 'tape': 'submitted by cold_run_primeval.p
  a kind row whole (moses_ascended): {'en': "Moses ascended for forty days — 'and Moses came into the cloud and went up the mountain, and Moses was on the mountain forty days and forty nights' and at the second ascent 'and he was there with the LORD forty days and forty nights, bread he did not eat and water he did not drink, and he wrote on the tablets the words of the covenant, the ten words': the tablets as a TIMER of forty days from the ascent — the first ascent's tablets given when He finished speaking (31:18) and broken the same day of descent (32:19), the seventeenth of Tammuz computed from 24:16's seventh day plus the for
  a kind row whole (moses_told_to_ascend_abarim): {'en': "Moses told to ascend Abarim — 'and the LORD said to Moses: go up to this mountain of Abarim and SEE THE LAND which I have given to the children of Israel; and when you have seen it, you also shall be gathered to your people, as Aaron your brother was gathered; because you rebelled against My word in the wilderness of Zin, in the strife of the congregation, to sanctify Me at the waters before their eyes — these are the waters of Meribah of Kadesh in the wilderness of Zin' (Num 27:12-14) — ONE DEBIT on Moses (commanded, the value see_the_land_from_abarim) OPEN BY DESIGN to its run at Deu
  a kind row whole (placed_in_the_ark): {'en': "placed in the ark — 'and she took for him an ark of bulrushes ... and put the child in it, and put it in the reeds by the bank of the river'", 'he': 'וַתָּשֶׂם בָּהּ אֶת הַיֶּלֶד וַתָּשֶׂם בַּסּוּף עַל שְׂפַת הַיְאֹֽר (and she took for him an ark of bulrushes ... and put the child in it, and put it in the reeds by the bank of the river — Exod 2:3)', 'form': 'act', 'witness': ['Exod 2:3 | ותשם בה את הילד ותשם בסוף על שפת היאר'], 'ink': 'Exod 2:3', 'corpus': 'exo_02_drawn_from_the_water (STEP_Ex_2_3)', 'tape': 'submitted by cold_run_exodus_story.py [subjects: moses]; re-submitted on the 
  a kind row whole (portion_declared): {'en': "the portion declared — 'and the LORD said to Aaron: in their land you shall not inherit, and you shall have no portion among them; I am your portion and your inheritance among the children of Israel; and to the sons of Levi, behold, I have given all the tithe in Israel for an inheritance in exchange for their service which they serve, the service of the tent of meeting; and the children of Israel shall no more come near the tent of meeting to bear sin, to die; and the Levite, he shall serve the service of the tent of meeting, and they shall bear their iniquity — an everlasting statute 
  a kind row whole (portion_given): {'en': "a portion given — 'one portion above your brothers': the gift form of the extra share (Bava Batra 8:5's 'as a gift, his words stand')", 'he': 'וַאֲנִי נָתַתִּי לְךָ שְׁכֶם אַחַד עַל אַחֶיךָ (and I have given you one portion above your brothers — Gen 48:22)', 'form': 'speech', 'witness': ['Gen 48:22 | ואני נתתי לך שכם אחד על אחיך'], 'ink': 'Gen 48:22', 'corpus': 'the narrative tape logs no EVENT operator at this address (a law/run chapter, or a recorded case)', 'tape': 'submitted by cold_run_family.py [subjects: joseph]; re-submitted on the sequential tape by cold_run_sequence.py; consu
  an effect row (ark_built): {'en': "the ark built — the STATUS the receipt writes on the ark: 'thus did Noah; according to all that God commanded him, so he did' — the second human build and the first receipted complete (the frozen unit's export)", 'he': 'וַיַּעַשׂ נֹחַ כְּכֹל אֲשֶׁר צִוָּה אֹתוֹ אֱלֹהִים כֵּן עָשָֽׂה (and Noah did according to all that God commanded him, so he did — Gen 6:22)', 'ledger_op': 'status', 'ink':
  an effect row (ark_intercourse_barred): {'en': "intercourse barred in the ark — the BLOCK the tradition reads off the call's word order onto Noah and his house: 'you and your sons | your wife and your sons' wives' (6:18) — Sanhedrin 108b:14 (R. Yochanan: from here they said they were forbidden marital relations in the ark), 108b:15 (three cohabited in the ark and were smitten: the dog, the raven, and Ham); Bereshit Rabbah 34:7; the perm
  an effect row (ark_owed): {'en': "the ark owed — the DEBIT the command lays on Noah toward Heaven: 'make yourself an ark of gopher wood' — closed at 6:22 by the receipt 'thus did Noah; according to all that God commanded him, so he did'", 'he': 'עֲשֵׂה לְךָ תֵּבַת עֲצֵי גֹפֶר (make yourself an ark of gopher wood — Gen 6:14)', 'ledger_op': 'debit', 'ink': 'Gen 6:14, 6:22 (the receipt); Babylonian Talmud Sanhedrin 108b:8 (go
  an effect row (ark_spec): {'en': "the ark's spec — the STATUS the blueprint writes on the ark: three hundred cubits its length, fifty its breadth, thirty its height; a light; a door in its side; lower, second and third decks — Sanhedrin 108b:9-11 (the light: a window or a gem — R. Yochanan; the decks: the lowest for dung, the middle for the beasts, the top for man); the numbers parsed from the ink", 'he': 'שְׁלֹשׁ מֵאוֹת א
  an effect row (barred_from_the_face): {'en': "barred from the face — the BLOCK Pharaoh's word writes on Moses: 'do not again see my face, for on the day you see my face you shall die' — Moses' answer 'I will not again see your face' (10:29); Zevachim 102a:10 on 11:8's anger", 'he': 'אֶל תֹּסֶף רְאוֹת פָּנַי כִּי בְּיוֹם רְאֹתְךָ פָנַי (do not again see my face, for on the day you see my face you shall die — Exod 10:28)', 'ledger_op': 
  an effect row (bless_after_eating_commanded): {'en': "the blessing after the meal commanded — the STATUS the chapter's first line writes on Israel: 'and you shall eat and be satisfied and bless the LORD your God for the good land which he has given you' (8:10 — the Torah's ONE command to bless Him; 'eat and be satisfied' 6:11, 8:10, 8:12, 11:15, 14:29, 31:20; the sated verb the seven-stem homograph, starred by the parser at 8:10 and 8:12): TH
  an effect row (blessed_at_the_ford): {'en': "blessed at the ford — the STATUS the blessing writes on Jacob: 'why is it that you ask my name? and he blessed him there' (32:30); the renaming at 32:29 is the family engine's seat", 'he': 'לָמָּה זֶּה תִּשְׁאַל לִשְׁמִי וַיְבָרֶךְ אֹתוֹ שָֽׁם (why is it that you ask my name, and he blessed him there — Gen 32:30)', 'ledger_op': 'status', 'ink': "Gen 32:30 (the name withheld; Peniel 32:31 —
  an effect row (blessed_by_the_lord): {'en': "blessed by the LORD — the STATUS the blessing writes on Isaac: 'and it was after the death of Abraham that God blessed Isaac his son' (25:11); 'and the LORD blessed him' (26:12) — Bereshit Rabbah 61:6 (the deferred blessing: Abraham feared to bless Isaac lest Esau's line share it; the Holy One blessed him after the father's death — the frozen unit's read)", 'he': 'וַיְבָרֶךְ אֱלֹהִים אֶת י
  an effect row (blessed_by_the_priest): {'en': "blessed by the priest — the STATUS the blessing writes on Abram, Melchizedek the counterparty: 'and he blessed him and said: blessed be Abram of God Most High, Maker of heaven and earth; and blessed be God Most High who has delivered your enemies into your hand' — Nedarim 32b:6 (R. Zekharya in R. Yishmael's name: the Holy One sought to bring the priesthood out of Shem — 'and he was priest 
  an effect row (blessed_by_the_priests): {'en': "blessed by the priests — the STATUS the priests' blessing writes on Israel, and God's on the priests: 'so shall they put My name upon the children of Israel, and I will bless them' (Num 6:27) — the three verses of 3, 5, 7 words (computed at the reading); the form by place (the Name in the Temple, the substitute in the province — Mishnah Sotah 7:6)", 'he': 'וְשָׂמוּ אֶת שְׁמִי עַל בְּנֵי יִ
  an effect row (blessed_by_the_sword): {'en': "blessed by the sword — the HEAVEN entry the anti-blessing writes on Esau: 'behold, of the fat places of the earth shall be your dwelling, and of the dew of heaven from above; and by your sword you shall live, and your brother you shall serve; and it shall be, when you break loose, that you shall break his yoke from off your neck' — OPEN on the tape and off the three books; Bereshit Rabbah 
  an effect row (blessed_the_people): {'en': 'blessed the people — the HEAVEN entry written on the people by the priestly blessing: Aaron lifts his hands and blesses them (9:22), Moses and Aaron come out and bless them (9:23); the content sealed here and opened at Num 6:24-26; the posture (lifted palms), the timing (in the service), the standing, the regime (one blessing in the Temple, the Name as written) all read off the run', 'he':
  an effect row (blessed_with_dew_and_fat): {'en': "blessed with dew and fat — the HEAVEN entry the blessing's first clause writes on Jacob: 'and may God give you of the dew of heaven and of the fat places of the earth, and abundance of grain and new wine' — OPEN; Bereshit Rabbah 66:1-3 (the dew of heaven: Zion; the fat of the earth; the frozen unit's canon map)", 'he': 'וְיִֽתֶּן לְךָ הָאֱלֹהִים מִטַּל הַשָּׁמַיִם וּמִשְׁמַנֵּי הָאָרֶץ וְר
  an effect row (blessing_demanded): {'en': "a blessing demanded — the STATUS the refusal to release writes on Jacob: 'I will not let you go unless you have blessed me' (32:27), 'and he blessed him there' (32:30)", 'he': 'לֹא אֲשַֽׁלֵּחֲךָ כִּי אִם בֵּרַכְתָּֽנִי (I will not let you go unless you have blessed me — Gen 32:27)', 'ledger_op': 'status', 'ink': 'Gen 32:27, 32:30; Bereshit Rabbah 78:1-2', 'corpus': 'gen_55_night_wrestling_
  an effect row (blessing_of_abraham_given): {'en': "the blessing of Abraham given — the HEAVEN entry the send-off writes on Jacob: 'and may God Almighty bless you and make you fruitful and multiply you, and you shall be an assembly of peoples; and may He give you the blessing of Abraham, to you and to your seed with you, to possess the land of your sojournings which God gave to Abraham' — OPEN; Bereshit Rabbah 67:12 (an assembly of peoples:
  an effect row (blessing_promised): {'en': "the blessing promised — the HEAVEN entry the ladder writes on Abram: 'and I will bless you and make your name great, and be a blessing; and I will bless those who bless you, and him who curses you I will curse; and in you all the families of the ground shall be blessed' — OPEN here (24:1 'the LORD blessed Abraham in all' is S3's close at the family engine's verse); Bereshit Rabbah 39:11-12
  an effect row (blessing_ratified): {'en': "the blessing ratified — the STATUS the trembling verdict writes on Jacob: 'who then is he who hunted game and brought it to me, and I ate of all before you came, and I blessed him? indeed, he shall be blessed' — Bereshit Rabbah 67:2 (a ratification: I feared I had blessed the wrong one; now I know — he shall be blessed); the count 'these two times' of 27:36 (supplanted_twice)", 'he': 'גַּם
  an effect row (blessing_returned): {'en': "the blessing returned — the TRANSFER to Esau at Jacob's urging: 'take, please, my blessing that was brought to you ... and he urged him, and he took' (33:11) — the theft-cry's verb and noun (27:36 'he took my blessing') with the roles exchanged: the frozen unit gen_56's crown; the two runs measured", 'he': 'קַח נָא אֶת בִּרְכָתִי אֲשֶׁר הֻבָאת לָךְ (take, please, my blessing that was broug
  an effect row (blessings_for_hearing): {'en': "the blessings for hearing — the conditional HEAVEN entry the chapter's second line writes on Israel (the form of treasured_people — Exodus 19:5-6's 'if you will hear My voice and keep My covenant' read back at 7:12): 'because you hear these judgments and keep and do them, the LORD your God will keep for you the covenant and the kindness which he swore to your fathers' (7:12 — 'because' the
  an effect row (bread_and_water_blessed): {'en': 'bread and water blessed — the HEAVEN entry written on the people who serve the LORD in the land: their bread and water blessed, sickness removed, no miscarrying or barren woman, the number of days filled', 'he': 'וַעֲבַדְתֶּם אֵת יְהוָה אֱלֹֽהֵיכֶם וּבֵרַךְ אֶֽת לַחְמְךָ וְאֶת מֵימֶיךָ (and you shall serve the LORD your God and He will bless your bread and your water — Exod 23:25) · לֹא תִ
  an effect row (bribe_barred): {'en': "the bribe barred — the BLOCK on the judge: no bribe, even to judge truly; the bribe blinds the open-eyed and twists the words of the righteous; the taker's eyes dim", 'he': 'וְשֹׁחַד לֹא תִקָּח (and a bribe you shall not take — Exod 23:8)', 'ledger_op': 'block', 'ink': "Exod 23:8 ('the bribe blinds the open-eyed' — Mekhilta on Exod 23:6-8: bribery absolute, the threefold blindness ladder);
  an effect row (buried): {'en': "buried — the STATUS the burial writes on the dead and closes on the mourner: 'and after this Abraham buried Sarah his wife in the cave of the field of Machpelah' — the first act on the bought land (the possession of Kiddushin 1:5); the burials restated with the deed (25:9, 35:29, 49:31, 50:13); the husband's duty in Mishnah Ketubot 4:4; Rachel buried on the road (48:7) and absent from the 
  an effect row (buried_by_both_sons): {'en': "buried by both sons — the STATUS the burial writes on Isaac: 'and Esau and Jacob his sons buried him' (35:29) — the mourning 27:41's kill intent waited for, arrived and passed: the HEAVEN entry kill_intent_after_the_mourning stays OPEN on Esau", 'he': 'וַיִּקְבְּרוּ אֹתוֹ עֵשָׂו וְיַעֲקֹב בָּנָֽיו (and Esau and Jacob his sons buried him — Gen 35:29)', 'ledger_op': 'status', 'ink': "Gen 35:
  an effect row (buried_in_peace): {'en': "buried in peace — the HEAVEN entry the decree writes on Abram: 'and you shall go to your fathers in peace; you shall be buried in a good old age' — closed at 25:8-9 (S3's write: 'and Abraham expired and died in a good old age ... and Isaac and Ishmael his sons buried him'); Bereshit Rabbah 44:20 ('I too am in bondage?' — 'you shall go to your fathers in peace')", 'he': 'תִּקָּבֵר בְּשֵׂיבָ
  an effect row (circumcised_by_the_condition): {'en': "circumcised by the condition — the STATUS the gate's consent writes on the men of Shechem: 'and every male was circumcised, all who went out of the gate of his city' (34:24) — NOT the covenant's sign (the pre-Sinai engine's sign_in_the_flesh is Abraham's house's): the same cut under a ruse, the third day's pain the danger Nedarim 31b:14 names and Mishnah Shabbat 19:3 washes", 'he': 'וַיִּמ
  an effect row (circumcision_conditioned): {'en': "circumcision conditioned — the STATUS the deceitful answer writes on the sons: 'only in this will we consent to you: if you become like us, to have every male circumcised' (34:15), spoken 'with deceit' (34:13) — the deceit word's two Genesis tokens, Isaac's 27:35 and here (measured: the deceit inherited)", 'he': 'לְהִמֹּל לָכֶם כָּל זָכָֽר (to have every male circumcised — Gen 34:15)', 'le
  an effect row (circumcision_due): {'en': "circumcision due — the DEBIT the command writes on every male of the house, and the per-person TIMER it opens at a birth: 'and eight days old every male among you shall be circumcised for your generations, the home-born and the one bought with money' — immediate for the adults (17:23 'on that very day'), at day eight for the newborn (21:4 Isaac — the eighth-day rule's first run; Lev 12:3 t
  an effect row (divined_blessing): {'en': "the blessing divined — the STATUS the confession writes on Laban: 'if now I have found favor in your eyes — I have divined that the LORD has blessed me for your sake' — Bereshit Rabbah 73:8 (the divination scrubbed identically by both translations — the frozen unit's read); 30:30 'the LORD has blessed you at my foot'", 'he': 'נִחַשְׁתִּי וַיְבָרֲכֵנִי יְהוָה בִּגְלָלֶֽךָ (I have divined th
  an effect row (dread_and_darkness): {'en': "a dread of great darkness — the STATUS the sleep writes on Abram: 'and it was, as the sun was going down, that a deep sleep fell on Abram; and behold, a dread of great darkness fell on him' — Bereshit Rabbah 44:17 (the three deep sleeps — of sleep, of prophecy, of stupor: this is the sleep of prophecy)", 'he': 'וְהִנֵּה אֵימָה חֲשֵׁכָה גְדֹלָה נֹפֶלֶת עָלָֽיו (and behold, a dread of great 
  an effect row (egypt_wept_seventy): {'en': "Egypt wept seventy — the TIMER the mourning sets on Egypt: 'and Egypt wept for him seventy days' (50:3) — due seventy days; FIRES", 'he': 'וַיִּבְכּוּ אֹתוֹ מִצְרַיִם שִׁבְעִים יֽוֹם (and Egypt wept for him seventy days — Gen 50:3)', 'ledger_op': 'timer', 'ink': 'Gen 50:3', 'corpus': 'gen_73_coffin_in_egypt (STEP_Gn_50_3)', 'exam': 'cold_run_joseph.py (mourning)'}
  an effect row (face_changed): {'en': "the face changed — the STATUS the seeing writes on Laban: 'and Jacob saw the face of Laban, and behold, it was not toward him as yesterday and the day before' — Bereshit Rabbah 74:1", 'he': 'וַיַּרְא יַעֲקֹב אֶת פְּנֵי לָבָן וְהִנֵּה אֵינֶנּוּ עִמּוֹ כִּתְמוֹל שִׁלְשֽׁוֹם (and Jacob saw the face of Laban, and behold, it was not toward him as yesterday and the day before — Gen 31:2)', 'ledg
  an effect row (face_fallen_on): {'en': "the face fallen on — the STATUS the death's first act writes on Jacob: 'and Joseph fell on his father's face, and wept on him, and kissed him' (50:1) — CLOSES josephs_hand_on_the_eyes (46:4)", 'he': "וַיִּפֹּל יוֹסֵף עַל פְּנֵי אָבִיו וַיֵּבְךְּ עָלָיו וַיִּשַּׁק לֽוֹ (and Joseph fell on his father's face, and wept on him, and kissed him — Gen 50:1)", 'ledger_op': 'status', 'ink': 'Gen 50:
  an effect row (face_radiant): {'en': "the face radiant — the STATUS the second descent writes on Moses: 'and Moses did not know that the skin of his face shone when He spoke with him' — the radiance three times (34:29, 30, 35), the veil three times (34:33-35), the Torah's only seats of both; the gift unannounced (Beitzah 16a) against the Sabbath's announced gift (31:13, Shabbat 10b) — resolved by whether the gift reveals itsel
  an effect row (face_set_against): {'en': 'the face set against him — Heaven turns from all its affairs to deal with this one: the divine attention entry that precedes the cutting off', 'he': 'וְנָתַתִּי פָנַי בַּנֶּפֶשׁ הָאֹכֶלֶת אֶת הַדָּם (and I will set My face against the soul that eats the blood — Lev 17:10); וַאֲנִי אֶתֵּן אֶת פָּנַי בָּאִישׁ הַהוּא (and I will set My face against that man — 20:3)', 'ledger_op': 'heaven', 'i
  an effect row (faces_downcast): {'en': "faces downcast — the STATUS the morning writes on the two: 'and Joseph came to them in the morning, and saw them, and behold, they were downcast' (40:6), 'why are your faces bad today?' (40:7), 'we have dreamed a dream, and there is no interpreter of it' (40:8)", 'he': 'וַיַּרְא אֹתָם וְהִנָּם זֹעֲפִֽים (and saw them, and behold, they were downcast — Gen 40:6)', 'ledger_op': 'status', 'ink
  an effect row (fear_answered): {'en': "fear answered — the STATUS the answer writes on Jacob: 'because I was afraid, for I said: lest you tear your daughters away from me' — Bereshit Rabbah 74:8", 'he': 'וַיַּעַן יַעֲקֹב וַיֹּאמֶר לְלָבָן כִּי יָרֵאתִי (and Jacob answered and said to Laban: because I was afraid — Gen 31:31)', 'ledger_op': 'status', 'ink': 'Gen 31:31; Bereshit Rabbah 74:8', 'corpus': 'gen_54_pursuit_heap_two_ton
  an effect row (fear_not_promised): {'en': "fear not promised — the HEAVEN entry the night appearance writes on Isaac: 'I am the God of Abraham your father; do not fear, for I am with you, and I will bless you and multiply your seed for the sake of Abraham My servant' — blessing_promised reused; OPEN; the altar, the calling on the Name and the tent (26:25: altar_built, called_on_the_name, encamped_at reused — the calling rendered as
  an effect row (fear_of_god_doubted): {'en': "the fear of God doubted — the STATUS Abraham's answer writes on himself: 'because I said: surely there is no fear of God in this place, and they will kill me because of my wife' — Bereshit Rabbah 52:10 (a guest who comes to town: they ask him about food and drink, or about his wife?)", 'he': 'רַק אֵין יִרְאַת אֱלֹהִים בַּמָּקוֹם הַזֶּה (surely there is no fear of God in this place — Gen 20
  an effect row (fear_on_beasts): {'en': "the fear on the beasts — the STATUS Noah's blessing writes on every creature toward man: 'and the fear of you and the dread of you shall be upon every beast of the earth' — in force while a man lives (Shabbat 151b:9: a day-old infant alive needs no guard from the weasel; Og dead does), the grant that replaces Eden's 'rule'", 'he': 'וּמוֹרַאֲכֶם וְחִתְּכֶם יִֽהְיֶה עַל כָּל חַיַּת הָאָרֶץ (
  an effect row (feared): {'en': "feared — the STATUS the fear writes on the Moabites: 'and Moab feared greatly before the people, for it was many' (Num 22:3) — the token is Abraham's 'and he sojourned' (Gen 20:1): one skin for dwelling and dread", 'he': 'וַיָּגָר מוֹאָב מִפְּנֵי הָעָם מְאֹד (and Moab feared greatly before the people — Num 22:3)', 'ledger_op': 'status', 'ink': 'Num 22:3; Gen 20:1; Exod 15:15', 'corpus': 'n
  an effect row (feared_at_the_door): {'en': "feared at the door — the STATUS the fear writes on the sons: 'and the men feared, for they were brought to Joseph's house' (43:18), the speech at the door: 'we surely came down at the first to buy food ... our silver by its weight, and we have brought it back' (43:19-22)", 'he': "וַיִּֽירְאוּ הָֽאֲנָשִׁים כִּי הֽוּבְאוּ בֵּית יוֹסֵף (and the men feared, for they were brought to Joseph's ho
  an effect row (feared_god): {'en': "feared God — the STATUS the ink states twice of the midwives as the cause of the refusal and of the reward: 'and the midwives feared God and did not do as the king of Egypt spoke'", 'he': 'וַתִּירֶאןָ הַֽמְיַלְּדֹת אֶת הָאֱלֹהִים (and the midwives feared God — Exod 1:17)', 'ledger_op': 'status', 'ink': 'Exod 1:17, 1:21 (the clause at both seats, measured); Babylonian Talmud Sotah 11b:11-13
  an effect row (feared_joseph): {'en': "feared Joseph — the STATUS the father's death writes on the sons: 'and Joseph's brothers saw that their father was dead, and they said: perhaps Joseph will hate us, and will surely repay us all the evil which we did to him' (50:15) — Bereshit Rabbah 100:8: he did not invite them to dine as before", 'he': 'לוּ יִשְׂטְמֵנוּ יוֹסֵף וְהָשֵׁב יָשִׁיב לָנוּ אֵת כָּל הָרָעָה (perhaps Joseph will 
  an effect row (foreign_gods_buried): {'en': "the foreign gods buried — the STATUS the hiding writes on Jacob: 'and they gave to Jacob all the foreign gods that were in their hand, and the rings that were in their ears, and Jacob hid them under the terebinth that is by Shechem' (35:4) — hidden, not destroyed: the frozen unit's observation", 'he': 'וַיִּטְמֹן אֹתָם יַעֲקֹב תַּחַת הָאֵלָה אֲשֶׁר עִם שְׁכֶֽם (and Jacob hid them under the
  an effect row (fruitfulness_blessed): {'en': "fruitfulness blessed — the HEAVEN entry the blessing writes on the fish, the man, and Noah: 'be fruitful and multiply and fill the earth' — at 1:22 a blessing 'saying' (the fish), at 1:28 the command (the man — Yevamot 6:6: the man commanded, not the woman, read off 'and subdue it' written defective; R. Yochanan b. Beroka: both, off 'blessed THEM'), at 9:1 and 9:7 to Noah (the multiply-ver
  an effect row (garments_inherited): {'en': "the garments inherited — the STATUS the succession clause writes on the office: 'the holy garments of Aaron shall be his sons' after him, to be anointed in them and to fill their hand in them; seven days shall the priest in his stead of his sons wear them' — the priesthood transferred by clothing; the substitute's seven days derived from the verse's own pairing of anointing with filling (Y
  an effect row (given_to_aaron): {'en': "given to Aaron — the STATUS on the tribe of Levi: 'and you shall give the Levites to Aaron and his sons: GIVEN, GIVEN are they to him from among the children of Israel' (Num 3:9 — the doubled word; Onkelos 'handed over, given'); 'bring near the tribe of Levi and stand it before Aaron the priest, and they shall serve HIM' (3:6)", 'he': 'וְנָתַתָּה אֶת הַלְוִיִּם לְאַהֲרֹן וּלְבָנָיו נְתוּנִ
  an effect row (god_fearing_known): {'en': "the fear of God known — the STATUS the verdict writes on Abraham: 'for now I know that you fear God, and you have not withheld your son, your only one, from Me' — Bereshit Rabbah 56:7 ('now I know' — now I have made known to all that you love Me)", 'he': 'כִּי עַתָּה יָדַעְתִּי כִּֽי יְרֵא אֱלֹהִים אַתָּה (for now I know that you fear God — Gen 22:12)', 'ledger_op': 'status', 'ink': "Gen 2
  an effect row (grave_marked): {'en': "the grave marked — the STATUS the pillar writes on Rachel's grave: 'and Jacob set up a pillar upon her grave, it is the pillar of Rachel's grave to this day' (35:20) — the 'to this day' formula's four Genesis seats (26:33, 32:33, 47:26, 48:15 — measured; 35:20's 'until today' is a different form)", 'he': "הִוא מַצֶּבֶת קְבֻֽרַת רָחֵל עַד הַיּֽוֹם (it is the pillar of Rachel's grave to this
  an effect row (house_blessed_for_joseph): {'en': "the house blessed for Joseph's sake — the STATUS the blessing writes on the house of Potiphar: 'the LORD blessed the Egyptian's house for Joseph's sake, and the LORD's blessing was in all that he had, in the house and in the field' (39:5) — Berakhot 42a:8, Sanhedrin 39b:11 (Laban's 30:27 beside it)", 'he': "וַיְבָרֶךְ יְהוָה אֶת בֵּית הַמִּצְרִי בִּגְלַל יוֹסֵף (and the LORD blessed the Eg

==== (4) THE REGISTRY MAP for the chapter's tokens ====
  mapped: {'israel': 'israel_people', 'moses': 'moses', 'aaron': 'aaron', 'eleazar': 'eleazar_son_of_aaron', 'the-levites': 'the_levites', 'levi': 'levi', 'the-ark': 'the_ark', 'isaac': 'isaac', 'jacob': 'jacob', 'egypt_people': 'egypt_people', 'the-mountain': 'the_mountain', 'god': 'god', 'the-people': 'israel_people', 'the-covenant': 'the_covenant_at_sinai', 'the-tabernacle': 'the_tent_of_meeting'}
  NO registry row: ['israel_people', 'the-priests', 'the-tablets', 'the-two-tablets', 'the-testimony', 'the-fathers', 'abraham', 'egypt', 'the-land', 'the-stranger', 'the-orphan', 'the-widow', 'mount-hor', 'moserah', 'horeb', 'the-lord', 'the-covenant-at-sinai', 'the-tent']
  registry ids with ark/tablet/testimony/levi/aaron/priest/eleazar/stranger in them: ['aaron', 'aarons_staff', 'eleazar_son_of_aaron', 'levi', 'simeon_and_levi', 'the_ark', 'the_levites', 'the_priesthood', 'the_priests_of_egypt', 'the_widow_of_zelophehad']

==== (5) THE TAPE'S LINES the chapter retells; THE CLOCK'S DAY at each; the tape's LAST lines and markers ====
   w.submit({'kind': 'levites_gathered', 'subject': 'the-levites', 'tribe': 'the-levites', 'slain': 'the-three-thousand', 'gathered_by': 'moses', 'case_source': 'Exod 32:26-29 + Yoma 66b:15 — whoever is for the LORD; fill your hand',
   assert_ink('Exod 34:28', [40, 40, 10]); M['second_tablets'] = w.clock.day_in('exodus', 1, WE.CAL_PARAMS['second_tablets_given']['value']['month'], WE.CAL_PARAMS['second_tablets_given']['value']['day']); M['second_ascent'] = M['sec
   w.submit({'kind': 'moses_ascended', 'subject': 'moses', 'ascender': 'moses', 'ascent': 'second', 'case_source': 'Exod 34:2-4, 34:28 — the second forty days; the radiant face at 34:29', 'law': 'W7', 'slot': 'morning'})   # erection
   w.submit({'kind': 'vessel_made', 'subject': 'the-craftsmen', 'vessel': 'ark', 'case_source': 'Exod 37:1-9', 'law': '12'})   # sanctuary_build [act: wayyiqtol at Exod 37:1]
   w.submit({'kind': 'testimony_placed', 'subject': 'the-ark', 'case_source': 'Exod 40:20', 'law': '14'})   # erection [act: wayyiqtol at Exod 40:20]
   w.submit({'kind': 'veil_hung', 'subject': 'the-veil', 'case_source': 'Exod 40:21', 'law': '14'})   # erection [act: wayyiqtol at Exod 40:21]
   w.submit({'kind': 'levites_given', 'subject': 'the-levites', 'given_to': 'aaron-and-sons', 'instead_of': 'the-firstborn-of-israel', 'ground_dated': 'the night of the plague', 'charges': ['his charge', "the congregation's charge"],
   w.submit({'kind': 'levite_count_commanded', 'subject': 'the-levites', 'threshold': 'a month', 'by_houses': True, 'case_source': 'Num 3:14-15 — and the LORD spoke to Moses in the wilderness of Sinai saying: count the sons of Levi..
   w.submit({'kind': 'levites_counted', 'subject': 'the-levites', 'houses': {'gershon': 7500, 'kohath': 8600, 'merari': 6200}, 'total_as_written': 22000, 'houses_sum': 22300, 'aaron_dotted': True, 'case_source': 'Num 3:16 — and Moses
   w.submit({'kind': 'firstborn_count_commanded', 'subject': 'the-firstborn-of-israel', 'threshold': 'a month', 'beasts_too': True, 'case_source': 'Num 3:40-41 — and the LORD said to Moses: count every firstborn male of the children 
   w.submit({'kind': 'firstborn_counted', 'subject': 'the-firstborn-of-israel', 'total': 22273, 'case_source': 'Num 3:42-43 — and Moses counted, as the LORD commanded him, every firstborn among the children of Israel; twenty-two thou
   w.submit({'kind': 'redemption_commanded', 'subject': 'the-firstborn-of-israel', 'excess': 273, 'rate': 5, 'unit': 'twenty gerah the shekel', 'recipients': 'aaron-and-sons', 'case_source': 'Num 3:44-48 — and the LORD spoke to Moses
   w.submit({'kind': 'firstborn_redeemed', 'subject': 'the-firstborn-of-israel', 'excess': 273, 'rate': 5, 'money': 1365, 'recipients': 'aaron-and-sons', 'case_source': 'Num 3:49-51 — and Moses took the redemption money... five and s
   w.submit({'kind': 'kohath_service_commanded', 'subject': 'the-levites', 'ages': [30, 50], 'packing_order': 'the priests cover, then the Kohathites carry', 'death_clauses': 3, 'eleazar_charge': ['the oil of the light', 'the incense
   w.submit({'kind': 'gershon_service_commanded', 'subject': 'the-levites', 'house': 'gershon', 'ages': [30, 50], 'burden': 'the soft: the curtains, the tent, its covering, the screens, the cords', 'under': 'ithamar', 'case_source': 
   w.submit({'kind': 'merari_service_commanded', 'subject': 'the-levites', 'house': 'merari', 'ages': [30, 50], 'burden': 'the hard: the frames, the bars, the pillars, the sockets, the pegs, the cords', 'by_names': True, 'under': 'it
   w.submit({'kind': 'levites_work_counted', 'subject': 'the-levites', 'counts': {'kohath': 2750, 'gershon': 2630, 'merari': 3200}, 'total': 8580, 'princes_joined': True, 'case_source': 'Num 4:34-49 — and Moses and Aaron and the prin
   w.submit({'kind': 'lamps_commanded', 'subject': 'aaron', 'geometry': 'toward the face', 'count': 7, 'pattern': 'as shown', 'case_source': 'Num 8:1-4 — and the LORD spoke to Moses saying: speak to Aaron and say to him: when you rai
   w.submit({'kind': 'lamps_raised', 'subject': 'aaron', 'toward': 'the face of the lampstand', 'case_source': 'Num 8:3 — and Aaron did so: toward the face of the lampstand he raised its lamps, as the LORD commanded Moses'})   # beha
   w.submit({'kind': 'levites_purification_commanded', 'subject': 'the-levites', 'water': 'the water of purification', 'razor': True, 'garments': 'washed', 'bulls': 2, 'hands_laid': 2, 'wavings': 3, 'given_doubled': True, 'case_sourc
   w.submit({'kind': 'levites_purified_and_given', 'subject': 'the-levites', 'wavings_in_run': 1, 'atoned': True, 'service_entered': True, 'case_source': 'Num 8:20-22 — and Moses and Aaron and all the congregation did to the Levites 
   w.submit({'kind': 'levite_age_rule', 'subject': 'the-levites', 'age_in': 25, 'age_out': 50, 'after_fifty': 'the charge, no service', 'case_source': 'Num 8:23-26 — and the LORD spoke to Moses saying: this is what belongs to the Lev
   w.submit({'kind': 'gifts_granted', 'subject': 'aaron', 'gifts': 24, 'salt': True, 'case_source': 'Num 18:8-19 — and the LORD spoke to Aaron: and I, behold, I have given you the watch of My terumot, of all the hallowed things of th
   w.submit({'kind': 'portion_declared', 'subject': 'the-levites', 'portion': 'I am your portion and your inheritance', 'tithe': 'all the tithe in Israel', 'condition': 'in exchange for their service', 'case_source': 'Num 18:20-24 — 
   w.submit({'kind': 'tithe_of_the_tithe_commanded', 'subject': 'the-levites', 'fraction': '1/100', 'reckoned_as': 'the grain from the threshing floor and the fullness of the winepress', 'the_best': True, 'case_source': 'Num 18:25-32
   assert_ink('Num 20:22', []); M['hor_arrival'] = w.clock.day_in('exodus', 40, 4, 1); w.marker('Num 20:22', M['hor_arrival'], value='and they journeyed from Kadesh and came to Mount Hor (20:22) — READING-PLACED by Seder Olam Rabbah 
   w.submit({'kind': 'journeyed_to_mount_hor', 'subject': 'israel', 'to': 'Mount Hor, by the border of the land of Edom', 'case_source': 'Num 20:22 — and they journeyed from Kadesh, and the children of Israel, the whole congregation,
   w.submit({'kind': 'aarons_gathering_decreed', 'subject': 'moses', 'words': 'Aaron shall be gathered to his people; because you rebelled at the waters of Meribah', 'case_source': 'Num 20:23-24 — and the LORD said to Moses and to Aa
   w.submit({'kind': 'aaron_brought_up_mount_hor', 'subject': 'moses', 'with': ['aaron', 'eleazar'], 'case_source': 'Num 20:25-27 — take Aaron and Eleazar his son and bring them up Mount Hor; and strip Aaron of his garments and put t
   assert_ink('Num 20:28', []); M['aaron_death'] = w.clock.day_in('exodus', ink_ordinals(verse_words('Num', 33, 38))[0], ink_ordinals(verse_words('Num', 33, 38))[1], ink_numbers(verse_words('Num', 33, 38))[0]); w.marker('Num 20:28', 
   w.submit({'kind': 'garments_transferred_and_aaron_died', 'subject': 'aaron', 'to': 'eleazar', 'age': 123, 'date': [40, 5, 1], 'case_source': 'Num 20:28 — and Moses stripped Aaron of his garments and put them on Eleazar his son; an
   w.submit({'kind': 'aaron_mourned_thirty_days', 'subject': 'israel', 'days': 30, 'who': 'all the house of Israel', 'case_source': 'Num 20:29 — and all the congregation saw that Aaron had expired, and they wept for Aaron thirty days
   assert_ink('Deut 4:13', [10, 2]); M['tablets_told'] = M['breaking']; w.marker('Deut 4:13', M['tablets_told'], value='and he wrote them on two tablets of stone (4:13) — the tablets given TOLD HERE with no line on the tape (Exodus 3
   w.submit({'kind': 'tablets_given', 'subject': 'moses', 'first_telling': 'Exod 31:18', 'plene': 'the tablets written plene (4:13)', 'case_source': 'Deut 4:13 — and he wrote them on two tablets of stone (Exodus 31:18 — and He gave t
  --- the tape's last 8 lines:
   w.submit({'kind': 'grace_commanded', 'subject': 'israel', 'land': 'a good land — brooks, springs and deeps; wheat, barley, vine, fig, pomegranate, olive oil, honey; iron and copper (8:7-9)', 'command': 'and you shall eat and be sa
   w.submit({'kind': 'forgetting_warned', 'subject': 'israel', 'warning': 'take heed to yourself lest you forget the LORD your God (8:11)', 'chain': ['eaten and satisfied, houses, herds and flocks, silver and gold (8:12-13)', 'the he
   w.submit({'kind': 'perishing_testified', 'subject': 'israel', 'case': 'if you surely forget the LORD your God and go after other gods (8:19)', 'testimony': 'I testify against you this day that you shall surely perish (8:19)', 'cas
   # ---- Deut 9 ----
   assert_ink('Deut 9:20', []); M['aaron_told'] = M['morrow']; w.marker('Deut 9:20', M['aaron_told'], value='and with Aaron the LORD was very angry, to destroy him; and I prayed for Aaron also at that time (9:20) — Aaron\'s peril TOL
   w.submit({'kind': 'prayed_for_aaron', 'subject': 'moses', 'for': 'aaron', 'anger': 'and with Aaron the LORD was very angry, to destroy him (9:20)', 'first_telling': "told only here — Exodus 32:21-24 Aaron's report, 32:35 the plagu
   assert_ink('Deut 9:21', []); M['speech_resumed_9'] = M['speech']; w.marker('Deut 9:21', M['speech_resumed_9'], value='and your sin, the calf which you had made, I took and burned it with fire (9:21) — the speech resumes at its own
   return M
  --- every marker row in the Deut section:
   Deut 1:1  speech  retrograde=False  placement=text_constrained
   Deut 1:6  horeb_departure_told  retrograde=False  placement=reading_placed
   Deut 1:9  courts_founded  retrograde=False  placement=reading_placed
   Deut 2:2  hor_departure_told  retrograde=False  placement=reading_placed
   Deut 4:1  chapter_4  retrograde=True  placement=text_constrained
   Deut 4:10  giving_told  retrograde=True  placement=reading_placed
   Deut 4:13  tablets_told  retrograde=True  placement=reading_placed
   Deut 4:25  speech_resumed  retrograde=True  placement=text_constrained
   Deut 5:23  request_told  retrograde=True  placement=reading_placed
   Deut 5:32  charge  retrograde=True  placement=text_constrained
   Deut 9:20  aaron_told  retrograde=True  placement=reading_placed
   Deut 9:21  speech_resumed_9  retrograde=True  placement=text_constrained
  the section comments in the Deut stretch: ['Deut 1', 'Deut 2', 'Deut 3', 'Deut 4', 'Deut 5', 'Deut 6', 'Deut 7', 'Deut 8', 'Deut 9']
  the Exod 24-34 section comments: ['Exod 24', 'Exod 31', 'Exod 32', 'Exod 33', 'Exod 34']
  DAEMON_ORDER 69, tail [('cold_run_seven_nations', 'law_seven_nations'), ('cold_run_good_land', 'law_good_land'), ('cold_run_not_righteousness', 'law_not_righteousness')]
  RUN (1311, 96, 88, 0, 12, 1606, 40, 319, ((('israel_people', 'given_by_the_heart'), 2), (('israel_people', 'set_apart_before_me'), 2), (('the-golden-altar', 'incense_continual'), 2), (('the-lampstand', 'lamp_arranged'), 2)), 127)
  PREVIOUS_RUN (1310, 96, 88, 0, 12, 1605, 39, 319, ((('israel_people', 'given_by_the_heart'), 2), (('israel_people', 'set_apart_before_me'), 2), (('the-golden-altar', 'incense_continual'), 2), (('the-lampstand', 'lamp_arranged'), 2)), 127)
  NEWEST_RUNNER not_righteousness
  CENSUS (2520, 1319, 1311, 1185, 6, 10, 9, 0, 71, 169, 130, 15, 24, 856, 272)
  PLACEMENT {'markers': {'text_constrained': 107, 'reading_placed': 47}, 'events': {'text_constrained': 109, 'page_order': 1146, 'reading_placed': 56}}
  the Exod 1/22/23/24/25/31/32/33/34/37/40, Lev 19, Num 3/4/6/8/18/20/33, Gen 46 lines with their kinds:
  the snapshot world: entities 319, log 3557; clock Clock day 908865
  clock attrs: {'era': 'THE SEQUENTIAL RUN — the three books on one world (clock unit: days; the creatio', 'day': '908865', 'epoch': 'creation', 'calendar': '<world_engine.Calendar object at 0x332ed2210>', 'eras': "{'creation': <world_engine.Era object at 0x332d71710>, 'life:the_human': <world_"}
  clock methods: ['after', 'at_year', 'date_in', 'day_in', 'elapsed_in', 'next', 'set_era', 'year_in']
  the chapter-10-era log rows (EVENT/marker rows whose source is the second tablets, the ark, the testimony placed, the Levites, the blessing, the stations, Aaron at Hor, the seventy; the day and its rendering):
    MARKER day 894460 ?                                Exod 34:4 | date raised TypeError("'tuple' object is not callable")
    MARKER day 908659 ?                                Num 20:22 | date raised TypeError("'tuple' object is not callable")
    MARKER day 908688 ?                                Num 20:28 | date raised TypeError("'tuple' object is not callable")
  the marker rows on the log (all tags): [('WRITE', 1606), ('EVENT', 1311), ('MARKER', 169), ('ROW', 148), ('CLOSE', 127), ('TIMER-SET', 96), ('TIMER-FIRE', 88), ('RETRO-WRITE', 12)]
  markers in the world (Exod 19-34): []
  the markers Exod 19-40, Num 9-10, 20, 33, Deut: []
  THE THIRD FORTY: the sequence file's M[] lines for the forties and the last tablets: ["assert_ink('Exod 24:18', [40, 40]); M['ascent'] = w.clock.day_in('exodus', 1, 3, 7); w.marker('Exod 24:18', M['ascent'], value='forty days and forty nights — Moses ascended on the seventh of Sivan (Ta", "assert_ink('Exod 32:19', []); M['breaking'] = w.clock.day_in('exodus', 1, 4, 17); w.marker('Exod 32:19', M['breaking'], value='the tablets broken — the seventeenth of Tammuz (Mishnah Taanit 4:6; Taani", "assert_ink('Exod 32:30', [], words=['ממחרת']); M['morrow'] = M['breaking'] + 1; w.marker('Exod 32:30', M['morrow'], value='and it was on the morrow — the intercession\\'s ascent (32:31): the ink\\'s own", "assert_ink('Exod 34:28', [40, 40, 10]); M['second_tablets'] = w.clock.day_in('exodus', 1, WE.CAL_PARAMS['second_tablets_given']['value']['month'], WE.CAL_PARAMS['second_tablets_given']['value']['day']", "assert_ink('Deut 9:20', []); M['aaron_told'] = M['morrow']; w.marker('Deut 9:20', M['aaron_told'], value='and with Aaron the LORD was very angry, to destroy him; and I prayed for Aaron also at that ti", "assert_ink('Deut 9:21', []); M['speech_resumed_9'] = M['speech']; w.marker('Deut 9:21', M['speech_resumed_9'], value='and your sin, the calf which you had made, I took and burned it with fire (9:21) —"]
  CAL_PARAMS rows naming tablets/tishri: []
  the tape lines naming the stations or Hor by name: ["assert_ink('Num 20:22', []); M['hor_arrival'] = w.clock.day_in('exodus', 40, 4, 1); w.marker('Num 20:22', M['hor_arrival'], value='and they journeyed from Kadesh and came to Mount Hor (20:22) — READIN", "w.submit({'kind': 'journeyed_to_mount_hor', 'subject': 'israel', 'to': 'Mount Hor, by the border of the land of Edom', 'case_source': 'Num 20:22 — and they journeyed from Kadesh, and the children of I", "w.submit({'kind': 'aarons_gathering_decreed', 'subject': 'moses', 'words': 'Aaron shall be gathered to his people; because you rebelled at the waters of Meribah', 'case_source': 'Num 20:23-24 — and th", "w.submit({'kind': 'aaron_brought_up_mount_hor', 'subject': 'moses', 'with': ['aaron', 'eleazar'], 'case_source': 'Num 20:25-27 — take Aaron and Eleazar his son and bring them up Mount Hor; and strip A", "assert_ink('Num 21:4', []); M['hor_departure'] = M['aaron_death'] + ink_numbers(verse_words('Num', 20, 29))[0]; w.marker('Num 21:4', M['hor_departure'], value='and they journeyed from Mount Hor by the", "w.submit({'kind': 'journeyed_by_the_red_sea_way', 'subject': 'israel', 'from': 'Mount Hor', 'by': 'the way of the Red Sea, around the land of Edom', 'case_source': 'Num 21:4 — and they journeyed from ", "w.submit({'kind': 'borders_commanded', 'subject': 'israel', 'sides': ['south', 'west', 'north', 'east'], 'points': 27, 'first': 'the wilderness of Zin', 'last': 'the Salt Sea', 'by_its_borders': True,", "assert_ink('Deut 2:2', []); M['hor_departure_told'] = M['hor_departure']; w.marker('Deut 2:2', M['hor_departure_told'], value='and the LORD spoke to me, saying: you have compassed this mountain long e"]
  what a marker object looks like: no w.markers

==== (6) THE CHECKPOINT PREFIXES, THE M[] NAMES, THE DAEMONS ====
  cp() checkpoint prefixes in use: [('C', 19), ('CA', 9), ('CB', 8), ('CC', 9), ('CD', 8), ('CE', 9), ('CF', 9), ('CG', 10), ('CH', 11), ('CI', 9), ('CJ', 14), ('CK', 9), ('CL', 9), ('CM', 10), ('CN', 1), ('CO', 9), ('CP', 9), ('CQ', 9), ('CR', 9), ('CS', 9), ('CT', 9), ('CU', 9), ('CV', 9), ('CW', 9), ('CX', 9), ('CY', 9), ('CZ', 9), ('DA', 9)]
  FREE two-letter C-prefixes: []
  THE D SERIES in use: [('DA', 9)]; the next name: DB
  the VERDICTS list prefixes: [('C', 26), ('CA', 9), ('CB', 8), ('CC', 9), ('CD', 8), ('CE', 9), ('CF', 9), ('CG', 10), ('CH', 11), ('CI', 9), ('CJ', 14), ('CK', 9), ('CL', 9), ('CM', 10), ('CN', 1), ('CO', 9), ('CP', 9), ('CQ', 9), ('CR', 9), ('CS', 9), ('CT', 9), ('CU', 9), ('CV', 9), ('CW', 9), ('CX', 9), ('CY', 9), ('CZ', 9), ('DA', 9)]
  code that assumes a checkpoint name's first letter (startswith/== on C):
    cold_run_gad_reuben.py:319 assert SL_SEND[0].startswith("at Moses' discretion") and SL_ESHCOL[0].startswith('named after the cluster') and SL_HEBRON[0].startswith('Caleb alone a
    cold_run_opening_speech.py:368 assert SL_SET[0].startswith('603550 — the census set by CALL') and SL_EXC[0] == 'Caleb and Joshua (14:24, 14:30); the children brought in (14:31)' and
  M[] marker names on file: ['day1', 'day2', 'day3', 'day4', 'day5', 'day6', 'born:the_human', 'day7', 'born:seth', 'died:the_human', 'born:enosh', 'died:seth', 'born:kenan', 'died:enosh', 'born:mahalalel', 'died:kenan', 'born:jared', 'died:mahalalel', 'born:enoch', 'died:jared', 'born:methuselah', 'died:enoch', 'born:lamech', 'died:methuselah', 'born:noach', 'died:lamech', 'born:shem', 'flood', 'reprieve_decree', 'boarding_call', 'flood', 'flood_ordinal', 'rain_end', 'ark_rested', 'mountains', 'window', 'dove_second', 'dove_third', 'dried', 'dry', 'died:noach', 'born:arpachshad', 'born:shem_by_11_10', 'born:shelah', 'born:eber', 'born:peleg', 'born:reu', 'born:serug', 'born:nahor', 'born:terah', 'born:abraham', 'died:terah', 'age:abraham:75', 'covenant_pieces', 'hagar_given', 'age:abraham:86', 'born:ishmael', 'age:abraham:99', 'mamre', 'sodom_dawn', 'age:abraham:100', 'born:isaac', 'eighth_day', 'binding', 'moriah_seen', 'died:abraham', 'died:ishmael', 'age:isaac:40', 'age:isaac:60', 'born:jacob', 'born:esau', 'stew_day', 'age:esau:40', 'blessing', 'mahalath', 'departure', 'laban_month', 'wedding', 'rachel_given', 'fourteen_end', 'flight', 'told', 'heap_morning', 'jabbok_night', 'peniel_sunrise', 'sukkot', 'shechem', 'bethel_again', 'ephrath_road', 'hebron', 'died:isaac', 'age:joseph:17', 'prison_dreams', 'birthday', 'pharaoh_dreams', 'joseph30', 'born:joseph', 'plenty_end', 'custody_third', 'famine_two', 'beersheba_descent', 'descent', 'jacob_147', 'embalmed', 'weeping_end', 'atad', 'atad_end', 'died:joseph', 'exodus_year', 'exodus', 'born:moses', 'born:aaron', 'ark', 'speaking', 'river7', 'frogs_morrow', 'swarms_morrow', 'pestilence_morrow', 'hail_morrow', 'locusts_morrow', 'darkness_end', 'exodus_epoch', 'lamb_taken', 'lamb_slaughtered', 'sea', 'shur', 'sin_wilderness', 'manna_first', 'sinai', 'sinai_2', 'sinai_bound', 'sinai_sep', 'giving', 'ascent', 'breaking', 'morrow', 'second_tablets', 'second_ascent', 'erected', 'lev8', 'ninth_first', 'bamidbar', 'send_out_day', 'dedication_day', 'dedication_day_1', 'dedication_day_2', 'dedication_day_3', 'dedication_day_4', 'dedication_day_5', 'dedication_day_6', 'dedication_day_7', 'dedication_day_8', 'dedication_day_9', 'dedication_day_10', 'dedication_day_11', 'dedication_day_12', 'num9_pesach', 'march', 'taberah', 'hazeroth', 'paran', 'spies_return', 'zin', 'hor_arrival', 'aaron_death', 'hor_departure', 'after_the_plague', 'daughters', 'speech', 'horeb_departure_told', 'courts_founded', 'hor_departure_told', 'chapter_4', 'giving_told', 'tablets_told', 'speech_resumed', 'request_told', 'charge', 'aaron_told', 'speech_resumed_9']
  daemons 69; installed_by values: {'boot': 28, 'erected': 3, 'covenant_blood_thrown': 14, 'called_from_the_tent': 17, 'sentence_declared': 2, 'pending': 1, 'statute_declared': 2, 'milluim_blood_sprinkled': 1, 'entered_the_land': 1}
  the daemon block law_not_righteousness: {'file': 'cold_run_not_righteousness.py', 'wraps': 'not_righteousness', 'given_at': 'Deut 9:1', 'installed_by': 'boot', 'watches': {'prayed_for_aaron': ['destruction_halved'], 'not_righteousness_case': ['accepted', 'exempt']}}
  the daemon block law_good_land: {'file': 'cold_run_good_land.py', 'wraps': 'good_land', 'given_at': 'Deut 8:1', 'installed_by': 'boot', 'watches': {'grace_commanded': ['bless_after_eating_commanded'], 'forgetting_warned': ['forgetting_barred'], 'perishing_testified': ['heaven_and_earth_witness'], 'good_land_case': ['accepted', 'exempt', 'lashes']}}
  the daemon block law_hear_o_israel: {'file': 'cold_run_hear_o_israel.py', 'wraps': 'hear_o_israel', 'given_at': 'Deut 6:4', 'installed_by': 'boot', 'watches': {'shema_declared': ['shema_commanded'], 'testing_barred': ['test_barred'], 'shema_case': ['accepted', 'exempt']}}
  the functions block not_righteousness: {'the_frame': {'status': 'WRAPPED', 'by': 'law_not_righteousness'}, 'the_calf_retold': {'status': 'WRAPPED', 'by': 'law_not_righteousness'}, 'the_forty_days': {'status': 'WRAPPED', 'by': 'law_not_righteousness'}, 'aarons_peril': {'status': 'WRAPPED', 'by': 'law_not_righteousness'}, 'the_four_provocations': {'status': 'WRAPPED', 'by': 'law_not_righteousness'}, 'the_intercession': {'status': 'WRAPPE
  spans 64; edges 588; pointers 201; pointers naming Deut 10: [{'verse': 'Exod 34:4', 'form': 'AS_WHEN', 'runner': 'erection', 'disposition': 'RUN_CITATION', 'link': 'reference', 'why': "'and he hewed two tablets of stone like the first... AS THE LORD COMMANDED HIM' — the run of 34:1's 'hew for yourself' three verses up, inside this span (the second tablets' command and execution in one paragraph; Deut 10:1-3 the same pair restated)"}]; edges naming Deut 10: []
  the not_righteousness edges on file: [('not_righteousness', 'erection', 'CALL', 'reference', "THE DEUTERONOMY WALK 7b (2026-09-19) | the calf retold (9:8-21) is the erection runner's E"), ('not_righteousness', 'exodus_story', 'CALL', 'reference', "THE DEUTERONOMY WALK 7b (2026-09-19) | 9:7 and 9:24's 'from the day you came out of Egypt "), ('not_righteousness', 'beha', 'CALL', 'reference', "THE DEUTERONOMY WALK 7b (2026-09-19) | 9:22's Taberah and Kibroth-hattaavah are the tape's"), ('not_righteousness', 'shelach', 'CALL', 'reference', "THE DEUTERONOMY WALK 7b (2026-09-19) | 9:23's Kadesh-barnea — 'you rebelled … you did not "), ('not_righteousness', 'opening_speech', 'CALL', 'reference', "THE DEUTERONOMY WALK 7b (2026-09-19) | 9:1's 'cities great and fortified to the heavens' i"), ('not_righteousness', 'obey_horeb', 'CALL', 'reference', "THE DEUTERONOMY WALK 7b (2026-09-19) | 9:1's 'nations greater and mightier than you' is 4:"), ('not_righteousness', 'covenant_at_horeb', 'CALL', 'reference', "THE DEUTERONOMY WALK 7b (2026-09-19) | 9:10's 'the LORD gave me the two tablets of stone w"), ('not_righteousness', 'hear_o_israel', 'CALL', 'reference', "THE DEUTERONOMY WALK 7b (2026-09-19) | 9:22's Massah is 6:16's 'as you tested at Massah' ("), ('not_righteousness', 'seven_nations', 'CALL', 'reference', "THE DEUTERONOMY WALK 7b (2026-09-19) | 9:1's 'nations greater and mightier than you' is 7:"), ('not_righteousness', 'shemini_day', 'CALL', 'reference', "THE DEUTERONOMY WALK 7b (2026-09-19) | 9:20's Aaron's peril reaches the tape's eighth day "), ('not_righteousness', 'good_land', 'CALL', 'reference', "THE DEUTERONOMY WALK 7b (2026-09-19) | 9:7's 'from the day you came out of Egypt until you"), ('not_righteousness', 'chatat', False, 'none', "THE DEUTERONOMY WALK 7b (2026-09-19) | the token census matched the chapter's 'your sin' ("), ('not_righteousness', 'family', False, 'none', "THE DEUTERONOMY WALK 7b (2026-09-19) | the token census matched 'Your people and YOUR INHE")]
  a CALL edge row WHOLE (not_righteousness): [{'from': 'not_righteousness', 'to': 'erection', 'disposition': 'CALL', 'link': 'reference', 'carries': 'verdict', 'why': "THE DEUTERONOMY WALK 7b (2026-09-19) | the calf retold (9:8-21) is the erection runner's Exodus 24-34 stretch on the tape — moses_ascended 'first' (24:18), calf_made (32:4), moses_interceded 'relent' (32:11-14) and 'blot_me' (32:31-33), tablets_broken (32:19), calf_destroyed (32:20), moses_ascended 'second' (34:2-4): the readback rows found by kind and first verse; the kin's cells CALLED — ER.ascent('seventeenth_tammuz', 'sheet_taanit_4_6') the clock's compile rules (Ta'anit 28b:9, Mishnah Ta'anit 4:6 — the readback's stretch rows 9:9, 9:11 graded MATCH), ER.calf('saru_stiff') the stiff neck's six seats (9:6, 9:13 — no write, the state in the first telling), ER.calf('seized', 'three_legged', 'vayechal', 'vow_annulled', 'oath_endures') the intercession's rules (9:14, 9:26-27), ER.calf('four_verbs', 'fourth_verb_decides', 'nullification_dispute') the calf's destruction (9:21 — THE FOURTH VERB DROPPED by the retelling, the dispute's hinge), ER.calf('surcharge', 'boshesh', 'confess_specify', 'reading_law') the calf's debt, its own day (the OPEN row), the confession specified (9:18, 9:21), Aaron's report untranslated (the asymmetry with 9:20); ER.tablets('breaking_ratified', 'fragments_by_call') the breaking approved at three seats (9:17) and the fragments owed to chapter 10"}]
  a RUN_CITATION pointer row WHOLE (not_righteousness): [{'verse': 'Deut 9:3', 'form': 'AS_WHEN', 'runner': 'not_righteousness', 'disposition': 'RUN_CITATION', 'link': 'reference', 'why': 'THE DEUTERONOMY WALK 7b (2026-09-19) | \'and you shall drive them out and destroy them quickly, AS THE LORD HAS SPOKEN TO YOU\' (כַּאֲשֶׁר דִּבֶּר יְהוָה לָךְ — as the LORD has spoken to you): the token census reads the \'as\' (כאשר, "as / when") as a citation form — a RUN CITATION of the dispossession\'s word already spoken: 7:1-2\'s \'the LORD your God gives them before you\' and 7:22-24\'s \'little by little\' (seven_nations.the_seven_nations(\'the_seven\', \'the_ban\') CALLED by F1 nations_greater — nations_devoted on the tape, the ban\'s debit OPEN to Joshua), Exodus 23:23-30\'s angel clauses (the receipts\' first form); the readback row 9:3 VERBATIM in kind (4:24\'s consuming fire by CALL); the frame writes nothing (R6); no ledger write pays a citation (R5); the register gate lists no seat (its finder scans \'commanded\', not \'spoken\'); the census\'s three demands this sitting — two homograph edges filed FALSE, this pointer; the design\'s eleven CALL edges the census\'s own'}]
  the spans of the kin: {'balak': [['Num', 22, 1, 41], ['Num', 23, 1, 30], ['Num', 24, 1, 25], ['Num', 25, 1, 19]], 'bamidbar': [['Num', 1, 1, 54], ['Num', 2, 1, 34], ['Num', 3, 1, 51], ['Num', 4, 1, 20]], 'beha': [['Num', 8, 1, 26], ['Num', 10, 1, 36], ['Num', 11, 1, 35], ['Num', 12, 1, 16]], 'borders': [['Num', 34, 1, 29]], 'calendar': [['Exod', 23, 10, 19]], 'chukat': [['Num', 19, 1, 22], ['Num', 20, 1, 29], ['Num', 21, 1, 35]], 'clocks': [['Lev', 12, 1, 8], ['Lev', 15, 1, 33]], 'covenant_at_horeb': [['Deut', 5, 1, 33]], 'erection': [['Exod', 24, 1, 18], ['Exod', 31, 1, 11], ['Exod', 31, 18, 18], ['Exod', 32, 1, 35], ['Exod', 33, 1, 23], ['Exod', 34, 1, 35], ['Exod', 35, 4, 29], ['Exod', 40, 1, 38]], 'exodus_story': [['Exod', 1, 1, 22], ['Exod', 2, 1, 25], ['Exod', 3, 1, 22], ['Exod', 4, 1, 31], ['Exod', 5, 1, 23], ['Exod', 6, 1, 30], ['Exod', 7, 1, 29], ['Exod', 8, 1, 28], ['Exod', 9, 1, 35], ['Exod', 10, 1, 29], ['Exod', 11, 1, 10], ['Exod', 12, 29, 42], ['Exod', 12, 50, 51], ['Exod', 13, 17, 22], ['Exod', 14, 1, 31], ['Exod', 15, 1, 27], ['Exod', 16, 1, 36], ['Exod', 17, 1, 16], ['Exod', 18, 1, 27], ['Exod', 19, 1, 25]], 'family': [['Gen', 23, 1, 20], ['Gen', 24, 1, 67], ['Gen', 32, 25, 33], ['Gen', 38, 1, 30], ['Gen', 48, 1, 22], ['Gen', 49, 1, 33]], 'gad_reuben': [['Num', 32, 1, 42]], 'good_land': [['Deut', 8, 1, 20]], 'hear_o_israel': [['Deut', 6, 1, 25]], 'holiness': [['Lev', 19, 1, 18]], 'holiness_b': [['Lev', 19, 19, 37]], 'incense_shekel': [['Exod', 29, 1, 46], ['Exod', 30, 1, 38], ['Exod', 31, 12, 17], ['Exod', 35, 1, 3]], 'joseph': [['Gen', 32, 1, 33], ['Gen', 33, 1, 20], ['Gen', 34, 1, 31], ['Gen', 35, 1, 29], ['Gen', 36, 1, 43], ['Gen', 37, 1, 36], ['Gen', 39, 1, 23], ['Gen', 40, 1, 23], ['Gen', 41, 1, 57], ['Gen', 42, 1, 38], ['Gen', 43, 1, 34], ['Gen', 44, 1, 34], ['Gen', 45, 1, 28], ['Gen', 46, 1, 34], ['Gen', 47, 1, 31], ['Gen', 50, 1, 26]], 'journeys': [['Num', 33, 1, 56]], 'korach': [['Num', 16, 1, 35], ['Num', 17, 1, 28], ['Num', 18, 1, 32]], 'midian': [['Num', 31, 1, 54]], 'mishpatim': [['Exod', 21, 1, 37], ['Exod', 22, 1, 16]], 'moadim': [['Lev', 23, 1, 44]], 'naso': [['Num', 4, 21, 49], ['Num', 5, 1, 31], ['Num', 6, 1, 27], ['Num', 7, 1, 89]], 'not_righteousness': [['Deut', 9, 1, 29]], 'obey_horeb': [['Deut', 4, 1, 49]], 'opening_speech': [['Num', 27, 12, 23], ['Deut', 1, 1, 46], ['Deut', 2, 1, 37], ['Deut', 3, 1, 29]], 'ordinances': [['Exod', 20, 19, 26], ['Exod', 22, 17, 30], ['Exod', 23, 1, 9], ['Exod', 23, 20, 33]], 'refuge': [['Num', 35, 1, 34]], 'sanctions': [['Lev', 17, 1, 16], ['Lev', 18, 1, 30], ['Lev', 20, 1, 27]], 'sanctuary_build': [['Exod', 25, 1, 40], ['Exod', 26, 1, 37], ['Exod', 27, 1, 21], ['Exod', 35, 30, 35], ['Exod', 36, 1, 38], ['Exod', 37, 1, 29], ['Exod', 38, 1, 31]], 'seven_nations': [['Deut', 7, 1, 26]], 'shemini_day': [['Lev', 9, 1, 24]], 'vestments': [['Exod', 28, 1, 43], ['Exod', 39, 1, 43]]}
  installing acts: ['judges_appointed', 'covenant_blood_thrown', 'erected', 'called_from_the_tent', 'milluim_blood_sprinkled', 'sentence_declared', 'statute_declared', 'command_relayed', 'entered_the_land']
  I5 expects: ['69']
  the register seats naming Deut 10 (WHOLE): [('counts', 'Deut 10:22', {'class': 'NONE', 'why': 'the seventy restated in Deuteronomy — Deuteronomy is not on the tape (the book not read) — the seat waits for its reading and compile'}), ('receipts', 'Deut 10:5', {'class': 'NONE', 'why': 'Deuteronomy is not on the tape (the book not read) — the seat waits for its reading and compile'})]
  the register seats naming Deut 4:5, Num 18:20, Gen 46:27, Exod 1:5: [('counts', 'Gen 46:27', {'class': 'NONE', 'why': "the seventy with Joseph's two sons — the restated total (Exod 1:5 and Deut 10:22 repeat it); the Joseph runner's cell; no row — the backward seeding is FILED (COMPILE_DEBT.md's sitting-8b box: a register at its own marker, no roll-forward, built when a consumer calls)"}), ('counts', 'Exod 1:5', {'class': 'NONE', 'why': "the seventy restated at the book's head — the Joseph runner's cell; no row — the backward seeding is FILED (COMPILE_DEBT.md's sitting-8b box: a register at its own marker, no roll-forward, built when a consumer calls)"}), ('receipts', 'Deut 4:5', {'class': 'ACT', 'why': 'THE DEUTERONOMY WALK 2b (2026-09-16) | "behold, I have taught you statutes and judgments AS THE LORD MY GOD COMMANDED ME" — THE RECEIPT IN MOSES\' OWN VOICE (10:5 the pair): the teaching\'s run of Exodus 24:12\'s "the torah and the commandment which I have written to teach them" (4:14 "the LORD commanded me at that time to teach you"; the erection\'s ascent cell by CALL); the exhortation\'s line (Deut 4:1-8 — add_nothing_commanded, adding_barred on israel_people at (40, 11, 1), the chapter\'s one law) carries the verse inside its source: the ACT class, predicted from the gate\'s code at the design and read at the first tape run; no debit paid — a run citation of a command with no ledger entry of its own (Bekhorot 29a:7-8 the receipt\'s own reading: as I learned for free, you learned for free)'})]
  the receipt finder's defs in register_census.py: ['ref', 'pos', 'plain', 'base', 'read_ink', 'is_numeral', 'numeral_runs', 'unit_after', 'count_lines', 'receipts', 'footers', 'register_headers', 'running_world', 'spans', 'contains', 'chapter_of', 'as_of_chapter', 'class_counts', 'class_receipts', 'class_footers', 'class_registers', 'verify', 'load_declared', 'gate']

==== (7) THE READBACK PROBES on file; the ledgers naming 10:6 / Moserah; the ark, journeys and Levites ledgers ====
  readback_probes: the Q labels: ['Q1', 'Q2', 'Q3', 'Q4', 'Q5', 'Q6', 'Q7', 'Q8', 'Q9', 'Q11', 'Q12', 'Q13', 'Q14', 'Q15', 'Q16', 'Q17', 'Q18', 'Q19', 'Q20', 'Q21', 'Q22', 'Q23', 'Q24']
  the Q22-Q24 heads: ["for n, f in (('Q1 the table', q1), ('Q2 found', q2), ('Q3 the close by a prior run', q3), ('Q4 the retrograde dating', q4), ('Q5 the open disagreements', q5), ('Q6 the register seats', q6), ('Q7 chapt"]
  the probes holding a marker count or a marker list literal: ["Q14 the two lines of chapter 6 (shema_declared 6:4-9, testing_barred 6:16-19) on the speech's own day — NO marker in chapter 6, the markers 167; shema_commanded", "Q20 the three lines of chapter 8 (grace_commanded 8:7-10, forgetting_warned 8:11-18, perishing_testified 8:19-20) on the speech's own day — NO marker, the marke", "Q23 the retrograde line prayed_for_aaron dated (1, 4, 18) under the RETROGRADE marker at Deut 9:20 (stated the morrow's day, Exod 32:30's), the FORWARD marker a", "(Q14, Q17 and Q20's marker count 167 -> 169 at THE DEUTERONOMY WALK 7b, 2026-09-19 — the two markers at Deut 9:20 and 9:21; a count literal in a probe moves lik", "return got == (1, 1, False, 169, 1, 1, 'Deut 6:4', 'Deut 6:16'), 'got (shema_declared, testing_barred, a chapter-6 marker, markers, shema_commanded, test_barred", "return got == (1, 1, 1, False, 169, 1, 1, 1, 1, 1, 1, 1, 'Deut 7:1', 'Deut 7:25'), 'got (nations_devoted, hearing_blessed, abomination_barred, a chapter-7 marke", "return got == (1, 1, 1, False, 169, 1, 1, 2, 'Deut 8:7', 'Deut 8:11', 'Deut 8:19', 'Deut 4:25'), 'got (grace_commanded, forgetting_warned, perishing_testified, ", "return got == (1, (1, 4, 18), True, True, 169, (40, 11, 1), 1, 'Deut 9:20', (1, 4, 18), 'reading_placed', True), 'got (prayed_for_aaron, its dated day, the RETR"]
  the readback forms on THE_LOOP's step-6 row: ['| 6 THE READBACK (named 2026-09-09, D12; THE FIRST FORM designed and BUILT 2026-09-15/16 at THE DEUTERONOMY WALK 1b on the owner\'s "Yes 1. Go" — DEUTERONOMY_WALK.md "Sitting 1b" (R1)-(R6) and the as-built) | the text re-']
  ledger naming Deut 10:6 / Moserah: deu_10_ekev_2026-09-19.md (10)
  ledger naming Deut 10:6 / Moserah: num_19_21_chukat_exam_2026-09-11.md (4)
  ledger naming Deut 10:6 / Moserah: num_20_meribah_edom_aaron_2026-09-11.md (4)
  ledger naming Deut 10:6 / Moserah: num_33_journeys_2026-09-12.md (14)
  ledger naming Deut 10:6 / Moserah: num_33_journeys_exam_2026-09-12.md (6)
  the ark's, the journeys' and the Levites' ledgers: ['num_04_kehat_2026-09-09.md', 'exo_29_investiture_2026-09-01.md', 'exo_28_priest_garments_2026-09-01.md', 'exo_37_furniture_made_2026-09-02.md', 'exo_39_garments_done_2026-09-02.md', 'exo_38_court_inventory_2026-09-02.md', 'exo_30_incense_shekel_2026-09-01.md', 'exo_35_shabbat_donate_2026-09-02.md', 'num_04_07_naso_exam_2026-09-10.md', 'num_33_journeys_exam_2026-09-12.md', 'exo_26_curtains_boards_2026-09-01.md', 'gen_56_blessing_returned_first_altar_2026-08-27.md', 'num_06_priest_blessing_2026-09-09.md', 'exo_34_second_tablets_2026-09-01.md', 'num_03_aaron_levi_replace_2026-09-09.md', 'gen_05_swarms_blessing_2026-07-30.md', 'num_03_levite_clans_count_2026-09-09.md', 'exo_33_presence_2026-09-01.md', 'num_19_21_chukat_exam_2026-09-11.md', 'gen_46_isaac_blessing_demandee_mismatch_2026-08-27.md', 'num_03_firstborn_redeem_2026-09-09.md', 'vayakhel_pekudei_exam_mishnah_2026-09-02.md', 'num_08_menorah_levites_2026-09-10.md', 'exo_31_craftsmen_shabbat_2026-09-01.md', 'lev_26_blessings_curses_2026-09-05.md', 'num_04_gershon_merari_2026-09-09.md', 'num_16_18_korach_exam_2026-09-10.md', 'num_18_priest_levite_dues_2026-09-10.md', 'num_08_12_beha_exam_2026-09-10.md', 'terumah_exam_mishnah_2026-09-01.md', 'num_01_04_bamidbar_exam_2026-09-09.md', 'num_20_meribah_edom_aaron_2026-09-11.md', 'exo_35_36_work_start_2026-09-02.md', 'num_33_journeys_2026-09-12.md', 'exo_25_ark_table_menorah_2026-09-01.md', 'exo_27_altar_court_2026-09-01.md', 'gen_21_blessing_blood_law_2026-08-25.md', 'exo_40_erect_fill_2026-09-02.md', 'num_16_korach_2026-09-10.md', 'behar_exam_mishnah_2026-09-05.md', 'exo_32_golden_calf_2026-09-01.md']
