==== cold_run_erection.tablets sig ('q',) (10922 chars) asks-in-source ['al_pi', 'annulled_by_ezekiel', 'breaking_ratified', 'called_name', 'charut_freedom', 'chips_yours', 'confession_order', 'dual_anger', 'fathers_sons', 'finger_and_forms', 'forgive_triple', 'formula_seats', 'forty_nine', 'fragments_by_call', 'gift_unannounced', 'graze_ban_presence', 'kekhaloto', 'majority_fork', 'medium_law', 'name_not_cleared', 'no_ascend', 'pesal_two', 'prayer_leader', 'radiance', 'reading_map', 'reconciled', 'sinai_exod', 'ten_words', 'tension_resolved', 'yhwh_yhwh']
def tablets(q):
        if q == 'pesal_two':
            return cell(c_pesal, I, "'HEW for yourself' at %s — 34:1 and its Deuteronomy restatement; 'like the first' at %d seats (%s); 'which you broke' at %s" % (fmt(c_pesal), len(c_karishonim), fmt(c_karishonim), fmt(c_shibarta)), ['tablets_delivered'])
        if q == 'chips_yours':
            return cell('the_chips_his', M, "Nedarim 38a:3 (opened) — R. Chama b. 

  erection.tablets('fragments_by_call')                          {'v': 'both_in_the_ark', 'p': 'IMPORT', 'why': "the broken tablets' whereabouts by call — cold_run_sanctuary_build.ark(tablets_and_fragments) -> 'both_in_the_ark' [IMPORT, live call]: 40:20's 'he put the testimony into the ark' carries both sets (Menachot 99a-b)", 'fx': ['tablets_delivered']}
  erection.tablets('breaking_ratified')                          {'v': 'yishar_kochakha', 'p': 'MOVE', 'why': "Yevamot 62a:4 and Menachot 99b:1 (opened) — 'which you BROKE' (34:1): 'may your strength be firm that you broke' — the spec of the second tablets cites the run of the first's breaking (32:19) and ratifies it (Shabbat 87a:5, the covenant block credited: Moses' own a-fortiori)", 'fx': ['tablets_delivered']}
  erection.tablets('finger_and_forms')                           {'v': {'לחת': 12, 'לוחת': 3, 'הלחת': 9, 'לחות': 2}, 'p': 'INK', 'why': "'the finger of God' at ['Deut 9:10', 'Exod 8:15', 'Exod 31:18']; 'two tablets of the testimony' a hapax; the tablets-word's written forms in the Torah — {'לחת': 12, 'לוחת': 3, 'הלחת': 9, 'לחות': 2}: 'luchot' written defective (לחת) twelve times, plene (לוחת) three", 'fx': ['tablets_deliv
==== cold_run_erection.ascent sig ('q',) (3348 chars) asks-in-source ['baal_devarim', 'burden_of_proof', 'canon_channel', 'forty', 'seventeenth_tammuz', 'sheet_taanit_4_6', 'six_seventh', 'torah_mitzvah', 'under_mountain', 'within_within']
def ascent(q):
        if q == 'torah_mitzvah':
            return cell(2, I, "24:12 'the tablets of stone, and THE TORAH AND THE COMMANDMENT which I have written to teach them' — the pair at %s (Kings' the other); 'to teach them' among the teach-infinitive's %d seats (%s)" % (fmt(c_torah_mitzvah), len(c_lehorot), fmt(c_lehorot)), ['tablets_delivered'])
        if q == 'canon_channel':
            return cell(('t

  erection.ascent('forty')                                       {'v': 9, 'p': 'INK', 'why': "24:18 'Moses was on the mountain FORTY DAYS AND FORTY NIGHTS' — the phrase at 9 seats: Noah's rain twice, Moses' three ascents (24:18, 34:28; Deut 9:9, 9:11, 9:18, 10:10), Elijah's walk (1 Kgs 19:8)", 'fx': ['—']}
  erection.ascent('seventeenth_tammuz')                          {'v': '17_tammuz', 'p': 'MOVE', 'why': "the covenant block (round 23, credited): Taanit 28b:9-10 (via Yoma 4b) — 24:16's seventh day (Sivan 7) plus 24:18's forty days and nights = the SEVENTEENTH OF TAMMUZ, 'he came down and broke the tablets' (32:19); Mishnah Taanit 4:6's first of the five things computed from this span's two timestamps", 'fx': ['tablets_de
==== cold_run_sanctuary_build.ark sig ('q',) (8780 chars) asks-in-source ['after_removal', 'cherubim_one_piece', 'cover', 'crown_consonants', 'crown_seats', 'dimensions', 'faces', 'faces_will_indexed', 'hands_on_the_ark', 'hidden_with', 'loose_not_slipping', 'meeting', 'meeting_dropped', 'named_maker', 'oracle_layer', 'overlay_both_sides', 'rings', 'road_and_rome', 'run_dimensions', 'run_dropped', 'run_states_ban', 'staves', 'staves_prohibition', 'tablets_and_fragments', 'testimony', 'three_chests', 'three_crowns', 'whereabouts', 'yom_kippur_staves']
def ark(q):
        if q == 'dimensions':
            return cell((2.5, 1.5, 1.5), I, "25:10 'two cubits and a half its length, a cubit and a half its width, a cubit and a half its height' — in the cubit (a PARAMETER: the cubit of Moses, Mishnah Kelim 17:9)", [FX.NONE])
        if q == 'run_dimensions':
            return cell(True, I, "37:1's ten tokens after 'and Bezalel made the ark' EQUAL 25:10's ten after 'a

  sanctuary_build.ark('after_removal')                           {'v': 'foundation_stone_three_fingers', 'p': 'ANSWER-SHEET', 'why': "Mishnah Yoma 5:2 — 'from when the ark was taken, a stone was there from the days of the first prophets, called Shetiyah, three fingers above the ground, and on it he set the fire-pan' — the second Temple's Holy of Holies without the vessel the run built", 'fx': ['—']}
  sanctuary_build.ark('cherubim_one_piece')                      {'v': 'from_the_cover', 'p': 'INK', 'why': "25:19 'FROM the cover you shall make the cherubim on its two ends' — one piece; 25:18 'beaten work' (8 Torah seats: the cherubim, the lampstand thrice, the run's three, Num 8:4's lampstand, Num 10:2's trumpets)", 'fx': ['—']}
  sanctuary_build.ark('cover')                                   {'v': (2.5, 1.5), 'p': 'INK', 'why': "25:17 'a cover of pure gold, two cubits and a half its length and a cubit and a half its width' — no height (the cover's thickness a PARAMETER); 'the cover' at 25:[18, 19, 20, 21, 22]", 'fx': ['—']}
  sanctuary_build.ark('crown_consonants')                        {'v': 'zar_stranger_zer_crown', 'p': 'MOVE', 'why': "the sanctuary block (round 26, credited): Yoma 72b:7 — written זר ('stranger'), read זֵר ('crown'): merited, it is his crown; not, he is estranged from it — a written-versus-read verdict on the ark's own molding; Midrash Tanchuma, Vayakhel 8:3 the same", 'fx': ['—']}
  sanctuary_build.ark('crown_seats')                             {'v': (7, 28), 'p': 'INK', 'why': "the consonants זר in the span at ['25:11', '25:24', '25:25', '37:2', '37:11', '37:12', '37:26'] (the ark, the table twice, the incense altar — the crown) and at 28 seats in the Tanakh, most of them 'stranger' (Exod 30:33, Lev 22:10, Num 17:5...): the unpointed text carries both words in one shape", 'fx': ['—']}
  sanctuary_build.ark('dimensions')                              {'v': (2.5, 1.5, 1.5), 'p': 'INK', 'why': "25:10 'two cubits and a half its length, a cubit and a half its width, a cubit and a half its height' — in the cubit (a PARAMETER: the cubit of Moses, Mishnah Kelim 17:9)", 'fx': ['—']}
  sanctuary_build.ark('faces')                                   {'v': 'each_to_his_brother_toward_the_cover', 'p': 'INK', 'why': "25:20 'their faces each to his brother; toward the cover shall the faces of the cherubim be' — two directions in one verse", 'fx': ['—']}
  sanctuary_build.ark('faces_will_indexed')                      {'v': 'each_other_when_doing_the_will', 'p': 'MOVE', 'why': "the sanctuary block (round 26, credited): Bava Batra 99a:6-7 — toward each other (R. Yochanan) / toward the House (R. Elazar): resolved will-indexed; the toward-the-House arm against 25:20 'each to his brother'? — ANGLED: 'ONKELOS THE CONVERT said: child-faced work, angled, like a student taking le
  sanctuary_build.ark('hands_on_the_ark')                        {'v': 'bezalel_alone_the_rest_at_his_word', 'p': 'MOVE', 'why': "Midrash Tanchuma, Vayakhel 7:1 — Bezalel's hands only on the ark; the rest made 'at his word and counsel' — because the Holy One compresses His Presence there ('the shade of God', 25:22); Vayakhel 10:3 — the attribution law: his name on every stage because he gave his soul (38:22 'Bezalel made 
  sanctuary_build.ark('hidden_with')                             {'v': 'manna_jar_oil_staff', 'p': 'MOVE', 'why': "the sanctuary block (round 26, credited): Yoma 52b:14-15 — R. Elazar's three verbal-analogy chains ('there-there', 'generations-generations', 'keeping-keeping') from the manna jar's verse (16:33-34) to the ark's terms: the jar, the anointing oil, and Aaron's staff hidden WITH the ark", 'fx': ['—']}
  sanctuary_build.ark('loose_not_slipping')                      {'v': 'mitparkin_ve_ein_nishmatin', 'p': 'MOVE', 'why': "the sanctuary block (round 26, credited): Yoma 72a:10 — 'the staves shall be in the rings' against the insertion verses: 'they loosen but do not slip out' — the rings hold loose staves: a mechanical spec from two verses", 'fx': ['staves_fixed']}
  sanctuary_build.ark('meeting')                                 {'v': 'hapax', 'p': 'INK', 'why': "25:22 'and I will MEET with you there' — the form (ונועדתי) at [('Exod', 25, 22)] alone; 'and I will speak with you from above the cover, from between the two cherubim' — the oracle address", 'fx': ['meeting_appointed']}
  sanctuary_build.ark('meeting_dropped')                         {'v': True, 'p': 'INK', 'why': "25:22 among the run's dropped verses (True): the run builds the cover (37:6-9) and never speaks from it", 'fx': ['meeting_appointed']}
  sanctuary_build.ark('named_maker')                             {'v': [(37, 1)], 'p': 'INK', 'why': "'and he made' subjectless 37 times in the run ({36: 13, 37: 16, 38: 8}) — ONE with a named maker: 37:1 'and BEZALEL made the ark' [(37, 1)]; Bezalel's Exodus seats ['31:2', '35:30', '36:1', '36:2', '37:1', '38:22']", 'fx': ['—']}
  sanctuary_build.ark('oracle_layer')                            {'v': 'the_word', 'p': 'MOVE', 'why': "Onkelos 25:22 'and I will APPOINT MY WORD for you there' — the meeting routed through the Word-layer: the cover between the cherubim the standing interface for 'all that I shall command you'; the entry fires at Num 7:89 [IMPORT by name], not in this run", 'fx': ['meeting_appointed']}
  sanctuary_build.ark('overlay_both_sides')                      {'v': True, 'p': 'INK', 'why': "25:11 'inside and outside you shall overlay it' — True; 37:2 'and he overlaid it inside and outside'", 'fx': ['—']}
  sanctuary_build.ark('rings')                                   {'v': 4, 'p': 'INK', 'why': "25:12 'four rings of gold... two on its one side and two on its other side' — the ring-tokens twenty-four times in the span", 'fx': ['—']}
  sanctuary_build.ark('road_and_rome')                           {'v': 'cover_seen_in_rome', 'p': 'MOVE', 'why': "Midrash Tanchuma, Vayakhel 10:2 — R. Elazar son of R. Yosei: 'I SAW THE ARK COVER IN ROME, and on it drops of blood' — from the Day of Atonement sprinklings (Mishnah Yoma 5:3-4's target); a tanna's first-person testimony to the vessel this chapter builds", 'fx': ['—']}
  sanctuary_build.ark('run_dimensions')                          {'v': True, 'p': 'INK', 'why': "37:1's ten tokens after 'and Bezalel made the ark' EQUAL 25:10's ten after 'and they shall make an ark' — True; the table's and the cover's tails likewise (True, True)", 'fx': ['—']}
  sanctuary_build.ark('run_dropped')                             {'v': ['25:15', '25:16', '25:21', '25:22'], 'p': 'INK', 'why': "the ark's spec verses with no run counterpart, computed by the alignment: ['25:15', '25:16', '25:21', '25:22'] — the ban, the testimony twice, the meeting: every USE clause; the nine run verses all matched (9 of 13 spec verses)", 'fx': ['—']}
  sanctuary_build.ark('run_states_ban')                          {'v': False, 'p': 'INK', 'why': "37:5 inserts the staves ('to carry the ark') and states NO ban — 25:15 is among the spec verses the run drops (True): the run builds, the spec legislates", 'fx': ['staves_fixed']}
  sanctuary_build.ark('staves')                                  {'v': 'never_removed', 'p': 'INK', 'why': "25:15 'in the rings of the ark shall the staves be; they shall NOT BE REMOVED from it' — the phrase at [('Exod', 25, 15)] alone in the Tanakh; the chapter's one standing prohibition inside the architecture", 'fx': ['staves_fixed']}
  sanctuary_build.ark('staves_prohibition')                      {'v': 'lashes', 'p': 'MOVE', 'why': "the sanctuary block (round 26, credited): Yoma 72a:9 — R. Elazar: one who removes the ark's staves is flogged (with the breastplate's detaching, 28:28 — the two standing prohibitions); Rav Acha's design-spec probe ('perhaps so that it not tear?') answered by the bare negative's ink", 'fx': ['staves_fixed']}
  sanctuary_build.ark('tablets_and_fragments')                   {'v': 'both_in_the_ark', 'p': 'MOVE', 'why': "Midrash Tanchuma, Vayakhel 7:4 — 'you shall put into the ark' — the tablets AND the fragments of the tablets: honor the scholar who forgot his learning", 'fx': ['—']}
  sanctuary_build.ark('testimony')                               {'v': 'dropped_in_run', 'p': 'INK', 'why': "25:16 'and you shall put into the ark the testimony' and 25:21 again — both dropped by the run (True); the placing is 40:20's (E5)", 'fx': ['—']}
  sanctuary_build.ark('three_chests')                            {'v': 'wood_between_two_gold', 'p': 'MOVE', 'why': "Midrash Tanchuma, Vayakhel 7:3 — R. Chanina of Sepphoris: THREE chests, two of gold and one of wood, the wood inside the gold and gold inside the wood, the lips covered — executing 'inside and outside'; the rule derived: a scholar's inside like his outside", 'fx': ['—']}
  sanctuary_build.ark('three_crowns')                            {'v': {'ark': 'torah', 'table': 'kingship', 'altar': 'priesthood'}, 'p': 'MOVE', 'why': "the sanctuary block (round 26, credited): Yoma 72b:6 — three crowns: the altar's (Aaron's), the table's (David's), the ark's — still lying, whoever wishes may take it; Midrash Tanchuma, Vayakhel 8:3 maps them to the vessels' rims, Vayakhel 7:4 the crown of a good name ab
  sanctuary_build.ark('whereabouts')                             {'v': 'hidden_under_the_wood_storehouse', 'p': 'ANSWER-SHEET', 'why': "Mishnah Shekalim 6:1-2 — the fourteenth prostration opposite the wood storehouse 'for a tradition in their hands from their fathers that THERE THE ARK WAS HIDDEN'; the priest who saw the floor differ and died before finishing", 'fx': ['—']}
  sanctuary_build.ark('yom_kippur_staves')                       {'v': 'fire_pan_between_the_two_staves', 'p': 'ANSWER-SHEET', 'why': "Mishnah Yoma 5:1 — reaching the ark 'he puts the fire-pan BETWEEN THE TWO STAVES': the poles standing in their rings on the Day of Atonement — the ban's consequence on the sheet", 'fx': ['staves_fixed']}
==== cold_run_covenant_at_horeb.the_voice_and_the_request sig ('case', 'data') (3820 chars) asks-in-source ['added_no_more', 'hear_and_do', 'the_request', 'the_tablets_given_to_me', 'the_write', 'you_came_near']
def the_voice_and_the_request(case, data):
        del P_[:]
        ask = case['ask']
        if ask == 'added_no_more':
            ink('5:22', '"these words the LORD spoke to all your assembly … with a great voice, and he added no more" — "to all your assembly" %s; "and added no more" %s; against 4:13 (tokens %d for %d, %d shared)' % (P('אל', 'כל', 'קהלכם'), P('ולא', 'יסף'), VOICE_DELTA[0], VOICE_DELTA[1], VOI

  covenant_at_horeb.the_voice_and_the_request({ask:the_tablets_given_to_me}) ('the tablets given to me (5:22) — tablets_given FOUND at (1, 4, 17); no second write', ['accepted'])
==== cold_run_obey_horeb.the_one_god sig ('case', 'data') (7194 chars) asks-in-source ['because_he_loved_your_fathers', 'from_heaven_the_voice', 'keep_the_statutes', 'know_this_day', 'the_former_days', 'the_nation_from_a_nation', 'the_voice_and_lived', 'to_dispossess_nations', 'you_were_shown']
def the_one_god(case, data):
        del P_[:]
        ask = case['ask']
        if ask == 'the_former_days':
            ink('4:32', '"ask now of the former days which were before you, since the day God created man upon the earth, from one end of heaven to the other" — "ask now of the days" %s; "former" the adjective (%s); "God created man" %s — the create-verb\'s eleven Torah seats %s, the book\'s one' % (P('שא

  obey_horeb.the_one_god({ask:because_he_loved_your_fathers})    ("because he loved your fathers (4:37) — the choice of the seed (Genesis 17's phrase; PR by CALL); the outbringing READ BACK", ['accepted'])
  obey_horeb.the_one_god({ask:you_were_shown})                   ("you were shown (4:35) — the creed's first seat: 'none else beside him' (even sorcery — Chullin 7b); the kingship verses disputed", ['accepted'])
  obey_horeb.the_one_god({ask:to_dispossess_nations})            ('to dispossess nations (4:38) — the open dispossess debit of Numbers 33:50-56 READ; 9:1 the kin', ['accepted'])
==== cold_run_obey_horeb.the_exhortation sig ('case', 'data') (9352 chars) asks-in-source ['add_beside', 'add_nothing', 'add_out_of_its_time', 'baal_peor_seen', 'diminish_nothing', 'god_so_near', 'hear_and_do', 'righteous_statutes', 'taught_as_commanded', 'the_cleaving', 'the_write', 'wisdom_before_the_peoples']
def the_exhortation(case, data):
        del P_[:]
        ask = case['ask']
        if ask == 'hear_and_do':
            ink('4:1', '"and now, Israel, hear the statutes and the judgments which I teach you, to do them, that you may live and go in and possess the land" — "and now, Israel" %s; "hear" the singular imperative with the PLURAL object "you"; "that you may live" %s; "go in and possess the land" %s; the t

  obey_horeb.the_exhortation({ask:add_beside})                   ('an addition placed beside (Sanhedrin 89a:2) — R. Zeira: the fifth compartment spoils the four even beside them; the transgression stands: accepted', ['accepted'])
  obey_horeb.the_exhortation({ask:add_nothing})                  ("you shall not add (4:2) — THE CHAPTER'S ONE LAW: a BLOCK on Israel (adding_barred); the exam's parameters — in its time without intent, out of its time with intent (Rava); an addition that spoils (the elder's fifth compartment)", ['accepted'])
  obey_horeb.the_exhortation({ask:add_out_of_its_time})          ('an addition out of its time (Rosh Hashanah 28b) — no intent, no transgression: the sleeper on the eighth day exempt', ['exempt'])
  obey_horeb.the_exhortation({ask:baal_peor_seen})               ("Baal-peor seen (4:3) — Numbers 25:3-9 READ BACK, SHORTENED: the yoking, the slaying and the plague's count in one clause (BK by CALL)", ['accepted'])
  obey_horeb.the_exhortation({ask:diminish_nothing})             ("nor diminish (4:2) — the pair's other arm: an omission where adding is an act (R. Yehoshua); 13:1 the second seat forward", ['accepted'])
  obey_horeb.the_exhortation({ask:god_so_near})                  ("God so near (4:7) — the plural adjective with the singular 'upon him' (Sanhedrin 38b); a community's sentence never sealed (Rosh Hashanah 18a)", ['accepted'])
  obey_horeb.the_exhortation({ask:hear_and_do})                  ("hear and do (4:1) — the exhortation's head: the singular imperative, the plural object; the teach-root's first seat", ['accepted'])
  obey_horeb.the_exhortation({ask:righteous_statutes})           ("righteous statutes (4:8) — the exhortation's close: the Torah set before them this day (11:32 the pair)", ['accepted'])
  obey_horeb.the_exhortation({ask:taught_as_commanded})          ("taught as commanded (4:5) — THE RECEIPT in Moses' own voice: the teaching's run of Exodus 24:12's command (ER by CALL); the register seat ACT; free teaching (Bekhorot 29a)", ['accepted'])
  obey_horeb.the_exhortation({ask:the_cleaving})                 ('you who cleave (4:4) — the survivors of Peor; cleaving to a consuming fire resolved as cleaving to the sages (the Sifrei 49:2; Ketubot 111b)', ['accepted'])
  obey_horeb.the_exhortation({ask:the_write})                    ("the write (4:1-8) — adding_barred on Israel: the one law's block; the receipt inside the line's source", ['adding_barred'])
  obey_horeb.the_exhortation({ask:wisdom_before_the_peoples})    ("your wisdom before the peoples (4:6) — the reckoning of the seasons (Shabbat 75a); Solomon's pair the kin", ['accepted'])
==== cold_run_obey_horeb.horeb_retold sig ('case', 'data') (7164 chars) asks-in-source ['commanded_to_teach', 'learn_and_teach', 'take_heed_lest_you_forget', 'the_daughters_excluded', 'the_day_at_horeb', 'the_mountain_burning', 'the_ten_words_and_the_tablets', 'the_voice_and_no_form']
def horeb_retold(case, data):
        del P_[:]
        ask = case['ask']
        if ask == 'take_heed_lest_you_forget':
            ink('4:9', '"only take heed to yourself and keep your soul diligently, lest you forget the things your eyes saw … and make them known to your sons and to your sons\' sons" — "only take heed to yourself" %s; "keep your soul diligently" %s; the forget-root\'s thirteen seats in the boo

  obey_horeb.horeb_retold({ask:the_ten_words_and_the_tablets})   ("the ten words and the tablets (4:13) — three seats of 'the ten words' (ER by CALL); the tablets plene; Exodus 31:18's giving written once at (1, 4, 17) — tablets_delivered on Moses (SUPPLIED)", ['tablets_delivered'])
==== cold_run_not_righteousness.the_calf_retold sig ('case', 'data') (24356 chars) asks-in-source ['at_horeb_you_provoked', 'gods_word_verbatim', 'let_me_alone', 'remember_do_not_forget', 'the_breaking_in_my_own_words', 'the_calf_ground_to_dust', 'the_calfs_debt', 'the_calfs_own_day', 'the_confession_specified', 'the_descent_and_the_sight', 'the_fragments_in_the_ark', 'the_tablets_of_the_covenant', 'written_with_the_finger']
def the_calf_retold(case, data):
        """F2 — Deut 9:7-17, 9:21: remember, do not forget (the ten trials by CALL); at Horeb you provoked (calf_made by kind — forbidden from its making); the tablets of the covenant; written with the finger (tablets_given by kind, CH and OH by CALL); God's word VERBATIM (9:12-13); let Me alone (the offer's three forms; the seizing); the descent and the sight; THE BRE

  not_righteousness.the_calf_retold({ask:written_with_the_finger}) ("written with the finger of God (9:10) — 31:18's phrase; the tape's tablets_given (Deut 4:13, dated (1, 4, 17)) by kind (OH and CH by CALL): the readback row VERBATIM in kind; 'all the words' Megillah 19b:5", ['accepted'])
  not_righteousness.the_calf_retold({ask:the_fragments_in_the_ark}) ("the fragments in the ark (10:1-2 forward) — both the tablets and the broken pieces in the ark (Menachot 99a:12; Bava Batra 14b:4-6; ER.tablets('fragments_by_call') by CALL = both_in_the_ark): the entry OWED to chapter 10's compile", ['accepted'])
  not_righteousness.the_calf_retold({ask:the_breaking_in_my_own_words}) ("the breaking in my own words (9:17) — one token shared with 32:19; approved at three seats (ER.tablets('breaking_ratified') by CALL — Shabbat 87a:5, Menachot 99b:1, Bava Batra 14b:7); Moses' might from these verbs (Nedarim 38a:8): the readback row EXPANDED", ['accepted'])
==== cold_run_not_righteousness.the_forty_days sig ('case', 'data') (12425 chars) asks-in-source ['at_the_end_of_forty_days', 'bread_i_did_not_eat', 'forty_days_forty_nights', 'i_fell_down', 'i_sat_on_the_mount', 'prolong_without_expecting', 'the_first_forty', 'the_second_forty']
def the_forty_days(case, data):
        """F3 — Deut 9:9, 9:11, 9:18, 9:25: THE CLOCK READ BACK — the three forties as STRETCHES between the tape's markers, measured by the calendar's own arithmetic and graded against the answer sheet's dates (Ta'anit 28b:9's 24 + 16; Mishnah Ta'anit 4:6's seventeenth of Tammuz MATCH); the fasting's seat 9:9's own; I sat on the mount; at the end of forty days; I fell 

  not_righteousness.the_forty_days({ask:forty_days_forty_nights}) ("forty days and forty nights (9:9, 9:11, 9:18, 9:25) — the parser's [40, 40] at four seats, the phrase's nine Bible seats (ER.ascent('forty') by CALL): a STRETCH between two markers, not a line — the readback's sixth form", ['accepted'])
  not_righteousness.the_forty_days({ask:the_second_forty})       ('the second forty (9:18, 9:25) — the morrow (1, 4, 18) to the second ascent (1, 5, 29) = 40 by the calendar, the forty Exodus never gives (supplied by the retelling, held by the clock as the stretch); THE MEASURE OF PRAYER: the prolonger assured, no limit (Berakhot 32b:8; 34a:11)', ['accepted'])
  not_righteousness.the_forty_days({ask:i_sat_on_the_mount})     ("I sat on the mount (9:9) — against 10:10's 'I stood': four readings (Megillah 21a:17 — stood to learn, sat to review; bowing; remaining; easy standing, difficult sitting); the readback row's own word", ['accepted'])
==== cold_run_not_righteousness.the_intercession sig ('case', 'data') (15059 chars) asks-in-source ['do_not_destroy_your_people', 'i_prayed_and_said', 'lest_the_land_say', 'remember_your_servants', 'the_anger_and_the_wrath', 'the_lord_hearkened', 'the_merit_ceased', 'the_three_requests', 'your_people_and_your_inheritance']
def the_intercession(case, data):
        """F6 — Deut 9:19, 9:25-29: I prayed and said (the ten names); do not destroy Your people (the vow annulled — the intercession's rules); remember Your servants (the merit of the fathers — a parameter with two arms); lest the land say (the taunt's four forms); Your people and Your inheritance (Solomon and Nehemiah quoting); the LORD hearkened (the relenting tur

  not_righteousness.the_intercession({ask:the_lord_hearkened})   ("the LORD hearkened to me (9:19) — 32:14's relenting told as hearkening (one token shared): the readback row TURNED; decree_relented ONE on Israel the entry (ER.calf('relent') by CALL), no second write; Onkelos 'accepted my prayer'", ['accepted'])
==== cold_run_journeys.the_stations sig ('case', 'data') (9473 chars) asks-in-source ['chapter_21', 'common_word_names', 'directional_ending', 'elim', 'etham_for_shur', 'exodus_nine', 'forty_two', 'kadesh_hor', 'kibroth_hazeroth', 'moseroth_seven', 'one_word_added', 'only_here', 'rithmah_paran', 'tape_matched', 'the_last_camp', 'the_verbs', 'unnamed_in_exodus']
def the_stations(case, data):
        del P[:]
        ask = case['ask']
        if ask == 'forty_two':
            ink('33:3-49', '%d places = the forty-one departures\' places (Rameses told twice, 33:3 and 33:5) + the last camp; the departures\' from-tokens and the camps\' at-tokens the instrument' % len(PLACES_HE))
            return out("forty-two places (33:3-49) — Rameses and forty-one camps: the first departur

  journeys.the_stations({ask:chapter_21})                        ("the last stations against chapter 21 — Zalmonah and Punon only here; Oboth and Iye-abarim shared; 21:18-20's stations absent; Dibon Gad the Gad runner's own witness by CALL; the mountains of Abarim before Nebo", ['accepted'])
  journeys.the_stations({ask:common_word_names})                 ("Libnah, Tahath, Terah (33:20, 26, 27) — three names whose lemma's other seats are another referent", ['accepted'])
  journeys.the_stations({ask:directional_ending})                ("Diblathaimah (33:46-47) — the directional ending on the station's name (Yevamot 13b:6's example)", ['accepted'])
  journeys.the_stations({ask:elim})                              ("Elim's twelve springs and seventy palms (33:9) word for word with Exodus 15:27 — [12, 70] at both", ['accepted'])
  journeys.the_stations({ask:etham_for_shur})                    ("the wilderness of Etham (33:8) for Exodus 15:22's Shur — each one seat; 'a way of three days' six Torah seats; Exodus 34:33's 'speaking with them' a homograph", ['accepted'])
  journeys.the_stations({ask:exodus_nine})                       ("the exodus story's nine stations by CALL — Succoth to Sinai on the tape as statuses and markers; the itinerary's list their run citation", ['accepted'])
  journeys.the_stations({ask:forty_two})                         ('forty-two places (33:3-49) — Rameses and forty-one camps: the first departure and the last camp each told twice', ['accepted'])
  journeys.the_stations({ask:kadesh_hor})                        ("Kadesh and Mount Hor (33:36-37) — 'that is Kadesh' with Genesis 14:7 (three of the pair's five seats read 'it is holy': a homograph); the edge of Edom one seat; two Mount Hors by CALL", ['accepted'])
  journeys.the_stations({ask:kibroth_hazeroth})                  ("Kibroth-hattaavah and Hazeroth (33:16-17) — chapter 11's graves and Hazeroth by CALL: the burial on the tape, the markers at (2, 3, 22) and (2, 3, 29)", ['accepted'])
  journeys.the_stations({ask:moseroth_seven})                    ("Moseroth seven camps before Mount Hor (33:30-37) — Deuteronomy 10:6's 'there Aaron died' at Moserah reconciled by the retreat of seven stations (Seder Olam Rabbah 9:2; the chukat runner's row)", ['accepted'])
  journeys.the_stations({ask:one_word_added})                    ('33:6 is Exodus 13:20 with one word added — the itinerary retelling its first telling on the tokens', ['accepted'])
  journeys.the_stations({ask:only_here})                         ('eighteen stations named nowhere else — seventeen by lemma (Dophkah to Almon-diblathaim) and the Red Sea camp', ['accepted'])
  journeys.the_stations({ask:rithmah_paran})                     ("Rithmah (33:18) — Paran under another name: the spies' base of 12:16, 13:3, 13:26; the tape's marker at (2, 3, 29)", ['accepted'])
  journeys.the_stations({ask:tape_matched})                      ("the tape's camps against the list — twelve names matched (Succoth to the plains of Moab), five statuses not (Goshen, Shur, the Red Sea way, Mattanah to Pisgah, Shittim)", ['accepted'])
  journeys.the_stations({ask:the_last_camp})                     ('the plains of Moab (33:48-49) — the last camp by CALL; from Beth-jeshimoth to Abel-shittim three parasangs on the shelf (Eruvin 55b:15; Yoma 75b:14)', ['accepted'])
  journeys.the_stations({ask:the_verbs})                         ("forty-two 'journeyed' and forty-two 'camped' — forty-one verses with both; 33:3 the journey alone, 33:49 the camp alone", ['accepted'])
  journeys.the_stations({ask:unnamed_in_exodus})                 ('the Red Sea camp, Dophkah and Alush (33:10-13) — three stations Exodus never names', ['accepted'])
==== cold_run_journeys.aarons_death_retold sig ('case', 'data') (7225 chars) asks-in-source ['arad', 'by_the_mouth_kiss', 'moses_seventh_adar', 'no_write', 'the_age', 'the_date', 'the_era_new_year', 'the_eras_stamps', 'the_order', 'verbal_analogy']
def aarons_death_retold(case, data):
        del P[:]
        ask = case['ask']
        if ask == 'the_date':
            ink('33:38', '"in the fortieth year of the going out … in the fifth month, on the first of the month" — the ordinals %s and the day [%d] = %s; "in the fortieth year" %s; "in the fifth month" %s (the Torah\'s one)' % (ORDS[38], DAY_ONE, AARON_DATE, FORTIETH, FIFTH))
            move('cold_run_chuka

  journeys.aarons_death_retold({ask:arad})                       ("the Canaanite king of Arad heard (33:40) — 21:1's hearing alone, a run citation of the tape's line at (40, 5, 1); what he heard by CALL: that Aaron died and the clouds departed", ['accepted'])
  journeys.aarons_death_retold({ask:by_the_mouth_kiss})          ("by the mouth of the LORD at the death (33:38) — the kiss (Bava Batra 17a:3); the chukat runner's row death_by_the_kiss by CALL", ['accepted'])
  journeys.aarons_death_retold({ask:moses_seventh_adar})         ("Moses' seventh of Adar — computed backward from the tenth of Nisan (Kiddushin 38a:5-6); born and died the same day, a hundred and twenty exact (38a:7): Aaron's date the ink's, Moses' the shelf's", ['accepted'])
  journeys.aarons_death_retold({ask:no_write})                   ("no write for 33:38-40 — the death and the hearing are the tape's 20:28 and 21:1 lines, checkpointed, not rewritten", ['—'])
  journeys.aarons_death_retold({ask:the_age})                    ("Aaron 123 at his death (33:39) = Exodus 7:7's 83 + 40; Moses 120 = 80 + 40 — the brothers three years apart at both ends, the ink's checksum", ['accepted'])
  journeys.aarons_death_retold({ask:the_date})                   ("Aaron died on (40, 5, 1) (33:38) — the tape's marker at 20:28, built from this verse; the ordinal reader's year and month", ['accepted'])
  journeys.aarons_death_retold({ask:the_era_new_year})           ("the era's new year from the chapter's date — (40, 5, 1) and (40, 11, 1) in one year, (2, 1, 1) and (2, 2, 20) in one year on the Calendar: not Tishrei, not Iyar (Rosh Hashanah 2b:9, 3a:5)", ['accepted'])
  journeys.aarons_death_retold({ask:the_eras_stamps})            ("the era's three stamps — Exodus 19:1, Numbers 33:38, 1 Kings 6:1 (the 480th year): the shelf's own chain of proof (Rosh Hashanah 2b:7, 3a:11)", ['accepted'])
  journeys.aarons_death_retold({ask:the_order})                  ("the fortieth year's order — Aaron's death, Arad, the departure, Sihon: the tape's days in the shelf's order (Rosh Hashanah 2b:13)", ['accepted'])
  journeys.aarons_death_retold({ask:verbal_analogy})             ("the fortieth year / the fortieth year — Deuteronomy 1:3's bare date counted from the exodus by the verbal analogy with 33:38 (Rosh Hashanah 2b:11, taught); the two date readers meet", ['accepted'])
==== cold_run_chukat.edom_and_hor sig ('case', 'data') (5092 chars) asks-in-source ['aaron_age', 'arad_heard', 'death_dates', 'edom_passage', 'firstfruits_clauses', 'messengers_word', 'moserah', 'seder_olam_walk', 'succession', 'thirty_days', 'two_messages', 'two_mount_hors']
def edom_and_hor(case, data):
        del P[:]
        ask = case['ask']
        if ask == 'arad_heard':
            ink('20:29; 21:1; 33:40', '"and all the congregation SAW that Aaron was dead" — "the Canaanite king of Arad heard"')
            dat('the row arad_heard: %s' % data['arad_heard']['value'])
            return out('Arad heard that Aaron died and the clouds departed (Rosh Hashanah 3a; Taanit 9a) — the attack 

  chukat.edom_and_hor({ask:aaron_age})                           ('Aaron 123 at his death (33:39 — [123])', ['—'])
  chukat.edom_and_hor({ask:arad_heard})                          ('Arad heard that Aaron died and the clouds departed (Rosh Hashanah 3a; Taanit 9a) — the attack during the mourning', ['—'])
  chukat.edom_and_hor({ask:death_dates})                         ('Aaron (40, 5, 1) by the ink, aged 123; Miriam the tenth of Nisan by the shelf; Moses the seventh of Adar (33:38-39; Seder Olam 10:2)', ['—'])
  chukat.edom_and_hor({ask:edom_passage})                        ("Edom refused twice and Israel turned away (20:18-21); Deut 2:28-29's purchase the other arm — DISPUTE", ['refused'])
  chukat.edom_and_hor({ask:firstfruits_clauses})                 ('the firstfruits declaration\'s clauses in the Edom letter — "and we cried to the LORD" at Num 20:16 and Deut 26:7 alone', ['plea_made'])
  chukat.edom_and_hor({ask:messengers_word})                     ("one noun, two translations — envoys for Moses' men, the angel for the LORD's (20:14, 20:16)", ['—'])
  chukat.edom_and_hor({ask:moserah})                             ("Moserah — the retreat of seven stations after Arad's attack, the mourning renewed there (Seder Olam 9:2); the death at Mount Hor (20:28)", ['—'])
  chukat.edom_and_hor({ask:seder_olam_walk})                     ("the fortieth year's walk: (40, 1, 1) the arrival, three months at Kadesh, Aaron's death, the retreat to Moserah, the daughters after the conquest (Seder Olam 9:2)", ['—'])
  chukat.edom_and_hor({ask:succession})                          ('the garments to Eleazar and the office with them — Exod 29:29-30 run at Mount Hor (20:26-28)', ['garments_transferred', 'invested_office', 'gathered_to_his_people'])
  chukat.edom_and_hor({ask:thirty_days})                         ("thirty days' weeping by all the house of Israel — a timer due (40, 6, 1) (20:29; Deut 34:8 Moses' thirty)", ['—'])
  chukat.edom_and_hor({ask:two_messages})                        ('thirteen tokens shared between the Edom and Sihon messages (20:17; 21:22 — computed)', ['—'])
  chukat.edom_and_hor({ask:two_mount_hors})                      ("two Mount Hors — Aaron's at Edom's border, the northern border's (34:7-8)", ['—'])
==== cold_run_bamidbar.kohath sig ('case', 'data') (3432 chars) asks-in-source ['bread', 'cut_not_off', 'death_clauses', 'kasva', 'layers', 'not_to_see', 'order', 'tachash', 'vessel_in_vessel', 'vessels_sanctified']
def kohath(case, data):
        del P[:]
        ask = case['ask']
        if ask == 'order':
            ink('4:5', '"Aaron and his sons shall come in when the camp journeys and take down the veil of the screen and cover with it the ark"'); ink('4:15', '"Aaron and his sons shall finish covering the holy... and AFTER THAT the sons of Kohath shall come to carry"')
            return out('the priests cover, then the Ko

  bamidbar.kohath({ask:bread})                                   ('never without bread (the first teacher)', ['charge_kept'])
  bamidbar.kohath({ask:cut_not_off})                             ('the leaders assign each man his load', ['commanded'])
  bamidbar.kohath({ask:death_clauses})                           ('three: touch, approach unassigned, see', ['charge_kept'])
  bamidbar.kohath({ask:kasva})                                   ('zealots strike him', ['put_to_death'])
  bamidbar.kohath({ask:layers})                                  ('blue outside only the ark; the bronze altar ashed and purple; the rest hide-outermost', ['charge_kept'])
  bamidbar.kohath({ask:not_to_see})                              ('even the Levites, at the packing', ['charge_kept'])
  bamidbar.kohath({ask:order})                                   ('the priests cover, then the Kohathites carry', ['charge_kept'])
  bamidbar.kohath({ask:tachash})                                 ('a creature unto itself (R. Meir)', ['charge_kept'])
  bamidbar.kohath({ask:vessel_in_vessel})                        ('proper', ['charge_kept'])
  bamidbar.kohath({ask:vessels_sanctified})                      ('by service, for the generations', ['charge_kept'])
==== cold_run_bamidbar.levites sig ('case', 'data') (7772 chars) asks-in-source ['age', 'delta', 'excess', 'generations', 'houses', 'human_firstborn', 'means', 'money', 'no_sons', 'one_lamb', 'owner', 'partner', 'rate', 'substitution', 'two_heads', 'wilderness_sanctity']
def levites(case, data):
        del P[:]
        ask = case['ask']
        if ask == 'houses':
            ink('3:22, 3:28, 3:34', 'Gershon %d, Kohath %d, Merari %d — each from its own numerals' % (HOUSES['gershon'], HOUSES['kohath'], HOUSES['merari']))
            return out('%d + %d + %d = %d' % (HOUSES['gershon'], HOUSES['kohath'], HOUSES['merari'], sum(HOUSES.values())), ['counted'])
        if ask == 'delta':
         

  bamidbar.levites({ask:age})                                    ('after thirty days', ['pays'])
  bamidbar.levites({ask:delta})                                  ('delta 300: firstborn Levites, who redeem no one', ['counted'])
  bamidbar.levites({ask:excess})                                 ('22273 - 22000 = 273', ['counted'])
  bamidbar.levites({ask:generations})                            ('Moses taught them: called by his name', ['counted'])
  bamidbar.levites({ask:houses})                                 ('7500 + 8600 + 6200 = 22300', ['counted'])
  bamidbar.levites({ask:human_firstborn})                        ('redeem (five sela — fetched constant)', ['consecrated_firstborn', 'pays'])
  bamidbar.levites({ask:means})                                  "RAISED KeyError: 'means'"
  bamidbar.levites({ask:money})                                  ('273 x 5 = 1365 to Aaron and his sons', ['redeemed', 'pays'])
  bamidbar.levites({ask:no_sons})                                ('the sonlessness as the cause', ['exempt'])
  bamidbar.levites({ask:one_lamb})                               ('one lamb for many donkeys', ['exempt'])
  bamidbar.levites({ask:owner})                                  "RAISED KeyError: 'owner'"
  bamidbar.levites({ask:partner})                                ('exempt — a gentile partner', ['exempt'])
  bamidbar.levites({ask:rate})                                   ("five shekels per skull; twenty gerah the shekel (the sela of twenty ma'ah)", ['pays'])
  bamidbar.levites({ask:substitution})                           ("the Levites instead of the firstborn; the ground the plague's night", ['substituted_for_the_firstborn'])
  bamidbar.levites({ask:two_heads})                              ('ten sela — by the skull', ['pays'])
  bamidbar.levites({ask:wilderness_sanctity})                    ('sanctified and remained (R. Yochanan)', ['consecrated_firstborn'])
==== cold_run_beha.march sig ('case', 'data') (6272 chars) asks-in-source ['ark_bearers', 'cloud_and_trumpets', 'clouds', 'date', 'day_stack', 'eighty_five', 'hobab', 'jethro_at_sinai', 'levites_places', 'order', 'princes_order', 'sanctuary_name', 'shekhinah_minimum', 'signs', 'spy_verb', 'three_days', 'year_turns']
def march(case, data):
        del P[:]
        ask = case['ask']
        if ask == 'date':
            ink('10:11', '"in the second year, in the second month, on the twentieth of the month" — ordinals %s, the day %s' % (DATE_ORD, DATE))
            move('Rosh Hashanah 3a:5; Taanit 29a:2', 'Nisan and Iyar in one year — the year does not turn in Iyar; the day-stack opens')
            return out('(2, 2, 20) — the twentiet

  beha.march({ask:ark_bearers})                                  ('four bearers (two plurals)', ['charge_kept'])
  beha.march({ask:cloud_and_trumpets})                           ('both kept — the cloud and the trumpets', ['arrayed_by_banners'])
  beha.march({ask:clouds})                                       ('seven clouds (Sifrei); 13 / 4 / 2 the other settings', ['arrayed_by_banners'])
  beha.march({ask:date})                                         ('(2, 2, 20) — the twentieth of Iyar, year two; the year does not turn in Iyar', ['arrayed_by_banners'])
  beha.march({ask:day_stack})                                    ('the march (2, 2, 20); the three days to the twenty-third; Hazeroth on the twenty-second of Sivan; Paran on the twenty-ninth', ['arrayed_by_banners'])
  beha.march({ask:eighty_five})                                  ('85 letters — the measure of a scroll (Mishnah Yadayim 3:5)', ['arrayed_by_banners'])
  beha.march({ask:hobab})                                        ('asked, refused, asked again — the answer not in the ink (Judg 1:16)', ['plea_made'])
  beha.march({ask:jethro_at_sinai})                              ('before the giving (R. Yehoshua); after (R. Elazar HaModai)', ['plea_made'])
  beha.march({ask:levites_places})                               ('Gershon and Merari after Judah bearing the tabernacle; Kohath after Reuben bearing the sanctuary — set up before their coming', ['charge_kept'])
  beha.march({ask:order})                                        ('judah, reuben, the tent in the midst, ephraim, dan — as they camp so they journey', ['arrayed_by_banners'])
  beha.march({ask:princes_order})                                ("the camp's order a third time — 2 = 7 = 10", ['arrayed_by_banners'])
  beha.march({ask:sanctuary_name})                               ("10:21's sanctuary is the ark and the vessels; the Tabernacle's name from Exod 25:8", ['charge_kept'])
  beha.march({ask:shekhinah_minimum})                            ("22,000 — the plurals' minimum (the shelf's datum; no numeral on the ink)", ['arrayed_by_banners'])
  beha.march({ask:signs})                                        ('a book in itself (Rebbi) / to separate the two punishments (R. Shimon b. Gamliel)', ['arrayed_by_banners'])
  beha.march({ask:spy_verb})                                     ("the ark's verb is the spies' verb — eight seats", ['journey_of_three_days'])
  beha.march({ask:three_days})                                   ("three days' journey — the timer; that very day they turned (the first punishment)", ['journey_of_three_days'])
  beha.march({ask:year_turns})                                   ('not in Iyar — Nisan and Iyar in one year', ['arrayed_by_banners'])
==== cold_run_beha.levites_rite sig ('case', 'data') (7352 chars) asks-in-source ['a_fortiori_refused', 'after_fifty', 'age', 'ages', 'bull_age', 'bulls', 'bulls_order', 'chiasm', 'chronicles', 'day_spoken', 'firstborn_ground', 'fitness', 'five_times', 'given', 'hands_laid', 'purification', 'razor', 'sin_offering_eaten', 'song', 'waved_bodies', 'wavings']
def levites_rite(case, data):
        del P[:]
        ask = case['ask']
        if ask == 'purification':
            ink('8:7', '"sprinkle the water of purification on them, and they shall pass a razor over all their flesh and wash their garments"')
            c = CK.corpse_tumah({'ask': 'sprinkling_water'}, CK.DATA)                                                    # THE CALL (was: the heifer OWED FORWARD — paid

  beha.levites_rite({ask:a_fortiori_refused})                    ("'this' caps the inference: blemishes do not disqualify Levites; years do not disqualify priests", ['appointed_to_serve'])
  beha.levites_rite({ask:after_fifty})                           ('keeps the charge, no service — the gates and the wagons', ['charge_kept'])
  beha.levites_rite({ask:age})                                   ('25 to learn, 30 to serve, 50 to return; 20 in the Temple', ['charge_kept'])
  beha.levites_rite({ask:ages})                                  ('25 learn, 30 serve, 50 return', ['appointed_to_serve'])
  beha.levites_rite({ask:bull_age})                              ('up to three years (the Sages); two (R. Yosei HaGelili); five (R. Meir)', ['accepted'])
  beha.levites_rite({ask:bulls})                                 ('two bulls — a sin offering and a burnt offering with its meal offering', ['commanded'])
  beha.levites_rite({ask:bulls_order})                           ("the sin offering's blood first, its portions after the burnt offering's limbs", ['accepted'])
  beha.levites_rite({ask:chiasm})                                ('years disqualify Levites, blemishes priests', ['appointed_to_serve'])
  beha.levites_rite({ask:chronicles})                            ('twenty — no more carrying: the run re-sets the spec', ['charge_kept'])
  beha.levites_rite({ask:day_spoken})                            ('the first of Nisan by R. Levi', ['commanded'])
  beha.levites_rite({ask:firstborn_ground})                      ('the wilderness seat of the firstborn (8:17); the Levites for the firstborn', ['given_to_aaron'])
  beha.levites_rite({ask:fitness})                               ('fit — a blemish does not disqualify a Levite', ['appointed_to_serve'])
  beha.levites_rite({ask:five_times})                            ('5 times in 8:19', ['given_to_aaron'])
  beha.levites_rite({ask:given})                                 ("'given, given' doubled at 3:9 and 8:16", ['given_to_aaron'])
  beha.levites_rite({ask:hands_laid})                            ('twice — Israel on the Levites, the Levites on the bulls', ['commanded'])
  beha.levites_rite({ask:purification})                          ('sprinkled with the water of purification, a razor over all the flesh, the garments washed', ['commanded'])
  beha.levites_rite({ask:razor})                                 ('a razor over all the flesh; two hairs left = nothing', ['commanded'])
  beha.levites_rite({ask:sin_offering_eaten})                    ('not eaten — second to and like the burnt offering', ['accepted'])
  beha.levites_rite({ask:song})                                  ('the song indispensable (R. Meir); twelve Levites the floor', ['appointed_to_serve'])
  beha.levites_rite({ask:waved_bodies})                          ('a live wave offering — the Levites waved by Aaron', ['waved'])
  beha.levites_rite({ask:wavings})                               ('three in the spec, one in the run', ['waved'])
==== cold_run_korach.the_watch sig ('case', 'data') (7865 chars) asks-in-source ['fence', 'genealogy_chamber', 'given_to_the_lord', 'iniquity_of_the_priesthood', 'iniquity_of_the_sanctuary', 'lots', 'no_more_wrath', 'service_of_gift', 'song', 'stranger_death', 'stranger_death_scope', 'stranger_warning', 'washing_hands', 'watch_places', 'watch_stories', 'why_reiterate']
def the_watch(case, data):
        del P[:]
        ask = case['ask']
        if ask == 'iniquity_of_the_sanctuary':
            ink('18:1', '"you and your sons and your father\'s house with you shall bear the iniquity of the sanctuary" — the LORD to Aaron alone (five Torah seats, three here)'); move('Sifrei Bamidbar 116:1 (R. Yoshiyah)', "the priests' mishandled offerings"); move('CALLED cold_run_tzav.dues_machi

  korach.the_watch({ask:fence})                                  ("both they and you — the priests not the Levites' work, the Levites not the priests' (18:3; Sifrei 116:1; Arakhin 11b)", ['watch_owed'])
  korach.the_watch({ask:genealogy_chamber})                      ('within the veil — the chamber of hewn stone judges the priesthood: black and white (Mishnah Middot 5:4; Sifrei 116:2)', ['—'])
  korach.the_watch({ask:given_to_the_lord})                      ('a gift, given to the LORD (18:6) — to the LORD, not to the priests (Sifrei 116:2); the third form (3:9, 8:16)', ['—'])
  korach.the_watch({ask:iniquity_of_the_priesthood})             ('keeping strangers out (Sifrei 116:1)', ['—'])
  korach.the_watch({ask:iniquity_of_the_sanctuary})              ("the priests' mishandled offerings (Sifrei 116:1 — R. Yoshiyah); Eli's sons the recorded violation (tzav CALLED)", ['—'])
  korach.the_watch({ask:lots})                                   ('four lotteries — the ashes, the thirteen, the incense, the limbs (Mishnah Yoma 2:1-4); nine to twelve priests (2:5); the ram eleven, the bull twenty-four (2:6-7)', ['—'])
  korach.the_watch({ask:no_more_wrath})                          ("18:5 = 1:53's clause with one token added — no MORE wrath (computed); the four no-mores each paid by a prior event (Sifrei 116:1)", ['watch_owed'])
  korach.the_watch({ask:service_of_gift})                        ('a service of gift — the lots (Mishnah Yoma 2:1-2: four lotteries); eating terumah in the provinces equated (Pesachim 73a; Sifrei 116:2)', ['—'])
  korach.the_watch({ask:song})                                   ("the Levites' altar-service is the song — neither they nor you (Arakhin 11b; Sifrei 116:1)", ['watch_owed'])
  korach.the_watch({ask:stranger_death})                         ("death by Heaven — the Rabbis; R. Akiva: strangulation (Mishnah Sanhedrin 9:6; Sanhedrin 83b, 84a) — Bamidbar's row zar_who_served by CALL: death_by_heaven", ['death_by_heaven'])
  korach.the_watch({ask:stranger_death_scope})                   ('a service of giving and complete — not removal, not slaughter; within the veil the giving services (Yoma 24a-b, 27a); only for a service, even in purity (Sifrei 116:2)', ['—'])
  korach.the_watch({ask:stranger_warning})                       ('18:4 the warning — a stranger shall not come near to you (Zevachim 16a; Sifrei 116:1)', ['stranger_barred'])
  korach.the_watch({ask:washing_hands})                          ('the washing of the hands scriptural (Sifrei 116:2; Chullin 106a)', ['—'])
  korach.the_watch({ask:watch_places})                           ('3 and 21 — the priests in three places, the Levites in twenty-one (Mishnah Middot 1:1; Tamid 1:1); the sleeping watchman beaten (Middot 1:2)', ['watch_owed'])
  korach.the_watch({ask:watch_stories})                          ('the priests above, the Levites below (Tamid 26b; Mishnah Middot 1:5); the priest locks within, the Levite sleeps outside (Middot 1:9)', ['watch_owed'])
  korach.the_watch({ask:why_reiterate})                          ('because Korach came, Scripture reiterated the exhortation (Sifrei 116:1 — Rebbi)', ['—'])
==== cold_run_korach.the_tithe sig ('case', 'data') (18916 chars) asks-in-source ['agent', 'agent_gentile', 'as_wages', 'bought_from_gentile', 'confession', 'estimate', 'every_place', 'exclusion_table', 'from_it', 'gentile_tithe', 'household_deputes', 'impure_for_pure', 'inferior_for_superior', 'israelite_benefit_from_terumah', 'kind_for_kind', 'levite_he', 'levite_preceded', 'liable_produce', 'mourner', 'no_inheritance', 'one_in_a_hundred', 'partners', 'pointer_paid', 'recipients', 'removal', 'so_you_too', 'terumah_measure', 'terumah_status', 'the_best', 'third_year', 'thresholds', 'tithe_of_the_tithe', 'tithe_recipient', 'tithe_terumah_betrothal', 'tithe_to_foreigners', 'tithe_to_levites', 'wage', 'what_remains_common', 'who_separates', 'who_separates_tithe_terumah', 'wrong_order', 'you_shall_not_die']
def the_tithe(case, data):
        del P[:]
        ask = case['ask']
        if ask == 'no_inheritance':
            ink('18:20', '"in their land you shall not inherit, and you shall have no portion among them; I am your portion and your inheritance"'); move('Onkelos Num 18:20', 'the gifts I have given you, they are your portion'); ink('18:23-24', '"among the children of Israel they shall inherit no inheritance"

  korach.the_tithe({ask:agent})                                  ("you also — an agent, with the owner's knowledge; by the owner's mind, else 1/50; not partners, sharecroppers, stewards; a gentile no (Bava Metzia 22a, 71b; Kiddushin 41b; Gittin 23b, 52a; Mishnah Terumot 4:4)", ['—'])
  korach.the_tithe({ask:agent_gentile})                          ('a gentile cannot separate terumah even as an agent — members of the covenant (Bava Metzia 71b; Gittin 23b)', ['—'])
  korach.the_tithe({ask:as_wages})                               ('forbidden, desecrated — that you shall not die (Bekhorot 26b)', ['—'])
  korach.the_tithe({ask:bought_from_gentile})                    ("bought from a gentile in smoothed piles — exempt from the tithe's terumah (Bekhorot 11b)", ['—'])
  korach.the_tithe({ask:confession})                             ("given to the Levite = the first tithe; also given = terumah and the tithe's terumah (Mishnah Ma'aser Sheni 5:10-11); Deut 26's run", ['—'])
  korach.the_tithe({ask:estimate})                               ("by estimate and by thought — your terumah plural, two terumot (Abba Elazar ben Gomel: Beitzah 13b; Bekhorot 58b-59a; Sifrei 121:1); never by measure (Mishnah Terumot 1:7); the tithes too (18:24's terumah)", ['—'])
  korach.the_tithe({ask:every_place})                            ("in every place — even a cemetery (Sifrei 122:1; Yevamot 86b — R. Akiva: excludes the priest); Deut 12:13's ban the Torah twin", ['—'])
  korach.the_tithe({ask:exclusion_table})                        ("priests (18:20), Levites (18:23), bondsmen and proselytes (26:55), the two of uncertain sex (26:54) — Sifrei 119:1; R. Meir: priests and Levites do not confess (Mishnah Ma'aser Sheni 5:14)", ['inheritance_barred'])
  korach.the_tithe({ask:from_it})                                ('from it — kind for its kind, rooted for rooted, new for new, not across the border (Sifrei 120:1; Mishnah Terumot 1:5); not the tithed tithe, not the exempt for the liable', ['—'])
  korach.the_tithe({ask:gentile_tithe})                          ("the tithe of the children of Israel — not gentiles' (Temurah 3a; Zevachim 45a); bought from a gentile in piles — exempt from the tithe's terumah (Bekhorot 11b)", ['—'])
  korach.the_tithe({ask:household_deputes})                      ('you and your household — the Israelite wife of a Levite may depute the separation (18:31; Yevamot 86a; Sifrei 122:1)', ['—'])
  korach.the_tithe({ask:impure_for_pure})                        ('not impure for pure — unwitting valid, intentional nothing (Mishnah Terumot 2:2); terumah by Torah law, the Sages penalized (Yevamot 89b)', ['—'])
  korach.the_tithe({ask:inferior_for_superior})                  ('valid terumah, a transgression that takes effect — you shall bear no sin (18:32; R. Ilai: Bava Batra 84b, 143a; Bava Metzia 56a; Kiddushin 46b; Temurah 5a); the impure for the pure likewise, penalized (Yevamot 89b; Terumot 2:2)', ['due_to_priest'])
  korach.the_tithe({ask:israelite_benefit_from_terumah})         ('your terumah — an Israelite may benefit (Pesachim 23a)', ['—'])
  korach.the_tithe({ask:kind_for_kind})                          ('not one kind for another — not terumah (Mishnah Terumot 2:4; Bekhorot 53b); the first part of them — each type its own (Bekhorot 54b; Temurah 5a)', ['—'])
  korach.the_tithe({ask:levite_he})                              ('the Levite — he: perforce, in sabbatical and jubilee years, no priest in his stead (Sifrei 119:5)', ['—'])
  korach.the_tithe({ask:levite_preceded})                        ("on the stalks — the tithe's terumah only; after the pile — the great terumah too (Berakhot 47a-b; Beitzah 13b; Eruvin 31b; Pesachim 35b; Shabbat 127b)", ['due_to_priest'])
  korach.the_tithe({ask:liable_produce})                         ("food, guarded, grown from the land (Mishnah Ma'aserot 1:1); the ripening signs (1:2-4)", ['—'])
  korach.the_tithe({ask:mourner})                                ("from it free for the mourner — the tithe and the paschal lamb (Sifrei 120:1; Pesachim 36a; Yevamot 73b); Mishnah Ma'aser Sheni 5:12", ['—'])
  korach.the_tithe({ask:no_inheritance})                         ('in their land you shall not inherit — I am your portion (18:20; Onkelos: the gifts I have given you); the Levites no inheritance (18:23-24); Deut 10:9, 18:2, Josh 13:14, Ezek 44:28', ['inheritance_barred'])
  korach.the_tithe({ask:one_in_a_hundred})                       ('neutralized in a hundred and one (Sifrei 121:1; Mishnah Terumot 4:7; Challah 1:9) — holiness_b CALLED: 101', ['—'])
  korach.the_tithe({ask:partners})                               ('partners liable — all your tithes (Chullin 136a); with a gentile exempt', ['—'])
  korach.the_tithe({ask:pointer_paid})                           ("15:20's as the terumah of the threshing floor is paid at 18:27's reckoned as the grain of the threshing floor (computed on the floor-word); the challah cell's as_terumah CALLS this cell", ['—'])
  korach.the_tithe({ask:recipients})                             ("the Levite, the priest (the tithe's terumah), the poor — Rabban Gamliel's ship (Mishnah Ma'aser Sheni 5:9)", ['—'])
  korach.the_tithe({ask:removal})                                ("the removal on Passover eve of the fourth and seventh years — the first tithe to the Levite (Mishnah Ma'aser Sheni 5:6); the recipients by office: Joshua the Levite, Elazar ben Azariah the priest (5:9)", ['—'])
  korach.the_tithe({ask:so_you_too})                             ('so you too — the priests separate too (Sifrei 121:1); the three a-fortioris', ['—'])
  korach.the_tithe({ask:terumah_measure})                        ("1/40, 1/50, 1/60 (Beit Shammai 1/30 — Mishnah Terumot 4:3); the floor: some must remain common (4:5 — naso's cell CALLED)", ['due_to_priest'])
  korach.the_tithe({ask:terumah_status})                         ("death and a fifth, forbidden to non-priests, the priest's property, nullified in a hundred and one, the hands, sunset, from the near and finished (Mishnah Challah 1:9)", ['due_to_priest'])
  korach.the_tithe({ask:the_best})                               ('from all its best (18:29-30, 18:32) — where a priest is, the best; where none, what lasts; the superior for the inferior, not the reverse (Mishnah Terumot 2:4, 2:6); a warning to take the choicest (Sifrei 122:1)', ['—'])
  korach.the_tithe({ask:third_year})                             ('the first tithe every year — juxtaposed to an inheritance (Rosh Hashanah 12b; Sifrei 119:5)', ['—'])
  korach.the_tithe({ask:thresholds})                             ("the pile evened, the wine skimmed, the oil dripped (Sifrei 121:1; Mishnah Ma'aserot 1:6-7); grain at the granary, olives and grapes at the house (Bava Metzia 88b); the processed for the processed (Terumot 1:10)", ['—'])
  korach.the_tithe({ask:tithe_of_the_tithe})                     ('1/100 — a tenth of the tenth (18:26; Menachot 54b; Neh 10:39)', ['terumah_of_the_tithe_owed'])
  korach.the_tithe({ask:tithe_recipient})                        ("the Levite (18:21, 18:26 — R. Akiva); the priest too — Ezra's penalty / the priests called Levites (R. Eliezer; Yevamot 86a-b)", ['tithe_granted'])
  korach.the_tithe({ask:tithe_terumah_betrothal})                ("betrothal with the tithe's terumah valid — no to the LORD written of it (Kiddushin 53a)", ['—'])
  korach.the_tithe({ask:tithe_to_foreigners})                    ('R. Meir: forbidden to non-Levites as terumah; the Rabbis permit (Yevamot 86a)', ['—'])
  korach.the_tithe({ask:tithe_to_levites})                       ('all the tithe in Israel — in exchange for their service (18:21): the Levite serves, the Levite takes; a Levite who refused one service has no portion (Sifrei 119:5, 122:1)', ['tithe_granted'])
  korach.the_tithe({ask:wage})                                   ('it is your wage in exchange for your service (18:31); terumah or tithe not given as wages to the assisting priests, Levites or poor (Bekhorot 26b)', ['tithe_granted'])
  korach.the_tithe({ask:what_remains_common})                    ("what remains is common, as the floor's grain after terumah (18:30; Sifrei 122:1)", ['—'])
  korach.the_tithe({ask:who_separates})                          ('not the deaf-mute, the imbecile, the minor, from what is not his, a gentile (Mishnah Terumot 1:1); the mute, the drunk, the naked, the blind — valid after the fact (1:6)', ['—'])
  korach.the_tithe({ask:who_separates_tithe_terumah})            ('the Levite, and the owner too (Gittin 30b)', ['—'])
  korach.the_tithe({ask:wrong_order})                            ('tithed in the wrong order — valid, rectified by the positive command, no lashes (Temurah 4b)', ['—'])
  korach.the_tithe({ask:you_shall_not_die})                      ("you shall not profane... and you shall not die (18:32) — the warning to Levites and Israelites both (Sifrei 122:1); the priests' words (Lev 8:35, 10:6-9)", ['—'])
==== cold_run_naso.blessing sig ('case', 'data') (4213 chars) asks-in-source ['counts', 'face_lifted', 'form', 'four_times', 'language', 'name', 'priests_blessed', 'quorum', 'three_commands', 'translated', 'who_blesses', 'who_is_blessed']
def blessing(case, data):
        del P[:]
        ask = case['ask']
        if ask == 'form':
            place = case['place']
            ink('6:23', '"THUS shall you bless the children of Israel; SAY to them"')
            move('Mishnah Sotah 7:6; Mishnah Tamid 7:2; Sotah 38a; Sifrei 39:1', 'in the Temple one blessing, the Name as written, the hands above the head (the High Priest not above the frontplate; R. Yehuda 

  naso.blessing({ask:counts})                                    ('3, 5, 7 words; 15, 20, 25 letters; the Name thrice', ['blessed_by_the_priests'])
  naso.blessing({ask:face_lifted})                               ('when they do His will (the Sifrei) / beyond the letter (Berakhot 20b) / before the sentence (Niddah 70b) — three reconciliations', ['blessed_by_the_priests'])
  naso.blessing({ask:form})                                      "RAISED KeyError: 'place'"
  naso.blessing({ask:four_times})                                ('the four daily times (Taanit 26b)', ['blessed_by_the_priests'])
  naso.blessing({ask:language})                                  ('the holy tongue (so/so)', ['blessed_by_the_priests'])
  naso.blessing({ask:name})                                      ('the Name in the Temple, the substitute in the province', ['blessed_by_the_priests'])
  naso.blessing({ask:priests_blessed})                           ('by Heaven (I will bless them)', ['blessed_by_the_priests'])
  naso.blessing({ask:quorum})                                    ('ten', ['blessed_by_the_priests'])
  naso.blessing({ask:three_commands})                            ('so you shall bless; say to them; put My name', ['blessed_by_the_priests'])
  naso.blessing({ask:translated})                                ('read, not translated', ['blessed_by_the_priests'])
  naso.blessing({ask:who_blesses})                               "RAISED KeyError: 'who'"
  naso.blessing({ask:who_is_blessed})                            ('all Israel — converts, women, freed slaves', ['blessed_by_the_priests'])
==== cold_run_joseph.seventy sig ('q',) (3573 chars) asks-in-source ['diverge', 'exodus_seventy', 'firstborn_kept', 'inheritance_sheet', 'jochebed', 'leah_living_named', 'names_by_register', 'seventy', 'sixty_six', 'sixty_six_arithmetic', 'sixty_six_cups', 'subtotals_parsed', 'subtotals_sum']
def seventy(q):
        if q == 'subtotals_parsed': return cell(tuple(_subtotal(vs) for vs in (15, 18, 22, 25)), I, "the registers' sub-totals parsed from 46:15, 46:18, 46:22, 46:25 by _subtotal(): thirty-three, sixteen, fourteen, seven", ['souls_counted'])
        if q == 'subtotals_sum': return cell(sum(_subtotal(vs) for vs in (15, 18, 22, 25)), I, "33 + 16 + 14 + 7 = 70 — the ink's sub-totals meet 46:2

  joseph.seventy('diverge')                                      {'v': 'DIVERGE_leah_33_vs_32_living', 'p': 'INK', 'why': "CJ3: the sub-total says thirty-three, the living names count thirty-two (thirty-four with the dead) — the seventy's missing one, filed OPEN (8m); five answers on the shelf, none the ink's", 'fx': ['souls_counted']}
  joseph.seventy('exodus_seventy')                               {'v': 70, 'p': 'INK', 'why': "'and all the souls that came out of the loins of Jacob were seventy souls' (Exod 1:5, שבעים — seventy) — the exodus story's count PARSED by the numeral map over the verse's words (the first typing returned the literal behind a presence check — corrected at the sitting's review), equal to 46:27's (CJ11); Deut 10:22 'with seventy 
  joseph.seventy('firstborn_kept')                               {'v': 'reuben_first', 'p': 'INK', 'why': "'Reuben, Jacob's firstborn' (46:8) — the census keeps the firstborn's place after 35:22 (the family's firstborn_by_the_head at 29:32, S3); the FALSE edge to the paschal firstborn", 'fx': ['souls_counted']}
  joseph.seventy('inheritance_sheet')                            {'v': 'son_before_daughter', 'p': 'ANSWER-SHEET', 'why': "Mishnah Bava Batra 8:2 — the order of inheritance: 'if a man die and have no son' (Num 27:8) — the son precedes the daughter; the census's registers read against the row (the family engine's own answer sheet)", 'fx': ['souls_counted']}
  joseph.seventy('jochebed')                                     {'v': 'jochebed_born_between_the_walls', 'p': 'MOVE', 'why': "Bava Batra 123b:1 — R. Chama bar Chanina: this is Jochebed, conceived on the way and born between the walls, 'whom she bore to Levi in Egypt' (Num 26:59) — the tradition's first answer to the missing one", 'fx': ['souls_counted']}
  joseph.seventy('leah_living_named')                            {'v': 32, 'p': 'INK', 'why': "'and Er and Onan died in the land of Canaan' (46:12) — Leah's 34 names less the two dead = 32 living named against the verse's thirty-three (46:15)", 'fx': ['souls_counted']}
  joseph.seventy('names_by_register')                            {'v': (34, 16, 14, 7), 'p': 'INK', 'why': 'the names counted per register, every name verified in its verse by the probes: Leah 34 (Er and Onan among them), Zilpah 16, Rachel 14, Bilhah 7', 'fx': ['souls_counted']}
  joseph.seventy('seventy')                                      {'v': 70, 'p': 'INK', 'why': "'all the souls of the house of Jacob that came into Egypt were seventy' (46:27) — parsed", 'fx': ['souls_counted']}
  joseph.seventy('sixty_six')                                    {'v': 66, 'p': 'INK', 'why': "'all the souls ... that came out of his loins, besides the wives of Jacob's sons, all the souls were sixty-six' (46:26) — parsed", 'fx': ['souls_counted']}
  joseph.seventy('sixty_six_arithmetic')                         {'v': 66, 'p': 'INK', 'why': "seventy less Joseph, less his two sons born in Egypt (46:27), less Jacob himself = sixty-six: the ink's own arithmetic (CJ4)", 'fx': ['souls_counted']}
  joseph.seventy('sixty_six_cups')                               {'v': 'sixty_six_and_three_counted_seventy', 'p': 'MOVE', 'why': "Bereshit Rabbah 94:9 — R. Levi in R. Shmuel bar Nachman's name: have you ever seen a man give his fellow sixty-six cups, and then give him three more, and he counts them seventy? — the row's own arithmetic of the seventieth", 'fx': ['souls_counted']}
  joseph.seventy('subtotals_parsed')                             {'v': (33, 16, 14, 7), 'p': 'INK', 'why': "the registers' sub-totals parsed from 46:15, 46:18, 46:22, 46:25 by _subtotal(): thirty-three, sixteen, fourteen, seven", 'fx': ['souls_counted']}
  joseph.seventy('subtotals_sum')                                {'v': 70, 'p': 'INK', 'why': "33 + 16 + 14 + 7 = 70 — the ink's sub-totals meet 46:27's seventy (CJ3 MATCH on the sub-totals)", 'fx': ['souls_counted']}
==== cold_run_joseph.the_seventy sig ('q',) (3073 chars) asks-in-source ['brought_up_closed_on_tape', 'carried_after_the_act', 'god_of_isaac', 'hand_on_eyes_closed', 'judah_ahead', 'night_visions', 'sacrifices_by_call', 'sacrifices_reading', 'shepherds_abomination', 'wept_more']
def the_seventy(q):
        if q == 'sacrifices_by_call': return cell(OF.dispatch('shelamim')['place']['v'], P, "CALLED cold_run_offerings.dispatch('shelamim') -> the peace offering's place [IMPORT, live]: 'and he sacrificed sacrifices to the God of his father Isaac' (46:1) — the kin's sacrifice, the peace offering's shape before its law (31:54's the same, S3)", ['sacrifice_offered'])
        if q == 'sac

  joseph.the_seventy('brought_up_closed_on_tape')                {'v': 'Gen 50:13', 'p': 'INK', 'why': "'I will surely bring you up' (46:4) — brought_up_promised closed on the tape at the family engine's burial (50:13) by seat, nothing on the bare scene (CJ7)", 'fx': ['brought_up_promised']}
  joseph.the_seventy('carried_after_the_act')                    {'v': 'after_the_act', 'p': 'MOVE', 'why': "Chullin 101b:9 — Rava objects: 'and the sons of Israel carried Jacob their father' (46:5) — after the act (the sinew's ban stated 'the children of Israel do not eat', 32:33, after the sons are so called: the family's statute dated by this verse)", 'fx': ['came_to_egypt']}
  joseph.the_seventy('god_of_isaac')                             {'v': 'isaacs_god_named', 'p': 'INK', 'why': "'to the God of his father Isaac' (46:1) — Isaac named, not Abraham (the frozen unit's read: the father's God at the father's well, Beersheba 26:25)", 'fx': ['sacrifice_offered']}
  joseph.the_seventy('hand_on_eyes_closed')                      {'v': 'Gen 50:1', 'p': 'INK', 'why': "'and Joseph fell on his father's face' (50:1) — josephs_hand_on_the_eyes (46:4) closed on the scene at the death", 'fx': ['josephs_hand_on_the_eyes']}
  joseph.the_seventy('judah_ahead')                              {'v': 'sent_ahead_to_goshen', 'p': 'INK', 'why': "'and he sent Judah before him to Joseph, to show the way before him to Goshen' (46:28) — judah_sent_ahead", 'fx': ['judah_sent_ahead']}
  joseph.the_seventy('night_visions')                            {'v': 4, 'p': 'INK', 'why': "'fear not to go down to Egypt' (46:3), 'I will make of you a great nation there', 'I will go down with you ... and I will surely bring you up' (46:4), 'and Joseph shall put his hand on your eyes' — four HEAVEN entries from one vision: fear_not_promised, great_nation_promised, brought_up_promised, josephs_hand_on_the_eyes", 'fx': 
  joseph.the_seventy('sacrifices_by_call')                       {'v': 'anywhere_courtyard', 'p': 'IMPORT', 'why': "CALLED cold_run_offerings.dispatch('shelamim') -> the peace offering's place [IMPORT, live]: 'and he sacrificed sacrifices to the God of his father Isaac' (46:1) — the kin's sacrifice, the peace offering's shape before its law (31:54's the same, S3)", 'fx': ['sacrifice_offered']}
  joseph.the_seventy('sacrifices_reading')                       {'v': 'found_with_bar_kapparas_nephew', 'p': 'MOVE', 'why': "Bereshit Rabbah 94:5 — 'and he sacrificed sacrifices to the God of his father Isaac' (46:1): R. Yehoshua ben Levi — I went round to all the masters of the lore (aggadah — the non-legal teaching) in the south that they tell me this verse, and none told me until I stood with Yehuda ben Pedaya, the ne
  joseph.the_seventy('shepherds_abomination')                    {'v': 'every_shepherd', 'p': 'INK', 'why': "'for every shepherd is an abomination to the Egyptians' (46:34) — the audience prepared on it; shepherds_abhorred a status, the ground of Goshen", 'fx': ['shepherds_abhorred', 'audience_prepared']}
  joseph.the_seventy('wept_more')                                {'v': 'wept_on_his_neck_more', 'p': 'INK', 'why': "'and he fell on his neck, and wept on his neck a good while' (46:29, עוד) — wept; 'now let me die, since I have seen your face' (46:30) let_me_die_said", 'fx': ['wept', 'let_me_die_said']}
==== OS cells: ['NF', 'dat', 'hyp', 'ink', 'law_opening_speech', 'lemma_seats', 'move', 'narrative', 'out', 'rb', 'scene', 'seats', 'sihon_and_og', 'strip', 'the_bypass', 'the_commission', 'the_east_and_the_charges', 'the_frame', 'the_officers_and_the_judges', 'the_plea', 'the_spies_read_back', 'tok', 'verse_text', 'words']
==== cold_run_opening_speech.law_opening_speech sig ('event', 'world') (15970 chars) asks-in-source []
def law_opening_speech(event, world):
        """Deut 1:1-3:29 with Num 27:12-23 (cold_run_opening_speech.py F0-F7). given_at Deut 1:16; installed_by boot — A LAW IN MOSES' VOICE WITH NO
        DIVINE FRAME (the vows' class; the class named in the registry, the second pass decides). SIXTEEN TAPE LINES: the commission's four (Num
        27:12-23 — a debit on Moses OPEN to Deuteronomy 34, the shepherd's plea,

==== cold_run_opening_speech.narrative sig () (5297 chars) asks-in-source []
def narrative():
        """THE DEUTERONOMY WALK 1b (2026-09-15): the span's own acts AS HISTORY — the commission's four lines at the counter's day (40, 6, 1) after
        the daughters' four; the FORWARD marker at Deut 1:1 (40, 11, 1) and the frame's line; the RETROGRADE markers at 1:6 (2, 2, 20), 1:9 (the court's
        founding day) and 2:2 (40, 6, 1) with the eleven supplied lines dated by them — on a w

==== cold_run_opening_speech.the_bypass sig ('case', 'data') (10112 chars) asks-in-source ['ammon', 'esau', 'forty_years_lacking_nothing', 'harassing_permitted', 'moab', 'sihon_commanded', 'the_avvim', 'the_emim', 'the_men_of_war_consumed', 'the_route', 'the_speech_resumed', 'the_turn', 'the_zered']
def the_bypass(case, data):
        del P[:]
        ask = case['ask']
        if ask == 'the_turn':
            ink('2:1-3', '"we turned and journeyed by the way of the Red Sea … we compassed Mount Seir many days; the LORD said to me: you have compassed this mountain long enough; turn you northward" — %s, %s, %s one seat each' % (COMPASSED_SEIR, LONG_ENOUGH_MOUNTAIN, TURN_NORTH))
            move('cold_run_chukat (C

  opening_speech.the_bypass({ask:ammon})                         ("Ammon (2:17-19) — contending_barred and land_granted on the sons of Ammon: not even harassed (Bava Kamma 38b:6); 21:24's strong border the bar's reason (CK.DATA by CALL); the one new party", ['contending_barred', 'land_granted'])
  opening_speech.the_bypass({ask:esau})                          ('Esau (2:4-8) — contending_barred and land_granted (Mount Seir) on Edom: the bar and the grant told only here (Kiddushin 18a:2; JS by CALL); the purchase a permission', ['contending_barred', 'land_granted'])
  opening_speech.the_bypass({ask:forty_years_lacking_nothing})   ("forty years lacking nothing (2:7) — [40]: the manna's forty years (ES by CALL; Exodus 16:35)", ['accepted'])
  opening_speech.the_bypass({ask:harassing_permitted})           ("harassing Moab — permitted, battle forbidden (Horayot 10b:19): exempt from the bar's reach; Ammon's bar reaches further", ['exempt'])
  opening_speech.the_bypass({ask:moab})                          ("Moab (2:9) — contending_barred and land_granted (Ar) on the Moabites: the bar the a fortiori needed (Bava Kamma 38a:16; BK by CALL); Lot's elder daughter's people (MM by CALL)", ['contending_barred', 'land_granted'])
  opening_speech.the_bypass({ask:sihon_commanded})               ("Sihon commanded (2:24-25) — told only here: commanded on Israel, CLOSED by the prior run Num 21:24-25; the dread's row the sun for Moses (Avodah Zarah 25a; Taanit 20a): DATA", ['commanded'])
  opening_speech.the_bypass({ask:the_avvim})                     ("the Avvim (2:20-23) — the Caphtorim's dispossession, Genesis 10:14's people (Chullin 60b:11): the dispossessions DATA", ['accepted'])
  opening_speech.the_bypass({ask:the_emim})                      ("the Emim and the Horites (2:10-12) — Genesis 14:5-6's peoples (PR and JS by CALL); 'as Israel did' the ink's pattern of title: the dispossessions DATA", ['accepted'])
  opening_speech.the_bypass({ask:the_men_of_war_consumed})       ("the men of war consumed (2:14-16) — the decree's timer FIRED at (40, 5, 9) read; the dying ceased (40, 5, 15) by CALL (Taanit 30b:12)", ['accepted'])
  opening_speech.the_bypass({ask:the_route})                     ("the route (2:8) — Elath and Ezion-geber, the way of Moab's wilderness: the itinerary's stations by CALL; 21:4's Red Sea way the same road", ['accepted'])
  opening_speech.the_bypass({ask:the_speech_resumed})            ("the speech resumed (2:17) — 'SPOKE to me' the Bible's one seat: only after the last of that generation (Bava Batra 121b:1)", ['accepted'])
  opening_speech.the_bypass({ask:the_turn})                      ("the turn (2:1-3) — told only here: commanded on Israel dated (40, 6, 1), CLOSED by the prior run Num 21:10-13; 'enough' the plural's second seat in the speech", ['commanded'])
  opening_speech.the_bypass({ask:the_zered})                     ("the Zered (2:13-14) — told only here: commanded on Israel cross_the_brook_zered, CLOSED by the prior run Num 21:10-13; [38] against the tape's years (the spies' return to the departure from Mount Hor)", ['commanded'])
==== cold_run_hear_o_israel.the_header sig ('case', 'data') (4484 chars) asks-in-source ['hear_and_observe', 'the_charge_executed', 'the_land_flowing', 'the_triad', 'your_sons_son']
def the_header(case, data):
        """F1 — Deut 6:1-3: the commandment's header (the triad 5:31 / 6:1 / 7:11; the charge EXECUTED — a reference row, no write); fear, the son's son, the land flowing"""
        del P_[:]
        ask = case['ask']
        if ask == 'the_triad':
            ink('6:1', '"and this is the commandment, the statutes and the judgments which the LORD your God commanded to teach you" — "and thi

  hear_o_israel.the_header({ask:hear_and_observe})               ("hear and observe (6:3) — the frame's charge: no write; 'that it may be well with you' the book's refrain (seven seats)", ['accepted'])
  hear_o_israel.the_header({ask:the_charge_executed})            ("the charge executed (6:1) — 'to teach you' runs 5:31's 'which you shall teach them': a REFERENCE row against stand_here_commanded, its debit closed by the prior run (Deut 1:5); NO write", ['accepted'])
  hear_o_israel.the_header({ask:the_land_flowing})               ("the land flowing (6:3) — the book's first 'milk and honey' (eleven Torah seats); the oath's promise the covenant's, its lines on the tape", ['accepted'])
  hear_o_israel.the_header({ask:the_triad})                      ("the triad (6:1) — the commandment, the statutes and the judgments: 5:31's charge opened here, 7:11 forward; the header's stamp, no write", ['accepted'])
  hear_o_israel.the_header({ask:your_sons_son})                  ("your son's son (6:2) — three generations in the fear; Exodus 10:2's kin: a DATA note, no write", ['accepted'])
==== cold_run_hear_o_israel.the_creed sig ('case', 'data') (4444 chars) asks-in-source ['hear_o_israel', 'love_and_fear', 'the_lord_is_one', 'with_all_your_heart', 'with_all_your_might', 'with_all_your_soul']
def the_creed(case, data):
        """F2 — Deut 6:4-5: hear, O Israel; the LORD is one; with all your heart, soul and might; love and fear"""
        del P_[:]
        ask = case['ask']
        if ask == 'hear_o_israel':
            ink('6:4', '"HEAR, O ISRAEL" — the four seats, all this book\'s %s; the imperative %s; Israel named twice in the chapter (%s)' % (P('שמע', 'ישראל'), wm('Deut', 6, 4)[0], [v for v in range

  hear_o_israel.the_creed({ask:hear_o_israel})                   ("hear, O Israel (6:4) — the creed's call: Jacob's sons' answer the first saying (Pesachim 56a); the four seats all this book's", ['accepted'])
  hear_o_israel.the_creed({ask:love_and_fear})                   ("love and fear (6:5) — 'you shall love' the creed's command after its call; the one who acts from love greater (Sotah 31a; the Sifrei 32:1)", ['accepted'])
  hear_o_israel.the_creed({ask:the_lord_is_one})                 ("the LORD is one (6:4) — the two seats of the pair (6:4, Zechariah 14:9); the numeral the parser's [1]; the large letters a parked hypothesis", ['accepted'])
  hear_o_israel.the_creed({ask:with_all_your_heart})             ("with all your heart (6:5) — the two inclinations (Mishnah Berakhot 9:5; the Sifrei 32:2-4); 4:29's kin (OH by CALL)", ['accepted'])
  hear_o_israel.the_creed({ask:with_all_your_might})             ("with all your might (6:5) — the Bible's one seat of the word: money, measure and thanks (9:5; the Sifrei 32:7); Onkelos 'your property'", ['accepted'])
  hear_o_israel.the_creed({ask:with_all_your_soul})              ("with all your soul (6:5) — even if he takes your soul: the martyr's clause (R. Akiva, Berakhot 61b; Sanhedrin 74a)", ['accepted'])
==== cold_run_hear_o_israel.the_gift_and_the_warning sig ('case', 'data') (5744 chars) asks-in-source ['fear_serve_swear', 'lest_you_forget', 'no_other_gods', 'the_jealous_god', 'the_list']
def the_gift_and_the_warning(case, data):
        """F4 — Deut 6:10-15: the list; lest you forget; fear, serve, swear; no other gods; the jealous God"""
        del P_[:]
        ask = case['ask']
        if ask == 'the_list':
            ink('6:10-11', '"great and good cities which you did not build, houses full of all good … hewn cisterns … vineyards and olive trees which you did not plant" — the cities %s, the hou

  hear_o_israel.the_gift_and_the_warning({ask:fear_serve_swear}) ("fear, serve, swear (6:13) — the true oath a positive clause (Temurah 3b-4a), its prohibition the third word's (DC by CALL); the true swearer holds", ['accepted'])
  hear_o_israel.the_gift_and_the_warning({ask:lest_you_forget})  ("lest you forget (6:12) — obey_horeb's forgetting census (thirteen seats, 6:12 among them); the prohibition's seat 4:9 (OH by CALL)", ['accepted'])
  hear_o_israel.the_gift_and_the_warning({ask:no_other_gods})    ("no other gods (6:14) — the second word's clause: other_gods_barred stands from the giving (CH by CALL), no second write; the idolaters' companion the Tosefta's row", ['accepted'])
  hear_o_israel.the_gift_and_the_warning({ask:the_jealous_god})  ("the jealous God (6:15) — 4:24 and 5:9's word at its third Deuteronomy seat; the visiting's arms the second word's (CH by CALL); Onkelos the Shekhinah", ['accepted'])
  hear_o_israel.the_gift_and_the_warning({ask:the_list})         ("the list (6:10-11) — cities, houses, cisterns, vineyards and olives 'which you did not …': a DATA row; the spoil permitted by 6:11 (the Sifrei 201:3) owed to the war chapter", ['accepted'])
==== cold_run_good_land.the_way_of_forty_years sig ('case', 'data') (11808 chars) asks-in-source ['forty_years', 'keep_walk_fear', 'not_by_bread_alone', 'the_discipline', 'the_garment_and_the_foot', 'the_humbling', 'the_manna', 'the_messianic_forty', 'the_test']
def the_way_of_forty_years(case, data):
        """F2 — Deut 8:2-6: the forty years (the decree by kind, SL by CALL), the test (16:4's clause), the humbling (the analogy's guards), the manna (ES and BH by CALL), not by bread alone, THE GARMENT AND THE FOOT (the fifth form — SUPPLIED), the discipline (1:31 by CALL), walk and fear"""
        del P_[:]
        ask = case['ask']
        if ask == 'forty_years':
         

  good_land.the_way_of_forty_years({ask:forty_years})            ("forty years (8:2, 8:4) — [40] twice, 2:7 the same phrase; the decree's years (SL by CALL: [40, 40] a day for a year; ES's forty years of manna): the readback row 8:2 EXPANDED — the purpose supplied", ['accepted'])
  good_land.the_way_of_forty_years({ask:keep_walk_fear})         ("keep, walk, fear (8:6) — 'to walk in his ways' 8:6, 30:16 and Solomon's charge; 'to fear him' the one seat; 10:12's 'what does the LORD your God ask of you' forward; Onkelos supplies 'right before him': a DATA note, no write", ['accepted'])
  good_land.the_way_of_forty_years({ask:not_by_bread_alone})     ("not by bread alone (8:3) — 'but by everything that proceeds from the mouth of the LORD': a teaching, not an act (the Sifrei 48:10 — the exposition; Onkelos 'the Word of the LORD'); the daily manna's reason on the shelf — everyone's heart to Heaven every day (Yoma 76a:2-3); 18:5's living by CALL: a DATA row, no write", ['accepted'])
  good_land.the_way_of_forty_years({ask:the_discipline})         ("the discipline (8:5) — 'as a man disciplines his son, so the LORD your God disciplines you': 1:31's carrying made the discipline (OS by CALL — the readback row VARIANT); the Land acquired through suffering, the second of three gifts (Berakhot 5a:20-22; the afflictions of love 5a:10); Onkelos 'teaches'", ['accepted'])
  good_land.the_way_of_forty_years({ask:the_garment_and_the_foot}) ("the garment and the foot (8:4) — a STATE over forty years told only here (29:4 the plural garments; Nehemiah 9:21 the only other 'did not swell'; Onkelos 'your shoes did not go bare'): no line on the tape, no entry on any ledger (the scan empty) — the readback's FIFTH FORM, graded SUPPLIED with NO retrograde write (a condition has no day); cited by no row 
  good_land.the_way_of_forty_years({ask:the_humbling})           ("the humbling (8:2-3, 8:16) — 'to humble you … he humbled you and let you hunger': the verb's seven Deuteronomy seats; the Day's affliction is HUNGER by the verbal analogy with 8:3 (Yoma 74b:11) — the analogy guarded twice: the public's affliction from the public's, God's hand from God's hand (74b:12-13); Onkelos 'afflict'", ['accepted'])
  good_land.the_way_of_forty_years({ask:the_manna})              ("the manna (8:3, 8:16) — 'fed you the manna which you did not know, nor did your fathers know': the tape's manna_fell (Exodus 16:13-15; ES by CALL — day by day, forty years) and the craving's manna (Numbers 11 — BH by CALL: the tastes, the five foods): the readback rows 8:3 TURNED (the hunger God's act, the murmuring's occasion the humbling's means) and 8:1
  good_land.the_way_of_forty_years({ask:the_messianic_forty})    ("the messianic forty (8:3) — R. Eliezer: the days of the Messiah forty years, 'afflicted' at 8:3 and Psalm 90:15 a verbal analogy (Sanhedrin 99a): the exam's row on the two [40]s, a DATA note", ['accepted'])
  good_land.the_way_of_forty_years({ask:the_test})               ("the test (8:2) — 'whether you would keep his commandments or not': the manna's own test clause (Exodus 16:4 — the readback row VERBATIM in kind), the book's one interrogative he; the trials' direction reversed (ES by CALL: Israel tested God six times by the exodus; here God tests Israel); the Akedah's verb (MA by CALL)", ['accepted'])
==== cold_run_seven_nations.the_holy_people sig ('case', 'data') (5383 chars) asks-in-source ['brought_out_redeemed', 'chose_you', 'holy_people', 'the_fewest', 'the_oath']
def the_holy_people(case, data):
        """F2 — Deut 7:6-8: a holy people, the treasure, chose you, the fewest, the love and the oath, brought out and redeemed — the readback's rows 7:6, 7:8; no write"""
        del P_[:]
        ask = case['ask']
        if ask == 'holy_people':
            ink('7:6', '"for you are a HOLY PEOPLE to the LORD your God" — the phrase %s (all this book\'s and Daniel); "a treasured peopl

  seven_nations.the_holy_people({ask:brought_out_redeemed})      ("brought out and redeemed (7:8) — the going out read back with the oath's reason (ES by CALL; the tape's brought_out found): the readback row EXPANDED; no write", ['accepted'])
  seven_nations.the_holy_people({ask:chose_you})                 ("chose you (7:6-7) — the choice of the people after 4:37's choice of the fathers' seed (OH by CALL); 'set his love' the captive's and Shechem's word", ['accepted'])
  seven_nations.the_holy_people({ask:holy_people})               ("a holy people (7:6) — 19:5-6's treasure and holy nation read back with 14:2 the pair; treasured_people stands (ES by CALL); the readback row EXPANDED", ['accepted'])
  seven_nations.the_holy_people({ask:the_fewest})                ("the fewest (7:7) — 'not because you were more': the humblest, on the shelf (Chullin 89a); Onkelos 'the smallest': a DATA row, no write", ['accepted'])
  seven_nations.the_holy_people({ask:the_oath})                  ('the oath (7:8) — the noun starred by the parser, the swearing no number; the three lines on the tape (MA and JS by CALL); the pointers at 7:8, 7:12, 7:13', ['accepted'])
==== cold_run_seven_nations.the_faithful_god sig ('case', 'data') (6282 chars) asks-in-source ['he_is_god', 'the_faithful', 'the_hater_repaid', 'the_triad', 'the_written_read_pair', 'thousand_generations']
def the_faithful_god(case, data):
        """F3 — Deut 7:9-11: know that he is God, the faithful God, a thousand generations (the second word's clause numbered), the hater repaid (turned), the triad; the written/read pair; no write"""
        del P_[:]
        ask = case['ask']
        if ask == 'he_is_god':
            ink('7:9', '"know therefore that the LORD your God, HE IS GOD" — the six seats %s (4:35, 39 the cr

  seven_nations.the_faithful_god({ask:he_is_god})                ("he is God (7:9) — the creed's third seat after 4:35 and 4:39 (OH by CALL); 'know therefore' the chapter's imperative-less charge", ['accepted'])
  seven_nations.the_faithful_god({ask:the_faithful})             ("the faithful God (7:9) — the phrase's one seat; on the shelf a translation, sayable in the bathroom (Shabbat 10b): a DATA note", ['accepted'])
  seven_nations.the_faithful_god({ask:the_hater_repaid})         ("the hater repaid (7:10) — the visiting's recipient turned to the hater's own face (CH by CALL): the readback row TURNED; Onkelos's supplied doctrine a DATA row", ['accepted'])
  seven_nations.the_faithful_god({ask:the_triad})                ('the triad (7:11) — the commandment, the statutes and the judgments: the third seat after 5:31 and 6:1 (HI by CALL): the readback row VERBATIM in kind; today to do, tomorrow to receive', ['accepted'])
  seven_nations.the_faithful_god({ask:the_written_read_pair})    ("the written/read pair (7:9) — 'his commandments' written without the yod and read with it, the store's extra token kept out of every check; 5:10's kin: a DATA row", ['accepted'])
  seven_nations.the_faithful_god({ask:thousand_generations})     ("a thousand generations (7:9) — the second word's clause numbered [1000] for the bare plural (CH by CALL): the readback row VARIANT; fear's thousand against love's thousands (Sotah 31a)", ['accepted'])
==== cold_run_seven_nations.do_not_fear sig ('case', 'data') (8868 chars) asks-in-source ['in_your_midst', 'little_by_little', 'remember_pharaoh', 'the_doubt', 'the_hornet', 'the_kings_and_the_name', 'the_trials']
def do_not_fear(case, data):
        """F5 — Deut 7:17-24: the doubt, remember Pharaoh (the plagues read back), the trials, the hornet, in your midst, little by little, the kings and the name — promise and exhortation, NO write (the war chapter's fear rule owed forward)"""
        del P_[:]
        ask = case['ask']
        if ask == 'the_doubt':
            ink('7:17', '"if you say in your heart: these nations are m

  seven_nations.do_not_fear({ask:in_your_midst})                 ("in your midst (7:21) — 6:15's pair, Onkelos the Shekhinah at both (HI by CALL); 'a great and awesome God' 10:17's four", ['accepted'])
  seven_nations.do_not_fear({ask:little_by_little})              ("little by little (7:22) — 23:29-30's clause verbatim in kind, the beasts' reason kept (OR by CALL): the readback row VERBATIM; the pointer at 7:22", ['accepted'])
  seven_nations.do_not_fear({ask:remember_pharaoh})              ("remember Pharaoh (7:18-19) — the plagues, the sea, the signs and the wonders in one clause (ES by CALL; the tape's ten lines found): the readback row SHORTENED; the fear rule owed to the war chapter", ['accepted'])
  seven_nations.do_not_fear({ask:the_doubt})                     ("the doubt (7:17) — the spies' fear voiced again ('more than I; how can I') against 1:28 and 4:38 (OS and OH by CALL); no write", ['accepted'])
  seven_nations.do_not_fear({ask:the_hornet})                    ("the hornet (7:20) — 23:28's promise with the hiders added (OR by CALL): the readback row EXPANDED; the hornet at the Jordan's bank on the shelf (Sotah 36a)", ['accepted'])
  seven_nations.do_not_fear({ask:the_kings_and_the_name})        ("the kings and the name (7:23-24) — 23:27 and 23:31 expanded with the kings, the name from under heaven (Amalek's phrase) and Joshua 1:5's receipt (OR and ES by CALL): the readback row EXPANDED", ['accepted'])
  seven_nations.do_not_fear({ask:the_trials})                    ("the great trials (7:19) — 4:34's list read back (ES and OH by CALL); Onkelos 'the miracles'; 16:10's measure the homograph", ['accepted'])
==== cold_run_ordinances.courts sig ('q',) (12538 chars) asks-in-source ['announce_duration', 'asymmetry', 'begin_from_side', 'bribe', 'bribe_absolute', 'circumstantial', 'common_case_animals', 'deceiver', 'dissenter', 'enemy_ox', 'enemy_three_days', 'false_report', 'father_says_no', 'grudge', 'keep_far', 'lying_under', 'majority_hapax', 'measure', 'needy_in_his_cause', 'no_retrial_acquitted', 'oath_class', 'one_vs_two', 'onkelos_teaching', 'poor_not_glorified', 'return_doubled', 'ris', 'sign_and_claimant', 'stranger_repeat', 'straying', 'three_warnings', 'twenty_three', 'unload_doubled', 'unload_load', 'who_is_enemy', 'with_him', 'witness_of_violence']
def courts(q):
        if q == 'false_report':
            return cell('hapax', I, f"23:1 'you shall not raise a FALSE REPORT (שמע שוא)' — the phrase at {c_false_report} alone; 'wicked' in Exodus at {c_wicked} — this verse "
                        "and 23:7, the chapter's own pair", ['false_report_barred'])
        if q == 'three_warnings':
            return cell(['receiver_of_slander', 'judge_hearing_one_alone', '

  ordinances.courts('announce_duration')                         {'v': 'R_Meir_neighbors_R_Yehuda_three_pilgrimages', 'p': 'ANSWER-SHEET', 'why': 'Mishnah Bava Metzia 2:6: until his neighbors know (R. Meir); three pilgrimages and seven days (R. Yehuda)', 'fx': ['—']}
  ordinances.courts('asymmetry')                                 {'v': 'acquit_by_one_convict_by_two', 'p': 'MOVE', 'why': "Mekhilta on Exod 23:2: 'you are not with them for evil but you ARE with them for good' — twelve acquit against eleven, acquitted; thirteen convict against ten, convicted; eleven against twelve does not convict: 'execute by witnesses, execute by tilters — as witnesses are two, the tilters are two'", '
  ordinances.courts('begin_from_side')                           {'v': 'capital_from_the_side', 'p': 'ANSWER-SHEET', 'why': "Mishnah Sanhedrin 4:2: purity cases begin from the greatest, CAPITAL CASES FROM THE SIDE — the link at 23:2's 'do not answer on a case' read 'on the master' (the junior speaks first)", 'fx': ['majority_decides']}
  ordinances.courts('bribe')                                     {'v': 'the_bribed_judges_eyes_dim', 'p': 'IMPORT', 'why': "23:8 'and a BRIBE you shall not take, for the bribe blinds the OPEN-EYED (פקחים) and twists the words of the righteous' — 'open-eyed' at [('Exod', 23, 8)] alone, the bribe noun's Torah seats [('Deut', 10, 17), ('Deut', 16, 19), ('Deut', 27, 25), ('Exod', 23, 8)]; Mishnah Peah 8:9 quotes this verse (t
  ordinances.courts('bribe_absolute')                            {'v': 'even_to_judge_truly', 'p': 'MOVE', 'why': "Mekhilta on Exod 23:6-8: bribery absolute — even to judge truly; the taker's threefold blindness ladder (R. Natan: Torah confusion, dependence on people, loss of eyesight)", 'fx': ['bribe_barred']}
  ordinances.courts('circumstantial')                            {'v': 'no_execution_without_witnesses', 'p': 'MOVE', 'why': "Mekhilta on Exod 23:7: the averted-eyes case — the knife dripping and no witnesses, NO EXECUTION (Shimon b. Shetach's narrative and the snake); single witnesses do not join across acts (one saw sun-worship, one moon-worship)", 'fx': ['exempt']}
  ordinances.courts('common_case_animals')                       {'v': 'ox_or_donkey_names_the_common_case', 'p': 'ANSWER-SHEET', 'why': "Mishnah Bava Kamma 5:7: ox and every beast alike for the return of the lost and the unloading; why 'ox or donkey'? the verse speaks of the common case — the Mekhilta's method name (22:30) applied by the sheet", 'fx': ['restores']}
  ordinances.courts('deceiver')                                  {'v': 'examine_the_claimant', 'p': 'ANSWER-SHEET', 'why': "Mishnah Bava Metzia 2:7: the deceiver, even with the signs, not given — examine your brother whether he deceives; what works and eats, works and eats; Mekhilta on Exod 23:4's return ladder (near, far, unknown — announce, examine)", 'fx': ['restores']}
  ordinances.courts('dissenter')                                 {'v': 'bound_and_silent', 'p': 'ANSWER-SHEET', 'why': "Mishnah Sanhedrin 3:7: the judge leaving may not say 'I acquitted and my colleagues convicted' — 'do not go talebearing' (Lev 19:16); the majority's verdict is the court's own", 'fx': ['majority_decides']}
  ordinances.courts('enemy_ox')                                  {'v': 'return_it', 'p': 'INK', 'why': "23:4 'if you MEET your enemy's ox or his donkey straying, you shall surely return it to him' — 'you shall meet' (תפגע) at [('Exod', 23, 4), ('Jer', 7, 16)] (Jeremiah 7:16 the other); 'your enemy' (איבך) at 6 seats; Deut 22:1-4 restates [IMPORT]", 'fx': ['restores']}
  ordinances.courts('enemy_three_days')                          {'v': 'three_days_without_speech', 'p': 'ANSWER-SHEET', 'why': "Mishnah Sanhedrin 3:5: the enemy — whoever has not spoken with him three days in enmity (a judge's disqualification; the sages: Israel are not suspected as witnesses) — the enemy defined by a clock", 'fx': ['—']}
  ordinances.courts('false_report')                              {'v': 'hapax', 'p': 'INK', 'why': "23:1 'you shall not raise a FALSE REPORT (שמע שוא)' — the phrase at [('Exod', 23, 1)] alone; 'wicked' in Exodus at [('Exod', 23, 1), ('Exod', 23, 7)] — this verse and 23:7, the chapter's own pair", 'fx': ['false_report_barred']}
  ordinances.courts('father_says_no')                            {'v': 'do_not_listen', 'p': 'ANSWER-SHEET', 'why': "Mishnah Bava Metzia 2:10: his father said 'defile' or 'do not return' — he does not listen; Mekhilta on Exod : parents are themselves bound by the commandments", 'fx': ['unloading_owed']}
  ordinances.courts('grudge')                                    {'v': 'leave_what_is_in_your_heart', 'p': 'MOVE', 'why': "Onkelos Exod 23:5: 'you shall surely LEAVE what is in your heart against him and unload with him' — the grudge released with the load, inside the translation; Mekhilta on Exod : 'azov ta'azov' read both ways", 'fx': ['unloading_owed']}
  ordinances.courts('keep_far')                                  {'v': 'hapax', 'p': 'INK', 'why': "23:7 'from a FALSE MATTER keep far' — the phrase at [('Exod', 23, 7)] alone; Mekhilta on Exod : no ignorant colleague on the bench, no advocates beside the judge, R. Natan: the warning against heresy", 'fx': ['false_report_barred']}
  ordinances.courts('lying_under')                               {'v': 'hapax', 'p': 'INK', 'why': "23:5 'if you see the donkey of one who hates you LYING UNDER ITS BURDEN' — the phrase at [('Exod', 23, 5)] alone; 'one who hates you' (שנאך) at [('Exod', 23, 5), ('Prov', 25, 21)] (Proverbs 25:21's 'if your enemy hungers' the other)", 'fx': ['unloading_owed']}
  ordinances.courts('majority_hapax')                            {'v': 'hapax', 'p': 'INK', 'why': "23:2 'you shall not follow AFTER THE MANY for evil... to tilt after the many' — 'after the many' at [('Exod', 23, 2)] alone, 'for evil' (לרעת) at [('Exod', 23, 2)] alone, 'to tilt' (להטת) at [('Exod', 23, 2)] alone: the verse's three rare tokens", 'fx': ['majority_decides']}
  ordinances.courts('measure')                                   {'v': 'a_load_it_can_bear', 'p': 'ANSWER-SHEET', 'why': "Mishnah Bava Metzia 2:10 (R. Yosei HaGelili): more than its load — not liable, 'UNDER its burden' = a load it can bear; Mekhilta on Exod : 'lying' — not a habitual lier-down", 'fx': ['unloading_owed']}
  ordinances.courts('needy_in_his_cause')                        {'v': 'hapax_the_wicked_and_worthy_pair', 'p': 'INK', 'why': "23:6 'you shall not pervert the judgment of YOUR NEEDY in his cause' — 'your needy' (אבינך) at [('Exod', 23, 6)] alone; 'pervert judgment' at [('Deut', 16, 19), ('Deut', 24, 17), ('Exod', 23, 6)] (Deut 16:19, 24:17); Mekhilta on Exod 23:6-8: do not say 'he is wicked, I will tilt against him' — he 
  ordinances.courts('no_retrial_acquitted')                      {'v': 'reversed_for_merit_not_for_liability', 'p': 'ANSWER-SHEET', 'why': "23:7 'and the INNOCENT and the RIGHTEOUS do not kill' — the pair at [('Exod', 23, 7)] alone; Mishnah Sanhedrin 4:1: capital cases are reversed for merit, not for liability; Mekhilta on Exod : left guilty and merit found — retried; left acquitted — not ('for I will not acquit the wicke
  ordinances.courts('oath_class')                                {'v': 'fit_not_disqualified', 'p': 'ANSWER-SHEET', 'why': 'Mishnah Shevuot 4:1: the oath of testimony applies to the fit and not the disqualified, to men not women, to the distant not the relatives — the witness of violence outside the class', 'fx': ['oath_imposed']}
  ordinances.courts('one_vs_two')                                {'v': 'merit_by_one_liability_by_two', 'p': 'ANSWER-SHEET', 'why': 'Mishnah Sanhedrin 4:1: money cases tilt by one either way; capital cases tilt by ONE for merit and by TWO for liability; reversed for merit, not for liability', 'fx': ['majority_decides']}
  ordinances.courts('onkelos_teaching')                          {'v': 'teach_what_you_see', 'p': 'MOVE', 'why': "Onkelos Exod 23:2 expands the verse into three rulings: 'do not refrain from TEACHING what you see about the judgment; after the many the judgment is completed'", 'fx': ['majority_decides']}
  ordinances.courts('poor_not_glorified')                        {'v': 'each_verse_its_referent', 'p': 'MOVE', 'why': "23:3 'and the POOR you shall not GLORIFY in his cause' — 'you shall not glorify' (תהדר) at [('Exod', 23, 3), ('Lev', 19, 15)]: this and Lev 19:15's 'you shall not glorify the great'; Mekhilta on Exod 23:3: paired against Lev 19's 'you shall not favor the poor' — each verse takes a referent; the holiness e
  ordinances.courts('return_doubled')                            {'v': 'even_four_and_five_times', 'p': 'ANSWER-SHEET', 'why': "Mishnah Bava Metzia 2:9: returned and it fled, returned and it fled, even four and five times — liable, 'RETURN, you shall return' (Deut 22:1; this verse's doubled 'return, you shall return it' the same form)", 'fx': ['restores']}
  ordinances.courts('ris')                                       {'v': 'one_in_seven_and_a_half_of_a_mil', 'p': 'DATA', 'why': "Mekhilta on Exod 23:5: 'see' and 'meet' reconciled by MEASURE — the sages measured the RIS, one in seven and a half of a mil, as the duty distance; the number is the data channel", 'fx': ['—']}
  ordinances.courts('sign_and_claimant')                         {'v': 'signs_and_claimants', 'p': 'ANSWER-SHEET', 'why': "Mishnah Bava Metzia 2:5: the garment went out to teach — whatever has SIGNS and CLAIMANTS must be announced; 2:1: sign-less finds are the finder's", 'fx': ['restores']}
  ordinances.courts('stranger_repeat')                           {'v': 'know_the_strangers_soul_from_your_own', 'p': 'IMPORT', 'why': "23:9 'and a stranger you shall not oppress, for you know THE SOUL OF THE STRANGER, for you were strangers in Egypt' — 'the soul of the stranger' at [('Exod', 23, 9)] alone; the Mekhilta carries 23:9's content at 22:20 (no paragraph of its own); CALLED cold_run_holiness_b.convert_measures(y
  ordinances.courts('straying')                                  {'v': 'outside_the_boundary', 'p': 'MOVE', 'why': "Mekhilta on Exod 23:4: 'straying' = outside the boundary — Gen 37:15's straying Joseph the witness (the gen_60 ink cited)", 'fx': ['restores']}
  ordinances.courts('three_warnings')                            {'v': ['receiver_of_slander', 'judge_hearing_one_alone', 'litigant_arguing_alone'], 'p': 'MOVE', 'why': "Mekhilta on Exod 23:1: 'do not raise' as THREE warnings — the receiver of slander; the judge not hearing one litigant before the other stands; the litigant not arguing to the judge alone (Deut 19:17's 'the two men shall stand'); Abba Chanan: the judge's o
  ordinances.courts('twenty_three')                              {'v': 23, 'p': 'ANSWER-SHEET', 'why': "Mishnah Sanhedrin 1:6: the small court is twenty-three — a judging and a delivering congregation (Num 35:24-25), ten each; and three more from 'DO NOT FOLLOW THE MANY FOR EVIL': not for evil as for good — for good by one, for evil by two; no even court, so one added — THIS VERSE the arithmetic's last term", 'fx': ['majo
  ordinances.courts('unload_doubled')                            {'v': 'even_four_and_five_times', 'p': 'ANSWER-SHEET', 'why': "23:5 'UNLOAD, you shall unload with him' (עזב תעזב) at [('Exod', 23, 5)] alone; Mishnah Bava Metzia 2:10: unloaded and it loaded, even four and five times — liable, 'you shall surely unload'", 'fx': ['unloading_owed']}
  ordinances.courts('unload_load')                               {'v': 'unloading_torah_loading_disputed', 'p': 'ANSWER-SHEET', 'why': "Mishnah Bava Metzia 2:10: unloading is a Torah duty, loading not (R. Shimon: loading too); Mekhilta on Exod 23:5: R. Yoshiyah both in 'unload'; R. Yehuda b. Beteira splits the verses; R. Yishmael: as unloading is Torah so loading", 'fx': ['unloading_owed']}
  ordinances.courts('who_is_enemy')                              {'v': ['idolater', 'relapsed_convert', 'transgressor', 'son_after_a_quarrel'], 'p': 'MOVE', 'why': "Mekhilta on Exod 23:4: who is 'your enemy' — the idolater (R. Yoshiyah), the relapsed convert (R. Eliezer), the Israelite transgressor (R. Yitzchak), R. Natan's son after a quarrel — an enemy for the hour", 'fx': ['—']}
  ordinances.courts('with_him')                                  {'v': 'owner_idle_exempts', 'p': 'ANSWER-SHEET', 'why': "Mishnah Bava Metzia 2:10: the owner went and sat, 'since the duty is on you, unload if you wish' — EXEMPT, 'WITH HIM'; old or sick — liable; Mekhilta on Exod 23:5: 'with him' — only if he shares the work", 'fx': ['unloading_owed']}
  ordinances.courts('witness_of_violence')                       {'v': 'robbers_disqualified', 'p': 'MOVE', 'why': "23:1 'do not set your hand with the wicked to be a WITNESS OF VIOLENCE (עד חמס)' — the phrase at [('Deut', 19, 16), ('Exod', 23, 1)]: this and Deut 19:16's scheming witness; Mekhilta on Exod  (R. Natan): the violent and the robbers disqualified as witnesses; Mishnah Sanhedrin 3:3's list — the dice player, th
==== cold_run_ordinances.stranger sig ('q',) (3402 chars) asks-in-source ['beloved_census', 'cry_doubled', 'ger_seats', 'measure_for_measure', 'one_affliction', 'two_verbs', 'widow_orphan_scope', 'words_vs_money', 'you_were_strangers']
def stranger(q):
        if q == 'two_verbs':
            return cell('wrong_hapax_oppress_hapax', I, f"22:20 'a stranger you shall not WRONG (תונה) nor OPPRESS him (תלחצנו)' — each verb form at {c_wrong + c_oppress} alone", ['exempt'])
        if q == 'words_vs_money':
            return cell(HB_WORD, P, MK + "22:20: the two verbs split — wronging = WORDS, oppression = MONEY; Mishnah Bava Metzia 4:10 quotes this

  ordinances.stranger('beloved_census')                          {'v': 'every_title_israel_carries', 'p': 'MOVE', 'why': 'Mekhilta on Exod 22:20: converts carry every title Israel carries — servants, ministers, lovers, covenant, acceptance, guarding (the verse-paired list); Abraham circumcised at ninety-nine so the door stays open (the gen_33 seat cited)', 'fx': ['—']}
  ordinances.stranger('cry_doubled')                             {'v': 'cry_cry_hear_hear', 'p': 'INK', 'why': "22:22 'if you afflict, afflict him — for if he CRIES, CRIES to Me, I will HEAR, HEAR his cry' — three doubled verbs in one verse (the doubled verbs of the spans at [(22, 22), (22, 25), (23, 5), (23, 22), (23, 24), (23, 30)]); Mekhilta on Exod : heard always, FASTER when he cries", 'fx': ['cry_heard']}
  ordinances.stranger('ger_seats')                               {'v': [10, 33, 34], 'p': 'IMPORT', 'why': "the holiness engine's second half counts the stranger's seats in Lev 19 — CALLED cold_run_holiness_b.convert_measures(ger_seats) -> [10, 33, 34] [IMPORT, live call]; the two Exodus seats (22:20, 23:9) are the earlier writing of the same law", 'fx': ['—']}
  ordinances.stranger('measure_for_measure')                     {'v': 'wives_widows_sons_orphans', 'p': 'INK', 'why': "22:23 'My anger shall burn and I will kill you with the sword, and your wives shall be WIDOWS and your sons ORPHANS' — the punishment mirrors the offense word for word; Mekhilta on Exod : 'living widowhood' — courts unable to release, sons kept from the estate on the presumption he lives", 'fx': ['cry_he
  ordinances.stranger('one_affliction')                          {'v': 'one_affliction_is_liability', 'p': 'MOVE', 'why': 'Mekhilta on Exod 22:21-23: one affliction, great or small, is liability — with the execution narrative: R. Shimon and R. Yishmael led out, and R. Yishmael locates the sin in litigants kept waiting while he finished his cup or sandal', 'fx': ['cry_heard']}
  ordinances.stranger('two_verbs')                               {'v': 'wrong_hapax_oppress_hapax', 'p': 'INK', 'why': "22:20 'a stranger you shall not WRONG (תונה) nor OPPRESS him (תלחצנו)' — each verb form at [('Exod', 22, 20), ('Exod', 22, 20)] alone", 'fx': ['exempt']}
  ordinances.stranger('widow_orphan_scope')                      {'v': 'R_Yishmael_all_persons_R_Akiva_the_named', 'p': 'MOVE', 'why': "22:21 'every widow and orphan you shall not afflict' — 'widow and orphan' at [('Exod', 22, 21), ('Mal', 3, 5)] (Malachi 3:5 the other), 'you shall not afflict' (תענון) at [('Exod', 22, 21)] alone; Mekhilta on Exod 22:21-23: R. Yishmael — ALL persons (the verbs unqualified), R. Akiva — the
  ordinances.stranger('words_vs_money')                          {'v': 'yesterday_an_idolater_banned', 'p': 'IMPORT', 'why': "Mekhilta on Exod 22:20: the two verbs split — wronging = WORDS, oppression = MONEY; Mishnah Bava Metzia 4:10 quotes this verse for wronging by words ('remember your fathers' deeds' to a convert's son) — CALLED cold_run_holiness_b.convert_measures(word_wrong) -> 'yesterday_an_idolater_banned' (Lev 1
  ordinances.stranger('you_were_strangers')                      {'v': 'know_the_strangers_soul_from_your_own', 'p': 'IMPORT', 'why': "22:20 and 23:9 'for you were strangers in the land of Egypt' — the phrase at [('Deut', 10, 19), ('Exod', 22, 20), ('Exod', 23, 9), ('Lev', 19, 34)]: this span's two seats, Lev 19:34, Deut 10:19; CALLED cold_run_holiness_b.convert_measures(you_were_strangers) -> 'know_the_strangers_soul_fro
==== cold_run_holiness_b.convert_measures sig ('q',) (5792 chars) asks-in-source ['calibrate', 'cleaning_table', 'evidence_geography', 'exodus_condition', 'faithful_to_pay', 'five_effects', 'four_just', 'ger_seats', 'gloss_row', 'hin_as_speech', 'inspector', 'intake_gate', 'keep_and_do', 'local_custom', 'love_convert', 'love_seats', 'measures_are_judgment', 'surcharges', 'tilt', 'tonu_three_seats', 'word_wrong', 'you_were_strangers']
def convert_measures(q, **k):
        if q == 'ger_seats':
            return cell(c_ger, I, 'the convert at three seats of the chapter: 19:10 (the gifts\' recipient), 19:33 (wronged not), 19:34 '
                        '(the citizen; loved)', [FX.NONE])
        if q == 'evidence_geography':
            return cell({'in_the_land': 'proof_of_conversion_required', 'abroad': 'accepted_on_his_word'}, M, '19:33 "a conver

  holiness_b.convert_measures('calibrate')                       {'v': ['scales', 'weights', 'dry_measure', 'liquid_measure'], 'p': 'MOVE', 'why': 'Sifra, Kedoshim, Chapter 8 7 — calibrate all four', 'fx': ['—']}
  holiness_b.convert_measures('cleaning_table')                  {'v': {'wholesaler': 'once_in_thirty_days', 'householder': 'once_in_twelve_months', 'R._Shimon_b._Gamliel': 'inverted', 'shopkeeper_measures': 'twice_a_week', 'weights': 'once_a_week', 'scales': 'at_every_weighing'}, 'p': 'ANSWER-SHEET', 'why': 'Mishnah Bava Batra 5:10 — THE CLEANING TABLE = Sifra, Kedoshim, Chapter 8 8 word for word (data intervals)', 'fx':
  holiness_b.convert_measures('evidence_geography')              {'v': {'in_the_land': 'proof_of_conversion_required', 'abroad': 'accepted_on_his_word'}, 'p': 'MOVE', 'why': '19:33 "a convert WITH YOU in your LAND" — Sifra, Kedoshim, Chapter 8 1: THE EVIDENCE-BURDEN GEOGRAPHY', 'fx': ['—']}
  holiness_b.convert_measures('exodus_condition')                {'v': 'concede_the_measures_concede_the_exodus', 'p': 'MOVE', 'why': '19:36 "who brought you out of the land of Egypt" (Egypt at [34, 36] of the chapter) — Sifra, Kedoshim, Chapter 8 10: ON CONDITION of the measures', 'fx': ['—']}
  holiness_b.convert_measures('faithful_to_pay')                 {'v': [25, 28, 30, 31, 32, 34, 36, 37], 'p': 'INK', 'why': '"I am the LORD" at eight seats of the half [25, 28, 30, 31, 32, 34, 36, 37] (with "your God" at [25, 31, 34, 36]) — the signature the Sifra reads as "faithful to pay" (Chapter 8 11)', 'fx': ['—']}
  holiness_b.convert_measures('five_effects')                    {'v': ['defiles_the_land', 'profanes_the_Name', 'removes_the_Presence', 'fells_by_the_sword', 'exiles'], 'p': 'IMPORT', 'why': "Sifra, Kedoshim, Chapter 8 5 — the measurer bears the judge's five names and causes his five effects: CALLED cold_run_holiness.conduct(five_effects) -> ['defiles_the_land', 'profanes_the_Name', 'removes_the_Presence', 'fells_by_the_
  holiness_b.convert_measures('four_just')                       {'v': 4, 'p': 'INK', 'why': '19:36 "JUST scales, JUST weights, a JUST ephah, a JUST hin" — the token four times in one verse (Onkelos: "truth" throughout)', 'fx': ['—']}
  holiness_b.convert_measures('ger_seats')                       {'v': [10, 33, 34], 'p': 'INK', 'why': "the convert at three seats of the chapter: 19:10 (the gifts' recipient), 19:33 (wronged not), 19:34 (the citizen; loved)", 'fx': ['—']}
  holiness_b.convert_measures('gloss_row')                       {'v': {'measure': 'land_measure', 'weight': 'the_balance_beam', 'capacity': ['the_large_liquid_measure', 'the_small', 'the_strike_rod']}, 'p': 'MOVE', 'why': 'Sifra, Kedoshim, Chapter 8 6 — the recorded lexicon variants (the liquid measure a hapax: 1)', 'fx': ['—']}
  holiness_b.convert_measures('hin_as_speech')                   {'v': 'your_no_be_just_and_your_yes_be_just', 'p': 'MOVE', 'why': 'Sifra, Kedoshim, Chapter 8 7 — R. Yosei b. R. Yehuda: the hin is within the ephah, so read the word as SPEECH', 'fx': ['—']}
  holiness_b.convert_measures('inspector')                       {'v': 'appoint_a_market_inspector', 'p': 'MOVE', 'why': '19:36 "there SHALL BE to you" — Sifra, Kedoshim, Chapter 8 8', 'fx': ['—']}
  holiness_b.convert_measures('intake_gate')                     {'v': 'all_but_one_thing_is_not_accepted', 'p': 'MOVE', 'why': '19:34 "AS THE CITIZEN" — Sifra, Kedoshim, Chapter 8 3: as the citizen accepted all the Torah\'s words, so the convert; R. Yosei b. R. Yehuda: even one scribal detail', 'fx': ['—']}
  holiness_b.convert_measures('keep_and_do')                     {'v': 'statutes_and_judgments_both', 'p': 'MOVE', 'why': '19:37 "keep all My statutes and all My judgments and do them" — Sifra, Kedoshim, Chapter 8 11', 'fx': ['—']}
  holiness_b.convert_measures('local_custom')                    {'v': 'small_not_large_level_not_heap', 'p': 'ANSWER-SHEET', 'why': 'Mishnah Bava Batra 5:11 — where they measure by the small, not the large; to level, not to heap: "a just ephah" = the custom\'s measure', 'fx': ['—']}
  holiness_b.convert_measures('love_convert')                    {'v': ['R._Akiva_love_your_neighbor', 'ben_Azzai_the_book_of_the_generations_of_man'], 'p': 'IMPORT', 'why': '19:34 "you shall love him as yourself" — Sifra, Kedoshim, Chapter 8 4: the neighbor command said again FOR THE CONVERT — CALLED cold_run_holiness.conduct(great_rule) -> [\'R._Akiva_love_your_neighbor\', \'ben_Azzai_the_book_of_the_generations_of_man\
  holiness_b.convert_measures('love_seats')                      {'v': [18, 34], 'p': 'INK', 'why': '"love... as yourself" at 19:18 (the neighbor) and 19:34 (the convert) — the great rule said twice', 'fx': ['love_owed']}
  holiness_b.convert_measures('measures_are_judgment')           {'v': 'one_clause_at_two_seats', 'p': 'IMPORT', 'why': '19:35 "do no wrong IN JUDGMENT — in measure, weight, capacity" ([\'במדה\', \'במשקל\', \'ובמשורה\']; Onkelos keeps the judgment frame): the clause at two seats [15, 35] — CALLED cold_run_holiness.conduct(judge_is_measurer) -> \'one_clause_at_two_seats\' (Sifra, Kedoshim, Chapter 8 5)', 'fx': ['judgment_p
  holiness_b.convert_measures('surcharges')                      {'v': {'liquid': 'one_in_ten', 'dry': 'one_in_twenty'}, 'p': 'DATA', 'why': 'Mishnah Bava Batra 5:11 — weighing exactly, he gives the tip-weights: a tenth for liquids, a twentieth for dry (Sifra, Kedoshim, Chapter 8 9; data)', 'fx': ['—']}
  holiness_b.convert_measures('tilt')                            {'v': 'a_handbreadth_to_the_buyer', 'p': 'ANSWER-SHEET', 'why': "Mishnah Bava Batra 5:11 — he must tilt the scale to the buyer (Sifra, Kedoshim, Chapter 8 9's protocol)", 'fx': ['—']}
  holiness_b.convert_measures('tonu_three_seats')                {'v': ['Lev 19:33', 'Lev 25:14', 'Lev 25:17'], 'p': 'INK', 'why': 'the wrong-verb "you shall not wrong" at three Leviticus seats [(\'Lev\', 19, 33), (\'Lev\', 25, 14), (\'Lev\', 25, 17)] — the convert here, the sale and the fellow in the jubilee chapter [IMPORT — cold_run_yovel\'s fraud rows]; Mishnah Bava Metzia 4:10 splits the verb into trade and words', '
  holiness_b.convert_measures('word_wrong')                      {'v': 'yesterday_an_idolater_banned', 'p': 'MOVE', 'why': '19:33 "you shall not WRONG him" — Sifra, Kedoshim, Chapter 8 2 (Mishnah Bava Metzia 4:10: to the convert\'s son "remember your fathers\' deeds" — the wronging by words)', 'fx': ['—']}
  holiness_b.convert_measures('you_were_strangers')              {'v': 'know_the_strangers_soul_from_your_own', 'p': 'MOVE', 'why': '19:34 "for you were strangers in the land of Egypt" — Sifra, Kedoshim, Chapter 8 4', 'fx': ['—']}
erection DATA keys                                               []
sanctuary_build DATA keys                                        []
covenant_at_horeb DATA keys                                      ['the_readback', 'the_second_word', 'the_visiting', 'the_no_image_list', 'the_tenth_word', 'the_sabbath_grounds', 'the_ninth_word', 'keep_and_remember', 'the_reward_clause', 'the_honor_by_call', 'the_receipts', 'the_two_copies', 'the_second_hole', 'the_export_division', 'the_mediator', 'the_return_to_tents', 'the_charge_to_teach', 'the_face_in_face', 'the_fathers_and_us', 'the_hear_and_do']
obey_horeb DATA keys                                             ['the_readback', 'the_law_bal_tosif', 'the_teach_your_sons', 'the_horeb_hole', 'the_ten_words_seats', 'the_tablets_plene', 'the_no_image_list', 'the_host_apportioned', 'the_bars_third_telling', 'the_exile_case', 'the_witnesses_chain', 'the_creed', 'the_inquiry_limits', 'the_instruments', 'the_three_cities', 'the_manslayer_definition', 'the_second_frame', 'the_number_switching', 'the_export_chapter_5']
not_righteousness DATA keys                                      ['the_readback', 'the_clock_read_back', 'the_offers_three_forms', 'the_tablets_three_spellings', 'the_taunts_four_forms', 'the_three_swaps', 'the_fourth_verb_dropped', 'solomon_and_nehemiah', 'the_ten_names_of_prayer', 'the_calfs_own_day', 'the_second_ascents_date', 'the_stiff_necks_six_seats', 'the_three_voices_on_one_pronoun', 'taberah_outside_the_ten', 'the_merit_of_the_fathers', 'the_crowns_of_horeb', 'the_asymmetry_megillah_4_10', 'the_three_requests', 'the_tablets_size', 'the_calfs_debt', 'the_provocations_order', 'the_uncited_verses', 'the_credits']
journeys DATA keys                                               ['the_stations', 'the_four_writings', 'the_morrow_of_the_passover', 'the_judgments_on_the_gods', 'the_deuteronomy_order', 'arads_hearing', 'aarons_age', 'the_death_date', 'the_eras_stamps', 'the_camps_extent', 'the_three_objects', 'the_lot_restated', 'negative_arm_outcome']
chukat DATA keys                                                 ['heifer_age', 'heifer_hairs', 'heifer_yoke', 'heifer_blemish', 'heifer_pregnant', 'heifer_from_gentile', 'who_burns', 'who_slaughters', 'work_invalidates', 'tvul_yom_fit', 'sprinkle_toward', 'bundle', 'ashes_thirds', 'nine_heifers', 'meilah_on_the_heifer', 'removes', 'tent_measure', 'tent_material', 'tent_gentile', 'bone_measure', 'field_phrase', 'sword_like_slain', 'vessel_census', 'tzamid_patil', 'living_water', 'mixing_order', 'third_day_fixed', 'punishment_split', 'minor_and_karet', 'high_priest_exempt', 'gentile_no_tumah', 'sprinkler_measure', 'sprinkler_or_carrier', 'sprinkler_who', 'who_sanctifies', 'sprinkling_day', 'a_clean_man', 'madaf', 'miriam_death_day', 'well_by_merit', 'death_by_the_kiss', 'meribah_sin', 'edom_passage', 'moserah', 'succession_by', 'aaron_mourned_by_all', 'arad_heard', 'captive_count']
bamidbar DATA keys                                               ['wilderness_firstborn_sanctity', 'zar_who_served', 'showbread_on_the_march', 'bread_always', 'threshold_edge', 'aaron_not_counted', 'the_lots', 'tachash_identity', 'num9_command_day', 'altar_height']
beha DATA keys                                                   ['lamps_geometry', 'lampstand_material', 'trumpet_material', 'trumpet_scope', 'levite_age', 'bull_age', 'blast_unit', 'teruah_form', 'blast_count_at_journeys', 'oppression_scope', 'temple_blasts', 'blasts_per_musaf', 'pestilence_threshold', 'seven_clouds', 'shekhinah_minimum', 'jethro_at_sinai', 'spies_sent_day', 'fire_at_the_edge', 'fish_for_nothing', 'five_foods', 'manna_taste_word', 'wilderness_meat', 'spread_or_slaughtered', 'sanhedrin_size', 'lots_mechanism', 'eldad_medad_prophecy', 'continued', 'restrain_them', 'descents', 'aaron_struck', 'who_declared_miriam', 'short_prayer_bounds', 'dayo', 'month_of_days']
korach DATA keys                                                 ['korach_death_mode', 'korach_share', 'earth_mouth', 'sons_of_korach', 'dispute_not_for_heaven', 'maintaining_a_dispute', 'wives', 'incense_stays_plague', 'staff_hidden_with', 'levite_at_another_work', 'zar_who_served', 'genealogy_chamber', 'the_twenty_four', 'betrothed_eats', 'terumah_measure', 'devotion_default', 'redemption_means', 'one_spilling', 'exclusion_table', 'tithe_recipient', 'tithe_thresholds', 'one_in_a_hundred', 'levite_wage_condition', 'every_place', 'firstborn_threshold', 'redeeming_lamb', 'lamb_responsibility', 'donkey_timing', 'raise_before_giving', 'firstborn_eaters', 'watch_places', 'lots', 'three_crowns', 'most_holy_portion_use', 'doubtful_terumah_watch', 'devotion_by_priests']
naso DATA keys                                                   ['fifth_base', 'secreting_minimum', 'merit_suspends', 'sotah_order', 'waters_abolished', 'nazir_default_days', 'nazir_wine_pair', 'face_lifted', 'blessing_name_by_place', 'princes_order', 'wagons_distribution', 'prince_exceptions', 'nazir_recount_day', 'sotah_witness_counts', 'nazir_leaves', 'general_prohibition_lashes', 'husband_died_ketubah', 'dust_order', 'vessel_joining', 'nazir_permitted_after', 'nazir_vow_scope', 'anointing_scope']
joseph DATA keys                                                 []
opening_speech DATA keys                                         ['the_readback', 'the_officers_table', 'the_seven_qualities', 'the_judges_charge', 'the_compromise', 'the_gentile_litigant', 'the_frame', 'the_date', 'the_horeb_command', 'the_spies_asked', 'the_bars_ground', 'the_dispossessions', 'the_bypass_commands', 'the_thirty_eight', 'the_edom_disagreement', 'the_ban', 'the_sixty_cities', 'ogs_bed', 'the_easts_borders', 'the_armed_passage', 'joshuas_charge', 'the_plea', 'the_four_directions', 'the_commission']
hear_o_israel DATA keys                                          ['the_readback', 'the_large_letters', 'the_spellings', 'the_two_sets', 'the_recitation_times', 'the_postures', 'the_exemptions', 'the_passages_order', 'the_tefillin_table', 'the_mezuzah_table', 'the_seven', 'the_list', 'the_oath_by_the_name', 'the_abutter', 'the_four_sons', 'the_receipt_without_the_name', 'the_creed_terms', 'the_files_diverge']
good_land DATA keys                                              ['the_readback', 'not_by_bread_alone', 'the_garment_and_the_foot', 'honey_without_milk', 'the_seven_species_seat', 'the_measures_seat', 'the_kings_law_tokens', 'my_power_my_hand', 'the_written_read_pair', 'the_interrogative_he', 'the_two_rocks', 'the_serve_bow_order', 'the_ten_uncited', 'the_credits', 'the_grace_conditional', 'the_four_blessings', 'the_blessing_before', 'the_heart_lifted']
seven_nations DATA keys                                          ['the_readback', 'the_devotings', 'the_three_readings_of_favor', 'the_shittim_exhibit', 'the_renaming', 'the_fewest', 'the_supplied_doctrine', 'the_written_read_pair', 'the_heel', 'the_blessing_list', 'the_name_from_under_heaven', 'the_two_lemmas', 'the_abomination_seats', 'the_morph_tag', 'the_eleven_uncited', 'the_credits', 'the_calfs_agency', 'the_bans_condition', 'the_pitys_row']
ordinances DATA keys                                             []
holiness_b DATA keys                                             []
JO.DATA the_deuteronomy_order                                    {'value': 'the_retreat_of_seven_stations', 'settings': {'the_retreat_of_seven_stations': "Deuteronomy 10:6 'from Beeroth-bene-jaakan to Moserah; THERE Aaron died' against 33:30-31 (Moseroth then Bene-jaakan) and 33:37-38 (the death at Mount Hor): after Arad's attack they retreated seven stations to Moserah and the mourning was renewed there (Seder Olam Rabbah 9:2 — 'did Aaron die in Moserah? did he not die at Mount Hor? rather, from where Aaron died they retreated seven stations') — the chukat runner's row CK.DATA['moserah'] READ", 'the_ink_alone': "two orders in the ink, no rule between them — Deuteronomy's Beeroth-bene-jaakan and Gudgodah another lemma from 33:31-32's Bene-jaakan and Hor-haggidgad"}, 'source': "33:30-38 against Deuteronomy 10:6-7 — MOSEROTH SEVEN CAMPS BEFORE MOUNT HOR BY INDEX (computed on the list): the shelf's seven = the ink's seven"}
CK.DATA moserah                                                  {'value': 'the_retreat_of_seven_stations', 'settings': {'the_retreat_of_seven_stations': "Deut 10:6 'there Aaron died' at Moserah — after the king of Arad came they retreated seven stations to Moserah, the mourning renewed there (Seder Olam Rabbah 9:2); Aaron died at Mount Hor (Num 20:28, 33:38)"}, 'source': 'Num 20:22-28; 33:30-38; Deut 10:6'}
NS.DATA face_lifted                                              {'value': 'when_they_do_his_will', 'settings': {'when_they_do_his_will': "the Sifrei 42:2: 6:26 'lift His face' when Israel do His will, Deut 10:17 'lifts no face' when not", 'beyond_the_letter': "Berakhot 20b: Israel go beyond the letter (blessing after an olive's bulk) — so favor", 'before_the_sentence': 'Niddah 70b: before the sentence He shows favor, after it not'}, 'source': '6:26 against Deut 10:17 — one contradiction, three recorded reconciliations'}
opening_speech.READBACK len / grades                             (42, {'SUPPLIED': 11, 'TURNED': 10, 'SHORTENED': 6, 'DISAGREES': 2, 'EXPANDED': 12, 'VERBATIM': 1})
obey_horeb.READBACK len / grades                                 (11, {'SHORTENED': 3, 'EXPANDED': 5, 'SUPPLIED': 2, 'DISAGREES': 1})
covenant_at_horeb.READBACK len / grades                          (21, {'VERBATIM': 5, 'VARIANT': 5, 'EXPANDED': 5, 'TURNED': 4, 'SUPPLIED': 2})
hear_o_israel.READBACK len / grades                              (7, {'VERBATIM': 3, 'EXPANDED': 3, 'SHORTENED': 1})
seven_nations.READBACK len / grades                              (21, {'EXPANDED': 8, 'VARIANT': 5, 'VERBATIM': 4, 'TURNED': 3, 'SHORTENED': 1})
good_land.READBACK len / grades                                  (18, {'VERBATIM': 6, 'EXPANDED': 4, 'TURNED': 2, 'SUPPLIED': 1, 'VARIANT': 5})
not_righteousness.READBACK len / grades                          (32, {'VERBATIM': 14, 'VARIANT': 12, 'EXPANDED': 4, 'TURNED': 1, 'SUPPLIED': 1})
==== THE TAPE'S LINES (kind | subject | first verse | the source head | the line's other fields):
  sworn_by_himself                     abraham                ('Gen', 22, 16)    Gen 22:16-18                                                 {}
  moses_ascended                       moses                  ('Exod', 24, 18)   Exod 24:18 — forty days and forty nights; the tablets at 31: {'ascender': 'moses', 'ascent': 'first', 'law': 'W7'}
  moses_interceded                     moses                  ('Exod', 32, 11)   Exod 32:11-14 — vayechal; the LORD relented; Berakhot 32a    {'intercessor': 'moses', 'plea': 'relent', 'sin_specified': False, 'law': 'W7'}
  levites_gathered                     the-levites            ('Exod', 32, 26)   Exod 32:26-29 + Yoma 66b:15 — whoever is for the LORD; fill  {'tribe': 'the-levites', 'slain': 'the-three-thousand', 'gathered_by': 'moses', 'law': 'W7'}
  moses_interceded                     moses                  ('Exod', 32, 31)   Exod 32:31-33 + Yoma 86b:14 + Rosh Hashanah 16b:14 — blot me {'intercessor': 'moses', 'plea': 'blot_me', 'sin_specified': True, 'sinners': 'the-sinners', 'law': 'W7'}
  moses_ascended                       moses                  ('Exod', 34, 2)    Exod 34:2-4, 34:28 — the second forty days; the radiant face {'ascender': 'moses', 'ascent': 'second', 'law': 'W7', 'slot': 'morning'}
  vessel_made                          the-craftsmen          ('Exod', 37, 1)    Exod 37:1-9                                                  {'vessel': 'ark', 'law': '12'}
  testimony_placed                     the-ark                ('Exod', 40, 20)   Exod 40:20                                                   {'law': '14'}
  levites_given                        the-levites            ('Num', 3, 5)      Num 3:5-13 — and the LORD spoke to Moses saying: bring near  {'given_to': 'aaron-and-sons', 'instead_of': 'the-firstborn-of-israel', 'ground_dated': 'the night of the plague', 'charges': ['his charge', "the congregation's charge"]}
  levites_purified_and_given           the-levites            ('Num', 8, 20)     Num 8:20-22 — and Moses and Aaron and all the congregation d {'wavings_in_run': 1, 'atoned': True, 'service_entered': True}
  levites_rebuked                      moses                  ('Num', 16, 8)     Num 16:8-11 — and Moses said to Korach: hear now, sons of Le {'words': 'is it too little; you seek the priesthood too; gathered against the LORD'}
  portion_declared                     the-levites            ('Num', 18, 20)    Num 18:20-24 — and the LORD said to Aaron: in their land you {'portion': 'I am your portion and your inheritance', 'tithe': 'all the tithe in Israel', 'condition': 'in exchange for their service'}
  journeyed_to_mount_hor               israel                 ('Num', 20, 22)    Num 20:22 — and they journeyed from Kadesh, and the children {'to': 'Mount Hor, by the border of the land of Edom'}
  garments_transferred_and_aaron_died  aaron                  ('Num', 20, 28)    Num 20:28 — and Moses stripped Aaron of his garments and put {'to': 'eleazar', 'age': 123, 'date': [40, 5, 1]}
  aaron_mourned_thirty_days            israel                 ('Num', 20, 29)    Num 20:29 — and all the congregation saw that Aaron had expi {'days': 30, 'who': 'all the house of Israel'}
  tablets_given                        moses                  ('Deut', 4, 13)    Deut 4:13 — and he wrote them on two tablets of stone (Exodu {'first_telling': 'Exod 31:18', 'plene': 'the tablets written plene (4:13)'}
  shema_declared                       israel                 ('Deut', 6, 4)     Deut 6:4-9 — hear, O Israel: the LORD our God, the LORD is o {'creed': 'hear, O Israel: the LORD our God, the LORD is one (6:4)', 'duties': ['recite', 'teach', 'bind', 'write']}
  nations_devoted                      israel                 ('Deut', 7, 1)     Deut 7:1-5 — when the LORD your God brings you into the land {'nations': "['the Hittite', 'the Girgashite', 'the Amorite', 'the Canaanite', 'the Perizzite', 'the Hi", 'objects': ['altars', 'pillars', 'Asherim', 'graven images']}
  hearing_blessed                      israel                 ('Deut', 7, 12)    Deut 7:12-16 — and it shall be, because you hear these judgm {'condition': 'because you hear these judgments and keep and do them (7:12)', 'blessings': ['love, blessing, increase (7:13)', 'no barren (7:14)', 'sickness removed (7:15)']}
  prayed_for_aaron                     moses                  ('Deut', 9, 20)    Deut 9:20 — and with Aaron the LORD was very angry, to destr {'for': 'aaron', 'anger': 'and with Aaron the LORD was very angry, to destroy him (9:20)', 'first_telling': '"told only here — Exodus 32:21-24 Aaron\'s report, 32:35 the plague \'which Aaron made\': no '}
==== THE MARKERS Exod 34:4 / 34:28 / 40:17 / Num 20:22 / 20:28 / Deut 9:20 / 9:21 in the TAPE block:
  assert_ink('Exod 34:28', [40, 40, 10]); M['second_tablets'] = w.clock.day_in('exodus', 1, WE.CAL_PARAMS['second_tablets_given']['value']['month'], WE.CAL_PARAMS['second_tablets_given']['value']['day']); M['second_ascent'] = M['second_tablets'] - 40; w.marker('Exod 34:4', M['second_ascent'], value='h
  assert_ink('Exod 40:17', [1], ordinals=[1]); M['erected'] = w.clock.day_in('exodus', 2, 1, 1); w.marker('Exod 40:17', M['erected'], value='the first month of the second year, the first of the month: the tabernacle erected (Shabbat 87b:6 the ten crowns)')   # the erection
  assert_ink('Num 20:22', []); M['hor_arrival'] = w.clock.day_in('exodus', 40, 4, 1); w.marker('Num 20:22', M['hor_arrival'], value='and they journeyed from Kadesh and came to Mount Hor (20:22) — READING-PLACED by Seder Olam Rabbah 9:2 (\'Israel stayed there three months\': Nisan, Iyar, Sivan at Kades
  assert_ink('Num 20:28', []); M['aaron_death'] = w.clock.day_in('exodus', ink_ordinals(verse_words('Num', 33, 38))[0], ink_ordinals(verse_words('Num', 33, 38))[1], ink_numbers(verse_words('Num', 33, 38))[0]); w.marker('Num 20:28', M['aaron_death'], value='and Aaron died there on the top of the mounta
  assert_ink('Deut 9:20', []); M['aaron_told'] = M['morrow']; w.marker('Deut 9:20', M['aaron_told'], value='and with Aaron the LORD was very angry, to destroy him; and I prayed for Aaron also at that time (9:20) — Aaron\'s peril TOLD ONLY HERE with no line on the tape (Exodus 32:21-24 Aaron\'s report,
  assert_ink('Deut 9:21', []); M['speech_resumed_9'] = M['speech']; w.marker('Deut 9:21', M['speech_resumed_9'], value='and your sin, the calf which you had made, I took and burned it with fire (9:21) — the speech resumes at its own day: the retrograde stretch of Aaron\'s peril ENDED, the counter\'s o
==== the tape's last Deuteronomy 9 lines and markers (the new lines go after them):
  assert_ink('Deut 9:20', []); M['aaron_told'] = M['morrow']; w.marker('Deut 9:20', M['aaron_told'], value='and with Aaron the LORD was very angry, to destroy him; and I prayed for Aaron also at that ti
  assert_ink('Deut 9:21', []); M['speech_resumed_9'] = M['speech']; w.marker('Deut 9:21', M['speech_resumed_9'], value='and your sin, the calf which you had made, I took and burned it with fire (9:21) —
