==== cold_run_hear_o_israel.the_four_duties sig ('case', 'data') (12759 chars) asks-in-source ['daughters_exempt', 'mezuzah_doorpost', 'mezuzah_gates', 'mezuzah_writing', 'recite_how', 'recite_when', 'recite_who', 'teach_your_sons', 'tefillin_arm', 'tefillin_compartments', 'tefillin_head', 'tefillin_order', 'tefillin_passages', 'the_passages', 'the_seven', 'the_write']
def the_four_duties(case, data):
        """F3 — Deut 6:6-9: THE FOUR DUTIES compiled for the first time — the recitation (times, postures, who, the passages), the teaching, the tefillin, the mezuzah; the write shema_commanded"""
        del P_[:]
        ask = case['ask']
        if ask == 'recite_when':
            i

  hear_o_israel.the_four_duties({ask:daughters_exempt})          ("the daughters (6:7) — 'your sons', not your daughters: the daughter EXEMPT from the teaching (Kiddushin 29b, 34a)", ['exempt'])
  hear_o_israel.the_four_duties({ask:mezuzah_doorpost})          ('the doorpost (6:9) — one post, the right as one enters, the upper third (Menachot 33a-34a; the Sifrei 36:3-5)', ['accepted'])
  hear_o_israel.the_four_duties({ask:mezuzah_gates})             ("the gates (6:9) — the dwelling's, not the bathhouse's (Yoma 11a; the Sifrei 36:6-8): the bathhouse owner EXEMPT", ['exempt'])
  hear_o_israel.the_four_duties({ask:mezuzah_writing})           ("the mezuzah's writing (6:9) — a scroll in ink with perfect letters, not the stones (Menachot 34a; Shabbat 103b; the Sifrei 36:1-2): the scroll-writer holds", ['accepted'])
  hear_o_israel.the_four_duties({ask:recite_how})                ('how to recite (6:7) — in his way (Hillel: the times, not the postures; R. Tarfon rebuked, Mishnah Berakhot 1:3): the reader by the road holds', ['accepted'])
  hear_o_israel.the_four_duties({ask:recite_when})               ("when to recite (6:7) — the evening from the priests' entering, the morning from blue against white: the times' table (Mishnah Berakhot 1:1-2; Berakhot 2a-2b) — the priest entering to eat his terumah begins it", ['accepted'])
  hear_o_israel.the_four_duties({ask:recite_who})                ("who recites (6:7) — the bridegroom EXEMPT the first night (Mishnah Berakhot 2:5; Berakhot 16a); the mourner, women, slaves and minors the table's other rows", ['exempt'])
  hear_o_israel.the_four_duties({ask:teach_your_sons})           ("teach your sons (6:7) — the father's duty to teach Torah, the disciples 'sons' (the Sifrei 34:1; Kiddushin 29a-30b); sharp in the mouth (30a)", ['accepted'])
  hear_o_israel.the_four_duties({ask:tefillin_arm})              ("the arm (6:8) — the left, the weak hand (Menachot 36b-37a; the Sifrei 35:5-10); the left-handed on his right, the amputee's arm the table's row", ['accepted'])
  hear_o_israel.the_four_duties({ask:tefillin_compartments})     ('the compartments (6:8) — the hand one, the head FOUR: a PARAMETER (the Sifrei 35:3-4; Menachot 34b-35a; Sanhedrin 4b), its derivation from the spellings the open row (11:18 plene in the ink)', ['accepted'])
  hear_o_israel.the_four_duties({ask:tefillin_head})             ("the head (6:8) — the hairline, not between the eyes: the place of hair by 14:1's analogy (Menachot 37a-b; the Sifrei 35:12)", ['accepted'])
  hear_o_israel.the_four_duties({ask:tefillin_order})            ('the order (6:8) — the hand bound first, the head removed first (Menachot 36a; the Sifrei 35:11)', ['accepted'])
  hear_o_israel.the_four_duties({ask:tefillin_passages})         ("the tefillin's passages (6:8) — the four that say 'a sign upon your hand' (Menachot 3:7: each invalidates the others)", ['accepted'])
  hear_o_israel.the_four_duties({ask:the_passages})              ('the passages (6:6) — three recited in order (Mishnah Berakhot 2:2), four bound (Menachot 3:7); two sets with two members each way, the ten words in neither (the Sifrei 34:2-3)', ['accepted'])
  hear_o_israel.the_four_duties({ask:the_seven})                 ('the seven (6:8-9) — the head, the arm, four fringes, the mezuzah surround a man (Menachot 43b; the Sifrei 36:9): a DATA row', ['accepted'])
  hear_o_israel.the_four_duties({ask:the_write})                 ("the write (6:4-9) — shema_commanded on Israel: the four duties standing from the chapter's own line", ['shema_commanded'])
==== cold_run_hear_o_israel.the_header sig ('case', 'data') (4484 chars) asks-in-source ['hear_and_observe', 'the_charge_executed', 'the_land_flowing', 'the_triad', 'your_sons_son']
def the_header(case, data):
        """F1 — Deut 6:1-3: the commandment's header (the triad 5:31 / 6:1 / 7:11; the charge EXECUTED — a reference row, no write); fear, the son's son, the land flowing"""
        del P_[:]
        ask = case['ask']
        if ask == 'the_triad':
            ink('6:1', '"and this is the co

  hear_o_israel.the_header({ask:hear_and_observe})               ("hear and observe (6:3) — the frame's charge: no write; 'that it may be well with you' the book's refrain (seven seats)", ['accepted'])
  hear_o_israel.the_header({ask:the_charge_executed})            ("the charge executed (6:1) — 'to teach you' runs 5:31's 'which you shall teach them': a REFERENCE row against stand_here_commanded, its debit closed by the prior run (Deut 1:5); NO write", ['accepted'])
  hear_o_israel.the_header({ask:the_land_flowing})               ("the land flowing (6:3) — the book's first 'milk and honey' (eleven Torah seats); the oath's promise the covenant's, its lines on the tape", ['accepted'])
  hear_o_israel.the_header({ask:the_triad})                      ("the triad (6:1) — the commandment, the statutes and the judgments: 5:31's charge opened here, 7:11 forward; the header's stamp, no write", ['accepted'])
  hear_o_israel.the_header({ask:your_sons_son})                  ("your son's son (6:2) — three generations in the fear; Exodus 10:2's kin: a DATA note, no write", ['accepted'])
==== cold_run_hear_o_israel.the_creed sig ('case', 'data') (4444 chars) asks-in-source ['hear_o_israel', 'love_and_fear', 'the_lord_is_one', 'with_all_your_heart', 'with_all_your_might', 'with_all_your_soul']
def the_creed(case, data):
        """F2 — Deut 6:4-5: hear, O Israel; the LORD is one; with all your heart, soul and might; love and fear"""
        del P_[:]
        ask = case['ask']
        if ask == 'hear_o_israel':
            ink('6:4', '"HEAR, O ISRAEL" — the four seats, all this book\'s %s; the imperative %s; 

  hear_o_israel.the_creed({ask:hear_o_israel})                   ("hear, O Israel (6:4) — the creed's call: Jacob's sons' answer the first saying (Pesachim 56a); the four seats all this book's", ['accepted'])
  hear_o_israel.the_creed({ask:love_and_fear})                   ("love and fear (6:5) — 'you shall love' the creed's command after its call; the one who acts from love greater (Sotah 31a; the Sifrei 32:1)", ['accepted'])
  hear_o_israel.the_creed({ask:the_lord_is_one})                 ("the LORD is one (6:4) — the two seats of the pair (6:4, Zechariah 14:9); the numeral the parser's [1]; the large letters a parked hypothesis", ['accepted'])
  hear_o_israel.the_creed({ask:with_all_your_heart})             ("with all your heart (6:5) — the two inclinations (Mishnah Berakhot 9:5; the Sifrei 32:2-4); 4:29's kin (OH by CALL)", ['accepted'])
  hear_o_israel.the_creed({ask:with_all_your_might})             ("with all your might (6:5) — the Bible's one seat of the word: money, measure and thanks (9:5; the Sifrei 32:7); Onkelos 'your property'", ['accepted'])
  hear_o_israel.the_creed({ask:with_all_your_soul})              ("with all your soul (6:5) — even if he takes your soul: the martyr's clause (R. Akiva, Berakhot 61b; Sanhedrin 74a)", ['accepted'])
==== cold_run_hear_o_israel.the_gift_and_the_warning sig ('case', 'data') (5744 chars) asks-in-source ['fear_serve_swear', 'lest_you_forget', 'no_other_gods', 'the_jealous_god', 'the_list']
def the_gift_and_the_warning(case, data):
        """F4 — Deut 6:10-15: the list; lest you forget; fear, serve, swear; no other gods; the jealous God"""
        del P_[:]
        ask = case['ask']
        if ask == 'the_list':
            ink('6:10-11', '"great and good cities which you did not build, houses full of al

  hear_o_israel.the_gift_and_the_warning({ask:fear_serve_swear}) ("fear, serve, swear (6:13) — the true oath a positive clause (Temurah 3b-4a), its prohibition the third word's (DC by CALL); the true swearer holds", ['accepted'])
  hear_o_israel.the_gift_and_the_warning({ask:lest_you_forget})  ("lest you forget (6:12) — obey_horeb's forgetting census (thirteen seats, 6:12 among them); the prohibition's seat 4:9 (OH by CALL)", ['accepted'])
  hear_o_israel.the_gift_and_the_warning({ask:no_other_gods})    ("no other gods (6:14) — the second word's clause: other_gods_barred stands from the giving (CH by CALL), no second write; the idolaters' companion the Tosefta's row", ['accepted'])
  hear_o_israel.the_gift_and_the_warning({ask:the_jealous_god})  ("the jealous God (6:15) — 4:24 and 5:9's word at its third Deuteronomy seat; the visiting's arms the second word's (CH by CALL); Onkelos the Shekhinah", ['accepted'])
  hear_o_israel.the_gift_and_the_warning({ask:the_list})         ("the list (6:10-11) — cities, houses, cisterns, vineyards and olives 'which you did not …': a DATA row; the spoil permitted by 6:11 (the Sifrei 201:3) owed to the war chapter", ['accepted'])
==== cold_run_good_land.the_frame sig ('case', 'data') (3937 chars) asks-in-source ['all_the_commandment', 'live_and_possess', 'no_receipt', 'the_oath_seats']
def the_frame(case, data):
        """F1 — Deut 8:1: all the commandment, that you may live and multiply and go in and possess (4:1 by CALL — the readback row), the oath's seats, no receipt"""
        del P_[:]
        ask = case['ask']
        if ask == 'all_the_commandment':
            ink('8:1', '"ALL THE COMMANDME

  good_land.the_frame({ask:all_the_commandment})                 ("all the commandment (8:1) — 'all the commandment which I command you this day' the book's eight seats, this the frame's; 'that you may live and multiply' the plural with the nun; no write", ['accepted'])
  good_land.the_frame({ask:live_and_possess})                    ("live and possess (8:1) — 4:1's exhortation's clause 'that you may live and go in and possess the land' (OH by CALL): the readback row VERBATIM in kind; 4:1, 8:1, 11:8 the three seats", ['accepted'])
  good_land.the_frame({ask:no_receipt})                          ("no receipt (8:1-20) — the register gate's finder (as / according to all that … commanded … the LORD) finds no seat in the chapter: 'which I command you' the giving, not a receipt; DECLARED 100 unmoved", ['accepted'])
  good_land.the_frame({ask:the_oath_seats})                      ("the oath's seats (8:1, 8:18) — 'swore' twice, no number (7:8's noun the parser's star; here the verb alone): the oath's three lines on the tape (SN by CALL); Onkelos 'established' for 'swore' at both", ['accepted'])
==== cold_run_good_land.the_way_of_forty_years sig ('case', 'data') (11808 chars) asks-in-source ['forty_years', 'keep_walk_fear', 'not_by_bread_alone', 'the_discipline', 'the_garment_and_the_foot', 'the_humbling', 'the_manna', 'the_messianic_forty', 'the_test']
def the_way_of_forty_years(case, data):
        """F2 — Deut 8:2-6: the forty years (the decree by kind, SL by CALL), the test (16:4's clause), the humbling (the analogy's guards), the manna (ES and BH by CALL), not by bread alone, THE GARMENT AND THE FOOT (the fifth form — SUPPLIED), the discipline (1:

  good_land.the_way_of_forty_years({ask:forty_years})            ("forty years (8:2, 8:4) — [40] twice, 2:7 the same phrase; the decree's years (SL by CALL: [40, 40] a day for a year; ES's forty years of manna): the readback row 8:2 EXPANDED — the purpose supplied", ['accepted'])
  good_land.the_way_of_forty_years({ask:keep_walk_fear})         ("keep, walk, fear (8:6) — 'to walk in his ways' 8:6, 30:16 and Solomon's charge; 'to fear him' the one seat; 10:12's 'what does the LORD your God ask of you' forward; Onkelos supplies 'right before him': a DATA note, no write", ['accepted'])
  good_land.the_way_of_forty_years({ask:not_by_bread_alone})     ("not by bread alone (8:3) — 'but by everything that proceeds from the mouth of the LORD': a teaching, not an act (the Sifrei 48:10 — the exposition; Onkelos 'the Word of the LORD'); the daily manna's reason on the shelf — everyone's heart to Heaven every day (Yoma 76a:2-3); 18:5's living by CALL: a DATA row, no write", ['accepted'])
  good_land.the_way_of_forty_years({ask:the_discipline})         ("the discipline (8:5) — 'as a man disciplines his son, so the LORD your God disciplines you': 1:31's carrying made the discipline (OS by CALL — the readback row VARIANT); the Land acquired through suffering, the second of three gifts (Berakhot 5a:20-22; the afflictions of love 5a:10); Onkelos 'teaches'", ['accepted'])
  good_land.the_way_of_forty_years({ask:the_garment_and_the_foot}) ("the garment and the foot (8:4) — a STATE over forty years told only here (29:4 the plural garments; Nehemiah 9:21 the only other 'did not swell'; Onkelos 'your shoes did not go bare'): no line on the tape, no entry on any ledger (the scan empty) — the readback's FIFTH FORM, graded SUPPLIED with NO retrograde write (a condition has no day); cited by no row 
  good_land.the_way_of_forty_years({ask:the_humbling})           ("the humbling (8:2-3, 8:16) — 'to humble you … he humbled you and let you hunger': the verb's seven Deuteronomy seats; the Day's affliction is HUNGER by the verbal analogy with 8:3 (Yoma 74b:11) — the analogy guarded twice: the public's affliction from the public's, God's hand from God's hand (74b:12-13); Onkelos 'afflict'", ['accepted'])
  good_land.the_way_of_forty_years({ask:the_manna})              ("the manna (8:3, 8:16) — 'fed you the manna which you did not know, nor did your fathers know': the tape's manna_fell (Exodus 16:13-15; ES by CALL — day by day, forty years) and the craving's manna (Numbers 11 — BH by CALL: the tastes, the five foods): the readback rows 8:3 TURNED (the hunger God's act, the murmuring's occasion the humbling's means) and 8:1
  good_land.the_way_of_forty_years({ask:the_messianic_forty})    ("the messianic forty (8:3) — R. Eliezer: the days of the Messiah forty years, 'afflicted' at 8:3 and Psalm 90:15 a verbal analogy (Sanhedrin 99a): the exam's row on the two [40]s, a DATA note", ['accepted'])
  good_land.the_way_of_forty_years({ask:the_test})               ("the test (8:2) — 'whether you would keep his commandments or not': the manna's own test clause (Exodus 16:4 — the readback row VERBATIM in kind), the book's one interrogative he; the trials' direction reversed (ES by CALL: Israel tested God six times by the exodus; here God tests Israel); the Akedah's verb (MA by CALL)", ['accepted'])
==== cold_run_good_land.the_good_land sig ('case', 'data') (23092 chars) asks-in-source ['eat_be_satisfied_bless', 'honey_without_milk', 'iron_and_copper', 'lack_nothing', 'less_than_an_egg_bulk', 'the_blessing_before', 'the_first_fruits', 'the_four_blessings', 'the_good_land', 'the_grace_conditional', 'the_grace_in_any_language', 'the_meals_base', 'the_meals_end', 'the_measure_of_satisfied', 'the_measures_seat', 'the_persons', 'the_sabbath_forgotten', 'the_seven_species', 'the_waters', 'the_write']
def the_good_land(case, data):
        """F3 — Deut 8:7-10: the good land (6:3 and 6:10-11 by CALL — the readback row), the waters, THE SEVEN SPECIES (the order of blessings, the measures), honey without milk, lack nothing (2:7 by CALL), iron and copper, EAT AND BE SATISFIED AND BLESS — THE WRITE (the g

  good_land.the_good_land({ask:eat_be_satisfied_bless})          ("eat, be satisfied, bless (8:10) — the Torah's one command to bless him: THE GRACE AFTER THE MEAL BY TORAH LAW (Berakhot 21a:3; 20b:16 the after by the Torah, the before by the Sages), the four blessings from the verse cut three ways (48b:5; Tosefta Berakhot 6:1; 48b:6 Rabbi's), 23:25's bread and water beside it (OR by CALL; 48b:7): THE CODE'S HOLE compiled
  good_land.the_good_land({ask:honey_without_milk})              ("honey without milk (8:8) — 'a land of olive oil and honey': 'flowing with milk and honey' twenty seats, none here — the honey the fruit's (the date's, Berakhot 41b:3; Onkelos 'which makes honey'), not the herd's: a DATA row", ['accepted'])
  good_land.the_good_land({ask:iron_and_copper})                 ("iron and copper (8:9) — 'whose stones are iron and out of whose hills you may hew copper': iron's eight seats in the book, copper's three, the hewing 6:11's cisterns' verb; 'stones' read 'builders' — the scholars tough as iron (Taanit 4a:3): a DATA note", ['accepted'])
  good_land.the_good_land({ask:lack_nothing})                    ("lack nothing (8:9) — 'you shall not lack anything in it': 2:7's receipt 'you have lacked nothing' (OS by CALL — the readback row VERBATIM in kind); the pepper tree grows there (R. Meir, three seats); 28:48's 'in want of all things' the inversion forward: no write", ['accepted'])
  good_land.the_good_land({ask:less_than_an_egg_bulk})           ("less than an egg-bulk (8:10) — R. Tzadok ate it outside the sukkah and did not bless after: not 'satisfied' (Mishnah Sukkah 2:5; Sukkah 26b; Chullin 107a): EXEMPT from the grace", ['exempt'])
  good_land.the_good_land({ask:the_blessing_before})             ("the blessing before (8:10) — every derivation refuted (the praises, the a fortiori from the satiated to the hungry, the seven species, 'which he gave you', Exodus 23:25 read 'you shall bless', Saul's blessing) and the rule FOUNDED ON REASON — no benefit from this world without a blessing (Berakhot 35a:18-19), rabbinic (20b:16; 21a:2, 21a:6): the write name
  good_land.the_good_land({ask:the_first_fruits})                ("the first fruits (8:8) — only from the seven species (Mishnah Bikkurim 1:3; Menachot 84a-b's verbal analogy 'land' / 'your land' — the Sifrei 297:4's on 'bring'); from beyond the Jordan brought and recited (1:10 — R. Yosei HaGelili's dissent: 'not a land flowing with milk and honey'); the seven vessels (Tosefta Bikkurim 2:8): the bringer from beyond the Jo
  good_land.the_good_land({ask:the_four_blessings})              ("the four blessings (8:10) — the verse cut three ways: the baraita's (48b:5 — 'bless' the food's, 'the LORD your God' the invitation, 'for the land', 'good' Jerusalem, 'which he gave you' the good and beneficent), the Tosefta's (6:1 — the invitation on 'bless'), Rabbi's (48b:6 — the invitation from Psalm 34:3, the fourth blessing Yavne's with no verse; its 
  good_land.the_good_land({ask:the_good_land})                   ("the good land (8:7, 8:10) — twelve seats of 'a good land', the chapter's refrain; 6:3's 'flowing with milk and honey' and 6:10-11's gift (HI by CALL): the readback row 8:7-9 EXPANDED — the waters, the seven species, iron and copper; honey without milk", ['accepted'])
  good_land.the_good_land({ask:the_grace_conditional})           ("the grace conditional (8:10) — 'not an obligation: if he wants he eats, if not, not' (Berakhot 49b:4): the New Moon forgotten in the grace is not returned for, unlike the prayer's (49b:3): the forgetter of the New Moon EXEMPT from the return; the status's trigger is the eating", ['exempt'])
  good_land.the_good_land({ask:the_grace_in_any_language})       ("the grace in any language (8:10) — 'bless' in any language that you bless (Sotah 33a:10; Mishnah Sotah 7:1): the one who blesses in another language holds", ['accepted'])
  good_land.the_good_land({ask:the_meals_base})                  ("the meal's base (8:10) — 'a land in which you shall eat BREAD' (8:9) concluded the matter: the grace's object bread (Berakhot 44a:10 the Rabbis; the seven species one blessing abridged from three, 44a:12); no meal is based on wine — the one who based his on wine says no full grace (35b:20-21); whatever satiates and a meal is based on requires it — 'that is
  good_land.the_good_land({ask:the_meals_end})                   ("the meal's end and the reciter (8:10) — a second blessing only after the table was removed (Berakhot 42a:5); THE THREE PAIRS: the last washing and the grace at once (42a:7; Sotah 4b:6 the last water lowered); he who washes first after the meal is designated for the grace (43a:11-12): the exam's rules on the status's moment", ['accepted'])
  good_land.the_good_land({ask:the_measure_of_satisfied})        ("the measure of 'satisfied' (8:10) — a PARAMETER with a Torah edge: below satisfaction the obligation rabbinic (Berakhot 20b:14); R. Meir an olive-bulk ('eat' eating, 'be satisfied' drinking), R. Yehuda an egg-bulk (eating that satisfies) from the two verbs (49b:9; Pesachim 49b; Yoma 79b; Mishnah Berakhot 7:2): the eater of an olive-bulk obligated by the Sa
  good_land.the_good_land({ask:the_measures_seat})               ("the measures from the verse (8:8) — Rav Chanan: the whole verse for the Torah's measures (Eruvin 4a; Sukkah 5b; Berakhot 41a:9-41b:3 — wheat the half-loaf, barley the bone, the vine the quarter-log, the fig the carrying, the pomegranate the vessel, the olive most measures, the date the Day's); the measures rabbinic and the verse a support (41b:3); the Ramb
  good_land.the_good_land({ask:the_persons})                     ("the grace's persons (8:10) — women obligated, by the Torah or the Sages OPEN (Berakhot 20b:1, 20b:11-14; a woman blesses for her husband under the Sages' curse, 20b:12); the priests at the atonement meal form the invitation (Arakhin 4a); consecrated food needs the blessing (Bava Metzia 114a); the minor blesses for a father who ate without satisfaction (20b
  good_land.the_good_land({ask:the_sabbath_forgotten})           ("the Sabbath forgotten (8:10) — where eating is commanded the omission is returned for: R. Sheila's 'return to the beginning' once the fourth blessing was begun, Rav Huna's short blessing before it (49a:19, 49b:1-2, 49b:5): the forgetter of the Sabbath returns", ['accepted'])
  good_land.the_good_land({ask:the_seven_species})               ("the seven species (8:8) — the one verse in the Bible holding all seven; THE ORDER OF BLESSINGS BY THE VERSE (Berakhot 41a:8 — each food that precedes in the verse precedes in the blessing; R. Yehuda's arm of Mishnah Berakhot 6:4, Ulla's refinement) and RAV HAMNUNA'S TWO 'LAND'S (41b:5 — the date second to the second 'land', the pomegranate fifth to the fir
  good_land.the_good_land({ask:the_waters})                      ("the waters (8:7) — brooks (three seats), springs and deeps (one — the deeps' Torah seats the Sea's), the valley and the hill (one); the Sifrei 39:8: the Land drinks irrigation water too; Onkelos 'flowing brooks': a DATA note", ['accepted'])
  good_land.the_good_land({ask:the_write})                       ("the write (8:7-10) — the grace's status on Israel at the chapter's first line, the counter's own day, no marker", ['bless_after_eating_commanded'])
==== cold_run_good_land.the_testimony sig ('case', 'data') (8580 chars) asks-in-source ['hearken_plural', 'i_testify', 'if_you_forget', 'like_the_nations', 'other_gods_serve_bow', 'the_heel', 'the_readback_table', 'the_write']
def the_testimony(case, data):
        """F6 — Deut 8:19-20: if you surely forget (the case), other gods served and bowed (the second word by CALL — the order reversed), I TESTIFY — THE WRITE (4:26's effect reused), like the nations (the ban by kind — the measure for measure), because (the heel), hearke

  good_land.the_testimony({ask:hearken_plural})                  ("hearken, plural (8:20) — 'the voice of the LORD your God' plural at the frame's close, the chapter's one plural of the phrase (the ten seats in the book); 'not hearken to the voice' 28:15, 45, 62 forward: the frame's close, a DATA note", ['accepted'])
  good_land.the_testimony({ask:i_testify})                       ("I testify against you this day (8:19) — 4:26's testimony at its second seat: heaven and earth the witnesses there, 'I' here (OH by CALL — the cell's effect heaven_and_earth_witness; the tape's witnesses_called found): the readback row VARIANT; THE WRITE — the effect REUSED on Israel at the chapter's third line, no new effect; 30:18 forward", ['accepted'])
  good_land.the_testimony({ask:if_you_forget})                   ("if you surely forget (8:19) — the infinitive absolute, the forget-lemma's one such form in the Bible; the case token 'if' with 'and it shall be'; the Sifrei 48:8: 'a day you leave me, two days I leave you'; Onkelos doubles it: the case's head, a DATA note", ['accepted'])
  good_land.the_testimony({ask:like_the_nations})                ("like the nations (8:20) — 'like the nations which the LORD makes to perish before you, so shall you perish': the ban's nations (SN by CALL — the tape's nations_devoted found): the readback row TURNED — the measure for measure, Israel like the nations; Onkelos 'the idols of the peoples' at 8:19", ['accepted'])
  good_land.the_testimony({ask:other_gods_serve_bow})            ("other gods, serve and bow (8:19) — the second word's clause with the order reversed (serve-then-bow at 8:19, 11:16, 17:3, 29:25; bow-then-serve at 4:19, 30:17 and the ten words — CH by CALL: the bower stoned, the block other_gods_barred standing): the readback row VARIANT; the serve/bow order a DATA row; no second write", ['accepted'])
  good_land.the_testimony({ask:the_heel})                        ("because (8:20) — the heel's second Deuteronomy seat (7:12 the first — SN by CALL; Genesis 22:18 and 26:5 Abraham's 'because you hearkened'): 'because you would not hearken to the voice of the LORD your God' — the heel turned against the hearer; Onkelos 'in exchange for': a DATA row", ['accepted'])
  good_land.the_testimony({ask:the_readback_table})              ("the readback table — eighteen rows graded (VERBATIM 6, VARIANT 5, EXPANDED 4, TURNED 2, SUPPLIED 1); ten on the tape, seven in the kin's cells by CALL; the one SUPPLIED row the garment's; three holes named; no row open", ['accepted'])
  good_land.the_testimony({ask:the_write})                       ("the write (8:19-20) — the testimony's entry on Israel at the chapter's third line: 4:26's effect reused, no new effect", ['heaven_and_earth_witness'])
==== cold_run_seven_nations.the_seven_nations sig ('case', 'data') (14789 chars) asks-in-source ['no_covenant', 'no_favor', 'no_marriage', 'no_other_way', 'praise_of_the_creator', 'the_asherah_shade', 'the_asherah_wood', 'the_ban', 'the_bans_condition', 'the_child_follows_the_mother', 'the_four_objects', 'the_seven', 'the_write']
def the_seven_nations(case, data):
        """F1 — Deut 7:1-5: the seven counted, THE BAN (the code's hole — the debit open to Joshua), no covenant, NO FAVOR (the hole), no marriage both ways, the four objects; the writes"""
        del P_[:]
        ask = case['ask']
        if ask == 'the_seven':
            ink('7:1

  seven_nations.the_seven_nations({ask:no_covenant})             ("no covenant (7:2) — 23:32's clause verbatim in kind (OR and ER by CALL): covenant_barred written here for the first time on the tape, the border block standing from the Moab giving", ['accepted'])
  seven_nations.the_seven_nations({ask:no_favor})                ("no favor (7:2) — the code's hole compiled: no land, no praise, no gift (Avodah Zarah 20a; Mishnah 1:8): the renter of a house to a gentile in the Land barred — favor_barred on Israel", ['accepted'])
  seven_nations.the_seven_nations({ask:no_marriage})             ("no marriage (7:3) — both directions barred where 34:16 barred one (ER by CALL); the betrothal with a gentile woman ineffective (Kiddushin 68b): the gentile woman's betrothed holds no betrothal — intermarriage_barred on Israel", ['accepted'])
  seven_nations.the_seven_nations({ask:no_other_way})            ('no other way (7:5) — one with no other way may pass beneath the Asherah ab initio (Avodah Zarah 48b:8): EXEMPT; an important person runs', ['exempt'])
  seven_nations.the_seven_nations({ask:praise_of_the_creator})   ('the praise of the Creator (7:2) — thanks to God for his creatures is not favor to the creature (Avodah Zarah 20a:11): the praiser who thanks the Creator EXEMPT', ['exempt'])
  seven_nations.the_seven_nations({ask:the_asherah_shade})       ("the Asherah's shade (7:5) — not sat in, even the shade of its shade (Mishnah 3:8; Avodah Zarah 48b): the sitter in the Asherah's shade barred", ['accepted'])
  seven_nations.the_seven_nations({ask:the_asherah_wood})        ("the Asherah's wood (7:5, 7:26) — used, its user is FLOGGED (Makkot 22a; Pesachim 48a): the wood-burner lashed; the redemption R. Eliezer's (Avodah Zarah 49b)", ['lashes'])
  seven_nations.the_seven_nations({ask:the_ban})                 ("the ban (7:2) — 'you shall utterly devote them': the code's hole compiled — a DEBIT on Israel open to Joshua; the east's devotings runs before the spec; the dispossession's debit referenced (JO by CALL), not doubled", ['accepted'])
  seven_nations.the_seven_nations({ask:the_bans_condition})      ("the ban's condition (7:2) — the Canaanite outside the Land, or who repents, is not devoted (Sotah 35b-36a; 20:16-18 and 21:10 forward): EXEMPT from the ban's debit", ['exempt'])
  seven_nations.the_seven_nations({ask:the_child_follows_the_mother}) ("the child follows the mother (7:3-4) — the gentile woman's son is hers, not yours (Kiddushin 68b; Yevamot 23a; Mishnah Kiddushin 3:12; ER by CALL): the gentile mother's son not his father's", ['accepted'])
  seven_nations.the_seven_nations({ask:the_four_objects})        ("the four objects (7:5) — four verbs where 34:13 had three, the images burned (ER and JO by CALL); the demolition a reference row against the dispossession's open debit; the shelf's order: fell, conquer, eradicate", ['accepted'])
  seven_nations.the_seven_nations({ask:the_seven})               ('the seven (7:1) — the list counted by its own verse: seven where every Exodus list has six, the Girgashite the seventh (ER by CALL); the readback row EXPANDED', ['accepted'])
  seven_nations.the_seven_nations({ask:the_write})               ("the write (7:1-5) — the ban's debit open to the run and the three border blocks on Israel at the chapter's first line", ['commanded', 'covenant_barred', 'favor_barred', 'intermarriage_barred'])
==== cold_run_seven_nations.the_holy_people sig ('case', 'data') (5383 chars) asks-in-source ['brought_out_redeemed', 'chose_you', 'holy_people', 'the_fewest', 'the_oath']
def the_holy_people(case, data):
        """F2 — Deut 7:6-8: a holy people, the treasure, chose you, the fewest, the love and the oath, brought out and redeemed — the readback's rows 7:6, 7:8; no write"""
        del P_[:]
        ask = case['ask']
        if ask == 'holy_people':
            ink('7:6', '"for you are a

  seven_nations.the_holy_people({ask:brought_out_redeemed})      ("brought out and redeemed (7:8) — the going out read back with the oath's reason (ES by CALL; the tape's brought_out found): the readback row EXPANDED; no write", ['accepted'])
  seven_nations.the_holy_people({ask:chose_you})                 ("chose you (7:6-7) — the choice of the people after 4:37's choice of the fathers' seed (OH by CALL); 'set his love' the captive's and Shechem's word", ['accepted'])
  seven_nations.the_holy_people({ask:holy_people})               ("a holy people (7:6) — 19:5-6's treasure and holy nation read back with 14:2 the pair; treasured_people stands (ES by CALL); the readback row EXPANDED", ['accepted'])
  seven_nations.the_holy_people({ask:the_fewest})                ("the fewest (7:7) — 'not because you were more': the humblest, on the shelf (Chullin 89a); Onkelos 'the smallest': a DATA row, no write", ['accepted'])
  seven_nations.the_holy_people({ask:the_oath})                  ('the oath (7:8) — the noun starred by the parser, the swearing no number; the three lines on the tape (MA and JS by CALL); the pointers at 7:8, 7:12, 7:13', ['accepted'])
==== cold_run_seven_nations.because_you_hear sig ('case', 'data') (9307 chars) asks-in-source ['consume_no_pity', 'covenant_kept', 'no_barren', 'no_serving_snare', 'the_blessing_list', 'the_diseases', 'the_heel', 'the_write']
def because_you_hear(case, data):
        """F4 — Deut 7:12-16: because (the heel), the covenant kept and the blessings (the write blessings_for_hearing), no barren, the diseases turned, CONSUME WITHOUT PITY (the write pity_barred — the hole), no serving (the snare)"""
        del P_[:]
        ask = case['ask'

  seven_nations.because_you_hear({ask:consume_no_pity})          ("consume without pity (7:16) — the code's hole compiled on the ink alone (no row on the shelf); 'consume' the war's spoil only — the robber of a gentile barred (Bava Kamma 113b): pity_barred on Israel", ['accepted'])
  seven_nations.because_you_hear({ask:covenant_kept})            ("the covenant kept (7:12) — 19:5's condition read back as 'because you hear', the covenant kept by God: the readback row VARIANT; blessings_for_hearing a conditional heaven entry on Israel", ['accepted'])
  seven_nations.because_you_hear({ask:no_barren})                ("no barren (7:14) — 23:26's clause verbatim in kind with the cattle added (OR by CALL): the readback row VERBATIM", ['accepted'])
  seven_nations.because_you_hear({ask:no_serving_snare})         ("no serving, a snare (7:16) — 23:33's snare restated (OR by CALL); the second word's block stands (CH by CALL), no second write: the readback row VARIANT", ['accepted'])
  seven_nations.because_you_hear({ask:the_blessing_list})        ("the blessing's list (7:13) — 23:25's bread and water expanded to womb, ground, grain, wine, oil, cattle and flock (OR by CALL): the readback row 7:13-15 EXPANDED; the flock's 'young' tagged a name in the DB", ['accepted'])
  seven_nations.because_you_hear({ask:the_diseases})             ("the diseases (7:15) — 15:26's healer's promise turned: the diseases of Egypt laid on those who hate you (ES by CALL; the tape's healer_promised found): the readback row TURNED", ['accepted'])
  seven_nations.because_you_hear({ask:the_heel})                 ("because (7:12) — the heel as a conjunction, 'in consequence of' at five seats; Onkelos 'in exchange for': the portion's name; a DATA row", ['accepted'])
  seven_nations.because_you_hear({ask:the_write})                ("the write (7:12-16) — the blessings' conditional entry and the pity's block on Israel at the chapter's second line", ['blessings_for_hearing', 'pity_barred'])
==== cold_run_seven_nations.do_not_fear sig ('case', 'data') (8868 chars) asks-in-source ['in_your_midst', 'little_by_little', 'remember_pharaoh', 'the_doubt', 'the_hornet', 'the_kings_and_the_name', 'the_trials']
def do_not_fear(case, data):
        """F5 — Deut 7:17-24: the doubt, remember Pharaoh (the plagues read back), the trials, the hornet, in your midst, little by little, the kings and the name — promise and exhortation, NO write (the war chapter's fear rule owed forward)"""
        del P_[:]
        ask = case['

  seven_nations.do_not_fear({ask:in_your_midst})                 ("in your midst (7:21) — 6:15's pair, Onkelos the Shekhinah at both (HI by CALL); 'a great and awesome God' 10:17's four", ['accepted'])
  seven_nations.do_not_fear({ask:little_by_little})              ("little by little (7:22) — 23:29-30's clause verbatim in kind, the beasts' reason kept (OR by CALL): the readback row VERBATIM; the pointer at 7:22", ['accepted'])
  seven_nations.do_not_fear({ask:remember_pharaoh})              ("remember Pharaoh (7:18-19) — the plagues, the sea, the signs and the wonders in one clause (ES by CALL; the tape's ten lines found): the readback row SHORTENED; the fear rule owed to the war chapter", ['accepted'])
  seven_nations.do_not_fear({ask:the_doubt})                     ("the doubt (7:17) — the spies' fear voiced again ('more than I; how can I') against 1:28 and 4:38 (OS and OH by CALL); no write", ['accepted'])
  seven_nations.do_not_fear({ask:the_hornet})                    ("the hornet (7:20) — 23:28's promise with the hiders added (OR by CALL): the readback row EXPANDED; the hornet at the Jordan's bank on the shelf (Sotah 36a)", ['accepted'])
  seven_nations.do_not_fear({ask:the_kings_and_the_name})        ("the kings and the name (7:23-24) — 23:27 and 23:31 expanded with the kings, the name from under heaven (Amalek's phrase) and Joshua 1:5's receipt (OR and ES by CALL): the readback row EXPANDED", ['accepted'])
  seven_nations.do_not_fear({ask:the_trials})                    ("the great trials (7:19) — 4:34's list read back (ES and OH by CALL); Onkelos 'the miracles'; 16:10's measure the homograph", ['accepted'])
==== cold_run_not_righteousness.the_frame sig ('case', 'data') (9885 chars) asks-in-source ['consuming_fire', 'fortified_to_the_heavens', 'hear_o_israel', 'nations_greater', 'not_for_your_righteousness', 'stiff_necked', 'the_anakim', 'the_oath_to_the_fathers']
def the_frame(case, data):
        """F1 — Deut 9:1-6: Hear, O Israel; the nations greater and mightier (4:38, 7:1 by CALL); the fortified cities and the Anakim (1:28 by CALL — the hyperbole rule); the consuming fire (4:24 by CALL); NOT FOR YOUR RIGHTEOUSNESS — the three reasons; the oath to the fathers

  not_righteousness.the_frame({ask:consuming_fire})              ("a consuming fire (9:3) — 4:24's phrase (OH by CALL), the fire the dispossessor here: the readback row VERBATIM in kind; Onkelos the Memra (the Word) a consuming fire at both seats", ['accepted'])
  not_righteousness.the_frame({ask:fortified_to_the_heavens})    ("fortified to the heavens (9:1) — 1:28's phrase with the spelling changed (OS by CALL): the readback row VARIANT; THE HYPERBOLE RULE — an exaggeration, not a height (Chullin 90b:12; Tamid 29a:8)", ['accepted'])
  not_righteousness.the_frame({ask:hear_o_israel})               ("hear, O Israel (9:1) — the call's fourth seat (5:1, 6:4, 9:1, 20:3): the frame of a retelling, Moses' voice, no divine frame; no write", ['accepted'])
  not_righteousness.the_frame({ask:nations_greater})             ("nations greater and mightier than you (9:1) — 4:38's clause (OH by CALL) and 7:1's without the count (SN by CALL): the readback row VERBATIM in kind; the parser silent", ['accepted'])
  not_righteousness.the_frame({ask:not_for_your_righteousness})  ("not for your righteousness (9:4-6) — the boast barred ('do not say in your heart', the one seat), the three reasons named; Onkelos merit for righteousness; the shelf's converse: the Torah given for impudence (Beitzah 25b:7); no write", ['accepted'])
  not_righteousness.the_frame({ask:stiff_necked})                ("stiff-necked (9:6) — the phrase's six seats all the calf's (ER.calf('saru_stiff') by CALL): a STATE in the first telling, no write, no entry (the scan empty); the readback rows 9:6 and 9:13 VERBATIM in kind", ['accepted'])
  not_righteousness.the_frame({ask:the_anakim})                  ("the Anakim (9:2) — 1:28's 'great and tall' and the spies' giants (SL by CALL): the readback row VERBATIM in kind", ['accepted'])
  not_righteousness.the_frame({ask:the_oath_to_the_fathers})     ("the oath to the fathers (9:5) — 'swore' the verb's one chapter seat, the triad's eleven seats; the tape's sworn_by_himself (Gen 22:16) by kind: the readback row VERBATIM in kind", ['accepted'])
==== cold_run_obey_horeb.the_one_god sig ('case', 'data') (7194 chars) asks-in-source ['because_he_loved_your_fathers', 'from_heaven_the_voice', 'keep_the_statutes', 'know_this_day', 'the_former_days', 'the_nation_from_a_nation', 'the_voice_and_lived', 'to_dispossess_nations', 'you_were_shown']
def the_one_god(case, data):
        del P_[:]
        ask = case['ask']
        if ask == 'the_former_days':
            ink('4:32', '"ask now of the former days which were before you, since the day God created man upon the earth, from one end of heaven to the other" — "ask now of the days" %s; "former" the adject

  obey_horeb.the_one_god({ask:because_he_loved_your_fathers})    ("because he loved your fathers (4:37) — the choice of the seed (Genesis 17's phrase; PR by CALL); the outbringing READ BACK", ['accepted'])
  obey_horeb.the_one_god({ask:from_heaven_the_voice})            ('from heaven the voice (4:36) — Exodus 20:22 READ BACK (DC by CALL for the seat; the Mekhilta credited by name)', ['accepted'])
  obey_horeb.the_one_god({ask:keep_the_statutes})                ("keep the statutes (4:40) — the reward clause: well with you, prolonged days (5:16's pair forward)", ['accepted'])
  obey_horeb.the_one_god({ask:know_this_day})                    ("know this day (4:39) — the creed's second seat: Rahab's and Solomon's words outside the Torah; the seventh son's (Gittin 57b)", ['accepted'])
  obey_horeb.the_one_god({ask:the_former_days})                  ('the former days (4:32) — the creation READ BACK as a time-reference (PS by CALL); the limits of inquiry (Chagigah 11b)', ['accepted'])
  obey_horeb.the_one_god({ask:the_nation_from_a_nation})         ("a nation from the midst of a nation (4:34) — the seven instruments: the exodus READ BACK, EXPANDED (ES by CALL); the Haggadah's row (Pesachim 10:4)", ['accepted'])
  obey_horeb.the_one_god({ask:the_voice_and_lived})              ("the voice and lived (4:33) — 5:26's kin; the assembly's lord_descended by reference", ['accepted'])
  obey_horeb.the_one_god({ask:to_dispossess_nations})            ('to dispossess nations (4:38) — the open dispossess debit of Numbers 33:50-56 READ; 9:1 the kin', ['accepted'])
  obey_horeb.the_one_god({ask:you_were_shown})                   ("you were shown (4:35) — the creed's first seat: 'none else beside him' (even sorcery — Chullin 7b); the kingship verses disputed", ['accepted'])
==== cold_run_obey_horeb.the_exhortation sig ('case', 'data') (9352 chars) asks-in-source ['add_beside', 'add_nothing', 'add_out_of_its_time', 'baal_peor_seen', 'diminish_nothing', 'god_so_near', 'hear_and_do', 'righteous_statutes', 'taught_as_commanded', 'the_cleaving', 'the_write', 'wisdom_before_the_peoples']
def the_exhortation(case, data):
        del P_[:]
        ask = case['ask']
        if ask == 'hear_and_do':
            ink('4:1', '"and now, Israel, hear the statutes and the judgments which I teach you, to do them, that you may live and go in and possess the land" — "and now, Israel" %s; "hear" the singular imp

  obey_horeb.the_exhortation({ask:add_beside})                   ('an addition placed beside (Sanhedrin 89a:2) — R. Zeira: the fifth compartment spoils the four even beside them; the transgression stands: accepted', ['accepted'])
  obey_horeb.the_exhortation({ask:add_nothing})                  ("you shall not add (4:2) — THE CHAPTER'S ONE LAW: a BLOCK on Israel (adding_barred); the exam's parameters — in its time without intent, out of its time with intent (Rava); an addition that spoils (the elder's fifth compartment)", ['accepted'])
  obey_horeb.the_exhortation({ask:add_out_of_its_time})          ('an addition out of its time (Rosh Hashanah 28b) — no intent, no transgression: the sleeper on the eighth day exempt', ['exempt'])
  obey_horeb.the_exhortation({ask:baal_peor_seen})               ("Baal-peor seen (4:3) — Numbers 25:3-9 READ BACK, SHORTENED: the yoking, the slaying and the plague's count in one clause (BK by CALL)", ['accepted'])
  obey_horeb.the_exhortation({ask:diminish_nothing})             ("nor diminish (4:2) — the pair's other arm: an omission where adding is an act (R. Yehoshua); 13:1 the second seat forward", ['accepted'])
  obey_horeb.the_exhortation({ask:god_so_near})                  ("God so near (4:7) — the plural adjective with the singular 'upon him' (Sanhedrin 38b); a community's sentence never sealed (Rosh Hashanah 18a)", ['accepted'])
  obey_horeb.the_exhortation({ask:hear_and_do})                  ("hear and do (4:1) — the exhortation's head: the singular imperative, the plural object; the teach-root's first seat", ['accepted'])
  obey_horeb.the_exhortation({ask:righteous_statutes})           ("righteous statutes (4:8) — the exhortation's close: the Torah set before them this day (11:32 the pair)", ['accepted'])
  obey_horeb.the_exhortation({ask:taught_as_commanded})          ("taught as commanded (4:5) — THE RECEIPT in Moses' own voice: the teaching's run of Exodus 24:12's command (ER by CALL); the register seat ACT; free teaching (Bekhorot 29a)", ['accepted'])
  obey_horeb.the_exhortation({ask:the_cleaving})                 ('you who cleave (4:4) — the survivors of Peor; cleaving to a consuming fire resolved as cleaving to the sages (the Sifrei 49:2; Ketubot 111b)', ['accepted'])
  obey_horeb.the_exhortation({ask:the_write})                    ("the write (4:1-8) — adding_barred on Israel: the one law's block; the receipt inside the line's source", ['adding_barred'])
  obey_horeb.the_exhortation({ask:wisdom_before_the_peoples})    ("your wisdom before the peoples (4:6) — the reckoning of the seasons (Shabbat 75a); Solomon's pair the kin", ['accepted'])
==== cold_run_second_tablets.what_the_lord_asks sig ('case', 'data') (19483 chars) asks-in-source ['a_hundred_blessings', 'a_small_thing', 'and_now_israel', 'circumcise_the_heart', 'delighted_in_your_fathers', 'for_your_good', 'no_lashes_for_the_neck', 'stiffen_no_more', 'the_fear_of_heaven', 'the_grammar_guard', 'the_heaven_of_heavens', 'what_does_the_lord_ask']
def what_the_lord_asks(case, data):
        """F5 — Deut 10:12-16: and now, Israel (the FORWARD marker — 4:1's pivot); what does the LORD ask (the five infinitives against 6:5, 6:13, 8:6 by CALL — VARIANT; THE LINE demand_declared writing fear_of_heaven_asked); the fear of Heaven (the one free variable 

  second_tablets.what_the_lord_asks({ask:a_hundred_blessings})   ("a hundred blessings (Menachot 43b:15) — 'what [ma] does the LORD ask' read 'a hundred [me'a]': the do-not-read reading named (no code); the fear of sin the storehouse's key (Shabbat 31b); the one who blesses a hundred times accepted", ['accepted'])
  second_tablets.what_the_lord_asks({ask:a_small_thing})         ("a small thing (Berakhot 33b:24-25) — 'is the fear of Heaven a small thing?' — for Moses it was: the parable of the large vessel (E26); the one who calls it small accepted against", ['accepted'])
  second_tablets.what_the_lord_asks({ask:and_now_israel})        ("and now, Israel (10:12) — 4:1's pivot (the two seats; OH.the_exhortation by CALL): the FORWARD marker at Deut 10:12 ending the burial's retrograde stretch, the counter's day (40, 11, 1) re-asserted; the laws' head begins", ['accepted'])
  second_tablets.what_the_lord_asks({ask:circumcise_the_heart})  ("circumcise the foreskin of your heart (10:16) — no cell, no write anywhere: THE LINE heart_circumcision_commanded at the counter's day writing heart_circumcision_commanded on Israel — its value the evil inclination (Sukkah 52a:7: Moses' name for it, from this verse); 30:6 the passive forward; Onkelos 'the foolishness of your heart'", ['heart_circumcision_c
  second_tablets.what_the_lord_asks({ask:delighted_in_your_fathers}) ("delighted in your fathers (10:15) — 7:7's 'delight' (the verb's two seats with the LORD as subject) and 4:37's chosen seed (SN.the_holy_people, OH.the_one_god by CALL): the readback row VERBATIM in kind; both persons in one verse", ['accepted'])
  second_tablets.what_the_lord_asks({ask:for_your_good})         ("for your good (10:13) — the one seat; 4:40's charge (seven tokens) and 6:1's header (HI.the_header by CALL): the readback row VARIANT; the demand's fifth infinitive", ['accepted'])
  second_tablets.what_the_lord_asks({ask:no_lashes_for_the_neck}) ("no lashes for the neck — 'you shall not stiffen' a prohibition without an action (Makkot 13b:6's form as at 6b's forgetting_barred): the block written, no lashes; the stiffener accepted against", ['accepted'])
  second_tablets.what_the_lord_asks({ask:stiffen_no_more})       ("stiffen your neck no more (10:16) — the chapter's one prohibition ('not' + the imperfect, the plural): the stiff neck 7b's STATE made a command — THE WRITE stiffening_barred, a BLOCK on Israel on the line heart_circumcision_commanded; the hiphil's three Bible seats", ['stiffening_barred'])
  second_tablets.what_the_lord_asks({ask:the_fear_of_heaven})    ("the fear of Heaven (10:12) — 'everything is in the hands of Heaven except the fear of Heaven' (Berakhot 33b:23; Megillah 25a:9; Niddah 16b:13 — from 'what does the LORD ask of you but to fear'): the one free variable; THE EFFECT'S NAME fear_of_heaven_asked, the shelf's own", ['accepted'])
  second_tablets.what_the_lord_asks({ask:the_grammar_guard})     ("the grammar guard (Shabbat 108a:7) — the verbal analogy foreskin / foreskin (I2) takes the complete form orlato / orlato and refuses 10:16's construct orlat: the heart's foreskin is not the circumcision law's object; the reader who makes it the flesh's accepted against", ['accepted'])
  second_tablets.what_the_lord_asks({ask:the_heaven_of_heavens}) ("the heaven of heavens (10:14) — 4:39's creed expanded (OH.the_one_god by CALL): the readback row EXPANDED; two firmaments or seven (Chagigah 12b:4 — a parameter with two arms); the phrase's six Bible seats, the vav here and at Solomon's dedication", ['accepted'])
  second_tablets.what_the_lord_asks({ask:what_does_the_lord_ask}) ("what does the LORD ask (10:12-13) — the five infinitives against 6:5's creed (seven tokens; 'with all your might' dropped — HI.the_creed by CALL), 6:13's fear and serve (HI, no write) and 8:6's walk (GL, no write): the readback row VARIANT; THE LINE demand_declared at the counter's day writing fear_of_heaven_asked on Israel", ['fear_of_heaven_asked'])
==== cold_run_second_tablets.the_god_of_gods_and_the_stranger sig ('case', 'data') (30831 chars) asks-in-source ['a_salary_voids', 'a_truthful_oath', 'and_you_shall_love_the_stranger', 'cleave_to_the_scholars', 'fear_serve_cleave_swear', 'god_of_gods', 'he_is_your_praise', 'lifts_no_face', 'seventy_persons', 'swear_by_his_name', 'takes_no_bribe', 'the_attributes_three', 'the_bribe_of_words', 'the_converts_intake', 'the_et_of_10_20', 'the_orphan_and_the_widow', 'the_permitted_fee', 'the_private_convert', 'the_thirty_six_warnings']
def the_god_of_gods_and_the_stranger(case, data):
        """F6 — Deut 10:17-22: the God of gods (VARIANT by CALL); the attributes three and no more (the one who adds); lifts no face (naso by CALL — the face thrice reconciled); takes no bribe (ordinances by CALL — even to judge truly); the permitted fee

  second_tablets.the_god_of_gods_and_the_stranger({ask:a_salary_voids}) ("a salary voids (Kiddushin 58b; Mishnah Bekhorot 4:6) — one who takes a fee to judge, his judgments are void: the judge who takes a salary accepted against; Karna's evident loss the exception", ['accepted'])
  second_tablets.the_god_of_gods_and_the_stranger({ask:a_truthful_oath}) ("a truthful oath (Temurah 3b:17-18) — 'and by His name you shall swear' a positive command: a truthful oath by His name permitted; the truthful swearer exempt from the third word's prohibition", ['exempt'])
  second_tablets.the_god_of_gods_and_the_stranger({ask:and_you_shall_love_the_stranger}) ("and you shall love the stranger (10:19) — Leviticus 19:34's cell (HB.convert_measures('love_convert') by CALL) whose effect love_owed was never written: THE LINE stranger_love_commanded at the counter's day writing love_owed on Israel toward the stranger for the first time; 'for you were strangers' at all four seats; the readback row VERBATIM in kind", ['l
  second_tablets.the_god_of_gods_and_the_stranger({ask:cleave_to_the_scholars}) ("cleave to the scholars (Ketubot 111b:6-8) — 'to Him you shall cleave' against 'a consuming fire': marry a daughter to a scholar, trade for him, benefit him — as if cleaving to the Divine Presence: THE EFFECT'S VALUE; the cleaver accepted", ['accepted'])
  second_tablets.the_god_of_gods_and_the_stranger({ask:fear_serve_cleave_swear}) ("fear, serve, cleave, swear (10:20) — 6:13's three clauses with the fourth added (seven of eight tokens; HI.the_gift_and_the_warning by CALL; 4:4's state OH by CALL): the readback row EXPANDED; THE LINE cleaving_commanded at the counter's day writing cleaving_commanded on Israel — the four clauses positive (Temurah 4a:2), no lashes", ['cleaving_commanded'])
  second_tablets.the_god_of_gods_and_the_stranger({ask:god_of_gods}) ("the God of gods (10:17) — the one seat of the pair (Psalm 136:2-3 the run); 7:9's faithful God (SN.the_faithful_god by CALL): the readback row VARIANT; a declaration, no write; Onkelos the God of judges", ['accepted'])
  second_tablets.the_god_of_gods_and_the_stranger({ask:he_is_your_praise}) ("He is your praise (10:21) — the one seat; 'the great and awesome things which your eyes have seen' 7:19's trials (SN.do_not_fear by CALL) and 4:35's showing (OH by CALL): the readback row VARIANT; a declaration, no write", ['accepted'])
  second_tablets.the_god_of_gods_and_the_stranger({ask:lifts_no_face}) ("lifts no face (10:17) — Numbers 6:26's 'the LORD lift up His face' thrice reconciled (NS.blessing('face_lifted') by CALL — when they do His will, the Sifrei 42:2; beyond the letter, Berakhot 20b:15; before the sentence, Niddah 70b:5; man and God against man and man, Rosh Hashanah 17b:17): a declaration, no write", ['accepted'])
  second_tablets.the_god_of_gods_and_the_stranger({ask:seventy_persons}) ("seventy persons (10:22) — the Joseph runner's count by CALL (JS.seventy — Genesis 46:27's seventy, Exodus 1:5's restatement, Jochebed the seventieth, Bava Batra 123b:1): the readback row VERBATIM in kind; 'as the stars of heaven for multitude' 1:10's phrase (no cell — a DATA row by the ink); the register seat NONE with the compile's why", ['accepted'])
  second_tablets.the_god_of_gods_and_the_stranger({ask:swear_by_his_name}) ("swear by His name (10:20) — the oath by the appellations liable as by the Name (Shevuot 35b:22; ala / ala the analogy, I2, 35b:23): the swearer by the appellations accepted against; 'swear' no number to the parser", ['accepted'])
  second_tablets.the_god_of_gods_and_the_stranger({ask:takes_no_bribe}) ("takes no bribe (10:17) — Exodus 23:8's block never written on the tape (OR.courts by CALL — bribe_barred asserted absent; 16:19 the command's seat forward): a declaration; the shelf's exam — a bribe even to judge truly (Ketubot 105a:10), the bribe blinds a fortiori (105a:16, I1); the judge who takes to judge truly accepted against", ['accepted'])
  second_tablets.the_god_of_gods_and_the_stranger({ask:the_attributes_three}) ("the attributes three and no more (10:17) — Moses' three restored by the great assembly after Jeremiah and Daniel dropped one each (Yoma 69b:13-16); the prayer leader who adds praises silenced (Berakhot 33b:21-22; Megillah 25a:7-8 — the parable, E26): accepted against", ['accepted'])
  second_tablets.the_god_of_gods_and_the_stranger({ask:the_bribe_of_words}) ("the bribe of words (Ketubot 105b:8-15) — Shmuel's hand, Ameimar's feather, Mar Ukva's spittle, R. Yishmael's sharecropper, R. Yishmael bar Elisha's shearing, Rav Anan's fish: the six judges who refused, disqualified by a word; shochad = she-hu chad (105b:5, E30)", ['accepted'])
  second_tablets.the_god_of_gods_and_the_stranger({ask:the_converts_intake}) ("the convert's intake (Yevamot 47a:13-47b:15) — 'what did you see that you come?' — accepted at once when he knows Israel's affliction, informed of the light and the grave commandments, circumcised and immersed an Israelite in all respects: the stranger line's exam; the convert accepted", ['accepted'])
  second_tablets.the_god_of_gods_and_the_stranger({ask:the_et_of_10_20}) ("the et of 10:20 (Pesachim 22b:11) — Shimon HaAmmassoni retracted at 'you shall fear [et] the LORD your God'; R. Akiva: 'et' to include Torah scholars (E1): the fear's object extended as the cleaving's value", ['accepted'])
  second_tablets.the_god_of_gods_and_the_stranger({ask:the_orphan_and_the_widow}) ("the orphan and the widow (10:18) — Exodus 22:21's pair in the other order (OR.stranger('widow_orphan_scope') by CALL — all persons or the named): a declaration about God, the readback row VARIANT; no write", ['accepted'])
  second_tablets.the_god_of_gods_and_the_stranger({ask:the_permitted_fee}) ("the permitted fee (Ketubot 105a:17-19) — Karna's fee from both parties for evident loss, Rav Huna's water-drawer: not a bribe, the judge exempt from the rule", ['exempt'])
  second_tablets.the_god_of_gods_and_the_stranger({ask:the_private_convert}) ("the private convert (Yevamot 47a:8-12) — 'I converted privately' is not believed (R. Yehuda; the children's standing kept): outside the intake's rule, the private convert exempt", ['exempt'])
  second_tablets.the_god_of_gods_and_the_stranger({ask:the_thirty_six_warnings}) ("the thirty-six warnings (Bava Metzia 59b:13-15) — the stranger's wronging three prohibitions, thirty-six or forty-six warnings; R. Natan: 'for you were strangers' — a defect in you, do not mention in another: the reason clause's rule at 10:19; the wronger accepted against", ['accepted'])
==== cold_run_covenant_at_horeb.the_second_word sig ('case', 'data') (5937 chars) asks-in-source ['bow_and_serve', 'in_its_way', 'no_image', 'no_other_gods', 'the_embracer', 'the_ketiv', 'the_visiting', 'the_write']
def the_second_word(case, data):
        del P_[:]
        ask = case['ask']
        if ask == 'no_other_gods':
            ink('5:7', '"you shall have no other gods before me" — %s the two copies verbatim; "other gods" %d Torah seats, %d this book\'s; Onkelos "another god EXCEPT ME"' % (P('אלהים', 'אחרים', 'על', '

  covenant_at_horeb.the_second_word({ask:bow_and_serve})         ("bow and serve (5:9) — the bower stoned: the second word's answer sheet (Mishnah Sanhedrin 7:6; the four services, Sanhedrin 60b); the mode by 17:5's juxtaposition", ['put_to_death'])
  covenant_at_horeb.the_second_word({ask:in_its_way})            ("in its way (5:9) — Peor's exposure, Markulis's stone: liable, the idol's own service (Mishnah Sanhedrin 7:6)", ['put_to_death'])
  covenant_at_horeb.the_second_word({ask:no_image})              ('no image (5:8) — the making barred; the no-image list of 4:16-19 the parameter table (OH by CALL); the images for study credited', ['accepted'])
  covenant_at_horeb.the_second_word({ask:no_other_gods})         ("no other gods before me (5:7) — the second word's head, compiled here: the block other_gods_barred on Israel at the giving's line", ['accepted'])
  covenant_at_horeb.the_second_word({ask:the_embracer})          ('the embracer (5:9) — a prohibition without death: the hugger, the kisser, the dresser exempt from the sanction (Mishnah Sanhedrin 7:6)', ['exempt'])
  covenant_at_horeb.the_second_word({ask:the_ketiv})             ("the ketiv (5:10) — 'his' written, 'my' read: a DATA note, no line", ['accepted'])
  covenant_at_horeb.the_second_word({ask:the_visiting})          ("the visiting (5:9-10) — the generations and the thousands a DATA row: when they hold their fathers' deeds (Berakhot 7a); revoked by Ezekiel (Makkot 24a)", ['accepted'])
  covenant_at_horeb.the_second_word({ask:the_write})             ("the write (5:7-10) — other_gods_barred on Israel: the code's hole filled at the code's own line", ['other_gods_barred'])
==== cold_run_borders.the_four_sides sig ('case', 'data') (13129 chars) asks-in-source ['chinnereth', 'ezekiels_order', 'judahs_border', 'the_blotting_verb', 'the_east', 'the_goings_out', 'the_great_sea', 'the_jordan_as_border', 'the_loop', 'the_marking_verb', 'the_north', 'the_points', 'the_promised_extents', 'the_sea_as_border', 'the_sea_as_west', 'the_second_mount_hor', 'the_side_word', 'the_south', 'the_spies_walked_it', 'the_three_lands', 'the_west', 'the_written_singular']
def the_four_sides(case, data):
        del P[:]
        ask = case['ask']
        if ask == 'the_south':
            ink('34:3-5', 'the south side — %s; "the south side" %s; "from the wilderness of Zin" %s (13:21 the other seat); "on the hands of Edom" %s (one seat, Onkelos "on the borders of"); "the end of the Sa

  borders.the_four_sides({ask:chinnereth})                       ("the sea of Chinnereth (34:11) — two seats of the phrase, seven of the name; Onkelos 'Gennesar' — the shelf's lottery names Naphtali's boundary by that word (Bava Batra 122a:6)", ['accepted'])
  borders.the_four_sides({ask:ezekiels_order})                   ("Ezekiel's order — north, east, south, west against the chapter's south, west, north, east; twenty-nine tokens shared; observed, no link", ['accepted'])
  borders.the_four_sides({ask:judahs_border})                    ("Judah's south border is the land's (Joshua 15:1-4) — twenty-nine of the forty-three tokens of 34:3-5 stand there; Hazar-addar split in two; Azmon plene; one 'to you' kept in the run", ['accepted'])
  borders.the_four_sides({ask:the_blotting_verb})                ("and it shall reach (34:11) — the blotting verb's token (5:23; Deuteronomy 29:19; Isaiah 25:8): the border reaches, the priest blots — a homograph by sense, the sotah's cell by CALL", ['accepted'])
  borders.the_four_sides({ask:the_east})                         ('the east side (34:10-12) — from Hazar-enan by Shepham, Riblah east of Ain, the shoulder of the sea of Chinnereth and the Jordan to the Salt Sea: the loop closes', ['borders_declared'])
  borders.the_four_sides({ask:the_goings_out})                   ("its goings-out — the outlet-word's five Torah seats all in this chapter (34:4, 5, 8, 9, 12); Joshua's borders say it again and again", ['accepted'])
  borders.the_four_sides({ask:the_great_sea})                    ("the great sea plene at 34:6 and defective at 34:7 — the defective phrase's one seat", ['accepted'])
  borders.the_four_sides({ask:the_jordan_as_border})             ("the Jordan as a border, two ways (Bekhorot 55a:10 on 34:12; 55a:14 on 34:15) — one border round about, or the river Canaan's from 'at Jericho': a data row", ['accepted'])
  borders.the_four_sides({ask:the_loop})                         ("the loop (34:3, 34:12) — the Salt Sea at both ends, 'by its borders round about' the inclusio: all the land one border (Bekhorot 55a:10)", ['borders_declared'])
  borders.the_four_sides({ask:the_marking_verb})                 ("you shall mark out (34:7, 8, 10) — the border's own verb, three Bible seats all here; Proverbs' 'desire' the homograph by the points", ['accepted'])
  borders.the_four_sides({ask:the_north})                        ("the north side (34:7-9) — from the great sea by Mount Hor and Lebo-hamath to Zedad, Ziphron and Hazar-enan; the border's own verb three Bible seats all here", ['borders_declared'])
  borders.the_four_sides({ask:the_points})                       ("the points (34:3-12) — twenty-seven proper-name tokens: south eleven, west none (the great sea alone), north eight, east eight; the data row the status's value", ['borders_declared'])
  borders.the_four_sides({ask:the_promised_extents})             ('the four promised extents (Genesis 15:18, Exodus 23:31, Deuteronomy 1:7, 11:24; Joshua 1:4) — no river, Euphrates, Lebanon or western sea in the chapter: another description, observed', ['accepted'])
  borders.the_four_sides({ask:the_sea_as_border})                ("the sea as a border, two ways (Gittin 8a:4-7 on 34:6) — the Rabbis' string over the islands between the ink's two corners, or Rabbi Yehuda's sea itself: a data row", ['accepted'])
  borders.the_four_sides({ask:the_sea_as_west})                  ('the sea as the west — one token seven times in the sides (the west, the great sea, the Salt Sea, Chinnereth); Onkelos splits it', ['accepted'])
  borders.the_four_sides({ask:the_second_mount_hor})             ("the second Mount Hor (34:7-8) — the name's twelve Torah seats, ten Aaron's and two the north border's; the chukat runner's row by CALL; Onkelos spells the two differently", ['accepted'])
  borders.the_four_sides({ask:the_side_word})                    ("the side-word is the tabernacle's (34:3) — the court's south side Exodus 27:9 and its east side 27:13 carry it with the prefix; the bare token's five Torah seats include Leviticus's field-corner and beard-corner, homographs by sense; 'eastward toward the sunrise' (34:15) the court's east side", ['accepted'])
  borders.the_four_sides({ask:the_south})                        ("the south side (34:3-5) — from the wilderness of Zin on the hands of Edom to the brook of Egypt and the sea; eleven proper-name tokens; Joshua 15:1-4 Judah's run of it", ['borders_declared'])
  borders.the_four_sides({ask:the_spies_walked_it})              ("the spies walked the border's length — 'from the wilderness of Zin' and 'Lebo-hamath' each at two seats: 13:21 and 34:3, 34:8", ['accepted'])
  borders.the_four_sides({ask:the_three_lands})                  ("the shelf's own border points — the three lands of Sheviit 6:1 inside 34's one border; the bills' Rekem the translation's Kadesh-barnea of 34:4 (Mishnah Gittin 1:2): a data row", ['accepted'])
  borders.the_four_sides({ask:the_west})                         ('the west border (34:6) — the great sea and its border: one word read two ways on the shelf (the sea itself, or the islands by the string — Gittin 8a:4-7)', ['borders_declared'])
  borders.the_four_sides({ask:the_written_singular})             ("the written singular read plural (34:4) — the chapter's one written-and-read pair; the DB writes the written form unpointed; Joshua 15:4 the same clause", ['accepted'])
==== cold_run_borders.the_land_and_its_fall sig ('case', 'data') (4792 chars) asks-in-source ['as_an_inheritance', 'by_its_borders', 'shall_fall', 'the_command', 'the_frame', 'the_land_bound_rule', 'the_land_canaan', 'this_is_the_land', 'when_you_come']
def the_land_and_its_fall(case, data):
        del P[:]
        ask = case['ask']
        if ask == 'the_command':
            ink('34:2', '"command the children of Israel" — %s: THE FIVE TORAH SEATS' % COMMAND)
            move('Sifrei Bamidbar 1:2 (credited)', "Rabbi Shimon ben Yochai: everywhere 'command' entails ex

  borders.the_land_and_its_fall({ask:as_an_inheritance})         ("as an inheritance (34:2) — three Torah seats: 26:53, 34:2, 36:2, all the land's", ['accepted'])
  borders.the_land_and_its_fall({ask:by_its_borders})            ('by its borders (34:2, 34:12) — the inclusio; Joshua 18:20 and 19:49 the closers; the border-word sixteen times: ONE STATUS ON THE LAND', ['borders_declared'])
  borders.the_land_and_its_fall({ask:shall_fall})                ("that shall fall to you as an inheritance (34:2) — the lot's verb at its one Torah seat with the inheritance; Onkelos 'be divided'; the lot's debit by CALL, cited", ['accepted'])
  borders.the_land_and_its_fall({ask:the_command})               ("command the children of Israel (34:2) — five Torah seats, the Sifrei's five; the one command without expense (Sifrei 1:2)", ['accepted'])
  borders.the_land_and_its_fall({ask:the_frame})                 ("and the LORD spoke to Moses, saying (34:1, 34:16) — two divine frames with Moses' command between them; 35:1 adds the plains of Moab", ['accepted'])
  borders.the_land_and_its_fall({ask:the_land_bound_rule})       ("the borders' legal reach — an obligation of the land inside the border, of the body everywhere (Mishnah Kiddushin 1:9; 37a:3-6): a data row, the classing Deuteronomy's", ['accepted'])
  borders.the_land_and_its_fall({ask:the_land_canaan})           ("the land of Canaan (34:2) read as a title claim (Sanhedrin 91a:6) — the tape's answer canaan's status since Genesis 9:25", ['accepted'])
  borders.the_land_and_its_fall({ask:this_is_the_land})          ('this is the land — 34:2 and 34:13, Deuteronomy 34:4 from Nebo, Joshua 13:2, Ezekiel 48:29', ['accepted'])
  borders.the_land_and_its_fall({ask:when_you_come})             ("when you are coming into the land Canaan (34:2) — the article on the land, none on the name; 33:51's entry clause by CALL", ['accepted'])
==== cold_run_borders.moses_restatement sig ('case', 'data') (5117 chars) asks-in-source ['joshuas_receipt', 'one_tribe_noun', 'the_count', 'the_grant_read', 'the_lot_by_call', 'the_nine_and_a_half', 'the_pair', 'the_relay']
def moses_restatement(case, data):
        del P[:]
        ask = case['ask']
        if ask == 'the_relay':
            ink('34:13', '"and Moses commanded the children of Israel, saying" — %s: the phrase\'s TWO Torah seats; 36:5\'s is the installing act command_relayed (THE TENT sitting 4)' % RELAY)
            dat('t

  borders.moses_restatement({ask:joshuas_receipt})               ("Joshua 14:2's receipt — 'as the LORD commanded by the hand of Moses, to the nine tribes and the half tribe' quotes 34:13 outside the Torah; no receipt in the chapter", ['accepted'])
  borders.moses_restatement({ask:one_tribe_noun})                ("one tribe-noun — the staff-word eighteen times in the chapter and the other never; 32:33's the neighbour; Joshua 13:7 says the nine with the other word", ['accepted'])
  borders.moses_restatement({ask:the_count})                     ("the two and a half's count — 110,580 by CALL (43,730 + 40,500 + 52,700 ÷ 2 from the second census)", ['accepted'])
  borders.moses_restatement({ask:the_grant_read})                ("the two and a half have taken their inheritance (34:14-15) — a run citation of 32:33's three transfers on the tape; the line writes nothing", ['accepted'])
  borders.moses_restatement({ask:the_lot_by_call})               ("you shall inherit by lot (34:13) — 26:52-56's lot by CALL, the open debit cited a third time (32:18, 33:54, here), not rewritten", ['accepted'])
  borders.moses_restatement({ask:the_nine_and_a_half})           ("the nine tribes and the half tribe, the two tribes and the half tribe (34:13, 34:15) — [9] and [2] with the two halves = twelve; 'nine' in the construct three Bible seats, all the nine tribes", ['accepted'])
  borders.moses_restatement({ask:the_pair})                      ("the Reubenite and the Gadite (34:14) — the pair's first seat; the Gadite's token is also 'the kid' at Genesis 38:23 and Judges 14:6", ['accepted'])
  borders.moses_restatement({ask:the_relay})                     ("and Moses commanded the children of Israel (34:13) — the relay of 34:1-12 in the form 36:5's installing act took: the D2 question of the second pass, the class named", ['accepted'])
==== cold_run_korach.rebellion sig ('case', 'data') (10119 chars) asks-in-source ['congregation_ten', 'death_mode', 'earth_mouth_cain', 'elect', 'exclusion_by_sin', 'fire', 'names', 'new_creation', 'not_for_heaven', 'oath', 'oath_warning_formula', 'share', 'sons_of_korach', 'summons_procedure', 'swallowed', 'test', 'too_much_returned', 'took', 'two_hundred_fifty', 'visiting_the_sick', 'what_moses_heard', 'wives']
def rebellion(case, data):
        del P[:]
        ask = case['ask']
        if ask == 'took':
            ink('16:1', '"and Korach TOOK" — no object; the genealogy stops at Levi where 1 Chr 6:23 runs it to Israel'); move('Onkelos Num 16:1', 'divided himself'); move('Sanhedrin 109b:13 (Reish Lakish)', 'he took a b

  korach.rebellion({ask:congregation_ten})                       ('10 — among / among with the sanctification of the Name; congregation / congregation with the spies (Berakhot 21b; Megillah 23b; Sanhedrin 74b)', ['—'])
  korach.rebellion({ask:death_mode})                             ('OPEN — 16:32 names the men who belonged to Korach, not Korach; 26:10 adds and Korach; R. Yochanan: the plague; the baraita: burned and swallowed (Sanhedrin 110a)', ['put_to_death'])
  korach.rebellion({ask:earth_mouth_cain})                       ("the ground opened its mouth for Abel's blood and for Korach — for a deleterious purpose (Sanhedrin 37b); Gen 4:11, Deut 11:6", ['—'])
  korach.rebellion({ask:elect})                                  ('the elect of the assembly = those who intercalate; men of renown (Sanhedrin 110a:4)', ['—'])
  korach.rebellion({ask:exclusion_by_sin})                       ("no portion — the spies, the protesters (Korach's two hundred fifty) and Korach's congregation", ['exempt'])
  korach.rebellion({ask:fire})                                   ('fire from with the LORD consumed the 250 (16:35) — the souls burned, the bodies intact (Sanhedrin 52a); Lev 9:24, 10:2 from before', ['put_to_death'])
  korach.rebellion({ask:names})                                  ("Korach a void; Izhar the afternoon heat; Dathan the precepts; Abiram braced; On in mourning (Sanhedrin 109b) — the names' lore; Izhar = fresh oil the ink's pointed word (18:12)", ['—'])
  korach.rebellion({ask:new_creation})                           ("the mouth of the earth created at the twilight of the sixth day (Avot 5:6); if not, create it now — Gehenna's opening brought near (Sanhedrin 110a:16; Nedarim 39b)", ['—'])
  korach.rebellion({ask:not_for_heaven})                         ("a dispute not for Heaven's sake — Korach and all his congregation (Avot 5:17)", ['—'])
  korach.rebellion({ask:oath})                                   ("not one ass (16:15) — Samuel's whose ox, whose ass (1 Sam 12:3; Nedarim 38a); the Cain echo (Gen 4:5)", ['—'])
  korach.rebellion({ask:oath_warning_formula})                   ('16:26 recited at the oath — depart from the tents of these wicked men (Shevuot 39a)', ['—'])
  korach.rebellion({ask:share})                                  ('R. Akiva: no share and no rising; R. Eliezer: the LORD kills and makes alive (Mishnah Sanhedrin 10:3); R. Yehuda ben Beteira: a lost item sought (Sanhedrin 109b)', ['—'])
  korach.rebellion({ask:sons_of_korach})                         ('the sons of Korach did not die (26:11) — a place fortified for them (Sanhedrin 110a); the eleven Psalm headings', ['—'])
  korach.rebellion({ask:summons_procedure})                      ('the agent sent (16:12); in person (16:16); before a great man; both parties named; a date set — tomorrow; the report of disrespect permitted (Moed Katan 16a)', ['—'])
  korach.rebellion({ask:swallowed})                              ('Dathan and Abiram and their households swallowed alive (16:31-33); Deut 11:6, Ps 106:17 name them alone', ['put_to_death'])
  korach.rebellion({ask:test})                                   ('in the morning the LORD will make known (16:5) — the boundary fixed at creation (Sanhedrin 110a); the censers tomorrow (16:7, 16:16) — the one-day timer', ['—'])
  korach.rebellion({ask:too_much_returned})                      ('too much for you (16:3) returned at 16:7; proclaimed to Moses at Deut 3:26 (Sotah 13b)', ['—'])
  korach.rebellion({ask:took})                                   ('took — no object; Onkelos: divided himself; a bad acquisition (Sanhedrin 109b)', ['—'])
  korach.rebellion({ask:two_hundred_fifty})                      ('250 — the parser at 16:2, 16:17 and 16:35 (the definite numeral at the head of a compound)', ['—'])
  korach.rebellion({ask:visiting_the_sick})                      ('alluded from the visitation of all men (16:29 — Nedarim 39b)', ['—'])
  korach.rebellion({ask:what_moses_heard})                       ('suspected of adultery — Ps 106:16 (Sanhedrin 110a:5)', ['—'])
  korach.rebellion({ask:wives})                                  ("On's wife saved him — the wine and the tent's entrance; Korach's wife incited (Sanhedrin 109b-110a)", ['—'])
==== cold_run_second_census.the_roll sig ('case', 'data') (8125 chars) asks-in-source ['daughters_row', 'deltas', 'ephraim_manasseh_order', 'er_and_onan', 'families', 'genesis_46', 'hu_dathan', 'korach_recalled', 'korachs_dead', 'reuben_firstborn', 'serah', 'simeons_gap', 'single_son_plural', 'sons_of_korach', 'total', 'twelve_counts']
def the_roll(case, data):
        del P[:]
        ask = case['ask']
        if ask == 'twelve_counts':
            ink('26:7-50', 'the twelve counts by the parser: %s' % ', '.join('%s %d' % (t, C26[t]) for t in TRIBES))
            move('CALLED cold_run_bamidbar.TWELVE [IMPORT, live]', 'the first roll\'s twelve: %s' %

  second_census.the_roll({ask:daughters_row})                    ('no sons, only daughters — the premise on the roll; the heir the daughter', ['holding_owed'])
  second_census.the_roll({ask:deltas})                           ('five fell, seven rose, the whole -1820 — declared, not derived', ['counted'])
  second_census.the_roll({ask:ephraim_manasseh_order})           ("Joseph's two as tribes — Manasseh first at the second roll", ['counted'])
  second_census.the_roll({ask:er_and_onan})                      ('died in the land of Canaan — 46:12 verbatim', ['souls_counted'])
  second_census.the_roll({ask:families})                         ('57 families in twelve tribes; the family of 78 against 0', ['accepted'])
  second_census.the_roll({ask:genesis_46})                       ('5 absent, 9 renamed, 2 moved — the table keyed to Genesis 46', ['souls_counted'])
  second_census.the_roll({ask:hu_dathan})                        ('this is Dathan and Abiram — the same from beginning to end', ['accepted'])
  second_census.the_roll({ask:korach_recalled})                  ("both deaths on one verse; the mode the Korach runner's open row", ['accepted'])
  second_census.the_roll({ask:korachs_dead})                     ('14700 and 250 carry no tribe — no delta row explained by them', ['counted'])
  second_census.the_roll({ask:reuben_firstborn})                 ("the firstborn kept on the roll; the birthright Joseph's by Chronicles", ['accepted'])
  second_census.the_roll({ask:serah})                            ("Serah on three rosters — the shelf's survivor of both rolls", ['souls_counted'])
  second_census.the_roll({ask:simeons_gap})                      ("-37100 against the plague's 24000: 13100 unexplained", ['counted'])
  second_census.the_roll({ask:single_son_plural})                ("sons for one son (26:8); a grandson not a son — the roll's Ard and Naaman", ['accepted'])
  second_census.the_roll({ask:sons_of_korach})                   ('the sons of Korach did not die', ['accepted'])
  second_census.the_roll({ask:total})                            ('601730 = the twelve summed; 603,550 at the first roll', ['counted'])
  second_census.the_roll({ask:twelve_counts})                    ("twelve at both seats, the parser's", ['counted'])
==== cold_run_exodus_story.sea sig ('q',) (3290 chars) asks-in-source ['bones', 'faith_song', 'not_one', 'pillar_measure', 'saved_seat', 'serach', 'song_mode', 'song_mode_three', 'ten_at_sea', 'two_verses']
def sea(q):
        if q == 'not_one': return cell(1, I, "'not one of them remained' (14:28 'ad echad — until one) — the destroy entry on Pharaoh's host; 14:30 'Israel saw Egypt dead on the shore of the sea'", ['egypt_drowned'])
        if q == 'saved_seat': return cell('Exod 14:30', I, "'and the LORD SAVED

  exodus_story.sea('bones')                                      {'v': 'moses_merited_the_bones_of_joseph', 'p': 'ANSWER-SHEET', 'why': "Mishnah Sotah 1:9 — 'Joseph merited to bury his father ... Moses merited the bones of Joseph, and none in Israel greater than he' — the measure of goodness's row on 13:19", 'fx': ['bones_carried']}
  exodus_story.sea('faith_song')                                 {'v': 'in_the_merit_of_faith', 'p': 'MOVE', 'why': "Mekhilta Shirata ch.1 row 1 — Rabbi Nechemya: whoever accepts one commandment in faith is worthy that the holy spirit rest on him; in the merit of the faith of 'and they believed in the LORD' (14:31) the spirit rested on them and they sang (15:1)", 'fx': ['song_sung']}
  exodus_story.sea('not_one')                                    {'v': 1, 'p': 'INK', 'why': "'not one of them remained' (14:28 'ad echad — until one) — the destroy entry on Pharaoh's host; 14:30 'Israel saw Egypt dead on the shore of the sea'", 'fx': ['egypt_drowned']}
  exodus_story.sea('pillar_measure')                             {'v': 'measure_for_measure', 'p': 'MOVE', 'why': "Mekhilta Pischa-b ch.21 row 3 — 'and the LORD went before them by day' (13:21): to teach that with the measure a man measures they measure to him — Abraham escorted the ministering angels (Gen 18:16), the Place escorts his sons in the wilderness forty years", 'fx': ['pillar_leads']}
  exodus_story.sea('saved_seat')                                 {'v': 'Exod 14:30', 'p': 'INK', 'why': "'and the LORD SAVED Israel that day from the hand of Egypt' — the verb's only seat in the Torah (measured): the pursuit's body entry and the second expression (delivered) close here", 'fx': ['saved']}
  exodus_story.sea('serach')                                     {'v': True, 'p': 'MOVE', 'why': 'Sotah 13a:14 (and Mekhilta Pischa-b ch.19 row 1) — how did Moses know where Joseph was buried? Serach bat Asher remained from that generation: the Egyptians made him a metal coffin and sank it in the Nile that its waters be blessed; Moses stood on the bank and called, and the coffin floated', 'fx': ['bones_carried']}
  exodus_story.sea('song_mode')                                  {'v': ('as_the_hallel', 'as_the_shema'), 'p': 'ANSWER-SHEET', 'why': "Mishnah Sotah 5:4 — Rabbi Akiva: 'saying' (15:1) teaches that Israel answered after Moses on every word as those reading the Hallel; Rabbi Nechemya: as those reading the Shema, not as the Hallel", 'fx': ['song_sung']}
  exodus_story.sea('song_mode_three')                            {'v': ('adult_reading_the_hallel', 'minor_reading_the_hallel', 'the_scribe_who_begins'), 'p': 'MOVE', 'why': 'Sotah 30b:11-13 — how did they say the song? Rabbi Akiva: as an adult reading the Hallel and they answer the heads of chapters; Rabbi Eliezer son of Rabbi Yose HaGelili: as a minor reading the Hallel and they answer everything he says; Rabbi Nechemya
  exodus_story.sea('ten_at_sea')                                 {'v': 10, 'p': 'MOVE', 'why': "Mekhilta Beshalach ch.16 row 1 — 'and you, lift your staff' (14:16): TEN miracles were done for Israel at the sea (it split, it became a vault, twelve passages ...); Mishnah Avot 5:4's 'ten miracles at the sea' by name", 'fx': ['sea_split']}
  exodus_story.sea('two_verses')                                 {'v': ('Exod 13:19', 'Josh 24:32'), 'p': 'MOVE', 'why': "Sotah 13b:5 — the verses contradict: 'and Moses took the bones of Joseph with him' (13:19) and 'the bones of Joseph which the sons of Israel brought up' (Josh 24:32) — whoever begins a commandment and does not finish it, another comes and finishes it and it is called by his name; the burial at Shechem 
==== cold_run_exodus_story.plagues sig ('q',) (3369 chars) asks-in-source ['agents', 'darkness_days', 'first_divine', 'hardening_seats', 'lice_finger', 'one_more', 'removed', 'sea_count', 'seven_days', 'ten', 'tomorrows', 'twelve_months']
def plagues(q):
        if q == 'ten': return cell(len(PLAGUES), A, "Mishnah Avot 5:4 — 'ten plagues the Holy One brought on the Egyptians in Egypt' — the ten struck seats of the ink (7:20, 8:2, 8:13, 8:20, 9:6, 9:10, 9:23, 10:13, 10:22, 12:29), each a HEAVEN entry on Egypt with the plague's name", ['pl

  exodus_story.plagues('agents')                                 {'v': (8, 5), 'p': 'INK', 'why': "of the thirteen narrative seats, Pharaoh's own heart at 7:13, 7:22, 8:11, 8:15, 8:28, 9:7, 9:34, 9:35 (eight) and the LORD's hand at 9:12, 10:20, 10:27, 11:10, 14:8 (five) — the agent read off each clause's subject", 'fx': ['heart_hardened']}
  exodus_story.plagues('darkness_days')                          {'v': 3, 'p': 'INK', 'why': "'thick darkness in all the land of Egypt THREE DAYS' (10:22)", 'fx': ['plague_struck']}
  exodus_story.plagues('first_divine')                           {'v': (9, 12), 'p': 'INK', 'why': "'and the LORD strengthened the heart of Pharaoh' (9:12) — the first seat with the LORD as the agent, after eight of Pharaoh's own (7:13, 7:22, 8:11, 8:15, 8:28, 9:7 ... 9:34, 9:35 his again); the tradition's count not on the local shelf under the searched forms — a remark", 'fx': ['heart_hardened']}
  exodus_story.plagues('hardening_seats')                        {'v': 13, 'p': 'INK', 'why': "the hardening's NARRATIVE seats (a wayyiqtol of strong / heavy with 'heart') in Exod 7-14: [(7, 13), (7, 22), (8, 11), (8, 15), (8, 28), (9, 7), (9, 12), (9, 34), (9, 35), (10, 20), (10, 27), (11, 10), (14, 8)] — thirteen; the census's five more (4:21, 7:3, 10:1, 14:4, 14:17) are announcements inside speeches", 'fx': ['heart_har
  exodus_story.plagues('lice_finger')                            {'v': 'a_demon_cannot_create_less_than_a_barleycorn', 'p': 'MOVE', 'why': "Sanhedrin 67b:15 — 'the magicians said to Pharaoh: it is the finger of God' (8:15): Rabbi Eliezer — from here, a demon cannot create a creature smaller than a barleycorn", 'fx': ['plague_struck']}
  exodus_story.plagues('one_more')                               {'v': 'one_more_plague_then_he_sends', 'p': 'INK', 'why': "'ONE MORE plague I will bring on Pharaoh ... afterwards he will send you' (11:1) — the tenth announced as one, the release its consequence (the count's own closing)", 'fx': ['plague_struck']}
  exodus_story.plagues('removed')                                {'v': 4, 'p': 'INK', 'why': "four removals narrated after 'entreat the LORD' (8:4, 8:24, 9:28, 10:17): the frogs died (8:9), the swarms removed 'not one remained' (8:27), the hail ceased (9:33), the locusts cast into the sea (10:19) — four heaven entries closed, six open: the ink's own shape", 'fx': ['plague_removed']}
  exodus_story.plagues('sea_count')                              {'v': ((10, 10), (10, 50)), 'p': 'MOVE', 'why': "Mishnah Avot 5:4 'ten plagues in Egypt and ten at the sea' against Mekhilta Beshalach ch.31 row 2 — Rabbi Yose HaGelili: ten in Egypt (the FINGER, 8:15) and fifty at the sea (the HAND, 14:31) — the sea's plagues derived, not narrated: one act on the tape", 'fx': ['egypt_drowned']}
  exodus_story.plagues('seven_days')                             {'v': 7, 'p': 'INK', 'why': "'and seven days were filled after the LORD struck the river' (7:25) — the stretch's first stated interval", 'fx': ['plague_struck']}
  exodus_story.plagues('ten')                                    {'v': 10, 'p': 'ANSWER-SHEET', 'why': "Mishnah Avot 5:4 — 'ten plagues the Holy One brought on the Egyptians in Egypt' — the ten struck seats of the ink (7:20, 8:2, 8:13, 8:20, 9:6, 9:10, 9:23, 10:13, 10:22, 12:29), each a HEAVEN entry on Egypt with the plague's name", 'fx': ['plague_struck']}
  exodus_story.plagues('tomorrows')                              {'v': [(8, 6), (8, 19), (8, 25), (9, 5), (9, 18), (10, 4)], 'p': 'INK', 'why': "'tomorrow' (מחר / למחר) in the plague stretch: [(8, 6), (8, 19), (8, 25), (9, 5), (9, 18), (10, 4)] — the frogs (8:6), the swarms (8:19, 8:25 Moses' answer), the pestilence (9:5; 'on the morrow' 9:6), the hail (9:18), the locusts (10:4): the ink's own relative stamps, the tape's 
  exodus_story.plagues('twelve_months')                          {'v': 12, 'p': 'ANSWER-SHEET', 'why': "Mishnah Eduyot 2:10 — 'the judgment of the Egyptians, twelve months' (Rabbi Akiva's five twelve-month judgments) — the bound on the plague stretch, graded on the tape (CS9)", 'fx': ['plague_struck']}
==== cold_run_exodus_story.night sig ('q',) (3100 chars) asks-in-source ['by_day', 'firstborn', 'garments', 'midnight', 'please', 'sent_formula', 'stations', 'transitions', 'wage']
def night(q):
        if q == 'midnight': return cell('the_night_of_the_fifteenth', I, "'and it was at half of the night' (12:29) — the day boundary is the evening (the calendar's row): the night after the fourteenth's slaughter belongs to the fifteenth, the exodus day (12:41 'on that very day', 12:51);

  exodus_story.night('by_day')                                   {'v': True, 'p': 'MOVE', 'why': "Mekhilta Pischa ch.17 row 2 — 'on that very day' (12:51): it tells that they went out by day only", 'fx': ['brought_out']}
  exodus_story.night('firstborn')                                {'v': 'redeem (five sela — fetched constant)', 'p': 'IMPORT', 'why': "CALLED cold_run_pesach.firstborn(human) -> the verdict on the human firstborn [IMPORT, live]: the status 13:2 consecrates is grounded by the ink on THIS night — 'for on the day I struck every firstborn in the land of Egypt I sanctified to Me every firstborn' (13:15)", 'fx': ['plague_struck
  exodus_story.night('garments')                                 {'v': 'dearer_than_silver_and_gold', 'p': 'MOVE', 'why': "Mekhilta Pischa ch.35 row 1 — 'vessels of silver and vessels of gold AND GARMENTS' (12:35): the garment was dearer to them than the silver and the gold; 'and the LORD gave favor' — as it sounds (Rabbi Yishmael): before one finished saying 'lend me' the other gave", 'fx': ['egypt_emptied']}
  exodus_story.night('midnight')                                 {'v': 'the_night_of_the_fifteenth', 'p': 'INK', 'why': "'and it was at half of the night' (12:29) — the day boundary is the evening (the calendar's row): the night after the fourteenth's slaughter belongs to the fifteenth, the exodus day (12:41 'on that very day', 12:51); Mekhilta Pischa ch.29 row 1 on 'about midnight'", 'fx': ['plague_struck']}
  exodus_story.night('please')                                   {'v': 'so_that_the_righteous_one_will_not_say', 'p': 'MOVE', 'why': "Berakhot 9a:29-9b:1 — 'speak PLEASE in the ears of the people' (11:2): the school of Rabbi Yannai — 'please' is entreaty: ask of Egypt vessels of silver and gold, so that that righteous one (Abraham) will not say 'and they shall serve them and afflict them' He fulfilled, 'and afterwards the
  exodus_story.night('sent_formula')                             {'v': 'the_mouth_that_said_i_will_not_send', 'p': 'MOVE', 'why': 'Mekhilta Pischa-b ch.17 row 1 — \'the mouth that said "Israel too I will not send" (5:2) is the mouth that said "I will send you" (8:24)\': the release demanded closes on Pharaoh\'s own words (12:31)', 'fx': ['sent_out']}
  exodus_story.night('stations')                                 {'v': 9, 'p': 'INK', 'why': "the stations of the span: Succoth (12:37), Etham (13:20), Pi-hahiroth (14:2), Shur (15:22), Marah (15:23), Elim (15:27), the wilderness of Sin (16:1), Rephidim (17:1), the wilderness of Sinai (19:2) — nine encampments, Numbers 33's list the RUN's citation", 'fx': ['encamped_at']}
  exodus_story.night('transitions')                              {'v': 5, 'p': 'ANSWER-SHEET', 'why': "Mishnah Pesachim 10:5 — 'He brought us out from slavery to freedom, from sorrow to joy, from mourning to festival, from darkness to great light, from bondage to redemption' — five transitions on the close of the enslaved status at 12:51", 'fx': ['brought_out']}
  exodus_story.night('wage')                                     {'v': (600000, 430), 'p': 'MOVE', 'why': "Sanhedrin 91a:10-12 — the Egyptians before Alexander: 'give us the silver and gold you took'; Gebiha ben Pesisa: 'and the sojourn of the sons of Israel ... four hundred and thirty years' (12:40) — give us the WAGE of six hundred thousand (12:37) who served you four hundred and thirty years: the plunder (12:36) as the
==== cold_run_primeval.flood sig ('q',) (2767 chars) asks-in-source ['beasts_guilt', 'eyeball', 'hundred_fifty', 'not_the_fish', 'remnant', 'three_rows_sheet', 'twelve_months_sheet']
def flood(q):
        if q == 'eyeball': return cell('judged_by_water_like_the_eyeball', M, "Sanhedrin 108a:9 — R. Yose: the generation of the flood grew proud only on account of the eyeball, which is like water ('and they took them wives from all they chose', 6:2); therefore He judged them with water, 

  primeval.flood('beasts_guilt')                                 {'v': 'the_wedding_canopy', 'p': 'MOVE', 'why': "Sanhedrin 108a:19-20 — 'and He wiped out every living thing' (7:23): if man sinned, what did the beast sin? a tanna in R. Yehoshua ben Korcha's name — a man made a wedding canopy for his son and prepared every kind of feast; his son died and he scattered the canopy: what did I create beast and wild beast for b
  primeval.flood('eyeball')                                      {'v': 'judged_by_water_like_the_eyeball', 'p': 'MOVE', 'why': "Sanhedrin 108a:9 — R. Yose: the generation of the flood grew proud only on account of the eyeball, which is like water ('and they took them wives from all they chose', 6:2); therefore He judged them with water, which is like the eyeball ('all the fountains of the great deep were split', 7:11)", '
  primeval.flood('hundred_fifty')                                {'v': 150, 'p': 'INK', 'why': "'and the waters prevailed on the earth a hundred and fifty days' (7:24) — the number parsed; 8:3 the same number at the decrease; the tape's C1 (7:11 to 8:4 by the Calendar — the ink's 150 against the modeled months)", 'fx': ['waters_prevailed_a_hundred_and_fifty']}
  primeval.flood('not_the_fish')                                 {'v': 'not_the_fish', 'p': 'INK', 'why': "'all that was on the DRY LAND died' (7:22) — Sanhedrin 108a:21: and not the fish of the sea; the ink's own scope on the destroy entry", 'fx': ['wiped_out']}
  primeval.flood('remnant')                                      {'v': 1, 'p': 'INK', 'why': "'and only Noah REMAINED, and those with him in the ark' (7:23) — the clause's only seat in the Tanakh (measured): the remnant root's first token (the frozen unit's export)", 'fx': ['only_noah_remained']}
  primeval.flood('three_rows_sheet')                             {'v': ('the_flood', 'the_dispersion', 'sodom'), 'p': 'ANSWER-SHEET', 'why': "Mishnah Sanhedrin 10:3 — three generations of this stretch have no share in the world to come, each from its own verse: the flood ('My spirit shall not judge', 6:3 — neither judgment nor spirit), the dispersion ('and the LORD scattered them' this world, 'from there He scattered them
  primeval.flood('twelve_months_sheet')                          {'v': 12, 'p': 'ANSWER-SHEET', 'why': "Mishnah Eduyot 2:10 — five judgments of twelve months: the generation of the flood's judgment twelve months (R. Akiva); Bereshit Rabbah 33:7's own arithmetic on 7:11 to 8:14: 'why the twenty-seventh and not the sixteenth of the second month? these are the eleven days by which the solar year exceeds the lunar' — the sequ
==== cold_run_primeval.nations sig ('q',) (2362 chars) asks-in-source ['amraphel', 'cities_four', 'nimrod_greatness', 'peleg_prophet', 'shem_or_japheth_elder', 'shinar']
def nations(q):
        if q == 'nimrod_greatness': return cell('i_gave_greatness_to_nimrod', M, "Chullin 89a:7 — I gave greatness to Nimrod and he said 'come, let us build us a city' (11:4); to Pharaoh — 'who is the LORD'; to Sennacherib, to Nebuchadnezzar, to Hiram: the four who said 'I' — 'he began t

  primeval.nations('amraphel')                                   {'v': ('nimrod_is_his_name', 'amraphel_is_his_name'), 'p': 'MOVE', 'why': "Eruvin 53a:7 — 'and it was in the days of Amraphel' (14:1): Rav and Shmuel — one said Nimrod is his name, and why Amraphel? because he SAID (amar) and CAST (hipil) Abraham our father into the furnace of fire; one said Amraphel is his name, and why Nimrod? because he made (himrid) the 
  primeval.nations('cities_four')                                {'v': 4, 'p': 'INK', 'why': "'and built Nineveh and Rehoboth-ir and Calah, and Resen' (10:11-12) — the table's four installs (the frozen unit's export); 'that is the great city' — Resen, or Nineveh: the ink's own ambiguity kept", 'fx': ['cities_built']}
  primeval.nations('nimrod_greatness')                           {'v': 'i_gave_greatness_to_nimrod', 'p': 'MOVE', 'why': "Chullin 89a:7 — I gave greatness to Nimrod and he said 'come, let us build us a city' (11:4); to Pharaoh — 'who is the LORD'; to Sennacherib, to Nebuchadnezzar, to Hiram: the four who said 'I' — 'he began to be a mighty one in the earth' (10:8, the rebellion's third seat, Bereshit Rabbah 23:7)", 'fx': 
  primeval.nations('peleg_prophet')                              {'v': 'eber_a_great_prophet', 'p': 'MOVE', 'why': "Bereshit Rabbah 37:7 — 'the name of the one was Peleg, for in his days the earth was divided' (10:25): R. Yose ben Chalafta — Eber was a great prophet, who named for the event; the division verb at 10:25 and 1 Chr 1:19 alone (measured); the dispersion's YEAR not on the local shelf — Babel undated on the tape
  primeval.nations('shem_or_japheth_elder')                      {'v': 'japheth_the_elder', 'p': 'MOVE', 'why': "Bereshit Rabbah 37:7 — 'Shem ... the brother of Japheth the elder' (10:21): we do not know whether Shem is the elder or Japheth — from 'Shem a son of a hundred years begot Arpachshad two years after the flood' (11:10), Japheth is the elder (the sequence runner's C4: Shem's hundred against 5:32's five hundred)",
  primeval.nations('shinar')                                     {'v': ('the_dead_shaken_out', 'shakes_off_the_commandments'), 'p': 'MOVE', 'why': "Bereshit Rabbah 37:4 — 'in the land of Shinar' (10:10): Reish Lakish — where the dead of the generation of the flood were shaken out (nin'aru); another: which shakes off (mena'eret) the commandments — no terumah, no tithes, no sabbatical", 'fx': ['kingdom_founded']}
==== cold_run_ordinances.land sig ('q',) (4204 chars) asks-in-source ['angel', 'borders', 'bread_water', 'break_pillars', 'hornet', 'little_by_little', 'no_barren', 'no_bow', 'no_covenant', 'not_dwell', 'not_forgive', 'serve_before', 'spine_silent']
def land(q):
        if q == 'angel':
            return cell('hapax_the_Name_in_him', I, f"23:20 'behold I SEND AN ANGEL before you' — the phrase at {c_angel} alone; 23:21 'for My NAME IS IN HIM' at {c_name_in_him} "
                        "alone; Onkelos 23:21: 'for his WORD is in My name' — the verse re-sea

  ordinances.land('angel')                                       {'v': 'hapax_the_Name_in_him', 'p': 'INK', 'why': "23:20 'behold I SEND AN ANGEL before you' — the phrase at [('Exod', 23, 20)] alone; 23:21 'for My NAME IS IN HIM' at [('Exod', 23, 21)] alone; Onkelos 23:21: 'for his WORD is in My name' — the verse re-seated on the Memra layer", 'fx': ['—']}
  ordinances.land('borders')                                     {'v': ['sea_of_reeds', 'sea_of_the_philistines', 'the_wilderness', 'the_river'], 'p': 'DATA', 'why': "23:31 'I will set your border from the Sea of Reeds to the SEA OF THE PHILISTINES, and from the wilderness to the river' — 'sea of the Philistines' at [('Exod', 23, 31)] alone; the four terms are the data channel (the geography)", 'fx': ['—']}
  ordinances.land('bread_water')                                 {'v': 'blessed_sickness_removed', 'p': 'INK', 'why': "23:25 'and He will BLESS your bread and your water, and I will remove sickness from your midst' — the covenant's blessing side (Lev 26:3-13 by name)", 'fx': ['bread_and_water_blessed']}
  ordinances.land('break_pillars')                               {'v': 'demolish_demolish_break_break', 'p': 'INK', 'why': "23:24 'for you shall surely DEMOLISH them and surely BREAK their pillars' — 'demolish, demolish' at [('Exod', 23, 24)] alone; Onkelos keeps both doubled verbs; Mishnah Avodah Zarah 3:1: the images' test (a staff, a bird, a ball — the sages)", 'fx': ['demolished']}
  ordinances.land('hornet')                                      {'v': 3, 'p': 'INK', 'why': "23:28 'and I will send THE HORNET before you' — the token at [('Deut', 7, 20), ('Exod', 23, 28), ('Josh', 24, 12)]: this, Deut 7:20, Joshua 24:12 ('and I sent the hornet before you' — the run of this promise in the Prophets)", 'fx': ['—']}
  ordinances.land('little_by_little')                            {'v': 'not_in_one_year', 'p': 'INK', 'why': "23:29-30 'I will not drive him out before you IN ONE YEAR, lest the land be desolate... LITTLE BY LITTLE I will drive him out' — 'little by little' at [('Deut', 7, 22), ('Exod', 23, 30)] (Deut 7:22 restates), 'in one year' at [('1Kgs', 10, 14), ('2Chr', 9, 13), ('Exod', 23, 29)] (Solomon's gold the other two)", 'f
  ordinances.land('no_barren')                                   {'v': 'hapax', 'p': 'INK', 'why': "23:26 'there shall be no MISCARRYING (משכלה) or BARREN in your land; the number of your days I will fill' — 'miscarrying' at [('Exod', 23, 26)] alone, 'and barren' at [('Deut', 7, 14), ('Exod', 23, 26)] (Deut 7:14 restates)", 'fx': ['bread_and_water_blessed']}
  ordinances.land('no_bow')                                      {'v': 'not_bow_not_serve_not_do', 'p': 'INK', 'why': "23:24 'you shall not BOW to their gods nor SERVE them nor DO as their deeds' — three prohibitions; Onkelos: 'to their errors'", 'fx': ['covenant_barred']}
  ordinances.land('no_covenant')                                 {'v': 'no_covenant_with_them_or_their_gods', 'p': 'INK', 'why': "23:32 'you shall not cut a COVENANT with them or with their gods' — Onkelos: 'no covenant with them or with their ERRORS'; Exod 34:12-15, Deut 7:2 restate [IMPORT]", 'fx': ['covenant_barred']}
  ordinances.land('not_dwell')                                   {'v': 'lest_they_make_you_sin', 'p': 'INK', 'why': "23:33 'they shall not dwell in your land lest they make you SIN against Me... it will be a SNARE to you' — 'a snare' (למוקש) at 8 seats (34:12's covenant warning among them); Onkelos: 'they will make you LIABLE before Me' — liability vocabulary for 'sin'", 'fx': ['covenant_barred']}
  ordinances.land('not_forgive')                                 {'v': 'he_will_not_bear_your_transgression', 'p': 'INK', 'why': "23:21 'do not rebel against him, for he will NOT BEAR your transgression' — the phrase at [('Exod', 23, 21), ('Josh', 24, 19)]: this and Joshua 24:19's 'He will not bear your transgression and your sins' — the same clause at the covenant's renewal", 'fx': ['—']}
  ordinances.land('serve_before')                                {'v': 'serve_before_the_LORD', 'p': 'MOVE', 'why': "23:25 'and you shall SERVE the LORD your God' — Onkelos: 'serve BEFORE the LORD' (the service preposition), 'your food and your drink' for bread and water", 'fx': ['bread_and_water_blessed']}
  ordinances.land('spine_silent')                                {'v': 'onkelos_alone', 'p': 'INK', 'why': "the Mekhilta of Rabbi Yishmael's running text ENDS at 23:19 — the declared shelf over 23:20-33 is Onkelos alone (the reading ledger of 2026-09-01 recorded it); the cells above are ink and Onkelos", 'fx': ['—']}
==== TC cells: ['bavli', 'cascade', 'cell', 'count', 'covenant', 'entry_gate', 'has', 'has_run', 'jubilee_count', 'law_tochacha', 'measures', 'recovery', 'releases_due', 'sabbath_debt', 'scaling', 'scene', 'seventy_timer', 'sifra', 'strip', 'toks']
    covenant sig ('walk_in_statutes', 'keep_commandments', 'do_them') | cascade sig ('refusals',)
def covenant(walk_in_statutes, keep_commandments, do_them):
    """26:3's three-part condition; all three → the blessing branch."""
    if walk_in_statutes and keep_commandments and do_them:
        return cell('blessing', I, 'אם בחקתי תלכו ואת מצותי תשמרו ועשיתם אתם (26:3) — '
                    'the three predicates; 26:4-13 the blessing', ['covenant_upheld'])
    return cell('curse_entry', I, 'ואם לא תשמעו לי ולא תעשו (26:14) — the entry gate',
                [FX.NONE])

def cascade(refusals):
    """The five-gate state machine. refusals = how many warnings after the
    entry were refused (0..4). The stage's multiplier is the SEVEN token
    the ink writes at the escalations; stage one carries none."""
    stage = min(1 + refusals, len(GATES))
    lo, hi = SANCTION_SPANS[stage]
    mult = 7 if stage >= 2 else 1
    fx = ['chastised_sevenfold'] if stage >= 2 else [FX.NONE]
    if stage == 5:
        fx += ['land_desolate', 'scattered_among_nations']
    return {
     'stage': cell(stage, I, 'gate at 26:%d — the %s "and if" that opens a block'
                   % (GATES[stage - 1], ['first', 'second', 'third', 'fourth', 'fifth'][stage - 1]), fx),
     'multiplier': cell(mult, I, 'שבע על חטאתיכם (seven for your sins) at 26:%s — %s'
                        % (SEVENS[stage - 2] if stage >= 2 else '—',
                           'the seven token stands in this block' if stage >= 2 else
                           'no seven token in the first block'), fx),
     'span': cell((lo, hi), I, 'the sanction block between this gate and the next', fx),
     'warned_first': cell(True, I, 'every sanction block is PRECEDED by its "and if" '
                          '(the gates at %s each open a block)' % GATES, [FX.NONE]),
    }

TC.covenant(True, True, True)                                    {'v': 'blessing', 'p': 'INK', 'why': 'אם בחקתי תלכו ואת מצותי תשמרו ועשיתם אתם (26:3) — the three predicates; 26:4-13 the blessing', 'fx': ['covenant_upheld']}
TC.covenant(False, False, False)                                 {'v': 'curse_entry', 'p': 'INK', 'why': 'ואם לא תשמעו לי ולא תעשו (26:14) — the entry gate', 'fx': ['—']}
TC.cascade(0)                                                    {'stage': {'v': 1, 'p': 'INK', 'why': 'gate at 26:14 — the first "and if" that opens a block', 'fx': ['—']}, 'multiplier': {'v': 1, 'p': 'INK', 'why': 'שבע על חטאתיכם (seven for your sins) at 26:— — no seven token in the first block', 'fx': ['—']}, 'span': {'v': (16, 17), 'p': 'INK', 'why': 'the sanction block between this gate and the next', 'fx': ['—']}, 'warned_first': {'v': True, 'p': 'INK', 'why': 'every sanction block is PRECEDED by its "and if" (the gates at [14, 18, 21, 23, 27] each open
TC.cascade(1)                                                    {'stage': {'v': 2, 'p': 'INK', 'why': 'gate at 26:18 — the second "and if" that opens a block', 'fx': ['chastised_sevenfold']}, 'multiplier': {'v': 7, 'p': 'INK', 'why': 'שבע על חטאתיכם (seven for your sins) at 26:18 — the seven token stands in this block', 'fx': ['chastised_sevenfold']}, 'span': {'v': (19, 20), 'p': 'INK', 'why': 'the sanction block between this gate and the next', 'fx': ['chastised_sevenfold']}, 'warned_first': {'v': True, 'p': 'INK', 'why': 'every sanction block is PRECEDED b
TC.cascade(2)                                                    {'stage': {'v': 3, 'p': 'INK', 'why': 'gate at 26:21 — the third "and if" that opens a block', 'fx': ['chastised_sevenfold']}, 'multiplier': {'v': 7, 'p': 'INK', 'why': 'שבע על חטאתיכם (seven for your sins) at 26:21 — the seven token stands in this block', 'fx': ['chastised_sevenfold']}, 'span': {'v': (22, 22), 'p': 'INK', 'why': 'the sanction block between this gate and the next', 'fx': ['chastised_sevenfold']}, 'warned_first': {'v': True, 'p': 'INK', 'why': 'every sanction block is PRECEDED by
TC.cascade(5)                                                    {'stage': {'v': 5, 'p': 'INK', 'why': 'gate at 26:27 — the fifth "and if" that opens a block', 'fx': ['chastised_sevenfold', 'land_desolate', 'scattered_among_nations']}, 'multiplier': {'v': 7, 'p': 'INK', 'why': 'שבע על חטאתיכם (seven for your sins) at 26:28 — the seven token stands in this block', 'fx': ['chastised_sevenfold', 'land_desolate', 'scattered_among_nations']}, 'span': {'v': (28, 33), 'p': 'INK', 'why': 'the sanction block between this gate and the next', 'fx': ['chastised_sevenfold
==== CA cells: ['dat', 'first_fruits', 'ink', 'kid_in_milk', 'law_calendar', 'matzah', 'move', 'offering_windows', 'out', 'pilgrimage', 'sabbatical', 'scene', 'strip', 'verse_text', 'weekly_rest']
==== cold_run_calendar.law_calendar sig ('event', 'world') (3638 chars) asks-in-source []
def law_calendar(event, world):
        """Exod 23:10-19 + 34:18-26 (cold_run_calendar.py F1-F6; cold_run_erection.repeats)."""
        k, src = event['kind'], event['case_source']
        E_ = lambda eff, s, cp=None, amount=None, due=None, law='', value=None: {'effect': eff, 'subject': s, 'counterparty': cp, '

==== cold_run_calendar.scene sig () (3802 chars) asks-in-source []
def scene():
        """THE SCENE — the recorded rows replayed on the world engine (THE COUNT EPOCH — the day the base unit, the year derived; the land's timer runs to the seventh count-year)."""
        with _ctx.redirect_stdout(_io.StringIO()):
            w = WE.World(era='the calendar of Exod 23:10-19 and i

hear_o_israel DATA keys                                          ['the_readback', 'the_large_letters', 'the_spellings', 'the_two_sets', 'the_recitation_times', 'the_postures', 'the_exemptions', 'the_passages_order', 'the_tefillin_table', 'the_mezuzah_table', 'the_seven', 'the_list', 'the_oath_by_the_name', 'the_abutter', 'the_four_sons', 'the_receipt_without_the_name', 'the_creed_terms', 'the_files_diverge']
good_land DATA keys                                              ['the_readback', 'not_by_bread_alone', 'the_garment_and_the_foot', 'honey_without_milk', 'the_seven_species_seat', 'the_measures_seat', 'the_kings_law_tokens', 'my_power_my_hand', 'the_written_read_pair', 'the_interrogative_he', 'the_two_rocks', 'the_serve_bow_order', 'the_ten_uncited', 'the_credits', 'the_grace_conditional', 'the_four_blessings', 'the_blessing_before', 'the_heart_lifted']
seven_nations DATA keys                                          ['the_readback', 'the_devotings', 'the_three_readings_of_favor', 'the_shittim_exhibit', 'the_renaming', 'the_fewest', 'the_supplied_doctrine', 'the_written_read_pair', 'the_heel', 'the_blessing_list', 'the_name_from_under_heaven', 'the_two_lemmas', 'the_abomination_seats', 'the_morph_tag', 'the_eleven_uncited', 'the_credits', 'the_calfs_agency', 'the_bans_condition', 'the_pitys_row']
not_righteousness DATA keys                                      ['the_readback', 'the_clock_read_back', 'the_offers_three_forms', 'the_tablets_three_spellings', 'the_taunts_four_forms', 'the_three_swaps', 'the_fourth_verb_dropped', 'solomon_and_nehemiah', 'the_ten_names_of_prayer', 'the_calfs_own_day', 'the_second_ascents_date', 'the_stiff_necks_six_seats', 'the_three_voices_on_one_pronoun', 'taberah_outside_the_ten', 'the_merit_of_the_fathers', 'the_crowns_of_horeb', 'the_asymmetry_megillah_4_10', 'the_three_requests', 'the_tablets_size', 'the_calfs_debt', 'the_provocations_order', 'the_uncited_verses', 'the_credits']
obey_horeb DATA keys                                             ['the_readback', 'the_law_bal_tosif', 'the_teach_your_sons', 'the_horeb_hole', 'the_ten_words_seats', 'the_tablets_plene', 'the_no_image_list', 'the_host_apportioned', 'the_bars_third_telling', 'the_exile_case', 'the_witnesses_chain', 'the_creed', 'the_inquiry_limits', 'the_instruments', 'the_three_cities', 'the_manslayer_definition', 'the_second_frame', 'the_number_switching', 'the_export_chapter_5']
second_tablets DATA keys                                         ['the_readback', 'the_clock_read_back', 'the_two_arks', 'the_arks_contents_two_arms', 'the_stations_reversed', 'the_place_of_the_death', 'the_three_receipt_forms', 'at_that_time_twice', 'the_shemas_tokens_against_the_five', 'and_you_shall_love_five', 'you_were_strangers_four', 'ten_twenty_against_six_thirteen', 'the_heaven_of_heavens_six', 'the_parsers_first', 'no_memra', 'the_seventys_three_forms', 'kings_reads_the_ark', 'the_charge_to_joshua', 'ark_of_the_covenant_vs_testimony', 'the_grammar_guard', 'the_inclinations_name', 'the_burial_among_the_attributes', 'the_positive_form', 'the_converts_intake', 'the_editors_variant', 'the_face_thrice_reconciled', 'the_six_judges', 'the_uncited_verses', 'the_credits']
covenant_at_horeb DATA keys                                      ['the_readback', 'the_second_word', 'the_visiting', 'the_no_image_list', 'the_tenth_word', 'the_sabbath_grounds', 'the_ninth_word', 'keep_and_remember', 'the_reward_clause', 'the_honor_by_call', 'the_receipts', 'the_two_copies', 'the_second_hole', 'the_export_division', 'the_mediator', 'the_return_to_tents', 'the_charge_to_teach', 'the_face_in_face', 'the_fathers_and_us', 'the_hear_and_do']
tochacha DATA keys                                               []
ordinances DATA keys                                             []
borders DATA keys                                                ['the_four_sides', 'the_two_mount_hors', 'the_promised_extents', 'ezekiels_order', 'the_sea_as_border', 'the_jordan_as_border', 'the_three_lands', 'the_land_bound_rule', 'the_nine_and_a_half', 'the_relay_form', 'the_distributive_doubling', 'the_princes_as_agents', 'the_seventy_one', 'the_roster', 'the_roster_order']
korach DATA keys                                                 ['korach_death_mode', 'korach_share', 'earth_mouth', 'sons_of_korach', 'dispute_not_for_heaven', 'maintaining_a_dispute', 'wives', 'incense_stays_plague', 'staff_hidden_with', 'levite_at_another_work', 'zar_who_served', 'genealogy_chamber', 'the_twenty_four', 'betrothed_eats', 'terumah_measure', 'devotion_default', 'redemption_means', 'one_spilling', 'exclusion_table', 'tithe_recipient', 'tithe_thresholds', 'one_in_a_hundred', 'levite_wage_condition', 'every_place', 'firstborn_threshold', 'redeeming_lamb', 'lamb_responsibility', 'donkey_timing', 'raise_before_giving', 'firstborn_eaters', 'watch_places', 'lots', 'three_crowns', 'most_holy_portion_use', 'doubtful_terumah_watch', 'devotion_by_priests']
second_census DATA keys                                          ['plague_tribe', 'spies_protesters_portions', 'compensation_mode', 'division_by', 'decree_age_edges', 'wilderness_survivors', 'jochebed_age', 'hu_rule', 'single_son_plural', 'thirteen_tribes', 'urim_judgment', 'levite_families_delta']
exodus_story DATA keys                                           []
primeval DATA keys                                               []
calendar DATA keys                                               []
hear_o_israel.READBACK len / grades                              (7, {'VERBATIM': 3, 'EXPANDED': 3, 'SHORTENED': 1})
good_land.READBACK len / grades                                  (18, {'VERBATIM': 6, 'EXPANDED': 4, 'TURNED': 2, 'SUPPLIED': 1, 'VARIANT': 5})
seven_nations.READBACK len / grades                              (21, {'EXPANDED': 8, 'VARIANT': 5, 'VERBATIM': 4, 'TURNED': 3, 'SHORTENED': 1})
not_righteousness.READBACK len / grades                          (32, {'VERBATIM': 14, 'VARIANT': 12, 'EXPANDED': 4, 'TURNED': 1, 'SUPPLIED': 1})
obey_horeb.READBACK len / grades                                 (11, {'SHORTENED': 3, 'EXPANDED': 5, 'SUPPLIED': 2, 'DISAGREES': 1})
second_tablets.READBACK len / grades                             (25, {'EXPANDED': 3, 'VERBATIM': 9, 'SUPPLIED': 2, 'VARIANT': 10, 'TURNED': 1})
covenant_at_horeb.READBACK len / grades                          (21, {'VERBATIM': 5, 'VARIANT': 5, 'EXPANDED': 5, 'TURNED': 4, 'SUPPLIED': 2})
==== THE TAPE'S LINES (kind | subject | first verse | the source head | the line's other fields):
  all_flesh_expired                    the-generation-of-the-flood ('Gen', 7, 21)     Gen 7:21-23                                                  {}
  journeyed                            abram                  ('Gen', 12, 6)     Gen 12:6                                                     {'to': 'the place of Shechem'}
  lot_chose                            lot                    ('Gen', 13, 10)    Gen 13:10-11                                                 {}
  covenant_cut_with_abram              abram                  ('Gen', 15, 18)    Gen 15:18-21                                                 {}
  sworn_by_himself                     abraham                ('Gen', 22, 16)    Gen 22:16-18                                                 {}
  pursued                              laban                  ('Gen', 31, 23)    Gen 31:23                                                    {'whom': 'jacob', 'days': 7}
  journeyed                            jacob                  ('Gen', 33, 18)    Gen 33:18                                                    {'to': 'the city of Shechem'}
  journeyed                            the-sons               ('Gen', 37, 12)    Gen 37:12                                                    {'to': 'Shechem, to pasture'}
  pursued                              the-steward            ('Gen', 44, 4)     Gen 44:4-6                                                   {'whom': 'the-sons'}
  plague_struck                        egypt_people           ('Exod', 7, 20)    Exod 7:20                                                    {'plague': 'blood', 'by': 'aaron'}
  plague_struck                        egypt_people           ('Exod', 8, 2)     Exod 8:2                                                     {'plague': 'frogs', 'by': 'aaron'}
  plague_struck                        egypt_people           ('Exod', 8, 13)    Exod 8:13                                                    {'plague': 'lice', 'by': 'aaron'}
  plague_struck                        egypt_people           ('Exod', 8, 20)    Exod 8:20                                                    {'plague': 'swarms', 'by': 'the_lord'}
  plague_struck                        egypt_people           ('Exod', 9, 6)     Exod 9:6                                                     {'plague': 'pestilence', 'by': 'the_lord'}
  plague_struck                        egypt_people           ('Exod', 9, 10)    Exod 9:10                                                    {'plague': 'boils', 'by': 'moses'}
  plague_struck                        egypt_people           ('Exod', 9, 23)    Exod 9:23                                                    {'plague': 'hail', 'by': 'moses'}
  plague_struck                        egypt_people           ('Exod', 10, 13)   Exod 10:13                                                   {'plague': 'locusts', 'by': 'moses', 'slot': 'night'}
  plague_struck                        egypt_people           ('Exod', 10, 22)   Exod 10:22                                                   {'plague': 'darkness', 'by': 'moses'}
  plague_struck                        egypt_people           ('Exod', 12, 29)   Exod 12:29                                                   {'plague': 'the_firstborn', 'by': 'the_lord'}
  brought_out                          israel                 ('Exod', 12, 51)   Exod 12:51; Exod 12:41                                       {}
  pursued                              egypt_people           ('Exod', 14, 8)    Exod 14:8-9                                                  {}
  sea_split                            the-sea                ('Exod', 14, 21)   Exod 14:21                                                   {'slot': 'night'}
  sea_returned                         the-sea                ('Exod', 14, 27)   Exod 14:27-28                                                {}
  korach_gathered_against              korach                 ('Num', 16, 1)     Num 16:1-3 — and Korach son of Izhar son of Kohath son of Le {'parties': ['korach', 'dathan', 'abiram', 'on'], 'count': 250, 'words': 'too much for you; all the congregation are holy'}
  dathan_and_abiram_refused            dathan                 ('Num', 16, 12)    Num 16:12-14 — and Moses sent to call Dathan and Abiram sons {'words': 'we will not go up; will you put out the eyes of these men'}
  earth_swallowed                      dathan                 ('Num', 16, 31)    Num 16:31-34 — and it was, as he finished speaking all these {'swallowed': ['dathan', 'abiram', 'their households', 'every person who belonged to Korach'], 'korach_named': False, 'households': True}
  fire_consumed_the_two_hundred_fifty  the-two-hundred-fifty  ('Num', 16, 35)    Num 16:35 — and fire went out from with the LORD and consume {'count': 250, 'mode': 'fire from with the LORD'}
  borders_commanded                    israel                 ('Num', 34, 1)     Num 34:1-12 — and the LORD spoke to Moses, saying: command t {'sides': ['south', 'west', 'north', 'east'], 'points': 27, 'first': 'the wilderness of Zin', 'last': 'the Salt Sea', 'by_its_borders': True}
  shema_declared                       israel                 ('Deut', 6, 4)     Deut 6:4-9 — hear, O Israel: the LORD our God, the LORD is o {'creed': 'hear, O Israel: the LORD our God, the LORD is one (6:4)', 'duties': ['recite', 'teach', 'bind', 'write']}
  testing_barred                       israel                 ('Deut', 6, 16)    Deut 6:16-19 — you shall not test the LORD your God, as you  {'first_telling': 'Exod 17:2-7', 'massah': "as you tested at Massah (6:16) — the tape's named line Exod 17:7"}
  nations_devoted                      israel                 ('Deut', 7, 1)     Deut 7:1-5 — when the LORD your God brings you into the land {'nations': "['the Hittite', 'the Girgashite', 'the Amorite', 'the Canaanite', 'the Perizzite', 'the Hi", 'objects': ['altars', 'pillars', 'Asherim', 'graven images']}
  hearing_blessed                      israel                 ('Deut', 7, 12)    Deut 7:12-16 — and it shall be, because you hear these judgm {'condition': 'because you hear these judgments and keep and do them (7:12)', 'blessings': ['love, blessing, increase (7:13)', 'no barren (7:14)', 'sickness removed (7:15)']}
  demand_declared                      israel                 ('Deut', 10, 12)   Deut 10:12-13 — and now, Israel, what does the LORD your God {'asked': "'to fear the LORD your God, to walk in all His ways, to love Him, to serve the LORD your G", 'the_five': '"fear, walk, love, serve, keep — 6:13\'s, 8:6\'s and 6:5\'s verbs in one question; \'with all '}
  cleaving_commanded                   israel                 ('Deut', 10, 20)   Deut 10:20-22 — the LORD your God you shall fear, Him you sh {'the_four': 'fear, serve, cleave, swear (10:20) — 6:13 with the fourth clause added', 'value': 'the scholars (Ketubot 111b:7)'}
==== the tape's last Deuteronomy 10 lines (the new lines go after them):
  assert_ink('Deut 10:6', []); M['burial_told'] = M['aaron_death']; w.marker('Deut 10:6', M['burial_told'], value='and he was buried there (10:6) — AARON BURIED, TOLD ONLY HERE with no line on the tape 
  assert_ink('Deut 10:12', []); M['speech_resumed_10'] = M['speech']; w.marker('Deut 10:12', M['speech_resumed_10'], value='and now, Israel (10:12) — the speech resumes at its own day: the retrograde st
