==== cold_run_sanctions.outside sig ('q',) (11338 chars) asks-in-source ['agency', 'bird', 'common_inside', 'cross_cases', 'dispatched_goat', 'fitness_path', 'flesh_list', 'for_commoner', 'handful_frankincense_one', 'individual', 'lacking_any', 'lacking_time_owner', 'left_an_olive', 'no_service_offenses', 'olive', 'part_of_blood', 'per_raising', 'receivable', 'red_cow', 'scooped_returned', 'temple_upkeep', 'ten_acts', 'time_deferred', 'two_cups', 'two_offenses', 'two_raise', 'two_slaughter', 'unfit_list', 'unscooped', 'where', 'who']
def outside(q, **k):
        if q == 'two_offenses':
            return cell('liable_for_slaughter_and_liable_for_raising', I, '17:3-4 "who SLAUGHTERS... shall be cut off" and '
                        '17:8-9 "who RAISES... shall b

  sanctions.outside('agency')                                {'v': 'reckoned_to_the_slaughterer_not_his_sender', 'p': 'INK', 'why': '17:4 "blood shall be reckoned TO THAT MAN" — Sifra, Acharei Mot, Chapter 9 1', 'fx': ['blood_reckoned']}
  sanctions.outside('bird')                                  {'v': 'not_liable', 'p': 'MOVE', 'why': 'Sifra, Acharei Mot, Section 6 4 — bird PINCHING (the inside rite) not; the a-fortiori refused by "who SLAUGHTERS"', 'fx': ['exempt']}
  sanctions.outside('common_inside')                         {'v': 'not_this_law', 'p': 'INK', 'why': '17:4 "to offer an OFFERING to the LORD" — common animals inside are not this clause (Sifra, Acharei Mot, Section 6 5)', 'fx': ['—']}
  sanctions.outside('cross_cases')                           {'v': ['exempt_R._Yosei_HaGelili', 'liable_sages'], 'p': 'MOVE', 'why': 'Sifra, Acharei Mot, Chapter 10 6 — slaughtered outside and raised outside: R. Yosei the Galilean exempt (he raised the disqualified); the sages liable (Zevachim 13:1)'
  sanctions.outside('dispatched_goat')                       {'v': 'exempt', 'p': 'INK', 'why': '17:4 "to the LORD" ({4: 1, 5: 2, 6: 1, 9: 1}) — the dispatched goat is not designated to the Name on the altar (Sifra, Acharei Mot, Section 6 7; Zevachim 14:1: whatever is not fit to come to the tent door
  sanctions.outside('fitness_path')                          "RAISED KeyError: 'rite'"
  sanctions.outside('flesh_list')                            {'v': 'exempt', 'p': 'MOVE', 'why': 'Sifra, Acharei Mot, Chapter 10 9 — only FIRE-WORTHY classes: sin-offering flesh, guilt flesh, most-holy and light-holy flesh, the omer\'s remainder, the two loaves, the showbread, meal-offering remainder
  sanctions.outside('for_commoner')                          {'v': 'exempt', 'p': 'MOVE', 'why': 'Zevachim 13:3 — raising for a common person: 17:9 "to the LORD" not met', 'fx': ['exempt']}
  sanctions.outside('handful_frankincense_one')              {'v': ['liable', 'R._Elazar_until_the_second'], 'p': 'MOVE', 'why': 'Zevachim 13:6 — one of the two outside; one in and one out — liable', 'fx': ['karet_cut_off']}
  sanctions.outside('individual')                            {'v': 'individual_not_community_not_coerced_erring_misled', 'p': 'MOVE', 'why': '17:4 "that man shall be cut off" — Sifra, Acharei Mot, Chapter 9 2', 'fx': ['karet_cut_off']}
  sanctions.outside('lacking_any')                           {'v': 'exempt', 'p': 'MOVE', 'why': 'Zevachim 13:4 — lacking any amount: not receivable inside', 'fx': ['exempt']}
  sanctions.outside('lacking_time_owner')                    {'v': 'liable', 'p': 'INK', 'why': 'Zevachim 14:3 — their burnt offerings and shelamim: fit any day', 'fx': ['karet_cut_off']}
  sanctions.outside('left_an_olive')                         {'v': 'liable', 'p': 'MOVE', 'why': 'Zevachim 13:4 — offered inside and left an olive, offered outside: the remainder is still fire-destined', 'fx': ['karet_cut_off']}
  sanctions.outside('no_service_offenses')                   {'v': 'no_liability_for_non_priest_impurity_garments_washing', 'p': 'INK', 'why': 'Zevachim 14:3 — the Temple-service offenses attach inside the door (17:4-6: the priest throws the blood AT the altar)', 'fx': ['—']}
  sanctions.outside('olive')                                 {'v': 'exempt', 'p': 'MOVE', 'why': 'Sifra, Acharei Mot, Chapter 10 8 — less than an olive; "it" = the whole (Zevachim 13:4)', 'fx': ['exempt']}
  sanctions.outside('part_of_blood')                         {'v': 'liable', 'p': 'MOVE', 'why': 'Sifra, Acharei Mot, Chapter 10 3 — the BLOOD by "or sacrifice" (17:8); Zevachim 13:6: throwing part of the blood outside; R. Nechemia: the remainder; R. Elazar: the water libation', 'fx': ['karet_cut_off
  sanctions.outside('per_raising')                           {'v': ['per_raising_R._Shimon', 'one_R._Yosei_altar_top_only'], 'p': 'MOVE', 'why': 'Sifra, Acharei Mot, Chapter 10 11 — raised and raised again; R. Yosei: not until the altar-top; R. Shimon: even on a rock (Chapter 9 7)', 'fx': ['karet_cut
  sanctions.outside('receivable')                            {'v': 'liable_if_the_class_is_receivable_inside', 'p': 'MOVE', 'why': 'Sifra, Acharei Mot, Chapter 10 5 — "to perform it": the lodged, the exited, the impure, the wrong-time and wrong-place slaughtered... liable IF receivable inside (Zevach
  sanctions.outside('red_cow')                               {'v': 'exempt', 'p': 'INK', 'why': 'Zevachim 14:1 — burned outside its pit: "to the tent door he did not bring it" — the cow never comes to the door', 'fx': ['exempt']}
  sanctions.outside('scooped_returned')                      {'v': 'liable', 'p': 'MOVE', 'why': 'Zevachim 13:5 — scooped and the handful returned into it: the fire-portion exists', 'fx': ['karet_cut_off']}
  sanctions.outside('temple_upkeep')                         {'v': 'excluded', 'p': 'MOVE', 'why': 'Sifra, Acharei Mot, Section 6 6 — upkeep consecrations never come to the tent door', 'fx': ['exempt']}
  sanctions.outside('ten_acts')                              {'v': 'exempt', 'p': 'MOVE', 'why': 'Sifra, Acharei Mot, Chapter 10 10 — the pourer, blender, breaker, salter, waver, presenter, table-arranger, lamp-tender, handful-taker, blood-receiver: only an act that COMPLETES a service ("who raises")
  sanctions.outside('time_deferred')                         {'v': ['exempt', 'R._Shimon_plain_negative'], 'p': 'MOVE', 'why': 'Sifra, Acharei Mot, Section 6 8 — "before the tabernacle" = fit NOW; R. Shimon: a negative without karet; the sages: no karet, no negative (Zevachim 14:2)', 'fx': ['exempt']
  sanctions.outside('two_cups')                              "RAISED KeyError: 'seq'"
  sanctions.outside('two_offenses')                          {'v': 'liable_for_slaughter_and_liable_for_raising', 'p': 'INK', 'why': '17:3-4 "who SLAUGHTERS... shall be cut off" and 17:8-9 "who RAISES... shall be cut off" — two clauses, two karet formulas ([(17, 4), (17, 9)])', 'fx': ['blood_reckoned
  sanctions.outside('two_raise')                             {'v': ['liable_R._Shimon', 'exempt_R._Yosei'], 'p': 'MOVE', 'why': 'Sifra, Acharei Mot, Chapter 10 2 — "any man, any man" includes two (R. Shimon); "THAT one" exempts two (R. Yosei); the sheet follows R. Shimon (Zevachim 13:3)', 'fx': ['kar
  sanctions.outside('two_slaughter')                         {'v': 'exempt', 'p': 'MOVE', 'why': '17:4 "he has shed blood" — ONE who slaughters; two together exempt (Sifra, Acharei Mot, Chapter 9 1; Zevachim 13:3)', 'fx': ['exempt']}
  sanctions.outside('unfit_list')                            {'v': 'exempt', 'p': 'MOVE', 'why': '17:4 "before the tabernacle of the LORD" — the mounting and mounted, set-aside, worshipped, hire, price, crossbreed, torn, side-born; the blemished (Sifra, Acharei Mot, Section 6 7; Zevachim 14:2)', 'fx'
  sanctions.outside('unscooped')                             {'v': 'exempt', 'p': 'MOVE', 'why': 'Zevachim 13:5 — a meal offering not yet scooped: no fire-portion exists (Sifra, Acharei Mot, Chapter 10 4, 10 9)', 'fx': ['exempt']}
  sanctions.outside('where')                                 {'v': 'anywhere_but_the_tent_door', 'p': 'INK', 'why': '17:3 "in the camp or outside the camp" + 17:4 "to the tent door he did not bring it" (the tent door at [(17, 4), (17, 5), (17, 6), (17, 9)]): the geography is one test — Sifra, Acharei
  sanctions.outside('who')                                   {'v': 'liable', 'p': 'INK', 'why': '17:3 "any man of the house of Israel"; 17:8 "and of the convert who sojourns" ([(17, 8)])', 'fx': ['karet_cut_off']}
==== cold_run_sanctions.blood sig ('q',) (2181 chars) asks-in-source ['atones', 'ban', 'convert', 'eater_not_feeder', 'karet_own_eating', 'lashes', 'which_blood']
def blood(q, **k):
        if q == 'ban':
            return cell('karet', I, '17:10 "who eats ANY blood... I will set My face against the soul that eats the blood '
                        'and cut her off"; 17:14 "all who eat it s

  sanctions.blood('atones')                                  {'v': 'one_gift_atones_on_the_altar_exuded_blood_nothing', 'p': 'INK', 'why': '17:11 "I have given it to you on the ALTAR to atone for your souls, for the blood atones BY THE LIFE" — Sifra, Acharei Mot, Section 7 5: one gift atones after th
  sanctions.blood('ban')                                     {'v': 'karet', 'p': 'INK', 'why': '17:10 "who eats ANY blood... I will set My face against the soul that eats the blood and cut her off"; 17:14 "all who eat it shall be cut off" (soul tokens {10: 1, 11: 3, 12: 1, 14: 3, 15: 1})', 'fx': ['fa
  sanctions.blood('convert')                                 {'v': 'convert_bound_as_the_citizen', 'p': 'INK', 'why': '17:10, 17:12 "and the convert who sojourns among you" ([(17, 8), (17, 10), (17, 12), (17, 13), (17, 15), (18, 26), (20, 2)])', 'fx': ['karet_cut_off']}
  sanctions.blood('eater_not_feeder')                        {'v': 'the_eater_not_the_feeder', 'p': 'INK', 'why': '17:10 "the soul that EATS" — Sifra, Acharei Mot, Section 7 4; 7 6: warn the great over the small (no feeding children), but the child not cut off through them', 'fx': ['karet_cut_off']}
  sanctions.blood('karet_own_eating')                        {'v': 'karet_rides_only_ones_own_eating', 'p': 'INK', 'why': '17:14 "ALL WHO EAT IT shall be cut off" — Sifra, Acharei Mot, Section 7 7 (not through the small nor through other great)', 'fx': ['karet_cut_off']}
  sanctions.blood('lashes')                                  {'v': 'lashed_when_warned', 'p': 'IMPORT', 'why': 'Makkot 3:2 — the eater of blood in the lash list: the warned karet-class negative is lashed (Deut 25:2-3 [IMPORT]); 3:15: the lashed are discharged of their karet (R. Chananya b. Gamliel)',
  sanctions.blood('which_blood')                             {'v': ['sages_lifeblood_only', 'R._Yehuda_any_blood'], 'p': 'MOVE', 'why': 'Sifra, Acharei Mot, Section 7 3 — "any blood": R. Yehuda lifeblood and exuded, common and consecrated; the sages: karet only on LIFEBLOOD (17:11 "the life of the fl
==== cold_run_sanctions.covering sig ('q',) (5984 chars) asks-in-source ['another_saw', 'consecrated', 'deaf_imbecile_minor', 'failed_slaughter', 'festival', 'hundred', 'hunted_of_any_kind', 'materials', 'mixed', 'not_with_the_foot', 'species', 'splashed_knife', 'state', 'unfit_slaughter', 'where']
def covering(q, **k):
        if q == 'species':
            sp = k.get('species')
            if sp in ('wild', 'bird'):
                return cell('cover_owed', I, '17:13 "who hunts a catch of WILD ANIMAL or BIRD which may be eaten..

  sanctions.covering('another_saw')                          {'v': 'liable_to_cover', 'p': 'MOVE', 'why': 'Sifra, Acharei Mot, Chapter 11 7 — the pourer himself covers, yet all others warned ("for the life of ALL flesh", 17:14) — Chullin 6:4', 'fx': ['cover_owed']}
  sanctions.covering('consecrated')                          {'v': 'no_covering', 'p': 'MOVE', 'why': "Chullin 6:1 — common, not consecrated: Sifra, Acharei Mot, Chapter 11 6 (the sages: only slaughter fit for eating); the consecrated bird's blood is the altar's (17:11)", 'fx': ['—']}
  sanctions.covering('deaf_imbecile_minor')                  {'v': 'exempt', 'p': 'MOVE', 'why': 'Chullin 6:3 — by themselves: no valid slaughter presumed', 'fx': ['exempt']}
  sanctions.covering('failed_slaughter')                     {'v': 'exempt', 'p': 'MOVE', 'why': '17:13 "and POUR OUT" — Sifra, Acharei Mot, Chapter 11 5: the slaughter that became carrion in his hand, the stabber, the wrencher excluded (Chullin 6:2)', 'fx': ['exempt']}
  sanctions.covering('festival')                             {'v': ['Shammai_dig_with_the_spade', 'Hillel_only_with_prepared_dust', 'both_after_the_fact'], 'p': 'ANSWER-SHEET', 'why': "Beitzah 1:2 (= Eduyot 4:2) — the covering duty against the festival's work ban (Exod 12:16 [IMPORT]); the prepared-d
  sanctions.covering('hundred')                              {'v': 'one_covering', 'p': 'MOVE', 'why': '17:13 "wild animal OR bird" — each of any number: Sifra, Acharei Mot, Chapter 11 4 (a hundred in one place, one covering; beast and bird together, one; R. Yehuda: cover the animal\'s first)', 'fx':
  sanctions.covering('hunted_of_any_kind')                   {'v': 'bought_inherited_gifted_self_trapped_all_covered', 'p': 'MOVE', 'why': '17:13 "a catch" — Sifra, Acharei Mot, Chapter 11 2: from any source (Chullin 6:1 prepared and unprepared); Rabbi\'s conduct rule: flesh by this preparation', 'fx
  sanctions.covering('materials')                            'RAISED ValueError: materials'
  sanctions.covering('mixed')                                {'v': ['view_as_water', 'R._Yehuda_blood_does_not_nullify_blood'], 'p': 'DATA', 'why': "Chullin 6:5 — a beast's or wild animal's blood", 'fx': ['cover_owed']}
  sanctions.covering('not_with_the_foot')                    {'v': 'not_with_the_foot_the_pourer_covers', 'p': 'MOVE', 'why': 'Sifra, Acharei Mot, Chapter 11 7 — "that the commandments not be despised upon him"', 'fx': ['cover_owed']}
  sanctions.covering('species')                              'RAISED ValueError: species'
  sanctions.covering('splashed_knife')                       {'v': ['liable', 'R._Yehuda_only_when_no_other_blood'], 'p': 'MOVE', 'why': 'Sifra, Acharei Mot, Chapter 11 9 — ALL its blood: splashed and knife blood (Chullin 6:6)', 'fx': ['cover_owed']}
  sanctions.covering('state')                                'RAISED ValueError: state'
  sanctions.covering('unfit_slaughter')                      {'v': ['R._Meir_liable', 'sages_exempt'], 'p': 'MOVE', 'why': 'Sifra, Acharei Mot, Chapter 11 6 VERBATIM — found torn, for idolatry, common inside, consecrated outside, the stoned bird and beast (Chullin 6:2)', 'fx': ['cover_owed']}
  sanctions.covering('where')                                {'v': 'everywhere_with_and_without_the_House', 'p': 'INK', 'why': '17:13 binds the PERSON ("any man... who hunts"), where 17:3-9 bind the tent door — Chullin 6:1: in the Land and outside, before the House and not', 'fx': ['cover_owed']}
==== cold_run_sanctions.molech sig ('q', 'handed', 'passed', 'fire', 'to_molech') (3281 chars) asks-in-source ['all_who_stray', 'concealed', 'effects_chain', 'family', 'gentile_court', 'ladder', 'predicate', 'seed_scope', 'translation_gate', 'who_stones']
def molech(q, handed=True, passed=True, fire=True, to_molech=True, **k):
        if q == 'predicate':
            liable = handed and passed and fire and to_molech
            return cell('liable' if liable else 'exempt', I if liabl

  sanctions.molech('all_who_stray')                          {'v': 'all_foreign_services_swept_into_the_karet', 'p': 'INK', 'why': '20:5 "and all who stray after him to stray after Molech" — Sifra, Kedoshim, Section 4 15', 'fx': ['karet_cut_off']}
  sanctions.molech('concealed')                              {'v': 'karet_by_Heaven_and_his_family', 'p': 'INK', 'why': '20:4-5 "if the people of the land hide their eyes... I will set My face against that man and against his family and cut him off" — the court\'s failure routes the case to Heaven\'s
  sanctions.molech('effects_chain')                          {'v': ['defiles_the_sanctuary', 'profanes_the_Name', 'removes_the_Presence', 'fells_by_the_sword', 'exiles'], 'p': 'MOVE', 'why': '20:3 "to defile My sanctuary and profane My holy Name" — Sifra, Kedoshim, Section 4 8\'s five-effect chain', 
  sanctions.molech('family')                                 {'v': 'afflictions_not_karet', 'p': 'MOVE', 'why': 'Sifra, Kedoshim, Section 4 13-14 — R. Shimon: what did the family sin? THE SHELTERING PRINCIPLE (they shield him); bounded: HE is cut off, the family under afflictions ("him I cut off"); O
  sanctions.molech('gentile_court')                          {'v': 'their_unions_by_their_law_Israel_unions_by_Israel_law', 'p': 'MOVE', 'why': 'Sifra, Kedoshim, Section 4 2', 'fx': ['—']}
  sanctions.molech('ladder')                                 {'v': ['one_matter_to_many', 'one_court_to_many', 'lesser_courts_to_the_Sanhedrin_and_capital_law_taken'], 'p': 'MOVE', 'why': 'Sifra, Kedoshim, Section 4 9-11 — the concealment ladder, an institutional-decay induction recorded as law', 'fx
  sanctions.molech('predicate')                              {'v': 'liable', 'p': 'INK', 'why': '20:2-4 "who GIVES of his seed to Molech" (three seats [(18, 21), (20, 2), (20, 3), (20, 4)]) + 18:21 "to PASS to Molech": handing and passing and Molech are the span\'s own tokens; "through FIRE" is Deut 
  sanctions.molech('seed_scope')                             {'v': ['son', 'daughter', 'grandson', 'granddaughter', 'unfit_seed'], 'p': 'MOVE', 'why': 'Sifra, Kedoshim, Section 4 6-7 — "of his SEED": grandchildren and unfit seed included', 'fx': ['stoned']}
  sanctions.molech('translation_gate')                       {'v': 'silenced_with_rebuke', 'p': 'ANSWER-SHEET', 'why': 'Megillah 4:9 — rendering 18:21 as "to pass in Aramean-ness" (the intermarriage reading) is silenced: the four-condition predicate refuses it; Onkelos keeps the literal pass-through'
  sanctions.molech('who_stones')                             {'v': 'the_people_of_the_land', 'p': 'INK', 'why': '20:2 "the people of the land shall stone him with stone" — Onkelos: the people of the house of Israel; Sifra, Kedoshim, Section 4 4: the court lacking strength — the people assist', 'fx': 
==== cold_run_sanctions.platform sig ('q',) (3507 chars) asks-in-source ['classes', 'consecrated_offered', 'demons', 'differences', 'eras', 'no_fragrance', 'no_karet_for_platform', 'no_priest', 'rock', 'service_by']
def platform(q, **k):
        ERAS = [('before_the_Tabernacle', 'permitted', 'firstborn'), ('the_Tabernacle', 'forbidden', 'priests'),
                ('Gilgal', 'permitted', 'priests'), ('Shiloh', 'forbidden', 'priests'), ('Nob

  sanctions.platform('classes')                              {'v': ['sages_burnt_and_shelamim_only', 'R._Meir_whatever_comes_by_vow'], 'p': 'MOVE', 'why': 'Sifra, Acharei Mot, Chapter 9 5-6 — 17:5 "and slaughter them as SHELAMIM"; the burnt offering amplified; R. Meir adds meal offerings and nazirite
  sanctions.platform('consecrated_offered')                  "RAISED KeyError: 'consecrated'"
  sanctions.platform('demons')                               {'v': 'the_demons', 'p': 'INK', 'why': '17:7 "to the hairy ones" — Onkelos: to the DEMONS; Sifra, Acharei Mot, Chapter 9 8; "after whom they stray" amplifies all foreign worship', 'fx': ['—']}
  sanctions.platform('differences')                          {'v': ['laying_on', 'north_slaughter', 'blood_around', 'waving', 'presenting', 'priesthood', 'service_garments', 'service_vessels', 'pleasing_fragrance', 'blood_partition', 'washing'], 'p': 'ANSWER-SHEET', 'why': "Zevachim 14:10 — the indiv
  sanctions.platform('eras')                                 {'v': [('before_the_Tabernacle', 'permitted'), ('the_Tabernacle', 'forbidden'), ('Gilgal', 'permitted'), ('Shiloh', 'forbidden'), ('Nob_and_Gibeon', 'permitted'), ('Jerusalem', 'forbidden_forever')], 'p': 'IMPORT', 'why': 'Zevachim 14:4-8 —
  sanctions.platform('no_fragrance')                         {'v': 'not_on_a_platform', 'p': 'MOVE', 'why': 'Sifra, Acharei Mot, Chapter 9 7 — "a pleasing fragrance" (17:6) at the altar; Onkelos "to be received with favor"; Zevachim 14:10', 'fx': ['—']}
  sanctions.platform('no_karet_for_platform')                {'v': 'no_karet_for_the_platform_offense_itself', 'p': 'MOVE', 'why': 'Sifra, Acharei Mot, Chapter 9 9 — "this to them"', 'fx': ['—']}
  sanctions.platform('no_priest')                            {'v': 'even_converts_women_slaves_serve', 'p': 'MOVE', 'why': 'Sifra, Acharei Mot, Chapter 9 7 — priestly throwing AT THE ALTAR only (17:6); Zevachim 14:10 lists priesthood among the differences', 'fx': ['—']}
  sanctions.platform('rock')                                 {'v': ['R._Meir_even_a_rock', 'R._Yishmael_a_built_altar'], 'p': 'MOVE', 'why': 'Sifra, Acharei Mot, Chapter 9 7', 'fx': ['—']}
  sanctions.platform('service_by')                           {'v': ['firstborn_before', 'priests_after'], 'p': 'IMPORT', 'why': 'Zevachim 14:4 — Exod 24:5 / Num 3:12 [IMPORT]', 'fx': ['—']}
==== cold_run_sanctions.frame sig ('q',) (5195 chars) asks-in-source ['all_or_any', 'amorite_ways', 'canon_channel', 'compliance', 'court_warned', 'disqualified', 'festival_reading', 'karet_persons', 'land', 'lashes_discharge_karet', 'live_by_them', 'majority_threshold', 'nomoi', 'sanctify_yourselves', 'separate_species', 'sit_and_abstain', 'two_classes']
def frame(q, **k):
        if q == 'nomoi':
            return cell('their_civil_customs_not_their_buildings', M, '18:3 "in their STATUTES you shall not walk" — '
                        'Onkelos: their NOMOI; ' + SA + 'Section 8 8 

  sanctions.frame('all_or_any')                              {'v': 'all_or_any_one', 'p': 'MOVE', 'why': '18:24 "defile not yourselves in ALL these" — Sifra, Acharei Mot, Chapter 13 16, 13 18: in all or in any one; the full inclusion census', 'fx': ['karet_cut_off']}
  sanctions.frame('amorite_ways')                            {'v': ['R._Meir_remedy_permitted', 'sages_forbidden_even_on_a_weekday'], 'p': 'MOVE', 'why': "Shabbat 6:10 — the locust's egg, the fox's tooth, the nail from the crucified: the sages — the ways of the Amorite (the customs class of 18:3; the
  sanctions.frame('canon_channel')                           {'v': {'judgments': 'dinim', 'statutes': 'midrashot', 'keep': 'Mishnah', 'walk_in_them': 'the_deed'}, 'p': 'MOVE', 'why': "Sifra, Acharei Mot, Section 8 9 — 18:4 read as the four strata (the data channel's self-label)", 'fx': ['—']}
  sanctions.frame('compliance')                              {'v': 'I_can_but_my_Father_decreed', 'p': 'MOVE', 'why': 'Sifra, Kedoshim, Chapter 9 12 — R. Elazar ben Azariah; Onkelos 20:26 "to be servants before Me"', 'fx': ['—']}
  sanctions.frame('court_warned')                            {'v': 'the_court_warned_over_the_charge', 'p': 'MOVE', 'why': '18:30 "keep My CHARGE" — Sifra, Acharei Mot, Chapter 13 22 (Onkelos: the charge of My Word); 13 4: "say to them" a warning to the court', 'fx': ['—']}
  sanctions.frame('disqualified')                            {'v': 'disqualified_from_following_Me', 'p': 'MOVE', 'why': 'Sifra, Acharei Mot, Chapter 13 22 — "defile yourselves in them and you are DISQUALIFIED"', 'fx': ['disqualified']}
  sanctions.frame('festival_reading')                        {'v': 'Acharei_Mot_on_the_Day', 'p': 'ANSWER-SHEET', 'why': "Megillah 3:5 — the Day of Atonement reads Lev 16 (the parashah's name; the moadim engine's context)", 'fx': ['—']}
  sanctions.frame('karet_persons')                           {'v': 'man_and_woman_the_doers_not_the_approach', 'p': 'INK', 'why': '18:29 "the SOULS that DO them shall be cut off" — Sifra, Acharei Mot, Chapter 13 20-21: both sexes; the doers, not the mere approach', 'fx': ['karet_cut_off']}
  sanctions.frame('land')                                    {'v': 'the_land_vomits_its_inhabitants', 'p': 'INK', 'why': '18:25, 18:28, 20:22 — the vomit verb at [(18, 25), (18, 28), (20, 22)]: "I visited its iniquity upon it" (Onkelos: I reckoned); Sifra, Acharei Mot, Chapter 13 16, 13 19 — the open
  sanctions.frame('lashes_discharge_karet')                  {'v': ['discharged_R._Chananya_b._Gamliel'], 'p': 'ANSWER-SHEET', 'why': 'Makkot 3:15 — "your brother shall be degraded... once lashed he is your brother" (Deut 25:3 [IMPORT])', 'fx': ['lashes']}
  sanctions.frame('live_by_them')                            {'v': 'transgress_and_live', 'p': 'MOVE', 'why': '18:5 — told privately "worship or be killed": he transgresses and lives (Sifra, Acharei Mot, Chapter 13 13); Onkelos 18:5 "to eternal life" beside it', 'fx': ['—']}
  sanctions.frame('majority_threshold')                      {'v': 'most_of_the_windpipe_vs_half_a_hairs_breadth', 'p': 'MOVE', 'why': 'Sifra, Kedoshim, Chapter 9 9 — "between the pure FOR YOU and the impure FOR YOU": most of the windpipe cut vs half — a hair\'s breadth between (the transmitted toler
  sanctions.frame('nomoi')                                   {'v': 'their_civil_customs_not_their_buildings', 'p': 'MOVE', 'why': '18:3 "in their STATUTES you shall not walk" — Onkelos: their NOMOI; Sifra, Acharei Mot, Section 8 8 / Chapter 13 8: theaters, circuses, the Amorite ways; NOT their buildi
  sanctions.frame('sanctify_yourselves')                     {'v': 'the_idolatry_separation', 'p': 'MOVE', 'why': 'Sifra, Kedoshim, Chapter 10 2 — 20:7 read of idolatry specifically (19:2 carries the all-commandments reading)', 'fx': ['—']}
  sanctions.frame('separate_species')                        {'v': 'impure', 'p': 'IMPORT', 'why': '20:25 "SEPARATE between the pure beast and the impure" — CALLED cold_run_shemini.classify (the Lev 11 signs) -> \'impure\'', 'fx': ['—']}
  sanctions.frame('sit_and_abstain')                         {'v': 'rewarded_as_one_who_did_a_commandment', 'p': 'INK', 'why': 'Makkot 3:15 — R. Shimon FROM ITS OWN PLACE: "the souls that DO shall be cut off" (18:29) and "which a man shall DO and live" (18:5) — the two DO tokens censused ((True, True
  sanctions.frame('two_classes')                             {'v': {'judgments': 'reason_would_have_written', 'statutes': 'decreed_no_permission_to_object'}, 'p': 'MOVE', 'why': 'Sifra, Acharei Mot, Chapter 13 9 — 18:4-5: theft, the unions, idolatry, blasphemy, bloodshed vs pig, mixed cloth, the levi
==== cold_run_korach.the_gifts sig ('case', 'data') (28049 chars) asks-in-source ['ass_redeem_or_break', 'betrothed_eats', 'bikkurim', 'bikkurim_eaters', 'bikkurim_partners', 'bikkurim_scope', 'blemish_expert', 'blemished_firstborn', 'blemished_keeping', 'breast_and_thigh', 'clean_firstborn', 'covenant_of_salt', 'covenant_reason', 'devote_firstborn', 'devoted', 'devoted_status', 'devoted_to_whom', 'devotion_by_priests', 'donkey_doubt', 'doubtful_terumah_watch', 'eaten_in_greatness', 'every_male', 'firstborn_blood_mixed', 'firstborn_blood_placement', 'firstborn_eaters', 'firstborn_eating_window', 'firstborn_for_redemption', 'firstborn_portions', 'firstborn_resembles', 'firstborn_sale', 'firstborn_substitute', 'firstborn_without_altar', 'five_sela_coinage', 'from_the_fire', 'gentile_consecrations', 'household', 'impure_terumah_benefit', 'levite_donkey', 'most_holy_eating_place', 'most_holy_list', 'most_holy_portion_use', 'opens_the_womb', 'raise_before_giving', 'redeeming_lamb', 'redemption_before_thirty', 'redemption_means', 'redemption_money_lost', 'redemption_rate', 'redemption_timing', 'returned', 'salt_source', 'self_redemption', 'suspect_firstborn', 'suspect_principle', 'the_best_triad', 'three_crowns', 'twenty_four', 'twenty_gerah_floor', 'twins', 'unclean_firstborn_scope', 'with_joy']
def the_gifts(case, data):
        del P[:]
        ask = case['ask']
        if ask == 'with_joy':
            ink('18:8', '"and the LORD spoke to Aaron: and I, behold, I have given you" — the LORD to Aaron; 17:5\'s "to him" the frame 

  korach.the_gifts({ask:ass_redeem_or_break})                ('redeem with a lamb, else break the neck', ['redeem_or_break'])
  korach.the_gifts({ask:betrothed_eats})                     ('the a-fortiori: she eats (R. Yochanan b. Bag Bag); THE DECREE: not until the canopy (Mishnah Ketubot 5:3 — the later court; Ketubot 57b-58a: the cup and the simpon) — the decree over the a-fortiori', ['stranger_barred'])
  korach.the_gifts({ask:bikkurim})                           ('the first fruits of all — holy while attached (18:13; Sifrei 117:2); partners liable, outside the land exempt (Chullin 136a); roofs and ships (Menachot 84b); the household eats (84b:10)', ['due_to_priest'])
  korach.the_gifts({ask:bikkurim_eaters})                    ('the household eats the first fruits — the verse read as two (Menachot 84b:10)', ['terumah_fed'])
  korach.the_gifts({ask:bikkurim_partners})                  ('first fruits from land in partnership — liable; outside the land exempt (Chullin 136a)', ['due_to_priest'])
  korach.the_gifts({ask:bikkurim_scope})                     ('the first fruits of all — roofs, ruins, flowerpots and ships; the two loaves precede (Menachot 84b)', ['due_to_priest'])
  korach.the_gifts({ask:blemish_expert})                     ("the court's expert exempt, a non-expert pays (Mishnah Bekhorot 4:4); a paid examiner disqualified unless like Ila (4:5); shown after slaughter — R. Yehuda / R. Meir (4:3)", ['—'])
  korach.the_gifts({ask:blemished_firstborn})                ('to the priest — it shall be yours repeated (Zevachim 37b); raised thirty or fifty days (Mishnah Bekhorot 4:1); kept the year (4:2); the expert (4:4-5)', ['due_to_priest'])
  korach.the_gifts({ask:blemished_keeping})                  ('a blemish within the year — kept the twelve months; after the year — thirty days (Mishnah Bekhorot 4:2)', ['—'])
  korach.the_gifts({ask:breast_and_thigh})                   ('breast and thigh to the priests after the smoking (tzav CALLED); the terumah of their gift, all the wave offerings (18:11)', ['due_to_priest'])
  korach.the_gifts({ask:clean_firstborn})                    ('the firstborn of an ox, a sheep, a goat you shall not redeem — they are holy (18:17); an ox and its firstborn an ox (Bekhorot 5b); no hybrid (Sifrei 118:1)', ['consecrated'])
  korach.the_gifts({ask:covenant_of_salt})                   ("a covenant of salt — Aaron's (18:19) and David's (2 Chr 13:5) alone; salting indispensable (Menachot 19b-20a); from communal supplies (Menachot 21b); Aaron's greater than David's (Sifrei 119:5)", ['covenant_of_salt'])
  korach.the_gifts({ask:covenant_reason})                    ("the covenant written because Korach contested — the king's retainer (Sifrei 117:2); for Aaron's good did Korach come (119:2)", ['—'])
  korach.the_gifts({ask:devote_firstborn})                   ("the firstborn, whole or blemished, may be devoted — assessed by the daughter's son (Mishnah Arakhin 8:7; temurah CALLED: may_be_devoted)", ['—'])
  korach.the_gifts({ask:devoted})                            ("every devoted thing in Israel — gentiles', women's, bondsmen's too (Sifrei 117:3); unspecified: priests_Sages_upkeep_R._Yehuda_b._Beteira (temurah CALLED) — the four-way dispute: R. Yossi HaGelili the priests, R. Yehudah b. Beteira Temple
  korach.the_gifts({ask:devoted_status})                     ("in the owner's house consecrated; given to the priest common (Arakhin 29a; Bekhorot 32a); to the priest of the watch serving (Arakhin 28b)", ['due_to_priest'])
  korach.the_gifts({ask:devoted_to_whom})                    ('to the priest of the watch serving in the Temple — to the priest / to the priest with 5:8 (Arakhin 28b)', ['due_to_priest'])
  korach.the_gifts({ask:devotion_by_priests})                ('R. Yehuda: priests and Levites may not; R. Shimon: priests not, Levites may (Mishnah Arakhin 8:5)', ['—'])
  korach.the_gifts({ask:donkey_doubt})                       ('the burden of proof on the priest — a male and a female, the owner keeps the lamb; two males, one lamb (Mishnah Bekhorot 1:3)', ['—'])
  korach.the_gifts({ask:doubtful_terumah_watch})             ('R. Yehoshua: safeguard only the pure; R. Eliezer: the doubtful too (Bekhorot 34a)', ['—'])
  korach.the_gifts({ask:eaten_in_greatness})                 ('for anointing = for greatness — eaten as kings eat, roasted with mustard, any manner (Onkelos cited at Zevachim 91a; Chullin 132b; Sotah 15a)', ['due_to_priest'])
  korach.the_gifts({ask:every_male})                         ("every male — communal peace offerings eaten by the priests' males (Menachot 83a; Zevachim 97b)", ['—'])
  korach.the_gifts({ask:firstborn_blood_mixed})              ("they are holy — the blood mixed with others' still sacrificed (Zevachim 81a; Temurah 5b)", ['—'])
  korach.the_gifts({ask:firstborn_blood_placement})          ("one placement on the base — their blood, their fat: the tithe and the Passover too (R. Yosei HaGelili; Zevachim 56b; Mishnah Zevachim 5:8; Sifrei 118:1's one spilling)", ['consecrated'])
  korach.the_gifts({ask:firstborn_eaters})                   ('Beit Shammai: priests only, not menstruating women; Beit Hillel: the blemished to any (Bekhorot 32b-33a)', ['—'])
  korach.the_gifts({ask:firstborn_eating_window})            ("two days and a night — as the wave-breast and the right thigh (18:18; Bekhorot 27b; Zevachim 57a; Mishnah Zevachim 5:8) — the peace offering's row CALLED", ['due_to_priest'])
  korach.the_gifts({ask:firstborn_for_redemption})           ("opens a Jewish mother's womb (Mishnah Bekhorot 8:1); the caesarean — neither (8:2; pesach CALLED: not consecrated)", ['—'])
  korach.the_gifts({ask:firstborn_portions})                 ('their blood, their fat — the tithe and the Passover placed like the firstborn (R. Yosei HaGelili; Zevachim 37a, 56b; Pesachim 64b); R. Yishmael from Deut 12:27; the portions burned (Keritot 4a)', ['consecrated'])
  korach.the_gifts({ask:firstborn_resembles})                ('the head and the majority of the body like the mother (Bekhorot 7a); resembling another species — no firstborn (Bekhorot 12a; Bava Kamma 78a)', ['—'])
  korach.the_gifts({ask:firstborn_sale})                     ('not redeemed, but sold — alive unblemished, blemished alive or slaughtered; the tithe neither (Bava Kamma 13a; Bekhorot 31b; Temurah 5b, 8a)', ['—'])
  korach.the_gifts({ask:firstborn_substitute})               ('they are holy — they, not their substitutes (Temurah 21a; Zevachim 37b)', ['—'])
  korach.the_gifts({ask:firstborn_without_altar})            ('the flesh as the blood — eaten only while the altar stands (Makkot 19a; Temurah 21a; Zevachim 60b)', ['—'])
  korach.the_gifts({ask:five_sela_coinage})                  ('the five sela in the Tyrian maneh (Mishnah Bekhorot 8:7; Bekhorot 49b)', ['pays'])
  korach.the_gifts({ask:from_the_fire})                      ("the olah's hide — the most holy from the fire (Sifrei 117:2)", ['due_to_priest'])
  korach.the_gifts({ask:gentile_consecrations})              ("of all the hallowed things of the children of Israel — not gentiles': no misuse (Temurah 3a)", ['—'])
  korach.the_gifts({ask:household})                          ('every clean one in your house — the household (priesthood CALLED); to your daughters', ['terumah_fed'])
  korach.the_gifts({ask:impure_terumah_benefit})             ('My terumot — two: the impure burned with benefit beneath the dish, from the separation onward (Shabbat 25a-26a; Yevamot 74a)', ['—'])
  korach.the_gifts({ask:levite_donkey})                      ('exempt — a priest or a Levite (the son and the donkey)', ['exempt'])
  korach.the_gifts({ask:most_holy_eating_place})             ('in the most holy place — the courtyard; inside the Sanctuary when gentiles surround it (Zevachim 63a; Menachot 9a)', ['—'])
  korach.the_gifts({ask:most_holy_list})                     ("every offering, every meal offering, every sin offering, every guilt offering (18:9) — the four everys include the omer's, the suspected wife's, the bird olah's meat, the leper's log (Menachot 73a; Zevachim 44b)", ['due_to_priest'])
  korach.the_gifts({ask:most_holy_portion_use})              ('R. Yehuda: betrothed with it; R. Yosei: consumption alone (Kiddushin 52b)', ['—'])
  korach.the_gifts({ask:opens_the_womb})                     ("all that opens the womb — which they offer excludes the unclean animal, and in beast re-includes the blemished (Sifrei 118:1); the Levites' ass exempt", ['consecrated_firstborn'])
  korach.the_gifts({ask:raise_before_giving})                ("30 days a small animal, 50 a large (Mishnah Bekhorot 4:1; Bekhorot 26b — Exod 22:29 juxtaposed to 18:16's month)", ['—'])
  korach.the_gifts({ask:redeeming_lamb})                     ('any lamb — sheep or goat, any age, blemished; not a calf, a hybrid or a koy (Mishnah Bekhorot 1:4-5); the designated lamb died — R. Eliezer / the Rabbis (1:6)', ['—'])
  korach.the_gifts({ask:redemption_before_thirty})           ('after thirty days — from a month old (18:16 / 3:40; Bekhorot 49a; Bamidbar CALLED: after thirty days); mauled within thirty — no redemption (Bava Kamma 11b); the thirtieth day like the day before (Mishnah Bekhorot 8:6)', ['pays'])
  korach.the_gifts({ask:redemption_means})                   ("redeemed when in the priest's hand (Bamidbar CALLED); not with slaves, notes, land or consecrated items (Mishnah Bekhorot 8:8); movable, not writs (Sifrei 118:1 — Rebbi: writs only)", ['pays'])
  korach.the_gifts({ask:redemption_money_lost})              ('the father liable — shall be yours before you shall redeem (Mishnah Bekhorot 8:8; Bekhorot 51a)', ['pays'])
  korach.the_gifts({ask:redemption_rate})                    ("five shekels per skull; twenty gerah the shekel (the sela of twenty ma'ah)", ['pays'])
  korach.the_gifts({ask:redemption_timing})                  ('thirty days the son, at once the ass (Bekhorot 12b-13a; Sifrei 118:1 — immediately or after a month)', ['pays'])
  korach.the_gifts({ask:returned})                           ("which they return to Me — the proselyte's theft (5:8; Sifrei 117:2; Bava Kamma 110a)", ['due_to_priest'])
  korach.the_gifts({ask:salt_source})                        ('the salt from communal supplies — everlasting covenant / everlasting covenant with the showbread (Menachot 21b)', ['—'])
  korach.the_gifts({ask:self_redemption})                    ('redeem, you shall redeem — the son redeems himself if the father did not (Kiddushin 29a; Sifrei 118:1 Kerem Beyavneh)', ['pays'])
  korach.the_gifts({ask:suspect_firstborn})                  ('no meat nor untanned hides from one suspect on firstborns (Mishnah Bekhorot 4:7); may neither judge nor testify on it (4:10)', ['—'])
  korach.the_gifts({ask:suspect_principle})                  ('suspect on the sabbatical year not on tithes, nor the reverse; suspect on either — on purities; neither judge nor witness on that matter (Mishnah Bekhorot 4:10)', ['—'])
  korach.the_gifts({ask:the_best_triad})                     ("the best of the oil, the wine and the grain (18:12) — Izhar's word; the triad reversed against eleven seats (computed); kind for kind: each type its first (Bekhorot 53b, 54b)", ['—'])
  korach.the_gifts({ask:three_crowns})                       ('three crowns — Torah, priesthood, kingdom; the good name above them (Avot 4:13; Sifrei 119:4)', ['—'])
  korach.the_gifts({ask:twenty_four})                        ('24 — twelve in the sanctuary, twelve in the borders (Sifrei 119:1-2; Chullin 133b; Bava Kamma 110b); a generalization, a detail and a covenant of salt', ['priestly_dues_granted'])
  korach.the_gifts({ask:twenty_gerah_floor})                 ("twenty gerah — more, not less (Sifrei 118:1; Bekhorot 50a); the seat among the shekel engine's five: Num 18:16", ['pays'])
  korach.the_gifts({ask:twins})                              ('twins — five sela after thirty days; one died — exempt; two wives — ten; the intermingled by certainty (Mishnah Bekhorot 8:3-5)', ['pays'])
  korach.the_gifts({ask:unclean_firstborn_scope})            ('the ass alone (Sifrei 118:1; Bekhorot 5b) — redeem with a lamb, else break the neck (pesach CALLED)', ['redeem_or_break'])
  korach.the_gifts({ask:with_joy})                           ("and I, behold — with joy (Sifrei 117:1); through Moses by 17:5's to him", ['—'])
==== cold_run_korach.the_tithe sig ('case', 'data') (18916 chars) asks-in-source ['agent', 'agent_gentile', 'as_wages', 'bought_from_gentile', 'confession', 'estimate', 'every_place', 'exclusion_table', 'from_it', 'gentile_tithe', 'household_deputes', 'impure_for_pure', 'inferior_for_superior', 'israelite_benefit_from_terumah', 'kind_for_kind', 'levite_he', 'levite_preceded', 'liable_produce', 'mourner', 'no_inheritance', 'one_in_a_hundred', 'partners', 'pointer_paid', 'recipients', 'removal', 'so_you_too', 'terumah_measure', 'terumah_status', 'the_best', 'third_year', 'thresholds', 'tithe_of_the_tithe', 'tithe_recipient', 'tithe_terumah_betrothal', 'tithe_to_foreigners', 'tithe_to_levites', 'wage', 'what_remains_common', 'who_separates', 'who_separates_tithe_terumah', 'wrong_order', 'you_shall_not_die']
def the_tithe(case, data):
        del P[:]
        ask = case['ask']
        if ask == 'no_inheritance':
            ink('18:20', '"in their land you shall not inherit, and you shall have no portion among them; I am your portion and yo

  korach.the_tithe({ask:agent})                              ("you also — an agent, with the owner's knowledge; by the owner's mind, else 1/50; not partners, sharecroppers, stewards; a gentile no (Bava Metzia 22a, 71b; Kiddushin 41b; Gittin 23b, 52a; Mishnah Terumot 4:4)", ['—'])
  korach.the_tithe({ask:agent_gentile})                      ('a gentile cannot separate terumah even as an agent — members of the covenant (Bava Metzia 71b; Gittin 23b)', ['—'])
  korach.the_tithe({ask:as_wages})                           ('forbidden, desecrated — that you shall not die (Bekhorot 26b)', ['—'])
  korach.the_tithe({ask:bought_from_gentile})                ("bought from a gentile in smoothed piles — exempt from the tithe's terumah (Bekhorot 11b)", ['—'])
  korach.the_tithe({ask:confession})                         ("given to the Levite = the first tithe; also given = terumah and the tithe's terumah (Mishnah Ma'aser Sheni 5:10-11); Deut 26's run", ['—'])
  korach.the_tithe({ask:estimate})                           ("by estimate and by thought — your terumah plural, two terumot (Abba Elazar ben Gomel: Beitzah 13b; Bekhorot 58b-59a; Sifrei 121:1); never by measure (Mishnah Terumot 1:7); the tithes too (18:24's terumah)", ['—'])
  korach.the_tithe({ask:every_place})                        ("in every place — even a cemetery (Sifrei 122:1; Yevamot 86b — R. Akiva: excludes the priest); Deut 12:13's ban the Torah twin", ['—'])
  korach.the_tithe({ask:exclusion_table})                    ("priests (18:20), Levites (18:23), bondsmen and proselytes (26:55), the two of uncertain sex (26:54) — Sifrei 119:1; R. Meir: priests and Levites do not confess (Mishnah Ma'aser Sheni 5:14)", ['inheritance_barred'])
  korach.the_tithe({ask:from_it})                            ('from it — kind for its kind, rooted for rooted, new for new, not across the border (Sifrei 120:1; Mishnah Terumot 1:5); not the tithed tithe, not the exempt for the liable', ['—'])
  korach.the_tithe({ask:gentile_tithe})                      ("the tithe of the children of Israel — not gentiles' (Temurah 3a; Zevachim 45a); bought from a gentile in piles — exempt from the tithe's terumah (Bekhorot 11b)", ['—'])
  korach.the_tithe({ask:household_deputes})                  ('you and your household — the Israelite wife of a Levite may depute the separation (18:31; Yevamot 86a; Sifrei 122:1)', ['—'])
  korach.the_tithe({ask:impure_for_pure})                    ('not impure for pure — unwitting valid, intentional nothing (Mishnah Terumot 2:2); terumah by Torah law, the Sages penalized (Yevamot 89b)', ['—'])
  korach.the_tithe({ask:inferior_for_superior})              ('valid terumah, a transgression that takes effect — you shall bear no sin (18:32; R. Ilai: Bava Batra 84b, 143a; Bava Metzia 56a; Kiddushin 46b; Temurah 5a); the impure for the pure likewise, penalized (Yevamot 89b; Terumot 2:2)', ['due_to
  korach.the_tithe({ask:israelite_benefit_from_terumah})     ('your terumah — an Israelite may benefit (Pesachim 23a)', ['—'])
  korach.the_tithe({ask:kind_for_kind})                      ('not one kind for another — not terumah (Mishnah Terumot 2:4; Bekhorot 53b); the first part of them — each type its own (Bekhorot 54b; Temurah 5a)', ['—'])
  korach.the_tithe({ask:levite_he})                          ('the Levite — he: perforce, in sabbatical and jubilee years, no priest in his stead (Sifrei 119:5)', ['—'])
  korach.the_tithe({ask:levite_preceded})                    ("on the stalks — the tithe's terumah only; after the pile — the great terumah too (Berakhot 47a-b; Beitzah 13b; Eruvin 31b; Pesachim 35b; Shabbat 127b)", ['due_to_priest'])
  korach.the_tithe({ask:liable_produce})                     ("food, guarded, grown from the land (Mishnah Ma'aserot 1:1); the ripening signs (1:2-4)", ['—'])
  korach.the_tithe({ask:mourner})                            ("from it free for the mourner — the tithe and the paschal lamb (Sifrei 120:1; Pesachim 36a; Yevamot 73b); Mishnah Ma'aser Sheni 5:12", ['—'])
  korach.the_tithe({ask:no_inheritance})                     ('in their land you shall not inherit — I am your portion (18:20; Onkelos: the gifts I have given you); the Levites no inheritance (18:23-24); Deut 10:9, 18:2, Josh 13:14, Ezek 44:28', ['inheritance_barred'])
  korach.the_tithe({ask:one_in_a_hundred})                   ('neutralized in a hundred and one (Sifrei 121:1; Mishnah Terumot 4:7; Challah 1:9) — holiness_b CALLED: 101', ['—'])
  korach.the_tithe({ask:partners})                           ('partners liable — all your tithes (Chullin 136a); with a gentile exempt', ['—'])
  korach.the_tithe({ask:pointer_paid})                       ("15:20's as the terumah of the threshing floor is paid at 18:27's reckoned as the grain of the threshing floor (computed on the floor-word); the challah cell's as_terumah CALLS this cell", ['—'])
  korach.the_tithe({ask:recipients})                         ("the Levite, the priest (the tithe's terumah), the poor — Rabban Gamliel's ship (Mishnah Ma'aser Sheni 5:9)", ['—'])
  korach.the_tithe({ask:removal})                            ("the removal on Passover eve of the fourth and seventh years — the first tithe to the Levite (Mishnah Ma'aser Sheni 5:6); the recipients by office: Joshua the Levite, Elazar ben Azariah the priest (5:9)", ['—'])
  korach.the_tithe({ask:so_you_too})                         ('so you too — the priests separate too (Sifrei 121:1); the three a-fortioris', ['—'])
  korach.the_tithe({ask:terumah_measure})                    ("1/40, 1/50, 1/60 (Beit Shammai 1/30 — Mishnah Terumot 4:3); the floor: some must remain common (4:5 — naso's cell CALLED)", ['due_to_priest'])
  korach.the_tithe({ask:terumah_status})                     ("death and a fifth, forbidden to non-priests, the priest's property, nullified in a hundred and one, the hands, sunset, from the near and finished (Mishnah Challah 1:9)", ['due_to_priest'])
  korach.the_tithe({ask:the_best})                           ('from all its best (18:29-30, 18:32) — where a priest is, the best; where none, what lasts; the superior for the inferior, not the reverse (Mishnah Terumot 2:4, 2:6); a warning to take the choicest (Sifrei 122:1)', ['—'])
  korach.the_tithe({ask:third_year})                         ('the first tithe every year — juxtaposed to an inheritance (Rosh Hashanah 12b; Sifrei 119:5)', ['—'])
  korach.the_tithe({ask:thresholds})                         ("the pile evened, the wine skimmed, the oil dripped (Sifrei 121:1; Mishnah Ma'aserot 1:6-7); grain at the granary, olives and grapes at the house (Bava Metzia 88b); the processed for the processed (Terumot 1:10)", ['—'])
  korach.the_tithe({ask:tithe_of_the_tithe})                 ('1/100 — a tenth of the tenth (18:26; Menachot 54b; Neh 10:39)', ['terumah_of_the_tithe_owed'])
  korach.the_tithe({ask:tithe_recipient})                    ("the Levite (18:21, 18:26 — R. Akiva); the priest too — Ezra's penalty / the priests called Levites (R. Eliezer; Yevamot 86a-b)", ['tithe_granted'])
  korach.the_tithe({ask:tithe_terumah_betrothal})            ("betrothal with the tithe's terumah valid — no to the LORD written of it (Kiddushin 53a)", ['—'])
  korach.the_tithe({ask:tithe_to_foreigners})                ('R. Meir: forbidden to non-Levites as terumah; the Rabbis permit (Yevamot 86a)', ['—'])
  korach.the_tithe({ask:tithe_to_levites})                   ('all the tithe in Israel — in exchange for their service (18:21): the Levite serves, the Levite takes; a Levite who refused one service has no portion (Sifrei 119:5, 122:1)', ['tithe_granted'])
  korach.the_tithe({ask:wage})                               ('it is your wage in exchange for your service (18:31); terumah or tithe not given as wages to the assisting priests, Levites or poor (Bekhorot 26b)', ['tithe_granted'])
  korach.the_tithe({ask:what_remains_common})                ("what remains is common, as the floor's grain after terumah (18:30; Sifrei 122:1)", ['—'])
  korach.the_tithe({ask:who_separates})                      ('not the deaf-mute, the imbecile, the minor, from what is not his, a gentile (Mishnah Terumot 1:1); the mute, the drunk, the naked, the blind — valid after the fact (1:6)', ['—'])
  korach.the_tithe({ask:who_separates_tithe_terumah})        ('the Levite, and the owner too (Gittin 30b)', ['—'])
  korach.the_tithe({ask:wrong_order})                        ('tithed in the wrong order — valid, rectified by the positive command, no lashes (Temurah 4b)', ['—'])
  korach.the_tithe({ask:you_shall_not_die})                  ("you shall not profane... and you shall not die (18:32) — the warning to Levites and Israelites both (Sifrei 122:1); the priests' words (Lev 8:35, 10:6-9)", ['—'])
==== cold_run_seven_nations.the_seven_nations sig ('case', 'data') (14789 chars) asks-in-source ['no_covenant', 'no_favor', 'no_marriage', 'no_other_way', 'praise_of_the_creator', 'the_asherah_shade', 'the_asherah_wood', 'the_ban', 'the_bans_condition', 'the_child_follows_the_mother', 'the_four_objects', 'the_seven', 'the_write']
def the_seven_nations(case, data):
        """F1 — Deut 7:1-5: the seven counted, THE BAN (the code's hole — the debit open to Joshua), no covenant, NO FAVOR (the hole), no marriage both ways, the four objects; the writes"""

  seven_nations.the_seven_nations({ask:no_covenant})         ("no covenant (7:2) — 23:32's clause verbatim in kind (OR and ER by CALL): covenant_barred written here for the first time on the tape, the border block standing from the Moab giving", ['accepted'])
  seven_nations.the_seven_nations({ask:no_favor})            ("no favor (7:2) — the code's hole compiled: no land, no praise, no gift (Avodah Zarah 20a; Mishnah 1:8): the renter of a house to a gentile in the Land barred — favor_barred on Israel", ['accepted'])
  seven_nations.the_seven_nations({ask:no_marriage})         ("no marriage (7:3) — both directions barred where 34:16 barred one (ER by CALL); the betrothal with a gentile woman ineffective (Kiddushin 68b): the gentile woman's betrothed holds no betrothal — intermarriage_barred on Israel", ['accepted
  seven_nations.the_seven_nations({ask:no_other_way})        ('no other way (7:5) — one with no other way may pass beneath the Asherah ab initio (Avodah Zarah 48b:8): EXEMPT; an important person runs', ['exempt'])
  seven_nations.the_seven_nations({ask:praise_of_the_creator}) ('the praise of the Creator (7:2) — thanks to God for his creatures is not favor to the creature (Avodah Zarah 20a:11): the praiser who thanks the Creator EXEMPT', ['exempt'])
  seven_nations.the_seven_nations({ask:the_asherah_shade})   ("the Asherah's shade (7:5) — not sat in, even the shade of its shade (Mishnah 3:8; Avodah Zarah 48b): the sitter in the Asherah's shade barred", ['accepted'])
  seven_nations.the_seven_nations({ask:the_asherah_wood})    ("the Asherah's wood (7:5, 7:26) — used, its user is FLOGGED (Makkot 22a; Pesachim 48a): the wood-burner lashed; the redemption R. Eliezer's (Avodah Zarah 49b)", ['lashes'])
  seven_nations.the_seven_nations({ask:the_ban})             ("the ban (7:2) — 'you shall utterly devote them': the code's hole compiled — a DEBIT on Israel open to Joshua; the east's devotings runs before the spec; the dispossession's debit referenced (JO by CALL), not doubled", ['accepted'])
  seven_nations.the_seven_nations({ask:the_bans_condition})  ("the ban's condition (7:2) — the Canaanite outside the Land, or who repents, is not devoted (Sotah 35b-36a; 20:16-18 and 21:10 forward): EXEMPT from the ban's debit", ['exempt'])
  seven_nations.the_seven_nations({ask:the_child_follows_the_mother}) ("the child follows the mother (7:3-4) — the gentile woman's son is hers, not yours (Kiddushin 68b; Yevamot 23a; Mishnah Kiddushin 3:12; ER by CALL): the gentile mother's son not his father's", ['accepted'])
  seven_nations.the_seven_nations({ask:the_four_objects})    ("the four objects (7:5) — four verbs where 34:13 had three, the images burned (ER and JO by CALL); the demolition a reference row against the dispossession's open debit; the shelf's order: fell, conquer, eradicate", ['accepted'])
  seven_nations.the_seven_nations({ask:the_seven})           ('the seven (7:1) — the list counted by its own verse: seven where every Exodus list has six, the Girgashite the seventh (ER by CALL); the readback row EXPANDED', ['accepted'])
  seven_nations.the_seven_nations({ask:the_write})           ("the write (7:1-5) — the ban's debit open to the run and the three border blocks on Israel at the chapter's first line", ['commanded', 'covenant_barred', 'favor_barred', 'intermarriage_barred'])
==== cold_run_seven_nations.the_images_and_the_devoted sig ('case', 'data') (12048 chars) asks-in-source ['abomination_to_the_lord', 'burn_the_images', 'devoted_like_it', 'into_your_house', 'lest_snared', 'not_covet_silver_gold', 'the_gentile_revokes', 'the_jew_bent_it', 'the_money_at_the_head', 'the_readback_table', 'the_write', 'utterly_detest']
def the_images_and_the_devoted(case, data):
        """F6 — Deut 7:25-26: the images burned, YOU SHALL NOT COVET the silver and gold (the tenth word's verb turned), lest snared, an abomination to the LORD, THE ABOMINATION IN

  seven_nations.the_images_and_the_devoted({ask:abomination_to_the_lord}) ("an abomination to the LORD (7:25) — the book's phrase at its first seat; the idol an abomination from its making (Avodah Zarah 52a): a DATA row", ['accepted'])
  seven_nations.the_images_and_the_devoted({ask:burn_the_images}) ("the images burned (7:25) — 'the graven images of their gods': a gentile's idol forbidden from its making (Avodah Zarah 52a; Mishnah 4:4 — ER by CALL); 7:5's clause said again with 12:3 forward", ['accepted'])
  seven_nations.the_images_and_the_devoted({ask:devoted_like_it}) ("devoted like it (7:26) — whatever you generate from the idol is like it: the exchange forbidden, the exchange's exchange disputed (Avodah Zarah 54b; Kiddushin 58a): the idol's exchanger holds nothing; the two lemmas a DATA row", ['accepte
  seven_nations.the_images_and_the_devoted({ask:into_your_house}) ("the abomination into the house (7:26) — the code's hole compiled: the renter for a residence barred, the wall withdrawn, a house bowed to forbidden (Mishnah 1:9, 3:6; Avodah Zarah 47b): house_abomination_barred on Israel", ['accepted'])
  seven_nations.the_images_and_the_devoted({ask:lest_snared}) ("lest snared (7:25) — 23:33's snare (OR by CALL); 'lest' a prohibition on the shelf (Avodah Zarah 51b:3): a DATA note", ['accepted'])
  seven_nations.the_images_and_the_devoted({ask:not_covet_silver_gold}) ("you shall not covet (7:25) — the tenth word's verb turned to the idols' silver and gold (CH by CALL; coveting_barred stands): the readback row TURNED; the decorative item the shelf's rule (Avodah Zarah 51b)", ['accepted'])
  seven_nations.the_images_and_the_devoted({ask:the_gentile_revokes}) ("the gentile revokes his idol (7:25) — 'the graven images of their gods' read 'the revoked of' (Avodah Zarah 52a; Mishnah 4:4-5): the gentile who cut its ear's tip holds; the Joshua-war idols stay forbidden", ['accepted'])
  seven_nations.the_images_and_the_devoted({ask:the_jew_bent_it}) ("the Jew who bent the idol (7:25) — not revoked, by Rava's decree lest he acquire it (Avodah Zarah 42a:12); a Jew's idol interred (52a:12): the rule holds against him", ['accepted'])
  seven_nations.the_images_and_the_devoted({ask:the_money_at_the_head}) ("the money at the idol's head (7:25) — permitted, not an ornament (Mishnah Avodah Zarah 4:2; 51b:13-14): the finder EXEMPT from the coveting's bar", ['exempt'])
  seven_nations.the_images_and_the_devoted({ask:the_readback_table}) ("the readback table — twenty-one rows graded (VERBATIM 4, VARIANT 5, EXPANDED 8, TURNED 3, SHORTENED 1); six on the tape, fifteen in the kin's cells by CALL; four holes compiled; no row open", ['accepted'])
  seven_nations.the_images_and_the_devoted({ask:the_write})  ("the write (7:25-26) — the abomination's block on Israel at the chapter's third line; the coveting's block stands unmoved", ['house_abomination_barred'])
  seven_nations.the_images_and_the_devoted({ask:utterly_detest}) ("utterly detest (7:26) — Leviticus 11:43's verb on the idol: the impurity of the idol's stones as a creeping animal's (Avodah Zarah 47b; SH by CALL); the Sifrei 61:7's renaming", ['accepted'])
==== cold_run_erection.covenant sig ('q',) (9011 chars) asks-in-source ['asherav_homograph', 'bow_warning', 'child_follows_mother', 'court_error_bow', 'covenant_thirteen', 'cut_four', 'daughters_two_seats', 'demolition_first_seat', 'demolition_grows', 'eat_sacrifice', 'el_acher', 'inserted_neighbor', 'inserted_verses', 'intermarriage_channels', 'invitation_is_eating', 'molten_two_seats', 'nations_seven_orders', 'no_bow_by_call', 'no_covenant_by_call', 'pillars_exod', 'sheet_az_2_3', 'sheet_az_3_5', 'sheet_az_4_2', 'sheet_az_4_4', 'whoring_three', 'wonders']
def covenant(q):
        if q == 'cut_four':
            return cell(c_karat34, I, "the cutting verb at four seats of the chapter — %s: 34:10 'behold I CUT a covenant', 34:12 and 34:15 'lest you CUT a covenant with the inhabitan

  erection.covenant('asherav_homograph')                     {'v': 4, 'p': 'INK', 'why': "'his asherim' (אשריו) at ['Exod 34:13', 'Prov 14:21', 'Prov 16:20', 'Ps 37:31'] — the consonants of 34:13's cult-trees are 'happy is he' (ashrav) at the three seats of Proverbs and Psalms: a homograph the census
  erection.covenant('bow_warning')                           {'v': 'punished_bow_warning', 'p': 'MOVE', 'why': "the capital block (round 25, credited): Sanhedrin 60b:12 — the punished bow's WARNING is 34:14's clause (the punishment written at Deut 17:2-5); Sanhedrin 63a:2 (Abaye's three bowings) the 
  erection.covenant('child_follows_mother')                  {'v': 'as_she_is', 'p': 'ANSWER-SHEET', 'why': "Mishnah Kiddushin 3:12 — 'whoever has no betrothal with him or with others, the child is AS SHE IS: the child of a maidservant or of a gentile woman' — 34:16's 'they make YOUR SONS whore' (the
  erection.covenant('court_error_bow')                       {'v': 'liable_part_uprooted', 'p': 'ANSWER-SHEET', 'why': "Mishnah Horayot 1:3 — a court that ruled 'there is idolatry in the Torah but the BOWER is exempt' is LIABLE (part uprooted, not the body); Horayot 4a:20 (opened): 'but bowing is WRI
  erection.covenant('covenant_thirteen')                     {'v': 'never_returns_empty', 'p': 'MOVE', 'why': "the covenant block (round 23, credited): Rosh Hashanah 17b:7 — 34:10 'behold I cut a covenant' with the thirteen attributes: 'they do not return empty'", 'fx': ['covenant_cut']}
  erection.covenant('cut_four')                              {'v': [(10, 'כרת'), (12, 'תכרת'), (15, 'תכרת'), (27, 'כרתי')], 'p': 'INK', 'why': "the cutting verb at four seats of the chapter — [(10, 'כרת'), (12, 'תכרת'), (15, 'תכרת'), (27, 'כרתי')]: 34:10 'behold I CUT a covenant', 34:12 and 34:15 'le
  erection.covenant('daughters_two_seats')                   {'v': ([('Exod', 34, 16)], [('Deut', 7, 3)]), 'p': 'INK', 'why': "34:16 'and you take OF THEIR DAUGHTERS FOR YOUR SONS' at ['Exod 34:16']; Deut 7:3 'his daughter you shall not take for your son' at ['Deut 7:3'] — the ban's two Torah seats, 
  erection.covenant('demolition_first_seat')                 {'v': 'demolish_demolish_break_break', 'p': 'IMPORT', 'why': "23:24's 'you shall utterly demolish them and utterly break their pillars' is the first seat (two verbs, each doubled): cold_run_ordinances.land(break_pillars) -> 'demolish_demoli
  erection.covenant('demolition_grows')                      {'v': [3, 4, 5], 'p': 'INK', 'why': "34:13 'their altars you shall BREAK DOWN, their pillars SHATTER, their asherim CUT DOWN' — THREE verbs; Deut 7:5 FOUR (break down, shatter, cut down, BURN); Deut 12:3 FIVE (break down, shatter, burn, cut
  erection.covenant('eat_sacrifice')                         {'v': 1, 'p': 'INK', 'why': "34:15 'and he will CALL you and you will EAT of his sacrifice' — 'and you eat of his sacrifice' a hapax: the inhabitant's INVITATION is the clause's trigger, the food's source unstated", 'fx': ['barred_from_it']
  erection.covenant('el_acher')                              {'v': 1, 'p': 'INK', 'why': "34:14 'you shall not bow to ANOTHER GOD' (לאל אחר) — the singular 'another god' a hapax (the Torah elsewhere writes 'other gods'); 'for the LORD, JEALOUS is His name, a jealous God is He' — the jealous-word at 8
  erection.covenant('inserted_neighbor')                     {'v': 'despising_the_festivals_as_idolatry_by_adjacency', 'p': 'MOVE', 'why': "Makkot 23a:4 and Pesachim 118a:12 (opened) — R. Elazar b. Azaryah: 'whoever despises the festivals is as one who worships idols, as it says molten gods you shall
  erection.covenant('inserted_verses')                       {'v': ['34:17', '34:24'], 'p': 'INK', 'why': "the second seat's verses with NO first seat in 23:12-19: ['34:17', '34:24'] — the molten-gods clause before the feasts and the pilgrimage's warranty inside them; every other verse of 34:18-26 ha
  erection.covenant('intermarriage_channels')                {'v': 'seven_nations_by_torah_rest_by_decree', 'p': 'MOVE', 'why': "Avodah Zarah 36b:9 (opened) — the Torah's ban (34:16, Deut 7:3) is the SEVEN NATIONS'; the court of Shammai and Hillel extended it to all; the coupler with an Aramean woman
  erection.covenant('invitation_is_eating')                  {'v': 'the_invitation_is_the_eating', 'p': 'MOVE', 'why': "Avodah Zarah 8a:17 (opened) — R. Yishmael: a gentile's feast for his son with all the Jews of his town invited — 'though they eat their own and drink their own and their own servant
  erection.covenant('molten_two_seats')                      {'v': ([('Exod', 34, 17)], [('Lev', 19, 4)]), 'p': 'INK', 'why': "34:17 'MOLTEN GODS you shall not make for yourself' — the phrase at ['Exod 34:17'] and, with the vav, at ['Lev 19:4'] (Lev 19:4) alone; the molten-word in the Torah at 6 seat
  erection.covenant('nations_seven_orders')                  {'v': 7, 'p': 'INK', 'why': "the nations' list at seven seats of Exodus and Deuteronomy in SEVEN DIFFERENT ORDERS: {'Exod 3:8': ['כנעני', 'חתי', 'אמרי', 'פרזי', 'חוי', 'יבוסי'], 'Exod 13:5': ['כנעני', 'חתי', 'אמרי', 'חוי', 'יבוסי'], 'Exod 2
  erection.covenant('no_bow_by_call')                        {'v': 'not_bow_not_serve_not_do', 'p': 'IMPORT', 'why': "23:24 'you shall not bow to their gods nor serve them nor do after their deeds' — the first seat's three: cold_run_ordinances.land(no_bow) -> 'not_bow_not_serve_not_do' [IMPORT, live 
  erection.covenant('no_covenant_by_call')                   {'v': 'no_covenant_with_them_or_their_gods', 'p': 'IMPORT', 'why': "34:12, 34:15 'lest you cut a covenant with the inhabitant of the land' — the first seat is 23:32's ban: cold_run_ordinances.land(no_covenant) -> 'no_covenant_with_them_or_t
  erection.covenant('pillars_exod')                          {'v': 3, 'p': 'INK', 'why': "the pillar-word in Exodus at ['Exod 23:24', 'Exod 24:4', 'Exod 34:13'] — 23:24 'their pillars' (break), 24:4 'twelve pillars' (Moses builds them at the covenant), 34:13 'their pillars' (shatter): the covenant's 
  erection.covenant('sheet_az_2_3')                          {'v': 'sacrifices_of_the_dead', 'p': 'ANSWER-SHEET', 'why': "Mishnah Avodah Zarah 2:3 — meat coming OUT of an idol's house is forbidden 'as the sacrifices of the dead' (R. Akiva): 34:15's 'his sacrifice' the class; the wine and the hides th
  erection.covenant('sheet_az_3_5')                          {'v': 'made_objects_not_the_ground', 'p': 'ANSWER-SHEET', 'why': "Mishnah Avodah Zarah 3:5 — the mountains permitted, the asherah forbidden 'because a human hand made it': 34:13's three objects are all made (altars, pillars, asherim); the g
  erection.covenant('sheet_az_4_2')                          {'v': 'altar_class_forbidden', 'p': 'ANSWER-SHEET', 'why': "Mishnah Avodah Zarah 4:2 — found on an idol 'whatever is offered on the altar' is forbidden: 32:6's burnt and peace offerings and 34:15's 'his sacrifice' the ink's own altar-classe
  erection.covenant('sheet_az_4_4')                          {'v': 'forbidden_once_worshipped', 'p': 'ANSWER-SHEET', 'why': "Mishnah Avodah Zarah 4:4 — 'an Israelite's idol is not forbidden until it is WORSHIPPED' — the calf: made at 32:4, worshipped at 32:6 and 32:8; Avodah Zarah 53b:10 (opened): 't
  erection.covenant('whoring_three')                         {'v': ([('Exod', 34, 15)], [('Exod', 34, 16)], 2), 'p': 'INK', 'why': "'whore after their gods' — 'after their gods' (masc.) at ['Exod 34:15'], 'after their gods' (fem.) at ['Exod 34:16'], the feminine twice in 34:16: three whoring clauses 
  erection.covenant('wonders')                               {'v': 2, 'p': 'INK', 'why': "34:10 'wonders which have NOT BEEN CREATED in all the earth' — the niphal of the creation verb at ['Exod 34:10', 'Isa 48:7'] alone in the Tanakh (Isaiah's 'created now, not long ago' the second seat)", 'fx': ['c
==== cold_run_erection.repeats sig ('q',) (18052 chars) asks-in-source ['appear_delta', 'appearance_amounts', 'arafto', 'as_commanded_without_kaf', 'chagigah_older', 'chagigah_overnight', 'donkey_by_call', 'empty_exported', 'empty_two_seats', 'empty_where_it_stands', 'equinox', 'feasts_delta', 'first_fruits_by_call', 'firstborn_delta', 'headline', 'jaccard', 'kelal_prat', 'kid_by_call', 'kid_identical', 'leaven_by_call', 'leaven_delta', 'loaves_by_call', 'matzah_by_call', 'matzah_delta', 'order_of_clauses', 'peter_forms', 'peter_twice', 'pilgrimage_by_call', 'plowing_three_readings', 'purge_before_slaughter', 'rest_by_call', 'rest_delta', 'sabbatical_by_call', 'seh_class', 'sheet_bekhorot_1_2', 'sheet_bekhorot_1_7', 'sheet_pesachim_5_4', 'sheet_sheviit_1_4', 'tekufat', 'tifdeh_doubled', 'tifdeh_triple', 'tipadeh', 'tizakar_homograph', 'until_morning_forms', 'warranty', 'warranty_read', 'weeks_consonants', 'wheat_two_loaves', 'zivchi_two_seats']
def repeats(q):
        if q == 'jaccard':
            return cell(R_JAC, I, "the eight clause-pairs aligned by normalized token overlap: %s — the kid clause identical (1.0), the matzah and the appearing near (0.7), the rest, th

  erection.repeats('appear_delta')                           {'v': (['אלהי', 'את', 'ישראל'], ['אל']), 'p': 'INK', 'why': "34:23 against 23:17 — ADDS ['אלהי', 'את', 'ישראל'] and DROPS ['אל']: 'the face of the Lord, the LORD, THE GOD OF ISRAEL' for 'to the face of the Lord, the LORD', and the object ma
  erection.repeats('appearance_amounts')                     {'v': ('two_silver', 'maah'), 'p': 'DATA', 'why': "Mishnah Chagigah 1:2 — Beit Shammai: the appearance offering two silver, the festival offering a ma'ah; Beit Hillel the reverse — the amounts the DATA channel; 34:20's 'not empty' states a 
  erection.repeats('arafto')                                 {'v': [('Exod', 13, 13), ('Exod', 34, 20)], 'p': 'INK', 'why': "'you shall break its neck' (וערפתו) at ['Exod 13:13', 'Exod 34:20'] alone — the second seat repeats the first's hapax exactly", 'fx': ['redeem_or_break']}
  erection.repeats('as_commanded_without_kaf')               {'v': (1, 1, False), 'p': 'INK', 'why': "the pointer at the second seat: 34:18 'AS I COMMANDED you' is written without the comparative kaf (אשר צויתך, 1) where 23:15 writes it with (כאשר צויתך, 1) — the dependency census's AS_WHEN form does
  erection.repeats('chagigah_older')                         {'v': 'existed_before_the_utterance', 'p': 'MOVE', 'why': "Chagigah 6a:14 (opened) — Beit Hillel: the festival peace offering 'existed before the Utterance' — 24:5 'they slaughtered peace offerings'; and the appearance offering — 24:5 'they
  erection.repeats('chagigah_overnight')                     {'v': 'chagigah_of_the_fourteenth_not_overnight', 'p': 'MOVE', 'why': "Pesachim 70a:5 (opened) — ben Teima: 'the SACRIFICE of the FEAST of the Passover shall not remain to the morning' — 'the sacrifice of the feast' is the chagigah of the f
  erection.repeats('donkey_by_call')                         {'v': 'redeem with a lamb, else break the neck', 'p': 'IMPORT', 'why': "34:20's donkey by call into the Passover engine — cold_run_pesach.firstborn(donkey) -> 'redeem with a lamb, else break the neck'; the ordinances engine's firstling fetc
  erection.repeats('empty_exported')                         {'v': 'five_selas_to_the_severance_gift', 'p': 'MOVE', 'why': "Kiddushin 17a:7 (opened) — R. Meir prices the Hebrew slave's severance gift (Deut 15:13 'you shall not send him away EMPTY') by 'empty' 'empty' from THIS verse's firstborn: five
  erection.repeats('empty_two_seats')                        {'v': [('Exod', 23, 15), ('Exod', 34, 20)], 'p': 'INK', 'why': "'they shall not appear before Me EMPTY' at exactly ['Exod 23:15', 'Exod 34:20'] — at the first seat it closes the matzah feast, at the second it closes the firstborn's redempti
  erection.repeats('empty_where_it_stands')                  {'v': 'standing_liability_like_the_appearance_offering', 'p': 'MOVE', 'why': "Bekhorot 51b:8 (opened) — Rav Dimi in R. Yonatan's name: 'every firstborn of your sons you shall redeem, and they shall not appear before Me empty' — 'empty' 'emp
  erection.repeats('equinox')                                {'v': 'ingathering_after_the_turn', 'p': 'MOVE', 'why': "the calendar block (round 22, credited): Sanhedrin 13a:1 — 34:22's 'turn of the year' is the intercalation's equinox rule: the ingathering feast must fall after Tishrei's turn", 'fx':
  erection.repeats('feasts_delta')                           {'v': (['אסיף', 'חטים', 'לך', 'שבעת', 'תעשה', 'תקופת'], ['אסף', 'אספך', 'אשר', 'את', 'מן', 'מעשיך', 'מעשיך', 'צאת', 'שדה', 'שדה', 'תזרע']), 'p': 'INK', 'why': "34:22 against 23:16 — the second seat ADDS ['אסיף', 'חטים', 'לך', 'שבעת', 'תעשה'
  erection.repeats('first_fruits_by_call')                   {'v': 'bring to the house (seven kinds — fetched list)', 'p': 'IMPORT', 'why': "34:26 'the first of the first fruits of your land' — cold_run_calendar.first_fruits -> 'bring to the house (seven kinds — fetched list)' [IMPORT, live call]; th
  erection.repeats('firstborn_delta')                        {'v': (['חמור', 'יראו', 'לא', 'ניך', 'פני', 'ריקם'], ['אדם', 'בניך', 'חמר', 'כל']), 'p': 'INK', 'why': "34:20 against 13:13 — ADDS ['חמור', 'יראו', 'לא', 'ניך', 'פני', 'ריקם'] and DROPS ['אדם', 'בניך', 'חמר', 'כל']: the donkey spelled plene
  erection.repeats('headline')                               {'v': 'the_second_seats_delta_is_where_the_tradition_argues', 'p': 'MOVE', 'why': "THE HEADLINE: every token the second seat adds, drops, moves, or doubles against the first is a sugya's ground — the plowing (three readings), the doublings 
  erection.repeats('jaccard')                                {'v': {'matzah': 0.7, 'firstborn_a': 0.26, 'firstborn_b': 0.5, 'rest': 0.26, 'feasts': 0.23, 'appear': 0.69, 'leaven_fat': 0.5, 'firstfruits_kid': 1.0}, 'p': 'INK', 'why': "the eight clause-pairs aligned by normalized token overlap: {'matza
  erection.repeats('kelal_prat')                             {'v': ['שור', 'ושה', 'חמור'], 'p': 'INK', 'why': "34:19-20 'ALL your cattle you shall remember-the-male — the firstling of OX and SHEEP, and the firstling of a DONKEY': a generalization and its particulars ['שור', 'ושה', 'חמור']; Bekhorot 6
  erection.repeats('kid_by_call')                            {'v': {'cook': 'barred', 'eat': 'barred', 'benefit': 'barred'}, 'p': 'IMPORT', 'why': "the kid clause's three bans by call — cold_run_calendar.kid_in_milk(cook / eat / benefit) -> {'cook': 'barred', 'eat': 'barred', 'benefit': 'barred'} [IM
  erection.repeats('kid_identical')                          {'v': True, 'p': 'INK', 'why': "34:26 == 23:19 TOKEN FOR TOKEN (twelve tokens): 'the first of the first fruits of your land you shall bring to the house of the LORD your God; you shall not boil a kid in its mother's milk' — the one clause-p
  erection.repeats('leaven_by_call')                         {'v': ('the slaughterer with leaven transgresses', 'disqualified at morning off the altar', 'burn on the 16th'), 'p': 'IMPORT', 'why': "the two windows by call — cold_run_calendar.offering_windows(leaven_beside_offering) -> 'the slaughterer
  erection.repeats('leaven_delta')                           {'v': (['זבח', 'חג', 'פסח', 'תשחט'], ['חגי', 'חלב', 'עד', 'תזבח']), 'p': 'INK', 'why': "34:25 against 23:18 — ADDS ['זבח', 'חג', 'פסח', 'תשחט'] and DROPS ['חגי', 'חלב', 'עד', 'תזבח']: 'SLAUGHTER' for 'sacrifice', 'THE SACRIFICE OF THE FEAST
  erection.repeats('loaves_by_call')                         {'v': (2, 'two_tenths'), 'p': 'IMPORT', 'why': "Lev 23:17's two loaves by call — cold_run_moadim.two_loaves(): count 2, flour 'two_tenths' [IMPORT, live call]; the wheat is 34:22's word, the two tenths Leviticus's", 'fx': ['accepted']}
  erection.repeats('matzah_by_call')                         {'v': 'seven days of unleavened bread = 14th evening to 21st evening (CALLED pesach)', 'p': 'IMPORT', 'why': "the command pointed to, by two calls — cold_run_calendar.matzah(as_commanded) -> 'seven days of unleavened bread = 14th evening to
  erection.repeats('matzah_delta')                           {'v': (['אביב', 'חדש'], ['בו', 'יראו', 'לא', 'פני', 'ריקם']), 'p': 'INK', 'why': "34:18 against 23:15 — ADDS ['אביב', 'חדש'] ('the month of Aviv' repeated) and DROPS ['בו', 'יראו', 'לא', 'פני', 'ריקם']: the clause 'they shall not appear bef
  erection.repeats('order_of_clauses')                       {'v': 'redeem_then_appear', 'p': 'MOVE', 'why': "Kiddushin 29b:5 (opened) — the rabbis: 'the verse says every firstborn of your sons you shall redeem AND AFTERWARD they shall not appear before Me empty' — the clause order of 34:20 is the du
  erection.repeats('peter_forms')                            {'v': ([('Exod', 13, 13)], [('Exod', 34, 20)], []), 'p': 'INK', 'why': "'the firstling of a donkey' — DEFECTIVE at ['Exod 13:13'] (פטר חמר), PLENE with the conjunction at ['Exod 34:20'] (ופטר חמור), and the plene form without the vav NOWHER
  erection.repeats('peter_twice')                            {'v': 'bearer_and_born_both_donkeys', 'p': 'MOVE', 'why': "Bekhorot 5b:7 (opened) — Mishnah Bekhorot 1:2's source: 'a cow that bore a donkey-like... exempt, for it says peter chamor (13:13), peter chamor (34:20) — TWICE: until the bearer is
  erection.repeats('pilgrimage_by_call')                     {'v': ('owes the three appearings', 'exempt', 'exempt'), 'p': 'IMPORT', 'why': "the appearing by call — cold_run_calendar.pilgrimage(able_male) -> 'owes the three appearings', (woman) -> 'exempt', (lame) -> 'exempt' [IMPORT, live call]: 'al
  erection.repeats('plowing_three_readings')                 {'v': ('added_sabbatical', 'omer_harvest_excluded', 'labors_divided'), 'p': 'MOVE', 'why': "THE ADDED TOKENS READ THREE WAYS — Makkot 8b:3 (opened): R. Akiva — the plowing of the eve that enters the seventh and the harvest that goes out (th
  erection.repeats('purge_before_slaughter')                 {'v': 'purge_before_the_slaughter', 'p': 'MOVE', 'why': "Pesachim 5a:16 (the leaven block credited) — Rava: 'you shall not slaughter over leaven the blood of My sacrifice' — do not slaughter the Passover while leaven still exists: the remov
  erection.repeats('rest_by_call')                           {'v': ('every seventh day', 'ox, donkey, slave, resident stranger'), 'p': 'IMPORT', 'why': "the rest by call — cold_run_calendar.weekly_rest(recurrence) -> 'every seventh day', (who_rests) -> 'ox, donkey, slave, resident stranger' [IMPORT, 
  erection.repeats('rest_delta')                             {'v': (['חריש', 'קציר', 'תעבד', 'תשבת'], ['אמתך', 'בן', 'הגר', 'חמרך', 'ינוח', 'ינפש', 'מען', 'מעשיך', 'שורך', 'תעשה']), 'p': 'INK', 'why': "34:21 against 23:12 — ADDS ['חריש', 'קציר', 'תעבד', 'תשבת'] ('you shall WORK', 'in PLOWING and in H
  erection.repeats('sabbatical_by_call')                     {'v': ('land released in year 7', 'the same release: Lev 25 holds 4 labor verbs (CALLED yovel)'), 'p': 'IMPORT', 'why': "the seventh year by call — cold_run_calendar.sabbatical(timer) -> 'land released in year 7', (home_engine) -> 'the same
  erection.repeats('seh_class')                              {'v': 'sheep_or_goat_any_sex_age_blemish', 'p': 'ANSWER-SHEET', 'why': "Mishnah Bekhorot 1:4 (the link row) — 'with a SEH: from the sheep and from the goats, male and female, large and small, whole and blemished' (Bekhorot 9a:6 opened); 1:5
  erection.repeats('sheet_bekhorot_1_2')                     {'v': 'exempt', 'p': 'ANSWER-SHEET', 'why': 'Mishnah Bekhorot 1:2 (the link row at 34:20) — a cow that bore a donkey-like, a donkey a horse-like: exempt from the firstling law', 'fx': ['exempt']}
  erection.repeats('sheet_bekhorot_1_7')                     {'v': 'redemption_precedes_breaking', 'p': 'ANSWER-SHEET', 'why': "Mishnah Bekhorot 1:7 (the link row) — 'the command to redeem precedes the command to break the neck, as it says: and if you will not redeem it, you shall break its neck' (13
  erection.repeats('sheet_pesachim_5_4')                     {'v': 'transgresses_a_negative', 'p': 'ANSWER-SHEET', 'why': 'Mishnah Pesachim 5:4 (the link row at 34:25) — one who slaughters the Passover over leaven transgresses a negative; R. Yehuda: also the tamid; R. Shimon: for its name on the four
  erection.repeats('sheet_sheviit_1_4')                      {'v': 'plowing_of_the_eve_harvest_of_the_morrow', 'p': 'ANSWER-SHEET', 'why': "Mishnah Sheviit 1:4 (the link row at 34:21) — 'in plowing and in harvest you shall rest: no need to say the seventh's, rather the plowing of the eve that enters 
  erection.repeats('tekufat')                                {'v': ([('Exod', 34, 22)], [('2Chr', 24, 23)], [('Exod', 23, 16)]), 'p': 'INK', 'why': "'the TURN of the year' at ['Exod 34:22'] (and with a prefix at ['2Chr 24:23'] — Joash's year), 'the year's GOING OUT' at ['Exod 23:16']: the second seat
  erection.repeats('tifdeh_doubled')                         {'v': 'at_once_with_any_amount', 'p': 'MOVE', 'why': "Bekhorot 10b:27 (opened) — 'tifdeh (13:13), tifdeh (34:20): redeem AT ONCE, redeem with ANY amount' (R. Yosei b. Yehuda: not under a shekel); 12a:3: 'tifdeh tifdeh INCLUDES' — the lamb n
  erection.repeats('tifdeh_triple')                          {'v': ([('Exod', 13, 13), ('Exod', 34, 20), ('Isa', 1, 27), ('Num', 18, 15), ('Num', 18, 16), ('Num', 18, 17)], 3, 3), 'p': 'INK', 'why': "'you shall redeem' (תפדה) at ['Exod 13:13', 'Exod 34:20', 'Isa 1:27', 'Num 18:15', 'Num 18:16', 'Num 
  erection.repeats('tipadeh')                                {'v': 'he_redeems_himself_sons_not_daughters', 'p': 'MOVE', 'why': "Kiddushin 29a:17 (opened) — 'tifdeh' read 'TIPADEH' (you shall BE redeemed): one whom others are commanded to redeem redeems himself; 'the firstborn of your SONS — your son
  erection.repeats('tizakar_homograph')                      {'v': 9, 'p': 'INK', 'why': "'you shall remember-the-male' (תזכר, 34:19) — the token at 9 seats of the Tanakh, eight of them 'you shall REMEMBER' (Deut 7:18, 16:3...): the male-verb of 34:19 is the remember-verb's homograph, read by the tra
  erection.repeats('until_morning_forms')                    {'v': 'all_night_on_the_altar', 'p': 'MOVE', 'why': "Pesachim 59b:8 (opened) — Rav Safra: 'it shall not remain TO the morning' — to the morning it does not remain, so all night it may (on the altar), against 'the burnt offering of the Sabba
  erection.repeats('warranty')                               {'v': 1, 'p': 'INK', 'why': "34:24 'and no man shall COVET your land when you go up' — the covet-verb in this form (יחמד) at ['Exod 34:24'] alone in the Tanakh: the Decalogue's last word turned on the neighbor, in a verse with no first seat
  erection.repeats('warranty_read')                          {'v': 'cow_grazes_unharmed', 'p': 'MOVE', 'why': "the festivals block (round 24, credited): Pesachim 8b:7 — 'your cow grazes in the meadow and no beast harms it, your hen scratches in the dunghill and no weasel harms it' — the inserted vers
  erection.repeats('weeks_consonants')                       {'v': ([('Exod', 34, 22)], [('Neh', 8, 18), ('Num', 28, 17)], [('Exod', 23, 16)]), 'p': 'INK', 'why': "'the feast of WEEKS' (וחג שבעת) at ['Exod 34:22'] alone — and the same consonants 'a feast of SEVEN days' (חג שבעת ימים) at ['Neh 8:18', 
  erection.repeats('wheat_two_loaves')                       {'v': 'two_loaves_of_wheat_precede_bikkurim', 'p': 'MOVE', 'why': "Menachot 84b:4 (opened) — 'the feast of weeks, the first fruits of the WHEAT harvest' (34:22): the two loaves are of wheat and precede the first fruits; 'the barley harvest 
  erection.repeats('zivchi_two_seats')                       {'v': ('the_tamid_from_My_sacrifice', 'zevach_zevachai'), 'p': 'MOVE', 'why': "Pesachim 64a:5-6 (opened) — Mishnah Pesachim 5:4's two arms traced to one token at two seats: R. Yehuda ('also the tamid') from 'MY sacrifice — the sacrifice des
==== cold_run_ordinances.altar sig ('q',) (5010 chars) asks-in-source ['earth_altar', 'every_place', 'from_heaven', 'hewn', 'nakedness', 'obligatory_if', 'olah_on_it', 'ramp', 'recipe', 'shelamim_on_it', 'silver_gold', 'steps', 'stones_source', 'sword_profanes']
def altar(q):
        if q == 'from_heaven':
            return cell('hapax', I, f"20:22 'you have seen that FROM HEAVEN I spoke with you' — the phrase at {c_heaven} alone; the altar law opens on the giving's own witness", [FX.N

  ordinances.altar('earth_altar')                            {'v': 'attached_to_the_ground', 'p': 'ANSWER-SHEET', 'why': "20:24 'an altar of EARTH you shall make Me' — the phrase at [('Exod', 20, 24)] alone; Mishnah Chagigah 3:8 (linked at 20:21): the golden and the copper altars need no immersion 'b
  ordinances.altar('every_place')                            {'v': 'hapax_the_name_mentioned', 'p': 'INK', 'why': "20:24 'IN EVERY PLACE where I cause My name to be MENTIONED I will come to you and bless you' — 'in every place' at [('Exod', 20, 24)] and 'I cause My name to be mentioned' at [('Exod', 
  ordinances.altar('from_heaven')                            {'v': 'hapax', 'p': 'INK', 'why': "20:22 'you have seen that FROM HEAVEN I spoke with you' — the phrase at [('Exod', 20, 22)] alone; the altar law opens on the giving's own witness", 'fx': ['—']}
  ordinances.altar('hewn')                                   {'v': 'iron-touched stone disqualified', 'p': 'IMPORT', 'why': "20:25 'if an altar of stones you make Me, you shall not build them HEWN (גזית)' — the token's only Torah seat [('Exod', 20, 25)]; CALLED cold_run_decalogue.altar_rules(hewn_sto
  ordinances.altar('nakedness')                              {'v': 'the_ramps_reason', 'p': 'INK', 'why': "20:26 'that your NAKEDNESS not be uncovered on it' — the token at 6 seats (Lev 18:10's forbidden union among them); the reason clause the ramp serves: the priest's stride, not the step", 'fx': [
  ordinances.altar('obligatory_if')                          {'v': 'one_of_three_obligatory_ifs', 'p': 'MOVE', 'why': "Mekhilta on Exod 22:24 — 'IF money you lend' is OBLIGATION, one of the Torah's three obligatory if-clauses: the lending, the first fruits' meal offering, and 'IF an altar of stones' 
  ordinances.altar('olah_on_it')                             {'v': 'wholly_to_fires', 'p': 'IMPORT', 'why': "20:24 'and you shall sacrifice on it your BURNT OFFERINGS and your PEACE OFFERINGS, your flock and your herd' — the two classes by their engines: CALLED cold_run_offerings.dispatch(olah:flock)
  ordinances.altar('ramp')                                   {'v': 'thirty_two_by_sixteen_south', 'p': 'DATA', 'why': "Mishnah Middot 3:3: the RAMP to the south of the altar, thirty-two long and sixteen wide, with a recess on its west — the ramp's measures are the data channel; the ramp is the answer
  ordinances.altar('recipe')                                 {'v': 'whole stones, frame and lime', 'p': 'IMPORT', 'why': "the build that honors the ban — CALLED cold_run_decalogue.altar_rules(build_recipe) -> 'whole stones, frame and lime' (Zevachim 54a:8, Levi's baraita) [IMPORT, live call]", 'fx': 
  ordinances.altar('shelamim_on_it')                         {'v': 'two_days_one_night', 'p': 'IMPORT', 'why': "20:24's peace offerings — CALLED cold_run_offerings.dispatch(shelamim) -> window 'two_days_one_night', eater 'anyone' (Lev 7:16) [IMPORT, live call]; 'your flock and your herd' the two spec
  ordinances.altar('silver_gold')                            {'v': 'no_gods_of_silver_or_gold', 'p': 'INK', 'why': "20:23 'you shall not make WITH ME gods of silver, and gods of gold you shall not make for yourselves' — 'gods of silver' at [('Exod', 20, 23)] alone; the decalogue runner's image-scope 
  ordinances.altar('steps')                                  {'v': 'a ramp; and temperance beside it', 'p': 'IMPORT', 'why': "20:26 'and you shall not go up BY STEPS (במעלת) on My altar' — the token at [('Exod', 20, 26)] alone; CALLED cold_run_decalogue.altar_rules(steps) -> 'a ramp; and temperance b
  ordinances.altar('stones_source')                          {'v': 'whole_stones_from_beit_kerem_valley', 'p': 'ANSWER-SHEET', 'why': 'Mishnah Middot 3:4: the stones of the ramp and the altar from the valley of Beit Kerem, dug below the virgin soil — WHOLE stones on which iron was not lifted; one not
  ordinances.altar('sword_profanes')                         {'v': 'iron_profanes_by_touch', 'p': 'INK', 'why': "20:25 'for you have lifted your SWORD upon it and PROFANED it' — 'and profaned it' (ותחללה) at [('Exod', 20, 25)] alone; the sword = iron, the touch = the profaning (Mishnah Middot 3:4: 'i
==== cold_run_ordinances.land sig ('q',) (4204 chars) asks-in-source ['angel', 'borders', 'bread_water', 'break_pillars', 'hornet', 'little_by_little', 'no_barren', 'no_bow', 'no_covenant', 'not_dwell', 'not_forgive', 'serve_before', 'spine_silent']
def land(q):
        if q == 'angel':
            return cell('hapax_the_Name_in_him', I, f"23:20 'behold I SEND AN ANGEL before you' — the phrase at {c_angel} alone; 23:21 'for My NAME IS IN HIM' at {c_name_in_him} "
              

  ordinances.land('angel')                                   {'v': 'hapax_the_Name_in_him', 'p': 'INK', 'why': "23:20 'behold I SEND AN ANGEL before you' — the phrase at [('Exod', 23, 20)] alone; 23:21 'for My NAME IS IN HIM' at [('Exod', 23, 21)] alone; Onkelos 23:21: 'for his WORD is in My name' — 
  ordinances.land('borders')                                 {'v': ['sea_of_reeds', 'sea_of_the_philistines', 'the_wilderness', 'the_river'], 'p': 'DATA', 'why': "23:31 'I will set your border from the Sea of Reeds to the SEA OF THE PHILISTINES, and from the wilderness to the river' — 'sea of the Phi
  ordinances.land('bread_water')                             {'v': 'blessed_sickness_removed', 'p': 'INK', 'why': "23:25 'and He will BLESS your bread and your water, and I will remove sickness from your midst' — the covenant's blessing side (Lev 26:3-13 by name)", 'fx': ['bread_and_water_blessed']}
  ordinances.land('break_pillars')                           {'v': 'demolish_demolish_break_break', 'p': 'INK', 'why': "23:24 'for you shall surely DEMOLISH them and surely BREAK their pillars' — 'demolish, demolish' at [('Exod', 23, 24)] alone; Onkelos keeps both doubled verbs; Mishnah Avodah Zarah 
  ordinances.land('hornet')                                  {'v': 3, 'p': 'INK', 'why': "23:28 'and I will send THE HORNET before you' — the token at [('Deut', 7, 20), ('Exod', 23, 28), ('Josh', 24, 12)]: this, Deut 7:20, Joshua 24:12 ('and I sent the hornet before you' — the run of this promise in 
  ordinances.land('little_by_little')                        {'v': 'not_in_one_year', 'p': 'INK', 'why': "23:29-30 'I will not drive him out before you IN ONE YEAR, lest the land be desolate... LITTLE BY LITTLE I will drive him out' — 'little by little' at [('Deut', 7, 22), ('Exod', 23, 30)] (Deut 7:
  ordinances.land('no_barren')                               {'v': 'hapax', 'p': 'INK', 'why': "23:26 'there shall be no MISCARRYING (משכלה) or BARREN in your land; the number of your days I will fill' — 'miscarrying' at [('Exod', 23, 26)] alone, 'and barren' at [('Deut', 7, 14), ('Exod', 23, 26)] (D
  ordinances.land('no_bow')                                  {'v': 'not_bow_not_serve_not_do', 'p': 'INK', 'why': "23:24 'you shall not BOW to their gods nor SERVE them nor DO as their deeds' — three prohibitions; Onkelos: 'to their errors'", 'fx': ['covenant_barred']}
  ordinances.land('no_covenant')                             {'v': 'no_covenant_with_them_or_their_gods', 'p': 'INK', 'why': "23:32 'you shall not cut a COVENANT with them or with their gods' — Onkelos: 'no covenant with them or with their ERRORS'; Exod 34:12-15, Deut 7:2 restate [IMPORT]", 'fx': ['c
  ordinances.land('not_dwell')                               {'v': 'lest_they_make_you_sin', 'p': 'INK', 'why': "23:33 'they shall not dwell in your land lest they make you SIN against Me... it will be a SNARE to you' — 'a snare' (למוקש) at 8 seats (34:12's covenant warning among them); Onkelos: 'the
  ordinances.land('not_forgive')                             {'v': 'he_will_not_bear_your_transgression', 'p': 'INK', 'why': "23:21 'do not rebel against him, for he will NOT BEAR your transgression' — the phrase at [('Exod', 23, 21), ('Josh', 24, 19)]: this and Joshua 24:19's 'He will not bear your 
  ordinances.land('serve_before')                            {'v': 'serve_before_the_LORD', 'p': 'MOVE', 'why': "23:25 'and you shall SERVE the LORD your God' — Onkelos: 'serve BEFORE the LORD' (the service preposition), 'your food and your drink' for bread and water", 'fx': ['bread_and_water_blessed
  ordinances.land('spine_silent')                            {'v': 'onkelos_alone', 'p': 'INK', 'why': "the Mekhilta of Rabbi Yishmael's running text ENDS at 23:19 — the declared shelf over 23:20-33 is Onkelos alone (the reading ledger of 2026-09-01 recorded it); the cells above are ink and Onkelos",
==== cold_run_journeys.the_command sig ('case', 'data') (8728 chars) asks-in-source ['drive_out', 'figured_stones', 'high_places', 'molten_images', 'negative_arm', 'possess_and_dwell', 'private_altar_eras', 'the_frame', 'the_lot_arms', 'the_lot_restated', 'three_objects_own', 'when_you_pass']
def the_command(case, data):
        del P[:]
        ask = case['ask']
        if ask == 'the_frame':
            ink('33:50', '"and the LORD spoke to Moses in the plains of Moab by the Jordan at Jericho, saying" — %s (35:1 the frame\'

  journeys.the_command({ask:drive_out})                      ("drive out all the inhabitants of the land (33:52-53) — a DEBIT on Israel OPEN BY DESIGN: its runs Joshua's; the crossing's purpose at the Jordan (Sotah 34a:5)", ['commanded'])
  journeys.the_command({ask:figured_stones})                 ("their figured stones (33:52) — Leviticus 26:1's word at its ban's seat, uncompiled: the edge owed, Megillah 22b:11-13's rows filed to the debt", ['commanded'])
  journeys.the_command({ask:high_places})                    ("their high places (33:52) — Leviticus 26:30's curse in the same verb on the same object: the spec/curse pair; the private altar's eras (Mishnah Zevachim 14:4-8) another sense", ['commanded'])
  journeys.the_command({ask:molten_images})                  ("their molten images (33:52) — the calf's word; the ban on making at Exodus 34:17 and Leviticus 19:4 by CALL (the erection and holiness runners)", ['commanded'])
  journeys.the_command({ask:negative_arm})                   ("the negative arm (33:55-56) — thorns in your eyes and pricks in your sides, run back reversed by Joshua 23:13 and Judges 2:3; Saul's Amalek and Haman on the shelf (Megillah 11a); a data row, no verdict on the tape", ['accepted'])
  journeys.the_command({ask:possess_and_dwell})              ("possess the land and dwell in it, for to you I have given it (33:53) — the promise's gift read in the perfect; held before assignment by CALL; no second entry", ['accepted'])
  journeys.the_command({ask:private_altar_eras})             ("the private altar's eras (Mishnah Zevachim 14:4-8) — Israel's own altars by era, the erection runner's block: not this chapter's high places", ['exempt'])
  journeys.the_command({ask:the_frame})                      ("and the LORD spoke to Moses in the plains of Moab (33:50) — the chapter's one divine frame after forty-nine verses without one; 35:1 the second seat", ['accepted'])
  journeys.the_command({ask:the_lot_arms})                   ("the lot's arms — divided among those who left Egypt (the running setting), those who entered, or both; by lot and by the Urim: the second census's rows by CALL", ['accepted'])
  journeys.the_command({ask:the_lot_restated})               ("the lot restated to the people (33:54) — 26:52-56 word for word with the verb's number switching inside the verse; the open debit cited by CALL, not rewritten", ['accepted'])
  journeys.the_command({ask:three_objects_own})              ("the three objects (33:52) are the chapter's own — the other iconoclasm lists (three, four, five by CALL) name altars, pillars, asherim and graven images", ['accepted'])
  journeys.the_command({ask:when_you_pass})                  ("when you pass over the Jordan into the land of Canaan (33:51) — the law's trigger; 35:10 and Deuteronomy 11:31 the clause's kin", ['accepted'])
==== cold_run_pre_sinai.noahide sig ('q',) (19717 chars) asks-in-source ['adjacency_9_6_9_7', 'adulteress', 'adultery_by_call', 'aunts_by_call', 'beast_by_call', 'blasphemy_seat', 'blessing_delta', 'blessing_noah', 'blood_ban_by_call', 'blood_scope_by_call', 'bloodshed_chiasm', 'bloodshed_seats', 'by_man', 'convert_rite_by_call', 'court_word_by_word', 'courts_by_call', 'dominion_labor', 'execution_ladder', 'fear_scope', 'grant_delta', 'grant_read', 'grant_two_eras', 'idolatry_by_call', 'image_reason', 'inversion', 'karet_count_by_call', 'life_blood_two_seats', 'limb_akh', 'limb_read', 'menashe_variant', 'multiply_twice', 'noahide_boundary_by_call', 'outside_blood_reckoned', 'pesach_8_8', 'pesach_gate_by_call', 'procreation_israel', 'procreation_sheet', 'repeated_at_sinai', 'require_three', 'retold_adds', 'retold_delta', 'robbery_by_call', 'robbery_root', 'root_tokens', 'self_injury', 'seven_from_root', 'seven_list', 'shed_homograph', 'sister_by_call', 'stoned_by_call', 'suspected_three', 'unions_by_call', 'unions_read', 'unions_root', 'unnatural']
def noahide(q):
        if q == 'root_tokens':
            return cell(c_2_16, I, "2:16's eleven tokens — the FIRST COMMAND in Scripture ('and He commanded' — the verb's first seat, then Pharaoh 12:20 and Abimelech 26:11: %s): a

  pre_sinai.noahide('adjacency_9_6_9_7')                     {'v': {'R_Eliezer': 'sheds_blood', 'R_Yaakov': 'diminishes_the_image', 'ben_Azzai': 'both'}, 'p': 'MOVE', 'why': "Yevamot 63b:16-17 (opened): 'whoever sheds the blood of man' (9:6) followed by 'and you, be fruitful' (9:7) — the childless as
  pre_sinai.noahide('adulteress')                            {'v': 'liable', 'p': 'MOVE', 'why': "Sanhedrin 57b:10 (the Noahide block (2026-09-01, credited): NOA_REL_adulteress): 'a MAN shall leave' — the woman exempt? 'they shall be one flesh' recombines them", 'fx': ['put_to_death']}
  pre_sinai.noahide('adultery_by_call')                      {'v': ('liable', 'exempt'), 'p': 'IMPORT', 'why': "'to HIS wife — not his fellow's' (58a:8): CALLED cold_run_sanctions.adultery(whose_wife) -> 'liable'; wife_of=gentile -> 'exempt' [IMPORT, live call] — the Sinai seat's 'his FELLOW's wife' 
  pre_sinai.noahide('aunts_by_call')                         {'v': {'father_sister': (12, 19, None, True), 'mother_sister': (13, 19, None, True), 'adultery': (20, 10, 'strangling', True)}, 'p': 'IMPORT', 'why': "R. Eliezer's aunts and the adulterer at their Sinai seats — CALLED cold_run_sanctions.san
  pre_sinai.noahide('beast_by_call')                         {'v': (['stumbling_came_through_it', 'not_walk_the_market_naming_the_sin'], 'Exod_22:18_freed_to_the_passive'), 'p': 'IMPORT', 'why': "'one flesh — not the beast' (58a:8): CALLED cold_run_sanctions.beast(why) -> ['stumbling_came_through_it'
  pre_sinai.noahide('blasphemy_seat')                        {'v': (True, 'liable_only_by_the_Name', 'R_Yishmael_judge_R_Akiva_blasphemy_warning'), 'p': 'IMPORT', 'why': "the BLASPHEMY leg (2:16 'the LORD' — Lev 24:16 'who blasphemes the Name'; 24:15 'ANY MAN' the Noahide's inclusion, measured True);
  pre_sinai.noahide('blessing_delta')                        {'v': (4, 13, True), 'p': 'INK', 'why': "1:28 against 9:1 by token (added 4, dropped 13 — ['את', 'את', 'נח', 'ניו'] / ['אלהים', 'ארץ', 'אתם', 'בכל', 'בשה', 'דגת', 'הים', 'חיה', 'עוף', 'על', 'רדו', 'רמשת', 'שמים']): the run adds Noah and his
  pre_sinai.noahide('blessing_noah')                         {'v': (['פרו', 'ורבו', 'ומלאו', 'את', 'הארץ'], ['וכבשה', 'ורדו']), 'p': 'INK', 'why': "9:1 repeats 1:28's five tokens 'be fruitful and multiply and fill the earth' and DROPS 'subdue' and 'rule' (measured): the second seat's delta — 9:2's fe
  pre_sinai.noahide('blood_ban_by_call')                     {'v': ('karet', ['sages_lifeblood_only', 'R._Yehuda_any_blood'], 'convert_bound_as_the_citizen'), 'p': 'IMPORT', 'why': "the LIMB leg's Sinai seat — Lev 17:10-14: CALLED cold_run_sanctions.blood(ban) -> 'karet', (which_blood) -> ['sages_lif
  pre_sinai.noahide('blood_scope_by_call')                   {'v': ('fowl_beast_and_wild', 'karet_and_lashes', 'karet for lifeblood of bird and beast'), 'p': 'IMPORT', 'why': "the blood ban's other seats — CALLED cold_run_offerings.fat_inventory(ban)['blood_scope'] -> 'fowl_beast_and_wild', ['sanctio
  pre_sinai.noahide('bloodshed_chiasm')                      {'v': ('שפך', 'ישפך', 'דם', 'דמו', 'האדם', 'באדם'), 'p': 'INK', 'why': "9:6's chiasm — sheds / shall be shed, blood / his blood, man / in man: the sentence mirrors the crime, token by token", 'fx': ['put_to_death']}
  pre_sinai.noahide('bloodshed_seats')                       {'v': (['מכה', 'איש', 'ומת', 'מות', 'יומת'], ['ואיש', 'כי', 'יכה', 'כל', 'נפש', 'אדם', 'מות', 'יומת']), 'p': 'IMPORT', 'why': "the BLOODSHED leg's Sinai seats — Exod 21:12 'he who strikes a man and he dies shall surely die' (CALLED cold_run
  pre_sinai.noahide('by_man')                                {'v': ['the_executioner', 'the_pursuers_rescuer', 'the_fetus'], 'p': 'MOVE', 'why': "'BY man shall his blood be shed' — three readings on one token: the executioner (57a:3, 57b:1), the pursuer's rescuer (72b:15-17, the Noahide block (2026-0
  pre_sinai.noahide('convert_rite_by_call')                  {'v': ('circumcision', 'immersion', 'blood'), 'p': 'IMPORT', 'why': "the convert's entry — CALLED cold_run_erection.blood_covenant(convert_rite) -> ('circumcision', 'immersion', 'blood') [IMPORT, live call] (Keritot 9a: 'as your fathers ent
  pre_sinai.noahide('court_word_by_word')                    {'v': {'one_judge': 'I_will_require', 'no_forewarning': 'from_the_hand_of_every_beast', 'one_witness': 'from_the_hand_of_man', 'not_a_woman': 'from_the_hand_of_a_MAN', 'even_a_relative': 'his_brother'}, 'p': 'MOVE', 'why': "Sanhedrin 57b:2-
  pre_sinai.noahide('courts_by_call')                        {'v': (23, 'hapax', 'merit_by_one_liability_by_two'), 'p': 'IMPORT', 'why': "the COURTS leg (2:16 'commanded' — 18:19 by name): the Sinai seat's arithmetic — CALLED cold_run_ordinances.courts(twenty_three) -> 23, (majority_hapax) -> 'hapax'
  pre_sinai.noahide('dominion_labor')                        {'v': 'labor_not_eating', 'p': 'MOVE', 'why': "Sanhedrin 59b:16-21 (the Noahide block (2026-09-01, credited): MEAT_dominion): 'rule over the fish of the sea' — for labor; the fowl; the creeping thing brings in the serpent", 'fx': ['dominion
  pre_sinai.noahide('execution_ladder')                      {'v': {'Rav_Yosef': 3, 'Rav_Sheshet': 4, 'Rav_Huna': 7}, 'p': 'MOVE', 'why': "Sanhedrin 57a:8-13 (the Noahide block (2026-09-01, credited): NOA_EXEC rows): executed for three (unions, bloodshed, blasphemy) / four (idolatry joins) / all seve
  pre_sinai.noahide('fear_scope')                            {'v': ['ומוראכם', 'וחתכם'], 'p': 'INK', 'why': "9:2 'and the FEAR of you and the DREAD of you' — Shabbat 151b:9 (opened): in force while a man lives; the dead Og needs a guard from the weasel", 'fx': ['fear_on_beasts']}
  pre_sinai.noahide('grant_delta')                           {'v': (4, 17, True), 'p': 'INK', 'why': "1:29 against 9:3 by token (added 4, dropped 17 — ['הוא', 'חי', 'ירק', 'רמש'] / ['אלהים', 'ארץ', 'אשר', 'את', 'בו', 'הנה', 'העץ', 'זרע', 'זרע', 'זרע', 'זרע', 'יאמר', 'כל', 'על', 'עץ', 'פני', 'פרי']): 
  pre_sinai.noahide('grant_read')                            {'v': {'adam': 'herbs_only', 'noah': 'meat'}, 'p': 'MOVE', 'why': "Sanhedrin 59b:13-14 (the Noahide block (2026-09-01, credited): MEAT rows): Adam not permitted meat — 'to you and to every beast' (1:29-30), not the beast to you; the sons of
  pre_sinai.noahide('grant_two_eras')                        {'v': (['נתתי', 'לכם', 'את', 'כל'], ['נתתי', 'לכם', 'את', 'כל']), 'p': 'INK', 'why': "'I have given you all' — the four tokens at 1:29 (the herb grant) and 9:3 (the meat grant): the second grant REUSES the first's words and adds 'every movi
  pre_sinai.noahide('idolatry_by_call')                      {'v': ('temple_services_for_any_idol', 'save_to_the_LORD_alone', 'serves_sacrifices_incense_libation_bows_accepts_says'), 'p': 'IMPORT', 'why': "the IDOLATRY leg (2:16 'God' — Exod 20:3 'no other gods' by name): the service paradigm — CALLE
  pre_sinai.noahide('image_reason')                          {'v': ['Gen 1:26', 'Gen 1:27', 'Gen 9:6'], 'p': 'INK', 'why': "'for in the image of God He made man' — 9:6's reason clause, the image's third seat; Mishnah Avot 3:14 quotes it ('beloved is man, created in the image')", 'fx': ['—']}
  pre_sinai.noahide('inversion')                             {'v': {'commanded': 'idolatry', 'God': 'courts'}, 'p': 'MOVE', 'why': "Sanhedrin 56b:8 (the Noahide block (2026-09-01, credited): F-012): R. Yitzchak teaches the INVERSION — 'commanded' idolatry, 'God' the courts; G08-28 holds the inversion
  pre_sinai.noahide('karet_count_by_call')                   {'v': 20, 'p': 'IMPORT', 'why': "Mishnah Keritot 1:1's thirty-six — the sanctions engine's share: CALLED cold_run_sanctions.census(karet_count) -> 20 [IMPORT, live call]; 17:14's circumcision among the positive two", 'fx': ['karet_cut_off']
  pre_sinai.noahide('life_blood_two_seats')                  {'v': (['Gen 9:4', 'Gen 44:30', 'Lev 17:14'], (True, True)), 'p': 'INK', 'why': "'with its life' in the Torah at Gen 9:4, 44:30 (Judah's 'his soul bound with his soul'), Lev 17:14 — and the pair 'its life, its blood' / 'its blood, its life'
  pre_sinai.noahide('limb_akh')                              {'v': ['אך', 'בשר', 'בנפשו', 'דמו', 'לא', 'תאכלו'], 'p': 'INK', 'why': "9:4 'BUT flesh with its life, its blood, you shall not eat' — the restrictor 'akh' one verse after the grant: the ban born of the grant (G21-09)", 'fx': ['limb_from_liv
  pre_sinai.noahide('limb_read')                             {'v': {'akh': 'excludes_the_swarming_things', 'R_Chanina_b_Gamliel': 'also_the_blood_from_the_living'}, 'p': 'MOVE', 'why': 'Sanhedrin 57a:5, 59a:6, 59b:14 (the Noahide block (2026-09-01, credited): MEAT_limb, MEAT_blood_living, MEAT_swarmi
  pre_sinai.noahide('menashe_variant')                       {'v': {'in': ['castration', 'mixed_kinds'], 'out': ['courts', 'blasphemy']}, 'p': 'MOVE', 'why': "Sanhedrin 57a:6-7 (the Noahide block (2026-09-01, credited): ): the school of Menashe — castration from 9:7's 'swarm', mixed kinds from 6:20's
  pre_sinai.noahide('multiply_twice')                        {'v': (2, ['Gen 1:21', 'Gen 9:7']), 'p': 'INK', 'why': "9:7 'be fruitful and multiply, SWARM in the earth and MULTIPLY in it' — 'multiply' twice; 'swarm' at 1:21 (the waters swarmed) and 9:7 (swarm!) alone: the castration leg's token (57a:6
  pre_sinai.noahide('noahide_boundary_by_call')              {'v': 'outside the Noahide law set', 'p': 'IMPORT', 'why': "THE TRADITION'S OWN NEGATIVE BOUNDARY OF THE NOAHIDE SET: CALLED cold_run_tzav.karet_machine(cheilev_noahide) -> 'outside the Noahide law set' [IMPORT, live call] — Sifra Tzav Sect
  pre_sinai.noahide('outside_blood_reckoned')                {'v': 'liable_for_slaughter_and_liable_for_raising', 'p': 'IMPORT', 'why': "Lev 17:4 'blood shall be RECKONED to that man — he has SHED blood' (9:6's murder formula on the outside-slaughterer): CALLED cold_run_sanctions.outside(two_offenses
  pre_sinai.noahide('pesach_8_8')                            {'v': {'Shammai': 'immerses_and_eats', 'Hillel': 'as_one_who_separates_from_the_grave'}, 'p': 'ANSWER-SHEET', 'why': "Mishnah Pesachim 8:8 — the convert converted on the eve of Passover: Beit Hillel's 'one who separates from the foreskin is
  pre_sinai.noahide('pesach_gate_by_call')                   {'v': ('barred', 'eats', 'barred until circumcised', 'eats as the home-born', 'barred until they are circumcised'), 'p': 'IMPORT', 'why': "Exod 12:44, 12:48 — the Passover's gate on the rite: CALLED cold_run_pesach.access_filter(uncircumcis
  pre_sinai.noahide('procreation_israel')                    {'v': 'israel_only_by_the_framework', 'p': 'MOVE', 'why': "Sanhedrin 59b:3-4 (the Noahide block (2026-09-01, credited): SINAI_procreation): said to Noah (9:7) and repeated at Sinai (Deut 5:27 'return to your tents') — the repetition came fo
  pre_sinai.noahide('procreation_sheet')                     {'v': {'commanded': 'the_man_not_the_woman', 'R_Yochanan_b_Beroka': 'both', 'Hillel': 'male_and_female', 'Shammai': 'two_males'}, 'p': 'ANSWER-SHEET', 'why': "Mishnah Yevamot 6:6 — the sheet QUOTES 1:28's 'blessed THEM... said to THEM' for 
  pre_sinai.noahide('repeated_at_sinai')                     {'v': 'the_repetition_is_the_edge', 'p': 'MOVE', 'why': "Sanhedrin 59a:11-12 (the Noahide block (2026-09-01, credited): F-015): 'every command said to the sons of Noah and REPEATED at Sinai — to both; said to them and not repeated — to Isra
  pre_sinai.noahide('require_three')                         {'v': (['אדרש', 'אדרשנו', 'אדרש'], ['מיד', 'ומיד', 'מיד']), 'p': 'INK', 'why': "9:5's three require-verbs and three hand-tokens (measured) — the court's legs on the hands plus 'his brother'", 'fx': ['blood_required']}
  pre_sinai.noahide('retold_adds')                           {'v': (['ולא', 'תגעו', 'בו'], ['מות', 'תמות'], ['פן', 'תמתון']), 'p': 'INK', 'why': "2:16-17 against 3:2-3 (the woman's retelling): the retelling ADDS 'nor touch it' and softens 'you shall surely DIE' to 'LEST you die' (measured) — Sanhedri
  pre_sinai.noahide('retold_delta')                          {'v': (17, 18, True, True), 'p': 'INK', 'why': "the alignment engine on the command against its retelling: added ['אל', 'אשה', 'אשר', 'בו', 'הגן', 'העץ', 'לא', 'מפרי', 'מפרי', 'נאכל', 'נחש', 'פן', 'תאכלו', 'תאמר', 'תגעו', 'תוך', 'תמתון']; d
  pre_sinai.noahide('robbery_by_call')                       {'v': (['steal', 'deny', 'lie', 'swear_falsely', 'profane'], 'pays_as_at_the_time_of_the_robbery', 'banned_even_to_vex_or_to_repay_double'), 'p': 'IMPORT', 'why': "the ROBBERY leg's Sinai seat — Lev 19:11-13: CALLED cold_run_holiness.theft(
  pre_sinai.noahide('robbery_root')                          {'v': ('of_every_tree_of_the_garden', 'as_the_green_herb'), 'p': 'INK', 'why': "the ROBBERY leg's two roots — 2:16 'of every tree of the garden' (yours, not stolen — 56b:7) and 9:3 'as the green HERB' (R. Levi: of the field, not of the gard
  pre_sinai.noahide('root_tokens')                           {'v': ['ויצו', 'יהוה', 'אלהים', 'על', 'האדם', 'לאמר', 'מכל', 'עץ', 'הגן', 'אכל', 'תאכל'], 'p': 'INK', 'why': "2:16's eleven tokens — the FIRST COMMAND in Scripture ('and He commanded' — the verb's first seat, then Pharaoh 12:20 and Abimelec
  pre_sinai.noahide('self_injury')                           {'v': 'forbidden', 'p': 'MOVE', 'why': "Bava Kamma 91b:8 (opened): 'your blood of YOUR LIVES I will require' — R. Elazar: from your own lives — self-injury barred off 9:5's first clause", 'fx': ['blood_required']}
  pre_sinai.noahide('seven_from_root')                       {'v': {'commanded': 'courts', 'the_LORD': 'blasphemy', 'God': 'idolatry', 'on_the_man': 'bloodshed', 'saying': 'unions', 'of_every_tree': 'not_robbery', 'surely_eat': 'not_the_limb'}, 'p': 'MOVE', 'why': "Sanhedrin 56b:4-7 (the Noahide bloc
  pre_sinai.noahide('seven_list')                            {'v': ['courts', 'blasphemy', 'idolatry', 'unions', 'bloodshed', 'robbery', 'limb_from_the_living'], 'p': 'ANSWER-SHEET', 'why': "Sanhedrin 56a:24's baraita (the Noahide block (2026-09-01, credited): NOA_7_census) — the answer sheet of a TA
  pre_sinai.noahide('shed_homograph')                        {'v': ['Lev 4:7', 'Lev 4:18', 'Lev 4:25', 'Lev 4:30', 'Lev 4:34'], 'p': 'INK', 'why': "'shall be SHED' (9:6, the passive) and 'he shall POUR' (Lev 4:7, 18, 25, 30, 34 — the sin offering's blood at the base) ONE STRING: the census dispositio
  pre_sinai.noahide('sister_by_call')                        {'v': ({'paternal_or_maternal': 'both', 'born_home_or_outside': 'keep_her_or_send_her', 'maidservant_or_gentile_daughter': 'excluded'}, 'mothers_sister_and_fathers_sister_from_either_side'), 'p': 'IMPORT', 'why': "the maternal sister presse
  pre_sinai.noahide('stoned_by_call')                        {'v': ['his daughter-in-law', "his father's wife", 'his mother', 'the Molech giver', 'the curser of father and mother', 'the ghost-pit or familiar bearer', 'the male', 'the man with a beast', 'the woman bringing a beast'], 'p': 'IMPORT', 'w
  pre_sinai.noahide('suspected_three')                       {'v': ['bestiality', 'unions', 'bloodshed'], 'p': 'ANSWER-SHEET', 'why': "Mishnah Avodah Zarah 2:1 — the gentiles suspected of the beast, the unions, bloodshed: three of the seven as the sheet's presumptions; the midwife 'for idolatry' the 
  pre_sinai.noahide('unions_by_call')                        {'v': {'mother': (7, 11, 'stoning', True), 'father_wife': (8, 11, 'stoning', True), 'male': (22, 13, 'stoning', True), 'man_beast': (23, 15, 'stoning', True), 'sister': (9, 17, None, True)}, 'p': 'IMPORT', 'why': "the UNIONS leg's SINAI SEA
  pre_sinai.noahide('unions_read')                           {'v': {'his_father': ['R_Eliezer_fathers_sister', 'R_Akiva_fathers_wife'], 'his_mother': ['R_Eliezer_mothers_sister', 'R_Akiva_mother'], 'cleave': 'not_the_male', 'his_wife': 'not_the_neighbors', 'one_flesh': 'not_the_beast'}, 'p': 'MOVE', 
  pre_sinai.noahide('unions_root')                           {'v': ['על', 'כן', 'יעזב', 'איש', 'את', 'אביו', 'ואת', 'אמו', 'ודבק', 'באשתו', 'והיו', 'לבשר', 'אחד'], 'p': 'INK', 'why': "2:24's thirteen tokens — 'leave', 'his father', 'his mother', 'cleave', 'to his wife', 'one flesh': the unions' root 
  pre_sinai.noahide('unnatural')                             {'v': 'liable', 'p': 'MOVE', 'why': "Sanhedrin 58b:14 (the Noahide block (2026-09-01, credited): ): 'and cleave' — not unnaturally: a Noahide with his own wife unnaturally liable", 'fx': ['put_to_death']}
==== cold_run_calendar.matzah sig ('case', 'data') (719 chars) asks-in-source []
def matzah(case, data):
        del P[:]
        ink('Exod 23:15', '"the feast of unleavened bread you shall keep: SEVEN '
            'DAYS you shall eat unleavened bread AS I COMMANDED YOU (כאשר '
            'צויתך), at the appointed

==== cold_run_calendar.kid_in_milk sig ('case', 'data') (696 chars) asks-in-source []
def kid_in_milk(case, data):
        del P[:]
        ink('Exod 23:19', '"you shall not BOIL (תבשל) a KID (גדי) in its '
            'MOTHER\'S (אמו) milk"')
        move('Chullin 115b / Pesachim 24b:11 (triage rows)', 'the clause '
       

==== cold_run_shemini_day.eras sig ('q',) (2841 chars) asks-in-source ['differences', 'ink_of_the_ban', 'karet_matrix', 'shared', 'switch', 'table']
def eras(q):
        if q == 'switch':
            return cell('high_places_banned_service_by_priests', A, "Mishnah Zevachim 14:4: 'before the tabernacle was erected the high places were "
                        "permitted and the 

  shemini_day.eras('differences')                            {'v': 11, 'p': 'ANSWER-SHEET', 'why': "Mishnah Zevachim 14:10: between a private and a public high place — hand-laying, slaughter in the north, application around, waving, presentation (R. Yehuda: no meal offering on a high place), priestho
  shemini_day.eras('ink_of_the_ban')                         {'v': 'Lev 17:4 and Deut 12:8', 'p': 'INK', 'why': "the ban's own ink is the sanctions engine's (Lev 17:4 'to the door of the tent of meeting he did not bring it') and Deut 12:8-14's eras ('you shall not do as all that we do here today... w
  shemini_day.eras('karet_matrix')                           {'v': ['positive_negative_karet', 'positive_negative', 'positive'], 'p': 'ANSWER-SHEET', 'why': "Mishnah Zevachim 14:9: consecrated in a ban era and offered outside in a ban era — a positive and a negative command and KARET; consecrated in 
  shemini_day.eras('shared')                                 {'v': 'time_leftover_impure', 'p': 'ANSWER-SHEET', 'why': "Mishnah Zevachim 14:10's tail: 'but the time, the leftover, and the impure are equal in both'", 'fx': ['—']}
  shemini_day.eras('switch')                                 {'v': 'high_places_banned_service_by_priests', 'p': 'ANSWER-SHEET', 'why': "Mishnah Zevachim 14:4: 'before the tabernacle was erected the high places were permitted and the service by the firstborn; from its erection the high places were BA
  shemini_day.eras('table')                                  {'v': ['permitted', 'banned', 'permitted', 'banned', 'permitted', 'banned'], 'p': 'ANSWER-SHEET', 'why': "Mishnah Zevachim 14:4-8: before the tabernacle PERMITTED; the tabernacle BANNED; Gilgal PERMITTED; Shiloh BANNED ('the resting place')
==== cold_run_covenant_at_horeb.the_first_tablet sig ('case', 'data') (6148 chars) asks-in-source ['keep_and_remember', 'the_first_word', 'the_fourth_word', 'the_ox_and_the_ass', 'the_receipt_5_12', 'the_second_word_row', 'the_servants_rest', 'the_third_word', 'the_two_grounds']
def the_first_tablet(case, data):
        del P_[:]
        ask = case['ask']
        if ask == 'the_first_word':
            r = _row(6)
            ink('5:6', '"I am the LORD your God, who brought you out of the land of Egypt, out of the 

  covenant_at_horeb.the_first_tablet({ask:keep_and_remember}) ("keep and remember (5:12) — one utterance: the diff's first word the tradition's exhibit; women's kiddush (Berakhot 20b)", ['accepted'])
  covenant_at_horeb.the_first_tablet({ask:the_first_word})   ("the first word (5:6) — VERBATIM; NO CELL: a declaration heard from the Almighty's mouth", ['accepted'])
  covenant_at_horeb.the_first_tablet({ask:the_fourth_word})  ('the fourth word (5:12-15) — EXPANDED, VERBATIM, EXPANDED, TURNED: decalogue.sabbath_clauses by CALL', ['accepted'])
  covenant_at_horeb.the_first_tablet({ask:the_ox_and_the_ass}) ('the ox and the ass (5:14) — every animal by the verbal analogy: the expansion read by the tradition itself (Bava Kamma 54b)', ['accepted'])
  covenant_at_horeb.the_first_tablet({ask:the_receipt_5_12}) ('the receipt at 5:12 — a run citation of the giving (the ink) read as Marah (the teacher): the seat CHAPTER', ['accepted'])
  covenant_at_horeb.the_first_tablet({ask:the_second_word_row}) ('the second word (5:7-10) — VERBATIM, VARIANT, VARIANT, VARIANT: the cell F2 (compiled here)', ['accepted'])
  covenant_at_horeb.the_first_tablet({ask:the_servants_rest}) ("the servants' rest (5:14) — the circumcised slave and the righteous convert (Yevamot 48b); the analogy's limit (Bava Kamma 54b)", ['accepted'])
  covenant_at_horeb.the_first_tablet({ask:the_third_word})   ('the third word (5:11) — VERBATIM: decalogue.vain_name by CALL (the vain oath lashed; Mishnah Shevuot 3:8-9)', ['accepted'])
  covenant_at_horeb.the_first_tablet({ask:the_two_grounds})  ('the two grounds (5:15) — the creation (20:11, PS by CALL) and the exodus: a DATA row; the readback row TURNED', ['accepted'])
==== cold_run_hear_o_israel.the_test_and_the_right sig ('case', 'data') (4106 chars) asks-in-source ['surely_keep', 'the_right_and_the_good', 'the_write', 'thrust_out_enemies', 'you_shall_not_test']
def the_test_and_the_right(case, data):
        """F5 — Deut 6:16-19: you shall not test (Massah — a run citation by name; the write test_barred); surely keep; the right and the good; thrust out"""
        del P_[:]
        ask = ca

  hear_o_israel.the_test_and_the_right({ask:surely_keep})    ("surely keep (6:17) — the infinitive absolute (the book's three); the testimonies' three seats with 4:45's header (OH by CALL): no write", ['accepted'])
  hear_o_israel.the_test_and_the_right({ask:the_right_and_the_good}) ("the right and the good (6:18) — the abutter's rule (Bava Metzia 108a): the buyer of the adjoining field yields to the neighbor", ['accepted'])
  hear_o_israel.the_test_and_the_right({ask:the_write})      ("the write (6:16-19) — test_barred on Israel: the block at the chapter's second line", ['test_barred'])
  hear_o_israel.the_test_and_the_right({ask:thrust_out_enemies}) ("thrust out (6:19) — the enemies thrust out 'as the LORD has spoken': 9:4 forward, the manslayer's verb: a DATA note", ['accepted'])
  hear_o_israel.the_test_and_the_right({ask:you_shall_not_test}) ("you shall not test (6:16) — Massah the tape's named line (Exodus 17:7), a run citation by name; the ten trials (Arakhin 15a; ES by CALL): the block test_barred on Israel", ['accepted'])
==== cold_run_obey_horeb.the_exile_case sig ('case', 'data') (4961 chars) asks-in-source ['in_your_distress_return', 'perish_and_scatter', 'seek_and_find', 'serve_wood_and_stone', 'the_case_head', 'the_merciful_god', 'the_witnesses']
def the_exile_case(case, data):
        del P_[:]
        ask = case['ask']
        if ask == 'the_case_head':
            ink('4:25', '"WHEN you beget sons and sons\' sons and have grown old in the land and deal corruptly and make a gr

  obey_horeb.the_exile_case({ask:in_your_distress_return})   ("in your distress, return (4:30) — the case's third arm: 30:2's kin; 'the end of days' a prophecy, no timer (TC by CALL)", ['accepted'])
  obey_horeb.the_exile_case({ask:perish_and_scatter})        ("perish and scatter (4:26-27) — the case's first arm: Leviticus 26:33's scattering by CALL (TC), no entry written", ['accepted'])
  obey_horeb.the_exile_case({ask:seek_and_find})             ("seek and find (4:29) — the case's second arm: the Shema's words (6:5 forward); 30:10's kin", ['accepted'])
  obey_horeb.the_exile_case({ask:serve_wood_and_stone})      ('serve wood and stone (4:28) — 28:36 and 28:64 forward; Psalm 115:5 the kin', ['accepted'])
  obey_horeb.the_exile_case({ask:the_case_head})             ("the case head (4:25) — THE CHAPTER'S ONE CASE: 'when' with the imperfect; the arms DATA; the exile hastened by two years (Gittin 88a)", ['accepted'])
  obey_horeb.the_exile_case({ask:the_merciful_god})          ("the merciful God (4:31) — Exodus 34:6's attribute; the fathers' covenant sworn (Genesis 22:16, 26:3 by reference); Leviticus 26:42 the first telling", ['accepted'])
  obey_horeb.the_exile_case({ask:the_witnesses})             ("the witnesses (4:26) — heaven and earth called: a STATUS on Israel (the Sifrei 306:1's chain, the third of eleven)", ['heaven_and_earth_witness'])
==== cold_run_good_land.the_testimony sig ('case', 'data') (8580 chars) asks-in-source ['hearken_plural', 'i_testify', 'if_you_forget', 'like_the_nations', 'other_gods_serve_bow', 'the_heel', 'the_readback_table', 'the_write']
def the_testimony(case, data):
        """F6 — Deut 8:19-20: if you surely forget (the case), other gods served and bowed (the second word by CALL — the order reversed), I TESTIFY — THE WRITE (4:26's effect reused), like the

  good_land.the_testimony({ask:hearken_plural})              ("hearken, plural (8:20) — 'the voice of the LORD your God' plural at the frame's close, the chapter's one plural of the phrase (the ten seats in the book); 'not hearken to the voice' 28:15, 45, 62 forward: the frame's close, a DATA note", 
  good_land.the_testimony({ask:i_testify})                   ("I testify against you this day (8:19) — 4:26's testimony at its second seat: heaven and earth the witnesses there, 'I' here (OH by CALL — the cell's effect heaven_and_earth_witness; the tape's witnesses_called found): the readback row VAR
  good_land.the_testimony({ask:if_you_forget})               ("if you surely forget (8:19) — the infinitive absolute, the forget-lemma's one such form in the Bible; the case token 'if' with 'and it shall be'; the Sifrei 48:8: 'a day you leave me, two days I leave you'; Onkelos doubles it: the case's 
  good_land.the_testimony({ask:like_the_nations})            ("like the nations (8:20) — 'like the nations which the LORD makes to perish before you, so shall you perish': the ban's nations (SN by CALL — the tape's nations_devoted found): the readback row TURNED — the measure for measure, Israel like
  good_land.the_testimony({ask:other_gods_serve_bow})        ("other gods, serve and bow (8:19) — the second word's clause with the order reversed (serve-then-bow at 8:19, 11:16, 17:3, 29:25; bow-then-serve at 4:19, 30:17 and the ten words — CH by CALL: the bower stoned, the block other_gods_barred s
  good_land.the_testimony({ask:the_heel})                    ("because (8:20) — the heel's second Deuteronomy seat (7:12 the first — SN by CALL; Genesis 22:18 and 26:5 Abraham's 'because you hearkened'): 'because you would not hearken to the voice of the LORD your God' — the heel turned against the h
  good_land.the_testimony({ask:the_readback_table})          ("the readback table — eighteen rows graded (VERBATIM 6, VARIANT 5, EXPANDED 4, TURNED 2, SUPPLIED 1); ten on the tape, seven in the kin's cells by CALL; the one SUPPLIED row the garment's; three holes named; no row open", ['accepted'])
  good_land.the_testimony({ask:the_write})                   ("the write (8:19-20) — the testimony's entry on Israel at the chapter's third line: 4:26's effect reused, no new effect", ['heaven_and_earth_witness'])
==== cold_run_blessing_and_curse.the_blessing_and_the_curse sig ('case', 'data') (24090 chars) asks-in-source ['forty_eight_covenants', 'gerizim_and_ebal', 'keep_to_do', 'possess_and_dwell', 'see_i_set_before_you', 'study_and_deed', 'the_blessing_if', 'the_ceremonys_day', 'the_ceremonys_form', 'the_ceremonys_tongue', 'the_curse_if', 'the_place_three_ways', 'the_samaritan_shechem']
def the_blessing_and_the_curse(case, data):
        """F5 — Deut 11:26-32 — THE CHAPTER'S LAW COMPILED: see, I set before you (11:26 — THE LINE blessing_and_curse_set writing the status); the blessing if (11:27); the curse i

  blessing_and_curse.the_blessing_and_the_curse({ask:forty_eight_covenants}) ("forty-eight covenants (11:26-29) — a general and a particular blessing and curse, to learn, to teach, to keep, to perform: four by four, sixteen by sixteen, three covenants each — forty-eight, and so on the plains of Moab (Tosefta Sotah 8
  blessing_and_curse.the_blessing_and_the_curse({ask:gerizim_and_ebal}) ("Gerizim and Ebal (11:29) — 'you shall set the blessing on Mount Gerizim and the curse on Mount Ebal': no tape line to reference (27:11-13 the form's seat ahead, Joshua 8:30-35 the run outside the tape): THE WRITE gerizim_ebal_ceremony_owe
  blessing_and_curse.the_blessing_and_the_curse({ask:keep_to_do}) ("keep to do (11:32) — 'keep to do all the statutes and the judgments which I set before you today' the one seat: 4:8's pair (OH.the_exhortation('righteous_statutes') by CALL — the cell names 11:32): the readback row VARIANT; 12:1 reopens t
  blessing_and_curse.the_blessing_and_the_curse({ask:possess_and_dwell}) ("possess and dwell (11:31) — 'and you shall possess it and dwell in it' the one seat: an act of acquisition (Kiddushin 26a:10 — possessed by dwelling); the dwelling weighed — all may force ascent, none removal, outside the Land as idolatry
  blessing_and_curse.the_blessing_and_the_curse({ask:see_i_set_before_you}) ("see, I set before you (11:26) — 7:12's conditional (hearing_blessed on the tape by kind) made a pair set before the people (the singular 'see' over the plural — the register's both; 30:15-20 the run forward): the readback row EXPANDED; TH
  blessing_and_curse.the_blessing_and_the_curse({ask:study_and_deed}) ("study and deed (11:13) — the loft at Lod: study is greater, for it leads to deed (Kiddushin 40b:8 — the Sifrei 41:12 at its Bavli seat); the Torah's precedence over the land laws counted on the clock (40b:9); the judgment and the reward b
  blessing_and_curse.the_blessing_and_the_curse({ask:the_blessing_if}) ("the blessing if (11:27) — 'the blessing, if you hearken' the pair's first arm: 7:12's conditional by CALL (SN.because_you_hear('covenant_kept')): the readback row VARIANT; the crossroads (the Sifrei 53:1); one commandment tilts the world 
  blessing_and_curse.the_blessing_and_the_curse({ask:the_ceremonys_day}) ("the ceremony's day (11:29-31) — the crossing's (Tosefta Sotah 8:1 — 27:2's 'on the day that you cross'; the Ark before the banners); the dispossession the crossing's condition (8:3 — 'for this you cross'); the writing on the stones or on 
  blessing_and_curse.the_blessing_and_the_curse({ask:the_ceremonys_form}) ("the ceremony's form (11:29) — six and six, the priests, the Levites and the Ark below, the blessing first and the Amen (Mishnah Sotah 7:5; Sotah 32a:11-13; Tosefta Sotah 8:7); the halves counted (36b:4-5); the Levites' placement disputed 
  blessing_and_curse.the_blessing_and_the_curse({ask:the_ceremonys_tongue}) ("the ceremony's tongue (11:29) — the holy tongue with a loud voice (Mishnah Sotah 7:2; Sotah 32a:6): 'speak and say' the source for others' Hebrew (32a:7-8, I2), the Levites' own from 'voice' / 'voice' with Exodus 19:19 (33a:14), the analo
  blessing_and_curse.the_blessing_and_the_curse({ask:the_curse_if}) ("the curse if (11:28) — 'turn aside from the way' 9:12's calf (NR by CALL), 'not hearken' 8:20's (GL.the_testimony by CALL), 'other gods whom you have not known' 13:3's phrase: the readback row VARIANT; idolatry the whole Torah's denial (t
  blessing_and_curse.the_blessing_and_the_curse({ask:the_place_three_ways}) ("the place three ways (11:30) — Shechem by the terebinths of Moreh (R. Yehuda, Sotah 33b:4-5), two mounds by the Jordan opposite Gilgal (R. Elazar, 33b:7-9), A ROUTE, NOT A PLACE (R. Eliezer ben Yaakov, 33b:10): gerizim_ebal_place's THREE 
  blessing_and_curse.the_blessing_and_the_curse({ask:the_samaritan_shechem}) ("the Samaritan Shechem (11:30) — 'the terebinths of Moreh' Abram's (Genesis 12:6 — journeyed 'the place of Shechem' on the tape by kind: the readback row VARIANT); the Samaritans' added 'Shechem' conceded and refuted by the analogy they do
==== cold_run_beha.march sig ('case', 'data') (6272 chars) asks-in-source ['ark_bearers', 'cloud_and_trumpets', 'clouds', 'date', 'day_stack', 'eighty_five', 'hobab', 'jethro_at_sinai', 'levites_places', 'order', 'princes_order', 'sanctuary_name', 'shekhinah_minimum', 'signs', 'spy_verb', 'three_days', 'year_turns']
def march(case, data):
        del P[:]
        ask = case['ask']
        if ask == 'date':
            ink('10:11', '"in the second year, in the second month, on the twentieth of the month" — ordinals %s, the day %s' % (DATE_ORD, DATE)

  beha.march({ask:ark_bearers})                              ('four bearers (two plurals)', ['charge_kept'])
  beha.march({ask:cloud_and_trumpets})                       ('both kept — the cloud and the trumpets', ['arrayed_by_banners'])
  beha.march({ask:clouds})                                   ('seven clouds (Sifrei); 13 / 4 / 2 the other settings', ['arrayed_by_banners'])
  beha.march({ask:date})                                     ('(2, 2, 20) — the twentieth of Iyar, year two; the year does not turn in Iyar', ['arrayed_by_banners'])
  beha.march({ask:day_stack})                                ('the march (2, 2, 20); the three days to the twenty-third; Hazeroth on the twenty-second of Sivan; Paran on the twenty-ninth', ['arrayed_by_banners'])
  beha.march({ask:eighty_five})                              ('85 letters — the measure of a scroll (Mishnah Yadayim 3:5)', ['arrayed_by_banners'])
  beha.march({ask:hobab})                                    ('asked, refused, asked again — the answer not in the ink (Judg 1:16)', ['plea_made'])
  beha.march({ask:jethro_at_sinai})                          ('before the giving (R. Yehoshua); after (R. Elazar HaModai)', ['plea_made'])
  beha.march({ask:levites_places})                           ('Gershon and Merari after Judah bearing the tabernacle; Kohath after Reuben bearing the sanctuary — set up before their coming', ['charge_kept'])
  beha.march({ask:order})                                    ('judah, reuben, the tent in the midst, ephraim, dan — as they camp so they journey', ['arrayed_by_banners'])
  beha.march({ask:princes_order})                            ("the camp's order a third time — 2 = 7 = 10", ['arrayed_by_banners'])
  beha.march({ask:sanctuary_name})                           ("10:21's sanctuary is the ark and the vessels; the Tabernacle's name from Exod 25:8", ['charge_kept'])
  beha.march({ask:shekhinah_minimum})                        ("22,000 — the plurals' minimum (the shelf's datum; no numeral on the ink)", ['arrayed_by_banners'])
  beha.march({ask:signs})                                    ('a book in itself (Rebbi) / to separate the two punishments (R. Shimon b. Gamliel)', ['arrayed_by_banners'])
  beha.march({ask:spy_verb})                                 ("the ark's verb is the spies' verb — eight seats", ['journey_of_three_days'])
  beha.march({ask:three_days})                               ("three days' journey — the timer; that very day they turned (the first punishment)", ['journey_of_three_days'])
  beha.march({ask:year_turns})                               ('not in Iyar — Nisan and Iyar in one year', ['arrayed_by_banners'])
==== cold_run_borders.the_land_and_its_fall sig ('case', 'data') (4792 chars) asks-in-source ['as_an_inheritance', 'by_its_borders', 'shall_fall', 'the_command', 'the_frame', 'the_land_bound_rule', 'the_land_canaan', 'this_is_the_land', 'when_you_come']
def the_land_and_its_fall(case, data):
        del P[:]
        ask = case['ask']
        if ask == 'the_command':
            ink('34:2', '"command the children of Israel" — %s: THE FIVE TORAH SEATS' % COMMAND)
            move('Sifrei Bam

  borders.the_land_and_its_fall({ask:as_an_inheritance})     ("as an inheritance (34:2) — three Torah seats: 26:53, 34:2, 36:2, all the land's", ['accepted'])
  borders.the_land_and_its_fall({ask:by_its_borders})        ('by its borders (34:2, 34:12) — the inclusio; Joshua 18:20 and 19:49 the closers; the border-word sixteen times: ONE STATUS ON THE LAND', ['borders_declared'])
  borders.the_land_and_its_fall({ask:shall_fall})            ("that shall fall to you as an inheritance (34:2) — the lot's verb at its one Torah seat with the inheritance; Onkelos 'be divided'; the lot's debit by CALL, cited", ['accepted'])
  borders.the_land_and_its_fall({ask:the_command})           ("command the children of Israel (34:2) — five Torah seats, the Sifrei's five; the one command without expense (Sifrei 1:2)", ['accepted'])
  borders.the_land_and_its_fall({ask:the_frame})             ("and the LORD spoke to Moses, saying (34:1, 34:16) — two divine frames with Moses' command between them; 35:1 adds the plains of Moab", ['accepted'])
  borders.the_land_and_its_fall({ask:the_land_bound_rule})   ("the borders' legal reach — an obligation of the land inside the border, of the body everywhere (Mishnah Kiddushin 1:9; 37a:3-6): a data row, the classing Deuteronomy's", ['accepted'])
  borders.the_land_and_its_fall({ask:the_land_canaan})       ("the land of Canaan (34:2) read as a title claim (Sanhedrin 91a:6) — the tape's answer canaan's status since Genesis 9:25", ['accepted'])
  borders.the_land_and_its_fall({ask:this_is_the_land})      ('this is the land — 34:2 and 34:13, Deuteronomy 34:4 from Nebo, Joshua 13:2, Ezekiel 48:29', ['accepted'])
  borders.the_land_and_its_fall({ask:when_you_come})         ("when you are coming into the land Canaan (34:2) — the article on the land, none on the name; 33:51's entry clause by CALL", ['accepted'])
==== TC cells: ['bavli', 'cascade', 'cell', 'count', 'covenant', 'entry_gate', 'has', 'has_run', 'jubilee_count', 'law_tochacha', 'measures', 'recovery', 'releases_due', 'sabbath_debt', 'scaling', 'scene', 'seventy_timer', 'sifra', 'strip', 'toks']
    covenant sig ('walk_in_statutes', 'keep_commandments', 'do_them') | cascade sig ('refusals',)
TC.covenant(True, True, True)                                {'v': 'blessing', 'p': 'INK', 'why': 'אם בחקתי תלכו ואת מצותי תשמרו ועשיתם אתם (26:3) — the three predicates; 26:4-13 the blessing', 'fx': ['covenant_upheld']}
TC.cascade(0)                                                {'stage': {'v': 1, 'p': 'INK', 'why': 'gate at 26:14 — the first "and if" that opens a block', 'fx': ['—']}, 'multiplier': {'v': 1, 'p': 'INK', 'why': 'שבע על חטאתיכם (seven for your sins) at 26:— — no seven token in the first block', 'fx': ['—']}, 'span': {'v': (16, 17), 'p': 'INK', 'why': 'the sanction block between this gate and the next', 'fx': ['—']}, 'warned_first': {'v': True, 'p': 'INK', '
==== TM cells: ['cell', 'consecrate', 'count', 'devote', 'fifth_census', 'firstborn_trick', 'law_temurah', 'load', 'redeem', 'scene', 'strip', 'substitute', 'tithe', 'toks']
==== cold_run_temurah.law_temurah sig ('event', 'world') (4783 chars) asks-in-source []
def law_temurah(event, world):
        """Lev 27:9-15, 26-33 (cold_run_temurah.py — consecrate, substitute, redeem, fifth_census, devote, tithe, firstborn_trick): t

==== cold_run_temurah.scene sig () (4739 chars) asks-in-source []
def scene():
        """THE SCENE — Temurah 1-7, Arakhin 8, Bekhorot 9 and the Sifra's rows replayed on the world engine (clock unit: days)."""
        with _ctx5.redir

==== cold_run_temurah.substitute sig ('case',) (4739 chars) asks-in-source []
def substitute(case, **k):
        if case == 'attempted':
            return cell('both_holy', I, 'לא יחליפנו ולא ימיר אתו (he shall not exchange it nor substitute it)

==== cold_run_temurah.tithe sig ('case',) (2908 chars) asks-in-source []
def tithe(case):
        if case == 'procedure':
            return cell('counted_under_the_rod_the_tenth_holy', I, 'כל אשר יעבר תחת השבט העשירי יהיה קדש (all that '
      

sanctions cells                                              ['adultery', 'anytok', 'beast', 'blood', 'burned_nine', 'burning_scope', 'carcass', 'cell', 'census', 'covering', 'cowives', 'curser', 'double_count', 'frame', 'from_paternal_brother', 'fx_of', 'grade', 'has', 'law_sanctions', 'levirate', 'load', 'locate20', 'mode', 'molech', 'mrow', 'names', 'nverses', 'outside', 'ov', 'phrase', 'platform', 'read_sanction', 'sanction', 'scene', 'seats', 'severity', 'strip', 'three_are_one', 'toks', 'unions_misc']
sanctions DATA keys                                          []
korach cells                                                 ['N', 'clause', 'dat', 'ink', 'law_korach', 'move', 'narrative', 'out', 'plague_and_staffs', 'rebellion', 'scene', 'seats_of', 'seats_of_stem', 'strip', 'the_gifts', 'the_tithe', 'the_watch', 'verse_text']
korach DATA keys                                             ['korach_death_mode', 'korach_share', 'earth_mouth', 'sons_of_korach', 'dispute_not_for_heaven', 'maintaining_a_dispute', 'wives', 'incense_stays_plague', 'staff_hidden_with', 'levite_at_another_work', 'zar_who_served', 'genealogy_chamber', 'the_twenty_four', 'betrothed_eats', 'terumah_measure', 'devotion_default', 'redemption_means', 'one_spilling', 'exclusion_table', 'tithe_recipient', 'tithe_thresholds', 'one_in_a_hundred', 'levite_wage_condition', 'every_place', 'firstborn_threshold', 'redeeming_lamb', 'lamb_responsibility', 'donkey_timing', 'raise_before_giving', 'firstborn_eaters', 'watch_places', 'lots', 'three_crowns', 'most_holy_portion_use', 'doubtful_terumah_watch', 'devotion_by_p
seven_nations cells                                          ['DIFF', 'LEMT', 'LEMV', 'LEN', 'MARKS', 'N', 'NF', 'P', 'PT', 'SHARED', 'S_', 'U', 'W7', 'because_you_hear', 'dat', 'do_not_fear', 'hits', 'hyp', 'ink', 'law_seven_nations', 'lemma_of', 'morphs', 'move', 'narrative', 'out', 'phrase', 'plain', 'pointed', 'rb', 'scene', 'the_faithful_god', 'the_holy_people', 'the_images_and_the_devoted', 'the_seven_nations', 'verse_text', 'wm', 'words']
seven_nations DATA keys                                      ['the_readback', 'the_devotings', 'the_three_readings_of_favor', 'the_shittim_exhibit', 'the_renaming', 'the_fewest', 'the_supplied_doctrine', 'the_written_read_pair', 'the_heel', 'the_blessing_list', 'the_name_from_under_heaven', 'the_two_lemmas', 'the_abomination_seats', 'the_morph_tag', 'the_eleven_uncited', 'the_credits', 'the_calfs_agency', 'the_bans_condition', 'the_pitys_row']
erection cells                                               ['E', 'align', 'anytok', 'ascent', 'bag', 'blood_covenant', 'build', 'calf', 'cell', 'cloud', 'command', 'covenant', 'craftsmen', 'delta', 'donation', 'execution', 'first_in', 'fmt', 'fmt2', 'has', 'initiations', 'jac', 'law_erection', 'load', 'mrow', 'nations', 'norm', 'phrase', 'presence', 'raw', 'repeats', 'scene', 'scene_counts_w6', 'scene_counts_w7', 'seats', 'shares', 'strip', 'tablets', 'tanakh', 'tanakh_any', 'tanakh_phrase', 'toks', 'torah', 'torah_phrase']
erection DATA keys                                           []
ordinances cells                                             ['altar', 'anytok', 'capital', 'cell', 'courts', 'firstling', 'gifts', 'has', 'land', 'law_ordinances', 'load', 'loan', 'mrow', 'scene', 'seats', 'stranger', 'strip', 'tanakh', 'tanakh_phrase', 'toks', 'torn']
ordinances DATA keys                                         []
journeys cells                                               ['aarons_death_retold', 'dat', 'hyp', 'ink', 'law_journeys', 'lemma_seats', 'move', 'narrative', 'out', 'rx', 'scene', 'seats', 'strip', 'the_command', 'the_departure', 'the_heading_and_the_writing', 'the_stations', 'tok', 'verse_text', 'words']
journeys DATA keys                                           ['the_stations', 'the_four_writings', 'the_morrow_of_the_passover', 'the_judgments_on_the_gods', 'the_deuteronomy_order', 'arads_hearing', 'aarons_age', 'the_death_date', 'the_eras_stamps', 'the_camps_extent', 'the_three_objects', 'the_lot_restated', 'negative_arm_outcome']
pre_sinai cells                                              ['G', 'T', 'anytok', 'bagt', 'build', 'cell', 'circumcision', 'cnt', 'covenant', 'creation', 'day_boundary', 'delta', 'fmt', 'fmt2', 'has', 'jact', 'law_pre_sinai', 'load', 'mrow', 'noahide', 'norm', 'phrase', 'raw', 'sabbath', 'scene', 'seats', 'strip', 'tanakh', 'tanakh_any', 'tanakh_phrase', 'toks', 'torah', 'verdict']
pre_sinai DATA keys                                          []
calendar cells                                               ['dat', 'first_fruits', 'fn', 'ink', 'kid_in_milk', 'law_calendar', 'matzah', 'move', 'offering_windows', 'out', 'pilgrimage', 'sabbatical', 'scene', 'strip', 'verse_text', 'weekly_rest']
calendar DATA keys                                           []
shemini_day cells                                            ['anyprefix', 'anytok', 'calf', 'cell', 'day', 'eras', 'fire', 'has', 'law_eighth_day', 'load', 'mrow', 'order', 'peace', 'people', 'phrase', 'ram', 'scene', 'scene_cell', 'seats', 'strip', 'tanakh', 'tanakh_phrase', 'toks']
shemini_day DATA keys                                        []
tochacha cells                                               ['bavli', 'cascade', 'cell', 'count', 'covenant', 'entry_gate', 'has', 'has_run', 'jubilee_count', 'law_tochacha', 'measures', 'recovery', 'releases_due', 'sabbath_debt', 'scaling', 'scene', 'seventy_timer', 'sifra', 'strip', 'toks']
tochacha DATA keys                                           []
covenant_at_horeb cells                                      ['DIFF', 'LEMT', 'LEMV', 'LEN', 'NF', 'P', 'PT', 'SHARED', 'S_', 'U', 'W5', 'dat', 'hits', 'hyp', 'ink', 'law_covenant_at_horeb', 'lemma_of', 'letters', 'lr', 'morphs', 'move', 'narrative', 'out', 'phrase', 'plain', 'pointed', 'rb', 'scene', 'the_answer_and_the_charge', 'the_assembly_called', 'the_first_tablet', 'the_second_tablet', 'the_second_word', 'the_tenth_word', 'the_voice_and_the_request', 'verse_text', 'wm', 'words']
covenant_at_horeb DATA keys                                  ['the_readback', 'the_second_word', 'the_visiting', 'the_no_image_list', 'the_tenth_word', 'the_sabbath_grounds', 'the_ninth_word', 'keep_and_remember', 'the_reward_clause', 'the_honor_by_call', 'the_receipts', 'the_two_copies', 'the_second_hole', 'the_export_division', 'the_mediator', 'the_return_to_tents', 'the_charge_to_teach', 'the_face_in_face', 'the_fathers_and_us', 'the_hear_and_do']
hear_o_israel cells                                          ['DIFF', 'LEMT', 'LEMV', 'LEN', 'MARKS', 'NF', 'P', 'PT', 'SHARED', 'S_', 'U', 'W6', 'dat', 'hits', 'hyp', 'ink', 'law_hear_o_israel', 'lemma_of', 'morphs', 'move', 'narrative', 'out', 'phrase', 'plain', 'pointed', 'rb', 'scene', 'the_creed', 'the_four_duties', 'the_gift_and_the_warning', 'the_header', 'the_sons_question', 'the_test_and_the_right', 'verse_text', 'wm', 'words']
hear_o_israel DATA keys                                      ['the_readback', 'the_large_letters', 'the_spellings', 'the_two_sets', 'the_recitation_times', 'the_postures', 'the_exemptions', 'the_passages_order', 'the_tefillin_table', 'the_mezuzah_table', 'the_seven', 'the_list', 'the_oath_by_the_name', 'the_abutter', 'the_four_sons', 'the_receipt_without_the_name', 'the_creed_terms', 'the_files_diverge']
obey_horeb cells                                             ['DIFF', 'LEMT', 'LEMV', 'LEN', 'NF', 'P', 'PT', 'SHARED', 'S_', 'U', 'W4', 'dat', 'hits', 'horeb_retold', 'hyp', 'ink', 'law_obey_horeb', 'lemma_of', 'morphs', 'move', 'narrative', 'no_image', 'out', 'phrase', 'plain', 'pointed', 'rb', 'scene', 'the_cities_and_the_frame', 'the_exhortation', 'the_exile_case', 'the_one_god', 'verse_text', 'wm', 'words']
obey_horeb DATA keys                                         ['the_readback', 'the_law_bal_tosif', 'the_teach_your_sons', 'the_horeb_hole', 'the_ten_words_seats', 'the_tablets_plene', 'the_no_image_list', 'the_host_apportioned', 'the_bars_third_telling', 'the_exile_case', 'the_witnesses_chain', 'the_creed', 'the_inquiry_limits', 'the_instruments', 'the_three_cities', 'the_manslayer_definition', 'the_second_frame', 'the_number_switching', 'the_export_chapter_5']
good_land cells                                              ['DIFF', 'LEMT', 'LEMV', 'LEN', 'MARKS', 'N', 'NF', 'P', 'PT', 'SEAT', 'SHARED', 'S_', 'U', 'W8', 'dat', 'hits', 'hyp', 'ink', 'law_good_land', 'ledger_scan', 'lemma_of', 'morphs', 'move', 'narrative', 'out', 'phrase', 'plain', 'pointed', 'rb', 'receipt_seats', 'scene', 'take_heed_lest_you_forget', 'the_chain_and_the_covenant', 'the_frame', 'the_good_land', 'the_testimony', 'the_way_of_forty_years', 'verse_text', 'wm', 'words']
good_land DATA keys                                          ['the_readback', 'not_by_bread_alone', 'the_garment_and_the_foot', 'honey_without_milk', 'the_seven_species_seat', 'the_measures_seat', 'the_kings_law_tokens', 'my_power_my_hand', 'the_written_read_pair', 'the_interrogative_he', 'the_two_rocks', 'the_serve_bow_order', 'the_ten_uncited', 'the_credits', 'the_grace_conditional', 'the_four_blessings', 'the_blessing_before', 'the_heart_lifted']
blessing_and_curse cells                                     ['D11', 'DATE', 'DAY', 'DIFF', 'FOUND', 'LEMT', 'LEMV', 'LEN', 'MARKS', 'N', 'NF', 'P', 'PT', 'SEAT', 'SH', 'SHARED', 'SHN', 'S_', 'U', 'W11', 'dat', 'effect_scan', 'hits', 'hyp', 'ink', 'law_blessing_and_curse', 'ledger_scan', 'lemma_of', 'morphs', 'move', 'narrative', 'out', 'phrase', 'plain', 'pointed', 'rb', 'scene', 'the_blessing_and_the_curse', 'the_borders_and_the_dread', 'the_discipline_retold', 'the_land_watered_by_heaven', 'the_readback', 'the_second_paragraph', 'verse_text', 'wm', 'words']
blessing_and_curse DATA keys                                 ['the_readback', 'the_counter_and_the_parameters', 'rain_dates', 'gerizim_ebal_place', 'korah_unnamed_twice', 'every_living_thing_three_seats', 'the_two_named_rains_added', 'the_frontlets_three_spellings', 'the_doorposts_two_plurals', 'the_receipts_fourth_shape', 'the_borders_four_extents', 'the_returners_line', 'gilgal_one_seat', 'moses_unnamed', 'no_number_verse', 'joshuas_receipts', 'the_portion_edge', 'the_open_debits_nine_to_ten', 'the_shuttings_value_and_threshold', 'the_shuttings_causes', 'the_cattle_first_rule', 'the_pointers_two_teachers', 'the_ceremonys_day_tongue_count', 'the_dispossession_the_crossings_condition', 'the_samaritan_variant', 'the_rains_source_a_dispute', 'the_empty_
beha cells                                                   ['N', 'dat', 'ink', 'lamps', 'law_beha', 'levites_rite', 'march', 'miriam', 'move', 'narrative', 'out', 'prince_of', 'raw_words', 'scene', 'seventy_elders', 'strip', 'taberah_and_quail', 'trumpets', 'verse_text']
beha DATA keys                                               ['lamps_geometry', 'lampstand_material', 'trumpet_material', 'trumpet_scope', 'levite_age', 'bull_age', 'blast_unit', 'teruah_form', 'blast_count_at_journeys', 'oppression_scope', 'temple_blasts', 'blasts_per_musaf', 'pestilence_threshold', 'seven_clouds', 'shekhinah_minimum', 'jethro_at_sinai', 'spies_sent_day', 'fire_at_the_edge', 'fish_for_nothing', 'five_foods', 'manna_taste_word', 'wilderness_meat', 'spread_or_slaughtered', 'sanhedrin_size', 'lots_mechanism', 'eldad_medad_prophecy', 'continued', 'restrain_them', 'descents', 'aaron_struck', 'who_declared_miriam', 'short_prayer_bounds', 'dayo', 'month_of_days']
borders cells                                                ['NF', 'dat', 'hyp', 'ink', 'law_borders', 'lemma_seats', 'moses_restatement', 'move', 'narrative', 'out', 'rx', 'scene', 'seats', 'strip', 'the_dividers', 'the_four_sides', 'the_land_and_its_fall', 'the_roster', 'tok', 'verse_text', 'words']
borders DATA keys                                            ['the_four_sides', 'the_two_mount_hors', 'the_promised_extents', 'ezekiels_order', 'the_sea_as_border', 'the_jordan_as_border', 'the_three_lands', 'the_land_bound_rule', 'the_nine_and_a_half', 'the_relay_form', 'the_distributive_doubling', 'the_princes_as_agents', 'the_seventy_one', 'the_roster', 'the_roster_order']
temurah cells                                                ['cell', 'consecrate', 'count', 'devote', 'fifth_census', 'firstborn_trick', 'law_temurah', 'load', 'redeem', 'scene', 'strip', 'substitute', 'tithe', 'toks']
temurah DATA keys                                            []
==== THE TAPE'S LINES (kind | subject | first verse | the source head | the line's other fields):
  limb_barred                    noah               ('Gen', 9, 4) Gen 9:4                                                      {}
  erected                        the-tabernacle     ('Exod', 40, 17) Exod 40:17-18                                                {'law': '14'}
  gifts_granted                  aaron              ('Num', 18, 8) Num 18:8-19 — and the LORD spoke to Aaron: and I, behold, I  {'gifts': 24, 'salt': True}
  portion_declared               the-levites        ('Num', 18, 20) Num 18:20-24 — and the LORD said to Aaron: in their land you {'portion': 'I am your portion and your inheritance', 'tithe': 'all the tithe in Israel', 'condition': 'in exchange for their service'}
  tithe_of_the_tithe_commanded   the-levites        ('Num', 18, 25) Num 18:25-32 — and the LORD spoke to Moses saying: and to th {'fraction': '1/100', 'reckoned_as': "'the grain from the threshing floor and the fullness of the winepress'", 'the_best': True}
  dispossession_commanded        israel             ('Num', 33, 50) Num 33:50-56 — and the LORD spoke to Moses in the plains of  {'objects': ['figured_stones', 'molten_images', 'high_places'], 'lot': True, 'negative_arm': True, 'frame': 'and the LORD spoke to Moses in the plains of Moab'}
  nations_devoted                israel             ('Deut', 7, 1) Deut 7:1-5 — when the LORD your God brings you into the land {'nations': "['the Hittite', 'the Girgashite', 'the Amorite', 'the Canaanite', 'the", 'objects': ['altars', 'pillars', 'Asherim', 'graven images']}
  hearing_blessed                israel             ('Deut', 7, 12) Deut 7:12-16 — and it shall be, because you hear these judgm {'condition': 'because you hear these judgments and keep and do them (7:12)', 'blessings': "['love, blessing, increase (7:13)', 'no barren (7:14)', 'sickness remo"}
  abomination_barred             israel             ('Deut', 7, 25) Deut 7:25-26 — the graven images of their gods you shall bur {'objects': ['the graven images burned', 'the silver and gold not coveted'], 'devoted': "'the abomination not into your house, lest you become devoted like it "}
  perishing_testified            israel             ('Deut', 8, 19) Deut 8:19-20 — and it shall be, if you surely forget the LOR {'case': "'if you surely forget the LORD your God and go after other gods (8:19)", 'testimony': 'I testify against you this day that you shall surely perish (8:19)'}
  second_paragraph_declared      israel             ('Deut', 11, 13) Deut 11:13-21 — and it shall be, if you hearken, hearken to  {'condition': "'if you hearken, hearken to My commandments … to love the LORD your Go", 'rain': "'the rain of your land in its season, the early rain and the late rain", 'duties': '"these My words on your heart, the sign, the frontlets, the teaching, '}
  blessing_and_curse_set         israel             ('Deut', 11, 26) Deut 11:26-32 — see, I set before you today a blessing and a {'the_pair': "'a blessing and a curse set before the people today — the blessing if ", 'the_place': "'the blessing on Mount Gerizim and the curse on Mount Ebal — beyond th"}
==== the tape's last Deuteronomy 11 lines (the new lines go after them):
==== the-land's and the Levites' ledgers on the one database (the kin the checkpoints count):
  high_places_banned           [('the-land', 14, 'Exod 40:17-18')]
  tithe_granted                [('the_levites', 7, 'Num 18:20-24 — and the LORD said to Aaron: in their land you shall not inherit, and you shall have no portion among them; I am your portion and your inheritance among the children of Israel; and to the sons of Levi, behold, I have given all the tithe in Israel for an inheritance in exchange for their service... among the children of Israel they shall inherit no inheritance')]
  inheritance_barred           [('aaron', 7, 'Num 18:20-24 — and the LORD said to Aaron: in their land you shall not inherit, and you shall have no portion among them; I am your portion and your inheritance among the children of Israel; and to the sons of Levi, behold, I have given all the tithe in Israel for an inheritance in exchange for their service... among the children of Israel they shall inherit no inheritance'), ('the_levites', 7, 'Num 18:20-24 — and the LORD said to Aaron: in their land you shall not inherit, and you shall have no portion among them; I am your portion and your inheritance among the children of Israel; and to the sons of Levi, behold, I have given all the tithe in Israel for an inheritance in exchange for their service... among the children of Israel they shall inherit no inheritance')]
  house_abomination_barred     [('israel_people', 6, 'Deut 7:25-26 — the graven images of their gods you shall burn with fire; you shall not covet the silver and gold on them and take it for yourself, lest you be snared by it, for it is an abomination to the LORD your God; and you shall not bring an abomination into your house, and become devoted like it: you shall utterly detest it and utterly abhor it, for it is devoted')]
  molten_image_barred          [('aaron', 7, 'Exod 32:4 — the molten calf made (not yet worshipped)')]
  shema_commanded              [('israel_people', 6, 'Deut 6:4-9 — hear, O Israel: the LORD our God, the LORD is one; and you shall love the LORD your God with all your heart and with all your soul and with all your might; and these words which I command you this day shall be upon your heart; and you shall teach them diligently to your sons and speak of them when you sit in your house and when you walk by the way and when you lie down and when you rise up; and you shall bind them for a sign upon your hand and they shall be for frontlets between your eyes; and you shall write them upon the doorposts of your house and upon your gates')]
  blessing_and_curse_set       [('israel_people', 4, 'Deut 11:26-32 — see, I set before you today a blessing and a curse: the blessing, if you hearken …; and the curse, if you do not hearken … you shall set the blessing on Mount Gerizim and the curse on Mount Ebal … and you shall possess it and dwell in it, and you shall keep to do all the statutes and the judgments which I set before you today')]
  blood_reckoned               []
  destroyed                    [('the_amorite', 12, 'Deut 2:34-35 — and we took all his cities at that time, and utterly destroyed every city, the men and the women and the little ones; we left none remaining; only the cattle we took for a prey to ourselves, with the spoil of the cities which we had taken'), ('the_king_of_arad', 7, 'Num 21:3 — and the LORD heard the voice of Israel and gave the Canaanite, and he devoted them and their cities; and he called the name of the place Hormah')]
