==== cold_run_obey_horeb.the_exhortation sig ('case', 'data') (9352 chars) asks-in-source ['add_beside', 'add_nothing', 'add_out_of_its_time', 'baal_peor_seen', 'diminish_nothing', 'god_so_near', 'hear_and_do', 'righteous_statutes', 'taught_as_commanded', 'the_cleaving', 'the_write', 'wisdom_before_the_peoples']
def the_exhortation(case, data):
        del P_[:]
        ask = case['ask']
        if ask == 'hear_and_do':
            ink('4:1', '"and now, Israel, hear the statutes and the judgments which I teach you, to do them, that you may live

  obey_horeb.the_exhortation({ask:add_beside})                   ('an addition placed beside (Sanhedrin 89a:2) — R. Zeira: the fifth compartment spoils the four even beside them; the transgression stands: accepted', ['accepted'])
  obey_horeb.the_exhortation({ask:add_nothing})                  ("you shall not add (4:2) — THE CHAPTER'S ONE LAW: a BLOCK on Israel (adding_barred); the exam's parameters — in its time without intent, out of its time with intent (Rava); an addition that spoils (the elder's fifth compartment)", ['accepted'])
  obey_horeb.the_exhortation({ask:add_out_of_its_time})          ('an addition out of its time (Rosh Hashanah 28b) — no intent, no transgression: the sleeper on the eighth day exempt', ['exempt'])
  obey_horeb.the_exhortation({ask:baal_peor_seen})               ("Baal-peor seen (4:3) — Numbers 25:3-9 READ BACK, SHORTENED: the yoking, the slaying and the plague's count in one clause (BK by CALL)", ['accepted'])
  obey_horeb.the_exhortation({ask:diminish_nothing})             ("nor diminish (4:2) — the pair's other arm: an omission where adding is an act (R. Yehoshua); 13:1 the second seat forward", ['accepted'])
  obey_horeb.the_exhortation({ask:god_so_near})                  ("God so near (4:7) — the plural adjective with the singular 'upon him' (Sanhedrin 38b); a community's sentence never sealed (Rosh Hashanah 18a)", ['accepted'])
  obey_horeb.the_exhortation({ask:hear_and_do})                  ("hear and do (4:1) — the exhortation's head: the singular imperative, the plural object; the teach-root's first seat", ['accepted'])
  obey_horeb.the_exhortation({ask:righteous_statutes})           ("righteous statutes (4:8) — the exhortation's close: the Torah set before them this day (11:32 the pair)", ['accepted'])
  obey_horeb.the_exhortation({ask:taught_as_commanded})          ("taught as commanded (4:5) — THE RECEIPT in Moses' own voice: the teaching's run of Exodus 24:12's command (ER by CALL); the register seat ACT; free teaching (Bekhorot 29a)", ['accepted'])
  obey_horeb.the_exhortation({ask:the_cleaving})                 ('you who cleave (4:4) — the survivors of Peor; cleaving to a consuming fire resolved as cleaving to the sages (the Sifrei 49:2; Ketubot 111b)', ['accepted'])
  obey_horeb.the_exhortation({ask:the_write})                    ("the write (4:1-8) — adding_barred on Israel: the one law's block; the receipt inside the line's source", ['adding_barred'])
  obey_horeb.the_exhortation({ask:wisdom_before_the_peoples})    ("your wisdom before the peoples (4:6) — the reckoning of the seasons (Shabbat 75a); Solomon's pair the kin", ['accepted'])
==== cold_run_covenant_at_horeb.the_second_word sig ('case', 'data') (5937 chars) asks-in-source ['bow_and_serve', 'in_its_way', 'no_image', 'no_other_gods', 'the_embracer', 'the_ketiv', 'the_visiting', 'the_write']
def the_second_word(case, data):
        del P_[:]
        ask = case['ask']
        if ask == 'no_other_gods':
            ink('5:7', '"you shall have no other gods before me" — %s the two copies verbatim; "other gods" %d Torah seats, 

  covenant_at_horeb.the_second_word({ask:bow_and_serve})         ("bow and serve (5:9) — the bower stoned: the second word's answer sheet (Mishnah Sanhedrin 7:6; the four services, Sanhedrin 60b); the mode by 17:5's juxtaposition", ['put_to_death'])
  covenant_at_horeb.the_second_word({ask:in_its_way})            ("in its way (5:9) — Peor's exposure, Markulis's stone: liable, the idol's own service (Mishnah Sanhedrin 7:6)", ['put_to_death'])
  covenant_at_horeb.the_second_word({ask:no_image})              ('no image (5:8) — the making barred; the no-image list of 4:16-19 the parameter table (OH by CALL); the images for study credited', ['accepted'])
  covenant_at_horeb.the_second_word({ask:no_other_gods})         ("no other gods before me (5:7) — the second word's head, compiled here: the block other_gods_barred on Israel at the giving's line", ['accepted'])
  covenant_at_horeb.the_second_word({ask:the_embracer})          ('the embracer (5:9) — a prohibition without death: the hugger, the kisser, the dresser exempt from the sanction (Mishnah Sanhedrin 7:6)', ['exempt'])
  covenant_at_horeb.the_second_word({ask:the_ketiv})             ("the ketiv (5:10) — 'his' written, 'my' read: a DATA note, no line", ['accepted'])
  covenant_at_horeb.the_second_word({ask:the_visiting})          ("the visiting (5:9-10) — the generations and the thousands a DATA row: when they hold their fathers' deeds (Berakhot 7a); revoked by Ezekiel (Makkot 24a)", ['accepted'])
  covenant_at_horeb.the_second_word({ask:the_write})             ("the write (5:7-10) — other_gods_barred on Israel: the code's hole filled at the code's own line", ['other_gods_barred'])
==== cold_run_covenant_at_horeb.the_first_tablet sig ('case', 'data') (6148 chars) asks-in-source ['keep_and_remember', 'the_first_word', 'the_fourth_word', 'the_ox_and_the_ass', 'the_receipt_5_12', 'the_second_word_row', 'the_servants_rest', 'the_third_word', 'the_two_grounds']
def the_first_tablet(case, data):
        del P_[:]
        ask = case['ask']
        if ask == 'the_first_word':
            r = _row(6)
            ink('5:6', '"I am the LORD your God, who brought you out of the land of Egypt, out of the 

  covenant_at_horeb.the_first_tablet({ask:keep_and_remember})    ("keep and remember (5:12) — one utterance: the diff's first word the tradition's exhibit; women's kiddush (Berakhot 20b)", ['accepted'])
  covenant_at_horeb.the_first_tablet({ask:the_first_word})       ("the first word (5:6) — VERBATIM; NO CELL: a declaration heard from the Almighty's mouth", ['accepted'])
  covenant_at_horeb.the_first_tablet({ask:the_fourth_word})      ('the fourth word (5:12-15) — EXPANDED, VERBATIM, EXPANDED, TURNED: decalogue.sabbath_clauses by CALL', ['accepted'])
  covenant_at_horeb.the_first_tablet({ask:the_ox_and_the_ass})   ('the ox and the ass (5:14) — every animal by the verbal analogy: the expansion read by the tradition itself (Bava Kamma 54b)', ['accepted'])
  covenant_at_horeb.the_first_tablet({ask:the_receipt_5_12})     ('the receipt at 5:12 — a run citation of the giving (the ink) read as Marah (the teacher): the seat CHAPTER', ['accepted'])
  covenant_at_horeb.the_first_tablet({ask:the_second_word_row})  ('the second word (5:7-10) — VERBATIM, VARIANT, VARIANT, VARIANT: the cell F2 (compiled here)', ['accepted'])
  covenant_at_horeb.the_first_tablet({ask:the_servants_rest})    ("the servants' rest (5:14) — the circumcised slave and the righteous convert (Yevamot 48b); the analogy's limit (Bava Kamma 54b)", ['accepted'])
  covenant_at_horeb.the_first_tablet({ask:the_third_word})       ('the third word (5:11) — VERBATIM: decalogue.vain_name by CALL (the vain oath lashed; Mishnah Shevuot 3:8-9)', ['accepted'])
  covenant_at_horeb.the_first_tablet({ask:the_two_grounds})      ('the two grounds (5:15) — the creation (20:11, PS by CALL) and the exodus: a DATA row; the readback row TURNED', ['accepted'])
==== cold_run_hear_o_israel.the_test_and_the_right sig ('case', 'data') (4106 chars) asks-in-source ['surely_keep', 'the_right_and_the_good', 'the_write', 'thrust_out_enemies', 'you_shall_not_test']
def the_test_and_the_right(case, data):
        """F5 — Deut 6:16-19: you shall not test (Massah — a run citation by name; the write test_barred); surely keep; the right and the good; thrust out"""
        del P_[:]
        ask = ca

  hear_o_israel.the_test_and_the_right({ask:surely_keep})        ("surely keep (6:17) — the infinitive absolute (the book's three); the testimonies' three seats with 4:45's header (OH by CALL): no write", ['accepted'])
  hear_o_israel.the_test_and_the_right({ask:the_right_and_the_good}) ("the right and the good (6:18) — the abutter's rule (Bava Metzia 108a): the buyer of the adjoining field yields to the neighbor", ['accepted'])
  hear_o_israel.the_test_and_the_right({ask:the_write})          ("the write (6:16-19) — test_barred on Israel: the block at the chapter's second line", ['test_barred'])
  hear_o_israel.the_test_and_the_right({ask:thrust_out_enemies}) ("thrust out (6:19) — the enemies thrust out 'as the LORD has spoken': 9:4 forward, the manslayer's verb: a DATA note", ['accepted'])
  hear_o_israel.the_test_and_the_right({ask:you_shall_not_test}) ("you shall not test (6:16) — Massah the tape's named line (Exodus 17:7), a run citation by name; the ten trials (Arakhin 15a; ES by CALL): the block test_barred on Israel", ['accepted'])
==== cold_run_hear_o_israel.the_four_duties sig ('case', 'data') (12759 chars) asks-in-source ['daughters_exempt', 'mezuzah_doorpost', 'mezuzah_gates', 'mezuzah_writing', 'recite_how', 'recite_when', 'recite_who', 'teach_your_sons', 'tefillin_arm', 'tefillin_compartments', 'tefillin_head', 'tefillin_order', 'tefillin_passages', 'the_passages', 'the_seven', 'the_write']
def the_four_duties(case, data):
        """F3 — Deut 6:6-9: THE FOUR DUTIES compiled for the first time — the recitation (times, postures, who, the passages), the teaching, the tefillin, the mezuzah; the write shema_command

  hear_o_israel.the_four_duties({ask:daughters_exempt})          ("the daughters (6:7) — 'your sons', not your daughters: the daughter EXEMPT from the teaching (Kiddushin 29b, 34a)", ['exempt'])
  hear_o_israel.the_four_duties({ask:mezuzah_doorpost})          ('the doorpost (6:9) — one post, the right as one enters, the upper third (Menachot 33a-34a; the Sifrei 36:3-5)', ['accepted'])
  hear_o_israel.the_four_duties({ask:mezuzah_gates})             ("the gates (6:9) — the dwelling's, not the bathhouse's (Yoma 11a; the Sifrei 36:6-8): the bathhouse owner EXEMPT", ['exempt'])
  hear_o_israel.the_four_duties({ask:mezuzah_writing})           ("the mezuzah's writing (6:9) — a scroll in ink with perfect letters, not the stones (Menachot 34a; Shabbat 103b; the Sifrei 36:1-2): the scroll-writer holds", ['accepted'])
  hear_o_israel.the_four_duties({ask:recite_how})                ('how to recite (6:7) — in his way (Hillel: the times, not the postures; R. Tarfon rebuked, Mishnah Berakhot 1:3): the reader by the road holds', ['accepted'])
  hear_o_israel.the_four_duties({ask:recite_when})               ("when to recite (6:7) — the evening from the priests' entering, the morning from blue against white: the times' table (Mishnah Berakhot 1:1-2; Berakhot 2a-2b) — the priest entering to eat his terumah begins it", ['accepted'])
  hear_o_israel.the_four_duties({ask:recite_who})                ("who recites (6:7) — the bridegroom EXEMPT the first night (Mishnah Berakhot 2:5; Berakhot 16a); the mourner, women, slaves and minors the table's other rows", ['exempt'])
  hear_o_israel.the_four_duties({ask:teach_your_sons})           ("teach your sons (6:7) — the father's duty to teach Torah, the disciples 'sons' (the Sifrei 34:1; Kiddushin 29a-30b); sharp in the mouth (30a)", ['accepted'])
  hear_o_israel.the_four_duties({ask:tefillin_arm})              ("the arm (6:8) — the left, the weak hand (Menachot 36b-37a; the Sifrei 35:5-10); the left-handed on his right, the amputee's arm the table's row", ['accepted'])
  hear_o_israel.the_four_duties({ask:tefillin_compartments})     ('the compartments (6:8) — the hand one, the head FOUR: a PARAMETER (the Sifrei 35:3-4; Menachot 34b-35a; Sanhedrin 4b), its derivation from the spellings the open row (11:18 plene in the ink)', ['accepted'])
  hear_o_israel.the_four_duties({ask:tefillin_head})             ("the head (6:8) — the hairline, not between the eyes: the place of hair by 14:1's analogy (Menachot 37a-b; the Sifrei 35:12)", ['accepted'])
  hear_o_israel.the_four_duties({ask:tefillin_order})            ('the order (6:8) — the hand bound first, the head removed first (Menachot 36a; the Sifrei 35:11)', ['accepted'])
  hear_o_israel.the_four_duties({ask:tefillin_passages})         ("the tefillin's passages (6:8) — the four that say 'a sign upon your hand' (Menachot 3:7: each invalidates the others)", ['accepted'])
  hear_o_israel.the_four_duties({ask:the_passages})              ('the passages (6:6) — three recited in order (Mishnah Berakhot 2:2), four bound (Menachot 3:7); two sets with two members each way, the ten words in neither (the Sifrei 34:2-3)', ['accepted'])
  hear_o_israel.the_four_duties({ask:the_seven})                 ('the seven (6:8-9) — the head, the arm, four fringes, the mezuzah surround a man (Menachot 43b; the Sifrei 36:9): a DATA row', ['accepted'])
  hear_o_israel.the_four_duties({ask:the_write})                 ("the write (6:4-9) — shema_commanded on Israel: the four duties standing from the chapter's own line", ['shema_commanded'])
==== cold_run_hear_o_israel.the_creed sig ('case', 'data') (4444 chars) asks-in-source ['hear_o_israel', 'love_and_fear', 'the_lord_is_one', 'with_all_your_heart', 'with_all_your_might', 'with_all_your_soul']
def the_creed(case, data):
        """F2 — Deut 6:4-5: hear, O Israel; the LORD is one; with all your heart, soul and might; love and fear"""
        del P_[:]
        ask = case['ask']
        if ask == 'hear_o_israel':
            ink('6:

  hear_o_israel.the_creed({ask:hear_o_israel})                   ("hear, O Israel (6:4) — the creed's call: Jacob's sons' answer the first saying (Pesachim 56a); the four seats all this book's", ['accepted'])
  hear_o_israel.the_creed({ask:love_and_fear})                   ("love and fear (6:5) — 'you shall love' the creed's command after its call; the one who acts from love greater (Sotah 31a; the Sifrei 32:1)", ['accepted'])
  hear_o_israel.the_creed({ask:the_lord_is_one})                 ("the LORD is one (6:4) — the two seats of the pair (6:4, Zechariah 14:9); the numeral the parser's [1]; the large letters a parked hypothesis", ['accepted'])
  hear_o_israel.the_creed({ask:with_all_your_heart})             ("with all your heart (6:5) — the two inclinations (Mishnah Berakhot 9:5; the Sifrei 32:2-4); 4:29's kin (OH by CALL)", ['accepted'])
  hear_o_israel.the_creed({ask:with_all_your_might})             ("with all your might (6:5) — the Bible's one seat of the word: money, measure and thanks (9:5; the Sifrei 32:7); Onkelos 'your property'", ['accepted'])
  hear_o_israel.the_creed({ask:with_all_your_soul})              ("with all your soul (6:5) — even if he takes your soul: the martyr's clause (R. Akiva, Berakhot 61b; Sanhedrin 74a)", ['accepted'])
==== cold_run_seven_nations.because_you_hear sig ('case', 'data') (9307 chars) asks-in-source ['consume_no_pity', 'covenant_kept', 'no_barren', 'no_serving_snare', 'the_blessing_list', 'the_diseases', 'the_heel', 'the_write']
def because_you_hear(case, data):
        """F4 — Deut 7:12-16: because (the heel), the covenant kept and the blessings (the write blessings_for_hearing), no barren, the diseases turned, CONSUME WITHOUT PITY (the write pity_

  seven_nations.because_you_hear({ask:consume_no_pity})          ("consume without pity (7:16) — the code's hole compiled on the ink alone (no row on the shelf); 'consume' the war's spoil only — the robber of a gentile barred (Bava Kamma 113b): pity_barred on Israel", ['accepted'])
  seven_nations.because_you_hear({ask:covenant_kept})            ("the covenant kept (7:12) — 19:5's condition read back as 'because you hear', the covenant kept by God: the readback row VARIANT; blessings_for_hearing a conditional heaven entry on Israel", ['accepted'])
  seven_nations.because_you_hear({ask:no_barren})                ("no barren (7:14) — 23:26's clause verbatim in kind with the cattle added (OR by CALL): the readback row VERBATIM", ['accepted'])
  seven_nations.because_you_hear({ask:no_serving_snare})         ("no serving, a snare (7:16) — 23:33's snare restated (OR by CALL); the second word's block stands (CH by CALL), no second write: the readback row VARIANT", ['accepted'])
  seven_nations.because_you_hear({ask:the_blessing_list})        ("the blessing's list (7:13) — 23:25's bread and water expanded to womb, ground, grain, wine, oil, cattle and flock (OR by CALL): the readback row 7:13-15 EXPANDED; the flock's 'young' tagged a name in the DB", ['accepted'])
  seven_nations.because_you_hear({ask:the_diseases})             ("the diseases (7:15) — 15:26's healer's promise turned: the diseases of Egypt laid on those who hate you (ES by CALL; the tape's healer_promised found): the readback row TURNED", ['accepted'])
  seven_nations.because_you_hear({ask:the_heel})                 ("because (7:12) — the heel as a conjunction, 'in consequence of' at five seats; Onkelos 'in exchange for': the portion's name; a DATA row", ['accepted'])
  seven_nations.because_you_hear({ask:the_write})                ("the write (7:12-16) — the blessings' conditional entry and the pity's block on Israel at the chapter's second line", ['blessings_for_hearing', 'pity_barred'])
==== cold_run_seven_nations.the_seven_nations sig ('case', 'data') (14789 chars) asks-in-source ['no_covenant', 'no_favor', 'no_marriage', 'no_other_way', 'praise_of_the_creator', 'the_asherah_shade', 'the_asherah_wood', 'the_ban', 'the_bans_condition', 'the_child_follows_the_mother', 'the_four_objects', 'the_seven', 'the_write']
def the_seven_nations(case, data):
        """F1 — Deut 7:1-5: the seven counted, THE BAN (the code's hole — the debit open to Joshua), no covenant, NO FAVOR (the hole), no marriage both ways, the four objects; the writes"""

  seven_nations.the_seven_nations({ask:no_covenant})             ("no covenant (7:2) — 23:32's clause verbatim in kind (OR and ER by CALL): covenant_barred written here for the first time on the tape, the border block standing from the Moab giving", ['accepted'])
  seven_nations.the_seven_nations({ask:no_favor})                ("no favor (7:2) — the code's hole compiled: no land, no praise, no gift (Avodah Zarah 20a; Mishnah 1:8): the renter of a house to a gentile in the Land barred — favor_barred on Israel", ['accepted'])
  seven_nations.the_seven_nations({ask:no_marriage})             ("no marriage (7:3) — both directions barred where 34:16 barred one (ER by CALL); the betrothal with a gentile woman ineffective (Kiddushin 68b): the gentile woman's betrothed holds no betrothal — intermarriage_barred on Israel", ['accepted'])
  seven_nations.the_seven_nations({ask:no_other_way})            ('no other way (7:5) — one with no other way may pass beneath the Asherah ab initio (Avodah Zarah 48b:8): EXEMPT; an important person runs', ['exempt'])
  seven_nations.the_seven_nations({ask:praise_of_the_creator})   ('the praise of the Creator (7:2) — thanks to God for his creatures is not favor to the creature (Avodah Zarah 20a:11): the praiser who thanks the Creator EXEMPT', ['exempt'])
  seven_nations.the_seven_nations({ask:the_asherah_shade})       ("the Asherah's shade (7:5) — not sat in, even the shade of its shade (Mishnah 3:8; Avodah Zarah 48b): the sitter in the Asherah's shade barred", ['accepted'])
  seven_nations.the_seven_nations({ask:the_asherah_wood})        ("the Asherah's wood (7:5, 7:26) — used, its user is FLOGGED (Makkot 22a; Pesachim 48a): the wood-burner lashed; the redemption R. Eliezer's (Avodah Zarah 49b)", ['lashes'])
  seven_nations.the_seven_nations({ask:the_ban})                 ("the ban (7:2) — 'you shall utterly devote them': the code's hole compiled — a DEBIT on Israel open to Joshua; the east's devotings runs before the spec; the dispossession's debit referenced (JO by CALL), not doubled", ['accepted'])
  seven_nations.the_seven_nations({ask:the_bans_condition})      ("the ban's condition (7:2) — the Canaanite outside the Land, or who repents, is not devoted (Sotah 35b-36a; 20:16-18 and 21:10 forward): EXEMPT from the ban's debit", ['exempt'])
  seven_nations.the_seven_nations({ask:the_child_follows_the_mother}) ("the child follows the mother (7:3-4) — the gentile woman's son is hers, not yours (Kiddushin 68b; Yevamot 23a; Mishnah Kiddushin 3:12; ER by CALL): the gentile mother's son not his father's", ['accepted'])
  seven_nations.the_seven_nations({ask:the_four_objects})        ("the four objects (7:5) — four verbs where 34:13 had three, the images burned (ER and JO by CALL); the demolition a reference row against the dispossession's open debit; the shelf's order: fell, conquer, eradicate", ['accepted'])
  seven_nations.the_seven_nations({ask:the_seven})               ('the seven (7:1) — the list counted by its own verse: seven where every Exodus list has six, the Girgashite the seventh (ER by CALL); the readback row EXPANDED', ['accepted'])
  seven_nations.the_seven_nations({ask:the_write})               ("the write (7:1-5) — the ban's debit open to the run and the three border blocks on Israel at the chapter's first line", ['commanded', 'covenant_barred', 'favor_barred', 'intermarriage_barred'])
==== cold_run_seven_nations.the_images_and_the_devoted sig ('case', 'data') (12048 chars) asks-in-source ['abomination_to_the_lord', 'burn_the_images', 'devoted_like_it', 'into_your_house', 'lest_snared', 'not_covet_silver_gold', 'the_gentile_revokes', 'the_jew_bent_it', 'the_money_at_the_head', 'the_readback_table', 'the_write', 'utterly_detest']
def the_images_and_the_devoted(case, data):
        """F6 — Deut 7:25-26: the images burned, YOU SHALL NOT COVET the silver and gold (the tenth word's verb turned), lest snared, an abomination to the LORD, THE ABOMINATION IN

  seven_nations.the_images_and_the_devoted({ask:abomination_to_the_lord}) ("an abomination to the LORD (7:25) — the book's phrase at its first seat; the idol an abomination from its making (Avodah Zarah 52a): a DATA row", ['accepted'])
  seven_nations.the_images_and_the_devoted({ask:burn_the_images}) ("the images burned (7:25) — 'the graven images of their gods': a gentile's idol forbidden from its making (Avodah Zarah 52a; Mishnah 4:4 — ER by CALL); 7:5's clause said again with 12:3 forward", ['accepted'])
  seven_nations.the_images_and_the_devoted({ask:devoted_like_it}) ("devoted like it (7:26) — whatever you generate from the idol is like it: the exchange forbidden, the exchange's exchange disputed (Avodah Zarah 54b; Kiddushin 58a): the idol's exchanger holds nothing; the two lemmas a DATA row", ['accepted'])
  seven_nations.the_images_and_the_devoted({ask:into_your_house}) ("the abomination into the house (7:26) — the code's hole compiled: the renter for a residence barred, the wall withdrawn, a house bowed to forbidden (Mishnah 1:9, 3:6; Avodah Zarah 47b): house_abomination_barred on Israel", ['accepted'])
  seven_nations.the_images_and_the_devoted({ask:lest_snared})    ("lest snared (7:25) — 23:33's snare (OR by CALL); 'lest' a prohibition on the shelf (Avodah Zarah 51b:3): a DATA note", ['accepted'])
  seven_nations.the_images_and_the_devoted({ask:not_covet_silver_gold}) ("you shall not covet (7:25) — the tenth word's verb turned to the idols' silver and gold (CH by CALL; coveting_barred stands): the readback row TURNED; the decorative item the shelf's rule (Avodah Zarah 51b)", ['accepted'])
  seven_nations.the_images_and_the_devoted({ask:the_gentile_revokes}) ("the gentile revokes his idol (7:25) — 'the graven images of their gods' read 'the revoked of' (Avodah Zarah 52a; Mishnah 4:4-5): the gentile who cut its ear's tip holds; the Joshua-war idols stay forbidden", ['accepted'])
  seven_nations.the_images_and_the_devoted({ask:the_jew_bent_it}) ("the Jew who bent the idol (7:25) — not revoked, by Rava's decree lest he acquire it (Avodah Zarah 42a:12); a Jew's idol interred (52a:12): the rule holds against him", ['accepted'])
  seven_nations.the_images_and_the_devoted({ask:the_money_at_the_head}) ("the money at the idol's head (7:25) — permitted, not an ornament (Mishnah Avodah Zarah 4:2; 51b:13-14): the finder EXEMPT from the coveting's bar", ['exempt'])
  seven_nations.the_images_and_the_devoted({ask:the_readback_table}) ("the readback table — twenty-one rows graded (VERBATIM 4, VARIANT 5, EXPANDED 8, TURNED 3, SHORTENED 1); six on the tape, fifteen in the kin's cells by CALL; four holes compiled; no row open", ['accepted'])
  seven_nations.the_images_and_the_devoted({ask:the_write})      ("the write (7:25-26) — the abomination's block on Israel at the chapter's third line; the coveting's block stands unmoved", ['house_abomination_barred'])
  seven_nations.the_images_and_the_devoted({ask:utterly_detest}) ("utterly detest (7:26) — Leviticus 11:43's verb on the idol: the impurity of the idol's stones as a creeping animal's (Avodah Zarah 47b; SH by CALL); the Sifrei 61:7's renaming", ['accepted'])
==== cold_run_seven_nations.the_holy_people sig ('case', 'data') (5383 chars) asks-in-source ['brought_out_redeemed', 'chose_you', 'holy_people', 'the_fewest', 'the_oath']
def the_holy_people(case, data):
        """F2 — Deut 7:6-8: a holy people, the treasure, chose you, the fewest, the love and the oath, brought out and redeemed — the readback's rows 7:6, 7:8; no write"""
        del P_[:]
        a

  seven_nations.the_holy_people({ask:brought_out_redeemed})      ("brought out and redeemed (7:8) — the going out read back with the oath's reason (ES by CALL; the tape's brought_out found): the readback row EXPANDED; no write", ['accepted'])
  seven_nations.the_holy_people({ask:chose_you})                 ("chose you (7:6-7) — the choice of the people after 4:37's choice of the fathers' seed (OH by CALL); 'set his love' the captive's and Shechem's word", ['accepted'])
  seven_nations.the_holy_people({ask:holy_people})               ("a holy people (7:6) — 19:5-6's treasure and holy nation read back with 14:2 the pair; treasured_people stands (ES by CALL); the readback row EXPANDED", ['accepted'])
  seven_nations.the_holy_people({ask:the_fewest})                ("the fewest (7:7) — 'not because you were more': the humblest, on the shelf (Chullin 89a); Onkelos 'the smallest': a DATA row, no write", ['accepted'])
  seven_nations.the_holy_people({ask:the_oath})                  ('the oath (7:8) — the noun starred by the parser, the swearing no number; the three lines on the tape (MA and JS by CALL); the pointers at 7:8, 7:12, 7:13', ['accepted'])
==== cold_run_good_land.the_way_of_forty_years sig ('case', 'data') (11808 chars) asks-in-source ['forty_years', 'keep_walk_fear', 'not_by_bread_alone', 'the_discipline', 'the_garment_and_the_foot', 'the_humbling', 'the_manna', 'the_messianic_forty', 'the_test']
def the_way_of_forty_years(case, data):
        """F2 — Deut 8:2-6: the forty years (the decree by kind, SL by CALL), the test (16:4's clause), the humbling (the analogy's guards), the manna (ES and BH by CALL), not by bread

  good_land.the_way_of_forty_years({ask:forty_years})            ("forty years (8:2, 8:4) — [40] twice, 2:7 the same phrase; the decree's years (SL by CALL: [40, 40] a day for a year; ES's forty years of manna): the readback row 8:2 EXPANDED — the purpose supplied", ['accepted'])
  good_land.the_way_of_forty_years({ask:keep_walk_fear})         ("keep, walk, fear (8:6) — 'to walk in his ways' 8:6, 30:16 and Solomon's charge; 'to fear him' the one seat; 10:12's 'what does the LORD your God ask of you' forward; Onkelos supplies 'right before him': a DATA note, no write", ['accepted'])
  good_land.the_way_of_forty_years({ask:not_by_bread_alone})     ("not by bread alone (8:3) — 'but by everything that proceeds from the mouth of the LORD': a teaching, not an act (the Sifrei 48:10 — the exposition; Onkelos 'the Word of the LORD'); the daily manna's reason on the shelf — everyone's heart to Heaven every day 
  good_land.the_way_of_forty_years({ask:the_discipline})         ("the discipline (8:5) — 'as a man disciplines his son, so the LORD your God disciplines you': 1:31's carrying made the discipline (OS by CALL — the readback row VARIANT); the Land acquired through suffering, the second of three gifts (Berakhot 5a:20-22; the a
  good_land.the_way_of_forty_years({ask:the_garment_and_the_foot}) ("the garment and the foot (8:4) — a STATE over forty years told only here (29:4 the plural garments; Nehemiah 9:21 the only other 'did not swell'; Onkelos 'your shoes did not go bare'): no line on the tape, no entry on any ledger (the scan empty) — the readba
  good_land.the_way_of_forty_years({ask:the_humbling})           ("the humbling (8:2-3, 8:16) — 'to humble you … he humbled you and let you hunger': the verb's seven Deuteronomy seats; the Day's affliction is HUNGER by the verbal analogy with 8:3 (Yoma 74b:11) — the analogy guarded twice: the public's affliction from the pu
  good_land.the_way_of_forty_years({ask:the_manna})              ("the manna (8:3, 8:16) — 'fed you the manna which you did not know, nor did your fathers know': the tape's manna_fell (Exodus 16:13-15; ES by CALL — day by day, forty years) and the craving's manna (Numbers 11 — BH by CALL: the tastes, the five foods): the re
  good_land.the_way_of_forty_years({ask:the_messianic_forty})    ("the messianic forty (8:3) — R. Eliezer: the days of the Messiah forty years, 'afflicted' at 8:3 and Psalm 90:15 a verbal analogy (Sanhedrin 99a): the exam's row on the two [40]s, a DATA note", ['accepted'])
  good_land.the_way_of_forty_years({ask:the_test})               ("the test (8:2) — 'whether you would keep his commandments or not': the manna's own test clause (Exodus 16:4 — the readback row VERBATIM in kind), the book's one interrogative he; the trials' direction reversed (ES by CALL: Israel tested God six times by the 
==== cold_run_not_righteousness.the_intercession sig ('case', 'data') (15059 chars) asks-in-source ['do_not_destroy_your_people', 'i_prayed_and_said', 'lest_the_land_say', 'remember_your_servants', 'the_anger_and_the_wrath', 'the_lord_hearkened', 'the_merit_ceased', 'the_three_requests', 'your_people_and_your_inheritance']
def the_intercession(case, data):
        """F6 — Deut 9:19, 9:25-29: I prayed and said (the ten names); do not destroy Your people (the vow annulled — the intercession's rules); remember Your servants (the merit of the fath

  not_righteousness.the_intercession({ask:do_not_destroy_your_people}) ("do not destroy Your people (9:26) — 32:11's intercession (the tape's moses_interceded relent by kind; five tokens shared); THE VOW ANNULLED by the vows' law (Berakhot 32a:19 — I2; ER.calf('vow_annulled') by CALL): the readback row VARIANT; Solomon quotes thi
  not_righteousness.the_intercession({ask:i_prayed_and_said})    ("I prayed and said (9:26) — the phrase's one seat, 'Lord GOD' the Torah's four; the ten names of prayer (Devarim Rabbah 2:1 — nipul 9:25, pilul 9:26); Onkelos 'I prayed before the LORD' at 3:23 and 9:26", ['accepted'])
  not_righteousness.the_intercession({ask:lest_the_land_say})    ("lest the land say (9:28) — THE TAUNT'S FOUR FORMS (Exod 32:12, Num 14:16, Deut 1:27, 9:28); 'not able' the feminine noun kept from Numbers 14:16 (Berakhot 32a:27; SL.decree('ability') by CALL); the tape's moses_pleaded_on_the_attributes (Num 14:11) by kind: 
  not_righteousness.the_intercession({ask:remember_your_servants}) ("remember Your servants (9:27) — 32:13's plea with Jacob for Israel (three tokens shared); the three-legged chair and the oath by the Name (ER.calf by CALL — Berakhot 32a:17, 32a:24): the merit pleaded stands in its time; THE MERIT OF THE FATHERS a parameter 
  not_righteousness.the_intercession({ask:the_anger_and_the_wrath}) ("the anger and the wrath (9:19) — the pair's two Bible seats (Jeremiah 36:7 the other); two homilies on the two nouns (Nedarim 32a:4; Bava Batra 9b:7): the readback row TURNED's fear", ['accepted'])
  not_righteousness.the_intercession({ask:the_lord_hearkened})   ("the LORD hearkened to me (9:19) — 32:14's relenting told as hearkening (one token shared): the readback row TURNED; decree_relented ONE on Israel the entry (ER.calf('relent') by CALL), no second write; Onkelos 'accepted my prayer'", ['accepted'])
  not_righteousness.the_intercession({ask:the_merit_ceased})     ("the merit ceased (Shabbat 55a:11-16) — Shmuel's arm: the merit of the Patriarchs has ceased, 2 Kings 13:23 its last mention; the pleader after Hazael's days outside the rule that carried 9:27's plea — the parameter's four settings", ['exempt'])
  not_righteousness.the_intercession({ask:the_three_requests})   ("the three requests (Berakhot 7a:23-25) — Moses' requests after the calf all granted (R. Yochanan; R. Meir two): Exodus 33:12-23 has NO LINE on the tape — a DATA row naming the hole inside the second forty's stretch", ['accepted'])
  not_righteousness.the_intercession({ask:your_people_and_your_inheritance}) ("Your people and Your inheritance (9:29) — 32:11's 'great power' (the tape's moses_interceded by kind; OH by CALL for 4:37): the readback row VERBATIM in kind; Solomon (1 Kings 8:51) and Nehemiah (1:10) quote this telling", ['accepted'])
==== cold_run_not_righteousness.the_calf_retold sig ('case', 'data') (24356 chars) asks-in-source ['at_horeb_you_provoked', 'gods_word_verbatim', 'let_me_alone', 'remember_do_not_forget', 'the_breaking_in_my_own_words', 'the_calf_ground_to_dust', 'the_calfs_debt', 'the_calfs_own_day', 'the_confession_specified', 'the_descent_and_the_sight', 'the_fragments_in_the_ark', 'the_tablets_of_the_covenant', 'written_with_the_finger']
def the_calf_retold(case, data):
        """F2 — Deut 9:7-17, 9:21: remember, do not forget (the ten trials by CALL); at Horeb you provoked (calf_made by kind — forbidden from its making); the tablets of the covenant; writte

  not_righteousness.the_calf_retold({ask:at_horeb_you_provoked}) ("at Horeb you provoked (9:8) — the tape's calf_made (Exod 32:4, worshipped False — forbidden from its making, Avodah Zarah 52a:4) by kind: the readback row VARIANT; 'was angry' the hithpael's four book seats", ['accepted'])
  not_righteousness.the_calf_retold({ask:gods_word_verbatim})    ("God's word (9:12-13) — 9:13 VERBATIM (eleven of thirteen tokens with Exodus 32:9, 'to me' for 'to Moses'), 9:12 VARIANT (32:7-8 made one); the calf's cause pleaded and conceded (Berakhot 32a:8-13); ER.calf by CALL", ['accepted'])
  not_righteousness.the_calf_retold({ask:let_me_alone})          ("let Me alone (9:14) — the one seat against 32:10's hapax; THE OFFER'S THREE FORMS (32:10, Num 14:12, 9:14); the seizing and the chair (ER.calf by CALL); every promise of good fulfilled — Rehaviah's sons (Berakhot 7a:35-36): the readback row VARIANT", ['accep
  not_righteousness.the_calf_retold({ask:remember_do_not_forget}) ("remember, do not forget (9:7) — the one seat; the ten trials' span made one rebellion (ES.trials by CALL): the readback row EXPANDED; the provoke-hiphil's three Torah seats all this chapter's", ['accepted'])
  not_righteousness.the_calf_retold({ask:the_breaking_in_my_own_words}) ("the breaking in my own words (9:17) — one token shared with 32:19; approved at three seats (ER.tablets('breaking_ratified') by CALL — Shabbat 87a:5, Menachot 99b:1, Bava Batra 14b:7); Moses' might from these verbs (Nedarim 38a:8): the readback row EXPANDED",
  not_righteousness.the_calf_retold({ask:the_calf_ground_to_dust}) ("the calf ground to dust (9:21) — R. Yosei's proof from this telling's verbs, the Rabbis' from 32:20's fourth verb (the drinking — a test, not a nullification) which THE RETELLING DROPS: the answer sheet's ruling the Rabbis' (grinding does not nullify — becom
  not_righteousness.the_calf_retold({ask:the_calfs_debt})        ("the calf's debt — one twenty-fourth in every punishment (Sanhedrin 102a:15; ER.calf('surcharge') by CALL) against 'these shall be forgotten' (Berakhot 32b:17): two registers on the shelf, neither on the tape — a DATA row", ['accepted'])
  not_righteousness.the_calf_retold({ask:the_calfs_own_day})     ("the calf's own day — the fortieth day's sixth hour, the sixteenth of Tammuz (Shabbat 89a:6; ER.calf('boshesh') by CALL): the tape's calf_made on the ascent's day unmarked — an OPEN row, no marker this sitting", ['accepted'])
  not_righteousness.the_calf_retold({ask:the_confession_specified}) ("the confession specified (9:18, 9:21) — the sin named in the retelling ('your sin, the calf'): R. Yehuda ben Bava's arm (Yoma 86b:14; ER.calf('confess_specify') by CALL) against R. Akiva's; the tape's blot_me line sin_specified=True", ['accepted'])
  not_righteousness.the_calf_retold({ask:the_descent_and_the_sight}) ("the descent and the sight (9:15-16) — 32:15's descent with the tablets on my two hands, the mountain burning; 'a molten calf' the four seats: the readback rows VARIANT; the bride under her canopy (Shabbat 88b:2) the calf's timing", ['accepted'])
  not_righteousness.the_calf_retold({ask:the_fragments_in_the_ark}) ("the fragments in the ark (10:1-2 forward) — both the tablets and the broken pieces in the ark (Menachot 99a:12; Bava Batra 14b:4-6; ER.tablets('fragments_by_call') by CALL = both_in_the_ark): the entry OWED to chapter 10's compile", ['accepted'])
  not_righteousness.the_calf_retold({ask:the_tablets_of_the_covenant}) ("the tablets of the covenant (9:9) — the Bible's three seats all this chapter's; the three spellings (ER.tablets by CALL); 24:8's covenant clause five tokens shared", ['accepted'])
  not_righteousness.the_calf_retold({ask:written_with_the_finger}) ("written with the finger of God (9:10) — 31:18's phrase; the tape's tablets_given (Deut 4:13, dated (1, 4, 17)) by kind (OH and CH by CALL): the readback row VERBATIM in kind; 'all the words' Megillah 19b:5", ['accepted'])
==== cold_run_second_tablets.the_god_of_gods_and_the_stranger sig ('case', 'data') (30831 chars) asks-in-source ['a_salary_voids', 'a_truthful_oath', 'and_you_shall_love_the_stranger', 'cleave_to_the_scholars', 'fear_serve_cleave_swear', 'god_of_gods', 'he_is_your_praise', 'lifts_no_face', 'seventy_persons', 'swear_by_his_name', 'takes_no_bribe', 'the_attributes_three', 'the_bribe_of_words', 'the_converts_intake', 'the_et_of_10_20', 'the_orphan_and_the_widow', 'the_permitted_fee', 'the_private_convert', 'the_thirty_six_warnings']
def the_god_of_gods_and_the_stranger(case, data):
        """F6 — Deut 10:17-22: the God of gods (VARIANT by CALL); the attributes three and no more (the one who adds); lifts no face (naso by CALL — the face thrice reconcile

  second_tablets.the_god_of_gods_and_the_stranger({ask:a_salary_voids}) ("a salary voids (Kiddushin 58b; Mishnah Bekhorot 4:6) — one who takes a fee to judge, his judgments are void: the judge who takes a salary accepted against; Karna's evident loss the exception", ['accepted'])
  second_tablets.the_god_of_gods_and_the_stranger({ask:a_truthful_oath}) ("a truthful oath (Temurah 3b:17-18) — 'and by His name you shall swear' a positive command: a truthful oath by His name permitted; the truthful swearer exempt from the third word's prohibition", ['exempt'])
  second_tablets.the_god_of_gods_and_the_stranger({ask:and_you_shall_love_the_stranger}) ("and you shall love the stranger (10:19) — Leviticus 19:34's cell (HB.convert_measures('love_convert') by CALL) whose effect love_owed was never written: THE LINE stranger_love_commanded at the counter's day writing love_owed on Israel toward the stranger for
  second_tablets.the_god_of_gods_and_the_stranger({ask:cleave_to_the_scholars}) ("cleave to the scholars (Ketubot 111b:6-8) — 'to Him you shall cleave' against 'a consuming fire': marry a daughter to a scholar, trade for him, benefit him — as if cleaving to the Divine Presence: THE EFFECT'S VALUE; the cleaver accepted", ['accepted'])
  second_tablets.the_god_of_gods_and_the_stranger({ask:fear_serve_cleave_swear}) ("fear, serve, cleave, swear (10:20) — 6:13's three clauses with the fourth added (seven of eight tokens; HI.the_gift_and_the_warning by CALL; 4:4's state OH by CALL): the readback row EXPANDED; THE LINE cleaving_commanded at the counter's day writing cleaving
  second_tablets.the_god_of_gods_and_the_stranger({ask:god_of_gods}) ("the God of gods (10:17) — the one seat of the pair (Psalm 136:2-3 the run); 7:9's faithful God (SN.the_faithful_god by CALL): the readback row VARIANT; a declaration, no write; Onkelos the God of judges", ['accepted'])
  second_tablets.the_god_of_gods_and_the_stranger({ask:he_is_your_praise}) ("He is your praise (10:21) — the one seat; 'the great and awesome things which your eyes have seen' 7:19's trials (SN.do_not_fear by CALL) and 4:35's showing (OH by CALL): the readback row VARIANT; a declaration, no write", ['accepted'])
  second_tablets.the_god_of_gods_and_the_stranger({ask:lifts_no_face}) ("lifts no face (10:17) — Numbers 6:26's 'the LORD lift up His face' thrice reconciled (NS.blessing('face_lifted') by CALL — when they do His will, the Sifrei 42:2; beyond the letter, Berakhot 20b:15; before the sentence, Niddah 70b:5; man and God against man 
  second_tablets.the_god_of_gods_and_the_stranger({ask:seventy_persons}) ("seventy persons (10:22) — the Joseph runner's count by CALL (JS.seventy — Genesis 46:27's seventy, Exodus 1:5's restatement, Jochebed the seventieth, Bava Batra 123b:1): the readback row VERBATIM in kind; 'as the stars of heaven for multitude' 1:10's phrase 
  second_tablets.the_god_of_gods_and_the_stranger({ask:swear_by_his_name}) ("swear by His name (10:20) — the oath by the appellations liable as by the Name (Shevuot 35b:22; ala / ala the analogy, I2, 35b:23): the swearer by the appellations accepted against; 'swear' no number to the parser", ['accepted'])
  second_tablets.the_god_of_gods_and_the_stranger({ask:takes_no_bribe}) ("takes no bribe (10:17) — Exodus 23:8's block never written on the tape (OR.courts by CALL — bribe_barred asserted absent; 16:19 the command's seat forward): a declaration; the shelf's exam — a bribe even to judge truly (Ketubot 105a:10), the bribe blinds a f
  second_tablets.the_god_of_gods_and_the_stranger({ask:the_attributes_three}) ("the attributes three and no more (10:17) — Moses' three restored by the great assembly after Jeremiah and Daniel dropped one each (Yoma 69b:13-16); the prayer leader who adds praises silenced (Berakhot 33b:21-22; Megillah 25a:7-8 — the parable, E26): accepte
  second_tablets.the_god_of_gods_and_the_stranger({ask:the_bribe_of_words}) ("the bribe of words (Ketubot 105b:8-15) — Shmuel's hand, Ameimar's feather, Mar Ukva's spittle, R. Yishmael's sharecropper, R. Yishmael bar Elisha's shearing, Rav Anan's fish: the six judges who refused, disqualified by a word; shochad = she-hu chad (105b:5, 
  second_tablets.the_god_of_gods_and_the_stranger({ask:the_converts_intake}) ("the convert's intake (Yevamot 47a:13-47b:15) — 'what did you see that you come?' — accepted at once when he knows Israel's affliction, informed of the light and the grave commandments, circumcised and immersed an Israelite in all respects: the stranger line'
  second_tablets.the_god_of_gods_and_the_stranger({ask:the_et_of_10_20}) ("the et of 10:20 (Pesachim 22b:11) — Shimon HaAmmassoni retracted at 'you shall fear [et] the LORD your God'; R. Akiva: 'et' to include Torah scholars (E1): the fear's object extended as the cleaving's value", ['accepted'])
  second_tablets.the_god_of_gods_and_the_stranger({ask:the_orphan_and_the_widow}) ("the orphan and the widow (10:18) — Exodus 22:21's pair in the other order (OR.stranger('widow_orphan_scope') by CALL — all persons or the named): a declaration about God, the readback row VARIANT; no write", ['accepted'])
  second_tablets.the_god_of_gods_and_the_stranger({ask:the_permitted_fee}) ("the permitted fee (Ketubot 105a:17-19) — Karna's fee from both parties for evident loss, Rav Huna's water-drawer: not a bribe, the judge exempt from the rule", ['exempt'])
  second_tablets.the_god_of_gods_and_the_stranger({ask:the_private_convert}) ("the private convert (Yevamot 47a:8-12) — 'I converted privately' is not believed (R. Yehuda; the children's standing kept): outside the intake's rule, the private convert exempt", ['exempt'])
  second_tablets.the_god_of_gods_and_the_stranger({ask:the_thirty_six_warnings}) ("the thirty-six warnings (Bava Metzia 59b:13-15) — the stranger's wronging three prohibitions, thirty-six or forty-six warnings; R. Natan: 'for you were strangers' — a defect in you, do not mention in another: the reason clause's rule at 10:19; the wronger ac
==== cold_run_second_tablets.the_stations_and_the_death sig ('case', 'data') (13879 chars) asks-in-source ['aaron_died_there', 'aaron_in_av', 'and_he_was_buried_there', 'arad_heard', 'eleazar_ministered', 'the_place_of_the_death', 'the_stations_reversed', 'walk_after_his_attributes']
def the_stations_and_the_death(case, data):
        """F2 — Deut 10:6-7: the stations reversed (journeys by CALL — VARIANT); Aaron died there (garments_transferred_and_aaron_died by kind — VERBATIM in kind); AND HE WAS BURIE

  second_tablets.the_stations_and_the_death({ask:aaron_died_there}) ("there Aaron died (10:6) — the tape's garments_transferred_and_aaron_died (Num 20:28, date (40, 5, 1), age 123 — CK.edom_and_hor by CALL) by kind: the readback row VERBATIM in kind; the place the OPEN row", ['accepted'])
  second_tablets.the_stations_and_the_death({ask:aaron_in_av})   ("Aaron in Av — the first of the fifth month of the fortieth year (Num 33:38, the ordinal reader; the tape's marker (40, 5, 1)); the burial dated at the same day; the editor's 'first of Tammuz' variant a DATA note (Seder Olam Rabbah 10:2; CK.edom_and_hor by CA
  second_tablets.the_stations_and_the_death({ask:and_he_was_buried_there}) ("and he was buried there (10:6) — the Torah's one seat; Numbers 20:28-29 and 33:38-39 tell the death, the mourning and the age, never the burial: the tape's hole — SUPPLIED with the write buried on aaron (REUSED — the world's ninth), dated (40, 5, 1) by the r
  second_tablets.the_stations_and_the_death({ask:arad_heard})    ("Arad heard (Rosh Hashanah 3a:1-3; Ta'anit 9a:9-12) — the clouds departed at Aaron's death, the Canaanite came (CK.edom_and_hor('arad_heard'), JO.aarons_death_retold('arad') by CALL); 'saw' read 'were seen' — the do-not-read reading named: a DATA row", ['acce
  second_tablets.the_stations_and_the_death({ask:eleazar_ministered}) ("Eleazar ministered in his stead (10:6) — 'ministered as priest' the wayyiqtol at 10:6 and Numbers 3:4 alone; the tape's invested_office on eleazar at Hor (CK.edom_and_hor('succession') by CALL): the readback row VERBATIM in kind, no second investiture", ['ac
  second_tablets.the_stations_and_the_death({ask:the_place_of_the_death}) ("the place of the death — Moserah in the retelling (10:6), Mount Hor on the tape (Num 20:28, 33:38): an OPEN row inside the burial line's field; the retreat of seven stations (Seder Olam Rabbah 9:2) already a parameter — chukat.DATA['moserah'] = journeys.DATA
  second_tablets.the_stations_and_the_death({ask:the_stations_reversed}) ("the stations reversed (10:6-7) — Numbers 33:30-34's stations in another order and another form (JO.the_stations('moseroth_seven') by CALL — Moseroth seven camps before Hor): the readback rows VARIANT; Jotbathah's brooks 8:7's phrase, the retelling's addition
  second_tablets.the_stations_and_the_death({ask:walk_after_his_attributes}) ("walk after His attributes (Sotah 14a:3-4) — 'after the LORD you shall walk' resolved as clothing the naked, visiting the sick, comforting mourners, BURYING THE DEAD (34:6): the burier accepted; 10:6's passive burial beside it; the Torah begins and ends with 
==== cold_run_blessing_and_curse.the_blessing_and_the_curse sig ('case', 'data') (24090 chars) asks-in-source ['forty_eight_covenants', 'gerizim_and_ebal', 'keep_to_do', 'possess_and_dwell', 'see_i_set_before_you', 'study_and_deed', 'the_blessing_if', 'the_ceremonys_day', 'the_ceremonys_form', 'the_ceremonys_tongue', 'the_curse_if', 'the_place_three_ways', 'the_samaritan_shechem']
def the_blessing_and_the_curse(case, data):
        """F5 — Deut 11:26-32 — THE CHAPTER'S LAW COMPILED: see, I set before you (11:26 — THE LINE blessing_and_curse_set writing the status); the blessing if (11:27); the curse i

  blessing_and_curse.the_blessing_and_the_curse({ask:forty_eight_covenants}) ("forty-eight covenants (11:26-29) — a general and a particular blessing and curse, to learn, to teach, to keep, to perform: four by four, sixteen by sixteen, three covenants each — forty-eight, and so on the plains of Moab (Tosefta Sotah 8:7; Sotah 37b:1-6); 
  blessing_and_curse.the_blessing_and_the_curse({ask:gerizim_and_ebal}) ("Gerizim and Ebal (11:29) — 'you shall set the blessing on Mount Gerizim and the curse on Mount Ebal': no tape line to reference (27:11-13 the form's seat ahead, Joshua 8:30-35 the run outside the tape): THE WRITE gerizim_ebal_ceremony_owed — a DEBIT on Israe
  blessing_and_curse.the_blessing_and_the_curse({ask:keep_to_do}) ("keep to do (11:32) — 'keep to do all the statutes and the judgments which I set before you today' the one seat: 4:8's pair (OH.the_exhortation('righteous_statutes') by CALL — the cell names 11:32): the readback row VARIANT; 12:1 reopens the statutes; the por
  blessing_and_curse.the_blessing_and_the_curse({ask:possess_and_dwell}) ("possess and dwell (11:31) — 'and you shall possess it and dwell in it' the one seat: an act of acquisition (Kiddushin 26a:10 — possessed by dwelling); the dwelling weighed — all may force ascent, none removal, outside the Land as idolatry (Ketubot 110b:7, 11
  blessing_and_curse.the_blessing_and_the_curse({ask:see_i_set_before_you}) ("see, I set before you (11:26) — 7:12's conditional (hearing_blessed on the tape by kind) made a pair set before the people (the singular 'see' over the plural — the register's both; 30:15-20 the run forward): the readback row EXPANDED; THE LINE blessing_and_
  blessing_and_curse.the_blessing_and_the_curse({ask:study_and_deed}) ("study and deed (11:13) — the loft at Lod: study is greater, for it leads to deed (Kiddushin 40b:8 — the Sifrei 41:12 at its Bavli seat); the Torah's precedence over the land laws counted on the clock (40b:9); the judgment and the reward begin with Torah (40b
  blessing_and_curse.the_blessing_and_the_curse({ask:the_blessing_if}) ("the blessing if (11:27) — 'the blessing, if you hearken' the pair's first arm: 7:12's conditional by CALL (SN.because_you_hear('covenant_kept')): the readback row VARIANT; the crossroads (the Sifrei 53:1); one commandment tilts the world to merit (Kiddushin 
  blessing_and_curse.the_blessing_and_the_curse({ask:the_ceremonys_day}) ("the ceremony's day (11:29-31) — the crossing's (Tosefta Sotah 8:1 — 27:2's 'on the day that you cross'; the Ark before the banners); the dispossession the crossing's condition (8:3 — 'for this you cross'); the writing on the stones or on the plaster (8:5); t
  blessing_and_curse.the_blessing_and_the_curse({ask:the_ceremonys_form}) ("the ceremony's form (11:29) — six and six, the priests, the Levites and the Ark below, the blessing first and the Amen (Mishnah Sotah 7:5; Sotah 32a:11-13; Tosefta Sotah 8:7); the halves counted (36b:4-5); the Levites' placement disputed — the elders below, 
  blessing_and_curse.the_blessing_and_the_curse({ask:the_ceremonys_tongue}) ("the ceremony's tongue (11:29) — the holy tongue with a loud voice (Mishnah Sotah 7:2; Sotah 32a:6): 'speak and say' the source for others' Hebrew (32a:7-8, I2), the Levites' own from 'voice' / 'voice' with Exodus 19:19 (33a:14), the analogy needing a teacher
  blessing_and_curse.the_blessing_and_the_curse({ask:the_curse_if}) ("the curse if (11:28) — 'turn aside from the way' 9:12's calf (NR by CALL), 'not hearken' 8:20's (GL.the_testimony by CALL), 'other gods whom you have not known' 13:3's phrase: the readback row VARIANT; idolatry the whole Torah's denial (the Sifrei 54:4; the 
  blessing_and_curse.the_blessing_and_the_curse({ask:the_place_three_ways}) ("the place three ways (11:30) — Shechem by the terebinths of Moreh (R. Yehuda, Sotah 33b:4-5), two mounds by the Jordan opposite Gilgal (R. Elazar, 33b:7-9), A ROUTE, NOT A PLACE (R. Eliezer ben Yaakov, 33b:10): gerizim_ebal_place's THREE ARMS — a parameter, 
  blessing_and_curse.the_blessing_and_the_curse({ask:the_samaritan_shechem}) ("the Samaritan Shechem (11:30) — 'the terebinths of Moreh' Abram's (Genesis 12:6 — journeyed 'the place of Shechem' on the tape by kind: the readback row VARIANT); the Samaritans' added 'Shechem' conceded and refuted by the analogy they do not use (Sotah 33b:
==== cold_run_blessing_and_curse.the_second_paragraph sig ('case', 'data') (35177 chars) asks-in-source ['if_you_hearken', 'perish_quickly', 'take_heed_lest', 'teach_your_sons', 'the_cattle_first', 'the_class_rule', 'the_days_multiplied', 'the_doorposts_plural', 'the_early_and_the_late', 'the_frontlets_plural', 'the_heavens_shut', 'the_prayer_from_the_clause', 'the_rain_in_its_season', 'the_rains_dates', 'the_shuttings_causes', 'the_shuttings_threshold', 'the_yoke_of_the_commandments', 'these_my_words']
def the_second_paragraph(case, data):
        """F3 — Deut 11:13-21 — THE CODE'S HOLE COMPILED: if you hearken (11:13 — HI by CALL); THE YOKE OF THE COMMANDMENTS (Mishnah Berakhot 2:2 — THE LINE second_paragraph_declared wri

  blessing_and_curse.the_second_paragraph({ask:if_you_hearken})  ("if you hearken (11:13) — the doubled infinitive's plural form the one seat (28:1's singular the pair), 'My commandments' in Moses' mouth (5:29 the other), 'with all your heart and with all your soul' plural (6:5's creed by CALL — HI.the_creed): the readback 
  blessing_and_curse.the_second_paragraph({ask:perish_quickly})  ("perish quickly (11:17) — Joshua 23:16's farewell the run's receipt (eleven tokens shared); Solomon's dedication 'when heaven is shut up and there is no rain' (1 Kings 8:35-36 — Ta'anit 7b:4); Ahab's furrows (Sanhedrin 113a:11) and David's famine (Yevamot 78b
  blessing_and_curse.the_second_paragraph({ask:take_heed_lest})  ("take heed lest (11:16) — 'take heed to yourselves' 4:23's warning form (the three seats), 'serve other gods and bow' the second word's pair in 8:19's order (CH.the_second_word, GL.the_testimony by CALL): the readback row VARIANT; NO second block — other_gods
  blessing_and_curse.the_second_paragraph({ask:teach_your_sons}) ("teach your sons (11:19) — 'and you shall teach them' (the piel) against 6:7's 'repeat them': HI.the_four_duties('teach_your_sons', 'daughters_exempt') by CALL — the readback row VARIANT; 'you shall teach them' read 'you yourselves' (Bava Batra 21a:2 — Yehosh
  blessing_and_curse.the_second_paragraph({ask:the_cattle_first}) ("the cattle first (11:15) — 'grass in your field for your cattle', then 'you shall eat and be satisfied': PROHIBITED TO EAT BEFORE FEEDING ONE'S ANIMALS (Berakhot 40a:1; Gittin 62a:16 — a rule from the clause order); 7:13's list and 8:10's eating by CALL: the
  blessing_and_curse.the_second_paragraph({ask:the_class_rule})  ("the class rule (11:18-20) — Mishnah Kiddushin 1:7 behind the paragraph's duties: the tefillin time-bound (women exempt — 36a:9), the mezuzah not (women obligated by the reward — 34a:2, 34a:8; Yoma 11b:8), the study the son's (daughters exempt — HI by CALL); 
  blessing_and_curse.the_second_paragraph({ask:the_days_multiplied}) ("the days multiplied (11:21) — 'as the days of the heavens above the earth' the one seat; 6:2's three generations by CALL (HI.the_header): the readback row VARIANT; the resurrection from 'to give to them' (the Sifrei 47:2; Sanhedrin 90b:12), the messianic era
  blessing_and_curse.the_second_paragraph({ask:the_doorposts_plural}) ("the doorposts plural (11:20) — 'on the doorposts' plural against 6:9's spelling (the Sifrei 36:3's second plural): HI.the_four_duties('mezuzah_doorpost', 'mezuzah_gates', 'mezuzah_writing') by CALL — the readback row VERBATIM in kind; the mezuzah not time-bo
  blessing_and_curse.the_second_paragraph({ask:the_early_and_the_late}) ("the early and the late (11:14) — the pair's one seat; both for a blessing, each proved from the other (Ta'anit 6a:3); the early rain in Marcheshvan (its three dates) and the late in Nisan, 'in its due time' (6a:5, 6a:7): the parameter rain_dates' arms", ['ac
  blessing_and_curse.the_second_paragraph({ask:the_frontlets_plural}) ("the frontlets plural (11:18) — the three spellings (6:8 defective, 11:18 and Exodus 13:16 plene — the DB's plene at 11:18 the DATA row; the compartments' open row stands), 'between your eyes' plural (Kiddushin 36a:9 — women exempt from tefillin and the baldn
  blessing_and_curse.the_second_paragraph({ask:the_heavens_shut}) ("the heavens shut (11:17) — Leviticus 26:19-20's iron heavens (TC.cascade(1) by CALL — the second block, no line on the tape) told as the shutting: the readback row VARIANT; THE WRITE heavens_shut_for_turning — a conditional HEAVEN entry on Israel, its value 
  blessing_and_curse.the_second_paragraph({ask:the_prayer_from_the_clause}) ("the prayer from the clause (11:13-14) — 'to serve Him with all your heart' is prayer, and the rain follows it: the rain requested in the service of the heart (Ta'anit 2a:11); the mention in the resurrection blessing, the request in the years' (Mishnah Berakh
  blessing_and_curse.the_second_paragraph({ask:the_rain_in_its_season}) ("the rain in its season (11:14) — Leviticus 26:4's 'I will give your rains in their season' (TC.covenant by CALL — covenant_upheld the cell's; no line on the tape) with THE TWO NAMED RAINS ADDED (the one seat) and 7:13's grain, wine and oil (SN by CALL): the 
  blessing_and_curse.the_second_paragraph({ask:the_rains_dates}) ("the rain's dates (11:14) — a PARAMETER, every value from a row: the mention from the feast's last day to Passover's first (Ta'anit 2a:1-3), the request from the seventh of Marcheshvan (Rabban Gamliel, the ruling — 10a:11-12), sixty days abroad (Chananya — 10
  blessing_and_curse.the_second_paragraph({ask:the_shuttings_causes}) ("the shutting's causes (11:16-17) — the chapter's one cause (other gods) beside the shelf's many (the sentence of destruction from 11:17, the tithes, slander, the impudent, the neglect of Torah, robbery, no whisperers, false pledges — Ta'anit 7b:5-8a:8, 8b:16
  blessing_and_curse.the_second_paragraph({ask:the_shuttings_threshold}) ("the shutting's threshold (11:17) — rains that seal a barrel's mouth with their mud are not 'shut' (Rav Chisda, Ta'anit 6b:8; the first rainfall a handbreadth, R. Abbahu); the shutting verb the wombs' — closing, birth and remembering said of a woman and of ra
  blessing_and_curse.the_second_paragraph({ask:the_yoke_of_the_commandments}) ("the yoke of the commandments (11:13-21) — THE ANSWER SHEET'S OWN NAME for the paragraph (Mishnah Berakhot 2:2; Berakhot 14b:11 — the yoke of the kingdom of Heaven first, then the yoke of the commandments), typed TEACH AND PERFORM (14b:14): THE WRITE yoke_of_
  blessing_and_curse.the_second_paragraph({ask:these_my_words})  ("these My words (11:18) — 'and you shall put these My words on your heart and on your soul' the one seat (6:6's 'and these words shall be' the first paragraph's): the paragraph in any language or as written, not out of order, audible (Sotah 32b:19-33a:4); the
==== cold_run_place_name.the_place_chosen sig ('case', 'data') (23239 chars) asks-in-source ['eat_there_and_rejoice', 'in_one_of_your_tribes', 'not_as_we_do_here_today', 'the_name_pronounced_only_there', 'the_place_which_the_lord_will_choose', 'the_rest_and_the_inheritance', 'the_second_answer_sheet', 'the_seven_offerings', 'the_stations_six_rows', 'the_three_commandments_of_the_entry', 'the_womans_rejoicing', 'your_households']
def the_place_chosen(case, data):
        """F2 — Deut 12:5-12 — THE PLACE INSTALLED HERE (12:5 — THE LINE place_chosen_declared writing place_chosen_required and rejoicing_before_the_lord_commanded, and high_places_banned R

  place_name.the_place_chosen({ask:eat_there_and_rejoice})       ("eat there and rejoice (12:7) — the peace offerings of rejoicing (the Sifrei 64:2; 138:1), 'your households' his wife (64:4 — Mishnah Yoma 1:1): THE WRITE rejoicing_before_the_lord_commanded — a STATUS on Israel at the chapter's own day, the law's first seat;
  place_name.the_place_chosen({ask:in_one_of_your_tribes})       ("in one of your tribes (12:14) — [1] the chapter's one number verse against 12:5's 'from all your tribes': the ground from one tribe, the money from all (the Sifrei 62:2-3, 70:4); Benjamin's strip the portion (Zevachim 118b:6-12): the tribe that claims the gr
  place_name.the_place_chosen({ask:not_as_we_do_here_today})     ("not as we do here today (12:8) — the voluntary offerings of the wilderness (Zevachim 117b:3; SA.platform('classes') by CALL) and a prohibition for the premature (114a:13): the erection's line by kind (high_places_banned's first entry) — the readback row VARI
  place_name.the_place_chosen({ask:the_name_pronounced_only_there}) ("the Name pronounced only there (12:5) — the priestly blessing's Name as written in the Temple, by its substitute in the provinces (Mishnah Sotah 7:6; Sotah 38a:10 by analogy; 38a:11 R. Yoshiya's transposition of Exodus 20:20 — OR.altar('every_place') by CALL
  place_name.the_place_chosen({ask:the_place_which_the_lord_will_choose}) ("the place which the LORD will choose (12:5) — installed here, no seat before it ('will choose' the book's first at 12:5; His dwelling the one seat; the two seekings): the erection's line by kind — the readback row EXPANDED; THE LINE place_chosen_declared at 
  place_name.the_place_chosen({ask:the_rest_and_the_inheritance}) ("the rest and the inheritance (12:9) — Shiloh and Jerusalem four ways (Zevachim 119a:9-13, 119b:1-5; the rest of the ark by Numbers 10:36 — BH.march by CALL): THE STATE ROW, SUPPLIED with no write and no day (the rest's granting the run's — Joshua 21:42, 2 Sa
  place_name.the_place_chosen({ask:the_second_answer_sheet})     ("the second answer sheet (12:9) — Shiloh's sanctity released, Jerusalem's forever (Mishnah Megillah 1:10-11 at 9b:15-10a:1); the Onias ruling retracted before Mishnah Zevachim 14:8 (10a:2-5): the one who offers at the temple of Onias accepted against", ['acce
  place_name.the_place_chosen({ask:the_seven_offerings})         ("the seven offerings (12:6) — burnt offerings, sacrifices, tithes, the heave offering of the hand (the first fruits — the Sifrei 63:9), vows, freewill offerings, firstlings: the first of three lists (12:11 adds 'the choice of your vows'; 12:17 the bar); gifts
  place_name.the_place_chosen({ask:the_stations_six_rows})       ("the stations' six rows (12:9-11) — the wilderness permitted / forbidden under the Tabernacle, Gilgal permitted, Shiloh forbidden, Nob and Gibeon permitted, Jerusalem forbidden forever (Mishnah Zevachim 14:4-8; Zevachim 112b:9-12): SD.eras('table'), SA.platfo
  place_name.the_place_chosen({ask:the_three_commandments_of_the_entry}) ("the three commandments of the entry (12:10-11) — a king, Amalek, the chosen House, in order (Sanhedrin 20b:8-13 from 12:10-11's 'rest … then the place'); David's rest before the seeking of the site (20b:14; 2 Samuel 7:1): the one who seeks the site before th
  place_name.the_place_chosen({ask:the_womans_rejoicing})        ("the woman's rejoicing (12:7, 12:12, 12:18) — her own obligation, or her husband's to make her joyful (Rosh Hashanah 6b:15-16 — a two-arm parameter); the delay's clock on the vows (6b:3-13): the husband who makes his wife rejoice accepted", ['accepted'])
  place_name.the_place_chosen({ask:your_households})             ("your households (12:12, 12:18) — 5:14's list said again without the ox and the ass, with the Levite (CH.the_first_tablet by CALL); the dearer first (the Sifrei 69:3, 74:4); 'no portion nor inheritance' portion_declared's reason (Num 18:20 on the tape by kind
==== cold_run_place_name.the_border_enlarged_and_the_altar sig ('case', 'data') (28239 chars) asks-in-source ['as_i_have_commanded_you', 'as_the_gazelle_and_the_hart', 'flesh_in_milk', 'the_blood_is_the_life', 'the_bloods_classes', 'the_civility', 'the_good_and_the_right', 'the_limb_from_the_living', 'the_rite_of_slaughter', 'the_sin_offerings_verb', 'the_wilderness_flesh', 'too_far', 'when_the_lord_enlarges_your_border', 'your_holy_things']
def the_border_enlarged_and_the_altar(case, data):
        """F5 — Deut 12:20-28 — THE POINTER at 12:20 (Exodus 34:24 by two teachers — erection.repeats by CALL); THE WILDERNESS FLESH a parameter (Chullin 16b-17a); 'too far'

  place_name.the_border_enlarged_and_the_altar({ask:as_i_have_commanded_you}) ("as I have commanded you (12:21) — the receipt without the Name, its referent the oral law (Chullin 28a:5 — Rabbi: the gullet and the windpipe; the Sifrei 75:15); Exodus 23:15's 'as I commanded you' the one kin with a WRITTEN callee (CA.matzah by CALL): the r
  place_name.the_border_enlarged_and_the_altar({ask:as_the_gazelle_and_the_hart}) ("as the gazelle and the hart (12:22) — the comparison that teaches and is taught (the Sifrei 75:15): the wild animal's slaughter, the bird's by the scribes (Chullin 28a:4); one dish, not the heave offering (75:11); the hunted covered, the domestic not (SA.cov
  place_name.the_border_enlarged_and_the_altar({ask:flesh_in_milk}) ("flesh in milk (12:25) — the chapter's third 'you shall not eat it' the eating ban's source (Chullin 115b:1), defended from the context (115b:2 — I12); the three verses' three jobs (115b:6 — CA.kid_in_milk by CALL); the bird in milk R. Yosei HaGelili's arm (1
  place_name.the_border_enlarged_and_the_altar({ask:the_blood_is_the_life}) ("the blood is the life (12:23) — 'be steadfast' Israel steeped in blood (the Sifrei 76:1); 17:11's clause turned; 'the life with the flesh' the limb from the living (76:5; limb_barred Gen 9:4 on the tape by kind — the readback row VARIANT; PS.noahide by CALL)
  place_name.the_border_enlarged_and_the_altar({ask:the_bloods_classes}) ("the blood's classes (12:16, 12:23) — the domestic, the wild, the bird (Mishnah Keritot 5:1; I6 at 21a:5); the wild animal's blood under the ban (21b:6); three classes (21b:11); human blood outside 12:16's 'the blood' (22a:4); the life-blood's boundary (22a:1
  place_name.the_border_enlarged_and_the_altar({ask:the_civility}) ("the civility (12:21) — 'of your herd' some, not all: meat as if trapped, one's own not the market's (Chullin 84a:18-19); R. Elazar ben Azaria's ladder of means (84a:20-21); below one's means for oneself, above them for wife and children (84b:4): the one who 
  place_name.the_border_enlarged_and_the_altar({ask:the_good_and_the_right}) ("the good and the right (12:28) — 6:18's pair turned (HI.the_test_and_the_right by CALL — the readback rows 12:25 VARIANT and 12:28 VERBATIM in kind): Heaven's eyes and men's (the Sifrei 79:5); the ladder of learning (79:1 — Avot 2:1); the blood's reward by a
  place_name.the_border_enlarged_and_the_altar({ask:the_limb_from_the_living}) ("the limb from the living (12:23) — the source divided between 12:23 and Genesis 9:4 (Chullin 102b:11-12); a whole live creature any amount (102b:1); the lashes' count (102b:13, 103a:1); the stacking rule (103a:4-17); among the seven (Sanhedrin 74b:9): the on
  place_name.the_border_enlarged_and_the_altar({ask:the_rite_of_slaughter}) ("the rite of slaughter (12:21) — the gullet and the windpipe, the majority of one sign for a bird and of two for an animal (Mishnah Chullin 2:1; Chullin 28a:5): the_rite_of_slaughter a PARAMETER read as data; the bird's slaughter by Torah law or by the scribe
  place_name.the_border_enlarged_and_the_altar({ask:the_sin_offerings_verb}) ("the sin offering's verb (12:27) — 'shall be poured' the one placement that atones (Zevachim 36b:20-37a:7; Sanhedrin 4a:7 — R. Yishmael / R. Akiva; PS.noahide('shed_homograph') by CALL); no blood no flesh (104a:4); the bones and the sinews (86a:1-4 — Mishnah 
  place_name.the_border_enlarged_and_the_altar({ask:the_wilderness_flesh}) ("the wilderness flesh (12:20-21) — R. Yishmael: forbidden in the wilderness, released at the entry, the distance its ground (Chullin 16b:14-17); R. Akiva: never forbidden, the stabbed flesh permitted, the rite required at the entry (17a:2-4); the exile's thir
  place_name.the_border_enlarged_and_the_altar({ask:too_far})    ("too far (12:21) — 'when the place is too far from you': any inability — one stride outside the wall (Makkot 19b:9-13; 14:24's 'unable to carry it' is eating); the distance the release's ground (Chullin 16b:17): the one one stride outside the wall accepted — 
  place_name.the_border_enlarged_and_the_altar({ask:when_the_lord_enlarges_your_border}) ("when the LORD enlarges your border (12:20) — 'as He has spoken to you' a RUN_CITATION pointer to Exodus 34:24 (ER.repeats by CALL) with two teachers on the callee (the Sifrei 75:2): the readback row VARIANT; 'let me eat flesh' the release's occasion (75:1): 
  place_name.the_border_enlarged_and_the_altar({ask:your_holy_things}) ("your holy things (12:26) — the substitutes ('only your holy things'), the offspring ('which you have'), their treatment ('you shall take up' — 12:27) parsed at Temurah 17b:15-17 (Mishnah Temurah 3:5); from abroad (the Sifrei 77:1); gifts_granted on the tape 
==== cold_run_place_name.the_nations_cut_off_and_the_abomination sig ('case', 'data') (11388 chars) asks-in-source ['lest_you_be_ensnared', 'lest_you_inquire_after_their_gods', 'no_molech_named', 'their_sons_and_their_daughters', 'when_the_lord_cuts_off_the_nations', 'you_shall_not_do_so_singular']
def the_nations_cut_off_and_the_abomination(case, data):
        """F6 — Deut 12:29-31 — THE LINE nations_cut_off_warned writing foreign_rite_inquiry_barred (12:30 — the Sifrei 81:1-4); 19:1 the twin ahead; the snare's root;

  place_name.the_nations_cut_off_and_the_abomination({ask:lest_you_be_ensnared}) ("lest you be ensnared (12:30) — lest you do as they do (the Sifrei 81:1); the snare's root not 7:25's (SN.the_images_and_the_devoted('lest_snared') by CALL — a DATA row); 23:33's snare (OR.land by CALL): the one who asks how the nations served in order to imi
  place_name.the_nations_cut_off_and_the_abomination({ask:lest_you_inquire_after_their_gods}) ("lest you inquire after their gods (12:30) — the inquiry itself barred, 'how did these nations serve?' (the Sifrei 81:2-4); 23:24's 'not after their deeds' (OR.land by CALL): THE WRITE foreign_rite_inquiry_barred — a BLOCK on Israel at the chapter's own day (
  place_name.the_nations_cut_off_and_the_abomination({ask:no_molech_named}) ("no Molech named (12:31) — the children in the fire without the king-word; Leviticus 18:21 and 20:2-5's Molech the kin (SA.molech('seed_scope', 'family', 'predicate') by CALL — the seed's scope, the family's affliction, the passing liable); the homograph name
  place_name.the_nations_cut_off_and_the_abomination({ask:their_sons_and_their_daughters}) ("their sons and their daughters (12:31) — 'even' includes the parents (the Sifrei 81:6); the children in the fire the Molech's kin; the persecution's edges (Sanhedrin 74b:1-9 — the limb of a living animal among the seven): the one who burns his son accepted a
  place_name.the_nations_cut_off_and_the_abomination({ask:when_the_lord_cuts_off_the_nations}) ("when the LORD cuts off the nations (12:29) — 7:1's dispossession said again as the cutting off (nations_devoted on the tape by kind — the readback row VARIANT; 33:53's 'possess and dwell' by CALL); build anywhere (the Sifrei 80:3; 19:1 the twin ahead); the s
  place_name.the_nations_cut_off_and_the_abomination({ask:you_shall_not_do_so_singular}) ("you shall not do so, singular (12:31) — 12:4's pair: the wrong altar's liability keyed to the Temple's rite (the Sifrei 81:5); abomination_barred (7:25-26) on the tape by kind — the readback row VARIANT (SN.the_images_and_the_devoted by CALL): the one who of
==== cold_run_ordinances.capital sig ('q',) (4456 chars) asks-in-source ['beast_court', 'beast_mode', 'beast_woman', 'devoted_seats', 'idolater_row', 'joining', 'service_architecture', 'sorceress_deed', 'sorceress_gender', 'sorceress_mode', 'sorceress_warning']
def capital(q):
        if q == 'sorceress_gender':
            return cell('man_and_woman_alike', M, f"22:17 'a SORCERESS (מכשפה) you shall not let live' — the noun at {c_sorceress} alone in the Tanakh, feminine; " + MK + "22:1

  ordinances.capital('beast_court')                              {'v': 23, 'p': 'IMPORT', 'why': "the court for the beast's case — CALLED cold_run_sanctions.beast(court) -> 23 (Mishnah Sanhedrin 1:4: 'the beast lain with and its human by twenty-three') [IMPORT, live call]", 'fx': ['—']}
  ordinances.capital('beast_mode')                               {'v': 'Exod_22:18_freed_to_the_passive', 'p': 'IMPORT', 'why': "22:18 'whoever lies with a beast shall surely die' — the sanctions engine compiled the act at Lev 18:23 / 20:15-16 and holds THIS verse as the passive's warning: CALLED cold_run_sanctions.beast(pa
  ordinances.capital('beast_woman')                              {'v': '18:23_a_woman_shall_not_stand_before_a_beast', 'p': 'IMPORT', 'why': "the woman's warning — CALLED cold_run_sanctions.beast(woman_warning) -> '18:23_a_woman_shall_not_stand_before_a_beast' [IMPORT, live call]; Mishnah Sanhedrin 7:4 'the woman who brings
  ordinances.capital('devoted_seats')                            {'v': 4, 'p': 'INK', 'why': "22:19 'one who sacrifices to gods shall be DEVOTED (יחרם)' — the verb at [('Exod', 22, 19), ('Ezra', 10, 8), ('Lev', 27, 28), ('Lev', 27, 29)]: this verse, Lev 27:28-29's devoted things ('shall surely be put to death'), Ezra 10:8's
  ordinances.capital('idolater_row')                             {'v': 'serves_sacrifices_incense_libation_bows_accepts_says', 'p': 'ANSWER-SHEET', 'why': "Mishnah Sanhedrin 7:6: the idolater — one who serves, sacrifices, burns incense, pours, bows, accepts it as a god, says 'you are my god'; the embracer and kisser a prohi
  ordinances.capital('joining')                                  {'v': 'R_Shimon_b_Yochai_liable', 'p': 'MOVE', 'why': "Mekhilta on Exod 22:19: joining His name with another (Kings' 'fearing the LORD and serving their gods') — R. Shimon b. Yochai: liable to destruction; the mountains verse against the hidden-idolatry excuse
  ordinances.capital('service_architecture')                     {'v': 'temple_services_for_any_idol', 'p': 'MOVE', 'why': "Mekhilta on Exod 22:19: 'sacrificing' was in the general rule and left it to teach — the Temple's inside-services (slaughter and its kin) are liable for ANY idol whether or not that is its cult; other 
  ordinances.capital('sorceress_deed')                           {'v': 'doer_liable_deceiver_exempt', 'p': 'ANSWER-SHEET', 'why': "Mishnah Sanhedrin 7:11: the sorcerer who DOES a deed is liable, not the one who deceives the eyes — R. Akiva in R. Yehoshua's name: two gather cucumbers, one exempt, one liable", 'fx': ['stoned'
  ordinances.capital('sorceress_gender')                         {'v': 'man_and_woman_alike', 'p': 'MOVE', 'why': "22:17 'a SORCERESS (מכשפה) you shall not let live' — the noun at [('Exod', 22, 17)] alone in the Tanakh, feminine; Mekhilta on Exod 22:17: man and woman alike — the verse speaks of the common case (Mishnah Sanh
  ordinances.capital('sorceress_mode')                           {'v': 'stoning', 'p': 'ANSWER-SHEET', 'why': "Mishnah Sanhedrin 7:4: THE SORCERER among the stoned; the mode disputed at Mekhilta on Exod 22:17 — R. Yishmael: the sword, by 'shall not live' with Deut 20:16's 'you shall not let any soul live'; R. Akiva: stoning
  ordinances.capital('sorceress_warning')                        {'v': 'Deut_18_10', 'p': 'MOVE', 'why': "Mekhilta on Exod 22:17: the warning is Deut 18:10's 'there shall not be found among you... a sorcerer' — the punishment here, the warning there (the warning-completion move M-20)", 'fx': ['—']}
==== cold_run_ordinances.courts sig ('q',) (12538 chars) asks-in-source ['announce_duration', 'asymmetry', 'begin_from_side', 'bribe', 'bribe_absolute', 'circumstantial', 'common_case_animals', 'deceiver', 'dissenter', 'enemy_ox', 'enemy_three_days', 'false_report', 'father_says_no', 'grudge', 'keep_far', 'lying_under', 'majority_hapax', 'measure', 'needy_in_his_cause', 'no_retrial_acquitted', 'oath_class', 'one_vs_two', 'onkelos_teaching', 'poor_not_glorified', 'return_doubled', 'ris', 'sign_and_claimant', 'stranger_repeat', 'straying', 'three_warnings', 'twenty_three', 'unload_doubled', 'unload_load', 'who_is_enemy', 'with_him', 'witness_of_violence']
def courts(q):
        if q == 'false_report':
            return cell('hapax', I, f"23:1 'you shall not raise a FALSE REPORT (שמע שוא)' — the phrase at {c_false_report} alone; 'wicked' in Exodus at {c_wicked} — this verse "
       

  ordinances.courts('announce_duration')                         {'v': 'R_Meir_neighbors_R_Yehuda_three_pilgrimages', 'p': 'ANSWER-SHEET', 'why': 'Mishnah Bava Metzia 2:6: until his neighbors know (R. Meir); three pilgrimages and seven days (R. Yehuda)', 'fx': ['—']}
  ordinances.courts('asymmetry')                                 {'v': 'acquit_by_one_convict_by_two', 'p': 'MOVE', 'why': "Mekhilta on Exod 23:2: 'you are not with them for evil but you ARE with them for good' — twelve acquit against eleven, acquitted; thirteen convict against ten, convicted; eleven against twelve does not
  ordinances.courts('begin_from_side')                           {'v': 'capital_from_the_side', 'p': 'ANSWER-SHEET', 'why': "Mishnah Sanhedrin 4:2: purity cases begin from the greatest, CAPITAL CASES FROM THE SIDE — the link at 23:2's 'do not answer on a case' read 'on the master' (the junior speaks first)", 'fx': ['majorit
  ordinances.courts('bribe')                                     {'v': 'the_bribed_judges_eyes_dim', 'p': 'IMPORT', 'why': "23:8 'and a BRIBE you shall not take, for the bribe blinds the OPEN-EYED (פקחים) and twists the words of the righteous' — 'open-eyed' at [('Exod', 23, 8)] alone, the bribe noun's Torah seats [('Deut', 
  ordinances.courts('bribe_absolute')                            {'v': 'even_to_judge_truly', 'p': 'MOVE', 'why': "Mekhilta on Exod 23:6-8: bribery absolute — even to judge truly; the taker's threefold blindness ladder (R. Natan: Torah confusion, dependence on people, loss of eyesight)", 'fx': ['bribe_barred']}
  ordinances.courts('circumstantial')                            {'v': 'no_execution_without_witnesses', 'p': 'MOVE', 'why': "Mekhilta on Exod 23:7: the averted-eyes case — the knife dripping and no witnesses, NO EXECUTION (Shimon b. Shetach's narrative and the snake); single witnesses do not join across acts (one saw sun-w
  ordinances.courts('common_case_animals')                       {'v': 'ox_or_donkey_names_the_common_case', 'p': 'ANSWER-SHEET', 'why': "Mishnah Bava Kamma 5:7: ox and every beast alike for the return of the lost and the unloading; why 'ox or donkey'? the verse speaks of the common case — the Mekhilta's method name (22:30)
  ordinances.courts('deceiver')                                  {'v': 'examine_the_claimant', 'p': 'ANSWER-SHEET', 'why': "Mishnah Bava Metzia 2:7: the deceiver, even with the signs, not given — examine your brother whether he deceives; what works and eats, works and eats; Mekhilta on Exod 23:4's return ladder (near, far, 
  ordinances.courts('dissenter')                                 {'v': 'bound_and_silent', 'p': 'ANSWER-SHEET', 'why': "Mishnah Sanhedrin 3:7: the judge leaving may not say 'I acquitted and my colleagues convicted' — 'do not go talebearing' (Lev 19:16); the majority's verdict is the court's own", 'fx': ['majority_decides']}
  ordinances.courts('enemy_ox')                                  {'v': 'return_it', 'p': 'INK', 'why': "23:4 'if you MEET your enemy's ox or his donkey straying, you shall surely return it to him' — 'you shall meet' (תפגע) at [('Exod', 23, 4), ('Jer', 7, 16)] (Jeremiah 7:16 the other); 'your enemy' (איבך) at 6 seats; Deut 2
  ordinances.courts('enemy_three_days')                          {'v': 'three_days_without_speech', 'p': 'ANSWER-SHEET', 'why': "Mishnah Sanhedrin 3:5: the enemy — whoever has not spoken with him three days in enmity (a judge's disqualification; the sages: Israel are not suspected as witnesses) — the enemy defined by a cloc
  ordinances.courts('false_report')                              {'v': 'hapax', 'p': 'INK', 'why': "23:1 'you shall not raise a FALSE REPORT (שמע שוא)' — the phrase at [('Exod', 23, 1)] alone; 'wicked' in Exodus at [('Exod', 23, 1), ('Exod', 23, 7)] — this verse and 23:7, the chapter's own pair", 'fx': ['false_report_barred
  ordinances.courts('father_says_no')                            {'v': 'do_not_listen', 'p': 'ANSWER-SHEET', 'why': "Mishnah Bava Metzia 2:10: his father said 'defile' or 'do not return' — he does not listen; Mekhilta on Exod : parents are themselves bound by the commandments", 'fx': ['unloading_owed']}
  ordinances.courts('grudge')                                    {'v': 'leave_what_is_in_your_heart', 'p': 'MOVE', 'why': "Onkelos Exod 23:5: 'you shall surely LEAVE what is in your heart against him and unload with him' — the grudge released with the load, inside the translation; Mekhilta on Exod : 'azov ta'azov' read both
  ordinances.courts('keep_far')                                  {'v': 'hapax', 'p': 'INK', 'why': "23:7 'from a FALSE MATTER keep far' — the phrase at [('Exod', 23, 7)] alone; Mekhilta on Exod : no ignorant colleague on the bench, no advocates beside the judge, R. Natan: the warning against heresy", 'fx': ['false_report_ba
  ordinances.courts('lying_under')                               {'v': 'hapax', 'p': 'INK', 'why': "23:5 'if you see the donkey of one who hates you LYING UNDER ITS BURDEN' — the phrase at [('Exod', 23, 5)] alone; 'one who hates you' (שנאך) at [('Exod', 23, 5), ('Prov', 25, 21)] (Proverbs 25:21's 'if your enemy hungers' the
  ordinances.courts('majority_hapax')                            {'v': 'hapax', 'p': 'INK', 'why': "23:2 'you shall not follow AFTER THE MANY for evil... to tilt after the many' — 'after the many' at [('Exod', 23, 2)] alone, 'for evil' (לרעת) at [('Exod', 23, 2)] alone, 'to tilt' (להטת) at [('Exod', 23, 2)] alone: the verse
  ordinances.courts('measure')                                   {'v': 'a_load_it_can_bear', 'p': 'ANSWER-SHEET', 'why': "Mishnah Bava Metzia 2:10 (R. Yosei HaGelili): more than its load — not liable, 'UNDER its burden' = a load it can bear; Mekhilta on Exod : 'lying' — not a habitual lier-down", 'fx': ['unloading_owed']}
  ordinances.courts('needy_in_his_cause')                        {'v': 'hapax_the_wicked_and_worthy_pair', 'p': 'INK', 'why': "23:6 'you shall not pervert the judgment of YOUR NEEDY in his cause' — 'your needy' (אבינך) at [('Exod', 23, 6)] alone; 'pervert judgment' at [('Deut', 16, 19), ('Deut', 24, 17), ('Exod', 23, 6)] (D
  ordinances.courts('no_retrial_acquitted')                      {'v': 'reversed_for_merit_not_for_liability', 'p': 'ANSWER-SHEET', 'why': "23:7 'and the INNOCENT and the RIGHTEOUS do not kill' — the pair at [('Exod', 23, 7)] alone; Mishnah Sanhedrin 4:1: capital cases are reversed for merit, not for liability; Mekhilta on 
  ordinances.courts('oath_class')                                {'v': 'fit_not_disqualified', 'p': 'ANSWER-SHEET', 'why': 'Mishnah Shevuot 4:1: the oath of testimony applies to the fit and not the disqualified, to men not women, to the distant not the relatives — the witness of violence outside the class', 'fx': ['oath_imp
  ordinances.courts('one_vs_two')                                {'v': 'merit_by_one_liability_by_two', 'p': 'ANSWER-SHEET', 'why': 'Mishnah Sanhedrin 4:1: money cases tilt by one either way; capital cases tilt by ONE for merit and by TWO for liability; reversed for merit, not for liability', 'fx': ['majority_decides']}
  ordinances.courts('onkelos_teaching')                          {'v': 'teach_what_you_see', 'p': 'MOVE', 'why': "Onkelos Exod 23:2 expands the verse into three rulings: 'do not refrain from TEACHING what you see about the judgment; after the many the judgment is completed'", 'fx': ['majority_decides']}
  ordinances.courts('poor_not_glorified')                        {'v': 'each_verse_its_referent', 'p': 'MOVE', 'why': "23:3 'and the POOR you shall not GLORIFY in his cause' — 'you shall not glorify' (תהדר) at [('Exod', 23, 3), ('Lev', 19, 15)]: this and Lev 19:15's 'you shall not glorify the great'; Mekhilta on Exod 23:3: 
  ordinances.courts('return_doubled')                            {'v': 'even_four_and_five_times', 'p': 'ANSWER-SHEET', 'why': "Mishnah Bava Metzia 2:9: returned and it fled, returned and it fled, even four and five times — liable, 'RETURN, you shall return' (Deut 22:1; this verse's doubled 'return, you shall return it' the
  ordinances.courts('ris')                                       {'v': 'one_in_seven_and_a_half_of_a_mil', 'p': 'DATA', 'why': "Mekhilta on Exod 23:5: 'see' and 'meet' reconciled by MEASURE — the sages measured the RIS, one in seven and a half of a mil, as the duty distance; the number is the data channel", 'fx': ['—']}
  ordinances.courts('sign_and_claimant')                         {'v': 'signs_and_claimants', 'p': 'ANSWER-SHEET', 'why': "Mishnah Bava Metzia 2:5: the garment went out to teach — whatever has SIGNS and CLAIMANTS must be announced; 2:1: sign-less finds are the finder's", 'fx': ['restores']}
  ordinances.courts('stranger_repeat')                           {'v': 'know_the_strangers_soul_from_your_own', 'p': 'IMPORT', 'why': "23:9 'and a stranger you shall not oppress, for you know THE SOUL OF THE STRANGER, for you were strangers in Egypt' — 'the soul of the stranger' at [('Exod', 23, 9)] alone; the Mekhilta carr
  ordinances.courts('straying')                                  {'v': 'outside_the_boundary', 'p': 'MOVE', 'why': "Mekhilta on Exod 23:4: 'straying' = outside the boundary — Gen 37:15's straying Joseph the witness (the gen_60 ink cited)", 'fx': ['restores']}
  ordinances.courts('three_warnings')                            {'v': ['receiver_of_slander', 'judge_hearing_one_alone', 'litigant_arguing_alone'], 'p': 'MOVE', 'why': "Mekhilta on Exod 23:1: 'do not raise' as THREE warnings — the receiver of slander; the judge not hearing one litigant before the other stands; the litigant
  ordinances.courts('twenty_three')                              {'v': 23, 'p': 'ANSWER-SHEET', 'why': "Mishnah Sanhedrin 1:6: the small court is twenty-three — a judging and a delivering congregation (Num 35:24-25), ten each; and three more from 'DO NOT FOLLOW THE MANY FOR EVIL': not for evil as for good — for good by one,
  ordinances.courts('unload_doubled')                            {'v': 'even_four_and_five_times', 'p': 'ANSWER-SHEET', 'why': "23:5 'UNLOAD, you shall unload with him' (עזב תעזב) at [('Exod', 23, 5)] alone; Mishnah Bava Metzia 2:10: unloaded and it loaded, even four and five times — liable, 'you shall surely unload'", 'fx'
  ordinances.courts('unload_load')                               {'v': 'unloading_torah_loading_disputed', 'p': 'ANSWER-SHEET', 'why': "Mishnah Bava Metzia 2:10: unloading is a Torah duty, loading not (R. Shimon: loading too); Mekhilta on Exod 23:5: R. Yoshiyah both in 'unload'; R. Yehuda b. Beteira splits the verses; R. Yi
  ordinances.courts('who_is_enemy')                              {'v': ['idolater', 'relapsed_convert', 'transgressor', 'son_after_a_quarrel'], 'p': 'MOVE', 'why': "Mekhilta on Exod 23:4: who is 'your enemy' — the idolater (R. Yoshiyah), the relapsed convert (R. Eliezer), the Israelite transgressor (R. Yitzchak), R. Natan's
  ordinances.courts('with_him')                                  {'v': 'owner_idle_exempts', 'p': 'ANSWER-SHEET', 'why': "Mishnah Bava Metzia 2:10: the owner went and sat, 'since the duty is on you, unload if you wish' — EXEMPT, 'WITH HIM'; old or sick — liable; Mekhilta on Exod 23:5: 'with him' — only if he shares the work
  ordinances.courts('witness_of_violence')                       {'v': 'robbers_disqualified', 'p': 'MOVE', 'why': "23:1 'do not set your hand with the wicked to be a WITNESS OF VIOLENCE (עד חמס)' — the phrase at [('Deut', 19, 16), ('Exod', 23, 1)]: this and Deut 19:16's scheming witness; Mekhilta on Exod  (R. Natan): the v
==== cold_run_erection.calf sig ('q',) (11302 chars) asks-in-source ['boshesh', 'both_sides_charut', 'bow_likened', 'chag_layhwh', 'confess_specify', 'fill_your_hand', 'four_verbs', 'fourth_verb_decides', 'great_sin', 'individual_rule', 'letzachek', 'levi_all', 'mi_layhwh', 'molten_calf', 'nullification_dispute', 'oath_endures', 'para_pharaoh', 'plague', 'reading_law', 'relent', 'saru_stiff', 'seized', 'services_by_call', 'sotah_verb', 'surcharge', 'three_books', 'three_deaths', 'three_legged', 'vav_plural', 'vayechal', 'vow_annulled']
def calf(q):
        if q == 'molten_calf':
            return cell(4, I, "'a MOLTEN CALF' at %s — the two calf verses, Deuteronomy's retelling, and Nehemiah's confession; 'these are your gods, Israel' at %s and 'who brought you

  erection.calf('boshesh')                                       {'v': 'the_sixth_hour_came', 'p': 'MOVE', 'why': "Shabbat 89a:6 (opened) — R. Yehoshua b. Levi: 32:1 'Moses was LATE (boshesh)' — read not boshesh but BA'U SHESH, the sixth hour came: the calf's timing derived by a recorded revocalization of the narrative's ve
  erection.calf('both_sides_charut')                             {'v': (1, 1), 'p': 'INK', 'why': "32:15 'written on BOTH THEIR SIDES' a hapax; 32:16 'ENGRAVED (charut) on the tablets' a hapax — the tablets' two ink-facts, each once in the Tanakh", 'fx': ['tablets_delivered']}
  erection.calf('bow_likened')                                   {'v': 'bowing_likened_to_sacrificing', 'p': 'MOVE', 'why': "the capital block (round 25, credited): Sanhedrin 63a:14 — 'they bowed to it and sacrificed to it' (32:8): the bowing likened (hekesh) to the sacrificing — death for the bow; Sanhedrin 56b:10 (credite
  erection.calf('chag_layhwh')                                   {'v': 5, 'p': 'INK', 'why': "32:5 'a FEAST TO THE LORD tomorrow' — Aaron's phrase at ['Exod 12:14', 'Exod 13:6', 'Exod 32:5', 'Lev 23:41', 'Num 29:12']: the Passover's (12:14, 13:6), the calf's, Sukkot's (Lev 23:41, Num 29:12); 32:6 'they offered burnt offerin
  erection.calf('confess_specify')                               {'v': ('specify', 'do_not_specify'), 'p': 'MOVE', 'why': "Yoma 86b:14 (opened) — 'one must SPECIFY the sin, as it says (32:31) this people has sinned a great sin, and they made themselves gods of gold' (R. Yehuda b. Bava); R. Akiva: 'happy is he whose sin is c
  erection.calf('fill_your_hand')                                {'v': (1, 2), 'p': 'INK', 'why': "32:29 'FILL YOUR HAND today to the LORD' — the phrase a hapax; the installation idiom's two 'and you shall fill the hand' (28:41, 29:9) by call into the incense-shekel engine (IS.persons(fill_hand) -> 2): the Levites ordained 
  erection.calf('four_verbs')                                    {'v': ['וישרף', 'ויטחן', 'ויזר', 'וישק'], 'p': 'INK', 'why': "32:20 the calf's end in FOUR verbs — ['וישרף', 'ויטחן', 'ויזר', 'וישק']: burned, ground, scattered, made-to-drink; 'until it was fine' at ['Deut 9:21', 'Exod 32:20'] (Deut 9:21 adds 'to dust'); 'and
  erection.calf('fourth_verb_decides')                           {'v': 'a_test_not_a_nullification', 'p': 'MOVE', 'why': "Avodah Zarah 44a:2 (opened) — the sages to R. Yosei: 'from there a proof? it says (32:20) he scattered on the water and made the children of Israel DRINK — he intended only to TEST them like suspected wi
  erection.calf('great_sin')                                     {'v': 4, 'p': 'INK', 'why': "'a GREAT SIN' at ['Exod 32:21', 'Exod 32:30', 'Exod 32:31', 'Gen 20:9'] — three times in this chapter (Moses to Aaron, Moses to the people, Moses to God) and Abimelech's (Gen 20:9): the token shared by idolatry and adultery; Arakhi
  erection.calf('individual_rule')                               {'v': 'him_I_will_blot', 'p': 'INK', 'why': "32:33 'WHOEVER has sinned against Me, HIM I will blot from My book' — a hapax: substitution refused, each entry answering for itself (Onkelos: 'whoever sinned before Me, HIM'); the individual rule the attributes' 'v
  erection.calf('letzachek')                                     {'v': 4, 'p': 'INK', 'why': "32:6 'they rose to PLAY' — 'to play' at ['Exod 32:6', 'Ezek 23:32', 'Gen 39:14', 'Gen 39:17']: Potiphar's wife's word twice (Gen 39:14, 39:17), the calf's, Ezekiel's cup — the token the tradition reads as the three cardinal sins (t
  erection.calf('levi_all')                                      {'v': 'the_tribe_did_not_worship', 'p': 'MOVE', 'why': "Yoma 66b:15 (opened) — Rav Yehuda: the tribe of Levi did not worship idols — 'Moses stood in the gate of the camp and said whoever is for the LORD, to me — and ALL the sons of Levi gathered to him'", 'fx'
  erection.calf('mi_layhwh')                                     {'v': (1, 2), 'p': 'INK', 'why': "32:26 'WHOEVER IS FOR THE LORD, to me' a hapax; 32:27 'every man his SWORD on his thigh' at ['Exod 32:27', 'Song 3:8'] — the Song's sixty warriors the other seat", 'fx': ['slain_by_sword']}
  erection.calf('molten_calf')                                   {'v': 4, 'p': 'INK', 'why': "'a MOLTEN CALF' at ['Deut 9:16', 'Exod 32:4', 'Exod 32:8', 'Neh 9:18'] — the two calf verses, Deuteronomy's retelling, and Nehemiah's confession; 'these are your gods, Israel' at ['Exod 32:4', 'Exod 32:8'] and 'who brought you UP' 
  erection.calf('nullification_dispute')                         {'v': ('grind_and_scatter', 'becomes_manure'), 'p': 'ANSWER-SHEET', 'why': "Mishnah Avodah Zarah 3:3 — R. Yosei: GRIND AND SCATTER to the wind or cast into the sea; the sages: even so it becomes manure ('you shall not let anything of the banned cleave to your 
  erection.calf('oath_endures')                                  {'v': 'oath_by_the_name_endures', 'p': 'MOVE', 'why': "Berakhot 32a:24 (opened) — 32:13 'whom You swore to them BY YOURSELF': had You sworn by heaven and earth, as they pass so the oath; by Your great Name — as it lives forever, the oath stands forever — the o
  erection.calf('para_pharaoh')                                  {'v': ([('Exod', 32, 25), ('Gen', 41, 45), ('Gen', 41, 50), ('Gen', 46, 20), ('Num', 6, 5)], [('Ezek', 44, 20), ('Num', 5, 18)], 207), 'p': 'INK', 'why': "32:25 'for Aaron had LET IT LOOSE' (פרעה) — the verb's consonants are PHARAOH'S NAME (207 seats of the ki
  erection.calf('plague')                                        {'v': (5, 31), 'p': 'INK', 'why': "32:35 'and the LORD PLAGUED the people' — the verb at 5 seats (['1Sam 25:38', '2Chr 14:11', '2Sam 12:15', 'Exod 32:35', 'Judg 20:35']); the plague-noun's family at 31 seats, 30:12's 'no plague when you count them' among them:
  erection.calf('reading_law')                                   {'v': 'second_read_not_translated', 'p': 'ANSWER-SHEET', 'why': "Mishnah Megillah 4:10 (the link row at 32:21) — the first calf account read and translated, the SECOND read and NOT translated; Megillah 25b:11 (opened): 'which is the second? from and Moses said
  erection.calf('relent')                                        {'v': (5, 5), 'p': 'INK', 'why': "32:14 'and the LORD RELENTED of the evil' — 'and the LORD relented' at 5 seats (['2Sam 24:16', 'Exod 32:14', 'Gen 6:6', 'Jer 26:13', 'Jer 26:19']); 'relented... of the evil' at 5 (['1Chr 21:15', 'Exod 32:14', 'Joel 2:13', 'Jon
  erection.calf('saru_stiff')                                    {'v': (3, 6), 'p': 'INK', 'why': "'they have turned QUICKLY' at 3 seats (['Deut 9:12', 'Exod 32:8', 'Judg 2:17']); 'STIFF-NECKED' at 6 (['Deut 9:6', 'Deut 9:13', 'Exod 32:9', 'Exod 33:3', 'Exod 33:5', 'Exod 34:9']) — four in this span, the phrase born at the c
  erection.calf('seized')                                        {'v': 'moses_seized_him', 'p': 'MOVE', 'why': "Berakhot 32a:16 (opened) — 32:10 'LET ME ALONE' (a hapax): R. Abahu — 'were it not written one could not say it': Moses SEIZED the Holy One as a man seizes his fellow's garment — 'I will not release You until You 
  erection.calf('services_by_call')                              {'v': 'serves_sacrifices_incense_libation_bows_accepts_says', 'p': 'IMPORT', 'why': "32:8 'they BOWED to it and SACRIFICED to it' — two of the capital services: cold_run_ordinances.capital(idolater_row) -> 'serves_sacrifices_incense_libation_bows_accepts_says'
  erection.calf('sotah_verb')                                    {'v': [('Num', 5, 24), ('Num', 5, 27)], 'p': 'INK', 'why': "the sotah's 'and he shall make her drink' (והשקה) at ['Num 5:24', 'Num 5:27'] — Num 5's rite the calf's fourth verb runs at national scale (Onkelos: 'and he made the sons of Israel drink'); 32:25 'let
  erection.calf('surcharge')                                     {'v': 'one_twenty_fourth', 'p': 'MOVE', 'why': "Sanhedrin 102a:15 (opened) — R. Yitzchak: no punishment comes to the world without one twenty-fourth of a litra of the first calf in it — 32:34 'and on the day I VISIT I will visit their sin upon them' (a hapax):
  erection.calf('three_books')                                   {'v': ('wicked', 'righteous', 'middling'), 'p': 'MOVE', 'why': "Rosh Hashanah 16b:14 (opened) — Rav Nachman b. Yitzchak: the three books opened on the New Year from 32:32 — 'BLOT ME' the wholly wicked's, 'FROM YOUR BOOK' the wholly righteous', 'WHICH YOU WROTE
  erection.calf('three_deaths')                                  {'v': {'sword': 'witnesses_and_warning', 'plague': 'witnesses_no_warning', 'dropsy': 'neither'}, 'p': 'MOVE', 'why': "Yoma 66b:14 (opened) — 'witnesses and warning — by the SWORD (32:27-28); witnesses without warning — by DEATH (32:35's plague); neither — by D
  erection.calf('three_legged')                                  {'v': 'one_leg_cannot_stand', 'p': 'MOVE', 'why': "Berakhot 32a:17 (opened) — 'I will make YOU a great nation': R. Elazar — a three-legged chair (the fathers) cannot stand before Your anger, a one-legged chair how much less — the a-fortiori inside the interces
  erection.calf('vav_plural')                                    {'v': 'they_desired_many_gods', 'p': 'MOVE', 'why': "the capital block (round 25, credited): Sanhedrin 63a:17 — R. Shimon b. Yochai: 'which brought you UP' (plural) — they desired many gods; Avodah Zarah 53b:10 (opened): the plural formula proves the intent fo
  erection.calf('vayechal')                                      {'v': 14, 'p': 'INK', 'why': "32:11 'and Moses BESEECHED' (ויחל) — the token at 14 seats of the Tanakh (Jehoahaz, Hezekiah's Micah, Jonah's Nineveh among them); Berakhot 30b:9: the prayer's posture from it", 'fx': ['decree_relented']}
  erection.calf('vow_annulled')                                  {'v': 'annulled_his_vow_by_the_vows_law', 'p': 'MOVE', 'why': "Berakhot 32a:19 (opened) — RAVA: 'vayechal' — until He ANNULLED His vow for Him: 'vayechal' here, 'he shall not profane (yachel) his word' there (Num 30:3) — he cannot annul but others annul for hi
==== cold_run_erection.cloud sig ('q',) (3634 chars) asks-in-source ['could_not', 'dwell_by_call', 'fire_night', 'first_lifting', 'glory_filled', 'journeys', 'meeting_by_call', 'numbers_9', 'protocol', 'within_within']
def cloud(q):
        if q == 'glory_filled':
            return cell(7, I, "40:34-35 'the cloud covered the tent of meeting and THE GLORY OF THE LORD FILLED THE TABERNACLE' — the filling at %s: the tabernacle twice, Solomon's T

  erection.cloud('could_not')                                    {'v': 4, 'p': 'INK', 'why': "'and Moses COULD NOT enter' (40:35) with 'and the priests could not stand / enter' at ['Exod 40:35', '1Kgs 8:11', '2Chr 5:14', '2Chr 7:2'] — the same shape at the dedication of the Temple: the cloud, the glory filling, the servant 
  erection.cloud('dwell_by_call')                                {'v': (['1Kgs 6:13', 'Exod 29:45', 'Zech 8:3'], 'the_people_not_the_building'), 'p': 'IMPORT', 'why': "the promise's seats by call — IS.tamid(dwell) -> ['1Kgs 6:13', 'Exod 29:45', 'Zech 8:3'] (29:45 'and I will dwell in the midst of the children of Israel'; 1 
  erection.cloud('fire_night')                                   {'v': (7, 8), 'p': 'INK', 'why': "'fire by night' with the cloud at 7 seats (['Deut 1:33', 'Exod 40:38', 'Isa 4:5', 'Neh 9:12', 'Num 9:16', 'Num 14:14', 'Ps 105:39']); 'by day' with the cloud at 8 (['Exod 13:21', 'Exod 13:22', 'Exod 40:38', 'Isa 4:5', 'Neh 9:1
  erection.cloud('first_lifting')                                {'v': '20_iyar_year_2', 'p': 'MOVE', 'why': "the calendar block (round 22, credited): Rosh Hashanah 3a:5 — Num 10:11 'in the second year, in the second month, on the twentieth of the month, the cloud lifted from over the tabernacle of the testimony' — the prot
  erection.cloud('glory_filled')                                 {'v': 7, 'p': 'INK', 'why': "40:34-35 'the cloud covered the tent of meeting and THE GLORY OF THE LORD FILLED THE TABERNACLE' — the filling at ['1Kgs 8:11', '2Chr 5:14', '2Chr 7:2', 'Exod 40:34', 'Exod 40:35', 'Ezek 43:5', 'Ezek 44:4']: the tabernacle twice, S
  erection.cloud('journeys')                                     {'v': (6, ([('Exod', 40, 36)], [('Exod', 30, 8)], [('Num', 9, 22)])), 'p': 'INK', 'why': "'in all their journeys' at 6 seats (['Exod 17:1', 'Exod 40:36', 'Exod 40:38', 'Num 10:6', 'Num 10:12', 'Num 33:2']); the lifting's forms — plene at 40:36 (['Exod 40:36'])
  erection.cloud('meeting_by_call')                              {'v': ({'to_you_pl': ['Exod 29:42', 'Num 17:19'], 'to_you_sg': ['Exod 30:6', 'Exod 30:36']}, 'fulfilled_on_the_eighth_day', 'aaron_not_moses'), 'p': 'IMPORT', 'why': "the meeting's seats by call — IS.tamid(meeting) -> {'to_you_pl': ['Exod 29:42', 'Num 17:19'],
  erection.cloud('numbers_9')                                    {'v': (5, 9, 1), 'p': 'INK', 'why': "the protocol against Num 9:15-23 by the alignment engine: spec 5, run 9, matched 1 — Numbers restates it with its DURATIONS ('two days, a month, a year'; 'at the mouth of the LORD they camped') the parameters Exodus leaves 
  erection.cloud('protocol')                                     {'v': 'lift_then_journey_else_camp', 'p': 'INK', 'why': "40:36-37 'when the cloud LIFTED... they journeyed; and if the cloud did not lift, they did not journey until the day it lifted' — a standing protocol on one visible signal: the cloud's lifting a TEXT eve
  erection.cloud('within_within')                                {'v': 'within_within', 'p': 'MOVE', 'why': "the covenant block (round 23, credited): Yoma 4b:9 — 40:35 'could not enter' against 24:18 'came into the cloud': the school of R. Yishmael — within-within (the Presence took him in)", 'fx': ['barred_from_it']}
==== cold_run_sanctions.census sig ('q',) (2358 chars) asks-in-source ['burned', 'formula_grounding', 'karet_count', 'lashes', 'stoned', 'strangled']
def census(q):
        """The derived lists — the answer sheet's censuses recomputed from the matrix."""
        rows = {u: sanction(u)['v'] for u in UNIONS}
        if q == 'stoned':
            return cell(sorted(UNIONS[u][2] for u in

  sanctions.census('burned')                                     {'v': ['a woman and her mother'], 'p': 'INK', 'why': 'Sanhedrin 9:1 — the burning clause (20:14)', 'fx': ['burned_by_court']}
  sanctions.census('formula_grounding')                          {'v': '20:27_names_stoning_beside_the_formula', 'p': 'INK', 'why': "the decoder's ground: of the six formula seats [(20, 11), (20, 12), (20, 13), (20, 16), (20, 27)], exactly one carries a named mode — 20:27, stoning; Sifra, Kedoshim, Chapter 9 14 generalizes 
  sanctions.census('karet_count')                                {'v': 20, 'p': 'INK', 'why': "Keritot 1:1 — this span's members of the thirty-six: 17 karet unions (his father's wife, his mother, his daughter-in-law, the male, the man with a beast, the woman bringing a beast, a woman and her mother, a man's wife, his sister
  sanctions.census('lashes')                                     {'v': ["his brother's wife", "his father's brother's wife", "his father's sister", "his mother's sister", 'his sister', "his wife's sister", 'the menstruant'], 'p': 'INK', 'why': "Makkot 3:1 — the lash list = the karet-grade unions WITHOUT a court death (a dea
  sanctions.census('stoned')                                     {'v': ['his daughter-in-law', "his father's wife", 'his mother', 'the Molech giver', 'the curser of father and mother', 'the ghost-pit or familiar bearer', 'the male', 'the man with a beast', 'the woman bringing a beast'], 'p': 'INK', 'why': "Sanhedrin 7:4 — t
  sanctions.census('strangled')                                  {'v': ["a man's wife"], 'p': 'MOVE', 'why': 'Sanhedrin 11:1 — the bare "put to death" of 20:10 filled as strangling', 'fx': ['put_to_death']}
==== cold_run_sanctions.molech sig ('q', 'handed', 'passed', 'fire', 'to_molech') (3281 chars) asks-in-source ['all_who_stray', 'concealed', 'effects_chain', 'family', 'gentile_court', 'ladder', 'predicate', 'seed_scope', 'translation_gate', 'who_stones']
def molech(q, handed=True, passed=True, fire=True, to_molech=True, **k):
        if q == 'predicate':
            liable = handed and passed and fire and to_molech
            return cell('liable' if liable else 'exempt', I if liabl

  sanctions.molech('all_who_stray')                              {'v': 'all_foreign_services_swept_into_the_karet', 'p': 'INK', 'why': '20:5 "and all who stray after him to stray after Molech" — Sifra, Kedoshim, Section 4 15', 'fx': ['karet_cut_off']}
  sanctions.molech('concealed')                                  {'v': 'karet_by_Heaven_and_his_family', 'p': 'INK', 'why': '20:4-5 "if the people of the land hide their eyes... I will set My face against that man and against his family and cut him off" — the court\'s failure routes the case to Heaven\'s docket', 'fx': ['fa
  sanctions.molech('effects_chain')                              {'v': ['defiles_the_sanctuary', 'profanes_the_Name', 'removes_the_Presence', 'fells_by_the_sword', 'exiles'], 'p': 'MOVE', 'why': '20:3 "to defile My sanctuary and profane My holy Name" — Sifra, Kedoshim, Section 4 8\'s five-effect chain', 'fx': ['face_set_aga
  sanctions.molech('family')                                     {'v': 'afflictions_not_karet', 'p': 'MOVE', 'why': 'Sifra, Kedoshim, Section 4 13-14 — R. Shimon: what did the family sin? THE SHELTERING PRINCIPLE (they shield him); bounded: HE is cut off, the family under afflictions ("him I cut off"); Onkelos 20:5 "his sup
  sanctions.molech('gentile_court')                              {'v': 'their_unions_by_their_law_Israel_unions_by_Israel_law', 'p': 'MOVE', 'why': 'Sifra, Kedoshim, Section 4 2', 'fx': ['—']}
  sanctions.molech('ladder')                                     {'v': ['one_matter_to_many', 'one_court_to_many', 'lesser_courts_to_the_Sanhedrin_and_capital_law_taken'], 'p': 'MOVE', 'why': 'Sifra, Kedoshim, Section 4 9-11 — the concealment ladder, an institutional-decay induction recorded as law', 'fx': ['—']}
  sanctions.molech('predicate')                                  {'v': 'liable', 'p': 'INK', 'why': '20:2-4 "who GIVES of his seed to Molech" (three seats [(18, 21), (20, 2), (20, 3), (20, 4)]) + 18:21 "to PASS to Molech": handing and passing and Molech are the span\'s own tokens; "through FIRE" is Deut 18:10\'s [IMPORT] by
  sanctions.molech('seed_scope')                                 {'v': ['son', 'daughter', 'grandson', 'granddaughter', 'unfit_seed'], 'p': 'MOVE', 'why': 'Sifra, Kedoshim, Section 4 6-7 — "of his SEED": grandchildren and unfit seed included', 'fx': ['stoned']}
  sanctions.molech('translation_gate')                           {'v': 'silenced_with_rebuke', 'p': 'ANSWER-SHEET', 'why': 'Megillah 4:9 — rendering 18:21 as "to pass in Aramean-ness" (the intermarriage reading) is silenced: the four-condition predicate refuses it; Onkelos keeps the literal pass-through', 'fx': ['—']}
  sanctions.molech('who_stones')                                 {'v': 'the_people_of_the_land', 'p': 'INK', 'why': '20:2 "the people of the land shall stone him with stone" — Onkelos: the people of the house of Israel; Sifra, Kedoshim, Section 4 4: the court lacking strength — the people assist', 'fx': ['stoned']}
==== cold_run_sanctions.frame sig ('q',) (5195 chars) asks-in-source ['all_or_any', 'amorite_ways', 'canon_channel', 'compliance', 'court_warned', 'disqualified', 'festival_reading', 'karet_persons', 'land', 'lashes_discharge_karet', 'live_by_them', 'majority_threshold', 'nomoi', 'sanctify_yourselves', 'separate_species', 'sit_and_abstain', 'two_classes']
def frame(q, **k):
        if q == 'nomoi':
            return cell('their_civil_customs_not_their_buildings', M, '18:3 "in their STATUTES you shall not walk" — '
                        'Onkelos: their NOMOI; ' + SA + 'Section 8 8 

  sanctions.frame('all_or_any')                                  {'v': 'all_or_any_one', 'p': 'MOVE', 'why': '18:24 "defile not yourselves in ALL these" — Sifra, Acharei Mot, Chapter 13 16, 13 18: in all or in any one; the full inclusion census', 'fx': ['karet_cut_off']}
  sanctions.frame('amorite_ways')                                {'v': ['R._Meir_remedy_permitted', 'sages_forbidden_even_on_a_weekday'], 'p': 'MOVE', 'why': "Shabbat 6:10 — the locust's egg, the fox's tooth, the nail from the crucified: the sages — the ways of the Amorite (the customs class of 18:3; the item list the Tosef
  sanctions.frame('canon_channel')                               {'v': {'judgments': 'dinim', 'statutes': 'midrashot', 'keep': 'Mishnah', 'walk_in_them': 'the_deed'}, 'p': 'MOVE', 'why': "Sifra, Acharei Mot, Section 8 9 — 18:4 read as the four strata (the data channel's self-label)", 'fx': ['—']}
  sanctions.frame('compliance')                                  {'v': 'I_can_but_my_Father_decreed', 'p': 'MOVE', 'why': 'Sifra, Kedoshim, Chapter 9 12 — R. Elazar ben Azariah; Onkelos 20:26 "to be servants before Me"', 'fx': ['—']}
  sanctions.frame('court_warned')                                {'v': 'the_court_warned_over_the_charge', 'p': 'MOVE', 'why': '18:30 "keep My CHARGE" — Sifra, Acharei Mot, Chapter 13 22 (Onkelos: the charge of My Word); 13 4: "say to them" a warning to the court', 'fx': ['—']}
  sanctions.frame('disqualified')                                {'v': 'disqualified_from_following_Me', 'p': 'MOVE', 'why': 'Sifra, Acharei Mot, Chapter 13 22 — "defile yourselves in them and you are DISQUALIFIED"', 'fx': ['disqualified']}
  sanctions.frame('festival_reading')                            {'v': 'Acharei_Mot_on_the_Day', 'p': 'ANSWER-SHEET', 'why': "Megillah 3:5 — the Day of Atonement reads Lev 16 (the parashah's name; the moadim engine's context)", 'fx': ['—']}
  sanctions.frame('karet_persons')                               {'v': 'man_and_woman_the_doers_not_the_approach', 'p': 'INK', 'why': '18:29 "the SOULS that DO them shall be cut off" — Sifra, Acharei Mot, Chapter 13 20-21: both sexes; the doers, not the mere approach', 'fx': ['karet_cut_off']}
  sanctions.frame('land')                                        {'v': 'the_land_vomits_its_inhabitants', 'p': 'INK', 'why': '18:25, 18:28, 20:22 — the vomit verb at [(18, 25), (18, 28), (20, 22)]: "I visited its iniquity upon it" (Onkelos: I reckoned); Sifra, Acharei Mot, Chapter 13 16, 13 19 — the opened ledger, the land 
  sanctions.frame('lashes_discharge_karet')                      {'v': ['discharged_R._Chananya_b._Gamliel'], 'p': 'ANSWER-SHEET', 'why': 'Makkot 3:15 — "your brother shall be degraded... once lashed he is your brother" (Deut 25:3 [IMPORT])', 'fx': ['lashes']}
  sanctions.frame('live_by_them')                                {'v': 'transgress_and_live', 'p': 'MOVE', 'why': '18:5 — told privately "worship or be killed": he transgresses and lives (Sifra, Acharei Mot, Chapter 13 13); Onkelos 18:5 "to eternal life" beside it', 'fx': ['—']}
  sanctions.frame('majority_threshold')                          {'v': 'most_of_the_windpipe_vs_half_a_hairs_breadth', 'p': 'MOVE', 'why': 'Sifra, Kedoshim, Chapter 9 9 — "between the pure FOR YOU and the impure FOR YOU": most of the windpipe cut vs half — a hair\'s breadth between (the transmitted tolerance = data)', 'fx':
  sanctions.frame('nomoi')                                       {'v': 'their_civil_customs_not_their_buildings', 'p': 'MOVE', 'why': '18:3 "in their STATUTES you shall not walk" — Onkelos: their NOMOI; Sifra, Acharei Mot, Section 8 8 / Chapter 13 8: theaters, circuses, the Amorite ways; NOT their buildings and plantings', 
  sanctions.frame('sanctify_yourselves')                         {'v': 'the_idolatry_separation', 'p': 'MOVE', 'why': 'Sifra, Kedoshim, Chapter 10 2 — 20:7 read of idolatry specifically (19:2 carries the all-commandments reading)', 'fx': ['—']}
  sanctions.frame('separate_species')                            {'v': 'impure', 'p': 'IMPORT', 'why': '20:25 "SEPARATE between the pure beast and the impure" — CALLED cold_run_shemini.classify (the Lev 11 signs) -> \'impure\'', 'fx': ['—']}
  sanctions.frame('sit_and_abstain')                             {'v': 'rewarded_as_one_who_did_a_commandment', 'p': 'INK', 'why': 'Makkot 3:15 — R. Shimon FROM ITS OWN PLACE: "the souls that DO shall be cut off" (18:29) and "which a man shall DO and live" (18:5) — the two DO tokens censused ((True, True)): whoever sits and
  sanctions.frame('two_classes')                                 {'v': {'judgments': 'reason_would_have_written', 'statutes': 'decreed_no_permission_to_object'}, 'p': 'MOVE', 'why': 'Sifra, Acharei Mot, Chapter 13 9 — 18:4-5: theft, the unions, idolatry, blasphemy, bloodshed vs pig, mixed cloth, the levirate release, the le
==== cold_run_sanctions.severity sig ('q',) (1918 chars) asks-in-source ['mixed', 'murderer_mixed', 'orders', 'procedure', 'two_deaths']
def severity(q, **k):
        ORDER = {'sages': ['stoning', 'burning', 'killing', 'strangling'], 'R._Shimon': ['burning', 'stoning', 'strangling', 'killing']}
        if q == 'orders':
            return cell(ORDER, A, 'Sanhedrin 7:

  sanctions.severity('mixed')                                    "RAISED KeyError: 'modes'"
  sanctions.severity('murderer_mixed')                           {'v': ['all_exempt', 'R._Yehuda_confined'], 'p': 'ANSWER-SHEET', 'why': 'Sanhedrin 9:3 — a murderer mixed among others', 'fx': ['exempt']}
  sanctions.severity('orders')                                   {'v': {'sages': ['stoning', 'burning', 'killing', 'strangling'], 'R._Shimon': ['burning', 'stoning', 'strangling', 'killing']}, 'p': 'ANSWER-SHEET', 'why': "Sanhedrin 7:1 — the four handed to the court in two recorded orders; 9:3: the sages — stoning severer (
  sanctions.severity('procedure')                                {'v': {'burning': 'dung_to_the_knees_hard_scarf_in_soft_the_lit_wick_into_the_mouth', 'strangling': 'dung_to_the_knees_hard_scarf_in_soft_two_pull_until_the_soul_departs', 'stoning': 'one_stone_suffices_not_in_his_clothing'}, 'p': 'MOVE', 'why': 'Sanhedrin 7:2
  sanctions.severity('two_deaths')                               "RAISED KeyError: 'modes'"
==== cold_run_mekoshesh.capital_procedure sig ('case', 'data') (10320 chars) asks-in-source ['burial', 'confession', 'custody', 'hanging', 'mode', 'stones_and_a_stone', 'stoning', 'stripping', 'venue', 'warning']
def capital_procedure(case, data):
        del P[:]
        ask = case['ask']
        if ask == 'custody':
            ink('Num 15:34', '"and they placed him in the guard, for it had not been declared what should be done to him" — the h

  mekoshesh.capital_procedure({ask:burial})                      ("buried the same day in the court's graveyard for the stoned and the burned", ['buried'])
  mekoshesh.capital_procedure({ask:confession})                  ('a portion in the world to come — troubled this day, not the next (Achan)', ['confessed'])
  mekoshesh.capital_procedure({ask:custody})                     ('confined until it be declared — Rabbi Nechemya (from the blasphemer); the sages: not derived, a provisional edict', ['in_custody'])
  mekoshesh.capital_procedure({ask:hanging})                     ('not hanged (the sages: the blasphemer and the idolater alone)', ['—'])
  mekoshesh.capital_procedure({ask:mode})                        ('stoning — the severest of the four (the sages; Rabbi Shimon: burning)', ['—'])
  mekoshesh.capital_procedure({ask:stones_and_a_stone})          ("both verses fulfilled: the second witness's stone, all Israel's stones", ['—'])
  mekoshesh.capital_procedure({ask:stoning})                     "RAISED KeyError: 'died_at'"
  mekoshesh.capital_procedure({ask:stripping})                   ('stripped, covered in front', ['—'])
  mekoshesh.capital_procedure({ask:venue})                       ('outside the court, a little beyond it', ['—'])
  mekoshesh.capital_procedure({ask:warning})                     ('not put to death — no forewarning', ['exempt'])
==== cold_run_temurah.devote sig ('case',) (1758 chars) asks-in-source []
def devote(case):
        if case == 'status':
            return cell('most_holy_not_sold_not_redeemed', I, 'כל חרם קדש קדשים הוא ליהוה (every devoted thing is MOST HOLY '
                        'to the LORD, 27:28) — not sold, no

==== cold_run_chukat.arad_and_the_serpent sig ('case', 'data') (5103 chars) asks-in-source ['bite_and_burn', 'captive_acquired', 'cherem_law', 'hormah', 'light_bread', 'nehushtan', 'pole_word', 'serpent_heals', 'serpent_property', 'singular_serpent', 'spoke_against', 'turn_back', 'vow_form']
def arad_and_the_serpent(case, data):
        del P[:]
        ask = case['ask']
        if ask == 'captive_acquired':
            ink('21:1', '"and took some of them captive"')
            dat('the row captive_count: %s' % data['captive_co

  chukat.arad_and_the_serpent({ask:bite_and_burn})               ("the fiery serpents — the heifer's burn-word, usury's bite (21:6)", ['serpents_sent'])
  chukat.arad_and_the_serpent({ask:captive_acquired})            ("acquired by conquest — a gentile acquires a Jew by possession (Gittin 38a); the shelf's one maidservant", ['taken_captive'])
  chukat.arad_and_the_serpent({ask:cherem_law})                  ('the cherem executed — the devoted not redeemed, the persons put to death (21:3; Lev 27:28-29 by the temurah engine)', ['destroyed'])
  chukat.arad_and_the_serpent({ask:hormah})                      ('Hormah named at 21:3 after its use at 14:45 — the proleptic name closed; Judg 1:17 the second naming', ['hormah_named'])
  chukat.arad_and_the_serpent({ask:light_bread})                 ('the manna called light — absorbed in the limbs (Yoma 75a); ingrates (Avodah Zarah 5b)', ['confessed'])
  chukat.arad_and_the_serpent({ask:nehushtan})                   ('Nehushtan — broken by Hezekiah, the Sages agreed (2 Kgs 18:4; Berakhot 10b; Pesachim 56a)', ['—'])
  chukat.arad_and_the_serpent({ask:pole_word})                   ('the pole-word — the banner of Exod 17:15 and the sign of 26:10 (21:8-9)', ['—'])
  chukat.arad_and_the_serpent({ask:serpent_heals})               ('the serpent neither kills nor heals — the heart subjected to Heaven heals (Mishnah Rosh Hashanah 3:8)', ['healed'])
  chukat.arad_and_the_serpent({ask:serpent_property})            ("Moses' own serpent — not an idol by right, its worship notwithstanding (Avodah Zarah 44a)", ['set_on_the_pole'])
  chukat.arad_and_the_serpent({ask:singular_serpent})            ('the serpents sent, the serpent removed — plural then singular (21:6-9)', ['—'])
  chukat.arad_and_the_serpent({ask:spoke_against})               ('against God and against Moses likened — suspecting the teacher (Sanhedrin 110a)', ['confessed'])
  chukat.arad_and_the_serpent({ask:turn_back})                   ("14:25's turn-back run at 21:4 — the open debit closed (CF8)", ['—'])
  chukat.arad_and_the_serpent({ask:vow_form})                    ('the conditional vow — a portion sanctified for success (21:2; Eruvin 64b)', ['cherem_vowed'])
==== cold_run_balak.peor sig ('case', 'data') (9906 chars) asks-in-source ['aaron_and_phinehas', 'anger_third', 'aramean_woman', 'called_the_people', 'cast_before_god', 'dwelt_is_pain', 'for_its_sake', 'halakha_forgotten', 'hang_before_the_sun', 'idolatry_principle', 'judges_count', 'no_weapon_in_the_hall', 'peor_service', 'plague_count', 'shittim_name', 'spec_run', 'wine_decree_date', 'yoked_like_the_lid', 'zealot_rule']
def peor(case, data):
        q = case['ask']; P.clear()
        if q == 'spec_run':
            ink('25:1-2', "'the people began to whore after the daughters of Moab; and they called the people to the sacrifices of their gods, and 

  balak.peor({ask:aaron_and_phinehas})                           ("Aaron's incense clause and verb at Phinehas's spear — 'the plague was stayed' (17:13, 25:8) and 'he atoned for' (17:12, 25:13): the Sifrei's father-son title measured on the ink; korach's incense cell CALLED", ['plague_struck'])
  balak.peor({ask:anger_third})                                  ('the third anger (25:3) — its mark the plague, stayed by the spear (25:8)', ['mark_of_anger', 'plague_struck'])
  balak.peor({ask:aramean_woman})                                ("the Midianite woman's child would follow her (Kiddushin 3:12 by the family engine) — the case the zealots strike in (Mishnah Sanhedrin 9:6)", ['cohabits_with_an_aramean'])
  balak.peor({ask:called_the_people})                            ("'and they called the people' (25:2) — naked women met them (R. Eliezer) / they all had emissions (R. Yehoshua): DISPUTE (Bekhorot 5b)", ['—'])
  balak.peor({ask:cast_before_god})                              ("cast before God — 'shall twenty-four thousand fall for these?' (Sanhedrin 82b:3; Ps 106:30): the plague stayed at the spear, the count 24,000 by the parser", ['plague_struck', 'slain'])
  balak.peor({ask:dwelt_is_pain})                                ("'and Israel dwelt' — every 'and he dwelt' announces pain: Shittim, Jacob (Gen 37:1), Goshen (47:27), Judah and Israel (1 Kgs 5:5) — Sanhedrin 106a:15, the four seats computed", ['—'])
  balak.peor({ask:for_its_sake})                                 ("Zimri's licentiousness not for its own sake — twenty-four thousand fell (Nazir 23b; Horayot 10b); Tamar's for a mitzvah bore kings", ['—'])
  balak.peor({ask:halakha_forgotten})                            ('the law forgotten by Moses at 25:6 — the Sanhedrin wept, the zealot remembered (Sanhedrin 82a:12): the rule not taught, installed by the deed', ['wept'])
  balak.peor({ask:hang_before_the_sun})                          ("'hang them before the sun' — the heads installed as judges, the sinners judged by day and hanged (Sanhedrin 34b-35a; the Jerusalem Talmud); the wood-gatherer's court: the idolater hanged after stoning", ['commanded'])
  balak.peor({ask:idolatry_principle})                           ("the Peor congregation under 15:22-31's principle — the shelach engine's idolatry_principle row CALLED (its error cell)", ['yoked_to_baal_peor'])
  balak.peor({ask:judges_count})                                 ("the judges of Israel 78,600 (Exod 18:21's tiers by the exodus engine) — each executing two = 157,200 (the Jerusalem Talmud Sanhedrin 10:2:17; the Sifrei 131:2)", ['commanded'])
  balak.peor({ask:no_weapon_in_the_hall})                        ("the spear taken only after rising from the assembly (25:7) — one does not enter the study hall armed (Sanhedrin 82a:15); the Torah's one spear", ['—'])
  balak.peor({ask:peor_service})                                 ("baring oneself to Peor is its worship — liable as an idolater (Mishnah Sanhedrin 7:6): the Sifrei's rule at the reading, the answer sheet here", ['stoned'])
  balak.peor({ask:plague_count})                                 ("the plague's dead 24,000 (25:9) — Korach's formula and 14,700 (17:14); Simeon 59,300 -> 22,200 the checkpoint at the second census; the total 603,550 (bamidbar CALLED)", ['plague_struck'])
  balak.peor({ask:shittim_name})                                 ("Shittim the place's name (R. Eliezer) / an allusion to nonsense, harlotry and idolatry (R. Yehoshua) — DISPUTE (Bekhorot 5b)", ['encamped_at'])
  balak.peor({ask:spec_run})                                     ("Exod 34:15-16's spec RUN at 25:1-2 — whored after their daughters, ate of their sacrifices, bowed to their gods; the feminine 'their gods' at the two seats alone (the erection engine CALLED)", ['whored_after', 'bowed_to_their_gods'])
  balak.peor({ask:wine_decree_date})                             ("the decree on gentile wine is later than Peor — 'not yet forbidden' at Shittim (Sanhedrin 106a:10; the Sifrei; the Jerusalem Talmud): a law's installation dated by the shelf", ['—'])
  balak.peor({ask:yoked_like_the_lid})                           ("yoked to Baal-peor like a cord-bound lid on a vessel (Sanhedrin 64a:11 — 19:15's word, the reading's crown); Israel to the LORD like two dates lightly touching", ['yoked_to_baal_peor'])
  balak.peor({ask:zealot_rule})                                  ('zealots strike him — Zimri in the act (Mishnah Sanhedrin 9:6; Sanhedrin 82a); the cohabits entry OPEN from 25:6 to the spear', ['cohabits_with_an_aramean', 'slain'])
==== cold_run_beha.miriam sig ('case', 'data') (7898 chars) asks-in-source ['aaron_struck', 'admonition_days', 'article_blocks_identity', 'as_one_dead', 'as_snow', 'cushite', 'dayo', 'days', 'dibbur', 'dreams', 'foolish', 'grade', 'halt', 'humble', 'kin_rule', 'leper_shaves_on_festival', 'likeness', 'measure_for_measure', 'quarantine', 'remember_miriam', 'separation', 'short_prayer', 'suddenly', 'summons', 'who_declared', 'who_first']
def miriam(case, data):
        del P[:]
        ask = case['ask']
        if ask == 'who_first':
            ink('12:1', '"and Miriam SPOKE, and Aaron" — the feminine singular verb before two subjects: %s' % MIRIAM_FIRST); move('Sifrei

  beha.miriam({ask:aaron_struck})                                ('not struck (R. Yehuda b. Beteira); struck and healed (R. Akiva)', ['stricken_with_leprosy'])
  beha.miriam({ask:admonition_days})                             ('seven days — admonition', ['confined_seven_days'])
  beha.miriam({ask:article_blocks_identity})                     ("'the man' no match for 'man' — the article blocks the identity", ['evil_speech_spoken'])
  beha.miriam({ask:as_one_dead})                                 ('the leper among the four as dead', ['stricken_with_leprosy'])
  beha.miriam({ask:as_snow})                                     ("Moses' hand, Miriam, Gehazi — leprous as snow", ['stricken_with_leprosy'])
  beha.miriam({ask:cushite})                                     ('distinguished by her deeds (Zipporah) — beautiful', ['evil_speech_spoken'])
  beha.miriam({ask:dayo})                                        ('7 of 14 — dayo is Torah law', ['confined_seven_days'])
  beha.miriam({ask:days})                                        ('7 days', ['confined_seven_days'])
  beha.miriam({ask:dibbur})                                      ('harsh speech (dibbur)', ['evil_speech_spoken'])
  beha.miriam({ask:dreams})                                      ('the prophets in dreams; Moses mouth to mouth, not in riddles', ['evil_speech_spoken'])
  beha.miriam({ask:foolish})                                     ('foolish, then sinned', ['evil_speech_spoken'])
  beha.miriam({ask:grade})                                       ('confirmed — as one dead (the confirmed leper only)', ['stricken_with_leprosy'])
  beha.miriam({ask:halt})                                        ('the halt until she was gathered; then Paran', ['journey_halted'])
  beha.miriam({ask:humble})                                      ('humble — written without the yod, read with it', ['evil_speech_spoken'])
  beha.miriam({ask:kin_rule})                                    ("not his own, not his relatives' (R. Meir); only a priest declares", ['stricken_with_leprosy'])
  beha.miriam({ask:leper_shaves_on_festival})                    ('the leper shaves on the intermediate days', ['healed'])
  beha.miriam({ask:likeness})                                    ('seven bans on making one, one beholding (12:8)', ['evil_speech_spoken'])
  beha.miriam({ask:measure_for_measure})                         ("an hour at the Nile, seven days' halt — measure for measure", ['journey_halted'])
  beha.miriam({ask:quarantine})                                  ("shut out seven days — the leper's week (7)", ['confined_seven_days'])
  beha.miriam({ask:remember_miriam})                             ('the paradigm of evil speech (Deut 24:9)', ['evil_speech_spoken'])
  beha.miriam({ask:separation})                                  ("Moses' own a-fortiori, agreed to by God", ['evil_speech_spoken'])
  beha.miriam({ask:short_prayer})                                ('five words, the floor; forty days the ceiling; fluency the sign', ['healed'])
  beha.miriam({ask:suddenly})                                    ('beyond control — the three seats', ['evil_speech_spoken'])
  beha.miriam({ask:summons})                                     ('Aaron and Miriam — the summons reversed; the two came out', ['evil_speech_spoken'])
  beha.miriam({ask:who_declared})                                ('the Holy One Himself; Moses as a priest in the installation week (Rav); not Aaron her kin', ['stricken_with_leprosy'])
  beha.miriam({ask:who_first})                                   ('Miriam first — the feminine singular verb', ['evil_speech_spoken'])
==== cold_run_beha.march sig ('case', 'data') (6272 chars) asks-in-source ['ark_bearers', 'cloud_and_trumpets', 'clouds', 'date', 'day_stack', 'eighty_five', 'hobab', 'jethro_at_sinai', 'levites_places', 'order', 'princes_order', 'sanctuary_name', 'shekhinah_minimum', 'signs', 'spy_verb', 'three_days', 'year_turns']
def march(case, data):
        del P[:]
        ask = case['ask']
        if ask == 'date':
            ink('10:11', '"in the second year, in the second month, on the twentieth of the month" — ordinals %s, the day %s' % (DATE_ORD, DATE)

  beha.march({ask:ark_bearers})                                  ('four bearers (two plurals)', ['charge_kept'])
  beha.march({ask:cloud_and_trumpets})                           ('both kept — the cloud and the trumpets', ['arrayed_by_banners'])
  beha.march({ask:clouds})                                       ('seven clouds (Sifrei); 13 / 4 / 2 the other settings', ['arrayed_by_banners'])
  beha.march({ask:date})                                         ('(2, 2, 20) — the twentieth of Iyar, year two; the year does not turn in Iyar', ['arrayed_by_banners'])
  beha.march({ask:day_stack})                                    ('the march (2, 2, 20); the three days to the twenty-third; Hazeroth on the twenty-second of Sivan; Paran on the twenty-ninth', ['arrayed_by_banners'])
  beha.march({ask:eighty_five})                                  ('85 letters — the measure of a scroll (Mishnah Yadayim 3:5)', ['arrayed_by_banners'])
  beha.march({ask:hobab})                                        ('asked, refused, asked again — the answer not in the ink (Judg 1:16)', ['plea_made'])
  beha.march({ask:jethro_at_sinai})                              ('before the giving (R. Yehoshua); after (R. Elazar HaModai)', ['plea_made'])
  beha.march({ask:levites_places})                               ('Gershon and Merari after Judah bearing the tabernacle; Kohath after Reuben bearing the sanctuary — set up before their coming', ['charge_kept'])
  beha.march({ask:order})                                        ('judah, reuben, the tent in the midst, ephraim, dan — as they camp so they journey', ['arrayed_by_banners'])
  beha.march({ask:princes_order})                                ("the camp's order a third time — 2 = 7 = 10", ['arrayed_by_banners'])
  beha.march({ask:sanctuary_name})                               ("10:21's sanctuary is the ark and the vessels; the Tabernacle's name from Exod 25:8", ['charge_kept'])
  beha.march({ask:shekhinah_minimum})                            ("22,000 — the plurals' minimum (the shelf's datum; no numeral on the ink)", ['arrayed_by_banners'])
  beha.march({ask:signs})                                        ('a book in itself (Rebbi) / to separate the two punishments (R. Shimon b. Gamliel)', ['arrayed_by_banners'])
  beha.march({ask:spy_verb})                                     ("the ark's verb is the spies' verb — eight seats", ['journey_of_three_days'])
  beha.march({ask:three_days})                                   ("three days' journey — the timer; that very day they turned (the first punishment)", ['journey_of_three_days'])
  beha.march({ask:year_turns})                                   ('not in Iyar — Nisan and Iyar in one year', ['arrayed_by_banners'])
==== cold_run_mamre.moriah sig ('q',) (3686 chars) asks-in-source ['after_what', 'binding_verb_seats', 'countermand_closes', 'four_step_address', 'milcah_eight', 'nahor_sons_total', 'oath_reward_seats', 'ram_in_place', 'ram_seen_after', 'rams_horn', 'ten_trials_sheet', 'test_verb_seats', 'third_day', 'trials_named_by_the_ink']
def moriah(q):
        if q == 'test_verb_seats': return cell(1, I, "the test verb (נסה) at Gen 22:1 alone in Genesis (measured)", ['tried'])
        if q == 'ten_trials_sheet': return cell(10, A, "Mishnah Avot 5:3 — with ten tr

  mamre.moriah('after_what')                                     {'v': ('the_words_of_satan', 'the_words_of_ishmael'), 'p': 'MOVE', 'why': "Sanhedrin 89b:9 (R. Yochanan in R. Yose ben Zimra's name: after the words of Satan — 'the child grew and was weaned', 21:8) and 89b:14 (R. Levi: after the words of Ishmael to Isaac: 'I 
  mamre.moriah('binding_verb_seats')                             {'v': 1, 'p': 'INK', 'why': 'the binding verb (ויעקד) at Gen 22:9 alone in the Tanakh (measured)', 'fx': ['bound_on_the_altar']}
  mamre.moriah('countermand_closes')                             {'v': ('offering_of_the_son_owed', 'tried'), 'p': 'INK', 'why': "'do not send your hand against the lad' (22:12) closes the DEBIT of 22:2; 'now I know' closes the HEAVEN entry of 22:1 — two closes at one verse", 'fx': ['hand_stayed', 'god_fearing_known']}
  mamre.moriah('four_step_address')                              {'v': ('your_son', 'your_only_one', 'whom_you_love', 'isaac'), 'p': 'INK', 'why': "'your son, your only one, whom you love, Isaac' (22:2) — the four steps; Bereshit Rabbah 55:7 the dialogue at each", 'fx': ['offering_of_the_son_owed']}
  mamre.moriah('milcah_eight')                                   {'v': 8, 'p': 'INK', 'why': "'these eight Milcah bore to Nahor' (22:23) — the number parsed; the eight names of 22:21-22 (Uz, Buz, Kemuel, Chesed, Hazo, Pildash, Jidlaph, Bethuel) counted in the scene", 'fx': ['births_told', 'begotten']}
  mamre.moriah('nahor_sons_total')                               {'v': 12, 'p': 'INK', 'why': 'eight by Milcah and four by Reumah (22:24: Tebah, Gaham, Tahash, Maacah) — twelve, and Rebekah by Bethuel: thirteen begotten entries on the ledger', 'fx': ['begotten']}
  mamre.moriah('oath_reward_seats')                              {'v': ('stars', 'sand', 'the_gate_of_enemies', 'the_nations'), 'p': 'INK', 'why': "'as the stars of heaven and as the sand on the seashore; and your seed shall possess the gate of its enemies; and in your seed all the nations of the earth shall bless themselve
  mamre.moriah('ram_in_place')                                   {'v': 'olah', 'p': 'IMPORT', 'why': "CALLED cold_run_offerings.dispatch('olah') -> the burnt offering's place: 'and offered it up as a burnt offering in place of his son' (22:13) [IMPORT, live]: north", 'fx': ['olah_offered']}
  mamre.moriah('ram_seen_after')                                 {'v': 'after_the_generations', 'p': 'MOVE', 'why': "Bereshit Rabbah 56:9 — 'a ram AFTER' (22:13): R. Yudan — after all the generations Israel are caught in transgressions and entangled in troubles, and their end is to be redeemed by the horn of a ram", 'fx': [
  mamre.moriah('rams_horn')                                      {'v': 'the_binding_remembered', 'p': 'MOVE', 'why': "Rosh Hashanah 16a:16 — R. Abbahu: why a ram's horn? that I may remember for you the binding of Isaac son of Abraham, and account it as if you bound yourselves before Me", 'fx': ['bound_on_the_altar', 'ram_ca
  mamre.moriah('ten_trials_sheet')                               {'v': 10, 'p': 'ANSWER-SHEET', 'why': 'Mishnah Avot 5:3 — with ten trials Abraham our father was tried and stood in them all', 'fx': ['tried']}
  mamre.moriah('test_verb_seats')                                {'v': 1, 'p': 'INK', 'why': 'the test verb (נסה) at Gen 22:1 alone in Genesis (measured)', 'fx': ['tried']}
  mamre.moriah('third_day')                                      {'v': 3, 'p': 'INK', 'why': "'on the third day' (22:4) — the ordinal parsed; the marker of the tape (the binding's day plus two); Bereshit Rabbah 56:1 the third days", 'fx': ['place_seen_on_the_third_day']}
  mamre.moriah('trials_named_by_the_ink')                        {'v': 1, 'p': 'INK', 'why': "the ink names one trial by its verb (22:1); the shelf calls it the tenth (Bereshit Rabbah 56:11: 'the tenth trial'), but the list of ten is not on the local shelf (Avot de-Rabbi Natan absent) — the sequence runner CH1 files the DIV
==== cold_run_holiness.conduct sig ('q',) (6703 chars) asks-in-source ['blood', 'bribe', 'curse_deaf', 'equal_treatment', 'five_effects', 'great_rule', 'grudge', 'hate', 'heart', 'judge_is_measurer', 'no_favor', 'parents_equal', 'protocol', 'rebuke', 'revenge', 'scale_of_merit', 'secrecy', 'stumbling', 'talebearer', 'vow_opening', 'your_people']
def conduct(q, **k):
        if q == 'curse_deaf':
            return cell('all_your_people_the_deaf_carves_the_living', M, '19:14 "curse not the DEAF" — ' + SK + 'Section 2 13: '
                        'all your people via the jud

  holiness.conduct('blood')                                      "RAISED KeyError: 'case'"
  holiness.conduct('bribe')                                      {'v': 'the_bribed_judges_eyes_dim', 'p': 'IMPORT', 'why': 'Peah 8:9 — Exod 23:8 [IMPORT]', 'fx': ['judgment_perverted']}
  holiness.conduct('curse_deaf')                                 {'v': 'all_your_people_the_deaf_carves_the_living', 'p': 'MOVE', 'why': '19:14 "curse not the DEAF" — Sifra, Kedoshim, Section 2 13: all your people via the judge-and-prince verses (Exod 22:27 [IMPORT]); the deaf named to carve THE LIVING — the dead excluded',
  holiness.conduct('equal_treatment')                            {'v': ['not_one_at_length_and_one_cut_short', 'not_one_standing_and_one_sitting'], 'p': 'MOVE', 'why': 'Sifra, Kedoshim, Chapter 4 4 — the equal-treatment protocol (R. Yehuda: seat both)', 'fx': ['—']}
  holiness.conduct('five_effects')                               {'v': ['defiles_the_land', 'profanes_the_Name', 'removes_the_Presence', 'fells_by_the_sword', 'exiles'], 'p': 'MOVE', 'why': '19:15 "do no wrong in judgment" — Sifra, Kedoshim, Chapter 4 1: the judge\'s five names and five effects', 'fx': ['judgment_perverted'
  holiness.conduct('great_rule')                                 {'v': ['R._Akiva_love_your_neighbor', 'ben_Azzai_the_book_of_the_generations_of_man'], 'p': 'MOVE', 'why': '19:18 "love your neighbor as yourself" (love-as-yourself at [18, 34]: the neighbor and the convert) — Sifra, Kedoshim, Chapter 4 12; Onkelos "show love 
  holiness.conduct('grudge')                                     {'v': 'lend_with_the_barb_I_am_not_like_you', 'p': 'MOVE', 'why': '19:18 "bear no grudge" — Sifra, Kedoshim, Chapter 4 11: act clean, speech keeps the ledger', 'fx': ['—']}
  holiness.conduct('hate')                                       {'v': 'in_the_heart_only_is_the_ban', 'p': 'INK', 'why': '19:17 "hate not your brother IN YOUR HEART" ([\'תשנא\', \'בלבבך\'])', 'fx': ['—']}
  holiness.conduct('heart')                                      {'v': 'given_to_the_heart', 'p': 'INK', 'why': '19:14 "and you shall FEAR your God" ([14, 32]) — Sifra, Kedoshim, Section 2 14: the matter is given to the heart; the clause\'s second firing at 19:32 (Chapter 7 14)', 'fx': ['given_to_the_heart']}
  holiness.conduct('judge_is_measurer')                          {'v': 'one_clause_at_two_seats', 'p': 'INK', 'why': '"do no wrong in judgment" stands at 19:15 (the court) and 19:35 (the measures) — [15, 35]: the measurer is a judge (Sifra, Kedoshim, Chapter 8 5 shares the five effects)', 'fx': ['judgment_perverted']}
  holiness.conduct('no_favor')                                   "RAISED KeyError: 'who'"
  holiness.conduct('parents_equal')                              {'v': 'both_equal_the_father_precedes_by_the_sages_reason', 'p': 'MOVE', 'why': 'Mishnah Keritot 6:9 — Sifra, Kedoshim, Section 1 8-9 VERBATIM: the reversed orders (19:3 mother first) cancel to equality', 'fx': ['—']}
  holiness.conduct('protocol')                                   {'v': 'parties_heard_sent_out_judges_deliberate_the_senior_announces', 'p': 'MOVE', 'why': 'Sifra, Kedoshim, Chapter 4 6 — R. Nechemiah\'s court protocol (Mishnah Sanhedrin 3:7: "so-and-so, you are clear")', 'fx': ['—']}
  holiness.conduct('rebuke')                                     {'v': 'even_four_and_five_times_not_until_his_face_changes', 'p': 'MOVE', 'why': '19:17 "REBUKE, you shall rebuke... and bear no sin upon him" — Sifra, Kedoshim, Chapter 4 8: the doubled verb; the bound at the changed face (Onkelos: receive no liability on his
  holiness.conduct('revenge')                                    {'v': 'refuse_because_he_refused', 'p': 'MOVE', 'why': '19:18 "take no revenge" — Sifra, Kedoshim, Chapter 4 10: the sickle-and-axe exchange', 'fx': ['—']}
  holiness.conduct('scale_of_merit')                             {'v': 'judge_every_person_toward_merit', 'p': 'MOVE', 'why': '19:15 "in RIGHTEOUSNESS judge your fellow" — Sifra, Kedoshim, Chapter 4 4\'s second reading', 'fx': ['—']}
  holiness.conduct('secrecy')                                    {'v': 'the_leaving_judge_may_not_reveal_the_vote', 'p': 'MOVE', 'why': '19:16 "go not TALEBEARING among your people" — Sifra, Kedoshim, Chapter 4 7 (Mishnah Sanhedrin 3:7): "I acquitted, my colleagues outnumbered me" is the talebearing', 'fx': ['—']}
  holiness.conduct('stumbling')                                  "RAISED KeyError: 'case'"
  holiness.conduct('talebearer')                                 {'v': 'not_soft_to_one_and_harsh_to_the_other_not_the_peddler', 'p': 'MOVE', 'why': '19:16 — Sifra, Kedoshim, Chapter 4 5; Onkelos "eat no slander-morsels"', 'fx': ['—']}
  holiness.conduct('vow_opening')                                {'v': ['no_revenge', 'no_grudge', 'no_hate_in_the_heart', 'love_your_neighbor', 'your_brother_shall_live'], 'p': 'INK', 'why': "Mishnah Nedarim 9:4 — R. Meir opens vows with 19:17-18's four clauses (tokens ['תשנא', 'בלבבך', 'הוכח', 'תוכיח', 'חטא'], ['תקם', 'תט
  holiness.conduct('your_people')                                {'v': 'bounded_to_the_children_of_your_people', 'p': 'INK', 'why': '19:18 "the children of YOUR PEOPLE" (people at [16, 18]) — Sifra, Kedoshim, Chapter 4 12', 'fx': ['—']}
==== L24 cells: ['law_lev24', 'main', 'narrative', 'scene', 'talion']
    talion sig ('blemish',)
L24.talion()                                                     {'blemish': 'eye', 'verdict': 'PAY-MONEY', 'effect': 'substitution', 'prov': 'RECORDED', 'why': 'through Lev 24:18-22 — the pay verb on the exchange formula (24:18), strikes-beast-pays beside strikes-man-dies (24:21, Bava Kamma 83b:10 "that one is written about killing"), and one-law-EQUAL-for-all (24:22, Bava Kamma 84a:1) — money is what equalizes'}
L24.talion('tooth')                                              {'blemish': 'tooth', 'verdict': 'PAY-MONEY', 'effect': 'substitution', 'prov': 'RECORDED', 'why': 'through Lev 24:18-22 — the pay verb on the exchange formula (24:18), strikes-beast-pays beside strikes-man-dies (24:21, Bava Kamma 83b:10 "that one is written about killing"), and one-law-EQUAL-for-all
obey_horeb cells                                                 ['DIFF', 'LEMT', 'LEMV', 'LEN', 'NF', 'P', 'PT', 'SHARED', 'S_', 'U', 'W4', 'dat', 'hits', 'horeb_retold', 'hyp', 'ink', 'law_obey_horeb', 'lemma_of', 'morphs', 'move', 'narrative', 'no_image', 'out', 'phrase', 'plain', 'pointed', 'rb', 'scene', 'the_cities_and_the_frame', 'the_exhortation', 'the_exile_case', 'the_one_god', 'verse_text', 'wm', 'words']
obey_horeb DATA keys                                             ['the_readback', 'the_law_bal_tosif', 'the_teach_your_sons', 'the_horeb_hole', 'the_ten_words_seats', 'the_tablets_plene', 'the_no_image_list', 'the_host_apportioned', 'the_bars_third_telling', 'the_exile_case', 'the_witnesses_chain', 'the_creed', 'the_inquiry_limits', 'the_instruments', 'the_three_cities', 'the_manslayer_definition', 'the_second_frame', 'the_number_switching', 'the_export_chapter_5']
covenant_at_horeb cells                                          ['DIFF', 'LEMT', 'LEMV', 'LEN', 'NF', 'P', 'PT', 'SHARED', 'S_', 'U', 'W5', 'dat', 'hits', 'hyp', 'ink', 'law_covenant_at_horeb', 'lemma_of', 'letters', 'lr', 'morphs', 'move', 'narrative', 'out', 'phrase', 'plain', 'pointed', 'rb', 'scene', 'the_answer_and_the_charge', 'the_assembly_called', 'the_first_tablet', 'the_second_tablet', 'the_second_word', 'the_tenth_word', 'the_voice_and_the_request', 'verse_text', 'wm', 'words']
covenant_at_horeb DATA keys                                      ['the_readback', 'the_second_word', 'the_visiting', 'the_no_image_list', 'the_tenth_word', 'the_sabbath_grounds', 'the_ninth_word', 'keep_and_remember', 'the_reward_clause', 'the_honor_by_call', 'the_receipts', 'the_two_copies', 'the_second_hole', 'the_export_division', 'the_mediator', 'the_return_to_tents', 'the_charge_to_teach', 'the_face_in_face', 'the_fathers_and_us', 'the_hear_and_do']
hear_o_israel cells                                              ['DIFF', 'LEMT', 'LEMV', 'LEN', 'MARKS', 'NF', 'P', 'PT', 'SHARED', 'S_', 'U', 'W6', 'dat', 'hits', 'hyp', 'ink', 'law_hear_o_israel', 'lemma_of', 'morphs', 'move', 'narrative', 'out', 'phrase', 'plain', 'pointed', 'rb', 'scene', 'the_creed', 'the_four_duties', 'the_gift_and_the_warning', 'the_header', 'the_sons_question', 'the_test_and_the_right', 'verse_text', 'wm', 'words']
hear_o_israel DATA keys                                          ['the_readback', 'the_large_letters', 'the_spellings', 'the_two_sets', 'the_recitation_times', 'the_postures', 'the_exemptions', 'the_passages_order', 'the_tefillin_table', 'the_mezuzah_table', 'the_seven', 'the_list', 'the_oath_by_the_name', 'the_abutter', 'the_four_sons', 'the_receipt_without_the_name', 'the_creed_terms', 'the_files_diverge']
seven_nations cells                                              ['DIFF', 'LEMT', 'LEMV', 'LEN', 'MARKS', 'N', 'NF', 'P', 'PT', 'SHARED', 'S_', 'U', 'W7', 'because_you_hear', 'dat', 'do_not_fear', 'hits', 'hyp', 'ink', 'law_seven_nations', 'lemma_of', 'morphs', 'move', 'narrative', 'out', 'phrase', 'plain', 'pointed', 'rb', 'scene', 'the_faithful_god', 'the_holy_people', 'the_images_and_the_devoted', 'the_seven_nations', 'verse_text', 'wm', 'words']
seven_nations DATA keys                                          ['the_readback', 'the_devotings', 'the_three_readings_of_favor', 'the_shittim_exhibit', 'the_renaming', 'the_fewest', 'the_supplied_doctrine', 'the_written_read_pair', 'the_heel', 'the_blessing_list', 'the_name_from_under_heaven', 'the_two_lemmas', 'the_abomination_seats', 'the_morph_tag', 'the_eleven_uncited', 'the_credits', 'the_calfs_agency', 'the_bans_condition', 'the_pitys_row']
good_land cells                                                  ['DIFF', 'LEMT', 'LEMV', 'LEN', 'MARKS', 'N', 'NF', 'P', 'PT', 'SEAT', 'SHARED', 'S_', 'U', 'W8', 'dat', 'hits', 'hyp', 'ink', 'law_good_land', 'ledger_scan', 'lemma_of', 'morphs', 'move', 'narrative', 'out', 'phrase', 'plain', 'pointed', 'rb', 'receipt_seats', 'scene', 'take_heed_lest_you_forget', 'the_chain_and_the_covenant', 'the_frame', 'the_good_land', 'the_testimony', 'the_way_of_forty_years', 'verse_text', 'wm', 'words']
good_land DATA keys                                              ['the_readback', 'not_by_bread_alone', 'the_garment_and_the_foot', 'honey_without_milk', 'the_seven_species_seat', 'the_measures_seat', 'the_kings_law_tokens', 'my_power_my_hand', 'the_written_read_pair', 'the_interrogative_he', 'the_two_rocks', 'the_serve_bow_order', 'the_ten_uncited', 'the_credits', 'the_grace_conditional', 'the_four_blessings', 'the_blessing_before', 'the_heart_lifted']
not_righteousness cells                                          ['D9', 'DATE', 'DAY', 'DIFF', 'LEMT', 'LEMV', 'LEN', 'MARKS', 'N', 'NF', 'P', 'PT', 'SEAT', 'SHARED', 'SHN', 'S_', 'U', 'W9', 'aarons_peril', 'dat', 'hits', 'hyp', 'ink', 'law_not_righteousness', 'ledger_scan', 'lemma_of', 'morphs', 'move', 'narrative', 'out', 'phrase', 'plain', 'pointed', 'rb', 'scene', 'the_calf_retold', 'the_forty_days', 'the_four_provocations', 'the_frame', 'the_intercession', 'verse_text', 'wm', 'words']
not_righteousness DATA keys                                      ['the_readback', 'the_clock_read_back', 'the_offers_three_forms', 'the_tablets_three_spellings', 'the_taunts_four_forms', 'the_three_swaps', 'the_fourth_verb_dropped', 'solomon_and_nehemiah', 'the_ten_names_of_prayer', 'the_calfs_own_day', 'the_second_ascents_date', 'the_stiff_necks_six_seats', 'the_three_voices_on_one_pronoun', 'taberah_outside_the_ten', 'the_merit_of_the_fathers', 'the_crowns_of_horeb', 'the_asymmetry_megillah_4_10', 'the_three_requests', 'the_tablets_size', 'the_calfs_debt', 'the_provocations_order', 'the_uncited_verses', 'the_credits']
second_tablets cells                                             ['D10', 'DATE', 'DAY', 'DIFF', 'FOUND', 'LEMT', 'LEMV', 'LEN', 'MARKS', 'N', 'NF', 'P', 'PT', 'SEAT', 'SHARED', 'SHN', 'S_', 'U', 'W10', 'dat', 'effect_scan', 'hits', 'hyp', 'ink', 'law_second_tablets', 'ledger_scan', 'lemma_of', 'morphs', 'move', 'narrative', 'out', 'phrase', 'plain', 'pointed', 'rb', 'scene', 'the_god_of_gods_and_the_stranger', 'the_levites_separated', 'the_stations_and_the_death', 'the_tablets_and_the_ark', 'the_third_forty_and_the_go', 'verse_text', 'what_the_lord_asks', 'wm', 'words']
second_tablets DATA keys                                         ['the_readback', 'the_clock_read_back', 'the_two_arks', 'the_arks_contents_two_arms', 'the_stations_reversed', 'the_place_of_the_death', 'the_three_receipt_forms', 'at_that_time_twice', 'the_shemas_tokens_against_the_five', 'and_you_shall_love_five', 'you_were_strangers_four', 'ten_twenty_against_six_thirteen', 'the_heaven_of_heavens_six', 'the_parsers_first', 'no_memra', 'the_seventys_three_forms', 'kings_reads_the_ark', 'the_charge_to_joshua', 'ark_of_the_covenant_vs_testimony', 'the_grammar_guard', 'the_inclinations_name', 'the_burial_among_the_attributes', 'the_positive_form', 'the_converts_intake', 'the_editors_variant', 'the_face_thrice_reconciled', 'the_six_judges', 'the_uncited_verses', 'the_credits']
blessing_and_curse cells                                         ['D11', 'DATE', 'DAY', 'DIFF', 'FOUND', 'LEMT', 'LEMV', 'LEN', 'MARKS', 'N', 'NF', 'P', 'PT', 'SEAT', 'SH', 'SHARED', 'SHN', 'S_', 'U', 'W11', 'dat', 'effect_scan', 'hits', 'hyp', 'ink', 'law_blessing_and_curse', 'ledger_scan', 'lemma_of', 'morphs', 'move', 'narrative', 'out', 'phrase', 'plain', 'pointed', 'rb', 'scene', 'the_blessing_and_the_curse', 'the_borders_and_the_dread', 'the_discipline_retold', 'the_land_watered_by_heaven', 'the_readback', 'the_second_paragraph', 'verse_text', 'wm', 'words']
blessing_and_curse DATA keys                                     ['the_readback', 'the_counter_and_the_parameters', 'rain_dates', 'gerizim_ebal_place', 'korah_unnamed_twice', 'every_living_thing_three_seats', 'the_two_named_rains_added', 'the_frontlets_three_spellings', 'the_doorposts_two_plurals', 'the_receipts_fourth_shape', 'the_borders_four_extents', 'the_returners_line', 'gilgal_one_seat', 'moses_unnamed', 'no_number_verse', 'joshuas_receipts', 'the_portion_edge', 'the_open_debits_nine_to_ten', 'the_shuttings_value_and_threshold', 'the_shuttings_causes', 'the_cattle_first_rule', 'the_pointers_two_teachers', 'the_ceremonys_day_tongue_count', 'the_dispossession_the_crossings_condition', 'the_samaritan_variant', 'the_rains_source_a_dispute', 'the_empty_export_row', 'the_uncited_verses', 'the_credits']
place_name cells                                                 ['D12', 'DATE', 'DAY', 'DIFF', 'FOUND', 'LEMT', 'LEMV', 'LEN', 'MARKS', 'N', 'NF', 'P', 'PT', 'SEAT', 'SH', 'SHARED', 'SHN', 'S_', 'U', 'W12', 'dat', 'effect_scan', 'hits', 'hyp', 'ink', 'law_place_name', 'ledger_scan', 'lemma_of', 'morphs', 'move', 'narrative', 'out', 'phrase', 'plain', 'pointed', 'rb', 'scene', 'the_border_enlarged_and_the_altar', 'the_burnt_offerings_only_there', 'the_header_and_the_demolition', 'the_nations_cut_off_and_the_abomination', 'the_place_chosen', 'the_profane_slaughter_the_blood_and_the_gates', 'the_readback', 'verse_text', 'wm', 'words']
place_name DATA keys                                             ['the_readback', 'the_counter_and_the_parameters', 'the_rite_of_slaughter', 'the_wilderness_flesh', 'the_eras_table_unmoved', 'the_two_tithes', 'the_five_verbs', 'the_receipts_two_kinds', 'the_registrys_homograph', 'the_headers_twin', 'the_four_nouns_and_the_land_bound_rule', 'perish_in_the_piel', 'the_kings_formula', 'the_renaming', 'the_pair_12_4_12_31', 'will_choose_none_before', 'the_two_forms_of_the_name', 'his_dwelling_one_seat_and_the_two_seekings', 'judges_refrain', 'the_stations_durations', 'the_rest_a_state', 'the_three_commandments_of_the_entry', 'the_seven_offerings_three_lists', 'the_household_5_14', 'the_gazelles_homograph', 'like_water_four_ways', 'the_ladder', 'the_levites_verse_alone', 'the_pointers_two_teachers', 'the_limb_from_the_living_line', 'flesh_in_milk', 'the_sin_offerings_verb', 'the_good_and_the_right', 'the_snares_root', 'no_molech_named', 'the_db_13_1', 'the
ordinances cells                                                 ['altar', 'anytok', 'capital', 'cell', 'courts', 'firstling', 'gifts', 'has', 'land', 'law_ordinances', 'load', 'loan', 'mrow', 'scene', 'seats', 'stranger', 'strip', 'tanakh', 'tanakh_phrase', 'toks', 'torn']
ordinances DATA keys                                             []
erection cells                                                   ['E', 'align', 'anytok', 'ascent', 'bag', 'blood_covenant', 'build', 'calf', 'cell', 'cloud', 'command', 'covenant', 'craftsmen', 'delta', 'donation', 'execution', 'first_in', 'fmt', 'fmt2', 'has', 'initiations', 'jac', 'law_erection', 'load', 'mrow', 'nations', 'norm', 'phrase', 'presence', 'raw', 'repeats', 'scene', 'scene_counts_w6', 'scene_counts_w7', 'seats', 'shares', 'strip', 'tablets', 'tanakh', 'tanakh_any', 'tanakh_phrase', 'toks', 'torah', 'torah_phrase']
erection DATA keys                                               []
sanctions cells                                                  ['adultery', 'anytok', 'beast', 'blood', 'burned_nine', 'burning_scope', 'carcass', 'cell', 'census', 'covering', 'cowives', 'curser', 'double_count', 'frame', 'from_paternal_brother', 'fx_of', 'grade', 'has', 'law_sanctions', 'levirate', 'load', 'locate20', 'mode', 'molech', 'mrow', 'names', 'nverses', 'outside', 'ov', 'phrase', 'platform', 'read_sanction', 'sanction', 'scene', 'seats', 'severity', 'strip', 'three_are_one', 'toks', 'unions_misc']
sanctions DATA keys                                              []
lev24 cells                                                      ['law_lev24', 'main', 'narrative', 'scene', 'talion']
lev24 DATA keys                                                  []
mekoshesh cells                                                  ['capital_procedure', 'dat', 'ink', 'law_mekoshesh', 'move', 'narrative', 'out', 'scene', 'strip', 'the_gatherer', 'verse_text']
mekoshesh DATA keys                                              ['gatherers_labor', 'warning_names_the_death', 'hanging_after_stoning', 'stoning_house_height']
temurah cells                                                    ['cell', 'consecrate', 'count', 'devote', 'fifth_census', 'firstborn_trick', 'law_temurah', 'load', 'redeem', 'scene', 'strip', 'substitute', 'tithe', 'toks']
temurah DATA keys                                                []
chukat cells                                                     ['N', 'O', 'arad_and_the_serpent', 'corpse_tumah', 'dat', 'delta', 'edom_and_hor', 'heifer_rite', 'ink', 'kit_order', 'law_chukat', 'meribah', 'move', 'narrative', 'out', 'scene', 'seats_of', 'sources', 'strip', 'verse_text', 'well_and_kings']
chukat DATA keys                                                 ['heifer_age', 'heifer_hairs', 'heifer_yoke', 'heifer_blemish', 'heifer_pregnant', 'heifer_from_gentile', 'who_burns', 'who_slaughters', 'work_invalidates', 'tvul_yom_fit', 'sprinkle_toward', 'bundle', 'ashes_thirds', 'nine_heifers', 'meilah_on_the_heifer', 'removes', 'tent_measure', 'tent_material', 'tent_gentile', 'bone_measure', 'field_phrase', 'sword_like_slain', 'vessel_census', 'tzamid_patil', 'living_water', 'mixing_order', 'third_day_fixed', 'punishment_split', 'minor_and_karet', 'high_priest_exempt', 'gentile_no_tumah', 'sprinkler_measure', 'sprinkler_or_carrier', 'sprinkler_who', 'who_sanctifies', 'sprinkling_day', 'a_clean_man', 'madaf', 'miriam_death_day', 'well_by_merit', 'death_by_the_kiss', 'meribah_sin', 'edom_passage', 'moserah', 'succession_by', 'aaron_mourned_by_all', 'arad_heard', 'captive_count']
balak cells                                                      ['N', 'census', 'dat', 'ink', 'law_balak', 'move', 'narrative', 'out', 'peor', 'phinehas_and_midian', 'scene', 'seats_of', 'strip', 'the_ass_and_the_angel', 'the_call', 'the_stands', 'verse_text']
balak DATA keys                                                  ['curse_roots', 'word_formula', 'gentile_prophets', 'balaam_blind', 'balaam_and_the_ass', 'moment_of_anger', 'house_of_silver', 'stands', 'altars_total', 'gentile_olah', 'tents_doors', 'shema_candidate', 'star_reading', 'balaam_share', 'gentile_share', 'balaam_disciples', 'fourth_part', 'teruah_verse_class', 'word_in_mouth_mode', 'curses_turned', 'shittim_name', 'called_the_people', 'peor_service', 'wine_decree_date', 'hanging_by_courts', 'each_his_two', 'zealot_rule', 'aramean_woman', 'cozbi_and_zur', 'high_priest_count', 'atone_tense', 'twenty_four_gifts', 'midian_command_run', 'balaam_death', 'phinehas_miracles', 'vav_of_shalom']
beha cells                                                       ['N', 'dat', 'ink', 'lamps', 'law_beha', 'levites_rite', 'march', 'miriam', 'move', 'narrative', 'out', 'prince_of', 'raw_words', 'scene', 'seventy_elders', 'strip', 'taberah_and_quail', 'trumpets', 'verse_text']
beha DATA keys                                                   ['lamps_geometry', 'lampstand_material', 'trumpet_material', 'trumpet_scope', 'levite_age', 'bull_age', 'blast_unit', 'teruah_form', 'blast_count_at_journeys', 'oppression_scope', 'temple_blasts', 'blasts_per_musaf', 'pestilence_threshold', 'seven_clouds', 'shekhinah_minimum', 'jethro_at_sinai', 'spies_sent_day', 'fire_at_the_edge', 'fish_for_nothing', 'five_foods', 'manna_taste_word', 'wilderness_meat', 'spread_or_slaughtered', 'sanhedrin_size', 'lots_mechanism', 'eldad_medad_prophecy', 'continued', 'restrain_them', 'descents', 'aaron_struck', 'who_declared_miriam', 'short_prayer_bounds', 'dayo', 'month_of_days']
mamre cells                                                      ['E_', 'abraham_end', 'bethel', 'blessing', 'build', 'cell', 'flight', 'gerar', 'grudge', 'heap', 'isaac_gerar', 'law_mamre', 'mamre', 'mishnah', 'moriah', 'scene', 'sodom', 'speckled', 'strip', 'toks', 'twelve_names', 'twins', 'wage', 'well_stone', 'wells']
mamre DATA keys                                                  []
holiness cells                                                   ['anytok', 'cell', 'classify', 'conduct', 'deposit', 'deposit_case', 'frame', 'gifts', 'has', 'law_holiness', 'load', 'mrow', 'phrase', 'robbery', 'scene', 'seats', 'shelamim', 'strip', 'theft', 'toks', 'tzv', 'wage', 'warning']
holiness DATA keys                                               []
==== THE TAPE'S LINES (kind | subject | first verse | the source head | the line's other fields):
  came_in_a_dream                  abimelech          ('Gen', 20, 3) Gen 20:3                                                     {'warning': 'you are a dead man because of the woman', 'slot': 'night'}
  tested                           abraham            ('Gen', 22, 1) Gen 22:1                                                     {}
  dreamed                          jacob              ('Gen', 28, 12) Gen 28:12                                                    {'of': 'the ladder'}
  dreamed                          jacob              ('Gen', 31, 10) Gen 31:10-12                                                 {'of': 'the he-goats'}
  came_in_a_dream                  laban              ('Gen', 31, 24) Gen 31:24                                                    {'warning': 'neither good nor bad', 'slot': 'night'}
  dreamed                          joseph             ('Gen', 37, 5) Gen 37:5                                                     {'dream': 'the sheaves'}
  dream_told                       joseph             ('Gen', 37, 6) Gen 37:6-7                                                   {'dream': 'the sheaves', 'to': 'the-sons'}
  dreamed                          joseph             ('Gen', 37, 9) Gen 37:9                                                     {'dream': 'the sun, the moon and eleven stars'}
  dream_told                       joseph             ('Gen', 37, 9) Gen 37:9-10                                                  {'dream': 'the sun, the moon and eleven stars', 'to': 'his father and his brothers'}
  dreamed                          the-two-officers   ('Gen', 40, 5) Gen 40:5                                                     {'night': 'one', 'slot': 'night'}
  dream_told                       the-chief-cupbearer ('Gen', 40, 9) Gen 40:9-11                                                  {'dream': 'the vine', 'to': 'joseph'}
  dream_told                       the-chief-baker    ('Gen', 40, 16) Gen 40:16-17                                                 {'dream': 'the baskets', 'to': 'joseph'}
  dreamed                          pharaoh-of-joseph  ('Gen', 41, 1) Gen 41:1-4                                                   {'dream': 'the seven cows'}
  dreamed                          pharaoh-of-joseph  ('Gen', 41, 5) Gen 41:5-7                                                   {'dream': 'the seven ears'}
  dream_told                       pharaoh-of-joseph  ('Gen', 41, 17) Gen 41:17-24                                                 {'dream': 'the cows and the ears', 'to': 'joseph'}
  calf_made                        aaron              ('Exod', 32, 4) Exod 32:4 — the molten calf made (not yet worshipped)        {'maker': 'aaron', 'worshipped': False, 'law': 'W7'}
  calf_destroyed                   moses              ('Exod', 32, 20) Exod 32:20 + Avodah Zarah 44a:2 — the four verbs; a test, no {'destroyer': 'moses', 'idol': 'the-calf', 'purpose': 'to_test', 'law': 'W7'}
  cloud_lifted                     the-camp           ('Exod', 40, 36) Exod 40:36 / Num 10:11                                       {'law': '14'}
  blasphemed_the_name              the-son-of-shelomith ('Lev', 24, 11) Lev 24:11 — and the son of the Israelite woman pronounced th {'curser': 'the-son-of-shelomith', 'name_pronounced': True, 'status': 'native'}
  sentence_declared                the-son-of-shelomith ('Lev', 24, 13) Lev 24:13-14 — and the LORD spoke to Moses: bring out the cu {'person': 'the-son-of-shelomith', 'sentence': 'stoning', 'outside_the_camp': True, 'hands_laid': True, 'installs': 'law_lev24'}
  stoned_as_commanded              the-son-of-shelomith ('Lev', 24, 23) Lev 24:23 — and they brought out the curser outside the camp {'person': 'the-son-of-shelomith'}
  cloud_lifted                     israel             ('Num', 10, 11) Num 10:11-13 — and the cloud was taken up from over the tabe {'from': 'the tabernacle of the testimony', 'to': 'the wilderness of Paran', 'first': True}
  gathered_wood_on_the_sabbath     the-wood-gatherer  ('Num', 15, 32) Num 15:32-33 — and they found a man gathering wood on the Sa {'profaner': 'the-wood-gatherer', 'witnessed': True, 'labor': 'detaching', 'warned': True, 'labor_named': True}
  sentence_declared                the-wood-gatherer  ('Num', 15, 35) Num 15:35 — and the LORD said to Moses: die shall die the ma {'person': 'the-wood-gatherer', 'sentence': 'stoning', 'outside_the_camp': True, 'hands_laid': False, 'installs': 'law_sabbath:death_run'}
  stoned_as_commanded              the-wood-gatherer  ('Num', 15, 36) Num 15:36 — and all the congregation brought him outside the {'person': 'the-wood-gatherer', 'transgression': 'sabbath'}
  israel_vowed_the_cherem          israel             ('Num', 21, 2) Num 21:2 — and Israel vowed a vow to the LORD and said: if Y {'vow': "'if You will indeed give this people into my hand, I will devote their"}
  canaanites_devoted_hormah_named  israel             ('Num', 21, 3) Num 21:3 — and the LORD heard the voice of Israel and gave t {'named': 'Hormah'}
  hanging_commanded                moses              ('Num', 25, 4) Num 25:4 — and the LORD said to Moses: take all the heads of {'words': "'take all the heads of the people and hang them to the LORD before the", 'command': 'hang_the_heads'}
  add_nothing_commanded            israel             ('Deut', 4, 1) Deut 4:1-8 — and now, Israel, hear the statutes and the judg {'law': 'you shall not add nor diminish (4:2)', 'receipt': 'as the LORD my God commanded me (4:5)'}
  witnesses_called                 israel             ('Deut', 4, 25) Deut 4:25-31 — when you beget sons and sons' sons and have g {'case': 'when you beget sons (4:25)', 'witnesses': 'heaven and earth (4:26)'}
  shema_declared                   israel             ('Deut', 6, 4) Deut 6:4-9 — hear, O Israel: the LORD our God, the LORD is o {'creed': 'hear, O Israel: the LORD our God, the LORD is one (6:4)', 'duties': ['recite', 'teach', 'bind', 'write']}
  testing_barred                   israel             ('Deut', 6, 16) Deut 6:16-19 — you shall not test the LORD your God, as you  {'first_telling': 'Exod 17:2-7', 'massah': "as you tested at Massah (6:16) — the tape's named line Exod 17:7"}
  nations_devoted                  israel             ('Deut', 7, 1) Deut 7:1-5 — when the LORD your God brings you into the land {'nations': "['the Hittite', 'the Girgashite', 'the Amorite', 'the Canaanite', 'the", 'objects': ['altars', 'pillars', 'Asherim', 'graven images']}
  hearing_blessed                  israel             ('Deut', 7, 12) Deut 7:12-16 — and it shall be, because you hear these judgm {'condition': 'because you hear these judgments and keep and do them (7:12)', 'blessings': "['love, blessing, increase (7:13)', 'no barren (7:14)', 'sickness remo"}
  abomination_barred               israel             ('Deut', 7, 25) Deut 7:25-26 — the graven images of their gods you shall bur {'objects': ['the graven images burned', 'the silver and gold not coveted'], 'devoted': "'the abomination not into your house, lest you become devoted like it "}
  demand_declared                  israel             ('Deut', 10, 12) Deut 10:12-13 — and now, Israel, what does the LORD your God {'asked': "'to fear the LORD your God, to walk in all His ways, to love Him, to s", 'the_five': '"fear, walk, love, serve, keep — 6:13\'s, 8:6\'s and 6:5\'s verbs in one '}
  cleaving_commanded               israel             ('Deut', 10, 20) Deut 10:20-22 — the LORD your God you shall fear, Him you sh {'the_four': "'fear, serve, cleave, swear (10:20) — 6:13 with the fourth clause adde", 'value': 'the scholars (Ketubot 111b:7)'}
  nations_cut_off_warned           israel             ('Deut', 12, 29) Deut 12:29-31 — when the LORD your God cuts off the nations  {'the_cutting_off': "'when the LORD your God cuts off the nations … and you dwell in their ", 'the_snare': "'lest you be ensnared after them, and lest you inquire after their god", 'the_abomination': "'you shall not do so to the LORD your God; every abomination which He "}
==== the tape's last Deuteronomy 12 lines (the new lines go after them):
==== the kin's ledgers on the one database (the counts the checkpoints and the probes read):
  adding_barred                    [('israel_people', 6, 'Deut 4:1-8 — and now, Is')]
  cleaving_commanded               [('israel_people', 5, 'Deut 10:20-22 — the LORD')]
  pity_barred                      [('israel_people', 6, 'Deut 7:12-16 — and it sh')]
  other_gods_barred                [('israel_people', 6, 'Deut 4:10-13 — the day y')]
  test_barred                      [('israel_people', 6, 'Deut 6:16-19 — you shall')]
  house_abomination_barred         [('israel_people', 6, 'Deut 7:25-26 — the grave')]
  destroyed                        [('the_amorite', 12, 'Deut 2:34-35 — and we to'), ('the_king_of_arad', 7, 'Num 21:3 — and the LORD ')]
  stoned                           [('the_blasphemer', 7, 'Lev 24:11 — and the son '), ('the_wood_gatherer', 7, 'Num 15:32-33 — and they ')]
  put_to_death                     [('abiram', 7, 'Num 16:31-34 — and it wa'), ('dathan', 7, 'Num 16:31-34 — and it wa'), ('korach', 7, 'Num 16:31-34 — and it wa'), ('the_lusters', 7, 'Num 11:31-35 — and a win'), ('the_ten_spies', 7, 'Num 14:36-38 — and the m'), ('the_two_hundred_fifty', 7, 'Num 16:35 — and fire wen'), ('the_wood_gatherer', 7, 'Num 15:32-33 — and they ')]
  hanged                           [('the_baker', 7, 'None')]
  cherem_vowed                     [('israel_people', 7, 'Num 21:2 — and Israel vo')]
  mark_of_anger                    [('balaam', 14, "Num 22:22 — and God's an"), ('israel_people', 7, 'Num 25:3 — and Israel yo'), ('moses', 13, 'Exod 4:14-16')]
  tested_the_lord                  [('israel_people', 49, 'Exod 14:11')]
  false_prophet_hearing_barred     []
  devoted_thing_cleaving_barred    []
  tested_by_the_lord               []
  israel_hears_and_fears           []
  condemned_city_inquiry_required  []
  evil_purged_from_the_midst       []
  city_devoted                     []
  commanded devote_the_seven_nations [('israel_people', 6)]
