==== A. THE KIN FOUND BY COMPUTATION — every verse of the chapter against every verse of the Bible: the shared DISTINCT tokens outside a stop list of particles and the Name (the count), the top eight by that count in the Bible's order, the three closest re-scored IN ORDER by SequenceMatcher; then THE LAW KIN NAMED AND DIFFED IN FULL (the closest two per verse)
  14:1 (8 distinct non-stop tokens of 12): [('2Chr 19:10', 2, 3), ('2Kgs 11:17', 2, 1), ('Deut 11:18', 2, 3), ('Exod 29:41', 2, None), ('Gen 32:17', 2, None), ('Lev 23:5', 2, None), ('Lev 27:14', 2, None), ('Num 28:8', 2, None)]
  14:2 (12 distinct non-stop tokens of 19): [('Deut 7:6', 11, 18), ('1Chr 18:11', 3, 2), ('1Chr 28:4', 3, 3), ('1Kgs 9:7', 3, None), ('2Chr 23:16', 3, None), ('2Kgs 11:17', 3, None), ('2Sam 8:11', 3, None), ('Deut 14:21', 3, None)]
  14:3 (2 distinct non-stop tokens of 4): []
  14:4 (8 distinct non-stop tokens of 9): [('Lev 11:2', 3, 3), ('Deut 17:1', 2, 1), ('Deut 18:3', 2, 2), ('Exod 21:37', 2, None), ('Exod 22:8', 2, None), ('Exod 22:9', 2, None), ('Exod 34:19', 2, None), ('Gen 3:14', 2, None)]
  14:5 (7 distinct non-stop tokens of 7): [('1Kgs 5:3', 2, 2)]
  14:6 (11 distinct non-stop tokens of 13): [('Lev 11:3', 8, 9), ('Deut 14:8', 3, 3), ('Lev 11:7', 3, 3), ('Deut 14:7', 2, None), ('Exod 30:4', 2, None), ('Lev 11:4', 2, None), ('Lev 11:6', 2, None), ('Lev 11:26', 2, None)]
  14:7 (15 distinct non-stop tokens of 26): [('Lev 11:4', 10, 16), ('Lev 11:5', 4, 8), ('Lev 11:6', 3, 7), ('Deut 14:6', 2, None), ('Deut 14:8', 2, None), ('Exod 12:15', 2, None), ('Gen 9:4', 2, None), ('Lev 11:3', 2, None)]
  14:8 (9 distinct non-stop tokens of 17): [('Lev 11:7', 5, 10), ('Lev 11:4', 4, 5), ('Lev 11:8', 4, 6), ('Deut 14:6', 3, None), ('Lev 11:3', 3, None), ('Deut 14:7', 2, None), ('Deut 14:10', 2, None), ('Gen 3:3', 2, None)]
  14:9 (5 distinct non-stop tokens of 12): [('Lev 11:9', 5, 12), ('Lev 11:10', 4, 4), ('Deut 14:10', 3, 5), ('Lev 11:12', 3, None), ('Exod 12:9', 2, None), ('Gen 3:1', 2, None), ('Lev 11:2', 2, None), ('Lev 11:21', 2, None)]
  14:10 (5 distinct non-stop tokens of 11): [('Deut 14:9', 3, 5), ('Lev 11:9', 3, 5), ('Lev 11:10', 3, 7), ('Lev 11:12', 3, None), ('Deut 14:8', 2, None), ('Lev 11:4', 2, None), ('Num 19:15', 2, None)]
  14:11 (3 distinct non-stop tokens of 4): []
  14:12 (5 distinct non-stop tokens of 8): [('Lev 11:22', 2, 1)]
  14:13 (4 distinct non-stop tokens of 5): [('Lev 11:14', 2, 3)]
  14:14 (2 distinct non-stop tokens of 4): [('Lev 11:15', 2, 3)]
  14:15 (6 distinct non-stop tokens of 10): [('Lev 11:16', 6, 10)]
  14:16 (3 distinct non-stop tokens of 5): [('Lev 11:17', 2, 3)]
  14:17 (3 distinct non-stop tokens of 5): []
  14:18 (5 distinct non-stop tokens of 5): []
  14:19 (4 distinct non-stop tokens of 8): [('Ezek 4:13', 2, 1), ('Ezek 44:31', 2, 3), ('Hos 9:3', 2, 2), ('Lev 5:2', 2, None), ('Lev 11:13', 2, None), ('Lev 11:20', 2, None), ('Lev 11:21', 2, None), ('Lev 11:23', 2, None)]
  14:20 (3 distinct non-stop tokens of 4): [('Lev 10:14', 2, 1)]
  14:21 (15 distinct non-stop tokens of 23): [('Exod 23:19', 4, 6), ('Exod 34:26', 4, 6), ('Deut 7:6', 3, 6), ('Deut 14:2', 3, None), ('1Chr 18:11', 2, None), ('1Chr 25:7', 2, None), ('1Kgs 14:31', 2, None), ('1Sam 2:8', 2, None)]
  14:22 (7 distinct non-stop tokens of 10): [('2Kgs 8:6', 2, 4), ('2Kgs 15:17', 2, 1), ('2Kgs 25:27', 2, 2), ('Deut 1:3', 2, None), ('Esth 9:21', 2, None), ('Ezek 32:1', 2, None), ('Ezek 32:17', 2, None), ('Gen 5:14', 2, None)]
  14:23 (16 distinct non-stop tokens of 25): [('Deut 12:17', 6, 6), ('Deut 16:11', 5, 9), ('Deut 16:2', 4, 7), ('Deut 12:11', 3, None), ('Deut 12:18', 3, None), ('Deut 12:21', 3, None), ('Deut 15:20', 3, None), ('Deut 16:6', 3, None)]
  14:24 (11 distinct non-stop tokens of 23): [('Deut 12:21', 5, 12), ('Deut 12:5', 4, 8), ('Deut 12:11', 3, 6), ('Deut 16:6', 3, None), ('Deut 18:6', 3, None), ('Deut 26:2', 3, None), ('1Kgs 14:21', 2, None), ('2Chr 6:20', 2, None)]
  14:25 (8 distinct non-stop tokens of 13): [('Deut 26:2', 3, 7), ('Deut 12:5', 2, 5), ('Deut 12:11', 2, 5), ('Deut 12:21', 2, None), ('Deut 12:26', 2, None), ('Deut 14:24', 2, None), ('Deut 14:26', 2, None), ('Deut 16:6', 2, None)]
  14:26 (14 distinct non-stop tokens of 22): [('Deut 27:7', 3, 5), ('1Kgs 2:4', 2, 2), ('1Kgs 11:37', 2, 4), ('1Sam 1:19', 2, None), ('1Sam 2:16', 2, None), ('1Sam 5:4', 2, None), ('1Sam 9:19', 2, None), ('1Sam 19:11', 2, None)]
  14:27 (7 distinct non-stop tokens of 11): [('Deut 14:29', 5, 6), ('Deut 12:12', 4, 7), ('1Chr 22:16', 2, 2), ('2Chr 14:10', 2, None), ('2Chr 25:7', 2, None), ('2Sam 20:1', 2, None), ('Deut 10:9', 2, None), ('Deut 12:18', 2, None)]
  14:28 (10 distinct non-stop tokens of 12): [('Deut 26:12', 4, 6), ('2Kgs 18:10', 3, 3), ('1Kgs 2:39', 2, 2), ('1Kgs 4:7', 2, None), ('1Kgs 9:25', 2, None), ('1Kgs 15:2', 2, None), ('1Kgs 22:1', 2, None), ('2Kgs 8:3', 2, None)]
  14:29 (17 distinct non-stop tokens of 24): [('Deut 14:27', 5, 6), ('Deut 16:11', 4, 6), ('Deut 16:14', 4, 5), ('Deut 2:7', 3, None), ('Deut 5:14', 3, None), ('Deut 12:12', 3, None), ('Deut 23:21', 3, None), ('Deut 24:19', 3, None)]
  --- THE LAW KIN (named; scored by SequenceMatcher in order; the two closest diffed in full; a name absent from the DB printed as MISSING)
  14:1 law kin: [('Deut 11:18', 3), ('Lev 21:5', 2), ('Lev 19:27', 2), ('Jer 16:6', 2), ('Deut 32:6', 2), ('Lev 19:28', 1), ('Jer 47:5', 1), ('Jer 48:37', 1), ('Amos 8:10', 1), ('Ezek 7:18', 1), ('Deut 32:5', 1), ('Isa 1:2', 1), ('Deut 6:8', 1), ('Exod 13:9', 1), ('Exod 13:16', 1), ('1Kgs 18:28', 0), ('Jer 41:5', 0), ('Mic 1:16', 0), ('Isa 22:12', 0), ('Deut 32:19', 0), ('Exod 4:22', 0)]
     Deut 14:1 (12) vs Deut 11:18 (17): [replace: 'בנים' -> 'ושמתם את דברי אלה על לבבכם ועל נפשכם וקשרתם'] =אתם [replace: 'ליהוה אלהיכם לא תתגדדו ולא תשימו קרחה' -> 'לאות על ידכם והיו לטוטפת'] =בין עיניכם [delete: 'למת' -> '']
     Deut 14:1 (12) vs Lev 21:5 (12): [delete: 'בנים אתם ליהוה אלהיכם' -> ''] =לא [replace: 'תתגדדו ולא תשימו' -> 'יקרחה'] =קרחה [replace: 'בין עיניכם למת' -> 'בראשם ופאת זקנם לא יגלחו ובבשרם לא ישרטו שרטת']
  14:2 law kin: [('Deut 7:6', 18), ('Deut 14:21', 6), ('Exod 33:16', 6), ('Deut 26:18', 4), ('Deut 4:20', 4), ('Lev 20:26', 4), ('Exod 19:5', 3), ('Deut 26:19', 3), ('Deut 28:9', 3), ('Ps 135:4', 3), ('Mal 3:17', 3), ('Deut 10:15', 3), ('Exod 19:6', 2), ('Deut 7:7', 2), ('Deut 4:37', 1)]
     Deut 14:2 (19) vs Deut 7:6 (20): =כי עם קדוש אתה ליהוה אלהיך [replace: 'ובך' -> 'בך'] =בחר יהוה [insert: '' -> 'אלהיך'] =להיות לו לעם סגלה מכל העמים אשר על פני האדמה
     Deut 14:2 (19) vs Deut 14:21 (23): [insert: '' -> 'לא תאכלו כל נבלה לגר אשר בשעריך תתננה ואכלה או מכר לנכרי'] =כי עם קדוש אתה ליהוה אלהיך [replace: 'ובך בחר יהוה להיות לו לעם סגלה מכל העמים אשר על פני האדמה' -> 'לא תבשל גדי בחלב אמו']
  14:3 law kin: [('Deut 17:1', 2), ('Deut 12:31', 2), ('Deut 22:5', 2), ('Deut 24:4', 2), ('Lev 18:22', 2), ('Deut 7:25', 1), ('Deut 7:26', 1), ('Deut 23:19', 1), ('Deut 25:16', 1), ('Deut 18:12', 1), ('Lev 11:41', 1), ('Lev 11:42', 1), ('Lev 11:43', 0), ('Lev 20:25', 0)]
     Deut 14:3 (4) vs Deut 17:1 (18): =לא [replace: 'תאכל' -> 'תזבח ליהוה אלהיך שור ושה אשר יהיה בו מום'] =כל [replace: 'תועבה' -> 'דבר רע כי תועבת יהוה אלהיך הוא']
     Deut 14:3 (4) vs Deut 12:31 (22): =לא [replace: 'תאכל' -> 'תעשה כן ליהוה אלהיך כי'] =כל [replace: 'תועבה' -> 'תועבת יהוה אשר שנא עשו לאלהיהם כי גם את בניהם ואת בנתיהם ישרפו באש לאלהיהם']
  14:4 law kin: [('Lev 11:2', 3), ('Lev 17:3', 2), ('Lev 11:3', 1), ('Lev 7:23', 1), ('Num 18:17', 1), ('Exod 12:5', 1), ('Lev 22:27', 1), ('Deut 12:15', 1), ('Lev 1:2', 1), ('Lev 22:19', 0), ('Deut 12:22', 0), ('Deut 15:22', 0), ('Num 15:3', 0)]
     Deut 14:4 (9) vs Lev 11:2 (14): [insert: '' -> 'דברו אל בני ישראל לאמר'] =זאת [insert: '' -> 'החיה אשר תאכלו מכל'] =הבהמה אשר [replace: 'תאכלו שור שה כשבים ושה עזים' -> 'על הארץ']
     Deut 14:4 (9) vs Lev 17:3 (17): [replace: 'זאת הבהמה' -> 'איש איש מבית ישראל'] =אשר [replace: 'תאכלו' -> 'ישחט'] =שור [replace: 'שה כשבים ושה עזים' -> 'או כשב או עז במחנה או אשר ישחט מחוץ למחנה']
  14:5 law kin: [('1Kgs 5:3', 2), ('Deut 12:15', 0), ('Deut 12:22', 0), ('Deut 15:22', 0), ('Gen 49:21', 0), ('2Sam 2:18', 0), ('Isa 35:6', 0), ('Ps 42:2', 0), ('Isa 13:14', 0), ('Prov 6:5', 0), ('Job 39:1', 0)]
     Deut 14:5 (7) vs 1Kgs 5:3 (14): [replace: 'איל' -> 'עשרה בקר בראים ועשרים בקר רעי ומאה צאן לבד מאיל'] =וצבי ויחמור [replace: 'ואקו ודישן ותאו וזמר' -> 'וברברים אבוסים']
     Deut 14:5 (7) vs Deut 12:15 (20): [replace: 'איל וצבי ויחמור ואקו ודישן ותאו וזמר' -> 'רק בכל אות נפשך תזבח ואכלת בשר כברכת יהוה אלהיך אשר נתן לך בכל שעריך הטמא והטהור יאכלנו כצבי וכאיל']
  14:6 law kin: [('Lev 11:3', 9), ('Lev 11:7', 3), ('Lev 11:26', 2), ('Lev 11:6', 2), ('Lev 11:4', 1), ('Lev 11:5', 1)]
     Deut 14:6 (13) vs Lev 11:3 (11): [replace: 'וכל בהמה' -> 'כל'] =מפרסת פרסה ושסעת שסע [replace: 'שתי פרסות' -> 'פרסת'] =מעלת גרה בבהמה אתה תאכלו
     Deut 14:6 (13) vs Lev 11:7 (16): [replace: 'וכל בהמה מפרסת' -> 'ואת החזיר כי מפריס'] =פרסה [replace: 'ושסעת' -> 'הוא ושסע'] =שסע [replace: 'שתי פרסות מעלת' -> 'פרסה והוא'] =גרה [replace: 'בבהמה אתה תאכלו' -> 'לא יגר טמא הוא לכם']
  14:7 law kin: [('Lev 11:4', 16), ('Lev 11:5', 8), ('Lev 11:6', 7), ('Lev 11:8', 6), ('Lev 11:26', 4), ('Lev 11:7', 2)]
     Deut 14:7 (26) vs Lev 11:4 (21): =אך את זה לא תאכלו ממעלי הגרה וממפריסי הפרסה [delete: 'השסועה' -> ''] =את הגמל [delete: 'ואת הארנבת ואת השפן' -> ''] =כי מעלה גרה [replace: 'המה' -> 'הוא'] =ופרסה [replace: 'לא הפריסו טמאים הם' -> 'איננו מפריס טמא הוא'] =לכם
     Deut 14:7 (26) vs Lev 11:5 (12): [delete: 'אך את זה לא תאכלו ממעלי הגרה וממפריסי הפרסה השסועה את הגמל ואת הארנבת' -> ''] =ואת השפן כי מעלה גרה [replace: 'המה' -> 'הוא'] =ופרסה לא [replace: 'הפריסו טמאים הם' -> 'יפריס טמא הוא'] =לכם
  14:8 law kin: [('Lev 11:7', 10), ('Lev 11:8', 6), ('Deut 14:21', 3), ('Lev 11:27', 1), ('Lev 11:39', 1), ('Isa 65:4', 1), ('Isa 66:17', 1), ('Lev 5:2', 1), ('Lev 11:24', 0), ('Isa 66:3', 0)]
     Deut 14:8 (17) vs Lev 11:7 (16): =ואת החזיר כי מפריס פרסה הוא [replace: 'ולא' -> 'ושסע שסע פרסה והוא'] =גרה [insert: '' -> 'לא יגר'] =טמא הוא לכם [delete: 'מבשרם לא תאכלו ובנבלתם לא תגעו' -> '']
     Deut 14:8 (17) vs Lev 11:8 (9): [delete: 'ואת החזיר כי מפריס פרסה הוא ולא גרה טמא הוא לכם' -> ''] =מבשרם לא תאכלו ובנבלתם לא תגעו [insert: '' -> 'טמאים הם לכם']
  14:9 law kin: [('Lev 11:9', 12), ('Lev 11:12', 5), ('Lev 11:10', 4), ('Lev 11:11', 1)]
     Deut 14:9 (12) vs Lev 11:9 (16): =את זה תאכלו מכל אשר במים כל אשר לו סנפיר וקשקשת [insert: '' -> 'במים בימים ובנחלים אתם'] =תאכלו
     Deut 14:9 (12) vs Lev 11:12 (10): [delete: 'את זה תאכלו מכל אשר במים' -> ''] =כל אשר [insert: '' -> 'אין'] =לו סנפיר וקשקשת [replace: 'תאכלו' -> 'במים שקץ הוא לכם']
  14:10 law kin: [('Lev 11:10', 7), ('Lev 11:12', 7), ('Lev 11:9', 5), ('Lev 11:11', 2)]
     Deut 14:10 (11) vs Lev 11:10 (19): =וכל אשר אין לו סנפיר וקשקשת [replace: 'לא תאכלו טמא הוא' -> 'בימים ובנחלים מכל שרץ המים ומכל נפש החיה אשר במים שקץ הם'] =לכם
     Deut 14:10 (11) vs Lev 11:12 (10): [replace: 'וכל' -> 'כל'] =אשר אין לו סנפיר וקשקשת [replace: 'לא תאכלו טמא' -> 'במים שקץ'] =הוא לכם
  14:11 law kin: [('Deut 14:20', 2), ('Gen 7:8', 1), ('Deut 22:6', 1), ('Lev 11:13', 0), ('Lev 20:25', 0), ('Gen 8:20', 0), ('Lev 11:46', 0), ('Deut 22:7', 0)]
     Deut 14:11 (4) vs Deut 14:20 (4): =כל [replace: 'צפור טהרה' -> 'עוף טהור'] =תאכלו
     Deut 14:11 (4) vs Gen 7:8 (15): [replace: 'כל צפור' -> 'מן הבהמה הטהורה ומן הבהמה אשר איננה'] =טהרה [replace: 'תאכלו' -> 'ומן העוף וכל אשר רמש על האדמה']
  14:12 law kin: [('Lev 11:13', 2), ('Lev 11:14', 0), ('Lev 11:19', 0), ('Lev 11:15', 0), ('Lev 11:16', 0), ('Lev 11:17', 0), ('Lev 11:18', 0)]
     Deut 14:12 (8) vs Lev 11:13 (15): [replace: 'וזה אשר' -> 'ואת אלה תשקצו מן העוף'] =לא [replace: 'תאכלו מהם' -> 'יאכלו שקץ הם את'] =הנשר [replace: 'והפרס והעזניה' -> 'ואת הפרס ואת העזניה']
     Deut 14:12 (8) vs Lev 11:14 (5): [replace: 'וזה אשר לא תאכלו מהם הנשר והפרס והעזניה' -> 'ואת הדאה ואת האיה למינה']
  14:13 law kin: [('Lev 11:14', 3), ('Lev 11:13', 1), ('Isa 34:15', 0), ('Job 28:7', 0)]
     Deut 14:13 (5) vs Lev 11:14 (5): [replace: 'והראה' -> 'ואת הדאה'] =ואת האיה [delete: 'והדיה' -> ''] =למינה
     Deut 14:13 (5) vs Lev 11:13 (15): [delete: 'והראה' -> ''] =ואת [replace: 'האיה והדיה למינה' -> 'אלה תשקצו מן העוף לא יאכלו שקץ הם את הנשר ואת הפרס ואת העזניה']
  14:14 law kin: [('Lev 11:15', 3), ('1Kgs 17:4', 1), ('Ps 147:9', 1), ('Gen 8:7', 0), ('1Kgs 17:6', 0), ('Job 38:41', 0)]
     Deut 14:14 (4) vs Lev 11:15 (4): [replace: 'ואת' -> 'את'] =כל ערב למינו
     Deut 14:14 (4) vs 1Kgs 17:4 (8): [insert: '' -> 'והיה מהנחל תשתה'] =ואת [replace: 'כל ערב למינו' -> 'הערבים צויתי לכלכלך שם']
  14:15 law kin: [('Lev 11:16', 10), ('Isa 13:21', 0), ('Job 30:29', 0), ('Mic 1:8', 0), ('Isa 34:13', 0), ('Jer 50:39', 0)]
     Deut 14:15 (10) vs Lev 11:16 (10): =ואת בת היענה ואת התחמס ואת השחף ואת הנץ למינהו
     Deut 14:15 (10) vs Isa 13:21 (13): [replace: 'ואת בת היענה ואת התחמס ואת השחף ואת הנץ למינהו' -> 'ורבצו שם ציים ומלאו בתיהם אחים ושכנו שם בנות יענה ושעירים ירקדו שם']
  14:16 law kin: [('Lev 11:17', 3), ('Lev 11:18', 1), ('Isa 34:11', 0), ('Ps 102:7', 0), ('Zeph 2:14', 0)]
     Deut 14:16 (5) vs Lev 11:17 (6): [replace: 'את' -> 'ואת'] =הכוס ואת [insert: '' -> 'השלך ואת'] =הינשוף [delete: 'והתנשמת' -> '']
     Deut 14:16 (5) vs Lev 11:18 (6): [delete: 'את הכוס' -> ''] =ואת [replace: 'הינשוף והתנשמת' -> 'התנשמת ואת הקאת ואת הרחם']
  14:17 law kin: [('Lev 11:17', 3), ('Lev 11:18', 2), ('Isa 34:11', 0), ('Zeph 2:14', 0), ('Ps 102:7', 0)]
     Deut 14:17 (5) vs Lev 11:17 (6): [delete: 'והקאת' -> ''] =ואת [replace: 'הרחמה' -> 'הכוס'] =ואת השלך [insert: '' -> 'ואת הינשוף']
     Deut 14:17 (5) vs Lev 11:18 (6): [delete: 'והקאת' -> ''] =ואת [replace: 'הרחמה' -> 'התנשמת'] =ואת [replace: 'השלך' -> 'הקאת ואת הרחם']
  14:18 law kin: [('Lev 11:19', 1), ('Job 39:13', 0), ('Jer 8:7', 0), ('Zech 5:9', 0), ('Isa 2:20', 0)]
     Deut 14:18 (5) vs Lev 11:19 (8): [replace: 'והחסידה והאנפה' -> 'ואת החסידה האנפה'] =למינה [replace: 'והדוכיפת והעטלף' -> 'ואת הדוכיפת ואת העטלף']
     Deut 14:18 (5) vs Job 39:13 (7): [replace: 'והחסידה והאנפה למינה והדוכיפת והעטלף' -> 'כנף רננים נעלסה אם אברה חסידה ונצה']
  14:19 law kin: [('Lev 11:23', 5), ('Lev 11:20', 4), ('Lev 11:21', 3), ('Lev 11:41', 3), ('Lev 11:42', 2), ('Lev 11:43', 0)]
     Deut 14:19 (8) vs Lev 11:23 (10): =וכל שרץ העוף [replace: 'טמא' -> 'אשר לו ארבע רגלים שקץ'] =הוא לכם [delete: 'לא יאכלו' -> '']
     Deut 14:19 (8) vs Lev 11:20 (9): [replace: 'וכל' -> 'כל'] =שרץ העוף [replace: 'טמא' -> 'ההלך על ארבע שקץ'] =הוא לכם [delete: 'לא יאכלו' -> '']
  14:20 law kin: [('Deut 14:11', 2), ('Lev 11:21', 1), ('Lev 11:22', 1), ('Gen 8:20', 0), ('Lev 20:25', 0)]
     Deut 14:20 (4) vs Deut 14:11 (4): =כל [replace: 'עוף טהור' -> 'צפור טהרה'] =תאכלו
     Deut 14:20 (4) vs Lev 11:21 (19): [replace: 'כל עוף טהור' -> 'אך את זה'] =תאכלו [insert: '' -> 'מכל שרץ העוף ההלך על ארבע אשר לא כרעים ממעל לרגליו לנתר בהן על הארץ']
  14:21 law kin: [('Exod 23:19', 6), ('Exod 34:26', 6), ('Deut 7:6', 6), ('Deut 14:2', 6), ('Deut 26:19', 5), ('Ezek 44:31', 3), ('Deut 24:14', 3), ('Deut 23:21', 3), ('Exod 22:30', 2), ('Ezek 4:14', 2), ('Lev 17:10', 2), ('Lev 17:12', 2), ('Lev 25:47', 2), ('Lev 17:15', 1), ('Lev 22:8', 1), ('Lev 11:39', 1), ('Lev 7:24', 1), ('Deut 29:10', 1), ('Lev 11:40', 0), ('Deut 15:3', 0)]
     Deut 14:21 (23) vs Exod 23:19 (12): [replace: 'לא תאכלו כל נבלה לגר אשר בשעריך תתננה ואכלה או מכר לנכרי כי עם קדוש אתה ליהוה' -> 'ראשית בכורי אדמתך תביא בית יהוה'] =אלהיך לא תבשל גדי בחלב אמו
     Deut 14:21 (23) vs Exod 34:26 (12): [replace: 'לא תאכלו כל נבלה לגר אשר בשעריך תתננה ואכלה או מכר לנכרי כי עם קדוש אתה ליהוה' -> 'ראשית בכורי אדמתך תביא בית יהוה'] =אלהיך לא תבשל גדי בחלב אמו
  14:22 law kin: [('Deut 26:12', 2), ('Deut 12:11', 2), ('Deut 14:28', 2), ('Mal 3:10', 2), ('Lev 27:32', 1), ('Num 18:21', 1), ('Num 18:24', 1), ('Num 18:26', 1), ('Gen 28:22', 1), ('Neh 10:38', 1), ('2Chr 31:5', 1), ('Lev 27:30', 0), ('Deut 12:17', 0), ('Gen 14:20', 0), ('Deut 12:6', 0), ('Amos 4:4', 0), ('1Sam 8:15', 0), ('1Sam 8:17', 0), ('Deut 16:15', 0)]
     Deut 14:22 (10) vs Deut 26:12 (19): [replace: 'עשר תעשר' -> 'כי תכלה לעשר'] =את כל [replace: 'תבואת זרעך היצא השדה שנה שנה' -> 'מעשר תבואתך בשנה השלישת שנת המעשר ונתתה ללוי לגר ליתום ולאלמנה ואכלו בשעריך ושבעו']
     Deut 14:22 (10) vs Deut 12:11 (29): [replace: 'עשר תעשר' -> 'והיה המקום אשר יבחר יהוה אלהיכם בו לשכן שמו שם שמה תביאו'] =את כל [replace: 'תבואת זרעך היצא השדה שנה שנה' -> 'אשר אנכי מצוה אתכם עולתיכם וזבחיכם מעשרתיכם ותרמת ידכם וכל מבחר נדריכם אשר תדרו ליהוה']
  14:23 law kin: [('Deut 16:11', 9), ('Deut 12:18', 8), ('Deut 12:11', 7), ('Deut 16:2', 7), ('Deut 26:2', 7), ('Deut 15:20', 7), ('Deut 4:10', 7), ('Deut 12:17', 6), ('Deut 16:6', 6), ('Deut 31:13', 6), ('Deut 12:21', 5), ('Deut 12:7', 5), ('Deut 17:19', 5), ('Deut 31:12', 5), ('Deut 12:5', 4), ('Deut 14:26', 4), ('Deut 18:4', 3), ('Deut 11:14', 2), ('Deut 12:6', 1), ('Num 18:12', 1), ('Deut 7:13', 1), ('Deut 28:51', 1)]
     Deut 14:23 (25) vs Deut 16:11 (25): [replace: 'ואכלת' -> 'ושמחת'] =לפני יהוה אלהיך [insert: '' -> 'אתה ובנך ובתך ועבדך ואמתך והלוי אשר בשעריך והגר והיתום והאלמנה אשר בקרבך'] =במקום אשר יבחר [insert: '' -> 'יהוה אלהיך'] =לשכן שמו שם [delete: 'מעשר דגנך תירשך ויצהרך ובכרת בקרך וצאנך למען תלמד ליראה את יהוה אלהיך כל הימים' -> '']
     Deut 14:23 (25) vs Deut 12:18 (27): [replace: 'ואכלת' -> 'כי אם'] =לפני יהוה אלהיך [insert: '' -> 'תאכלנו'] =במקום אשר יבחר [delete: 'לשכן שמו שם מעשר דגנך תירשך ויצהרך ובכרת בקרך וצאנך למען תלמד ליראה את' -> ''] =יהוה אלהיך [replace: 'כל הימים' -> 'בו אתה ובנך ובתך ועבדך ואמתך והלוי אשר בשעריך ושמחת לפני יהוה אלהיך בכל משלח ידך']
  14:24 law kin: [('Deut 12:21', 12), ('Deut 12:5', 8), ('Deut 26:2', 7), ('Deut 16:15', 7), ('Deut 12:11', 6), ('Deut 15:4', 6), ('Deut 16:2', 5), ('Deut 2:7', 5), ('Deut 30:16', 5), ('Deut 19:6', 4), ('Deut 12:20', 4), ('Deut 14:23', 4), ('Deut 16:10', 4), ('Deut 15:14', 3), ('Deut 12:7', 3), ('Deut 15:6', 3), ('Deut 7:13', 1)]
     Deut 14:24 (23) vs Deut 12:21 (25): [delete: 'וכי ירבה ממך הדרך כי לא תוכל שאתו' -> ''] =כי ירחק ממך המקום אשר יבחר יהוה אלהיך לשום שמו שם [replace: 'כי יברכך' -> 'וזבחת מבקרך ומצאנך אשר נתן'] =יהוה [replace: 'אלהיך' -> 'לך כאשר צויתך ואכלת בשעריך בכל אות נפשך']
     Deut 14:24 (23) vs Deut 12:5 (18): [delete: 'וכי ירבה ממך הדרך' -> ''] =כי [replace: 'לא תוכל שאתו כי ירחק ממך' -> 'אם אל'] =המקום אשר יבחר יהוה [replace: 'אלהיך' -> 'אלהיכם מכל שבטיכם'] =לשום [insert: '' -> 'את'] =שמו שם [replace: 'כי יברכך יהוה אלהיך' -> 'לשכנו תדרשו ובאת שמה']
  14:25 law kin: [('Deut 14:26', 5), ('Deut 12:26', 5), ('Deut 12:5', 5), ('Deut 12:18', 5), ('Deut 12:21', 5), ('Deut 12:11', 5), ('Deut 12:14', 3), ('2Kgs 12:11', 2), ('2Kgs 5:23', 1), ('Prov 7:20', 1), ('Lev 27:31', 0), ('Lev 27:13', 0), ('Lev 27:15', 0), ('Lev 27:19', 0), ('Lev 27:27', 0), ('Gen 42:35', 0)]
     Deut 14:25 (13) vs Deut 14:26 (22): =ונתתה [delete: 'בכסף וצרת' -> ''] =הכסף [replace: 'בידך והלכת אל המקום' -> 'בכל'] =אשר [replace: 'יבחר' -> 'תאוה נפשך בבקר ובצאן וביין ובשכר ובכל אשר תשאלך נפשך ואכלת שם לפני'] =יהוה אלהיך [replace: 'בו' -> 'ושמחת אתה וביתך']
     Deut 14:25 (13) vs Deut 12:26 (13): [replace: 'ונתתה בכסף וצרת הכסף בידך והלכת' -> 'רק קדשיך אשר יהיו לך ונדריך תשא ובאת'] =אל המקום אשר יבחר יהוה [delete: 'אלהיך בו' -> '']
  14:26 law kin: [('Deut 12:15', 5), ('Deut 26:11', 5), ('Deut 27:7', 5), ('Deut 15:20', 5), ('Deut 12:7', 4), ('Deut 12:18', 4), ('Deut 16:11', 4), ('Deut 12:20', 3), ('Deut 12:21', 3), ('Deut 18:6', 3), ('Deut 12:12', 2), ('1Sam 2:16', 2), ('Deut 16:14', 1), ('Lev 10:9', 1), ('Deut 29:5', 1), ('Isa 5:11', 1), ('Num 6:3', 0), ('Num 28:7', 0), ('Prov 20:1', 0)]
     Deut 14:26 (22) vs Deut 12:15 (20): [replace: 'ונתתה הכסף' -> 'רק'] =בכל [replace: 'אשר תאוה' -> 'אות'] =נפשך [replace: 'בבקר ובצאן וביין ובשכר ובכל אשר תשאלך נפשך' -> 'תזבח'] =ואכלת [replace: 'שם לפני' -> 'בשר כברכת'] =יהוה אלהיך [replace: 'ושמחת אתה וביתך' -> 'אשר נתן לך בכל שעריך הטמא והטהור יאכלנו כצבי וכאיל']
     Deut 14:26 (22) vs Deut 26:11 (14): [replace: 'ונתתה הכסף' -> 'ושמחת'] =בכל [insert: '' -> 'הטוב'] =אשר [replace: 'תאוה נפשך בבקר ובצאן וביין ובשכר ובכל אשר תשאלך נפשך ואכלת שם לפני' -> 'נתן לך'] =יהוה אלהיך [replace: 'ושמחת' -> 'ולביתך'] =אתה [replace: 'וביתך' -> 'והלוי והגר אשר בקרבך']
  14:27 law kin: [('Deut 12:12', 7), ('Deut 14:29', 6), ('Deut 12:18', 3), ('Deut 10:9', 3), ('Deut 18:1', 3), ('Josh 18:7', 3), ('Deut 16:11', 3), ('Deut 16:14', 3), ('Deut 18:2', 2), ('Num 18:24', 2), ('Josh 13:14', 2), ('Deut 26:11', 2), ('Deut 26:13', 2), ('Num 18:20', 1), ('Num 18:23', 1), ('Josh 13:33', 1), ('Deut 26:12', 1), ('Deut 12:19', 0)]
     Deut 14:27 (11) vs Deut 12:12 (18): [insert: '' -> 'ושמחתם לפני יהוה אלהיכם אתם ובניכם ובנתיכם ועבדיכם ואמהתיכם'] =והלוי אשר [replace: 'בשעריך לא תעזבנו' -> 'בשעריכם'] =כי אין לו חלק ונחלה [replace: 'עמך' -> 'אתכם']
     Deut 14:27 (11) vs Deut 14:29 (24): [replace: 'והלוי אשר בשעריך לא תעזבנו' -> 'ובא הלוי'] =כי אין לו חלק ונחלה עמך [insert: '' -> 'והגר והיתום והאלמנה אשר בשעריך ואכלו ושבעו למען יברכך יהוה אלהיך בכל מעשה ידך אשר תעשה']
  14:28 law kin: [('Deut 26:12', 6), ('Deut 14:22', 2), ('Neh 10:39', 2), ('Jer 34:14', 2), ('Exod 23:10', 2), ('Deut 15:1', 1), ('Deut 31:10', 1), ('Deut 14:29', 1), ('Neh 10:38', 1), ('Exod 21:2', 1), ('Amos 4:4', 0), ('Deut 26:13', 0), ('Deut 15:9', 0), ('Exod 23:11', 0)]
     Deut 14:28 (12) vs Deut 26:12 (19): [replace: 'מקצה שלש שנים תוציא' -> 'כי תכלה לעשר'] =את כל מעשר תבואתך בשנה [replace: 'ההוא והנחת' -> 'השלישת שנת המעשר ונתתה ללוי לגר ליתום ולאלמנה ואכלו'] =בשעריך [insert: '' -> 'ושבעו']
     Deut 14:28 (12) vs Deut 14:22 (10): [replace: 'מקצה שלש שנים תוציא' -> 'עשר תעשר'] =את כל [replace: 'מעשר תבואתך בשנה ההוא והנחת בשעריך' -> 'תבואת זרעך היצא השדה שנה שנה']
  14:29 law kin: [('Deut 24:19', 7), ('Deut 23:21', 7), ('Deut 16:11', 6), ('Deut 14:27', 6), ('Deut 15:10', 6), ('Deut 16:15', 6), ('Deut 2:7', 6), ('Deut 16:14', 5), ('Deut 12:12', 5), ('Deut 30:9', 5), ('Deut 26:12', 3), ('Deut 26:13', 3), ('Deut 28:12', 3), ('Deut 8:10', 3), ('Deut 12:7', 3), ('Deut 6:11', 2), ('Deut 31:20', 2), ('Deut 24:20', 1), ('Deut 24:21', 1), ('Deut 10:18', 1), ('Lev 19:10', 1), ('Lev 23:22', 1), ('Ps 22:27', 1), ('Deut 27:19', 0), ('Deut 24:17', 0), ('Deut 11:15', 0)]
     Deut 14:29 (24) vs Deut 24:19 (21): [delete: 'ובא הלוי' -> ''] =כי [replace: 'אין לו חלק ונחלה עמך והגר והיתום והאלמנה אשר בשעריך ואכלו ושבעו' -> 'תקצר קצירך בשדך ושכחת עמר בשדה לא תשוב לקחתו לגר ליתום ולאלמנה יהיה'] =למען יברכך יהוה אלהיך בכל מעשה [replace: 'ידך אשר תעשה' -> 'ידיך']
     Deut 14:29 (24) vs Deut 23:21 (19): [replace: 'ובא הלוי כי אין לו חלק ונחלה עמך והגר והיתום והאלמנה אשר בשעריך ואכלו ושבעו' -> 'לנכרי תשיך ולאחיך לא תשיך'] =למען יברכך יהוה אלהיך בכל [replace: 'מעשה' -> 'משלח'] =ידך [insert: '' -> 'על הארץ'] =אשר [replace: 'תעשה' -> 'אתה בא שמה לרשתה']
  --- THE TWIN CHAPTER — Leviticus 11 against Deuteronomy 14 verse by verse (the pairs named; SequenceMatcher in order; each pair diffed in full)
  14:3 against Lev 11:43 — shared in order 0 of 4 / 12: 
     Deut 14:3 (4) vs Lev 11:43 (12): [replace: 'לא תאכל כל תועבה' -> 'אל תשקצו את נפשתיכם בכל השרץ השרץ ולא תטמאו בהם ונטמתם בם']
  14:4 against Lev 11:2 — shared in order 3 of 9 / 14: 
     Deut 14:4 (9) vs Lev 11:2 (14): [insert: '' -> 'דברו אל בני ישראל לאמר'] =זאת [insert: '' -> 'החיה אשר תאכלו מכל'] =הבהמה אשר [replace: 'תאכלו שור שה כשבים ושה עזים' -> 'על הארץ']
  14:6 against Lev 11:3 — shared in order 9 of 13 / 11: 
     Deut 14:6 (13) vs Lev 11:3 (11): [replace: 'וכל בהמה' -> 'כל'] =מפרסת פרסה ושסעת שסע [replace: 'שתי פרסות' -> 'פרסת'] =מעלת גרה בבהמה אתה תאכלו
  14:7 against Lev 11:4 — shared in order 16 of 26 / 21: 
     Deut 14:7 (26) vs Lev 11:4 (21): =אך את זה לא תאכלו ממעלי הגרה וממפריסי הפרסה [delete: 'השסועה' -> ''] =את הגמל [delete: 'ואת הארנבת ואת השפן' -> ''] =כי מעלה גרה [replace: 'המה' -> 'הוא'] =ופרסה [replace: 'לא הפריסו טמאים הם' -> 'איננו מפריס טמא הוא'] =לכם
  14:7 against Lev 11:5 — shared in order 8 of 26 / 12: 
     Deut 14:7 (26) vs Lev 11:5 (12): [delete: 'אך את זה לא תאכלו ממעלי הגרה וממפריסי הפרסה השסועה את הגמל ואת הארנבת' -> ''] =ואת השפן כי מעלה גרה [replace: 'המה' -> 'הוא'] =ופרסה לא [replace: 'הפריסו טמאים הם' -> 'יפריס טמא הוא'] =לכם
  14:7 against Lev 11:6 — shared in order 7 of 26 / 12: 
     Deut 14:7 (26) vs Lev 11:6 (12): [delete: 'אך את זה לא תאכלו ממעלי הגרה וממפריסי הפרסה השסועה את הגמל' -> ''] =ואת הארנבת [delete: 'ואת השפן' -> ''] =כי [replace: 'מעלה' -> 'מעלת'] =גרה [replace: 'המה' -> 'הוא'] =ופרסה לא [replace: 'הפריסו טמאים הם' -> 'הפריסה טמאה הוא'] =לכם
  14:8 against Lev 11:7 — shared in order 10 of 17 / 16: 
     Deut 14:8 (17) vs Lev 11:7 (16): =ואת החזיר כי מפריס פרסה הוא [replace: 'ולא' -> 'ושסע שסע פרסה והוא'] =גרה [insert: '' -> 'לא יגר'] =טמא הוא לכם [delete: 'מבשרם לא תאכלו ובנבלתם לא תגעו' -> '']
  14:8 against Lev 11:8 — shared in order 6 of 17 / 9: 
     Deut 14:8 (17) vs Lev 11:8 (9): [delete: 'ואת החזיר כי מפריס פרסה הוא ולא גרה טמא הוא לכם' -> ''] =מבשרם לא תאכלו ובנבלתם לא תגעו [insert: '' -> 'טמאים הם לכם']
  14:9 against Lev 11:9 — shared in order 12 of 12 / 16: 
     Deut 14:9 (12) vs Lev 11:9 (16): =את זה תאכלו מכל אשר במים כל אשר לו סנפיר וקשקשת [insert: '' -> 'במים בימים ובנחלים אתם'] =תאכלו
  14:10 against Lev 11:10 — shared in order 7 of 11 / 19: 
     Deut 14:10 (11) vs Lev 11:10 (19): =וכל אשר אין לו סנפיר וקשקשת [replace: 'לא תאכלו טמא הוא' -> 'בימים ובנחלים מכל שרץ המים ומכל נפש החיה אשר במים שקץ הם'] =לכם
  14:10 against Lev 11:12 — shared in order 7 of 11 / 10: 
     Deut 14:10 (11) vs Lev 11:12 (10): [replace: 'וכל' -> 'כל'] =אשר אין לו סנפיר וקשקשת [replace: 'לא תאכלו טמא' -> 'במים שקץ'] =הוא לכם
  14:12 against Lev 11:13 — shared in order 2 of 8 / 15: 
     Deut 14:12 (8) vs Lev 11:13 (15): [replace: 'וזה אשר' -> 'ואת אלה תשקצו מן העוף'] =לא [replace: 'תאכלו מהם' -> 'יאכלו שקץ הם את'] =הנשר [replace: 'והפרס והעזניה' -> 'ואת הפרס ואת העזניה']
  14:13 against Lev 11:14 — shared in order 3 of 5 / 5: 
     Deut 14:13 (5) vs Lev 11:14 (5): [replace: 'והראה' -> 'ואת הדאה'] =ואת האיה [delete: 'והדיה' -> ''] =למינה
  14:14 against Lev 11:15 — shared in order 3 of 4 / 4: 
     Deut 14:14 (4) vs Lev 11:15 (4): [replace: 'ואת' -> 'את'] =כל ערב למינו
  14:15 against Lev 11:16 — shared in order 10 of 10 / 10: 
     Deut 14:15 (10) vs Lev 11:16 (10): =ואת בת היענה ואת התחמס ואת השחף ואת הנץ למינהו
  14:16 against Lev 11:17 — shared in order 3 of 5 / 6: 
     Deut 14:16 (5) vs Lev 11:17 (6): [replace: 'את' -> 'ואת'] =הכוס ואת [insert: '' -> 'השלך ואת'] =הינשוף [delete: 'והתנשמת' -> '']
  14:17 against Lev 11:18 — shared in order 2 of 5 / 6: 
     Deut 14:17 (5) vs Lev 11:18 (6): [delete: 'והקאת' -> ''] =ואת [replace: 'הרחמה' -> 'התנשמת'] =ואת [replace: 'השלך' -> 'הקאת ואת הרחם']
  14:18 against Lev 11:19 — shared in order 1 of 5 / 8: 
     Deut 14:18 (5) vs Lev 11:19 (8): [replace: 'והחסידה והאנפה' -> 'ואת החסידה האנפה'] =למינה [replace: 'והדוכיפת והעטלף' -> 'ואת הדוכיפת ואת העטלף']
  14:19 against Lev 11:20 — shared in order 4 of 8 / 9: 
     Deut 14:19 (8) vs Lev 11:20 (9): [replace: 'וכל' -> 'כל'] =שרץ העוף [replace: 'טמא' -> 'ההלך על ארבע שקץ'] =הוא לכם [delete: 'לא יאכלו' -> '']
  14:19 against Lev 11:23 — shared in order 5 of 8 / 10: 
     Deut 14:19 (8) vs Lev 11:23 (10): =וכל שרץ העוף [replace: 'טמא' -> 'אשר לו ארבע רגלים שקץ'] =הוא לכם [delete: 'לא יאכלו' -> '']
  14:20 against Lev 11:21 — shared in order 1 of 4 / 19: 
     Deut 14:20 (4) vs Lev 11:21 (19): [replace: 'כל עוף טהור' -> 'אך את זה'] =תאכלו [insert: '' -> 'מכל שרץ העוף ההלך על ארבע אשר לא כרעים ממעל לרגליו לנתר בהן על הארץ']
  14:21 against Lev 17:15 — shared in order 1 of 23 / 16: 
     Deut 14:21 (23) vs Lev 17:15 (16): [replace: 'לא תאכלו כל' -> 'וכל נפש אשר תאכל'] =נבלה [replace: 'לגר אשר בשעריך תתננה ואכלה או מכר לנכרי כי עם קדוש אתה ליהוה אלהיך לא תבשל גדי בחלב אמו' -> 'וטרפה באזרח ובגר וכבס בגדיו ורחץ במים וטמא עד הערב וטהר']
  14:21 against Exod 22:30 — shared in order 2 of 23 / 12: 
     Deut 14:21 (23) vs Exod 22:30 (12): [insert: '' -> 'ואנשי קדש תהיון לי ובשר בשדה טרפה'] =לא תאכלו [replace: 'כל נבלה לגר אשר בשעריך תתננה ואכלה או מכר לנכרי כי עם קדוש אתה ליהוה אלהיך לא תבשל גדי בחלב אמו' -> 'לכלב תשלכון אתו']
  14:21 against Lev 22:8 — shared in order 1 of 23 / 8: 
     Deut 14:21 (23) vs Lev 22:8 (8): [insert: '' -> 'נבלה וטרפה'] =לא [replace: 'תאכלו כל נבלה לגר אשר בשעריך תתננה ואכלה או מכר לנכרי כי עם קדוש אתה ליהוה אלהיך לא תבשל גדי בחלב אמו' -> 'יאכל לטמאה בה אני יהוה']
  14:21 against Exod 23:19 — shared in order 6 of 23 / 12: 
     Deut 14:21 (23) vs Exod 23:19 (12): [replace: 'לא תאכלו כל נבלה לגר אשר בשעריך תתננה ואכלה או מכר לנכרי כי עם קדוש אתה ליהוה' -> 'ראשית בכורי אדמתך תביא בית יהוה'] =אלהיך לא תבשל גדי בחלב אמו
  14:21 against Exod 34:26 — shared in order 6 of 23 / 12: 
     Deut 14:21 (23) vs Exod 34:26 (12): [replace: 'לא תאכלו כל נבלה לגר אשר בשעריך תתננה ואכלה או מכר לנכרי כי עם קדוש אתה ליהוה' -> 'ראשית בכורי אדמתך תביא בית יהוה'] =אלהיך לא תבשל גדי בחלב אמו
  14:1 against Lev 19:28 — shared in order 1 of 12 / 12: 
     Deut 14:1 (12) vs Lev 19:28 (12): [replace: 'בנים אתם ליהוה אלהיכם' -> 'ושרט לנפש'] =לא [replace: 'תתגדדו ולא תשימו קרחה בין עיניכם למת' -> 'תתנו בבשרכם וכתבת קעקע לא תתנו בכם אני יהוה']
  14:1 against Lev 21:5 — shared in order 2 of 12 / 12: 
     Deut 14:1 (12) vs Lev 21:5 (12): [delete: 'בנים אתם ליהוה אלהיכם' -> ''] =לא [replace: 'תתגדדו ולא תשימו' -> 'יקרחה'] =קרחה [replace: 'בין עיניכם למת' -> 'בראשם ופאת זקנם לא יגלחו ובבשרם לא ישרטו שרטת']
  14:2 against Deut 7:6 — shared in order 18 of 19 / 20: 
     Deut 14:2 (19) vs Deut 7:6 (20): =כי עם קדוש אתה ליהוה אלהיך [replace: 'ובך' -> 'בך'] =בחר יהוה [insert: '' -> 'אלהיך'] =להיות לו לעם סגלה מכל העמים אשר על פני האדמה
  14:2 against Exod 19:5 — shared in order 3 of 19 / 17: 
     Deut 14:2 (19) vs Exod 19:5 (17): [replace: 'כי עם קדוש אתה ליהוה אלהיך ובך בחר יהוה להיות לו לעם' -> 'ועתה אם שמוע תשמעו בקלי ושמרתם את בריתי והייתם לי'] =סגלה מכל העמים [replace: 'אשר על פני האדמה' -> 'כי לי כל הארץ']
  14:22 against Lev 27:30 — shared in order 0 of 10 / 11: 
     Deut 14:22 (10) vs Lev 27:30 (11): [replace: 'עשר תעשר את כל תבואת זרעך היצא השדה שנה שנה' -> 'וכל מעשר הארץ מזרע הארץ מפרי העץ ליהוה הוא קדש ליהוה']
  14:22 against Num 18:21 — shared in order 1 of 10 / 17: 
     Deut 14:22 (10) vs Num 18:21 (17): [replace: 'עשר תעשר' -> 'ולבני לוי הנה נתתי כל מעשר בישראל לנחלה חלף עבדתם אשר הם עבדים'] =את [replace: 'כל תבואת זרעך היצא השדה שנה שנה' -> 'עבדת אהל מועד']
  14:23 against Deut 12:17 — shared in order 6 of 25 / 18: 
     Deut 14:23 (25) vs Deut 12:17 (18): [replace: 'ואכלת לפני יהוה אלהיך במקום אשר יבחר לשכן שמו שם' -> 'לא תוכל לאכל בשעריך'] =מעשר דגנך [replace: 'תירשך' -> 'ותירשך'] =ויצהרך ובכרת בקרך וצאנך [replace: 'למען תלמד ליראה את יהוה אלהיך כל הימים' -> 'וכל נדריך אשר תדר ונדבתיך ותרומת ידך']
  14:23 against Deut 12:18 — shared in order 8 of 25 / 27: 
     Deut 14:23 (25) vs Deut 12:18 (27): [replace: 'ואכלת' -> 'כי אם'] =לפני יהוה אלהיך [insert: '' -> 'תאכלנו'] =במקום אשר יבחר [delete: 'לשכן שמו שם מעשר דגנך תירשך ויצהרך ובכרת בקרך וצאנך למען תלמד ליראה את' -> ''] =יהוה אלהיך [replace: 'כל הימים' -> 'בו אתה ובנך ובתך ועבדך ואמתך והלוי אשר בשעריך ושמחת לפני יהוה אלהיך בכל משלח ידך']
  14:24 against Deut 12:21 — shared in order 12 of 23 / 25: 
     Deut 14:24 (23) vs Deut 12:21 (25): [delete: 'וכי ירבה ממך הדרך כי לא תוכל שאתו' -> ''] =כי ירחק ממך המקום אשר יבחר יהוה אלהיך לשום שמו שם [replace: 'כי יברכך' -> 'וזבחת מבקרך ומצאנך אשר נתן'] =יהוה [replace: 'אלהיך' -> 'לך כאשר צויתך ואכלת בשעריך בכל אות נפשך']
  14:24 against Deut 19:6 — shared in order 4 of 23 / 26: 
     Deut 14:24 (23) vs Deut 19:6 (26): [replace: 'וכי' -> 'פן ירדף גאל הדם אחרי הרצח כי יחם לבבו והשיגו כי'] =ירבה [delete: 'ממך' -> ''] =הדרך [insert: '' -> 'והכהו נפש ולו אין משפט מות'] =כי לא [replace: 'תוכל שאתו כי ירחק ממך המקום אשר יבחר יהוה אלהיך לשום שמו שם כי יברכך יהוה אלהיך' -> 'שנא הוא לו מתמול שלשום']
  14:26 against Deut 12:15 — shared in order 5 of 22 / 20: 
     Deut 14:26 (22) vs Deut 12:15 (20): [replace: 'ונתתה הכסף' -> 'רק'] =בכל [replace: 'אשר תאוה' -> 'אות'] =נפשך [replace: 'בבקר ובצאן וביין ובשכר ובכל אשר תשאלך נפשך' -> 'תזבח'] =ואכלת [replace: 'שם לפני' -> 'בשר כברכת'] =יהוה אלהיך [replace: 'ושמחת אתה וביתך' -> 'אשר נתן לך בכל שעריך הטמא והטהור יאכלנו כצבי וכאיל']
  14:26 against Deut 12:20 — shared in order 3 of 22 / 22: 
     Deut 14:26 (22) vs Deut 12:20 (22): [replace: 'ונתתה הכסף בכל אשר' -> 'כי ירחיב יהוה אלהיך את גבולך כאשר דבר לך ואמרת אכלה בשר כי'] =תאוה נפשך [replace: 'בבקר ובצאן וביין ובשכר ובכל אשר תשאלך' -> 'לאכל בשר בכל אות'] =נפשך [replace: 'ואכלת שם לפני יהוה אלהיך ושמחת אתה וביתך' -> 'תאכל בשר']
  14:27 against Deut 12:19 — shared in order 0 of 11 / 10: 
     Deut 14:27 (11) vs Deut 12:19 (10): [replace: 'והלוי אשר בשעריך לא תעזבנו כי אין לו חלק ונחלה עמך' -> 'השמר לך פן תעזב את הלוי כל ימיך על אדמתך']
  14:27 against Deut 12:12 — shared in order 7 of 11 / 18: 
     Deut 14:27 (11) vs Deut 12:12 (18): [insert: '' -> 'ושמחתם לפני יהוה אלהיכם אתם ובניכם ובנתיכם ועבדיכם ואמהתיכם'] =והלוי אשר [replace: 'בשעריך לא תעזבנו' -> 'בשעריכם'] =כי אין לו חלק ונחלה [replace: 'עמך' -> 'אתכם']
  14:28 against Deut 26:12 — shared in order 6 of 12 / 19: 
     Deut 14:28 (12) vs Deut 26:12 (19): [replace: 'מקצה שלש שנים תוציא' -> 'כי תכלה לעשר'] =את כל מעשר תבואתך בשנה [replace: 'ההוא והנחת' -> 'השלישת שנת המעשר ונתתה ללוי לגר ליתום ולאלמנה ואכלו'] =בשעריך [insert: '' -> 'ושבעו']
  14:29 against Deut 26:12 — shared in order 3 of 24 / 19: 
     Deut 14:29 (24) vs Deut 26:12 (19): [delete: 'ובא הלוי' -> ''] =כי [replace: 'אין לו חלק ונחלה עמך והגר והיתום והאלמנה אשר' -> 'תכלה לעשר את כל מעשר תבואתך בשנה השלישת שנת המעשר ונתתה ללוי לגר ליתום ולאלמנה ואכלו'] =בשעריך [delete: 'ואכלו' -> ''] =ושבעו [delete: 'למען יברכך יהוה אלהיך בכל מעשה ידך אשר תעשה' -> '']
  14:29 against Deut 24:19 — shared in order 7 of 24 / 21: 
     Deut 14:29 (24) vs Deut 24:19 (21): [delete: 'ובא הלוי' -> ''] =כי [replace: 'אין לו חלק ונחלה עמך והגר והיתום והאלמנה אשר בשעריך ואכלו ושבעו' -> 'תקצר קצירך בשדך ושכחת עמר בשדה לא תשוב לקחתו לגר ליתום ולאלמנה יהיה'] =למען יברכך יהוה אלהיך בכל מעשה [replace: 'ידך אשר תעשה' -> 'ידיך']
  14:29 against Deut 26:13 — shared in order 3 of 24 / 23: 
     Deut 14:29 (24) vs Deut 26:13 (23): [replace: 'ובא הלוי כי אין לו חלק ונחלה עמך והגר והיתום והאלמנה אשר בשעריך ואכלו ושבעו למען יברכך' -> 'ואמרת לפני'] =יהוה אלהיך [replace: 'בכל מעשה ידך' -> 'בערתי הקדש מן הבית וגם נתתיו ללוי ולגר ליתום ולאלמנה ככל מצותך'] =אשר [replace: 'תעשה' -> 'צויתני לא עברתי ממצותיך ולא שכחתי']
==== B. THE PHRASE CENSUSES over the whole DB (Torah where marked; the book where marked)
  "YOU ARE CHILDREN OF THE LORD YOUR GOD" (בנים אתם ליהוה אלהיכם) every seat / "children" with the Name as father elsewhere: "My son, My firstborn" (בני בכרי), "sons of the living God" (בני אל חי), 32:5-6's and 32:19's "His sons" (בניו) tokens / 32:6 tokens: (['Deut 14:1'], ['Exod 4:22'], ['Hos 2:1'], [(5, 'בניו'), (19, 'בניו'), (19, 'ובנתיו'), (20, 'בנים')], ['ה', 'ליהוה', 'תגמלו', 'זאת', 'עם', 'נבל', 'ולא', 'חכם', 'הלוא', 'הוא', 'אביך', 'קנך', 'הוא', 'עשך', 'ויכננך'])
  "YOU SHALL NOT CUT YOURSELVES" (לא תתגדדו) every seat / גדד hithpolel (1413) every seat in the Bible (1 Kings 18:28 Baal's prophets, Jeremiah 16:6, 41:5, 47:5, Micah 4:14) / Leviticus 19:28's "cuttings for the dead" (ושרט לנפש) and 21:5's priests' cuts (ובבשרם לא ישרטו שרטת) — the two verses' tokens / שרט (8295) every seat: (['Deut 14:1'], [('1Kgs 18:28', 'ויתגדדו', 'HC/Vrw3mp'), ('Deut 14:1', 'תתגדדו', 'HVri2mp'), ('Jer 5:7', 'יתגדדו', 'HVri3mp'), ('Jer 16:6', 'יתגדד', 'HVri3ms'), ('Jer 41:5', 'ומתגדדים', 'HC/Vzrmpa'), ('Jer 47:5', 'תתגודדי', 'HVri2fs'), ('Mic 4:14', 'תתגדדי', 'HVri2fs'), ('Ps 94:21', 'יגודו', 'HVqi3mp')], ['1Kgs 18:28', 'Deut 14:1', 'Jer 47:5', 'Jer 5:7'], ['ושרט', 'לנפש', 'לא', 'תתנו', 'בבשרכם', 'וכתבת', 'קעקע', 'לא', 'תתנו', 'בכם', 'אני', 'יהוה'], ['לא', 'יקרחה', 'קרחה', 'בראשם', 'ופאת', 'זקנם', 'לא', 'יגלחו', 'ובבשרם', 'לא', 'ישרטו', 'שרטת'], [('Lev 21:5', 'ישרטו', 'HVqi3mp'), ('Zech 12:3', 'שרוט', 'HVqa'), ('Zech 12:3', 'ישרטו', 'HVNi3mp')])
  "NOR MAKE A BALDNESS BETWEEN YOUR EYES FOR THE DEAD" (ולא תשימו קרחה בין עיניכם למת) / "baldness" קרחה (7144) every seat in the Bible / "between your eyes" (בין עיניכם / בין עיניך) every seat — the frontlets' phrase / "for the dead" (למת) every seat / "for a soul" (לנפש) with the cutting (19:28) / 21:5's "baldness on their head" (קרחה בראשם): (['Deut 14:1'], [('Amos 8:10', 'קרחה', 'HNcfsa'), ('Deut 14:1', 'קרחה', 'HNcfsa'), ('Ezek 7:18', 'קרחה', 'HNcfsa'), ('Ezek 27:31', 'קרחה', 'HNcfsa'), ('Isa 3:24', 'קרחה', 'HNcfsa'), ('Isa 15:2', 'קרחה', 'HNcfsa'), ('Isa 22:12', 'ולקרחה', 'HC/R/Ncfsa'), ('Jer 47:5', 'קרחה', 'HNcfsa'), ('Jer 48:37', 'קרחה', 'HNcfsa'), ('Lev 21:5', 'קרחה', 'HNcfsa'), ('Mic 1:16', 'קרחתך', 'HNcfsc/Sp2fs')], ['Amos 8:10', 'Deut 14:1', 'Ezek 27:31', 'Ezek 7:18', 'Isa 15:2', 'Isa 3:24', 'Jer 47:5', 'Jer 48:37', 'Lev 21:5'], ['Deut 11:18', 'Deut 14:1'], ['Deut 6:8', 'Exod 13:16', 'Exod 13:9'], ['Deut 14:1', 'Deut 26:14', 'Jer 22:10'], ['Lev 19:28'], ['Lev 21:5'])
  "FOR YOU ARE A HOLY PEOPLE TO THE LORD YOUR GOD" (כי עם קדוש אתה ליהוה אלהיך) every seat / "a holy people" (עם קדוש) every seat in the Bible / "and the LORD has chosen you to be to Him a treasured people" (ובך בחר יהוה להיות לו לעם סגלה) 7:6's and 14:2's forms / "treasure" סגלה (5459) every seat / "from all the peoples that are on the face of the earth" (מכל העמים אשר על פני האדמה) every seat / 7:6 and Exodus 19:5-6 tokens: (['Deut 14:2', 'Deut 14:21', 'Deut 7:6'], ['Deut 14:2', 'Deut 14:21', 'Deut 7:6'], ['Deut 14:2'], ['Deut 14:2', 'Deut 26:18', 'Deut 7:6'], [('1Chr 29:3', 'סגלה', 'HNcfsa'), ('Deut 7:6', 'סגלה', 'HNcfsa'), ('Deut 14:2', 'סגלה', 'HNcfsa'), ('Deut 26:18', 'סגלה', 'HNcfsa'), ('Eccl 2:8', 'וסגלת', 'HC/Ncfsc'), ('Exod 19:5', 'סגלה', 'HNcfsa'), ('Mal 3:17', 'סגלה', 'HNcfsa'), ('Ps 135:4', 'לסגלתו', 'HR/Ncfsc/Sp3ms')], ['1Chr 29:3', 'Deut 14:2', 'Deut 26:18', 'Deut 7:6', 'Eccl 2:8', 'Exod 19:5', 'Mal 3:17'], ['Deut 14:2', 'Deut 7:6'], ['כי', 'עם', 'קדוש', 'אתה', 'ליהוה', 'אלהיך', 'בך', 'בחר', 'יהוה', 'אלהיך', 'להיות', 'לו', 'לעם', 'סגלה', 'מכל', 'העמים', 'אשר', 'על', 'פני', 'האדמה'], ['ועתה', 'אם', 'שמוע', 'תשמעו', 'בקלי', 'ושמרתם', 'את', 'בריתי', 'והייתם', 'לי', 'סגלה', 'מכל', 'העמים', 'כי', 'לי', 'כל', 'הארץ'], ['ואתם', 'תהיו', 'לי', 'ממלכת', 'כהנים', 'וגוי', 'קדוש', 'אלה', 'הדברים', 'אשר', 'תדבר', 'אל', 'בני', 'ישראל'])
  "YOU SHALL NOT EAT ANY ABOMINATION" (לא תאכל כל תועבה) / תועבה (8441) seats in the book (the chapter's one) / "abomination to the LORD your God" (תועבת יהוה אלהיך) every seat / Leviticus 11:43's "you shall not make yourselves abominable" (אל תשקצו) — שקץ the verb (8262) and the noun (8263) every seat / 17:1's "any blemish, any evil thing, for it is an abomination" tokens: (['Deut 14:3'], [('Deut 7:25', 'תועבת'), ('Deut 7:26', 'תועבה'), ('Deut 12:31', 'תועבת'), ('Deut 13:15', 'התועבה'), ('Deut 14:3', 'תועבה'), ('Deut 17:1', 'תועבת'), ('Deut 17:4', 'התועבה'), ('Deut 18:9', 'כתועבת'), ('Deut 18:12', 'תועבת'), ('Deut 18:12', 'התועבת'), ('Deut 20:18', 'תועבתם'), ('Deut 22:5', 'תועבת'), ('Deut 23:19', 'תועבת'), ('Deut 24:4', 'תועבה'), ('Deut 25:16', 'תועבת'), ('Deut 27:15', 'תועבת'), ('Deut 32:16', 'בתועבת')], ['Deut 17:1', 'Deut 22:5', 'Deut 23:19', 'Deut 25:16', 'Deut 7:25'], [('Deut 7:26', 'שקץ', 'HVpa'), ('Deut 7:26', 'תשקצנו', 'HVpi2ms/Sp3ms'), ('Lev 11:11', 'תשקצו', 'HVpi2mp'), ('Lev 11:13', 'תשקצו', 'HVpi2mp'), ('Lev 11:43', 'תשקצו', 'HVpj2mp'), ('Lev 20:25', 'תשקצו', 'HVpi2mp'), ('Ps 22:25', 'שקץ', 'HVpp3ms')], [('Ezek 8:10', 'שקץ', 'HNcmsa'), ('Isa 66:17', 'והשקץ', 'HC/Td/Ncmsa'), ('Lev 7:21', 'שקץ', 'HNcmsa'), ('Lev 11:10', 'שקץ', 'HNcmsa'), ('Lev 11:11', 'ושקץ', 'HC/Ncmsa'), ('Lev 11:12', 'שקץ', 'HNcmsa'), ('Lev 11:13', 'שקץ', 'HNcmsa'), ('Lev 11:20', 'שקץ', 'HNcmsa'), ('Lev 11:23', 'שקץ', 'HNcmsa'), ('Lev 11:41', 'שקץ', 'HNcmsa'), ('Lev 11:42', 'שקץ', 'HNcmsa')], ['לא', 'תזבח', 'ליהוה', 'אלהיך', 'שור', 'ושה', 'אשר', 'יהיה', 'בו', 'מום', 'כל', 'דבר', 'רע', 'כי', 'תועבת', 'יהוה', 'אלהיך', 'הוא'])
  "THIS IS THE BEAST WHICH YOU SHALL EAT" (זאת הבהמה אשר תאכלו) / Leviticus 11:2's "this is the living thing which you shall eat" (זאת החיה אשר תאכלו) / "this is" זאת opening a verse in the chapter and the book's count of verse-initial זאת / the header forms "these are" (אלה / ואלה) verse-initial in the chapter / "you shall eat" (תאכלו / תאכל) tokens per verse of the chapter: (['Deut 14:4'], ['Lev 11:2'], [4], 1, [12], {3: ['תאכל'], 4: ['תאכלו'], 6: ['תאכלו'], 7: ['תאכלו'], 8: ['תאכלו'], 9: ['תאכלו', 'תאכלו'], 10: ['תאכלו'], 11: ['תאכלו'], 12: ['תאכלו'], 19: ['יאכלו'], 20: ['תאכלו'], 21: ['תאכלו', 'ואכלה'], 23: ['ואכלת'], 26: ['ואכלת'], 29: ['ואכלו']})
  THE TEN BEASTS (14:4-5) — "ox, sheep of the lambs and sheep of the goats" (שור שה כשבים ושה עזים) every seat / "the hart and the gazelle" pairs (איל וצבי / כצבי וכאיל / הצבי והאיל) every seat / THE SEVEN WILD NAMES each token's every seat: hart איל (354), gazelle צבי (6643 b), roebuck יחמור (3180), wild goat אקו (689), pygarg דישן (1788), antelope תאו (8377), mountain-sheep זמר (2169): (['Deut 14:4'], ['Deut 14:4'], ['Deut 14:5'], ['Deut 12:15', 'Deut 15:22'], [], ['Deut 12:15', 'Deut 12:22', 'Deut 14:5', 'Deut 15:22', 'Exod 29:15', 'Exod 29:16', 'Exod 29:17', 'Exod 29:18', 'Exod 29:19', 'Exod 29:20', 'Exod 29:22', 'Exod 29:31', 'Exod 29:32', 'Gen 14:6', 'Gen 15:9', 'Gen 22:13', 'Lev 16:3', 'Lev 16:5', 'Lev 19:21', 'Lev 5:15', 'Lev 5:18', 'Lev 5:25', 'Lev 8:18', 'Lev 8:20', 'Lev 8:21', 'Lev 8:22', 'Lev 9:18', 'Lev 9:19', 'Lev 9:2', 'Lev 9:4', 'Num 23:14', 'Num 23:2', 'Num 23:30', 'Num 23:4', 'Num 28:11', 'Num 28:19', 'Num 28:27', 'Num 29:2', 'Num 29:36', 'Num 29:8', 'Num 5:8', 'Num 6:14', 'Num 6:17', 'Num 6:19', 'Num 7:15', 'Num 7:21', 'Num 7:27', 'Num 7:33', 'Num 7:39', 'Num 7:45', 'Num 7:51', 'Num 7:57', 'Num 7:63', 'Num 7:69', 'Num 7:75', 'Num 7:81'], ['1Kgs 5:3', '2Sam 1:19', 'Dan 11:16', 'Dan 11:41', 'Dan 11:45', 'Dan 8:9', 'Deut 12:15', 'Deut 12:22', 'Deut 14:5', 'Deut 15:22', 'Ezek 20:15', 'Ezek 20:6', 'Ezek 25:9', 'Ezek 26:20', 'Ezek 7:20', 'Isa 13:14', 'Isa 13:19', 'Isa 23:9', 'Isa 24:16', 'Isa 28:1', 'Isa 28:4', 'Isa 28:5', 'Jer 3:19', 'Prov 6:5'], ['1Kgs 5:3', 'Deut 14:5'], ['Deut 14:5'], ['1Chr 1:38', '1Chr 1:41', '1Chr 1:42', 'Deut 14:5', 'Gen 36:21', 'Gen 36:26', 'Gen 36:28', 'Gen 36:30'], ['Deut 14:5', 'Ezek 40:21', 'Ezek 40:29', 'Ezek 40:33', 'Ezek 40:36', 'Isa 51:20'], ['Deut 14:5'])
  THE TWO SIGNS — "every beast that parts the hoof and cleaves the cleft into two hoofs, chewing the cud among the beasts" (וכל בהמה מפרסת פרסה ושסעת שסע שתי פרסות מעלת גרה בבהמה) / Leviticus 11:3's form (מפרסת פרסה ושסעת שסע פרסת מעלת גרה בבהמה) — the two verses' tokens / "parts the hoof" (מפרסת פרסה / מפריס פרסה) every seat / "chews the cud" (מעלת גרה / מעלה גרה / ממעלי הגרה) every seat / "two hoofs" (שתי פרסות) every seat / "the cleft" השסועה every seat in the Bible (14:7 the one?): (['Deut 14:6', 'Lev 11:3'], ['וכל', 'בהמה', 'מפרסת', 'פרסה', 'ושסעת', 'שסע', 'שתי', 'פרסות', 'מעלת', 'גרה', 'בבהמה', 'אתה', 'תאכלו'], ['כל', 'מפרסת', 'פרסה', 'ושסעת', 'שסע', 'פרסת', 'מעלת', 'גרה', 'בבהמה', 'אתה', 'תאכלו'], ['Deut 14:6', 'Lev 11:26', 'Lev 11:3'], ['Deut 14:8', 'Lev 11:7'], ['Deut 14:6', 'Lev 11:3', 'Lev 11:6'], ['Deut 14:7', 'Lev 11:4', 'Lev 11:5'], ['Deut 14:7', 'Lev 11:4'], ['Deut 14:6'], ['Deut 14:7'])
  THE FOUR EXCEPTIONS — "the camel and the hare and the rock-badger" (את הגמל ואת הארנבת ואת השפן) 14:7 in ONE verse against Leviticus 11:4-6's three / "the swine" (החזיר) every seat in the Bible / "for they chew the cud but part not the hoof" (כי מעלה גרה המה ופרסה לא הפריסו) / "unclean it is to you" (טמא הוא לכם) and "unclean they are to you" (טמאים הם לכם) every seat / "of their flesh you shall not eat and their carcass you shall not touch" (מבשרם לא תאכלו ובנבלתם לא תגעו) every seat / Leviticus 11:8 tokens: (['Deut 14:7'], ['Deut 14:8', 'Isa 65:4', 'Isa 66:17', 'Isa 66:3', 'Lev 11:7', 'Neh 10:21', 'Prov 11:22', 'Ps 80:14'], ['Deut 14:7'], ['Deut 14:10', 'Deut 14:19', 'Deut 14:8', 'Lev 11:38', 'Lev 11:4', 'Lev 11:5', 'Lev 11:7'], ['Deut 14:7', 'Lev 11:26', 'Lev 11:27', 'Lev 11:8'], ['Deut 14:8', 'Lev 11:8'], ['מבשרם', 'לא', 'תאכלו', 'ובנבלתם', 'לא', 'תגעו', 'טמאים', 'הם', 'לכם'])
  THE WATER — "all that has fins and scales you shall eat" (כל אשר לו סנפיר וקשקשת תאכלו) / "fins and scales" (סנפיר וקשקשת) every seat / "all that has not fins and scales you shall not eat, unclean it is to you" (וכל אשר אין לו סנפיר וקשקשת לא תאכלו טמא הוא לכם) against Leviticus 11:10-12 (the tokens) / "a detestable thing" (שקץ) in Leviticus 11 — the count: (['Deut 14:9', 'Lev 11:9'], ['Deut 14:10', 'Deut 14:9', 'Lev 11:10', 'Lev 11:12', 'Lev 11:9'], ['וכל', 'אשר', 'אין', 'לו', 'סנפיר', 'וקשקשת', 'לא', 'תאכלו', 'טמא', 'הוא', 'לכם'], ['וכל', 'אשר', 'אין', 'לו', 'סנפיר', 'וקשקשת', 'בימים', 'ובנחלים', 'מכל', 'שרץ', 'המים', 'ומכל', 'נפש', 'החיה', 'אשר', 'במים', 'שקץ', 'הם', 'לכם'], ['כל', 'אשר', 'אין', 'לו', 'סנפיר', 'וקשקשת', 'במים', 'שקץ', 'הוא', 'לכם'], 8)
  THE BIRDS — "every clean bird you may eat" (כל צפור טהרה תאכלו) / "every clean fowl you may eat" (כל עוף טהור תאכלו) every seat — the two frames of the list / "and this is what you shall not eat of them" (וזה אשר לא תאכלו מהם) against Leviticus 11:13's "and these you shall detest among the fowl" (ואת אלה תשקצו מן העוף) / THE TWENTY-ONE NAMES — the chapter's 14:12-18 tokens and Leviticus 11:13-19's / "the ra'ah" (והראה) and "the da'ah" (והדאה) every seat — the letter that differs / "after its kind" (למינה / למינו / למינהו / למינהם) count in the chapter and in Leviticus 11: (['Deut 14:11'], ['Deut 14:20'], ['Deut 14:12'], ['Lev 11:13'], [['וזה', 'אשר', 'לא', 'תאכלו', 'מהם', 'הנשר', 'והפרס', 'והעזניה'], ['והראה', 'ואת', 'האיה', 'והדיה', 'למינה'], ['ואת', 'כל', 'ערב', 'למינו'], ['ואת', 'בת', 'היענה', 'ואת', 'התחמס', 'ואת', 'השחף', 'ואת', 'הנץ', 'למינהו'], ['את', 'הכוס', 'ואת', 'הינשוף', 'והתנשמת'], ['והקאת', 'ואת', 'הרחמה', 'ואת', 'השלך'], ['והחסידה', 'והאנפה', 'למינה', 'והדוכיפת', 'והעטלף']], [['ואת', 'אלה', 'תשקצו', 'מן', 'העוף', 'לא', 'יאכלו', 'שקץ', 'הם', 'את', 'הנשר', 'ואת', 'הפרס', 'ואת', 'העזניה'], ['ואת', 'הדאה', 'ואת', 'האיה', 'למינה'], ['את', 'כל', 'ערב', 'למינו'], ['ואת', 'בת', 'היענה', 'ואת', 'התחמס', 'ואת', 'השחף', 'ואת', 'הנץ', 'למינהו'], ['ואת', 'הכוס', 'ואת', 'השלך', 'ואת', 'הינשוף'], ['ואת', 'התנשמת', 'ואת', 'הקאת', 'ואת', 'הרחם'], ['ואת', 'החסידה', 'האנפה', 'למינה', 'ואת', 'הדוכיפת', 'ואת', 'העטלף']], ['1Chr 21:12', '1Chr 21:15', '1Chr 21:23', '1Chr 26:28', '1Chr 28:10', '1Chr 29:29', '1Chr 2:52', '1Chr 9:22', '1Kgs 12:16', '1Kgs 18:1', '1Kgs 22:25', '1Sam 1:11', '1Sam 24:12', '1Sam 26:12', '1Sam 26:16', '1Sam 9:11', '1Sam 9:17', '1Sam 9:18', '1Sam 9:19', '1Sam 9:9', '2Chr 10:16', '2Chr 16:10', '2Chr 16:7', '2Chr 18:24', '2Kgs 13:4', '2Kgs 14:26', '2Kgs 23:17', '2Kgs 2:12', '2Kgs 2:19', '2Kgs 7:19', '2Kgs 7:2', '2Kgs 9:17', '2Kgs 9:27', '2Sam 14:24', '2Sam 14:28', '2Sam 15:3', '2Sam 17:23', '2Sam 18:27', '2Sam 20:12', '2Sam 24:22', '2Sam 7:2', 'Amos 7:8', 'Amos 8:2', 'Deut 11:26', 'Deut 14:13', 'Deut 1:21', 'Deut 1:8', 'Deut 2:24', 'Deut 2:31', 'Deut 30:15', 'Deut 4:5', 'Eccl 1:10', 'Eccl 1:16', 'Eccl 2:24', 'Eccl 4:3', 'Eccl 6:5', 'Eccl 6:6', 'Eccl 7:13', 'Eccl 7:14', 'Eccl 7:27', 'Eccl 7:29', 'Eccl 8:16', 'Eccl 9:9', 'Esth 5:13', 'Esth 7:7', 'Exod 22:9', 'Exod 27:8', 'Exod 31:2', 'Exod 33:12', 'Exod 3:7', 'Exod 4:21', 'Exod 4:31', 'Exod 7:1', 'Ezek 21:26', 'Ezek 40:4', 'Ezek 4:15', 'Ezek 8:12', 'Ezek 8:6', 'Ezek 9:9', 'Gen 13:15', 'Gen 27:27', 'Gen 29:10', 'Gen 29:32', 'Gen 31:42', 'Gen 31:43', 'Gen 31:5', 'Gen 31:50', 'Gen 37:14', 'Gen 39:23', 'Gen 41:28', 'Gen 41:41', 'Gen 48:11', 'Hab 3:6', 'Hag 2:3', 'Isa 28:4', 'Isa 66:8', 'Jer 1:10', 'Jer 1:11', 'Jer 1:13', 'Jer 20:12', 'Jer 24:3', 'Jer 32:24', 'Jer 40:4', 'Jer 7:17', 'Job 28:27', 'Job 40:12', 'Josh 6:2', 'Josh 8:1', 'Judg 19:30', 'Judg 20:41', 'Judg 9:36', 'Lam 1:11', 'Lam 1:20', 'Lam 1:9', 'Lam 2:20', 'Lam 3:1', 'Lam 3:36', 'Lev 13:49', 'Lev 13:56', 'Lev 5:1', 'Num 23:21', 'Num 8:4', 'Prov 20:12', 'Prov 22:3', 'Prov 27:12', 'Prov 6:6', 'Ps 10:11', 'Ps 114:3', 'Ps 119:153', 'Ps 119:159', 'Ps 25:18', 'Ps 25:19', 'Ps 33:13', 'Ps 37:13', 'Ps 64:9', 'Ps 84:10', 'Ps 9:14', 'Zech 3:4', 'Zech 4:2', 'Zech 5:2', 'Zech 6:8'], ['Deut 14:13', 'Lev 11:14'], 4, 4)
  "AND EVERY SWARMING THING OF THE FOWL IS UNCLEAN TO YOU; THEY SHALL NOT BE EATEN" (וכל שרץ העוף טמא הוא לכם לא יאכלו) / "the swarming thing of the fowl" (שרץ העוף) every seat / "shall not be eaten" יאכלו niphal (the chapter's one third-person form) every seat in the Torah / Leviticus 11:20-23's locusts permitted (the tokens of 11:21-22) — absent here: (['Deut 14:19'], ['Deut 14:19', 'Lev 11:20', 'Lev 11:21', 'Lev 11:23'], ['Deut 12:22', 'Deut 14:19', 'Deut 18:8', 'Deut 28:33', 'Deut 28:55', 'Deut 32:38', 'Exod 12:16', 'Exod 12:43', 'Exod 12:44', 'Exod 12:45', 'Exod 12:46', 'Exod 12:48', 'Exod 12:7', 'Exod 13:3', 'Exod 13:7', 'Exod 21:28', 'Exod 29:33', 'Exod 29:34', 'Gen 32:33', 'Gen 43:16', 'Gen 43:25', 'Gen 49:27', 'Gen 6:21', 'Lev 11:13', 'Lev 11:34', 'Lev 11:41', 'Lev 17:10', 'Lev 17:12', 'Lev 17:13', 'Lev 19:23', 'Lev 19:6', 'Lev 19:7', 'Lev 21:22', 'Lev 22:10', 'Lev 22:11', 'Lev 22:13', 'Lev 22:14', 'Lev 22:30', 'Lev 22:4', 'Lev 22:6', 'Lev 22:7', 'Lev 22:8', 'Lev 6:22', 'Lev 6:9', 'Lev 7:15', 'Lev 7:16', 'Lev 7:18', 'Lev 7:19', 'Lev 7:6', 'Num 18:10', 'Num 18:11', 'Num 23:24', 'Num 24:8', 'Num 28:17', 'Num 6:3', 'Num 6:4'], ['אך', 'את', 'זה', 'תאכלו', 'מכל', 'שרץ', 'העוף', 'ההלך', 'על', 'ארבע', 'אשר', 'לא', 'כרעים', 'ממעל', 'לרגליו', 'לנתר', 'בהן', 'על', 'הארץ'], ['את', 'אלה', 'מהם', 'תאכלו', 'את', 'הארבה', 'למינו', 'ואת', 'הסלעם', 'למינהו', 'ואת', 'החרגל', 'למינהו', 'ואת', 'החגב', 'למינהו'])
  THE CARCASS — "you shall not eat any carcass" (לא תאכלו כל נבלה) / "carcass" נבלה (5038) seats in the Torah / "to the sojourner within your gates you shall give it that he may eat it, or sell it to a foreigner" (לגר אשר בשעריך תתננה ואכלה או מכר לנכרי) / "the sojourner within your gates" (הגר אשר בשעריך / לגר אשר בשעריך) every seat / "to a foreigner" (לנכרי) every seat / Leviticus 17:15's "everyone who eats a carcass or a torn thing, native or sojourner" tokens / Exodus 22:30's "to the dog you shall cast it" tokens / Leviticus 22:8 tokens: (['Deut 14:21'], [('Deut 14:8', 'ובנבלתם'), ('Deut 14:21', 'נבלה'), ('Deut 21:23', 'נבלתו'), ('Deut 28:26', 'נבלתך'), ('Lev 5:2', 'בנבלת'), ('Lev 5:2', 'בנבלת'), ('Lev 5:2', 'בנבלת'), ('Lev 7:24', 'נבלה'), ('Lev 11:8', 'ובנבלתם'), ('Lev 11:11', 'נבלתם'), ('Lev 11:24', 'בנבלתם'), ('Lev 11:25', 'מנבלתם'), ('Lev 11:27', 'בנבלתם'), ('Lev 11:28', 'נבלתם'), ('Lev 11:35', 'מנבלתם'), ('Lev 11:36', 'בנבלתם'), ('Lev 11:37', 'מנבלתם'), ('Lev 11:38', 'מנבלתם'), ('Lev 11:39', 'בנבלתה'), ('Lev 11:40', 'מנבלתה'), ('Lev 11:40', 'נבלתה'), ('Lev 17:15', 'נבלה'), ('Lev 22:8', 'נבלה')], ['Deut 14:21'], [], ['Deut 14:21'], ['Deut 14:21', 'Deut 23:21'], ['וכל', 'נפש', 'אשר', 'תאכל', 'נבלה', 'וטרפה', 'באזרח', 'ובגר', 'וכבס', 'בגדיו', 'ורחץ', 'במים', 'וטמא', 'עד', 'הערב', 'וטהר'], ['ואנשי', 'קדש', 'תהיון', 'לי', 'ובשר', 'בשדה', 'טרפה', 'לא', 'תאכלו', 'לכלב', 'תשלכון', 'אתו'], ['נבלה', 'וטרפה', 'לא', 'יאכל', 'לטמאה', 'בה', 'אני', 'יהוה'])
  "YOU SHALL NOT BOIL A KID IN ITS MOTHER'S MILK" (לא תבשל גדי בחלב אמו) — every seat in the Bible (the three) / Exodus 23:19 and 34:26 tokens (the first-fruits' clause before it) / "a kid" גדי (1423) every seat in the Torah / "milk" חלב (2461) seats in the Torah / "for you are a holy people" TWICE in the chapter (14:2, 14:21) — the verses: (['Deut 14:21', 'Exod 23:19', 'Exod 34:26'], ['ראשית', 'בכורי', 'אדמתך', 'תביא', 'בית', 'יהוה', 'אלהיך', 'לא', 'תבשל', 'גדי', 'בחלב', 'אמו'], ['ראשית', 'בכורי', 'אדמתך', 'תביא', 'בית', 'יהוה', 'אלהיך', 'לא', 'תבשל', 'גדי', 'בחלב', 'אמו'], [('Deut 14:21', 'גדי', 'HNcmsa'), ('Exod 23:19', 'גדי', 'HNcmsa'), ('Exod 34:26', 'גדי', 'HNcmsa'), ('Gen 27:9', 'גדיי', 'HNcmpc'), ('Gen 27:16', 'גדיי', 'HNcmpc'), ('Gen 38:17', 'גדי', 'HNcmsc'), ('Gen 38:20', 'גדי', 'HNcmsc'), ('Gen 38:23', 'הגדי', 'HTd/Ncmsa')], ['Deut 14:21', 'Exod 23:19', 'Exod 34:26', 'Gen 27:16', 'Gen 27:9', 'Gen 38:17', 'Gen 38:20', 'Gen 38:23', 'Num 13:11', 'Num 34:14'], [('Deut 6:3', 'חלב'), ('Deut 11:9', 'חלב'), ('Deut 14:21', 'בחלב'), ('Deut 26:9', 'חלב'), ('Deut 26:15', 'חלב'), ('Deut 27:3', 'חלב'), ('Deut 31:20', 'חלב'), ('Deut 32:14', 'וחלב'), ('Exod 3:8', 'חלב'), ('Exod 3:17', 'חלב'), ('Exod 13:5', 'חלב'), ('Exod 23:19', 'בחלב'), ('Exod 33:3', 'חלב'), ('Exod 34:26', 'בחלב'), ('Gen 18:8', 'וחלב'), ('Gen 49:12', 'מחלב'), ('Lev 20:24', 'חלב'), ('Num 13:27', 'חלב'), ('Num 14:8', 'חלב'), ('Num 16:13', 'חלב'), ('Num 16:14', 'חלב')], [2, 21])
  THE TITHE — "TITHE, YOU SHALL TITHE" (עשר תעשר) — the infinitive absolute, every seat / עשר piel the verb (6237) every seat in the Bible / "all the yield of your seed" (את כל תבואת זרעך) every seat / "that comes forth from the field year by year" (היצא השדה שנה שנה) / "year by year" (שנה שנה / שנה בשנה) every seat / "the tithe" מעשר (4643) seats in the Torah: (['Deut 14:22'], [('1Sam 8:15', 'יעשר', 'HVqi3ms'), ('1Sam 8:17', 'יעשר', 'HVqi3ms'), ('Deut 14:22', 'עשר', 'HVpa'), ('Deut 14:22', 'תעשר', 'HVpi2ms'), ('Deut 26:12', 'לעשר', 'HR/Vpc'), ('Gen 28:22', 'עשר', 'HVpa'), ('Gen 28:22', 'אעשרנו', 'HVpi1cs/Sp3ms'), ('Neh 10:38', 'המעשרים', 'HTd/Vprmpa'), ('Neh 10:39', 'בעשר', 'HR/Vpc')], ['1Chr 12:14', '1Chr 12:32', '1Chr 15:10', '1Chr 18:12', '1Chr 24:12', '1Chr 24:13', '1Chr 24:14', '1Chr 24:15', '1Chr 24:16', '1Chr 24:4', '1Chr 25:10', '1Chr 25:11', '1Chr 25:12', '1Chr 25:13', '1Chr 25:14', '1Chr 25:15', '1Chr 25:16', '1Chr 25:17', '1Chr 25:18', '1Chr 25:19', '1Chr 25:20', '1Chr 25:21', '1Chr 25:22', '1Chr 25:23', '1Chr 25:24', '1Chr 25:25', '1Chr 25:26', '1Chr 25:27', '1Chr 25:28', '1Chr 25:29', '1Chr 25:30', '1Chr 25:31', '1Chr 25:5', '1Chr 25:9', '1Chr 26:11', '1Chr 26:9', '1Chr 27:14', '1Chr 27:15', '1Chr 29:28', '1Chr 4:27', '1Chr 6:46', '1Chr 7:11', '1Chr 9:22', '1Kgs 10:20', '1Kgs 10:23', '1Kgs 10:26', '1Kgs 11:30', '1Kgs 12:32', '1Kgs 12:33', '1Kgs 19:19', '1Kgs 22:49', '1Kgs 3:11', '1Kgs 3:13', '1Kgs 4:7', '1Kgs 5:6', '1Kgs 6:23', '1Kgs 6:24', '1Kgs 6:26', '1Kgs 6:3', '1Kgs 7:10', '1Kgs 7:23', '1Kgs 7:24', '1Kgs 7:25', '1Kgs 7:27', '1Kgs 7:3', '1Kgs 7:37', '1Kgs 7:38', '1Kgs 7:43', '1Kgs 7:44', '1Kgs 8:65', '1Sam 17:25', '1Sam 8:15', '1Sam 8:17', '2Chr 13:23', '2Chr 17:5', '2Chr 18:1', '2Chr 1:11', '2Chr 1:14', '2Chr 29:17', '2Chr 30:15', '2Chr 32:27', '2Chr 35:1', '2Chr 4:15', '2Chr 4:2', '2Chr 4:3', '2Chr 4:4', '2Chr 4:7', '2Chr 9:19', '2Chr 9:22', '2Chr 9:25', '2Kgs 15:17', '2Kgs 20:10', '2Kgs 20:11', '2Kgs 20:9', '2Kgs 25:27', '2Kgs 5:5', '2Sam 10:6', '2Sam 15:16', '2Sam 17:1', '2Sam 19:18', '2Sam 19:44', '2Sam 20:3', '2Sam 2:15', '2Sam 2:30', '2Sam 8:13', '2Sam 9:10', 'Dan 11:2', 'Dan 1:20', 'Dan 4:26', 'Dan 7:20', 'Dan 7:24', 'Dan 7:7', 'Deut 14:22', 'Deut 1:2', 'Deut 1:23', 'Deut 1:3', 'Deut 26:12', 'Eccl 4:8', 'Eccl 5:12', 'Eccl 5:18', 'Eccl 6:2', 'Eccl 9:11', 'Esth 1:4', 'Esth 2:12', 'Esth 3:12', 'Esth 3:13', 'Esth 3:7', 'Esth 8:12', 'Esth 9:1', 'Esth 9:15', 'Esth 9:17', 'Esth 9:18', 'Esth 9:19', 'Esth 9:21', 'Exod 12:18', 'Exod 12:6', 'Exod 16:1', 'Exod 24:4', 'Exod 26:1', 'Exod 26:16', 'Exod 26:25', 'Exod 28:21', 'Exod 36:21', 'Exod 36:30', 'Exod 36:8', 'Exod 39:14', 'Ezek 29:1', 'Ezek 32:1', 'Ezek 32:17', 'Ezek 40:11', 'Ezek 41:2', 'Ezek 42:4', 'Ezek 45:21', 'Ezek 45:25', 'Ezek 47:13', 'Ezek 48:35', 'Ezra 2:18', 'Ezra 2:39', 'Ezra 2:6', 'Ezra 6:17', 'Ezra 6:19', 'Ezra 8:18', 'Ezra 8:24', 'Ezra 8:31', 'Ezra 8:35', 'Ezra 8:9', 'Gen 14:14', 'Gen 16:3', 'Gen 17:20', 'Gen 25:16', 'Gen 28:22', 'Gen 32:23', 'Gen 35:22', 'Gen 37:9', 'Gen 42:13', 'Gen 42:32', 'Gen 46:22', 'Gen 49:28', 'Gen 5:14', 'Gen 7:11', 'Gen 8:4', 'Hos 3:2', 'Isa 38:8', 'Jer 17:11', 'Jer 52:20', 'Jer 52:31', 'Job 15:29', 'Job 19:3', 'Job 42:12', 'Josh 15:57', 'Josh 21:26', 'Josh 21:5', 'Josh 3:12', 'Josh 4:2', 'Josh 5:10', 'Josh 8:25', 'Judg 12:11', 'Judg 19:29', 'Judg 20:25', 'Judg 20:44', 'Judg 21:10', 'Judg 8:10', 'Lev 23:34', 'Lev 23:39', 'Lev 23:5', 'Lev 23:6', 'Lev 26:26', 'Lev 27:7', 'Neh 4:6', 'Neh 7:11', 'Neh 7:24', 'Neh 7:42', 'Num 14:22', 'Num 17:14', 'Num 17:17', 'Num 17:21', 'Num 1:44', 'Num 28:16', 'Num 28:17', 'Num 29:12', 'Num 29:13', 'Num 29:14', 'Num 29:15', 'Num 29:17', 'Num 29:20', 'Num 29:23', 'Num 29:26', 'Num 29:29', 'Num 29:32', 'Num 31:40', 'Num 31:46', 'Num 31:5', 'Num 31:52', 'Num 33:3', 'Num 7:3', 'Num 7:72', 'Num 7:78', 'Num 7:84', 'Num 7:87', 'Num 9:11', 'Num 9:3', 'Num 9:5', 'Prov 11:16', 'Prov 22:4', 'Prov 3:16', 'Prov 8:18', 'Ps 49:17', 'Ps 60:2', 'Zech 1:7', 'Zech 5:2'], ['Deut 14:22'], ['Deut 14:22'], ['Deut 14:22'], ['1Kgs 10:25', '1Kgs 5:25', '1Sam 1:7', '1Sam 7:16', '2Chr 24:5', '2Chr 9:24', 'Deut 15:20', 'Lev 25:53', 'Neh 10:35', 'Neh 10:36', 'Zech 14:16'], [('Deut 12:6', 'מעשרתיכם'), ('Deut 12:11', 'מעשרתיכם'), ('Deut 12:17', 'מעשר'), ('Deut 14:23', 'מעשר'), ('Deut 14:28', 'מעשר'), ('Deut 26:12', 'מעשר'), ('Deut 26:12', 'המעשר'), ('Gen 14:20', 'מעשר'), ('Lev 27:30', 'מעשר'), ('Lev 27:31', 'ממעשרו'), ('Lev 27:32', 'מעשר'), ('Num 18:21', 'מעשר'), ('Num 18:24', 'מעשר'), ('Num 18:26', 'המעשר'), ('Num 18:26', 'מעשר'), ('Num 18:26', 'המעשר'), ('Num 18:28', 'מעשרתיכם')])
  "AND YOU SHALL EAT BEFORE THE LORD YOUR GOD IN THE PLACE WHICH HE SHALL CHOOSE TO CAUSE HIS NAME TO DWELL THERE" (ואכלת לפני יהוה אלהיך במקום אשר יבחר לשכן שמו שם) / "in the place which He shall choose" (במקום אשר יבחר) every seat in the book — THE PLACE FORMULA / "to cause His name to dwell there" (לשכן שמו שם) every seat / "to put His name there" (לשום שמו שם) every seat / "and you shall eat before the LORD your God" (ואכלת לפני יהוה אלהיך / ואכלתם שם לפני יהוה) every seat: (['Deut 14:23'], ['Deut 12:14', 'Deut 12:18', 'Deut 14:23', 'Deut 15:20', 'Deut 16:11', 'Deut 16:15', 'Deut 16:16', 'Deut 16:2', 'Deut 16:7', 'Deut 23:17', 'Deut 31:11'], ['Deut 12:11', 'Deut 14:23', 'Deut 16:11', 'Deut 16:2', 'Deut 16:6', 'Deut 26:2'], ['Deut 12:21', 'Deut 14:24'], ['Deut 14:23'], ['Deut 12:7'])
  "THE TITHE OF YOUR GRAIN, YOUR WINE AND YOUR OIL, AND THE FIRSTLINGS OF YOUR HERD AND YOUR FLOCK" (מעשר דגנך תירשך ויצהרך ובכרת בקרך וצאנך) — every seat / 12:17's form tokens / "your grain, your wine and your oil" (דגנך תירשך ויצהרך / דגנך ותירשך ויצהרך) every seat / "the firstlings of your herd and your flock" (בכרת בקרך וצאנך) every seat / "THAT YOU MAY LEARN TO FEAR THE LORD YOUR GOD ALL THE DAYS" (למען תלמד ליראה את יהוה אלהיך כל הימים) / "learn to fear" (ללמד ליראה / תלמד ליראה / ילמדו ליראה) every seat: (['Deut 14:23'], ['לא', 'תוכל', 'לאכל', 'בשעריך', 'מעשר', 'דגנך', 'ותירשך', 'ויצהרך', 'ובכרת', 'בקרך', 'וצאנך', 'וכל', 'נדריך', 'אשר', 'תדר', 'ונדבתיך', 'ותרומת', 'ידך'], ['Deut 14:23', 'Deut 18:4'], ['Deut 11:14', 'Deut 12:17', 'Deut 7:13'], ['Deut 12:17', 'Deut 14:23'], ['Deut 12:17', 'Deut 14:23'], ['Deut 14:23'], ['Deut 10:12', 'Deut 14:23', 'Deut 17:19', 'Deut 31:13', 'Deut 6:24'], ['Deut 14:23', 'Deut 18:9', 'Deut 20:18', 'Deut 31:12', 'Deut 31:13', 'Deut 4:10', 'Isa 29:24', 'Isa 2:4', 'Jer 12:16', 'Jer 31:34', 'Mic 4:3'])
  "AND WHEN THE WAY IS TOO LONG FOR YOU, THAT YOU ARE NOT ABLE TO CARRY IT" (וכי ירבה ממך הדרך כי לא תוכל שאתו) / "the way is too long" (ירבה ממך הדרך / ירבה הדרך) every seat — 19:6's twin / "because the place is too far from you which the LORD your God shall choose" (כי ירחק ממך המקום אשר יבחר יהוה אלהיך) every seat — 12:21's twin / "because the LORD your God will bless you" (כי יברכך יהוה אלהיך) every seat / the three "for/when" of 14:24 (כי) — the verse's tokens: (['Deut 14:24'], ['Deut 14:24'], ['Deut 19:6'], ['Deut 12:21', 'Deut 14:24'], ['כי', 'ירחק', 'ממך', 'המקום', 'אשר', 'יבחר', 'יהוה', 'אלהיך', 'לשום', 'שמו', 'שם', 'וזבחת', 'מבקרך', 'ומצאנך', 'אשר', 'נתן', 'יהוה', 'לך', 'כאשר', 'צויתך', 'ואכלת', 'בשעריך', 'בכל', 'אות', 'נפשך'], ['Deut 14:24', 'Deut 16:15'], ['וכי', 'ירבה', 'ממך', 'הדרך', 'כי', 'לא', 'תוכל', 'שאתו', 'כי', 'ירחק', 'ממך', 'המקום', 'אשר', 'יבחר', 'יהוה', 'אלהיך', 'לשום', 'שמו', 'שם', 'כי', 'יברכך', 'יהוה', 'אלהיך'], ['פן', 'ירדף', 'גאל', 'הדם', 'אחרי', 'הרצח', 'כי', 'יחם', 'לבבו', 'והשיגו', 'כי', 'ירבה', 'הדרך', 'והכהו', 'נפש', 'ולו', 'אין', 'משפט', 'מות', 'כי', 'לא', 'שנא', 'הוא', 'לו', 'מתמול', 'שלשום'])
  "THEN YOU SHALL TURN IT INTO MONEY AND BIND UP THE MONEY IN YOUR HAND" (ונתתה בכסף וצרת הכסף בידך) / "bind up" צור (6887) with money every seat — Genesis 42:35, 2 Kings 5:23, 12:11 / "and go to the place which the LORD your God shall choose" (והלכת אל המקום אשר יבחר יהוה אלהיך בו) every seat / "AND YOU SHALL BESTOW THE MONEY ON WHATEVER YOUR SOUL DESIRES" (ונתתה הכסף בכל אשר תאוה נפשך) / "whatever your soul desires" (בכל אשר תאוה נפשך / בכל אות נפשך) every seat / "in oxen, or in sheep, or in wine, or in strong drink" (בבקר ובצאן וביין ובשכר) / "strong drink" שכר (7941) seats in the Torah / "whatever your soul asks of you" (בכל אשר תשאלך נפשך) every seat: (['Deut 14:25'], ['Deut 14:25'], ['1Chr 20:1', '1Chr 7:13', '1Kgs 16:17', '1Kgs 20:1', '1Kgs 7:15', '1Sam 9:1', '2Chr 28:20', '2Kgs 12:11', '2Kgs 16:5', '2Kgs 17:5', '2Kgs 18:9', '2Kgs 5:23', '2Kgs 6:24', '2Sam 11:1', '2Sam 13:2', '2Sam 17:13', '2Sam 20:15', 'Amos 9:9', 'Dan 1:1', 'Deut 14:25', 'Deut 20:12', 'Esth 3:10', 'Esth 8:1', 'Esth 9:10', 'Esth 9:24', 'Exod 32:4', 'Ezek 4:3', 'Ezek 5:3', 'Gen 2:19', 'Gen 32:8', 'Gen 42:35', 'Gen 46:24', 'Hag 1:6', 'Hos 13:12', 'Hos 4:19', 'Isa 27:11', 'Isa 29:16', 'Isa 45:11', 'Jer 39:1', 'Job 26:8', 'Josh 13:19', 'Judg 2:15', 'Neh 9:27', 'Num 25:17', 'Prov 30:4', 'Prov 7:20', 'Song 1:13', 'Zech 12:1'], ['Deut 14:25'], ['Deut 14:26'], ['1Kgs 11:37', '2Sam 3:21', 'Deut 14:26'], ['Deut 12:15', 'Deut 12:20', 'Deut 12:21'], ['Deut 14:26'], [('Deut 14:26', 'ובשכר'), ('Deut 29:5', 'ושכר'), ('Lev 10:9', 'ושכר'), ('Num 6:3', 'ושכר'), ('Num 6:3', 'שכר'), ('Num 28:7', 'שכר')], ['Deut 14:26', 'Deut 15:18', 'Deut 23:5', 'Deut 29:5', 'Gen 30:16', 'Lev 10:9', 'Num 18:31', 'Num 28:7', 'Num 6:3'], [])
  "AND YOU SHALL EAT THERE BEFORE THE LORD YOUR GOD AND REJOICE, YOU AND YOUR HOUSEHOLD" (ואכלת שם לפני יהוה אלהיך ושמחת אתה וביתך) / "and you shall rejoice, you and your household" (ושמחת אתה וביתך) every seat / "and you shall rejoice" (ושמחת / ושמחתם) seats in the book / 12:7, 12:12, 12:18, 16:11, 16:14, 26:11 tokens (the rejoicing formulas): (['Deut 14:26'], ['Deut 14:26'], ['Deut 12:12', 'Deut 12:18', 'Deut 12:7', 'Deut 14:26', 'Deut 16:11', 'Deut 16:14', 'Deut 26:11', 'Deut 27:7'], ['ואכלתם', 'שם', 'לפני', 'יהוה', 'אלהיכם', 'ושמחתם', 'בכל', 'משלח', 'ידכם', 'אתם', 'ובתיכם', 'אשר', 'ברכך', 'יהוה', 'אלהיך'], ['ושמחתם', 'לפני', 'יהוה', 'אלהיכם', 'אתם', 'ובניכם', 'ובנתיכם', 'ועבדיכם', 'ואמהתיכם', 'והלוי', 'אשר', 'בשעריכם', 'כי', 'אין', 'לו', 'חלק', 'ונחלה', 'אתכם'], ['כי', 'אם', 'לפני', 'יהוה', 'אלהיך', 'תאכלנו', 'במקום', 'אשר', 'יבחר', 'יהוה', 'אלהיך', 'בו', 'אתה', 'ובנך', 'ובתך', 'ועבדך', 'ואמתך', 'והלוי', 'אשר', 'בשעריך', 'ושמחת', 'לפני', 'יהוה', 'אלהיך', 'בכל', 'משלח', 'ידך'], ['ושמחת', 'לפני', 'יהוה', 'אלהיך', 'אתה', 'ובנך', 'ובתך', 'ועבדך', 'ואמתך', 'והלוי', 'אשר', 'בשעריך', 'והגר', 'והיתום', 'והאלמנה', 'אשר', 'בקרבך', 'במקום', 'אשר', 'יבחר', 'יהוה', 'אלהיך', 'לשכן', 'שמו', 'שם'], ['ושמחת', 'בחגך', 'אתה', 'ובנך', 'ובתך', 'ועבדך', 'ואמתך', 'והלוי', 'והגר', 'והיתום', 'והאלמנה', 'אשר', 'בשעריך'], ['ושמחת', 'בכל', 'הטוב', 'אשר', 'נתן', 'לך', 'יהוה', 'אלהיך', 'ולביתך', 'אתה', 'והלוי', 'והגר', 'אשר', 'בקרבך'])
  "AND THE LEVITE THAT IS WITHIN YOUR GATES, YOU SHALL NOT FORSAKE HIM" (והלוי אשר בשעריך לא תעזבנו) / 12:19's "take heed to yourself lest you forsake the Levite" (השמר לך פן תעזב את הלוי) — the two verses' tokens / "the Levite that is within your gates" (הלוי אשר בשעריך / והלוי אשר בשעריך) every seat / "FOR HE HAS NO PORTION NOR INHERITANCE WITH YOU" (כי אין לו חלק ונחלה עמך) every seat — the chapter's two (14:27, 14:29) and the kin 12:12, 10:9, 18:1 / "portion and inheritance" (חלק ונחלה) every seat in the Bible: (['Deut 14:27'], ['השמר', 'לך', 'פן', 'תעזב', 'את', 'הלוי', 'כל', 'ימיך', 'על', 'אדמתך'], [], ['Deut 12:18', 'Deut 14:27', 'Deut 16:11'], ['Deut 14:27', 'Deut 14:29'], ['Deut 10:9', 'Deut 12:12', 'Deut 14:27', 'Deut 14:29', 'Deut 18:1', 'Gen 31:14'], ['Deut 12:12', 'Deut 14:27', 'Deut 14:29'], ['ושמחתם', 'לפני', 'יהוה', 'אלהיכם', 'אתם', 'ובניכם', 'ובנתיכם', 'ועבדיכם', 'ואמהתיכם', 'והלוי', 'אשר', 'בשעריכם', 'כי', 'אין', 'לו', 'חלק', 'ונחלה', 'אתכם'], ['על', 'כן', 'לא', 'היה', 'ללוי', 'חלק', 'ונחלה', 'עם', 'אחיו', 'יהוה', 'הוא', 'נחלתו', 'כאשר', 'דבר', 'יהוה', 'אלהיך', 'לו'], ['לא', 'יהיה', 'לכהנים', 'הלוים', 'כל', 'שבט', 'לוי', 'חלק', 'ונחלה', 'עם', 'ישראל', 'אשי', 'יהוה', 'ונחלתו', 'יאכלון'])
  "AT THE END OF THREE YEARS YOU SHALL BRING OUT ALL THE TITHE OF YOUR PRODUCE IN THAT YEAR AND LAY IT UP WITHIN YOUR GATES" (מקצה שלש שנים תוציא את כל מעשר תבואתך בשנה ההוא והנחת בשעריך) — THE NUMBER VERSE / "at the end of" מקצה / מקץ with years every seat in the book (15:1's seven, 31:10's seven) / "the tithe of your produce" (מעשר תבואתך) every seat / "in the third year, the year of the tithe" (בשנה השלישת שנת המעשר) — 26:12 tokens / "and lay it up" (והנחת) every seat: (['2Kgs 18:10', 'Deut 14:28'], ['2Kgs 18:10', 'Deut 14:28'], ['Deut 13:8', 'Deut 14:28', 'Deut 15:1', 'Deut 28:49', 'Deut 28:64', 'Deut 31:10', 'Deut 9:11'], ['Deut 15:1', 'Deut 31:10', 'Jer 34:14'], ['Deut 14:28', 'Deut 26:12'], ['Deut 14:28', 'Gen 26:12', 'Gen 47:17'], ['כי', 'תכלה', 'לעשר', 'את', 'כל', 'מעשר', 'תבואתך', 'בשנה', 'השלישת', 'שנת', 'המעשר', 'ונתתה', 'ללוי', 'לגר', 'ליתום', 'ולאלמנה', 'ואכלו', 'בשעריך', 'ושבעו'], ['Deut 14:28', 'Deut 26:10'])
  "AND THE LEVITE SHALL COME … AND THE SOJOURNER AND THE FATHERLESS AND THE WIDOW THAT ARE WITHIN YOUR GATES, AND SHALL EAT AND BE SATISFIED" (ובא הלוי … והגר והיתום והאלמנה אשר בשעריך ואכלו ושבעו) / "the sojourner, the fatherless and the widow" (והגר והיתום והאלמנה / הגר היתום והאלמנה / לגר ליתום ולאלמנה) every seat in the book / "and shall eat and be satisfied" (ואכלו ושבעו) every seat / "THAT THE LORD YOUR GOD MAY BLESS YOU IN ALL THE WORK OF YOUR HAND WHICH YOU DO" (למען יברכך יהוה אלהיך בכל מעשה ידך אשר תעשה) — every seat (24:19 the twin) / "in all the work of your hand" (בכל מעשה ידך / ידיך) every seat in the book: (['Deut 14:29'], ['Deut 14:29', 'Deut 16:11', 'Deut 16:14'], [], ['Deut 24:19', 'Deut 24:20', 'Deut 24:21', 'Deut 26:12'], ['Deut 14:29', 'Deut 16:11', 'Deut 16:14'], ['Deut 14:29'], ['Deut 14:29'], ['Deut 14:29', 'Deut 2:7', 'Deut 30:9'], ['Deut 24:19'], ['כי', 'תקצר', 'קצירך', 'בשדך', 'ושכחת', 'עמר', 'בשדה', 'לא', 'תשוב', 'לקחתו', 'לגר', 'ליתום', 'ולאלמנה', 'יהיה', 'למען', 'יברכך', 'יהוה', 'אלהיך', 'בכל', 'מעשה', 'ידיך'])
  "within your gates" (בשעריך) seats in the chapter and the count in the book / "unclean" (טמא / טמאים) tokens per verse / "clean" (טהור / טהרה) tokens per verse / "you shall eat" second-person forms per verse (the count) / "the LORD your God" singular and plural per verse / "to the LORD" (ליהוה) seats / "you" plural (אתם / לכם) and singular (אתה / לך) tokens per verse: ([21, 27, 28, 29], 16, {7: ['טמאים'], 8: ['טמא'], 10: ['טמא'], 19: ['טמא']}, {11: ['טהרה'], 20: ['טהור']}, 14, [23, 24, 25, 26, 29], [], [1, 2, 21], {1: ['אתם'], 2: ['אתה'], 6: ['אתה'], 7: ['לכם'], 8: ['לכם'], 10: ['לכם'], 19: ['לכם'], 21: ['אתה'], 26: ['אתה']})
  THE CHAPTER'S OWN WORDS (per-verse seats): "eat" (398) / "beast" (929) / "hoof" (6541) / "cud" (1625) / "unclean" (2931) / "clean" (2889) / "fowl" (5775) / "bird" (6833) / "carcass" (5038) / "tithe" (4643) / "place" (4725) / "choose" (977) / "gate" (8179) / "Levite" (3881) / "rejoice" (8055) / "bless" (1288) / "soul" (5315) / "money" (3701) / "year" (8141): {'eat': ['Deut 14:3', 'Deut 14:4', 'Deut 14:6', 'Deut 14:7', 'Deut 14:8', 'Deut 14:9', 'Deut 14:9', 'Deut 14:10', 'Deut 14:11', 'Deut 14:12', 'Deut 14:19', 'Deut 14:20', 'Deut 14:21', 'Deut 14:21', 'Deut 14:23', 'Deut 14:26', 'Deut 14:29'], 'beast': ['Deut 14:4', 'Deut 14:6', 'Deut 14:6'], 'hoof': ['Deut 14:6', 'Deut 14:6', 'Deut 14:7', 'Deut 14:7', 'Deut 14:8'], 'cud': ['Deut 14:6', 'Deut 14:7', 'Deut 14:7', 'Deut 14:8'], 'unclean': ['Deut 14:7', 'Deut 14:8', 'Deut 14:10', 'Deut 14:19'], 'clean': ['Deut 14:11', 'Deut 14:20'], 'fowl': ['Deut 14:19', 'Deut 14:20'], 'bird': ['Deut 14:11'], 'carcass': ['Deut 14:8', 'Deut 14:21'], 'tithe': ['Deut 14:23', 'Deut 14:28'], 'place': ['Deut 14:23', 'Deut 14:24', 'Deut 14:25'], 'choose': ['Deut 14:2', 'Deut 14:23', 'Deut 14:24', 'Deut 14:25'], 'gate': ['Deut 14:21', 'Deut 14:27', 'Deut 14:28', 'Deut 14:29'], 'Levite': ['Deut 14:27', 'Deut 14:29'], 'rejoice': ['Deut 14:26'], 'bless': ['Deut 14:24', 'Deut 14:29'], 'soul': ['Deut 14:26', 'Deut 14:26'], 'money': ['Deut 14:25', 'Deut 14:25', 'Deut 14:26'], 'year': ['Deut 14:22', 'Deut 14:22', 'Deut 14:28', 'Deut 14:28']}
  THE INFINITIVE ABSOLUTES of the chapter (14:22 tithe) — every HV.a token with its morph / the "when" cases — verse-initial כי and וכי in the chapter / "or" (או) tokens per verse / the negations per verse (לא / ולא count) / the third-person plural "they shall not be eaten" morph at 14:19: ([(21, 'מכר', 'HVqa'), (22, 'עשר', 'HVpa')], [2, 24], {21: 1}, {1: 2, 3: 1, 7: 2, 8: 3, 10: 1, 12: 1, 19: 1, 21: 2, 24: 1, 27: 1}, [('יאכלו', 'HVNi3mp')])
  THE FRAME OF THE CHAPTER — 14:1-2 against 7:6 and 26:18-19 (the tokens shared in order) / 14:21 against 7:6 / 14:3 against 17:1 / 14:22 against 12:17 and 26:12 / 14:29 against 26:12 and 24:19 / 14:2 against 14:21: ((1, 18, 4, 3), 6, 2, (0, 2), (3, 7), 6)
  THE MORPHOLOGY TAGGER'S "Np" SUBSTRING — every token of the chapter whose morph CONTAINS "Np" against those whose morph STARTS "HNp": ([(1, 'ליהוה', 'HR/Np'), (2, 'ליהוה', 'HR/Np'), (2, 'יהוה', 'HNp'), (21, 'ליהוה', 'HR/Np'), (23, 'יהוה', 'HNp'), (23, 'יהוה', 'HNp'), (24, 'יהוה', 'HNp'), (24, 'יהוה', 'HNp'), (25, 'יהוה', 'HNp'), (26, 'יהוה', 'HNp'), (29, 'יהוה', 'HNp')], [(2, 'יהוה'), (23, 'יהוה'), (23, 'יהוה'), (24, 'יהוה'), (24, 'יהוה'), (25, 'יהוה'), (26, 'יהוה'), (29, 'יהוה')])
==== C. THE PARSER — the number verses of the chapter and of the kin (the engine's ink_numbers / ink_ordinals; the marked tokens)
  the chapter's verses with a number, an ordinal or a marked token: {6: ([2], [], ['שתי^']), 22: ([], [], ['עשר*']), 23: ([], [], ['מעשר*']), 28: ([3], [], ['שנים*', 'מעשר*'])}
  14:6, 14:22, 14:23 and 14:28 as the engine reads them (the starred tithe tokens — "tithe" carries the number word "ten" inside it; the engine marks it and reads no number at 14:22-23, [3] at 14:28): (['וכל', 'בהמה', 'מפרסת', 'פרסה', 'ושסעת', 'שסע', 'שתי^', 'פרסות', 'מעלת', 'גרה', 'בבהמה', 'אתה', 'תאכלו'], ['עשר*', 'תעשר', 'את', 'כל', 'תבואת', 'זרעך', 'היצא', 'השדה', 'שנה', 'שנה'], ['ואכלת', 'לפני', 'יהוה', 'אלהיך', 'במקום', 'אשר', 'יבחר', 'לשכן', 'שמו', 'שם', 'מעשר*', 'דגנך', 'תירשך', 'ויצהרך', 'ובכרת', 'בקרך', 'וצאנך', 'למען', 'תלמד', 'ליראה', 'את', 'יהוה', 'אלהיך', 'כל', 'הימים'], ['מקצה', 'שלש', 'שנים*', 'תוציא', 'את', 'כל', 'מעשר*', 'תבואתך', 'בשנה', 'ההוא', 'והנחת', 'בשעריך'])
  the kin's numbers (ink_numbers on the kin verses): {('Lev', 11, 3): [], ('Lev', 11, 9): [], ('Lev', 27, 30): [], ('Lev', 27, 32): [], ('Num', 18, 21): [], ('Num', 18, 26): [], ('Deut', 12, 17): [], ('Deut', 26, 12): [], ('Deut', 15, 1): [7], ('Deut', 31, 10): [7], ('Exod', 23, 10): [6], ('Exod', 23, 19): [], ('Exod', 34, 26): [], ('Lev', 19, 28): [], ('Lev', 21, 5): [], ('Deut', 7, 6): [], ('Exod', 19, 5): [], ('Deut', 12, 21): [], ('Deut', 19, 6): [], ('Gen', 28, 22): [], ('Gen', 14, 20): [], ('Deut', 12, 15): []}
  the starred or marked tokens over the book at the tithe's root — every מעשר / עשר / תעשר the engine marks (book, chapter, verse, token): [('Deut', 12, 17, 'מעשר*'), ('Deut', 14, 22, 'עשר*'), ('Deut', 14, 23, 'מעשר*'), ('Deut', 14, 28, 'מעשר*'), ('Deut', 26, 12, 'מעשר*')]
  "three" and "two" tokens in the chapter and the engine's reading: ([(6, 'שתי'), (28, 'שלש'), (28, 'שנים')], ([2], [], ['שתי^']), ([3], [], ['שנים*', 'מעשר*']))
==== D. THE REGISTER — the second-person number by verse (2mp count, 2ms count), the first person, the verb forms, the written/read pair
  2mp / 2ms per verse: {1: (5, 0), 2: (0, 3), 3: (0, 1), 4: (1, 0), 5: (0, 0), 6: (1, 0), 7: (2, 0), 8: (3, 0), 9: (2, 0), 10: (2, 0), 11: (1, 0), 12: (1, 0), 13: (0, 0), 14: (0, 0), 15: (0, 0), 16: (0, 0), 17: (0, 0), 18: (0, 0), 19: (1, 0), 20: (1, 0), 21: (1, 5), 22: (0, 2), 23: (0, 9), 24: (0, 6), 25: (0, 5), 26: (0, 9), 27: (0, 2), 28: (0, 4), 29: (0, 5)}
  singular-only verses: [2, 3, 22, 23, 24, 25, 26, 27, 28, 29]
  plural-only: [1, 4, 6, 7, 8, 9, 10, 11, 12, 19, 20]
  both: [21]
  neither: [5, 13, 14, 15, 16, 17, 18]
  the plural tokens in the mixed and plural verses: {1: [('אתם', 'HPp2mp'), ('אלהיכם', 'HNcmpc/Sp2mp'), ('תתגדדו', 'HVri2mp'), ('תשימו', 'HVqi2mp'), ('עיניכם', 'HNcbdc/Sp2mp')], 4: [('תאכלו', 'HVqi2mp')], 6: [('תאכלו', 'HVqi2mp')], 7: [('תאכלו', 'HVqi2mp'), ('לכם', 'HR/Sp2mp')], 8: [('לכם', 'HR/Sp2mp'), ('תאכלו', 'HVqi2mp'), ('תגעו', 'HVqi2mp')], 9: [('תאכלו', 'HVqi2mp'), ('תאכלו', 'HVqi2mp')], 10: [('תאכלו', 'HVqi2mp'), ('לכם', 'HR/Sp2mp')], 11: [('תאכלו', 'HVqi2mp')], 12: [('תאכלו', 'HVqi2mp')], 19: [('לכם', 'HR/Sp2mp')], 20: [('תאכלו', 'HVqi2mp')], 21: [('תאכלו', 'HVqi2mp')]}
  first-person plural (1cp) per verse: {}
  first-person singular (1cs): {}
  imperatives (any stem: HV.v / HV..v) per verse: {}
  infinitive absolutes (HV.a): {21: [('מכר', 'HVqa')], 22: [('עשר', 'HVpa')]}
  consecutive perfects (V.q) per verse — the law's form: {23: ['ואכלת'], 25: ['ונתתה', 'וצרת', 'והלכת'], 26: ['ונתתה', 'ואכלת', 'ושמחת'], 28: ['והנחת'], 29: ['ובא', 'ואכלו', 'ושבעו']}
  imperfect second person (V.i2) per verse: {1: [('תתגדדו', 'HVri2mp'), ('תשימו', 'HVqi2mp')], 3: [('תאכל', 'HVqi2ms')], 4: [('תאכלו', 'HVqi2mp')], 6: [('תאכלו', 'HVqi2mp')], 7: [('תאכלו', 'HVqi2mp')], 8: [('תאכלו', 'HVqi2mp'), ('תגעו', 'HVqi2mp')], 9: [('תאכלו', 'HVqi2mp'), ('תאכלו', 'HVqi2mp')], 10: [('תאכלו', 'HVqi2mp')], 11: [('תאכלו', 'HVqi2mp')], 12: [('תאכלו', 'HVqi2mp')], 20: [('תאכלו', 'HVqi2mp')], 21: [('תאכלו', 'HVqi2mp'), ('תתננה', 'HVqi2ms/Sp3fs'), ('תבשל', 'HVpi2ms')], 22: [('תעשר', 'HVpi2ms')], 23: [('תלמד', 'HVqi2ms')], 24: [('תוכל', 'HVqi2ms')], 27: [('תעזבנו', 'HVqi2ms/Sp3ms')], 28: [('תוציא', 'HVhi2ms')], 29: [('תעשה', 'HVqi2ms')]}
  narrative (wayyiqtol, V.w) per verse: {}
  participles (V.r) per verse: {1: [('למת', 'HR/Vqrmsa')], 6: [('מפרסת', 'HVhrfsc'), ('ושסעת', 'HC/Vqrfsc'), ('מעלת', 'HVhrfsc')], 7: [('ממעלי', 'HR/Vhrmpc'), ('וממפריסי', 'HC/R/Vhrmpc'), ('מעלה', 'HVhrmsc')], 8: [('מפריס', 'HVhrmsc')], 22: [('היצא', 'HTd/Vqrmsa')]}
  the article + participle chain (HTd/V.r) — "who brought you out … who led you … who fed you": [(22, 'היצא')]
  perfects (V.p) per verse: {2: [('בחר', 'HVqp3ms')], 7: [('הפריסו', 'HVhp3cp')], 21: [('ואכלה', 'HC/Vqp3ms/Sp3fs')]}
  prohibitions לא + imperfect: {1: [('תתגדדו', 'HVri2mp'), ('תשימו', 'HVqi2mp')], 3: [('תאכל', 'HVqi2ms')], 7: [('תאכלו', 'HVqi2mp'), ('הפריסו', 'HVhp3cp')], 8: [('תאכלו', 'HVqi2mp'), ('תגעו', 'HVqi2mp')], 10: [('תאכלו', 'HVqi2mp')], 12: [('תאכלו', 'HVqi2mp')], 19: [('יאכלו', 'HVNi3mp')], 21: [('תאכלו', 'HVqi2mp'), ('תבשל', 'HVpi2ms')], 24: [('תוכל', 'HVqi2ms')], 27: [('תעזבנו', 'HVqi2ms/Sp3ms')]}
  "not" (לא / ולא) seats per verse: {1: ['לא', 'ולא'], 3: ['לא'], 7: ['לא', 'לא'], 8: ['ולא', 'לא', 'לא'], 10: ['לא'], 12: ['לא'], 19: ['לא'], 21: ['לא', 'לא'], 24: ['לא'], 27: ['לא']}
  case tokens per verse: {'14:2': ['כי'], '14:7': ['כי'], '14:8': ['כי'], '14:21': ['או', 'כי'], '14:24': ['כי', 'כי', 'כי'], '14:27': ['כי'], '14:29': ['כי']}
  "saying" (לאמר) seats: []
  divine frames (ויאמר/וידבר יהוה): []
  "so that" (למען) seats per verse: {23: ['למען'], 29: ['למען']}
  "so that" count in chapter 14 and in Deuteronomy: (2, 43)
  tokens per verse: {1: 12, 2: 19, 3: 4, 4: 9, 5: 7, 6: 13, 7: 26, 8: 17, 9: 12, 10: 11, 11: 4, 12: 8, 13: 5, 14: 4, 15: 10, 16: 5, 17: 5, 18: 5, 19: 8, 20: 4, 21: 23, 22: 10, 23: 25, 24: 23, 25: 13, 26: 22, 27: 11, 28: 12, 29: 24}
  the chapter's tokens and letters: (351, 1344)
  wtype values in chapter 14: Counter({None: 351})
  the ketiv token(s) of chapter 14: []
==== E. ONKELOS — the renderings' seats over the book (the export's verse numbers; the export's chapter 14 = the DB's, the identity)
  "YOU SHALL NOT MAKE INCISIONS" — Onkelos on "you shall not cut yourselves" at 14:1 (the Aramaic verse whole) / every seat of the rendering's root in the book / "for the dead" rendered (על מית / מית) seats / "children" (בנין) with "before the LORD" (קדם יי) at 14:1: (['בנין', 'אתון', 'קדם', 'יי', 'אלהכון', 'לא', 'תתחממון', 'ולא', 'תשוון', 'מרט', 'בין', 'עיניכון', 'על', 'מית'], [], [], [(1, 31), (1, 35), (5, 22), (9, 7), (9, 17), (10, 6), (10, 11), (11, 5), (13, 10), (14, 1), (14, 15), (17, 7), (26, 14), (31, 11), (31, 20), (31, 21), (31, 23), (32, 39), (32, 50), (34, 4), (34, 5), (34, 7)], [(14, 1)])
  "BELOVED" (חביב) for "treasured" (סגלה) — 14:2's Aramaic whole and every חביב seat in the book / "a holy people" rendered (עם קדיש) every seat / 7:6's Aramaic: (['ארי', 'עם', 'קדיש', 'את', 'קדם', 'יי', 'אלהך', 'ובך', 'אתרעי', 'יי', 'למהוי', 'ליה', 'לעם', 'חביב', 'מכל', 'עממיא', 'די', 'על', 'אפי', 'ארעא'], [(7, 6), (14, 2), (26, 18), (33, 3)], [(7, 6), (14, 2), (14, 21), (26, 19), (28, 9)], ['ארי', 'עם', 'קדיש', 'את', 'קדם', 'יי', 'אלהך', 'בך', 'אתרעי', 'יי', 'אלהך', 'למהוי', 'ליה', 'לעם', 'חביב', 'מכל', 'עממיא', 'די', 'על', 'אפי', 'ארעא'])
  "ABOMINATION" rendered at 14:3 (the Aramaic whole) / the Aramaic's word for it (מרחק) seats in the book / "detestable" (שקץ / שיקצא) seats: (['לא', 'תיכול', 'כל', 'דמרחק'], [(7, 25), (7, 26), (12, 31), (14, 3), (17, 1), (18, 12), (22, 5), (23, 19), (24, 4), (25, 16), (27, 15)], [(7, 26)], [])
  THE TEN BEASTS IN ARAMAIC — 14:4 and 14:5 whole / the seven wild names' Aramaic (איל וטביא ויחמור ויעלא ורימא ותורבלא ודיצא — the export's own) / their seats in the book: (['דין', 'בעירא', 'דתיכלון', 'תורין', 'אמרין', 'דרחלין', 'וגדין', 'דעזין'], ['אילא', 'וטביא', 'ויחמורא', 'ויעלא', 'ורימא', 'ותורבלא', 'ודיצא'], [(14, 5)], [(1, 39), (4, 21), (6, 10), (7, 1), (10, 11), (11, 29), (14, 5), (20, 19), (30, 5)], [(14, 5)], [(14, 5)], [(14, 5), (27, 19)], [(12, 15), (12, 22), (14, 5), (15, 22)])
  THE SIGNS IN ARAMAIC — 14:6-8 whole / "parts the hoof" rendered (סדיקא פרסתא / סדקא) every seat / "chews the cud" rendered (מסקא פשרא / פשרא) every seat / "the camel, the hare, the rock-badger, the swine" in Aramaic (גמלא / ארנבא / טפזא / חזירא) seats: (['וכל', 'בעירא', 'דסדיקא', 'פרסתא', 'ומטלפא', 'טלפין', 'תרתין', 'פרסתא', 'מסקא', 'פשרא', 'בבעירא', 'יתה', 'תיכלון'], ['ברם', 'ית', 'דין', 'לא', 'תיכלון', 'ממסקי', 'פשרא', 'וממסדיקי', 'פרסתא', 'מטלפי', 'טלפיא', 'ית', 'גמלא', 'וית', 'ארנבא', 'וית', 'טפזא', 'ארי', 'מסקי', 'פשרא', 'אנון', 'ופרסתהון', 'לא', 'סדיקא', 'מסאבין', 'אנון', 'לכון'], ['וית', 'חזירא', 'ארי', 'מסדיק', 'פרסתא', 'הוא', 'ולא', 'פשר', 'מסאב', 'הוא', 'לכון', 'מבסרהון', 'לא', 'תיכלון', 'ובנבלתהון', 'לא', 'תקרבון'], [(14, 6), (14, 7), (14, 8)], [(14, 6), (14, 7), (14, 8)], [(14, 7)], [(14, 7)], [(14, 7)], [(14, 8)])
  THE WATER AND THE BIRDS IN ARAMAIC — 14:9-10 whole (fins and scales — ציצין וקלפין) and every seat / 14:11-20 whole / "every clean bird" rendered (ציפר דכיא) seats / "after its kind" rendered (לזנה / לזנוהי) count in the chapter: (['ית', 'דין', 'תיכלון', 'מכל', 'די', 'במיא', 'כל', 'די', 'ליה', 'ציצין', 'וקלפין', 'תיכלון'], ['וכל', 'די', 'לית', 'ליה', 'ציצין', 'וקלפין', 'לא', 'תיכלון', 'מסאב', 'הוא', 'לכון'], [(14, 9), (14, 10)], [(14, 9), (14, 10)], [['כל', 'צפר', 'דכיא', 'תיכלון'], ['ודין', 'די', 'לא', 'תיכלון', 'מנהון', 'נשרא', 'וער', 'ועזיא'], ['ובת', 'כנפא', 'וטרפיתא', 'ודיתא', 'לזנה'], ['וית', 'כל', 'ערבא', 'לזניה'], ['וית', 'בת', 'נעמיתא', 'וציצא', 'וצפר', 'שחפא', 'ונצא', 'לזנוהי'], ['וקדיא', 'וקפופא', 'ובותא'], ['וקתא', 'וירקרקא', 'ושלי', 'נונא'], ['וחוריתא', 'ואבו', 'לזנה', 'ונגר', 'טורא', 'ועטלפא'], ['וכל', 'רחשא', 'דעופא', 'מסאב', 'הוא', 'לכון', 'לא', 'יתאכלון'], ['כל', 'עופא', 'דכי', 'תיכלון']], [(9, 7), (12, 15), (12, 22), (14, 11), (14, 20), (15, 22), (23, 2), (23, 3), (23, 4), (23, 9), (23, 11), (24, 9), (25, 17)], 0)
  "YOU SHALL NOT EAT FLESH WITH MILK" — Onkelos on "you shall not boil a kid in its mother's milk" at 14:21 (the Aramaic whole) / the rendering's seats in the book (בשר בחלב) — Exodus 23:19 and 34:26 are other books' exports: the Deuteronomy export's only seat / "carcass" rendered (נבילא) seats / "to the sojourner" (לתותב) and "to a foreigner" (לבר עממין) seats: (['לא', 'תיכלון', 'כל', 'נבילא', 'לתותב', 'ערל', 'די', 'בקרויך', 'תתננה', 'וייכלנה', 'או', 'תזבננה', 'לבר', 'עממין', 'ארי', 'עם', 'קדיש', 'את', 'קדם', 'יי', 'אלהך', 'לא', 'תיכול', 'בשר', 'בחלב'], [(14, 21)], [(14, 21)], [(14, 21)], [(14, 21), (28, 43)], [(14, 21), (15, 3), (23, 21), (29, 21)])
  THE TITHE IN ARAMAIC — 14:22 whole ("tithe, you shall tithe" rendered עשרא תעשר) and every עשר seat in the book / 14:23 whole — "before the LORD" (קדם יי) and "the place which He will choose to cause His Shekhinah to dwell there" (לאשראה שכנתיה תמן) — every שכנת seat in the book / "to fear" rendered (למדחל) seats: (['עשרא', 'תעשר', 'ית', 'כל', 'עללת', 'זרעך', 'דיפוק', 'חקלא', 'שתא', 'בשתא'], [(1, 2), (1, 3), (1, 23), (4, 13), (10, 4), (12, 6), (12, 11), (12, 17), (12, 26), (14, 22), (14, 23), (14, 28), (26, 12), (26, 13), (31, 2), (34, 7)], ['ותיכול', 'קדם', 'יי', 'אלהך', 'באתרא', 'די', 'יתרעי', 'לאשראה', 'שכנתיה', 'תמן', 'מעשר', 'עבורך', 'חמרך', 'ומשחך', 'ובכורי', 'תורך', 'וענך', 'בדיל', 'דתילף', 'למדחל', 'קדם', 'יי', 'אלהך', 'כל', 'יומיא'], [(1, 42), (3, 24), (4, 39), (6, 15), (7, 21), (12, 5), (12, 11), (12, 21), (14, 23), (14, 24), (16, 2), (16, 6), (16, 11), (23, 15), (26, 2), (31, 17), (31, 18), (32, 10), (32, 20), (32, 40), (33, 12), (33, 16), (33, 26)], [(12, 5), (12, 11), (12, 21), (14, 23), (14, 24), (16, 2), (16, 6), (16, 11), (26, 2)], [(4, 10), (5, 26), (6, 24), (8, 6), (10, 12), (14, 23), (17, 19), (28, 58), (31, 13)])
  THE WAY AND THE MONEY IN ARAMAIC — 14:24-26 whole / "strong drink" rendered (חמר עתיק — old wine? or שכרא) — the seats of the rendering / "whatever your soul desires" rendered (בכל דתתרעי נפשך) seats / "rejoice" (ותחדי) seats in the chapter: (['וארי', 'יסגי', 'מנך', 'ארחא', 'ארי', 'לא', 'תכול', 'למטליה', 'ארי', 'יתרחק', 'מנך', 'אתרא', 'די', 'יתרעי', 'יי', 'אלהך', 'לאשראה', 'שכנתיה', 'תמן', 'ארי', 'יברכנך', 'יי', 'אלהך'], ['ותתן', 'בכספא', 'ותצור', 'כספא', 'בידך', 'ותהך', 'לאתרא', 'די', 'יתרעי', 'יי', 'אלהך', 'ביה'], ['ותתן', 'כספא', 'בכל', 'די', 'יתרעי', 'נפשך', 'בתורי', 'ובענא', 'ובחמר', 'חדת', 'ועתיק', 'ובכל', 'די', 'תשאלנך', 'נפשך', 'ותיכול', 'תמן', 'קדם', 'יי', 'אלהך', 'ותחדי', 'את', 'ואנש', 'ביתך'], [(14, 26), (29, 5)], [(27, 12), (33, 18)], [], [(12, 20), (21, 11), (21, 14), (30, 19)], [(14, 26)])
  THE LEVITE AND THE THIRD YEAR IN ARAMAIC — 14:27-29 whole / "portion and inheritance" rendered (חלק ואחסנא) every seat / "the sojourner, the fatherless and the widow" rendered (וגיורא ויתמא וארמלתא) every seat / "and be satisfied" rendered (וישבעון) seats: (['ולואה', 'די', 'בקרויך', 'לא', 'תשבקניה', 'ארי', 'לית', 'ליה', 'חלק', 'ואחסנא', 'עמך'], ['מסוף', 'תלת', 'שנין', 'תפק', 'ית', 'כל', 'מעשר', 'עללתך', 'בשתא', 'ההיא', 'ותצנע', 'בקרויך'], ['וייתי', 'לואה', 'ארי', 'לית', 'ליה', 'חלק', 'ואחסנא', 'עמך', 'וגיורא', 'ויתמא', 'וארמלא', 'די', 'בקרויך', 'וייכלון', 'וישבעון', 'בדיל', 'די', 'יברכנך', 'יי', 'אלהך', 'בכל', 'עובדי', 'ידך', 'די', 'תעבד'], [(10, 9), (12, 12), (14, 27), (14, 29), (18, 1)], [], [], [(14, 29), (26, 12), (31, 20)])
  "the Memra" (מימר) in the chapter / the parenthesized supplements in the Aramaic export for chapter 14 / "the Shekhinah" (שכנת) in the chapter (14:23, 14:24 expected — the place formula's rendering): ([], [], [(14, 23), (14, 24)])
==== F. THE ENGLISH'S BRACKETS (the translator's supplements) per verse of chapter 14
  bracket count per verse and the total: ({1: 1, 6: 1, 7: 1, 8: 2, 21: 3, 23: 2, 24: 1, 26: 2}, 13)
  the bracketed strings by verse: {1: ['before'], 6: ['its'], 7: ['split into hooves'], 8: ['regurgitate its', 'near'], 21: ['uncircumcised', 'foreigner', 'milk with meat'], 23: ['Shechinah', 'before'], 24: ['Shechinah'], 26: ['fresh and aged wine', 'the members of']}
  parenthesis rows in the English: []
==== G. THE STORE'S GLOSS FAMILIES (every gloss of chapter 14's tokens censused over the whole store: the tokens carrying it, with counts; the glosses ALREADY rewritten by the by-gloss overrides listed apart)
  distinct glosses in the chapter / already in the by-gloss overrides: (197, 25)
  the chapter's glosses ALREADY in the by-gloss overrides (gloss -> rewrite): {'God-you/your': 'your-God', 'God-you/your (pl)': 'your-God', 'and-brighten-up': 'and-rejoice', 'and-firstling-of-man': 'and-the-firstlings-of', 'and-flock-you/your': 'and-your-flock', 'and-oil-you/your': 'and-your-oil', 'and-sate': 'and-be-satisfied', 'eye-you/your (pl)': 'your-eyes', 'from-you/your': 'from-you', 'goad': 'teach', 'herd-you/your': 'your-herd', 'in-gate-you/your': 'within-your-gates', 'in-hand-you/your': 'in-your-hand', 'in-place': 'in-the-place', 'increase-you/your': 'your-grain', 'inquire-you/your': 'asks-you', 'living-being-you/your': 'your-soul', 'particle-of-affirmation': 'only', 'seed-you/your': 'your-seed', 'something-disgusting': 'abomination', 'the-he/it': 'that', 'to-put/set': 'to-put', 'to-reside': 'to-make-dwell', 'try': 'choose', 'wealth': 'treasure'}
  'YHWH': 1525 tokens in 1 words — [('יהוה', 1525)] | in the chapter: [(2, 'יהוה'), (23, 'יהוה'), (24, 'יהוה'), (25, 'יהוה'), (26, 'יהוה'), (29, 'יהוה')]
  'all': 967 tokens in 1 words — [('כל', 967)] | in the chapter: [(3, 'כל'), (9, 'כל'), (11, 'כל'), (14, 'כל'), (20, 'כל'), (21, 'כל')]
  'and-all': 198 tokens in 1 words — [('וכל', 198)] | in the chapter: [(6, 'וכל'), (10, 'וכל'), (19, 'וכל')]
  'and-claw': 4 tokens in 1 words — [('ופרסה', 4)] | in the chapter: [(7, 'ופרסה')]
  'and-come/bring': 219 tokens in 22 words — [('ויבא', 74), ('ויבאו', 47), ('והביא', 19), ('ובא', 12)] | in the chapter: [(29, 'ובא')]
  'and-cramp': 6 tokens in 4 words — [('וצרת', 2), ('והצר', 2), ('וצרתי', 1), ('וצררו', 1)] | in the chapter: [(25, 'וצרת')]
  'and-deposit': 7 tokens in 6 words — [('ויניחו', 2), ('ותנח', 1), ('והנח', 1), ('וינח', 1)] | in the chapter: [(28, 'והנחת')]
  'and-eat': 84 tokens in 12 words — [('ואכלת', 15), ('ואכל', 13), ('ואכלתם', 13), ('ויאכל', 11)] | in the chapter: [(23, 'ואכלת'), (26, 'ואכלת'), (29, 'ואכלו')]
  'and-eat-her/its': 2 tokens in 2 words — [('ואכלוה', 1), ('ואכלה', 1)] | in the chapter: [(21, 'ואכלה')]
  'and-from-break-in-pieces': 2 tokens in 1 words — [('וממפריסי', 2)] | in the chapter: [(7, 'וממפריסי')]
  'and-gazelle': 1 tokens in 1 words — [('וזמר', 1)] | in the chapter: [(5, 'וזמר')]
  'and-house-you/your': 3 tokens in 1 words — [('וביתך', 3)] | in the chapter: [(26, 'וביתך')]
  'and-in-all': 38 tokens in 1 words — [('ובכל', 38)] | in the chapter: [(26, 'ובכל')]
  'and-in-flabby-thing-them/their': 2 tokens in 1 words — [('ובנבלתם', 2)] | in the chapter: [(8, 'ובנבלתם')]
  'and-in-flock': 2 tokens in 1 words — [('ובצאן', 2)] | in the chapter: [(26, 'ובצאן')]
  'and-in-intoxicant': 1 tokens in 1 words — [('ובשכר', 1)] | in the chapter: [(26, 'ובשכר')]
  'and-in-wine': 1 tokens in 1 words — [('וביין', 1)] | in the chapter: [(26, 'וביין')]
  'and-in-you/your': 4 tokens in 2 words — [('ובך', 3), ('ובכה', 1)] | in the chapter: [(2, 'ובך')]
  'and-inheritance': 7 tokens in 1 words — [('ונחלה', 7)] | in the chapter: [(27, 'ונחלה'), (29, 'ונחלה')]
  'and-kind-of-deer': 1 tokens in 1 words — [('ויחמור', 1)] | in the chapter: [(5, 'ויחמור')]
  'and-leaper': 1 tokens in 1 words — [('ודישן', 1)] | in the chapter: [(5, 'ודישן')]
  'and-member-of-a-flock': 4 tokens in 1 words — [('ושה', 4)] | in the chapter: [(4, 'ושה')]
  'and-not': 358 tokens in 1 words — [('ולא', 358)] | in the chapter: [(1, 'ולא'), (8, 'ולא')]
  'and-obj-marker·et': 817 tokens in 1 words — [('ואת', 817)] | in the chapter: [(7, 'ואת'), (8, 'ואת'), (13, 'ואת'), (14, 'ואת'), (15, 'ואת'), (16, 'ואת')]
  'and-scale': 6 tokens in 2 words — [('וקשקשת', 5), ('ושחלת', 1)] | in the chapter: [(9, 'וקשקשת'), (10, 'וקשקשת')]
  'and-set': 241 tokens in 15 words — [('ויתן', 78), ('ונתן', 37), ('ונתתה', 26), ('ונתתי', 21)] | in the chapter: [(25, 'ונתתה'), (26, 'ונתתה')]
  'and-slender': 1 tokens in 1 words — [('ואקו', 1)] | in the chapter: [(5, 'ואקו')]
  'and-species-of-antelope': 1 tokens in 1 words — [('ותאו', 1)] | in the chapter: [(5, 'ותאו')]
  'and-splendor': 1 tokens in 1 words — [('וצבי', 1)] | in the chapter: [(5, 'וצבי')]
  'and-split': 6 tokens in 3 words — [('ושסע', 3), ('ושסעת', 2), ('ובקעת', 1)] | in the chapter: [(6, 'ושסעת')]
  'and-that': 50 tokens in 1 words — [('וכי', 50)] | in the chapter: [(24, 'וכי')]
  'and-the-Levite': 10 tokens in 2 words — [('והלוי', 6), ('והלוים', 4)] | in the chapter: [(27, 'והלוי')]
  'and-the-bat': 1 tokens in 1 words — [('והעטלף', 1)] | in the chapter: [(18, 'והעטלף')]
  'and-the-bereaved-person': 3 tokens in 1 words — [('והיתום', 3)] | in the chapter: [(29, 'והיתום')]
  'and-the-bird-of-prey': 1 tokens in 1 words — [('והראה', 1)] | in the chapter: [(13, 'והראה')]
  'and-the-claw': 1 tokens in 1 words — [('והפרס', 1)] | in the chapter: [(12, 'והפרס')]
  'and-the-falcon': 1 tokens in 1 words — [('והדיה', 1)] | in the chapter: [(13, 'והדיה')]
  'and-the-hard-breather': 2 tokens in 1 words — [('והתנשמת', 2)] | in the chapter: [(16, 'והתנשמת')]
  'and-the-hoopoe': 1 tokens in 1 words — [('והדוכיפת', 1)] | in the chapter: [(18, 'והדוכיפת')]
  'and-the-kind--bird': 1 tokens in 1 words — [('והחסידה', 1)] | in the chapter: [(18, 'והחסידה')]
  'and-the-pelican': 1 tokens in 1 words — [('והקאת', 1)] | in the chapter: [(17, 'והקאת')]
  'and-the-sea-eagle': 1 tokens in 1 words — [('והעזניה', 1)] | in the chapter: [(12, 'והעזניה')]
  'and-the-sojourner': 8 tokens in 1 words — [('והגר', 8)] | in the chapter: [(29, 'והגר')]
  'and-the-unclean-bird': 1 tokens in 1 words — [('והאנפה', 1)] | in the chapter: [(18, 'והאנפה')]
  'and-the-widow': 3 tokens in 1 words — [('והאלמנה', 3)] | in the chapter: [(29, 'והאלמנה')]
  'and-this': 29 tokens in 2 words — [('וזה', 16), ('וזאת', 13)] | in the chapter: [(12, 'וזה')]
  'and-walk/go': 18 tokens in 9 words — [('והלכת', 6), ('והלכתם', 3), ('ויתהלך', 2), ('והלכתי', 2)] | in the chapter: [(25, 'והלכת')]
  'baldness': 2 tokens in 1 words — [('קרחה', 2)] | in the chapter: [(1, 'קרחה')]
  'be-able': 59 tokens in 10 words — [('אוכל', 13), ('תוכל', 11), ('יכלו', 10), ('יוכל', 9)] | in the chapter: [(24, 'תוכל')]
  'between': 64 tokens in 1 words — [('בין', 64)] | in the chapter: [(1, 'בין')]
  'bless-you/your': 19 tokens in 5 words — [('יברכך', 10), ('ברכך', 4), ('מברכיך', 2), ('תברכך', 2)] | in the chapter: [(24, 'יברכך'), (29, 'יברכך')]
  'boil-up': 11 tokens in 7 words — [('תבשל', 4), ('בשלו', 2), ('זעפים', 1), ('הבשילו', 1)] | in the chapter: [(21, 'תבשל')]
  'break-in-pieces': 10 tokens in 6 words — [('מפרסת', 3), ('מפריס', 3), ('תרעץ', 1), ('יפריס', 1)] | in the chapter: [(6, 'מפרסת'), (7, 'הפריסו'), (8, 'מפריס')]
  'bring-forth': 152 tokens in 33 words — [('יצא', 44), ('יצאו', 15), ('הוצאתי', 9), ('תצא', 9)] | in the chapter: [(28, 'תוציא')]
  'bullock': 72 tokens in 3 words — [('פר', 32), ('שור', 24), ('פרים', 16)] | in the chapter: [(4, 'שור')]
  'claw': 9 tokens in 3 words — [('פרסה', 7), ('פרסת', 1), ('פרסות', 1)] | in the chapter: [(6, 'פרסה'), (6, 'פרסות'), (8, 'פרסה')]
  'crowd': 2 tokens in 2 words — [('גדוד', 1), ('תתגדדו', 1)] | in the chapter: [(1, 'תתגדדו')]
  'cud': 8 tokens in 1 words — [('גרה', 8)] | in the chapter: [(6, 'גרה'), (7, 'גרה'), (8, 'גרה')]
  'daughter': 81 tokens in 2 words — [('בת', 63), ('בנות', 18)] | in the chapter: [(15, 'בת')]
  'deed/work': 42 tokens in 2 words — [('מעשה', 41), ('מעשים', 1)] | in the chapter: [(29, 'מעשה')]
  'eat': 175 tokens in 15 words — [('יאכל', 50), ('תאכלו', 46), ('תאכל', 34), ('אכל', 10)] | in the chapter: [(3, 'תאכל'), (4, 'תאכלו'), (6, 'תאכלו'), (7, 'תאכלו'), (8, 'תאכלו'), (9, 'תאכלו')]
  'face': 107 tokens in 2 words — [('פני', 94), ('פנים', 13)] | in the chapter: [(2, 'פני')]
  'fin': 5 tokens in 1 words — [('סנפיר', 5)] | in the chapter: [(9, 'סנפיר'), (10, 'סנפיר')]
  'fissure': 14 tokens in 4 words — [('פטר', 9), ('שסע', 3), ('שסעת', 1), ('פטרת', 1)] | in the chapter: [(6, 'שסע')]
  'flabby-thing': 4 tokens in 1 words — [('נבלה', 4)] | in the chapter: [(21, 'נבלה')]
  'flying-creature': 9 tokens in 1 words — [('עוף', 9)] | in the chapter: [(20, 'עוף')]
  'foul-in-a-religious-sense': 48 tokens in 3 words — [('טמא', 33), ('טמאים', 8), ('טמאה', 7)] | in the chapter: [(7, 'טמאים'), (8, 'טמא'), (10, 'טמא'), (19, 'טמא')]
  'from-all': 80 tokens in 1 words — [('מכל', 80)] | in the chapter: [(2, 'מכל'), (9, 'מכל')]
  'from-extremity': 17 tokens in 2 words — [('מקץ', 9), ('מקצה', 8)] | in the chapter: [(28, 'מקצה')]
  'from-flesh-them/their': 3 tokens in 1 words — [('מבשרם', 3)] | in the chapter: [(8, 'מבשרם')]
  'from-go-up': 2 tokens in 1 words — [('ממעלי', 2)] | in the chapter: [(7, 'ממעלי')]
  'from-them/their': 25 tokens in 1 words — [('מהם', 25)] | in the chapter: [(12, 'מהם')]
  'go-up': 91 tokens in 24 words — [('עלה', 22), ('יעלה', 8), ('אעלה', 7), ('נעלה', 7)] | in the chapter: [(6, 'מעלת'), (7, 'מעלה')]
  'hand-you/your': 41 tokens in 3 words — [('ידך', 37), ('ידיך', 3), ('ידכה', 1)] | in the chapter: [(29, 'ידך')]
  'he/it': 459 tokens in 2 words — [('הוא', 451), ('היא', 8)] | in the chapter: [(8, 'הוא'), (10, 'הוא'), (19, 'הוא')]
  'in-all': 140 tokens in 1 words — [('בכל', 140)] | in the chapter: [(26, 'בכל'), (29, 'בכל')]
  'in-herd': 4 tokens in 1 words — [('בבקר', 4)] | in the chapter: [(26, 'בבקר')]
  'in-him/its': 133 tokens in 1 words — [('בו', 133)] | in the chapter: [(25, 'בו')]
  'in-livestock': 10 tokens in 2 words — [('בבהמה', 9), ('בבהמת', 1)] | in the chapter: [(6, 'בבהמה')]
  'in-milk': 3 tokens in 1 words — [('בחלב', 3)] | in the chapter: [(21, 'בחלב')]
  'in-silver': 8 tokens in 1 words — [('בכסף', 8)] | in the chapter: [(25, 'בכסף')]
  'in-waters': 54 tokens in 2 words — [('במים', 51), ('במי', 3)] | in the chapter: [(9, 'במים')]
  'in-years': 31 tokens in 3 words — [('בשנה', 24), ('בשנת', 5), ('בשנים', 2)] | in the chapter: [(28, 'בשנה')]
  'income': 5 tokens in 1 words — [('תבואת', 5)] | in the chapter: [(22, 'תבואת')]
  'income-you/your': 3 tokens in 1 words — [('תבואתך', 3)] | in the chapter: [(28, 'תבואתך')]
  'lift/carry-him/its': 5 tokens in 4 words — [('נשאו', 2), ('שאהו', 1), ('שאתו', 1), ('ישאהו', 1)] | in the chapter: [(24, 'שאתו')]
  'little-bird': 6 tokens in 2 words — [('צפור', 4), ('צפרים', 2)] | in the chapter: [(11, 'צפור')]
  'livestock': 29 tokens in 3 words — [('בהמה', 26), ('בהמת', 2), ('בהמות', 1)] | in the chapter: [(6, 'בהמה')]
  'loosen-him/its': 2 tokens in 2 words — [('פרעה', 1), ('תעזבנו', 1)] | in the chapter: [(27, 'תעזבנו')]
  'make': 461 tokens in 22 words — [('עשה', 116), ('תעשה', 97), ('יעשה', 51), ('תעשו', 49)] | in the chapter: [(29, 'תעשה')]
  'member-of-a-flock': 15 tokens in 1 words — [('שה', 15)] | in the chapter: [(4, 'שה')]
  'mother-him/its': 25 tokens in 1 words — [('אמו', 25)] | in the chapter: [(21, 'אמו')]
  'multiply': 32 tokens in 12 words — [('ירבה', 10), ('הרבה', 6), ('ארבה', 4), ('תרבה', 3)] | in the chapter: [(24, 'ירבה')]
  'must-you/your': 2 tokens in 1 words — [('תירשך', 2)] | in the chapter: [(23, 'תירשך')]
  'name-him/its': 58 tokens in 1 words — [('שמו', 58)] | in the chapter: [(23, 'שמו'), (24, 'שמו')]
  'not': 950 tokens in 3 words — [('לא', 947), ('לוא', 2), ('אל', 1)] | in the chapter: [(1, 'לא'), (3, 'לא'), (7, 'לא'), (8, 'לא'), (10, 'לא'), (12, 'לא')]
  'obj-marker·et': 2549 tokens in 1 words — [('את', 2549)] | in the chapter: [(7, 'את'), (9, 'את'), (16, 'את'), (22, 'את'), (23, 'את'), (28, 'את')]
  'obj-marker·et-her/its': 93 tokens in 2 words — [('אתה', 92), ('אותה', 1)] | in the chapter: [(6, 'אתה')]
  'or': 256 tokens in 1 words — [('או', 256)] | in the chapter: [(21, 'או')]
  'over': 995 tokens in 2 words — [('על', 987), ('עלי', 8)] | in the chapter: [(2, 'על')]
  'people': 55 tokens in 3 words — [('עם', 44), ('עמים', 10), ('עמי', 1)] | in the chapter: [(2, 'עם'), (21, 'עם')]
  'pure': 50 tokens in 3 words — [('טהור', 46), ('טהרה', 3), ('טהרות', 1)] | in the chapter: [(11, 'טהרה'), (20, 'טהור')]
  'put/set': 41 tokens in 13 words — [('שם', 10), ('תשים', 6), ('שים', 4), ('שמתי', 4)] | in the chapter: [(1, 'תשימו')]
  'raven': 2 tokens in 1 words — [('ערב', 2)] | in the chapter: [(14, 'ערב')]
  'sacred': 35 tokens in 4 words — [('קדוש', 13), ('קדש', 11), ('קדשים', 9), ('קדשי', 2)] | in the chapter: [(2, 'קדוש'), (21, 'קדוש')]
  'sell': 19 tokens in 8 words — [('ימכר', 6), ('מכר', 4), ('מכרו', 3), ('מכרתם', 2)] | in the chapter: [(21, 'מכר')]
  'set-her/its': 15 tokens in 5 words — [('אתננה', 8), ('נתתיה', 4), ('יתננה', 1), ('הוסדה', 1)] | in the chapter: [(21, 'תתננה')]
  'she-goat': 42 tokens in 3 words — [('עזים', 35), ('עז', 5), ('שעירת', 2)] | in the chapter: [(4, 'עזים')]
  'smoothness': 12 tokens in 2 words — [('חלק', 9), ('חלקת', 3)] | in the chapter: [(27, 'חלק'), (29, 'חלק')]
  'so-that': 68 tokens in 1 words — [('למען', 68)] | in the chapter: [(23, 'למען'), (29, 'למען')]
  'son': 949 tokens in 3 words — [('בני', 584), ('בן', 322), ('בנים', 43)] | in the chapter: [(1, 'בנים')]
  'stag': 1 tokens in 1 words — [('איל', 1)] | in the chapter: [(5, 'איל')]
  'swarming-creature': 8 tokens in 1 words — [('שרץ', 8)] | in the chapter: [(19, 'שרץ')]
  'tenth': 16 tokens in 4 words — [('מעשר', 10), ('עשירת', 3), ('עשירי', 2), ('עשרית', 1)] | in the chapter: [(23, 'מעשר'), (28, 'מעשר')]
  'that': 952 tokens in 1 words — [('כי', 952)] | in the chapter: [(2, 'כי'), (7, 'כי'), (8, 'כי'), (21, 'כי'), (24, 'כי'), (27, 'כי')]
  'the-Levite': 58 tokens in 2 words — [('הלוים', 50), ('הלוי', 8)] | in the chapter: [(29, 'הלוי')]
  'the-bird-of-prey': 2 tokens in 1 words — [('השלך', 2)] | in the chapter: [(17, 'השלך')]
  'the-bring-forth': 20 tokens in 5 words — [('היצאים', 10), ('המוציא', 4), ('היצא', 4), ('היצאת', 1)] | in the chapter: [(22, 'היצא')]
  'the-camel': 11 tokens in 2 words — [('הגמלים', 7), ('הגמל', 4)] | in the chapter: [(7, 'הגמל')]
  'the-claw': 3 tokens in 2 words — [('הפרסה', 2), ('הפרס', 1)] | in the chapter: [(7, 'הפרסה')]
  'the-cud': 2 tokens in 1 words — [('הגרה', 2)] | in the chapter: [(7, 'הגרה')]
  'the-cup': 4 tokens in 1 words — [('הכוס', 4)] | in the chapter: [(16, 'הכוס')]
  'the-day': 159 tokens in 3 words — [('היום', 135), ('הימים', 23), ('הימם', 1)] | in the chapter: [(23, 'הימים')]
  'the-eagle': 3 tokens in 1 words — [('הנשר', 3)] | in the chapter: [(12, 'הנשר')]
  'the-field': 51 tokens in 2 words — [('השדה', 50), ('השדת', 1)] | in the chapter: [(22, 'השדה')]
  'the-flower': 2 tokens in 1 words — [('הנץ', 2)] | in the chapter: [(15, 'הנץ')]
  'the-flying-creature': 12 tokens in 1 words — [('העוף', 12)] | in the chapter: [(19, 'העוף')]
  'the-ground': 64 tokens in 1 words — [('האדמה', 64)] | in the chapter: [(2, 'האדמה')]
  'the-gull': 2 tokens in 1 words — [('השחף', 2)] | in the chapter: [(15, 'השחף')]
  'the-hare': 2 tokens in 1 words — [('הארנבת', 2)] | in the chapter: [(7, 'הארנבת')]
  'the-hog': 2 tokens in 1 words — [('החזיר', 2)] | in the chapter: [(8, 'החזיר')]
  'the-kind-of-vulture-suffix': 1 tokens in 1 words — [('הרחמה', 1)] | in the chapter: [(17, 'הרחמה')]
  'the-livestock': 30 tokens in 1 words — [('הבהמה', 30)] | in the chapter: [(4, 'הבהמה')]
  'the-ostrich-(probably-from-its-a': 2 tokens in 1 words — [('היענה', 2)] | in the chapter: [(15, 'היענה')]
  'the-people': 235 tokens in 2 words — [('העם', 215), ('העמים', 20)] | in the chapter: [(2, 'העמים')]
  'the-place': 53 tokens in 2 words — [('המקום', 52), ('המקמות', 1)] | in the chapter: [(24, 'המקום'), (25, 'המקום')]
  'the-screamer': 2 tokens in 1 words — [('האיה', 2)] | in the chapter: [(13, 'האיה')]
  'the-silver': 15 tokens in 1 words — [('הכסף', 15)] | in the chapter: [(25, 'הכסף'), (26, 'הכסף')]
  'the-species-of-rockrabbit': 2 tokens in 1 words — [('השפן', 2)] | in the chapter: [(7, 'השפן')]
  'the-species-of-unclean-bird': 2 tokens in 1 words — [('התחמס', 2)] | in the chapter: [(15, 'התחמס')]
  'the-split': 1 tokens in 1 words — [('השסועה', 1)] | in the chapter: [(7, 'השסועה')]
  'the-unclean--bird': 2 tokens in 1 words — [('הינשוף', 2)] | in the chapter: [(16, 'הינשוף')]
  'the-way/road': 20 tokens in 1 words — [('הדרך', 20)] | in the chapter: [(24, 'הדרך')]
  'there': 134 tokens in 1 words — [('שם', 134)] | in the chapter: [(23, 'שם'), (24, 'שם'), (26, 'שם')]
  'there-is-not': 76 tokens in 1 words — [('אין', 76)] | in the chapter: [(10, 'אין'), (27, 'אין'), (29, 'אין')]
  'they': 86 tokens in 2 words — [('הם', 66), ('המה', 20)] | in the chapter: [(7, 'הם'), (7, 'המה')]
  'this': 162 tokens in 3 words — [('זה', 89), ('זאת', 71), ('זו', 2)] | in the chapter: [(4, 'זאת'), (7, 'זה'), (9, 'זה')]
  'three': 85 tokens in 4 words — [('שלשה', 35), ('שלש', 28), ('שלשת', 19), ('שלוש', 3)] | in the chapter: [(28, 'שלש')]
  'tithe': 3 tokens in 2 words — [('עשר', 2), ('תעשר', 1)] | in the chapter: [(22, 'עשר'), (22, 'תעשר')]
  'to': 1149 tokens in 1 words — [('אל', 1149)] | in the chapter: [(25, 'אל')]
  'to-YHWH': 255 tokens in 1 words — [('ליהוה', 255)] | in the chapter: [(1, 'ליהוה'), (2, 'ליהוה'), (21, 'ליהוה')]
  'to-be': 22 tokens in 2 words — [('להיות', 16), ('להית', 6)] | in the chapter: [(2, 'להיות')]
  'to-die': 16 tokens in 3 words — [('למות', 11), ('להמית', 3), ('למת', 2)] | in the chapter: [(1, 'למת')]
  'to-face': 238 tokens in 2 words — [('לפני', 235), ('לפנים', 3)] | in the chapter: [(23, 'לפני'), (26, 'לפני')]
  'to-fear': 8 tokens in 1 words — [('ליראה', 8)] | in the chapter: [(23, 'ליראה')]
  'to-him/its': 466 tokens in 2 words — [('לו', 343), ('אליו', 123)] | in the chapter: [(2, 'לו'), (9, 'לו'), (10, 'לו'), (27, 'לו'), (29, 'לו')]
  'to-kind-her/its': 10 tokens in 1 words — [('למינה', 10)] | in the chapter: [(13, 'למינה'), (18, 'למינה')]
  'to-kind-him/its': 18 tokens in 2 words — [('למינהו', 14), ('למינו', 4)] | in the chapter: [(14, 'למינו'), (15, 'למינהו')]
  'to-people': 29 tokens in 1 words — [('לעם', 29)] | in the chapter: [(2, 'לעם')]
  'to-sojourner': 6 tokens in 1 words — [('לגר', 6)] | in the chapter: [(21, 'לגר')]
  'to-strange': 2 tokens in 1 words — [('לנכרי', 2)] | in the chapter: [(21, 'לנכרי')]
  'to-you/your (pl)': 260 tokens in 3 words — [('לכם', 233), ('אליכם', 21), ('אלכם', 6)] | in the chapter: [(7, 'לכם'), (8, 'לכם'), (10, 'לכם'), (19, 'לכם')]
  'touch': 24 tokens in 7 words — [('יגע', 10), ('תגע', 5), ('תגעו', 4), ('נגע', 2)] | in the chapter: [(8, 'תגעו')]
  'two': 235 tokens in 4 words — [('שני', 80), ('שנים', 72), ('שתי', 66), ('שתים', 17)] | in the chapter: [(6, 'שתי')]
  'which': 1650 tokens in 1 words — [('אשר', 1650)] | in the chapter: [(2, 'אשר'), (4, 'אשר'), (9, 'אשר'), (10, 'אשר'), (12, 'אשר'), (21, 'אשר')]
  'widen': 8 tokens in 5 words — [('הרחק', 3), ('ירחק', 2), ('הרחיקו', 1), ('תרחיקו', 1)] | in the chapter: [(24, 'ירחק')]
  'wish-for': 4 tokens in 3 words — [('תאוה', 2), ('התאוו', 1), ('תתאוה', 1)] | in the chapter: [(26, 'תאוה')]
  'with-you/your': 82 tokens in 2 words — [('עמך', 48), ('אתך', 34)] | in the chapter: [(27, 'עמך'), (29, 'עמך')]
  'years': 294 tokens in 6 words — [('שנה', 209), ('שנים', 49), ('שני', 17), ('שנת', 15)] | in the chapter: [(22, 'שנה'), (28, 'שנים')]
  'you': 196 tokens in 2 words — [('אתה', 133), ('אתם', 63)] | in the chapter: [(1, 'אתם'), (2, 'אתה'), (21, 'אתה'), (26, 'אתה')]
  'young-goat': 7 tokens in 2 words — [('גדי', 5), ('גדיי', 2)] | in the chapter: [(21, 'גדי')]
  'young-sheep': 5 tokens in 2 words — [('כשב', 4), ('כשבים', 1)] | in the chapter: [(4, 'כשבים')]
  the store's "?" glosses in the chapter (verse, idx, token): []
  THE STORE AGAINST THE DB — the token counts (the store, the DB) and the verses that differ (none expected — no ketiv this chapter): (351, 351, [], [])
  the overrides file's top-level keys and sizes: {'by_gloss': 707, 'replace': 46, 'by_ref': 1122, 'by_skeleton': 14}
==== H. THE PRIOR READS — the kin's ledgers and their Onkelos rows on the kin verses (computed from the ledgers themselves); THE REGISTER'S FINDER on the chapter
  lev_11*: [('lev_11_animals_water_birds_2026-09-05.md', 6), ('lev_11_carcass_swarm_close_2026-09-05.md', 5)]
  lev_17*: [('lev_17_18_blood_arayot_2026-09-05.md', 46)]
  lev_19*: [('lev_19_kedoshim_2026-09-05.md', 37)]
  lev_21*: [('lev_21_priests_2026-09-05.md', 24)]
  lev_22*: [('lev_22_holy_food_offerings_2026-09-05.md', 33)]
  lev_27*: [('lev_27_valuations_2026-09-05.md', 34)]
  exo_19*: []
  exo_22*: [('exo_22_property_social_2026-09-01.md', 6)]
  exo_23*: [('exo_23_escort_land_2026-09-01.md', 8), ('exo_23_justice_calendar_2026-09-01.md', 7)]
  exo_34*: [('exo_34_second_tablets_2026-09-01.md', 7)]
  num_18*: [('num_18_priest_levite_dues_2026-09-10.md', 32)]
  deu_07*: [('deu_07_vaetchanan_ekev_2026-09-17.md', 26), ('deu_07_vaetchanan_ekev_exam_2026-09-18.md', 0)]
  deu_10*: [('deu_10_ekev_2026-09-19.md', 22), ('deu_10_ekev_exam_2026-09-20.md', 0)]
  deu_12*: [('deu_12_reeh_2026-09-20.md', 31), ('deu_12_reeh_exam_2026-09-20.md', 0)]
  gen_07*: [('gen_07_completion_sanctity_2026-08-23.md', 0)]
  gen_09*: [('gen_09_helper_woman_first_speech_2026-08-24.md', 0)]
  gen_28*: [('gen_28_egypt_descent_2026-08-25.md', 0)]
  gen_14*: [('gen_14_adam_line_ledger_2026-08-26.md', 0)]
  lev_07*: [('lev_07_asham_procedure_2026-09-03.md', 4), ('lev_07_fat_blood_dues_2026-09-03.md', 6), ('lev_07_shelamim_types_2026-09-03.md', 6)]
  num_06*: [('num_06_nazir_2026-09-09.md', 21), ('num_06_priest_blessing_2026-09-09.md', 6)]
  num_30*: [('num_30_vows_2026-09-12.md', 17), ('num_30_vows_exam_2026-09-12.md', 0)]
  THE TWIN CHAPTER'S READING — Leviticus 11 Onkelos rows by ledger: the beasts (11:2-8), the water (11:9-12), the birds (11:13-19), the swarming fowl (11:20-23), the carcass (11:39-40), the close (11:41-47): ([('lev_11_animals_water_birds_2026-09-05.md', 2)], [('lev_11_animals_water_birds_2026-09-05.md', 1)], [('lev_11_animals_water_birds_2026-09-05.md', 1)], [('lev_11_animals_water_birds_2026-09-05.md', 1)], [], [('lev_11_carcass_swarm_close_2026-09-05.md', 1)])
  the cuts and the baldness (Leviticus 19:27-28, 21:5) Onkelos rows by ledger / the holy people (Deuteronomy 7:6; Exodus 19:5-6; Leviticus 20:26) / the carcass and the torn (Leviticus 17:15, 22:8; Exodus 22:30) / the kid in its mother's milk (Exodus 23:19, 34:26): ([('lev_19_kedoshim_2026-09-05.md', 2), ('lev_21_priests_2026-09-05.md', 1)], [('lev_20_sanctions_2026-09-05.md', 1), ('deu_07_vaetchanan_ekev_2026-09-17.md', 1)], [('lev_17_18_blood_arayot_2026-09-05.md', 1), ('lev_22_holy_food_offerings_2026-09-05.md', 1), ('exo_22_property_social_2026-09-01.md', 1)], [('exo_23_justice_calendar_2026-09-01.md', 1)])
  the tithe (Leviticus 27:30-33; Numbers 18:21-32; Deuteronomy 12:6, 12:11, 12:17-19) Onkelos rows by ledger / the Levite's portion (Deuteronomy 10:9, 12:12; Numbers 18:20, 18:23-24) / the place formula (Deuteronomy 12:5, 12:11, 12:14, 12:18, 12:21, 12:26) / the far place and the desire (12:15, 12:20-22): ([('lev_27_valuations_2026-09-05.md', 4), ('deu_12_reeh_2026-09-20.md', 5), ('num_18_priest_levite_dues_2026-09-10.md', 12)], [('deu_12_reeh_2026-09-20.md', 1), ('deu_10_ekev_2026-09-19.md', 1), ('num_18_priest_levite_dues_2026-09-10.md', 3)], [('deu_12_reeh_2026-09-20.md', 6)], [('deu_12_reeh_2026-09-20.md', 4)])
  the sojourner, the fatherless and the widow (Deuteronomy 10:18; Leviticus 19:10, 23:22) Onkelos rows by ledger / the seventh year's end (Exodus 23:10-11) / the vows of the tithe (Numbers 30 — the exam naming 14:23, 26, 28) / Jacob's tithe (Genesis 28:22) and Abraham's (Genesis 14:20): ([('lev_19_kedoshim_2026-09-05.md', 1), ('deu_10_ekev_2026-09-19.md', 1), ('lev_23_festivals_2026-09-05.md', 1)], [], ['num_30_vows_2026-09-12.md', 'num_30_vows_exam_2026-09-12.md'], [])
  NEVER READ AHEAD — ledgers with an Onkelos row of Deuteronomy 15-26 (expected none) / any Onkelos row of Joshua, Judges, Samuel or Kings anywhere (expected none): ([], [])
  the ledgers naming a verse of chapter 14 (strict, both book forms): [('dependency_debt_docket_2026-09-06.md', ['Deut 14:21']), ('deu_12_reeh_exam_2026-09-20.md', ['Deut 14:23']), ('gen_21_blessing_blood_law_2026-08-25.md', ['Deuteronomy 14:4']), ('gen_48_bethel_ladder_vow_2026-08-27.md', ['Deuteronomy 14:4']), ('holiness_topic_docket_2026-09-06.md', ['Deut 14:28']), ('lev_01_call_and_korban_opening_2026-09-03.md', ['Deut 14:4']), ('lev_11_animals_water_birds_2026-09-05.md', ['Deut 14:12', 'Deut 14:4']), ('lev_21_priests_2026-09-05.md', ['Deut 14:1']), ('lev_27_valuations_2026-09-05.md', ['Deut 14:22']), ('num_06_nazir_2026-09-09.md', ['Deut 14:23']), ('num_09_pesach_cloud_2026-09-09.md', ['Deut 14:24']), ('num_16_18_korach_exam_2026-09-10.md', ['Deut 14:22']), ('num_18_priest_levite_dues_2026-09-10.md', ['Deut 14:23']), ('num_30_vows_exam_2026-09-12.md', ['Deut 14:23', 'Deut 14:26', 'Deut 14:28']), ('num_35_refuge_cities_exam_2026-09-13.md', ['Deuteronomy 14:21']), ('sanctions_topic_docket_2026-09-05.md', ['Deut 14:21'])]
  prior Sifrei reads among piskaot 96-110 (ledger, piska, row) and the count / among 96:9-12: ([('deu_06_vaetchanan_2026-09-17.md', 104, 8), ('deu_12_reeh_2026-09-20.md', 106, 5), ('deu_13_reeh_2026-09-21.md', 96, 1), ('deu_13_reeh_2026-09-21.md', 96, 2), ('deu_13_reeh_2026-09-21.md', 96, 3), ('deu_13_reeh_2026-09-21.md', 96, 4), ('deu_13_reeh_2026-09-21.md', 96, 5), ('deu_13_reeh_2026-09-21.md', 96, 6), ('deu_13_reeh_2026-09-21.md', 96, 7), ('deu_13_reeh_2026-09-21.md', 96, 8)], 10, 770, [])
  prior reads among the outside rows 76:7, 228:5, 312:1: [('deu_12_reeh_2026-09-20.md', 76, 7)]
  the prior-read rows' own lines in their ledgers (the first 160 chars of each): {('deu_06_vaetchanan_2026-09-17.md', 104, 8): ['- Sifrei Devarim 104:8 — CONTEXT. On 14:21. "YOU SHALL NOT BOIL A KID IN ITS MOTHER\'S MILK" (14:21) — WHY SAID THREE TIMES? AGAINST THE THREE COVENANTS THE HOLY'], ('deu_12_reeh_2026-09-20.md', 76, 7): ['- Sifrei Devarim 76:7 — MATERIAL. On 12:23. "YOU SHALL NOT EAT IT" (12:24) — TO INCLUDE FLESH IN MILK. IS IT NOT REASONED? CARRION, NOT LIABLE FOR ITS COOKING, '], ('deu_12_reeh_2026-09-20.md', 106, 5): ['- Sifrei Devarim 106:5 — MATERIAL. On 14:23; cites 12:17. OTHERS SAY: MIGHT A FIRSTLING WHOSE YEAR PASSED INTO THE NEXT BE DISQUALIFIED LIKE OTHER DISQUALIFIED ']}
  THE FINDER — the receipt lines the register gate finds in chapter 14 (both forms with the Name): []
  THE FINDER — the footers/headers and the register headers in chapter 14 (14:4's "this is the beast" — a header form?): ([], [])
  THE FINDER — the receipts in the book so far (chapters 1-14): [('Deut', 1, 3), ('Deut', 1, 19), ('Deut', 1, 41), ('Deut', 4, 5), ('Deut', 5, 12), ('Deut', 5, 16), ('Deut', 5, 32), ('Deut', 10, 5)]
  THE FINDER — the count lines it finds in chapter 14 (the number verses 14:6, 14:28): []
