==== cold_run_shemini.classify sig ('kind',) (2257 chars) asks-in-source []
def classify(kind):
        """kind: dict(clazz, signs...) -> (verdict, provenance, why)"""
        c = kind['clazz']
        if c == 'land':
            both = kind.get('hoof') and kind.get('cud')
            if both:
                return ('

==== cold_run_shemini.touch_effect sig ('event',) (456 chars) asks-in-source []
def touch_effect(event):
        if event == 'touch_carcass':
            return ('impure_until_evening', I, 'Lev 11:24 — the eightfold clause')
        if event == 'carry_carcass':
            return ('wash_and_evening', I, 'Lev 11:25 

==== cold_run_sanctions.carcass sig ('q',) (3393 chars) asks-in-source ['beast_carcass', 'effect', 'equality_test', 'failure', 'garments_boundary', 'impure_species', 'lashes_for_eating', 'minimum', 'pinching', 'slaughtered', 'where_defiles', 'who']
def carcass(q, **k):
        if q == 'who':
            return cell('citizen_and_convert_not_the_resident_alien', I, ('17:15 "the citizen and the convert" (%s) — ' + SA +
                        'Chapter 12 1 (the covenant member)')

  sanctions.carcass('beast_carcass')                             {'v': 'defiles_before_eating_no_swallow_rule', 'p': 'MOVE', 'why': 'Sifra, Acharei Mot, Chapter 12 5-6 — the beast carcass from Lev 22:8\'s carve [IMPORT — L5]; "by it" — the bird alone at the throat', 'fx': ['impure_until_evening']}
  sanctions.carcass('effect')                                    {'v': 'washes_garments_bathes_impure_until_evening_then_pure', 'p': 'INK', 'why': '17:15 "he shall wash his garments and bathe in water and be impure until evening, and be pure"', 'fx': ['washes_and_bathes', 'impure_until_evening']}
  sanctions.carcass('equality_test')                             {'v': 'what_binds_citizen_and_convert_equally', 'p': 'MOVE', 'why': "Sifra, Acharei Mot, Chapter 12 11 — the Others' test", 'fx': ['—']}
  sanctions.carcass('failure')                                   {'v': 'forty_lashes', 'p': 'MOVE', 'why': 'Sifra, Acharei Mot, Chapter 12 13 — failing to launder the GARMENTS = forty: one verse, two organs, two sanctions', 'fx': ['lashes']}
  sanctions.carcass('garments_boundary')                         {'v': 'garments_and_vessels_as_garments_yes_man_and_earthenware_no', 'p': 'MOVE', 'why': 'Sifra, Acharei Mot, Chapter 12 12 — the eater with one hand on the oven and one on his fellow: both stay pure (12 13)', 'fx': ['defiles_garments']}
  sanctions.carcass('impure_species')                            {'v': ['excluded_sages_carcass_AND_torn', 'excluded_R._Yehuda'], 'p': 'MOVE', 'why': 'Sifra, Acharei Mot, Chapter 12 7 — a species that HAS a torn-state is meant; the impure bird has none', 'fx': ['—']}
  sanctions.carcass('lashes_for_eating')                         {'v': 'lashed', 'p': 'IMPORT', 'why': 'Makkot 3:2 — the eater of carcass and torn: the ban is Deut 14:21 / Exod 22:30 [IMPORT]; 17:15 writes the impurity, not the ban', 'fx': ['lashes']}
  sanctions.carcass('minimum')                                   {'v': 'olive', 'p': 'DATA', 'why': 'Sifra, Acharei Mot, Chapter 12 2 — eating = an olive-bulk (the data channel); "carcass" excludes beak, claws, wings, feathers, eggs', 'fx': ['—']}
  sanctions.carcass('pinching')                                  {'v': ['purifies_R._Meir', 'does_not_R._Yosei_dayo'], 'p': 'MOVE', 'why': 'Sifra, Acharei Mot, Chapter 12 9 — DAYO: enough for the bird to be like the beast carcass (slaughter purifies, pinching does not); the inside-pinched excluded (12 10: it permits the for
  sanctions.carcass('slaughtered')                               {'v': 'excluded', 'p': 'MOVE', 'why': 'Sifra, Acharei Mot, Chapter 12 8 — R. Yehuda: "torn" is never redundant, so "carcass" comes to exclude the slaughtered', 'fx': ['—']}
  sanctions.carcass('where_defiles')                             {'v': 'swallow_house_only', 'p': 'MOVE', 'why': 'Sifra, Acharei Mot, Chapter 12 3-4 — THE SWALLOW-HOUSE: neither in the bowels nor in the mouth, only at the throat ("soul" = where the soul-house is); nor on the way out (Zavim 5:9 routed here)', 'fx': ['defiles
  sanctions.carcass('who')                                       {'v': 'citizen_and_convert_not_the_resident_alien', 'p': 'INK', 'why': '17:15 "the citizen and the convert" ((17, 15)) — Sifra, Acharei Mot, Chapter 12 1 (the covenant member)', 'fx': ['impure_until_evening']}
==== cold_run_calendar.kid_in_milk sig ('case', 'data') (696 chars) asks-in-source ['benefit', 'cook', 'eat']
def kid_in_milk(case, data):
        del P[:]
        ink('Exod 23:19', '"you shall not BOIL (תבשל) a KID (גדי) in its '
            'MOTHER\'S (אמו) milk"')
        move('Chullin 115b / Pesachim 24b:11 (triage rows)', 'the clause '
       

  calendar.kid_in_milk({ask:benefit})                            ('barred', ['barred_from_it'])
  calendar.kid_in_milk({ask:cook})                               ('barred', ['barred_from_it'])
  calendar.kid_in_milk({ask:eat})                                ('barred', ['barred_from_it'])
==== cold_run_calendar.sabbatical sig ('case', 'data') (1293 chars) asks-in-source ['home_engine', 'timer', 'work_scope']
def sabbatical(case, data):
        del P[:]
        ink('Exod 23:10-11', '"six years you shall sow... but the SEVENTH '
            'you shall RELEASE it (תשמטנה) and let it lie (ונטשתה), that '
            'the poor of your people may

  calendar.sabbatical({ask:home_engine})                         ('the same release: Lev 25 holds 4 labor verbs (CALLED yovel)', ['land_release'])
  calendar.sabbatical({ask:timer})                               ('land released in year 7', ['land_release'])
  calendar.sabbatical({ask:work_scope})                          ('hoeing barred in the seventh', ['barred_from_it'])
==== cold_run_erection.repeats sig ('q',) (18052 chars) asks-in-source ['appear_delta', 'appearance_amounts', 'arafto', 'as_commanded_without_kaf', 'chagigah_older', 'chagigah_overnight', 'donkey_by_call', 'empty_exported', 'empty_two_seats', 'empty_where_it_stands', 'equinox', 'feasts_delta', 'first_fruits_by_call', 'firstborn_delta', 'headline', 'jaccard', 'kelal_prat', 'kid_by_call', 'kid_identical', 'leaven_by_call', 'leaven_delta', 'loaves_by_call', 'matzah_by_call', 'matzah_delta', 'order_of_clauses', 'peter_forms', 'peter_twice', 'pilgrimage_by_call', 'plowing_three_readings', 'purge_before_slaughter', 'rest_by_call', 'rest_delta', 'sabbatical_by_call', 'seh_class', 'sheet_bekhorot_1_2', 'sheet_bekhorot_1_7', 'sheet_pesachim_5_4', 'sheet_sheviit_1_4', 'tekufat', 'tifdeh_doubled', 'tifdeh_triple', 'tipadeh', 'tizakar_homograph', 'until_morning_forms', 'warranty', 'warranty_read', 'weeks_consonants', 'wheat_two_loaves', 'zivchi_two_seats']
def repeats(q):
        if q == 'jaccard':
            return cell(R_JAC, I, "the eight clause-pairs aligned by normalized token overlap: %s — the kid clause identical (1.0), the matzah and the appearing near (0.7), the rest, th

  erection.repeats('appear_delta')                               {'v': (['אלהי', 'את', 'ישראל'], ['אל']), 'p': 'INK', 'why': "34:23 against 23:17 — ADDS ['אלהי', 'את', 'ישראל'] and DROPS ['אל']: 'the face of the Lord, the LORD, THE GOD OF ISRAEL' for 'to the face of the Lord, the LORD', and the object marker for the preposi
  erection.repeats('appearance_amounts')                         {'v': ('two_silver', 'maah'), 'p': 'DATA', 'why': "Mishnah Chagigah 1:2 — Beit Shammai: the appearance offering two silver, the festival offering a ma'ah; Beit Hillel the reverse — the amounts the DATA channel; 34:20's 'not empty' states a floor with no number
  erection.repeats('arafto')                                     {'v': [('Exod', 13, 13), ('Exod', 34, 20)], 'p': 'INK', 'why': "'you shall break its neck' (וערפתו) at ['Exod 13:13', 'Exod 34:20'] alone — the second seat repeats the first's hapax exactly", 'fx': ['redeem_or_break']}
  erection.repeats('as_commanded_without_kaf')                   {'v': (1, 1, False), 'p': 'INK', 'why': "the pointer at the second seat: 34:18 'AS I COMMANDED you' is written without the comparative kaf (אשר צויתך, 1) where 23:15 writes it with (כאשר צויתך, 1) — the dependency census's AS_WHEN form does not fire at 34:18 (
  erection.repeats('chagigah_older')                             {'v': 'existed_before_the_utterance', 'p': 'MOVE', 'why': "Chagigah 6a:14 (opened) — Beit Hillel: the festival peace offering 'existed before the Utterance' — 24:5 'they slaughtered peace offerings'; and the appearance offering — 24:5 'they offered burnt offer
  erection.repeats('chagigah_overnight')                         {'v': 'chagigah_of_the_fourteenth_not_overnight', 'p': 'MOVE', 'why': "Pesachim 70a:5 (opened) — ben Teima: 'the SACRIFICE of the FEAST of the Passover shall not remain to the morning' — 'the sacrifice of the feast' is the chagigah of the fourteenth, 'the Pass
  erection.repeats('donkey_by_call')                             {'v': 'redeem with a lamb, else break the neck', 'p': 'IMPORT', 'why': "34:20's donkey by call into the Passover engine — cold_run_pesach.firstborn(donkey) -> 'redeem with a lamb, else break the neck'; the ordinances engine's firstling fetches the same (ORD.fi
  erection.repeats('empty_exported')                             {'v': 'five_selas_to_the_severance_gift', 'p': 'MOVE', 'why': "Kiddushin 17a:7 (opened) — R. Meir prices the Hebrew slave's severance gift (Deut 15:13 'you shall not send him away EMPTY') by 'empty' 'empty' from THIS verse's firstborn: five selas — the moved c
  erection.repeats('empty_two_seats')                            {'v': [('Exod', 23, 15), ('Exod', 34, 20)], 'p': 'INK', 'why': "'they shall not appear before Me EMPTY' at exactly ['Exod 23:15', 'Exod 34:20'] — at the first seat it closes the matzah feast, at the second it closes the firstborn's redemption: one clause, two 
  erection.repeats('empty_where_it_stands')                      {'v': 'standing_liability_like_the_appearance_offering', 'p': 'MOVE', 'why': "Bekhorot 51b:8 (opened) — Rav Dimi in R. Yonatan's name: 'every firstborn of your sons you shall redeem, and they shall not appear before Me empty' — 'empty' 'empty' from the appeara
  erection.repeats('equinox')                                    {'v': 'ingathering_after_the_turn', 'p': 'MOVE', 'why': "the calendar block (round 22, credited): Sanhedrin 13a:1 — 34:22's 'turn of the year' is the intercalation's equinox rule: the ingathering feast must fall after Tishrei's turn", 'fx': ['appearance_owed']
  erection.repeats('feasts_delta')                               {'v': (['אסיף', 'חטים', 'לך', 'שבעת', 'תעשה', 'תקופת'], ['אסף', 'אספך', 'אשר', 'את', 'מן', 'מעשיך', 'מעשיך', 'צאת', 'שדה', 'שדה', 'תזרע']), 'p': 'INK', 'why': "34:22 against 23:16 — the second seat ADDS ['אסיף', 'חטים', 'לך', 'שבעת', 'תעשה', 'תקופת'] and DROPS
  erection.repeats('first_fruits_by_call')                       {'v': 'bring to the house (seven kinds — fetched list)', 'p': 'IMPORT', 'why': "34:26 'the first of the first fruits of your land' — cold_run_calendar.first_fruits -> 'bring to the house (seven kinds — fetched list)' [IMPORT, live call]; the appointed-times en
  erection.repeats('firstborn_delta')                            {'v': (['חמור', 'יראו', 'לא', 'ניך', 'פני', 'ריקם'], ['אדם', 'בניך', 'חמר', 'כל']), 'p': 'INK', 'why': "34:20 against 13:13 — ADDS ['חמור', 'יראו', 'לא', 'ניך', 'פני', 'ריקם'] and DROPS ['אדם', 'בניך', 'חמר', 'כל']: the donkey spelled plene (חמור for חמר), 'th
  erection.repeats('headline')                                   {'v': 'the_second_seats_delta_is_where_the_tradition_argues', 'p': 'MOVE', 'why': "THE HEADLINE: every token the second seat adds, drops, moves, or doubles against the first is a sugya's ground — the plowing (three readings), the doublings (four sugyot), the m
  erection.repeats('jaccard')                                    {'v': {'matzah': 0.7, 'firstborn_a': 0.26, 'firstborn_b': 0.5, 'rest': 0.26, 'feasts': 0.23, 'appear': 0.69, 'leaven_fat': 0.5, 'firstfruits_kid': 1.0}, 'p': 'INK', 'why': "the eight clause-pairs aligned by normalized token overlap: {'matzah': 0.7, 'firstborn_
  erection.repeats('kelal_prat')                                 {'v': ['שור', 'ושה', 'חמור'], 'p': 'INK', 'why': "34:19-20 'ALL your cattle you shall remember-the-male — the firstling of OX and SHEEP, and the firstling of a DONKEY': a generalization and its particulars ['שור', 'ושה', 'חמור']; Bekhorot 6a:6 (opened): Rav Pa
  erection.repeats('kid_by_call')                                {'v': {'cook': 'barred', 'eat': 'barred', 'benefit': 'barred'}, 'p': 'IMPORT', 'why': "the kid clause's three bans by call — cold_run_calendar.kid_in_milk(cook / eat / benefit) -> {'cook': 'barred', 'eat': 'barred', 'benefit': 'barred'} [IMPORT, live call]: th
  erection.repeats('kid_identical')                              {'v': True, 'p': 'INK', 'why': "34:26 == 23:19 TOKEN FOR TOKEN (twelve tokens): 'the first of the first fruits of your land you shall bring to the house of the LORD your God; you shall not boil a kid in its mother's milk' — the one clause-pair the second seat 
  erection.repeats('leaven_by_call')                             {'v': ('the slaughterer with leaven transgresses', 'disqualified at morning off the altar', 'burn on the 16th'), 'p': 'IMPORT', 'why': "the two windows by call — cold_run_calendar.offering_windows(leaven_beside_offering) -> 'the slaughterer with leaven transgr
  erection.repeats('leaven_delta')                               {'v': (['זבח', 'חג', 'פסח', 'תשחט'], ['חגי', 'חלב', 'עד', 'תזבח']), 'p': 'INK', 'why': "34:25 against 23:18 — ADDS ['זבח', 'חג', 'פסח', 'תשחט'] and DROPS ['חגי', 'חלב', 'עד', 'תזבח']: 'SLAUGHTER' for 'sacrifice', 'THE SACRIFICE OF THE FEAST OF THE PASSOVER' ([
  erection.repeats('loaves_by_call')                             {'v': (2, 'two_tenths'), 'p': 'IMPORT', 'why': "Lev 23:17's two loaves by call — cold_run_moadim.two_loaves(): count 2, flour 'two_tenths' [IMPORT, live call]; the wheat is 34:22's word, the two tenths Leviticus's", 'fx': ['accepted']}
  erection.repeats('matzah_by_call')                             {'v': 'seven days of unleavened bread = 14th evening to 21st evening (CALLED pesach)', 'p': 'IMPORT', 'why': "the command pointed to, by two calls — cold_run_calendar.matzah(as_commanded) -> 'seven days of unleavened bread = 14th evening to 21st evening (CALLE
  erection.repeats('matzah_delta')                               {'v': (['אביב', 'חדש'], ['בו', 'יראו', 'לא', 'פני', 'ריקם']), 'p': 'INK', 'why': "34:18 against 23:15 — ADDS ['אביב', 'חדש'] ('the month of Aviv' repeated) and DROPS ['בו', 'יראו', 'לא', 'פני', 'ריקם']: the clause 'they shall not appear before Me EMPTY' leaves
  erection.repeats('order_of_clauses')                           {'v': 'redeem_then_appear', 'p': 'MOVE', 'why': "Kiddushin 29b:5 (opened) — the rabbis: 'the verse says every firstborn of your sons you shall redeem AND AFTERWARD they shall not appear before Me empty' — the clause order of 34:20 is the duties' order (move M-
  erection.repeats('peter_forms')                                {'v': ([('Exod', 13, 13)], [('Exod', 34, 20)], []), 'p': 'INK', 'why': "'the firstling of a donkey' — DEFECTIVE at ['Exod 13:13'] (פטר חמר), PLENE with the conjunction at ['Exod 34:20'] (ופטר חמור), and the plene form without the vav NOWHERE ([]): the traditio
  erection.repeats('peter_twice')                                {'v': 'bearer_and_born_both_donkeys', 'p': 'MOVE', 'why': "Bekhorot 5b:7 (opened) — Mishnah Bekhorot 1:2's source: 'a cow that bore a donkey-like... exempt, for it says peter chamor (13:13), peter chamor (34:20) — TWICE: until the bearer is a donkey and the bo
  erection.repeats('pilgrimage_by_call')                         {'v': ('owes the three appearings', 'exempt', 'exempt'), 'p': 'IMPORT', 'why': "the appearing by call — cold_run_calendar.pilgrimage(able_male) -> 'owes the three appearings', (woman) -> 'exempt', (lame) -> 'exempt' [IMPORT, live call]: 'all your MALES' at bot
  erection.repeats('plowing_three_readings')                     {'v': ('added_sabbatical', 'omer_harvest_excluded', 'labors_divided'), 'p': 'MOVE', 'why': "THE ADDED TOKENS READ THREE WAYS — Makkot 8b:3 (opened): R. Akiva — the plowing of the eve that enters the seventh and the harvest that goes out (the ADDED SABBATICAL; 
  erection.repeats('purge_before_slaughter')                     {'v': 'purge_before_the_slaughter', 'p': 'MOVE', 'why': "Pesachim 5a:16 (the leaven block credited) — Rava: 'you shall not slaughter over leaven the blood of My sacrifice' — do not slaughter the Passover while leaven still exists: the removal deadline pegged t
  erection.repeats('rest_by_call')                               {'v': ('every seventh day', 'ox, donkey, slave, resident stranger'), 'p': 'IMPORT', 'why': "the rest by call — cold_run_calendar.weekly_rest(recurrence) -> 'every seventh day', (who_rests) -> 'ox, donkey, slave, resident stranger' [IMPORT, live call]: the firs
  erection.repeats('rest_delta')                                 {'v': (['חריש', 'קציר', 'תעבד', 'תשבת'], ['אמתך', 'בן', 'הגר', 'חמרך', 'ינוח', 'ינפש', 'מען', 'מעשיך', 'שורך', 'תעשה']), 'p': 'INK', 'why': "34:21 against 23:12 — ADDS ['חריש', 'קציר', 'תעבד', 'תשבת'] ('you shall WORK', 'in PLOWING and in HARVEST') and DROPS [
  erection.repeats('sabbatical_by_call')                         {'v': ('land released in year 7', 'the same release: Lev 25 holds 4 labor verbs (CALLED yovel)'), 'p': 'IMPORT', 'why': "the seventh year by call — cold_run_calendar.sabbatical(timer) -> 'land released in year 7', (home_engine) -> 'the same release: Lev 25 hol
  erection.repeats('seh_class')                                  {'v': 'sheep_or_goat_any_sex_age_blemish', 'p': 'ANSWER-SHEET', 'why': "Mishnah Bekhorot 1:4 (the link row) — 'with a SEH: from the sheep and from the goats, male and female, large and small, whole and blemished' (Bekhorot 9a:6 opened); 1:5: not a calf, a wild
  erection.repeats('sheet_bekhorot_1_2')                         {'v': 'exempt', 'p': 'ANSWER-SHEET', 'why': 'Mishnah Bekhorot 1:2 (the link row at 34:20) — a cow that bore a donkey-like, a donkey a horse-like: exempt from the firstling law', 'fx': ['exempt']}
  erection.repeats('sheet_bekhorot_1_7')                         {'v': 'redemption_precedes_breaking', 'p': 'ANSWER-SHEET', 'why': "Mishnah Bekhorot 1:7 (the link row) — 'the command to redeem precedes the command to break the neck, as it says: and if you will not redeem it, you shall break its neck' (13:13 = 34:20); with E
  erection.repeats('sheet_pesachim_5_4')                         {'v': 'transgresses_a_negative', 'p': 'ANSWER-SHEET', 'why': 'Mishnah Pesachim 5:4 (the link row at 34:25) — one who slaughters the Passover over leaven transgresses a negative; R. Yehuda: also the tamid; R. Shimon: for its name on the fourteenth', 'fx': ['pur
  erection.repeats('sheet_sheviit_1_4')                          {'v': 'plowing_of_the_eve_harvest_of_the_morrow', 'p': 'ANSWER-SHEET', 'why': "Mishnah Sheviit 1:4 (the link row at 34:21) — 'in plowing and in harvest you shall rest: no need to say the seventh's, rather the plowing of the eve that enters the seventh and the 
  erection.repeats('tekufat')                                    {'v': ([('Exod', 34, 22)], [('2Chr', 24, 23)], [('Exod', 23, 16)]), 'p': 'INK', 'why': "'the TURN of the year' at ['Exod 34:22'] (and with a prefix at ['2Chr 24:23'] — Joash's year), 'the year's GOING OUT' at ['Exod 23:16']: the second seat's astronomical word
  erection.repeats('tifdeh_doubled')                             {'v': 'at_once_with_any_amount', 'p': 'MOVE', 'why': "Bekhorot 10b:27 (opened) — 'tifdeh (13:13), tifdeh (34:20): redeem AT ONCE, redeem with ANY amount' (R. Yosei b. Yehuda: not under a shekel); 12a:3: 'tifdeh tifdeh INCLUDES' — the lamb need not be the pasch
  erection.repeats('tifdeh_triple')                              {'v': ([('Exod', 13, 13), ('Exod', 34, 20), ('Isa', 1, 27), ('Num', 18, 15), ('Num', 18, 16), ('Num', 18, 17)], 3, 3), 'p': 'INK', 'why': "'you shall redeem' (תפדה) at ['Exod 13:13', 'Exod 34:20', 'Isa 1:27', 'Num 18:15', 'Num 18:16', 'Num 18:17'] — THREE time
  erection.repeats('tipadeh')                                    {'v': 'he_redeems_himself_sons_not_daughters', 'p': 'MOVE', 'why': "Kiddushin 29a:17 (opened) — 'tifdeh' read 'TIPADEH' (you shall BE redeemed): one whom others are commanded to redeem redeems himself; 'the firstborn of your SONS — your sons, not your daughter
  erection.repeats('tizakar_homograph')                          {'v': 9, 'p': 'INK', 'why': "'you shall remember-the-male' (תזכר, 34:19) — the token at 9 seats of the Tanakh, eight of them 'you shall REMEMBER' (Deut 7:18, 16:3...): the male-verb of 34:19 is the remember-verb's homograph, read by the tradition as 'the males
  erection.repeats('until_morning_forms')                        {'v': 'all_night_on_the_altar', 'p': 'MOVE', 'why': "Pesachim 59b:8 (opened) — Rav Safra: 'it shall not remain TO the morning' — to the morning it does not remain, so all night it may (on the altar), against 'the burnt offering of the Sabbath on its Sabbath': 
  erection.repeats('warranty')                                   {'v': 1, 'p': 'INK', 'why': "34:24 'and no man shall COVET your land when you go up' — the covet-verb in this form (יחמד) at ['Exod 34:24'] alone in the Tanakh: the Decalogue's last word turned on the neighbor, in a verse with no first seat", 'fx': ['pilgrim_l
  erection.repeats('warranty_read')                              {'v': 'cow_grazes_unharmed', 'p': 'MOVE', 'why': "the festivals block (round 24, credited): Pesachim 8b:7 — 'your cow grazes in the meadow and no beast harms it, your hen scratches in the dunghill and no weasel harms it' — the inserted verse's guarantee", 'fx'
  erection.repeats('weeks_consonants')                           {'v': ([('Exod', 34, 22)], [('Neh', 8, 18), ('Num', 28, 17)], [('Exod', 23, 16)]), 'p': 'INK', 'why': "'the feast of WEEKS' (וחג שבעת) at ['Exod 34:22'] alone — and the same consonants 'a feast of SEVEN days' (חג שבעת ימים) at ['Neh 8:18', 'Num 28:17']: 'shavu
  erection.repeats('wheat_two_loaves')                           {'v': 'two_loaves_of_wheat_precede_bikkurim', 'p': 'MOVE', 'why': "Menachot 84b:4 (opened) — 'the feast of weeks, the first fruits of the WHEAT harvest' (34:22): the two loaves are of wheat and precede the first fruits; 'the barley harvest from where? — the fe
  erection.repeats('zivchi_two_seats')                           {'v': ('the_tamid_from_My_sacrifice', 'zevach_zevachai'), 'p': 'MOVE', 'why': "Pesachim 64a:5-6 (opened) — Mishnah Pesachim 5:4's two arms traced to one token at two seats: R. Yehuda ('also the tamid') from 'MY sacrifice — the sacrifice designated to Me'; R. S
==== cold_run_ordinances.torn sig ('q',) (2411 chars) asks-in-source ['cannot_live', 'dogs_wage', 'field_common_case', 'fit_list', 'holy_men', 'lashes', 'to_the_dog', 'torn_seats']
def torn(q):
        if q == 'holy_men':
            return cell('hapax', I, f"22:30 'and MEN OF HOLINESS you shall be to Me' — 'holiness you shall be' at {c_holy_men} alone; " + MK + "22:30: 'when you are holy, you are "
          

  ordinances.torn('cannot_live')                                 {'v': 'whatever_cannot_live_is_terefah', 'p': 'ANSWER-SHEET', 'why': "Mishnah Chullin 3:1: the list — the pierced gullet, the severed windpipe, the pierced membrane... — and THIS IS THE RULE: whatever cannot live is a terefah; Onkelos Exod 22:30: 'flesh torn f
  ordinances.torn('dogs_wage')                                   {'v': 'not_a_dog_shall_whet_its_tongue', 'p': 'MOVE', 'why': "Mekhilta on Exod 22:30: the dog's WAGE — 'not a dog shall whet its tongue' (Exod 11:7): 'the Holy One withholds no creature's reward'", 'fx': ['torn_flesh_to_dogs']}
  ordinances.torn('field_common_case')                           {'v': 'the_common_case_house_included', 'p': 'MOVE', 'why': "Mekhilta on Exod 22:30: 'in the FIELD' = the ordinary case (the verse speaks of what is common — the method named on three parallels), the house included by the carcass analogy; Mishnah Bava Kamma 5:
  ordinances.torn('fit_list')                                    {'v': 'the_complement', 'p': 'ANSWER-SHEET', 'why': "Mishnah Chullin 3:2: these are fit — the windpipe pierced or split up to an Italian issar, the skull broken without the membrane, the liver with an olive left, the spleen and kidneys removed — the rule's com
  ordinances.torn('holy_men')                                    {'v': 'hapax', 'p': 'INK', 'why': "22:30 'and MEN OF HOLINESS you shall be to Me' — 'holiness you shall be' at [('Exod', 22, 30)] alone; Mekhilta on Exod 22:30: 'when you are holy, you are Mine' (R. Yishmael); Issi b. Yehuda: every new commandment adds holines
  ordinances.torn('lashes')                                      {'v': 'lashed', 'p': 'ANSWER-SHEET', 'why': "Mishnah Makkot 3:2: the eaters of carcass, TEREFAH, detestables and swarmers among the flogged — the sanctions engine's carcass cell credited", 'fx': ['lashes']}
  ordinances.torn('to_the_dog')                                  {'v': 'benefit_permitted', 'p': 'MOVE', 'why': "22:30 'TO THE DOG you shall throw it' — 'you shall throw' (תשלכון) at [('Exod', 22, 30)] alone; Mekhilta on Exod : as the dog, so any benefit (a fortiori from the carcass); Mishnah Kiddushin 2:9's no-benefit list
  ordinances.torn('torn_seats')                                  {'v': 4, 'p': 'INK', 'why': "'torn' (טרפה) at [('Exod', 22, 30), ('Gen', 31, 39), ('Lev', 7, 24), ('Nah', 2, 13)]: Jacob's 'the torn I did not bring you' (Gen 31:39) the first, Lev 7:24's fat of the torn, this, Nahum 2:13", 'fx': ['torn_flesh_to_dogs']}
==== cold_run_ordinances.firstling sig ('q',) (2485 chars) asks-in-source ['donkey_by_call', 'eighth_and_onward', 'nursed_from_chullin', 'run_phrase', 'two_seats_one_timer', 'with_its_mother']
def firstling(q):
        """22:29 — the firstling of the ox and the sheep: seven days with its mother, on the eighth day given. THE CALLEE the
        priesthood runner owed since sitting L5 (its Lev 22:27 cell joins the two ei

  ordinances.firstling('donkey_by_call')                         {'v': 'redeem with a lamb, else break the neck', 'p': 'IMPORT', 'why': "the firstling of the DONKEY is not this verse's (ox and sheep) — Exod 13:13's: CALLED cold_run_pesach.firstborn(donkey) -> 'redeem with a lamb, else break the neck' [IMPORT, live call]; Mi
  ordinances.firstling('eighth_and_onward')                      {'v': 'on_the_eighth_day_and_onward', 'p': 'MOVE', 'why': "Mekhilta on Exod 22:29: 'on the eighth day' — the eighth AND ONWARD, by the eighth-eighth analogy to Lev 22:27's 'from the eighth day and onward it shall be accepted' (Sifra Emor Section 8 5: its-mothe
  ordinances.firstling('nursed_from_chullin')                    {'v': 'nursed_from_common_funds', 'p': 'MOVE', 'why': "Mekhilta on Exod 22:29: consecrated animals' young are nursed from common funds — the sanctified may not be milked", 'fx': ['—']}
  ordinances.firstling('run_phrase')                             {'v': 'hapax', 'p': 'INK', 'why': "22:29 'so shall you do with your ox and your sheep: seven days it shall be with its mother, ON THE EIGHTH DAY YOU SHALL GIVE IT TO ME' — 'on the eighth day you shall give' at [('Exod', 22, 29)] alone", 'fx': ['eighth_day_fit'
  ordinances.firstling('two_seats_one_timer')                    {'v': {'exod_22_29': 'on_the_eighth_day', 'lev_22_27': 'from_the_eighth_day_onward'}, 'p': 'INK', 'why': "the firstling's eighth day (this verse, 'give') and the offering's eighth day (Lev 22:27, 'accepted') — one timer at two seats, the priesthood runner's ce
  ordinances.firstling('with_its_mother')                        {'v': 'with_not_under', 'p': 'MOVE', 'why': "22:29 'WITH its mother' (עם אמו) at [('Exod', 22, 29)] alone against Lev 22:27's 'UNDER its mother' (תחת אמו) at [('Lev', 22, 27)] alone — the two seats of one timer written with two prepositions; Mekhilta on Exod 2
==== cold_run_priesthood.family sig ('q',) (15423 chars) asks-in-source ['addressees', 'amav_seats', 'bread_is_offering', 'certain_only', 'chalalah', 'chalutzah', 'conduct_bars', 'corners', 'daughter_in_burned_list', 'daughter_mode', 'daughter_predicate', 'defile_seats', 'forced', 'four_barred', 'gash_multiplier', 'greatness', 'hair_rend', 'high_priest_dead', 'holy_by_compulsion', 'husband', 'husband_fork', 'husbands_hand', 'ketubah', 'lash_count', 'lost_object', 'marks', 'met_mitzvah', 'nezer', 'not_out', 'not_transferable', 'one_hour', 'onen', 'onkelos_daughter', 'profane_seats', 'razor', 'relative_table', 'relatives', 'sanctify_him', 'seed', 'sister_predicate', 'soul_scope', 'take_doubled', 'toggles', 'virgin_command', 'war_front', 'women', 'yevamot_table', 'zonah']
def family(q, **k):
        if q == 'addressees':
            return cell({'sons_of_aaron': 'bound', 'daughters_of_aaron': 'free', 'chalalim': 'excluded', 'blemished_and_minors': 'included'}, M,
                        '21:1 "say to

  priesthood.family('addressees')                                {'v': {'sons_of_aaron': 'bound', 'daughters_of_aaron': 'free', 'chalalim': 'excluded', 'blemished_and_minors': 'included'}, 'p': 'MOVE', 'why': '21:1 "say to the PRIESTS the SONS OF AARON" — Sifra, Emor, Section 1 1: four populations by two tokens (Mishnah Kid
  priesthood.family('amav_seats')                                {'v': [1, 4, 14, 15], 'p': 'INK', 'why': '"his people" at four seats ([1, 4, 14, 15]): the defilement (1, 4), the virgin "from his people" (14), the seed "among his people" (15)', 'fx': ['—']}
  priesthood.family('bread_is_offering')                         {'v': [6, 8, 17, 21, 22], 'p': 'INK', 'why': '"bread" at five seats of the chapter ([6, 8, 17, 21, 22]) — Onkelos Lev 21:6 renders it "the OFFERING of their God" (Sifra, Emor, Section 3 3: the daily offerings are called bread, Num 28:2)', 'fx': ['—']}
  priesthood.family('certain_only')                              {'v': {'doubtful': 'no', 'others_alongside': 'no', 'limb_of_living_parent': 'no', 'barley_bone': ['yes', 'R._Yosei_no']}, 'p': 'MOVE', 'why': 'Sifra, Emor, Section 1 13 — "for her": the certain, not the doubtful; not for her limbs', 'fx': ['—']}
  priesthood.family('chalalah')                                  {'v': 'born_of_a_disqualified_union', 'p': 'MOVE', 'why': '21:7 "or a PROFANED woman" — Sifra, Emor, Chapter 1 8', 'fx': ['profaned_seed']}
  priesthood.family('chalutzah')                                 {'v': ['barred_by_a_fortiori_from_the_divorcee', 'the_rival_refutes', 'and_a_woman_amplifies', 'the_rival_out_by_from_her_husband'], 'p': 'MOVE', 'why': '21:7 "a woman divorced FROM HER HUSBAND" — Sifra, Emor, Chapter 1 9-10: the chalutzah in, the rival wife o
  priesthood.family('conduct_bars')                              {'v': {'marries_in_transgression': 'disqualified_until_he_vows_off_benefit', 'defiles_for_the_dead': 'disqualified_until_he_accepts'}, 'p': 'ANSWER-SHEET', 'why': "Mishnah Bekhorot 7:7 — the two conduct bars of 21:7 and 21:1 joined to the blemish table: the pr
  priesthood.family('corners')                                   {'v': {'head': 2, 'beard': 5}, 'p': 'IMPORT', 'why': "the corners counted at the home cell (Mishnah Makkot 3:5: two on the head, five on the beard): CALLED cold_run_holiness_b.body(corners_count) -> {'head': 2, 'beard': 5}", 'fx': ['lashes']}
  priesthood.family('daughter_in_burned_list')                   {'v': True, 'p': 'IMPORT', 'why': 'Mishnah Sanhedrin 9:1 "these are burned: a woman and her daughter, and the PRIEST\'S DAUGHTER who played the harlot" — the nine of the first clause CALLED from cold_run_sanctions.burned_nine (9 names); this span supplies the 
  priesthood.family('daughter_mode')                             {'v': 'burning', 'p': 'INK', 'why': '21:9 "in FIRE she shall be burned" — the burn token\'s three Leviticus seats [(\'Lev\', 6, 23), (\'Lev\', 13, 52), (\'Lev\', 21, 9)] (the sin offering, the garment, the daughter); the adulteress\'s default is CALLED from th
  priesthood.family('daughter_predicate')                        {'v': {'by': 'whoring_with_a_husbands_bond', 'not_by': 'other_profanations', 'ages': 'all', 'husbands': 'israelite_levite_netin_mamzer', 'partner': 'not_burned', 'perjured': 'not_burned', 'father': ['R._Eliezer_with_her_father_burning', 'with_her_father_in_law
  priesthood.family('defile_seats')                              {'v': [1, 3, 4, 11], 'p': 'INK', 'why': 'the defile-verb at four seats of the chapter ([1, 3, 4, 11]): the ban (21:1), the license "for her" (21:3), the husband (21:4), the high priest "for his father and his mother" (21:11)', 'fx': ['—']}
  priesthood.family('forced')                                    {'v': 'a_command_enforced_against_his_will', 'p': 'MOVE', 'why': '21:3 "for her he SHALL defile" — Sifra, Emor, Section 1 12: Yosef the priest on Passover eve, pushed and defiled by the sages (Mishnah Bekhorot 7:7: the refuser disqualified until he accepts)', 
  priesthood.family('four_barred')                               {'v': ['widow', 'divorcee', 'profaned', 'harlot'], 'p': 'INK', 'why': "21:14 the four nouns in the verse's order; the widow written for the high priest ALONE (21:14; the commoner's list at 21:7 lacks her) — Mishnah Yevamot 6:4, Makkot 3:1", 'fx': ['profaned_se
  priesthood.family('gash_multiplier')                           {'v': 5, 'p': 'IMPORT', 'why': 'five gashes for one dead: CALLED cold_run_holiness_b.body(multipliers) -> 5; the gash \'for_the_dead_only\' (21:5 "in their flesh" with 19:28 "for a soul")', 'fx': ['lashes']}
  priesthood.family('greatness')                                 {'v': ['beauty', 'wealth', 'strength', 'wisdom', 'appearance', 'made_great_from_his_brothers'], 'p': 'MOVE', 'why': '21:10 "the priest GREATER than his brothers" — Sifra, Emor, Section 2 1', 'fx': ['invested_office']}
  priesthood.family('hair_rend')                                 {'v': {'R._Yehuda': 'not_at_all', 'R._Meir': 'not_for_his_dead', 'geometry': 'high_priest_below_commoner_above'}, 'p': 'MOVE', 'why': '21:10 "his head he shall not let grow wild, his garments not rend" — Sifra, Emor, Section 2 3', 'fx': ['—']}
  priesthood.family('high_priest_dead')                          {'v': {'two_prohibitions': ['shall_not_come', 'shall_not_defile'], 'commoner_carries_both': 'by_not_defile_not_defile', 'two_corpses_blood': 'R._Akiva_defiles', 'parents': 'no', 'met_mitzvah': 'yes'}, 'p': 'MOVE', 'why': '21:11 — Sifra, Emor, Section 2 4', 'fx
  priesthood.family('holy_by_compulsion')                        {'v': {'compelled': True, 'levites': 'excluded', 'blemished': 'included'}, 'p': 'MOVE', 'why': '21:6 "holy they SHALL BE to their God" — Sifra, Emor, Chapter 1 6: by compulsion; "the bread of their God THEY offer" — not the Levites; holiness not service-condit
  priesthood.family('husband')                                   'RAISED ValueError: husband'
  priesthood.family('husband_fork')                              {'v': {'sifra': 'husband', 'onkelos': 'the_great_one_among_his_people'}, 'p': 'MOVE', 'why': '21:4 בַּעַל read two ways — Sifra, Emor, Section 1 15 (husband) vs Onkelos Lev 21:4 ("the GREAT ONE among his people shall not defile") — a recorded fork on one token
  priesthood.family('husbands_hand')                             {'v': 'the_second_bill_does_not_disqualify_her', 'p': 'MOVE', 'why': 'Sifra, Emor, Chapter 1 11 — R. Elazar b. Matya: "divorced from her HUSBAND", not from one who is not (Mishnah Yevamot 10:3 verbatim)', 'fx': ['—']}
  priesthood.family('ketubah')                                   {'v': 'has_a_ketubah', 'p': 'ANSWER-SHEET', 'why': 'Mishnah Yevamot 9:3 — the widow to the high priest and the divorcee to the commoner have a ketubah (the secondary degrees self-labeled "from the scribes")', 'fx': ['—']}
  priesthood.family('lash_count')                                {'v': {'all_day': 'one', 'warned_each_time': 'each', 'in_the_furrow_of_eight': 'one_of_the_eight'}, 'p': 'ANSWER-SHEET', 'why': "Mishnah Makkot 3:8-9 on 21:1's defilement", 'fx': ['lashes']}
  priesthood.family('lost_object')                               {'v': 'does_not_defile_nor_obey_his_father', 'p': 'ANSWER-SHEET', 'why': 'Mishnah Bava Metzia 2:10 — the lost object in the cemetery; the parent\'s "defile" not obeyed (Lev 19:3\'s override)', 'fx': ['—']}
  priesthood.family('marks')                                     {'v': {'baldness': 'per_spot_whole_head', 'beard': 'per_corner', 'gash': 'per_gash_for_the_dead'}, 'p': 'MOVE', 'why': '21:5 the three marks — Sifra, Emor, Chapter 1 1-5: per bald spot, the whole head (not only "between the eyes", Deut 14:1), per gash; THE TWO
  priesthood.family('met_mitzvah')                               {'v': 'defiles_for_the_abandoned_corpse', 'p': 'MOVE', 'why': '21:1 "among his people" — Sifra, Emor, Section 1 3: when his people are there he does not defile; the abandoned corpse has none — he DOES (21:11 for the high priest too, Section 2 4)', 'fx': ['defi
  priesthood.family('nezer')                                     {'v': 'the_crown_of_the_oil_the_many_garmented_included', 'p': 'MOVE', 'why': '21:12 "the CROWN of the anointing oil" ([12]; Onkelos "crown") — Sifra, Emor, Section 2 6', 'fx': ['invested_office']}
  priesthood.family('not_out')                                   {'v': {'R._Meir': 'after_them_hidden_and_revealed_to_the_city_gate', 'R._Yehuda': 'not_at_all'}, 'p': 'MOVE', 'why': '21:12 "from the sanctuary he shall not go out" — Sifra, Emor, Section 2 5 (Mishnah Sanhedrin 2:1 verbatim)', 'fx': ['—']}
  priesthood.family('not_transferable')                          {'v': 'perjured_not_made_chalal_forty_lashes', 'p': 'ANSWER-SHEET', 'why': 'Mishnah Makkot 1:1 — the chalal status is a birth, not a sentence', 'fx': ['lashes']}
  priesthood.family('one_hour')                                  {'v': 'office_attaches_at_the_pouring', 'p': 'MOVE', 'why': '21:10 "on whose head the anointing oil was POURED" — Sifra, Emor, Section 2 2: even one hour (Exod 29:30\'s seven days bounded); the many-garmented by "the crown of the oil" (Section 2 6; Mishnah Hor
  priesthood.family('onen')                                      {'v': 'invalid', 'p': 'MOVE', 'why': "Sifra, Emor, Section 2 6: the commoner onen's service invalid", 'fx': ['service_profaned']}
  priesthood.family('onkelos_daughter')                          {'v': 'strays_from_her_fathers_holiness', 'p': 'MOVE', 'why': "Onkelos Lev 21:9 — the profanation as departure from the father's sanctity", 'fx': ['—']}
  priesthood.family('profane_seats')                             {'v': [6, 7, 9, 12, 14, 15, 23], 'p': 'INK', 'why': 'the profane root at seven seats of the chapter ([6, 7, 9, 12, 14, 15, 23]; 21:9 twice): the Name, the wife, the daughter, the sanctuary, the wife again, the seed, the sanctuaries', 'fx': ['—']}
  priesthood.family('razor')                                     {'v': 'liable', 'p': 'IMPORT', 'why': '21:5 "the corner of their beard they shall not SHAVE" is the razor\'s SECOND constraint — Lev 19:27 "destroy" AND 21:5 "shave" = shaving with destruction (M-21): CALLED cold_run_holiness_b.body(razor) -> \'liable\'; sciss
  priesthood.family('relative_table')                            {'v': {'wife': 'the_near_kin_betrothed_and_divorced_excluded', 'mother': 'profanable_line', 'father': 'presumption', 'children': 'viable_not_stillborn', 'siblings': 'paternal_who_inherit_him', 'sister': 'minor_virgin_not_betrothed_R_Meir_incl_betrothed', 'brot
  priesthood.family('relatives')                                 {'v': ['wife', 'mother', 'father', 'son', 'daughter', 'brother', 'virgin_sister'], 'p': 'INK', 'why': 'the six kin tokens [\'לאמו\', \'ולאביו\', \'ולבנו\', \'ולבתו\', \'ולאחיו\', \'ולאחתו\'] at 21:2-3, one per relative, and 21:2 "his KIN near to him" = the wif
  priesthood.family('sanctify_him')                              {'v': {'by_force': 'beat_him_if_he_refuses', 'warned': 'the_court', 'blemished': 'holy'}, 'p': 'MOVE', 'why': '21:8 "and you shall SANCTIFY him... I the LORD sanctify you" — Sifra, Emor, Chapter 1 13: the court warned; the sanctifier formula at [(21, 8), (21, 
  priesthood.family('seed')                                      {'v': {'status': 'chalal_not_mamzer', 'widow_written': 'stringent_her_seed_profaned', 'divorcee_written': 'lenient_not_mamzer', 'commoner': 'exported_by_zonah_zonah', 'niddah': 'not_chalal_by_these', 'she_herself': 'profaned', 'chalals_daughter': 'disqualified
  priesthood.family('sister_predicate')                          {'v': {'raped_or_seduced': 'excluded_by_virgin', 'wood_injured': 'included_not_by_a_man', 'betrothed': 'included_by_the_near', 'adult': 'included_by_to_him'}, 'p': 'MOVE', 'why': '21:3 "the virgin... who has not been to a man" — Sifra, Emor, Section 1 11-12: t
  priesthood.family('soul_scope')                                {'v': {'corpse': 'defiles', 'blood_quarter_log': 'defiles', 'departing_impurities': 'included'}, 'p': 'MOVE', 'why': '21:1 "for a SOUL" — Sifra, Emor, Section 1 2-3: blood included by Deut 12:23 ("the blood is the soul"), a quarter-log; what departs from the d
  priesthood.family('take_doubled')                              {'v': {'21:7': 2, '21:14': 2}, 'p': 'INK', 'why': 'the take-verb DOUBLED at 21:7 and at 21:14 (([7], 2, [13, 14], 2)) — Sifra, Emor, Chapter 1 12: the woman is warned through the man (Mishnah Yevamot 6:2: intercourse with the disqualified DISQUALIFIES HER)', '
  priesthood.family('toggles')                                   {'v': 'profane_while_occupied_holy_on_withdrawal', 'p': 'MOVE', 'why': '21:4 "to profane himself" — Sifra, Emor, Section 1 16: a status that toggles with the act, not a stain', 'fx': ['defiled_for_kin']}
  priesthood.family('virgin_command')                            {'v': {'king_nazirite': 'excluded', 'war_priest': 'included', 'adult': ['excluded', 'R._Eliezer_R._Shimon_permit'], 'betrothed_then_appointed': 'marries', 'yevamah_by_maamar': 'not'}, 'p': 'MOVE', 'why': '21:13 "HE... a wife in her virginity" — Sifra, Emor, Se
  priesthood.family('war_front')                                 {'v': 'does_not_return', 'p': 'ANSWER-SHEET', 'why': 'Mishnah Sotah 8:3 — the widow to the high priest, the divorcee and chalutzah to the commoner: a transgression-marriage does not send him home', 'fx': ['—']}
  priesthood.family('women')                                     {'v': 'the_daughters_of_aaron_free', 'p': 'ANSWER-SHEET', 'why': 'Mishnah Kiddushin 1:7 — "do not defile for the dead" among the three negatives women are free of; = Sifra, Emor, Section 1 1', 'fx': ['—']}
  priesthood.family('yevamot_table')                             "RAISED KeyError: 'her'"
  priesthood.family('zonah')                                     {'v': {'R._Yehuda': 'the_aylonit', 'sages': ['the_convert', 'the_freed_slavewoman', 'illicit_intercourse'], 'R._Eliezer': 'even_unmarried_not_for_marriage', 'onkelos': 'one_who_goes_astray'}, 'p': 'MOVE', 'why': '21:7 "a woman ZONAH" — Sifra, Emor, Chapter 1 7
==== cold_run_priesthood.holy_food sig ('q',) (15129 chars) asks-in-source ['asham_homograph', 'bird', 'body_impurity', 'charge', 'chillul_import', 'crushed_priest', 'daughter_to_stranger', 'daughter_who_ate', 'die_by_it', 'eat_count', 'eating_table', 'error_gate', 'eunuch_priest', 'fetus', 'fifth_algebra', 'fifth_gates', 'fifth_spelling', 'grandson_high_priest', 'gullet', 'his_bread', 'household', 'in_the_mouth', 'karet_extension', 'kind_for_kind', 'learns', 'measures', 'mixture_grid', 'name_frame', 'payment_material', 'profaners', 'rapist_seducer_fool', 'readiness', 'return', 'separation', 'slaves_of_forbidden_wife', 'son_feeds_mother', 'stage', 'stranger', 'terumah_vs_holy', 'thief', 'tithe_tevul_yom', 'toshav_sachir', 'touch_not_move', 'two_gates', 'two_payees', 'uncircumcised', 'until_pure', 'warning_object', 'whole_body', 'whose_holy_things', 'workers', 'zav_tier']
def holy_food(q, **k):
        if q == 'separation':
            return cell('separation_performed_by_onkelos', M, '22:2 וינזרו — ' + SE + 'Section 4 1 (Ezek 14:7, Isa 1:4 the lexical witnesses); Onkelos Lev 22:2 "they shall SEP

  priesthood.holy_food('asham_homograph')                        {'v': 'the_noun_guilt_not_the_offering', 'p': 'INK', 'why': '22:16 "the iniquity of GUILT" — the span\'s only asham token is the noun (dependency_dispositions: FALSE to tzav); the fifth\'s engine is called at 22:14 instead', 'fx': ['—']}
  priesthood.holy_food('bird')                                   'RAISED ValueError: bird'
  priesthood.holy_food('body_impurity')                          {'v': 'impurity_of_the_body_not_the_flesh_four_routes', 'p': 'MOVE', 'why': '22:3 "HIS impurity on him" — Sifra, Emor, Section 4 8', 'fx': ['—']}
  priesthood.holy_food('charge')                                 {'v': {'warned': 'the_court', 'bear_sin_over': 'the_holy_things_not_the_carcass', 'onkelos': 'receive_upon_it_a_debt'}, 'p': 'MOVE', 'why': '22:9 — Sifra, Emor, Chapter 4 14; Onkelos Lev 22:9', 'fx': ['death_by_heaven']}
  priesthood.holy_food('chillul_import')                         {'v': ['time', 'death', 'acceptance_dependence', 'R._Yehuda_karet_by_I_the_LORD'], 'p': 'MOVE', 'why': '"profanation"-"profanation" (Lev 19:8; Zevachim 44a:8, 45a:9 — the notar-from-impurity analogy) —  Sifra, Emor, Section 4 2: one verbal analogy, three param
  priesthood.holy_food('crushed_priest')                         {'v': {'he_and_his_slaves': 'eat', 'his_wives': 'do_not_eat', 'wife_from_before': 'eats'}, 'p': 'ANSWER-SHEET', 'why': 'Mishnah Yevamot 8:1 — Deut 23:2\'s union forbidden [IMPORT], so she is "to a man" who does not feed (Sifra, Emor, Section 5 7)', 'fx': ['str
  priesthood.holy_food('daughter_to_stranger')                   {'v': {'stranger': 'levite_israelite', 'to_a_man': 'to_one_who_feeds', 'forbidden_union': 'disqualifies_from_terumah', 'she_feeds': 'her_mother'}, 'p': 'MOVE', 'why': '22:12 "a priest\'s daughter, when she is to a STRANGER man" — Sifra, Emor, Section 5 7-10 (M
  priesthood.holy_food('daughter_who_ate')                       {'v': {'R._Meir': {'to_israelite': 'principal_no_fifth_burning', 'to_disqualified': 'principal_and_fifth_strangling'}, 'sages': 'both_principal_no_fifth_burning'}, 'p': 'ANSWER-SHEET', 'why': 'Mishnah Terumot 7:2 — 22:12 (no fifth for the non-stranger) with 21
  priesthood.holy_food('die_by_it')                              {'v': {'deliberate_impure_eater': 'death_by_heaven', 'tithe': 'no', 'pure_eater_of_impure': 'no'}, 'p': 'MOVE', 'why': '22:9 "and DIE by it when they profane it" — Sifra, Emor, Chapter 4 15', 'fx': ['death_by_heaven']}
  priesthood.holy_food('eat_count')                              {'v': 14, 'p': 'INK', 'why': "the eating verb fourteen times in Lev 22 (14) — the chapter is an eaters' file", 'fx': ['—']}
  priesthood.holy_food('eating_table')                           "RAISED KeyError: 'husband'"
  priesthood.holy_food('error_gate')                             "RAISED KeyError: 'deliberate'"
  priesthood.holy_food('eunuch_priest')                          {'v': {'sun_eunuch': 'feeds_his_wife', 'androgynos': 'R._Yosei_R._Shimon_feeds', 'tumtum_torn_male': 'R._Yehuda_as_a_eunuch'}, 'p': 'ANSWER-SHEET', 'why': "Mishnah Yevamot 8:6 — 22:11's feeder is the priest as such", 'fx': ['terumah_fed']}
  priesthood.holy_food('fetus')                                  {'v': 'disqualifies_does_not_feed', 'p': 'MOVE', 'why': '22:11 "BORN in his house" — the unborn is not born: Sifra, Emor, Section 5 6 bounded; Mishnah Yevamot 7:3-4 (R. Yosei)', 'fx': ['—']}
  priesthood.holy_food('fifth_algebra')                          {'v': 'repay the principal to the fund struck; add the fifth (25.00); ram at the valuation floor (two sela (Mishnah Keritot 5:2; Zevachim 10:5 class))', 'p': 'IMPORT', 'why': '22:14 "he shall add its FIFTH to it" — the added quarter is the Lev 5 engine\'s own 
  priesthood.holy_food('fifth_gates')                            {'v': {'non_strangers': 'exempt', 'minor': 'exempt_nine_and_a_day_a_man', 'less_than_olive': 'exempt', 'terumah_abroad': 'exempt', 'eater_drinker_anointer': 'all_liable'}, 'p': 'MOVE', 'why': '22:14 "a MAN who eats" (True) — Sifra, Emor, Chapter 6 2-3, 6 8 (Mi
  priesthood.holy_food('fifth_spelling')                         {'v': [('Lev', 22, 14), ('Lev', 27, 31)], 'p': 'INK', 'why': 'this spelling of "its fifth" ([(\'Lev\', 22, 14), (\'Lev\', 27, 31)]) — here and the tithe\'s redemption; the guilt offering\'s 5:16 spells it with the yod', 'fx': ['—']}
  priesthood.holy_food('grandson_high_priest')                   {'v': 'feeds_his_mother_disqualifies_his_grandmother', 'p': 'MOVE', 'why': 'Sifra, Emor, Chapter 5 3 = Mishnah Yevamot 7:6 verbatim', 'fx': ['terumah_fed']}
  priesthood.holy_food('gullet')                                 "RAISED KeyError: 'animal'"
  priesthood.holy_food('his_bread')                              {'v': 'raise_wheat_and_trim_vegetables_as_he_likes_trimmings_holy', 'p': 'MOVE', 'why': '22:7 "for it is his BREAD" — Sifra, Emor, Chapter 4 11', 'fx': ['terumah_fed']}
  priesthood.holy_food('household')                              "RAISED KeyError: 'who'"
  priesthood.holy_food('in_the_mouth')                           {'v': {'told_now_impure': ['R._Eliezer_swallow', 'R._Yehoshua_spit'], 'was_impure_or_tevel_or_a_bug': 'spit_out'}, 'p': 'ANSWER-SHEET', 'why': "Mishnah Terumot 8:2 — 22:6-7 at the mouth's threshold", 'fx': ['stranger_barred']}
  priesthood.holy_food('karet_extension')                        {'v': {'from': 'shelamim_only_at_7_20', 'to': 'all_holy_things', 'piggul_a_fortiori': 'refused_by_the_four_way_difference'}, 'p': 'MOVE', 'why': '22:3 "who approaches... to the holy things... with his impurity on him — cut off" (ונכרתה) — Sifra, Emor, Section 
  priesthood.holy_food('kind_for_kind')                          {'v': {'R._Akiva': 'kind_for_kind_wait_for_the_cucumbers', 'R._Eliezer': 'any_kind_better_for_worse'}, 'p': 'MOVE', 'why': 'Sifra, Emor, Chapter 6 6 = Mishnah Terumot 6:6: "the holy" — the class or the instance', 'fx': ['pays']}
  priesthood.holy_food('learns')                                 {'v': {'wife_or_slave_told': ['R._Eliezer_principal_and_fifth', 'R._Yehoshua_exempt'], 'chalal_serving': ['R._Eliezer_invalid', 'R._Yehoshua_valid'], 'found_blemished': 'service_invalid'}, 'p': 'ANSWER-SHEET', 'why': "Mishnah Terumot 8:1 — three of this span's
  priesthood.holy_food('measures')                               {'v': {'corpse': 'contact_only', 'seed_emitter': 'included', 'toucher_of_semen': 'by_or_a_man', 'swarming_thing': 'included', 'carcass': 'by_or_a_man', 'zavim_zavot_niddot_yoldot': 'his_impurity', 'lies_with_a_niddah': 'who_becomes_impure', 'swallows_a_pure_bi
  priesthood.holy_food('mixture_grid')                           {'v': 'one_in_a_hundred_both_directions', 'p': 'MOVE', 'why': '22:6 "shall not eat of the holy" / 22:7 "afterwards he may eat" — Sifra, Emor, Chapter 4 5-6, 4 9-10: eight food/drink combinations', 'fx': ['—']}
  priesthood.holy_food('name_frame')                             {'v': [2, 32], 'p': 'INK', 'why': '"the name of My holiness" at 22:2 and 22:32 ([(\'Lev\', 20, 3), (\'Lev\', 22, 2), (\'Lev\', 22, 32)]) — the chapter FRAMED by the Name; its third Leviticus seat is Molech\'s 20:3', 'fx': ['name_profaned']}
  priesthood.holy_food('payment_material')                       {'v': {'R._Meir': 'fit_to_become_holy_not_gleanings_corner_ownerless', 'sages': 'from_all'}, 'p': 'MOVE', 'why': '22:14 "give the priest THE HOLY" — Sifra, Emor, Chapter 6 5 = Mishnah Terumot 6:5', 'fx': ['pays']}
  priesthood.holy_food('profaners')                              {'v': {'raised_not_untithed': True, 'death_even_on_tevel': True, 'sower_and_defiler': 'excluded', 'onkelos': 'in_impurity_inserted'}, 'p': 'MOVE', 'why': '22:15-16 "which they RAISE... when they eat their holy things" — Sifra, Emor, Chapter 6 9-10; Onkelos Lev
  priesthood.holy_food('rapist_seducer_fool')                    {'v': {'fit': 'neither_disqualify_nor_feed', 'unfit_to_enter': 'disqualify', 'slave': 'disqualifies_by_intercourse_not_seed', 'mamzer': 'disqualifies_and_feeds'}, 'p': 'MOVE', 'why': 'Sifra, Emor, Chapter 5 4-5 = Mishnah Yevamot 7:5', 'fx': ['—']}
  priesthood.holy_food('readiness')                              {'v': {'with_permitters': 'after_the_permitters_are_offered', 'without': 'after_vessel_sanctification'}, 'p': 'MOVE', 'why': '22:3 "who APPROACHES" = until it is fit to approach — Sifra, Emor, Section 4 7 (R. Elazar: is a toucher liable?!)', 'fx': ['—']}
  priesthood.holy_food('return')                                 {'v': {'widow_and_divorcee': 'both_written_both_need_no_seed', 'no_seed': 'to_the_seeds_seed', 'unfit_seed': 'counts', 'maidservants_seed': 'not_hers', 'levirate_bound': 'not', 'pregnant': 'not', 'her_fathers_bread': 'terumah'}, 'p': 'MOVE', 'why': '22:13 "a w
  priesthood.holy_food('separation')                             {'v': 'separation_performed_by_onkelos', 'p': 'MOVE', 'why': '22:2 וינזרו — Sifra, Emor, Section 4 1 (Ezek 14:7, Isa 1:4 the lexical witnesses); Onkelos Lev 22:2 "they shall SEPARATE"', 'fx': ['—']}
  priesthood.holy_food('slaves_of_forbidden_wife')               "RAISED KeyError: 'type'"
  priesthood.holy_food('son_feeds_mother')                       {'v': 'the_son_feeds_the_mother', 'p': 'MOVE', 'why': 'Sifra, Emor, Section 5 6 (R. Shimon from "born of his house... THEY shall eat"; Mishnah Yevamot 7:5: the son\'s power greater than the father\'s; Niddah 5:3)', 'fx': ['terumah_fed']}
  priesthood.holy_food('stage')                                  "RAISED KeyError: 'stage'"
  priesthood.holy_food('stranger')                               {'v': {'who': 'levite_and_israelite_by_EVERY_stranger', 'eating': 'an_olive', 'holy': 'the_border_holy_things_terumah', 'seats': [10, 12, 13]}, 'p': 'MOVE', 'why': '22:10 "and EVERY stranger shall not eat holy" — the stranger at [10, 12, 13]; Sifra, Emor, Chap
  priesthood.holy_food('terumah_vs_holy')                        {'v': {'holy_things': 'some_permitted_to_strangers_piggul_liability', 'terumah': 'never_permitted_no_piggul'}, 'p': 'MOVE', 'why': '22:12 "the TERUMAH of the holy things" (the only terumah noun in the span, [(12, \'בתרומת\'), (15, \'ירימו\')]) — Sifra, Emor, S
  priesthood.holy_food('thief')                                  {'v': {'not_eaten': 'double_of_the_terumahs_value', 'eaten': 'two_principals_and_a_fifth', 'consecrated_terumah_eaten': 'two_fifths_and_a_principal_no_double'}, 'p': 'ANSWER-SHEET', 'why': "Mishnah Terumot 6:4 — 22:14's fifth stacked on Exod 22:3's double [IMP
  priesthood.holy_food('tithe_tevul_yom')                        {'v': {'israelites_tithe': 'as_tevul_yom', 'aaron_and_sons_terumah': 'at_sunset'}, 'p': 'MOVE', 'why': 'Sifra, Emor, Chapter 4 1 — the a-fortiori from the tithe', 'fx': ['stranger_barred']}
  priesthood.holy_food('toshav_sachir')                          {'v': {'toshav': 'acquired_forever_the_pierced_slave', 'sachir': 'acquired_for_years'}, 'p': 'MOVE', 'why': '22:10 "the priest\'s RESIDENT and HIRELING" — Sifra, Emor, Chapter 4 17; Onkelos "resident", "hireling"', 'fx': ['stranger_barred']}
  priesthood.holy_food('touch_not_move')                         {'v': 'touch_only_heset_excluded', 'p': 'MOVE', 'why': '22:6 "a soul that TOUCHES it" — Sifra, Emor, Chapter 4 5', 'fx': ['—']}
  priesthood.holy_food('two_gates')                              {'v': {'sunset': 'gates_terumah', 'atonement_offering': 'does_not'}, 'p': 'MOVE', 'why': "22:7 — Sifra, Emor, Chapter 4 8 (Mishnah Chagigah 3:3; Berakhot 1:1's evening = the priests' terumah)", 'fx': ['stranger_barred']}
  priesthood.holy_food('two_payees')                             {'v': {'principal': 'to_the_owner', 'fifth': 'to_any_priest'}, 'p': 'ANSWER-SHEET', 'why': 'Mishnah Terumot 6:2 — "give the priest" names the class', 'fx': ['pays']}
  priesthood.holy_food('uncircumcised')                          {'v': ['R._Yishmael_toshav_sachir_from_the_passover', 'R._Akiva_man_man'], 'p': 'MOVE', 'why': 'Sifra, Emor, Chapter 4 18 — two routes, one verdict (Mishnah Yevamot 8:1; Shabbat 19:6)', 'fx': ['stranger_barred']}
  priesthood.holy_food('until_pure')                             {'v': 'sunset', 'p': 'MOVE', 'why': '22:4 "until he is PURE" = 22:7 "the sun sets and he is pure" (purity-purity) — Sifra, Emor, Chapter 4 2; "and the sun sets" stands at [(\'Eccl\', 1, 5), (\'Lev\', 22, 7)]', 'fx': ['impure_until_evening']}
  priesthood.holy_food('warning_object')                         {'v': 'eating_not_defiling', 'p': 'MOVE', 'why': 'Mishnah Terumot 8:11 (R. Yehoshua: "not the terumah I am warned against DEFILING but against EATING") = Sifra, Emor, Chapter 6 10: the sower and the defiler excluded from "when they eat"', 'fx': ['—']}
  priesthood.holy_food('whole_body')                             {'v': 'not_limb_by_limb', 'p': 'MOVE', 'why': '22:6 "unless he washes his flesh in water" — Sifra, Emor, Chapter 4 7: as sunset is at once, so the immersion', 'fx': ['immersed']}
  priesthood.holy_food('whose_holy_things')                      {'v': {'israels': 'liable', 'gentiles': 'not', 'priests_own': 'included'}, 'p': 'MOVE', 'why': '22:2 "the holy things of the children of Israel... which they sanctify TO ME" — Sifra, Emor, Section 4 1', 'fx': ['—']}
  priesthood.holy_food('workers')                                {'v': {'R._Meir': 'he_the_principal_they_the_fifth', 'sages': 'they_both_he_their_meal'}, 'p': 'ANSWER-SHEET', 'why': 'Mishnah Terumot 6:3', 'fx': ['adds_fifth']}
  priesthood.holy_food('zav_tier')                               {'v': 'full_zav_with_offering', 'p': 'IMPORT', 'why': '22:4 "or a ZAV shall not eat of the holy things until he is pure" — the zav\'s tier is the clocks engine\'s: CALLED cold_run_clocks.zav(tier, sightings=3) -> \'full_zav_with_offering\'; count_start -> \'wh
==== cold_run_holiness.gifts sig ('q',) (16196 chars) asks-in-source ['all_small', 'ant_holes', 'attached', 'consecrated_before_known', 'contractor', 'copy_23_22', 'count', 'divides', 'doubt', 'ear_reaching', 'field_minimum', 'floor', 'for_named_poor', 'four_reasons', 'gentile_gifts_tithed', 'heap', 'identity', 'implication_tithes', 'kinds', 'leket', 'measure', 'moment', 'no_sickles', 'olelet', 'olelet_edges', 'owners', 'patches', 'peret', 'poor_at_the_hour', 'poor_defined', 'position', 'reaped_by', 'recipients', 'renunciation', 'robs_the_poor', 'seizing', 'thinning', 'three_times', 'trees', 'trellis', 'trusted', 'window_end', 'window_open_to_all']
def gifts(q, **k):
        if q == 'kinds':
            return cell(sorted(GIFTS_INK), I, 'the four gift-nouns of 19:9-10 (corner %s, gleanings %s, small clusters %s, '
                        'fallen grapes %s); the forgotten sheaf

  holiness.gifts('all_small')                                    {'v': ['R._Akiva_the_poor', 'R._Eliezer_the_owner', 'no_claim_before_the_harvest'], 'p': 'MOVE', 'why': 'Sifra, Kedoshim, Chapter 3 1 VERBATIM (Peah 7:7) — the two verses argued: Deut 24:21 "when you cut" vs 19:10 "your vineyard"', 'fx': ['left_for_the_poor']}
  holiness.gifts('ant_holes')                                    {'v': {'in_the_standing_crop': 'owner', 'behind_the_reapers_upper': 'poor', 'behind_the_reapers_lower': 'owner', 'R._Meir': 'all_poor_doubtful_leket_is_leket'}, 'p': 'MOVE', 'why': 'Peah 4:11 — Sifra, Kedoshim, Chapter 3 7: the doubt runs to the poor', 'fx': [
  holiness.gifts('attached')                                     {'v': 'given_attached_to_the_ground_the_poor_scramble', 'p': 'MOVE', 'why': '19:10 "you shall LEAVE them" — Sifra, Kedoshim, Chapter 3 5: lay them down and the poor scramble; even ninety-nine for division against one for the scramble — the one is heeded (Peah 
  holiness.gifts('consecrated_before_known')                     {'v': 'not_the_poors_before_known_the_poors_after', 'p': 'ANSWER-SHEET', 'why': "Peah 7:8 — the duty's moment on the clusters", 'fx': ['left_for_the_poor']}
  holiness.gifts('contractor')                                   {'v': 'barred_from_the_gifts_R._Yehuda_carve', 'p': 'ANSWER-SHEET', 'why': "Peah 5:5 — the reaper's share is not his field", 'fx': ['—']}
  holiness.gifts('copy_23_22')                                   {'v': 'the_Emor_copy_omits_the_vineyard', 'p': 'INK', 'why': "Lev 23:22 repeats 19:9-10 with the vineyard clauses absent: token diff (['בקצרך'], ['לקצר', 'וכרמך', 'תעולל', 'ופרט', 'כרמך']) — the grain gifts restated at the festivals, the vine gifts written onc
  holiness.gifts('count')                                        "RAISED KeyError: 'n'"
  holiness.gifts('divides')                                      "RAISED KeyError: 'feature'"
  holiness.gifts('doubt')                                        {'v': 'to_the_poor', 'p': 'MOVE', 'why': 'Sifra, Kedoshim, Chapter 3 7 — doubt-gleaning is gleaning, doubt-forgotten forgotten, doubt-corner corner', 'fx': ['left_for_the_poor']}
  holiness.gifts('ear_reaching')                                 {'v': 'reaped_with_the_standing_owner_else_poor', 'p': 'ANSWER-SHEET', 'why': 'Peah 5:2', 'fx': ['—']}
  holiness.gifts('field_minimum')                                {'v': {'R._Eliezer': 'quarter_kav_ground', 'R._Yehoshua': 'yields_two_seahs', 'R._Tarfon': 'six_by_six', 'R._Yehuda_b._Beteira': 'enough_to_reap_and_repeat_THE_LAW', 'R._Akiva': 'any_ground'}, 'p': 'DATA', 'why': 'Peah 3:6 — the threshold is data with the rule
  holiness.gifts('floor')                                        {'v': 'one_sixtieth_by_field_poor_and_humility', 'p': 'DATA', 'why': 'Mishnah Peah 1:2 — "not less than one-sixtieth, though they said it has no measure"; Sifra, Kedoshim, Chapter 1 9: the last sixtieth must stand; the three scaling factors data', 'fx': ['left
  holiness.gifts('for_named_poor')                               {'v': ['R._Eliezer_acquired', 'sages_to_the_first_poor_found'], 'p': 'MOVE', 'why': 'Peah 4:9 — Sifra, Kedoshim, Chapter 2 6: not FOR one poor over the rest', 'fx': ['left_for_the_poor']}
  holiness.gifts('four_reasons')                                 {'v': ['robbery_of_the_poor', 'idling_of_the_poor', 'appearances', 'the_Torah_said_so'], 'p': 'MOVE', 'why': "Sifra, Kedoshim, Chapter 1 10 — R. Shimon's four reasons the corner sits at the end", 'fx': ['—']}
  holiness.gifts('gentile_gifts_tithed')                         {'v': 'liable_to_tithes_unless_renounced', 'p': 'ANSWER-SHEET', 'why': 'Peah 4:9', 'fx': ['—']}
  holiness.gifts('heap')                                         {'v': 'what_touches_the_ground_the_poor_wind_estimate', 'p': 'MOVE', 'why': 'Peah 5:1 — Sifra, Kedoshim, Chapter 3 7 (wind-scattered after separation: the poor keep gain and loss; the estimate data)', 'fx': ['left_for_the_poor']}
  holiness.gifts('identity')                                     "RAISED KeyError: 'kinds'"
  holiness.gifts('implication_tithes')                           {'v': 'corner_implies_tithes_not_the_reverse', 'p': 'MOVE', 'why': "Mishnah Niddah 6:6 — the corner's five predicates contain the tithe's three (food, guarded, land-grown); gathered-as-one and stored are the extra two", 'fx': ['—']}
  holiness.gifts('kinds')                                        {'v': ['corner', 'fallen_grapes', 'gleanings', 'small_clusters'], 'p': 'INK', 'why': "the four gift-nouns of 19:9-10 (corner [9, 27], gleanings [9, 10], small clusters [10], fallen grapes [10]); the forgotten sheaf and olive are Deut 24:19-20's [IMPORT], the p
  holiness.gifts('leket')                                        "RAISED KeyError: 'position'"
  holiness.gifts('measure')                                      {'v': 'no_measure_in_the_ink', 'p': 'INK', 'why': '19:9 writes "you shall not FINISH the corner" and no fraction — the quantity is a PARAMETER (Mishnah Peah 1:1: the corner has no measure)', 'fx': ['left_for_the_poor']}
  holiness.gifts('moment')                                       "RAISED KeyError: 'state_at_reaping'"
  holiness.gifts('no_sickles')                                   {'v': 'no_sickles_or_axes_that_they_not_strike_each_other', 'p': 'MOVE', 'why': "Peah 4:4 — a fence on the scramble (Sifra, Kedoshim, Chapter 3 6's danger reasoning)", 'fx': ['—']}
  holiness.gifts('olelet')                                       {'v': 'small_cluster_the_poor', 'p': 'MOVE', 'why': '"you shall not glean small clusters" (19:10) — Sifra, Kedoshim, Chapter 3 3 VERBATIM: no shoulder and no drip', 'fx': ['left_for_the_poor']}
  holiness.gifts('olelet_edges')                                 {'v': {'knee_cluster_cut_with_the_main': 'owner', 'single_grape': ['R._Yehuda_cluster', 'sages_small_cluster']}, 'p': 'ANSWER-SHEET', 'why': 'Peah 7:4', 'fx': ['—']}
  holiness.gifts('owners')                                       "RAISED KeyError: 'case'"
  holiness.gifts('patches')                                      "RAISED KeyError: 'case'"
  holiness.gifts('peret')                                        {'v': 'what_falls_at_the_cutting', 'p': 'MOVE', 'why': '"the fallen grapes of your vineyard" (19:10) — Sifra, Kedoshim, Chapter 3 2 VERBATIM: only what falls BY THE CUTTING; stem-cut, tangled, scattered — the owner\'s (Peah 7:3)', 'fx': ['left_for_the_poor']}
  holiness.gifts('poor_at_the_hour')                             {'v': ['sages_he_was_poor_then', 'R._Eliezer_takes_and_repays'], 'p': 'INK', 'why': '19:10 "to the POOR" — the status at the moment (Peah 5:4)', 'fx': ['left_for_the_poor']}
  holiness.gifts('poor_defined')                                 {'v': 'takes', 'p': 'DATA', 'why': 'Peah 8:8 — two hundred less a dinar takes even if a thousand come at once; mortgaged takes; not forced to sell house or tools', 'fx': ['left_for_the_poor']}
  holiness.gifts('position')                                     {'v': 'attaches_at_the_finish_start_or_middle_counts_if_the_end_holds_the_measure', 'p': 'MOVE', 'why': '19:9 "you shall not FINISH" — Sifra, Kedoshim, Chapter 1 9: the corner attaches at the finish, needs a name, sits at the end; given at start or middle it c
  holiness.gifts('reaped_by')                                    "RAISED KeyError: 'who'"
  holiness.gifts('recipients')                                   {'v': 'the_poor_and_the_convert_not_the_resident_alien', 'p': 'INK', 'why': '19:10 "to the POOR and the CONVERT you shall leave them" ([10]) — Sifra, Kedoshim, Chapter 3 4: the convert a covenant member, not the resident alien', 'fx': ['left_for_the_poor']}
  holiness.gifts('renunciation')                                 {'v': ['Hillel_to_the_rich_too_like_the_seventh_year', 'Shammai_to_the_poor_suffices'], 'p': 'MOVE', 'why': '19:10 "leave them to the poor and the convert" is a GIFT with named recipients; Exod 23:11\'s release is to all [IMPORT] — Hillel keeps the two apart (
  holiness.gifts('robs_the_poor')                                "RAISED KeyError: 'case'"
  holiness.gifts('seizing')                                      {'v': 'threw_on_the_rest_nothing_fell_or_cloak_removed', 'p': 'ANSWER-SHEET', 'why': 'Peah 4:3 — the poor acquire by the hand, not by covering; likewise leket and the forgotten sheaf', 'fx': ['—']}
  holiness.gifts('thinning')                                     {'v': ['R._Yehuda_as_his_own', 'R._Meir_not_the_poors'], 'p': 'MOVE', 'why': 'Peah 7:5 — Sifra, Kedoshim, Chapter 3 1', 'fx': ['—']}
  holiness.gifts('three_times')                                  {'v': ['morning', 'noon', 'afternoon'], 'p': 'DATA', 'why': 'Peah 4:5 — Rabban Gamliel not fewer, R. Akiva not more; the house of Namer per row', 'fx': ['left_for_the_poor']}
  holiness.gifts('trees')                                        {'v': ['sumac', 'carobs', 'nuts', 'almonds', 'vines', 'pomegranates', 'olives', 'dates'], 'p': 'MOVE', 'why': 'Sifra, Kedoshim, Chapter 1 8 VERBATIM — the tree census (Peah 1:5); the fig fails "gathered as one"', 'fx': ['left_for_the_poor']}
  holiness.gifts('trellis')                                      {'v': 'the_owner_brings_down_and_divides_even_ninety_nine_against_one', 'p': 'MOVE', 'why': 'Sifra, Kedoshim, Chapter 3 5-6 — the danger class (the trellised vine, the palm; R. Shimon the smooth nuts): division (Peah 4:1-2)', 'fx': ['left_for_the_poor']}
  holiness.gifts('trusted')                                      {'v': 'in_their_season_the_Levite_always', 'p': 'ANSWER-SHEET', 'why': 'Peah 8:2 — presumption rules', 'fx': ['—']}
  holiness.gifts('window_end')                                   {'v': 'until_the_smoothing', 'p': 'ANSWER-SHEET', 'why': "Mishnah Peah 1:6 — the corner given and tithes exempt until he SMOOTHS the pile (the tithe threshold Maasrot's [ROUTED])", 'fx': ['left_for_the_poor']}
  holiness.gifts('window_open_to_all')                           {'v': {'gleanings': 'after_the_last_gleaners', 'peret_and_olelot': 'after_the_poor_went_and_came_back', 'olives': 'after_the_second_rainfall'}, 'p': 'DATA', 'why': "Peah 8:1 — the poor's window closes when the poor have left (times data)", 'fx': ['—']}
==== cold_run_holiness_b.body sig ('q',) (4388 chars) asks-in-source ['all_at_once', 'corner_token', 'corners_count', 'gash_for_dead', 'multipliers', 'omens', 'over_blood_five', 'razor', 'rounding_both', 'shaving_all_day', 'tattoo', 'tattoo_name', 'women']
def body(q, **k):
        if q == 'over_blood_five':
            return cell(['no_eating_before_the_life_departs', 'no_flesh_while_the_blood_stands_in_the_basin', 'no_mourners_meal_for_the_executed_R._Dosa',
                        

  holiness_b.body('all_at_once')                                 {'v': 'one_liability_R._Elazar', 'p': 'MOVE', 'why': 'Sifra, Kedoshim, Chapter 6 5 — all taken at once, one (Mishnah Makkot 3:5 R. Eliezer)', 'fx': ['lashes']}
  holiness_b.body('corner_token')                                {'v': [9, 27], 'p': 'INK', 'why': "the corner-token at two seats of the chapter [9, 27] (twice at 19:27: 2) — one token, two laws: the field's corner left for the poor, the head's corner not rounded", 'fx': ['—']}
  holiness_b.body('corners_count')                               {'v': {'head': 2, 'beard': 5}, 'p': 'MOVE', 'why': 'Sifra, Kedoshim, Chapter 6 5 (Mishnah Makkot 3:5) — two on the head, five on the beard (two, two, one below)', 'fx': ['lashes']}
  holiness_b.body('gash_for_dead')                               {'v': 'for_the_dead_only', 'p': 'MOVE', 'why': '19:28 "a gash FOR A SOUL" — Sifra, Kedoshim, Chapter 6 7: the fallen house and the sunk ship excluded', 'fx': ['lashes']}
  holiness_b.body('multipliers')                                 "RAISED KeyError: 'gashes'"
  holiness_b.body('omens')                                       {'v': {'divining': ['the_weasel', 'the_birds', 'the_stars'], 'soothsaying': ['the_eye_deceivers', 'R._Shimon_the_eye_passers', 'R._Akiva_the_time_setters']}, 'p': 'MOVE', 'why': '19:26 "you shall not divine nor soothsay" (both verbs hapax: 1, 1) — Sifra, Kedos
  holiness_b.body('over_blood_five')                             {'v': ['no_eating_before_the_life_departs', 'no_flesh_while_the_blood_stands_in_the_basin', 'no_mourners_meal_for_the_executed_R._Dosa', 'the_sanhedrin_that_executed_tastes_nothing_R._Akiva', 'the_warning_for_the_wayward_sons_gluttony'], 'p': 'MOVE', 'why': '1
  holiness_b.body('razor')                                       "RAISED KeyError: 'tool'"
  holiness_b.body('rounding_both')                               {'v': 'the_rounder_and_the_rounded_both_liable', 'p': 'MOVE', 'why': '19:27 "you shall not round the corner of your head" — Sifra, Kedoshim, Chapter 6 3; the corners = the temples', 'fx': ['lashes']}
  holiness_b.body('shaving_all_day')                             {'v': {'all_day': 'one', 'warned_each_time': 'each'}, 'p': 'ANSWER-SHEET', 'why': 'Mishnah Makkot 3:8', 'fx': ['lashes']}
  holiness_b.body('tattoo')                                      {'v': 'write_and_engrave_both', 'p': 'MOVE', 'why': '19:28 "a tattoo inscription" (hapax 1; Onkelos: "engraved markings", the two verbs as a noun) — Sifra, Kedoshim, Chapter 6 10 (Mishnah Makkot 3:6): liable only when he WRITES and ENGRAVES, in ink, kohl, or a
  holiness_b.body('tattoo_name')                                 {'v': 'only_when_he_writes_the_Name', 'p': 'MOVE', 'why': 'Sifra, Kedoshim, Chapter 6 10 — R. Shimon b. Yehuda in R. Shimon\'s name, from "I am the LORD" (Makkot 3:6)', 'fx': ['—']}
  holiness_b.body('women')                                       {'v': ['bal_tashchit_the_beard', 'bal_takif_the_head', 'defiling_for_the_dead'], 'p': 'ANSWER-SHEET', 'why': 'Mishnah Kiddushin 1:7 — every negative binds women EXCEPT these three; 19:27\'s two: "your beard" — the one who has a beard', 'fx': ['exempt']}
==== cold_run_moadim.harvest_reaped MISSING; cells: ['cell', 'count', 'law_moadim', 'mishnah', 'omer', 'passover', 'rosh_hashanah', 'sabbath_vs_festival', 'scene', 'shavuot_animals', 'strip', 'sukkot', 'toks', 'two_loaves', 'work_class', 'yom_kippur']
==== cold_run_temurah.tithe sig ('case',) (2908 chars) asks-in-source []
def tithe(case):
        if case == 'procedure':
            return cell('counted_under_the_rod_the_tenth_holy', I, 'כל אשר יעבר תחת השבט העשירי יהיה קדש (all that '
                        'passes under the rod, the TENTH shall be 

==== cold_run_temurah.redeem sig ('thing', 'by') (2352 chars) asks-in-source []
def redeem(thing, by='owner'):
        if thing == 'unfit_animal':
            return cell('valuation_plus_fifth', I, 'ואם גאל יגאלנה ויסף חמישתו על ערכך (if he redeems it he adds its '
                        'FIFTH to the valuatio

==== cold_run_korach.the_tithe sig ('case', 'data') (18916 chars) asks-in-source ['agent', 'agent_gentile', 'as_wages', 'bought_from_gentile', 'confession', 'estimate', 'every_place', 'exclusion_table', 'from_it', 'gentile_tithe', 'household_deputes', 'impure_for_pure', 'inferior_for_superior', 'israelite_benefit_from_terumah', 'kind_for_kind', 'levite_he', 'levite_preceded', 'liable_produce', 'mourner', 'no_inheritance', 'one_in_a_hundred', 'partners', 'pointer_paid', 'recipients', 'removal', 'so_you_too', 'terumah_measure', 'terumah_status', 'the_best', 'third_year', 'thresholds', 'tithe_of_the_tithe', 'tithe_recipient', 'tithe_terumah_betrothal', 'tithe_to_foreigners', 'tithe_to_levites', 'wage', 'what_remains_common', 'who_separates', 'who_separates_tithe_terumah', 'wrong_order', 'you_shall_not_die']
def the_tithe(case, data):
        del P[:]
        ask = case['ask']
        if ask == 'no_inheritance':
            ink('18:20', '"in their land you shall not inherit, and you shall have no portion among them; I am your portion and yo

  korach.the_tithe({ask:agent})                                  ("you also — an agent, with the owner's knowledge; by the owner's mind, else 1/50; not partners, sharecroppers, stewards; a gentile no (Bava Metzia 22a, 71b; Kiddushin 41b; Gittin 23b, 52a; Mishnah Terumot 4:4)", ['—'])
  korach.the_tithe({ask:agent_gentile})                          ('a gentile cannot separate terumah even as an agent — members of the covenant (Bava Metzia 71b; Gittin 23b)', ['—'])
  korach.the_tithe({ask:as_wages})                               ('forbidden, desecrated — that you shall not die (Bekhorot 26b)', ['—'])
  korach.the_tithe({ask:bought_from_gentile})                    ("bought from a gentile in smoothed piles — exempt from the tithe's terumah (Bekhorot 11b)", ['—'])
  korach.the_tithe({ask:confession})                             ("given to the Levite = the first tithe; also given = terumah and the tithe's terumah (Mishnah Ma'aser Sheni 5:10-11); Deut 26's run", ['—'])
  korach.the_tithe({ask:estimate})                               ("by estimate and by thought — your terumah plural, two terumot (Abba Elazar ben Gomel: Beitzah 13b; Bekhorot 58b-59a; Sifrei 121:1); never by measure (Mishnah Terumot 1:7); the tithes too (18:24's terumah)", ['—'])
  korach.the_tithe({ask:every_place})                            ("in every place — even a cemetery (Sifrei 122:1; Yevamot 86b — R. Akiva: excludes the priest); Deut 12:13's ban the Torah twin", ['—'])
  korach.the_tithe({ask:exclusion_table})                        ("priests (18:20), Levites (18:23), bondsmen and proselytes (26:55), the two of uncertain sex (26:54) — Sifrei 119:1; R. Meir: priests and Levites do not confess (Mishnah Ma'aser Sheni 5:14)", ['inheritance_barred'])
  korach.the_tithe({ask:from_it})                                ('from it — kind for its kind, rooted for rooted, new for new, not across the border (Sifrei 120:1; Mishnah Terumot 1:5); not the tithed tithe, not the exempt for the liable', ['—'])
  korach.the_tithe({ask:gentile_tithe})                          ("the tithe of the children of Israel — not gentiles' (Temurah 3a; Zevachim 45a); bought from a gentile in piles — exempt from the tithe's terumah (Bekhorot 11b)", ['—'])
  korach.the_tithe({ask:household_deputes})                      ('you and your household — the Israelite wife of a Levite may depute the separation (18:31; Yevamot 86a; Sifrei 122:1)', ['—'])
  korach.the_tithe({ask:impure_for_pure})                        ('not impure for pure — unwitting valid, intentional nothing (Mishnah Terumot 2:2); terumah by Torah law, the Sages penalized (Yevamot 89b)', ['—'])
  korach.the_tithe({ask:inferior_for_superior})                  ('valid terumah, a transgression that takes effect — you shall bear no sin (18:32; R. Ilai: Bava Batra 84b, 143a; Bava Metzia 56a; Kiddushin 46b; Temurah 5a); the impure for the pure likewise, penalized (Yevamot 89b; Terumot 2:2)', ['due_to_priest'])
  korach.the_tithe({ask:israelite_benefit_from_terumah})         ('your terumah — an Israelite may benefit (Pesachim 23a)', ['—'])
  korach.the_tithe({ask:kind_for_kind})                          ('not one kind for another — not terumah (Mishnah Terumot 2:4; Bekhorot 53b); the first part of them — each type its own (Bekhorot 54b; Temurah 5a)', ['—'])
  korach.the_tithe({ask:levite_he})                              ('the Levite — he: perforce, in sabbatical and jubilee years, no priest in his stead (Sifrei 119:5)', ['—'])
  korach.the_tithe({ask:levite_preceded})                        ("on the stalks — the tithe's terumah only; after the pile — the great terumah too (Berakhot 47a-b; Beitzah 13b; Eruvin 31b; Pesachim 35b; Shabbat 127b)", ['due_to_priest'])
  korach.the_tithe({ask:liable_produce})                         ("food, guarded, grown from the land (Mishnah Ma'aserot 1:1); the ripening signs (1:2-4)", ['—'])
  korach.the_tithe({ask:mourner})                                ("from it free for the mourner — the tithe and the paschal lamb (Sifrei 120:1; Pesachim 36a; Yevamot 73b); Mishnah Ma'aser Sheni 5:12", ['—'])
  korach.the_tithe({ask:no_inheritance})                         ('in their land you shall not inherit — I am your portion (18:20; Onkelos: the gifts I have given you); the Levites no inheritance (18:23-24); Deut 10:9, 18:2, Josh 13:14, Ezek 44:28', ['inheritance_barred'])
  korach.the_tithe({ask:one_in_a_hundred})                       ('neutralized in a hundred and one (Sifrei 121:1; Mishnah Terumot 4:7; Challah 1:9) — holiness_b CALLED: 101', ['—'])
  korach.the_tithe({ask:partners})                               ('partners liable — all your tithes (Chullin 136a); with a gentile exempt', ['—'])
  korach.the_tithe({ask:pointer_paid})                           ("15:20's as the terumah of the threshing floor is paid at 18:27's reckoned as the grain of the threshing floor (computed on the floor-word); the challah cell's as_terumah CALLS this cell", ['—'])
  korach.the_tithe({ask:recipients})                             ("the Levite, the priest (the tithe's terumah), the poor — Rabban Gamliel's ship (Mishnah Ma'aser Sheni 5:9)", ['—'])
  korach.the_tithe({ask:removal})                                ("the removal on Passover eve of the fourth and seventh years — the first tithe to the Levite (Mishnah Ma'aser Sheni 5:6); the recipients by office: Joshua the Levite, Elazar ben Azariah the priest (5:9)", ['—'])
  korach.the_tithe({ask:so_you_too})                             ('so you too — the priests separate too (Sifrei 121:1); the three a-fortioris', ['—'])
  korach.the_tithe({ask:terumah_measure})                        ("1/40, 1/50, 1/60 (Beit Shammai 1/30 — Mishnah Terumot 4:3); the floor: some must remain common (4:5 — naso's cell CALLED)", ['due_to_priest'])
  korach.the_tithe({ask:terumah_status})                         ("death and a fifth, forbidden to non-priests, the priest's property, nullified in a hundred and one, the hands, sunset, from the near and finished (Mishnah Challah 1:9)", ['due_to_priest'])
  korach.the_tithe({ask:the_best})                               ('from all its best (18:29-30, 18:32) — where a priest is, the best; where none, what lasts; the superior for the inferior, not the reverse (Mishnah Terumot 2:4, 2:6); a warning to take the choicest (Sifrei 122:1)', ['—'])
  korach.the_tithe({ask:third_year})                             ('the first tithe every year — juxtaposed to an inheritance (Rosh Hashanah 12b; Sifrei 119:5)', ['—'])
  korach.the_tithe({ask:thresholds})                             ("the pile evened, the wine skimmed, the oil dripped (Sifrei 121:1; Mishnah Ma'aserot 1:6-7); grain at the granary, olives and grapes at the house (Bava Metzia 88b); the processed for the processed (Terumot 1:10)", ['—'])
  korach.the_tithe({ask:tithe_of_the_tithe})                     ('1/100 — a tenth of the tenth (18:26; Menachot 54b; Neh 10:39)', ['terumah_of_the_tithe_owed'])
  korach.the_tithe({ask:tithe_recipient})                        ("the Levite (18:21, 18:26 — R. Akiva); the priest too — Ezra's penalty / the priests called Levites (R. Eliezer; Yevamot 86a-b)", ['tithe_granted'])
  korach.the_tithe({ask:tithe_terumah_betrothal})                ("betrothal with the tithe's terumah valid — no to the LORD written of it (Kiddushin 53a)", ['—'])
  korach.the_tithe({ask:tithe_to_foreigners})                    ('R. Meir: forbidden to non-Levites as terumah; the Rabbis permit (Yevamot 86a)', ['—'])
  korach.the_tithe({ask:tithe_to_levites})                       ('all the tithe in Israel — in exchange for their service (18:21): the Levite serves, the Levite takes; a Levite who refused one service has no portion (Sifrei 119:5, 122:1)', ['tithe_granted'])
  korach.the_tithe({ask:wage})                                   ('it is your wage in exchange for your service (18:31); terumah or tithe not given as wages to the assisting priests, Levites or poor (Bekhorot 26b)', ['tithe_granted'])
  korach.the_tithe({ask:what_remains_common})                    ("what remains is common, as the floor's grain after terumah (18:30; Sifrei 122:1)", ['—'])
  korach.the_tithe({ask:who_separates})                          ('not the deaf-mute, the imbecile, the minor, from what is not his, a gentile (Mishnah Terumot 1:1); the mute, the drunk, the naked, the blind — valid after the fact (1:6)', ['—'])
  korach.the_tithe({ask:who_separates_tithe_terumah})            ('the Levite, and the owner too (Gittin 30b)', ['—'])
  korach.the_tithe({ask:wrong_order})                            ('tithed in the wrong order — valid, rectified by the positive command, no lashes (Temurah 4b)', ['—'])
  korach.the_tithe({ask:you_shall_not_die})                      ("you shall not profane... and you shall not die (18:32) — the warning to Levites and Israelites both (Sifrei 122:1); the priests' words (Lev 8:35, 10:6-9)", ['—'])
==== cold_run_korach.the_gifts sig ('case', 'data') (28049 chars) asks-in-source ['ass_redeem_or_break', 'betrothed_eats', 'bikkurim', 'bikkurim_eaters', 'bikkurim_partners', 'bikkurim_scope', 'blemish_expert', 'blemished_firstborn', 'blemished_keeping', 'breast_and_thigh', 'clean_firstborn', 'covenant_of_salt', 'covenant_reason', 'devote_firstborn', 'devoted', 'devoted_status', 'devoted_to_whom', 'devotion_by_priests', 'donkey_doubt', 'doubtful_terumah_watch', 'eaten_in_greatness', 'every_male', 'firstborn_blood_mixed', 'firstborn_blood_placement', 'firstborn_eaters', 'firstborn_eating_window', 'firstborn_for_redemption', 'firstborn_portions', 'firstborn_resembles', 'firstborn_sale', 'firstborn_substitute', 'firstborn_without_altar', 'five_sela_coinage', 'from_the_fire', 'gentile_consecrations', 'household', 'impure_terumah_benefit', 'levite_donkey', 'most_holy_eating_place', 'most_holy_list', 'most_holy_portion_use', 'opens_the_womb', 'raise_before_giving', 'redeeming_lamb', 'redemption_before_thirty', 'redemption_means', 'redemption_money_lost', 'redemption_rate', 'redemption_timing', 'returned', 'salt_source', 'self_redemption', 'suspect_firstborn', 'suspect_principle', 'the_best_triad', 'three_crowns', 'twenty_four', 'twenty_gerah_floor', 'twins', 'unclean_firstborn_scope', 'with_joy']
def the_gifts(case, data):
        del P[:]
        ask = case['ask']
        if ask == 'with_joy':
            ink('18:8', '"and the LORD spoke to Aaron: and I, behold, I have given you" — the LORD to Aaron; 17:5\'s "to him" the frame 

  korach.the_gifts({ask:ass_redeem_or_break})                    ('redeem with a lamb, else break the neck', ['redeem_or_break'])
  korach.the_gifts({ask:betrothed_eats})                         ('the a-fortiori: she eats (R. Yochanan b. Bag Bag); THE DECREE: not until the canopy (Mishnah Ketubot 5:3 — the later court; Ketubot 57b-58a: the cup and the simpon) — the decree over the a-fortiori', ['stranger_barred'])
  korach.the_gifts({ask:bikkurim})                               ('the first fruits of all — holy while attached (18:13; Sifrei 117:2); partners liable, outside the land exempt (Chullin 136a); roofs and ships (Menachot 84b); the household eats (84b:10)', ['due_to_priest'])
  korach.the_gifts({ask:bikkurim_eaters})                        ('the household eats the first fruits — the verse read as two (Menachot 84b:10)', ['terumah_fed'])
  korach.the_gifts({ask:bikkurim_partners})                      ('first fruits from land in partnership — liable; outside the land exempt (Chullin 136a)', ['due_to_priest'])
  korach.the_gifts({ask:bikkurim_scope})                         ('the first fruits of all — roofs, ruins, flowerpots and ships; the two loaves precede (Menachot 84b)', ['due_to_priest'])
  korach.the_gifts({ask:blemish_expert})                         ("the court's expert exempt, a non-expert pays (Mishnah Bekhorot 4:4); a paid examiner disqualified unless like Ila (4:5); shown after slaughter — R. Yehuda / R. Meir (4:3)", ['—'])
  korach.the_gifts({ask:blemished_firstborn})                    ('to the priest — it shall be yours repeated (Zevachim 37b); raised thirty or fifty days (Mishnah Bekhorot 4:1); kept the year (4:2); the expert (4:4-5)', ['due_to_priest'])
  korach.the_gifts({ask:blemished_keeping})                      ('a blemish within the year — kept the twelve months; after the year — thirty days (Mishnah Bekhorot 4:2)', ['—'])
  korach.the_gifts({ask:breast_and_thigh})                       ('breast and thigh to the priests after the smoking (tzav CALLED); the terumah of their gift, all the wave offerings (18:11)', ['due_to_priest'])
  korach.the_gifts({ask:clean_firstborn})                        ('the firstborn of an ox, a sheep, a goat you shall not redeem — they are holy (18:17); an ox and its firstborn an ox (Bekhorot 5b); no hybrid (Sifrei 118:1)', ['consecrated'])
  korach.the_gifts({ask:covenant_of_salt})                       ("a covenant of salt — Aaron's (18:19) and David's (2 Chr 13:5) alone; salting indispensable (Menachot 19b-20a); from communal supplies (Menachot 21b); Aaron's greater than David's (Sifrei 119:5)", ['covenant_of_salt'])
  korach.the_gifts({ask:covenant_reason})                        ("the covenant written because Korach contested — the king's retainer (Sifrei 117:2); for Aaron's good did Korach come (119:2)", ['—'])
  korach.the_gifts({ask:devote_firstborn})                       ("the firstborn, whole or blemished, may be devoted — assessed by the daughter's son (Mishnah Arakhin 8:7; temurah CALLED: may_be_devoted)", ['—'])
  korach.the_gifts({ask:devoted})                                ("every devoted thing in Israel — gentiles', women's, bondsmen's too (Sifrei 117:3); unspecified: priests_Sages_upkeep_R._Yehuda_b._Beteira (temurah CALLED) — the four-way dispute: R. Yossi HaGelili the priests, R. Yehudah b. Beteira Temple maintenance, R. Yeh
  korach.the_gifts({ask:devoted_status})                         ("in the owner's house consecrated; given to the priest common (Arakhin 29a; Bekhorot 32a); to the priest of the watch serving (Arakhin 28b)", ['due_to_priest'])
  korach.the_gifts({ask:devoted_to_whom})                        ('to the priest of the watch serving in the Temple — to the priest / to the priest with 5:8 (Arakhin 28b)', ['due_to_priest'])
  korach.the_gifts({ask:devotion_by_priests})                    ('R. Yehuda: priests and Levites may not; R. Shimon: priests not, Levites may (Mishnah Arakhin 8:5)', ['—'])
  korach.the_gifts({ask:donkey_doubt})                           ('the burden of proof on the priest — a male and a female, the owner keeps the lamb; two males, one lamb (Mishnah Bekhorot 1:3)', ['—'])
  korach.the_gifts({ask:doubtful_terumah_watch})                 ('R. Yehoshua: safeguard only the pure; R. Eliezer: the doubtful too (Bekhorot 34a)', ['—'])
  korach.the_gifts({ask:eaten_in_greatness})                     ('for anointing = for greatness — eaten as kings eat, roasted with mustard, any manner (Onkelos cited at Zevachim 91a; Chullin 132b; Sotah 15a)', ['due_to_priest'])
  korach.the_gifts({ask:every_male})                             ("every male — communal peace offerings eaten by the priests' males (Menachot 83a; Zevachim 97b)", ['—'])
  korach.the_gifts({ask:firstborn_blood_mixed})                  ("they are holy — the blood mixed with others' still sacrificed (Zevachim 81a; Temurah 5b)", ['—'])
  korach.the_gifts({ask:firstborn_blood_placement})              ("one placement on the base — their blood, their fat: the tithe and the Passover too (R. Yosei HaGelili; Zevachim 56b; Mishnah Zevachim 5:8; Sifrei 118:1's one spilling)", ['consecrated'])
  korach.the_gifts({ask:firstborn_eaters})                       ('Beit Shammai: priests only, not menstruating women; Beit Hillel: the blemished to any (Bekhorot 32b-33a)', ['—'])
  korach.the_gifts({ask:firstborn_eating_window})                ("two days and a night — as the wave-breast and the right thigh (18:18; Bekhorot 27b; Zevachim 57a; Mishnah Zevachim 5:8) — the peace offering's row CALLED", ['due_to_priest'])
  korach.the_gifts({ask:firstborn_for_redemption})               ("opens a Jewish mother's womb (Mishnah Bekhorot 8:1); the caesarean — neither (8:2; pesach CALLED: not consecrated)", ['—'])
  korach.the_gifts({ask:firstborn_portions})                     ('their blood, their fat — the tithe and the Passover placed like the firstborn (R. Yosei HaGelili; Zevachim 37a, 56b; Pesachim 64b); R. Yishmael from Deut 12:27; the portions burned (Keritot 4a)', ['consecrated'])
  korach.the_gifts({ask:firstborn_resembles})                    ('the head and the majority of the body like the mother (Bekhorot 7a); resembling another species — no firstborn (Bekhorot 12a; Bava Kamma 78a)', ['—'])
  korach.the_gifts({ask:firstborn_sale})                         ('not redeemed, but sold — alive unblemished, blemished alive or slaughtered; the tithe neither (Bava Kamma 13a; Bekhorot 31b; Temurah 5b, 8a)', ['—'])
  korach.the_gifts({ask:firstborn_substitute})                   ('they are holy — they, not their substitutes (Temurah 21a; Zevachim 37b)', ['—'])
  korach.the_gifts({ask:firstborn_without_altar})                ('the flesh as the blood — eaten only while the altar stands (Makkot 19a; Temurah 21a; Zevachim 60b)', ['—'])
  korach.the_gifts({ask:five_sela_coinage})                      ('the five sela in the Tyrian maneh (Mishnah Bekhorot 8:7; Bekhorot 49b)', ['pays'])
  korach.the_gifts({ask:from_the_fire})                          ("the olah's hide — the most holy from the fire (Sifrei 117:2)", ['due_to_priest'])
  korach.the_gifts({ask:gentile_consecrations})                  ("of all the hallowed things of the children of Israel — not gentiles': no misuse (Temurah 3a)", ['—'])
  korach.the_gifts({ask:household})                              ('every clean one in your house — the household (priesthood CALLED); to your daughters', ['terumah_fed'])
  korach.the_gifts({ask:impure_terumah_benefit})                 ('My terumot — two: the impure burned with benefit beneath the dish, from the separation onward (Shabbat 25a-26a; Yevamot 74a)', ['—'])
  korach.the_gifts({ask:levite_donkey})                          ('exempt — a priest or a Levite (the son and the donkey)', ['exempt'])
  korach.the_gifts({ask:most_holy_eating_place})                 ('in the most holy place — the courtyard; inside the Sanctuary when gentiles surround it (Zevachim 63a; Menachot 9a)', ['—'])
  korach.the_gifts({ask:most_holy_list})                         ("every offering, every meal offering, every sin offering, every guilt offering (18:9) — the four everys include the omer's, the suspected wife's, the bird olah's meat, the leper's log (Menachot 73a; Zevachim 44b)", ['due_to_priest'])
  korach.the_gifts({ask:most_holy_portion_use})                  ('R. Yehuda: betrothed with it; R. Yosei: consumption alone (Kiddushin 52b)', ['—'])
  korach.the_gifts({ask:opens_the_womb})                         ("all that opens the womb — which they offer excludes the unclean animal, and in beast re-includes the blemished (Sifrei 118:1); the Levites' ass exempt", ['consecrated_firstborn'])
  korach.the_gifts({ask:raise_before_giving})                    ("30 days a small animal, 50 a large (Mishnah Bekhorot 4:1; Bekhorot 26b — Exod 22:29 juxtaposed to 18:16's month)", ['—'])
  korach.the_gifts({ask:redeeming_lamb})                         ('any lamb — sheep or goat, any age, blemished; not a calf, a hybrid or a koy (Mishnah Bekhorot 1:4-5); the designated lamb died — R. Eliezer / the Rabbis (1:6)', ['—'])
  korach.the_gifts({ask:redemption_before_thirty})               ('after thirty days — from a month old (18:16 / 3:40; Bekhorot 49a; Bamidbar CALLED: after thirty days); mauled within thirty — no redemption (Bava Kamma 11b); the thirtieth day like the day before (Mishnah Bekhorot 8:6)', ['pays'])
  korach.the_gifts({ask:redemption_means})                       ("redeemed when in the priest's hand (Bamidbar CALLED); not with slaves, notes, land or consecrated items (Mishnah Bekhorot 8:8); movable, not writs (Sifrei 118:1 — Rebbi: writs only)", ['pays'])
  korach.the_gifts({ask:redemption_money_lost})                  ('the father liable — shall be yours before you shall redeem (Mishnah Bekhorot 8:8; Bekhorot 51a)', ['pays'])
  korach.the_gifts({ask:redemption_rate})                        ("five shekels per skull; twenty gerah the shekel (the sela of twenty ma'ah)", ['pays'])
  korach.the_gifts({ask:redemption_timing})                      ('thirty days the son, at once the ass (Bekhorot 12b-13a; Sifrei 118:1 — immediately or after a month)', ['pays'])
  korach.the_gifts({ask:returned})                               ("which they return to Me — the proselyte's theft (5:8; Sifrei 117:2; Bava Kamma 110a)", ['due_to_priest'])
  korach.the_gifts({ask:salt_source})                            ('the salt from communal supplies — everlasting covenant / everlasting covenant with the showbread (Menachot 21b)', ['—'])
  korach.the_gifts({ask:self_redemption})                        ('redeem, you shall redeem — the son redeems himself if the father did not (Kiddushin 29a; Sifrei 118:1 Kerem Beyavneh)', ['pays'])
  korach.the_gifts({ask:suspect_firstborn})                      ('no meat nor untanned hides from one suspect on firstborns (Mishnah Bekhorot 4:7); may neither judge nor testify on it (4:10)', ['—'])
  korach.the_gifts({ask:suspect_principle})                      ('suspect on the sabbatical year not on tithes, nor the reverse; suspect on either — on purities; neither judge nor witness on that matter (Mishnah Bekhorot 4:10)', ['—'])
  korach.the_gifts({ask:the_best_triad})                         ("the best of the oil, the wine and the grain (18:12) — Izhar's word; the triad reversed against eleven seats (computed); kind for kind: each type its first (Bekhorot 53b, 54b)", ['—'])
  korach.the_gifts({ask:three_crowns})                           ('three crowns — Torah, priesthood, kingdom; the good name above them (Avot 4:13; Sifrei 119:4)', ['—'])
  korach.the_gifts({ask:twenty_four})                            ('24 — twelve in the sanctuary, twelve in the borders (Sifrei 119:1-2; Chullin 133b; Bava Kamma 110b); a generalization, a detail and a covenant of salt', ['priestly_dues_granted'])
  korach.the_gifts({ask:twenty_gerah_floor})                     ("twenty gerah — more, not less (Sifrei 118:1; Bekhorot 50a); the seat among the shekel engine's five: Num 18:16", ['pays'])
  korach.the_gifts({ask:twins})                                  ('twins — five sela after thirty days; one died — exempt; two wives — ten; the intermingled by certainty (Mishnah Bekhorot 8:3-5)', ['pays'])
  korach.the_gifts({ask:unclean_firstborn_scope})                ('the ass alone (Sifrei 118:1; Bekhorot 5b) — redeem with a lamb, else break the neck (pesach CALLED)', ['redeem_or_break'])
  korach.the_gifts({ask:with_joy})                               ("and I, behold — with joy (Sifrei 117:1); through Moses by 17:5's to him", ['—'])
==== cold_run_yovel.cycle sig ('year',) (866 chars) asks-in-source []
def cycle(year):
        """A year's class inside one Jubilee period, from the ink's arithmetic."""
        if year == JUBILEE:
            return cell('jubilee', I, 'שנת החמשים (the fiftieth year) at 25:10-11 — '
                      

==== cold_run_yovel.sabbatical sig () (6682 chars) asks-in-source []
def sabbatical():
        return {
         'torah_labors': cell(len(LABOR_VERBS), I, 'the four verbs the ink writes at 25:4-5: %s — sow, '
                              'prune, reap, gather' % ' / '.join(LABOR_VERBS), ['labor_barre

==== cold_run_yovel.tithe_naming sig ('calls',) (948 chars) asks-in-source []
def tithe_naming(calls):
        """calls: {position: name} for the ninth, tenth, eleventh to pass under
        the rod. THE TENTH IS HOLY by the ink (27:32); an ERROR sanctifies the
        neighbor it names 'tenth' (the Sifra's i

==== cold_run_seven_nations.the_holy_people sig ('case', 'data') (5383 chars) asks-in-source ['brought_out_redeemed', 'chose_you', 'holy_people', 'the_fewest', 'the_oath']
def the_holy_people(case, data):
        """F2 — Deut 7:6-8: a holy people, the treasure, chose you, the fewest, the love and the oath, brought out and redeemed — the readback's rows 7:6, 7:8; no write"""
        del P_[:]
        a

  seven_nations.the_holy_people({ask:brought_out_redeemed})      ("brought out and redeemed (7:8) — the going out read back with the oath's reason (ES by CALL; the tape's brought_out found): the readback row EXPANDED; no write", ['accepted'])
  seven_nations.the_holy_people({ask:chose_you})                 ("chose you (7:6-7) — the choice of the people after 4:37's choice of the fathers' seed (OH by CALL); 'set his love' the captive's and Shechem's word", ['accepted'])
  seven_nations.the_holy_people({ask:holy_people})               ("a holy people (7:6) — 19:5-6's treasure and holy nation read back with 14:2 the pair; treasured_people stands (ES by CALL); the readback row EXPANDED", ['accepted'])
  seven_nations.the_holy_people({ask:the_fewest})                ("the fewest (7:7) — 'not because you were more': the humblest, on the shelf (Chullin 89a); Onkelos 'the smallest': a DATA row, no write", ['accepted'])
  seven_nations.the_holy_people({ask:the_oath})                  ('the oath (7:8) — the noun starred by the parser, the swearing no number; the three lines on the tape (MA and JS by CALL); the pointers at 7:8, 7:12, 7:13', ['accepted'])
==== cold_run_second_tablets.the_levites_separated sig ('case', 'data') (12648 chars) asks-in-source ['as_the_lord_spoke_to_him', 'at_that_time_separated', 'levi_has_no_portion', 'to_bless_in_his_name', 'to_carry_the_ark', 'to_stand_and_minister', 'which_time']
def the_levites_separated(case, data):
        """F3 — Deut 10:8-9: at that time the LORD separated the tribe of Levi (levites_gathered by kind — the tape's own (1, 4, 17); 'separated' the hiphil perfect at 10:8 and Numbers 

  second_tablets.the_levites_separated({ask:as_the_lord_spoke_to_him}) ("as the LORD your God spoke to him (10:9) — the receipt's THIRD FORM ('spoke' — the finder scans two forms with 'commanded'; 4b's owed item stands): a run citation of portion_declared (Num 18:20), a pointer if the census demands it; the chapter's three receip
  second_tablets.the_levites_separated({ask:at_that_time_separated}) ("at that time the LORD separated the tribe of Levi (10:8) — the tape's levites_gathered (Exod 32:26-29, invested_office on the Levites at (1, 4, 17) — the calf's day) by kind: the readback row VERBATIM in kind; 'separated' the hiphil perfect at 10:8 and Numbe
  second_tablets.the_levites_separated({ask:levi_has_no_portion}) ("Levi has no portion (10:9) — the tape's portion_declared (Num 18:20-24: inheritance_barred on the Levites and on aaron, tithe_granted — KR.the_tithe by CALL) by kind: the readback row VERBATIM in kind ('the LORD is his inheritance' 10:9 and 18:2 the two seat
  second_tablets.the_levites_separated({ask:to_bless_in_his_name}) ("to bless in His name (10:8) — the priestly blessing's cell (NS.blessing('name', 'counts') by CALL — the Name in the Temple, the substitute in the provinces): the third office by CALL; the standing and the lifted hands derived FROM THIS VERSE (Sotah 38a:5, 38
  second_tablets.the_levites_separated({ask:to_carry_the_ark})   ("to carry the ark (10:8) — the Kohathites' charge (BM.kohath('order') by CALL — the priests cover, then the Kohathites carry) and the ark's bearers on the march (BH.march('ark_bearers') by CALL): the first office by CALL; levites_given (Num 3:5) the tape's se
  second_tablets.the_levites_separated({ask:to_stand_and_minister}) ("to stand before the LORD to minister to Him (10:8) — the watch (KR.the_watch by CALL — the Levites' twenty-one places; given to the LORD, 18:6) and the rite (BH.levites_rite('given') by CALL): the second office by CALL; the song the service, sitting invalida
  second_tablets.the_levites_separated({ask:which_time})         ("which time — 'at that time' at 10:8: the tape's own (1, 4, 17), the calf's day (Exodus 32:26-29 by Yoma 66b:15); the four shelf rows citing 10:8 (Horayot 13a:18; Zevachim 16a:13; Pesachim 104a:10; Ta'anit 26b:17) ask nothing of the time: a DATA row", ['accep
==== cold_run_second_tablets.the_god_of_gods_and_the_stranger sig ('case', 'data') (30831 chars) asks-in-source ['a_salary_voids', 'a_truthful_oath', 'and_you_shall_love_the_stranger', 'cleave_to_the_scholars', 'fear_serve_cleave_swear', 'god_of_gods', 'he_is_your_praise', 'lifts_no_face', 'seventy_persons', 'swear_by_his_name', 'takes_no_bribe', 'the_attributes_three', 'the_bribe_of_words', 'the_converts_intake', 'the_et_of_10_20', 'the_orphan_and_the_widow', 'the_permitted_fee', 'the_private_convert', 'the_thirty_six_warnings']
def the_god_of_gods_and_the_stranger(case, data):
        """F6 — Deut 10:17-22: the God of gods (VARIANT by CALL); the attributes three and no more (the one who adds); lifts no face (naso by CALL — the face thrice reconcile

  second_tablets.the_god_of_gods_and_the_stranger({ask:a_salary_voids}) ("a salary voids (Kiddushin 58b; Mishnah Bekhorot 4:6) — one who takes a fee to judge, his judgments are void: the judge who takes a salary accepted against; Karna's evident loss the exception", ['accepted'])
  second_tablets.the_god_of_gods_and_the_stranger({ask:a_truthful_oath}) ("a truthful oath (Temurah 3b:17-18) — 'and by His name you shall swear' a positive command: a truthful oath by His name permitted; the truthful swearer exempt from the third word's prohibition", ['exempt'])
  second_tablets.the_god_of_gods_and_the_stranger({ask:and_you_shall_love_the_stranger}) ("and you shall love the stranger (10:19) — Leviticus 19:34's cell (HB.convert_measures('love_convert') by CALL) whose effect love_owed was never written: THE LINE stranger_love_commanded at the counter's day writing love_owed on Israel toward the stranger for
  second_tablets.the_god_of_gods_and_the_stranger({ask:cleave_to_the_scholars}) ("cleave to the scholars (Ketubot 111b:6-8) — 'to Him you shall cleave' against 'a consuming fire': marry a daughter to a scholar, trade for him, benefit him — as if cleaving to the Divine Presence: THE EFFECT'S VALUE; the cleaver accepted", ['accepted'])
  second_tablets.the_god_of_gods_and_the_stranger({ask:fear_serve_cleave_swear}) ("fear, serve, cleave, swear (10:20) — 6:13's three clauses with the fourth added (seven of eight tokens; HI.the_gift_and_the_warning by CALL; 4:4's state OH by CALL): the readback row EXPANDED; THE LINE cleaving_commanded at the counter's day writing cleaving
  second_tablets.the_god_of_gods_and_the_stranger({ask:god_of_gods}) ("the God of gods (10:17) — the one seat of the pair (Psalm 136:2-3 the run); 7:9's faithful God (SN.the_faithful_god by CALL): the readback row VARIANT; a declaration, no write; Onkelos the God of judges", ['accepted'])
  second_tablets.the_god_of_gods_and_the_stranger({ask:he_is_your_praise}) ("He is your praise (10:21) — the one seat; 'the great and awesome things which your eyes have seen' 7:19's trials (SN.do_not_fear by CALL) and 4:35's showing (OH by CALL): the readback row VARIANT; a declaration, no write", ['accepted'])
  second_tablets.the_god_of_gods_and_the_stranger({ask:lifts_no_face}) ("lifts no face (10:17) — Numbers 6:26's 'the LORD lift up His face' thrice reconciled (NS.blessing('face_lifted') by CALL — when they do His will, the Sifrei 42:2; beyond the letter, Berakhot 20b:15; before the sentence, Niddah 70b:5; man and God against man 
  second_tablets.the_god_of_gods_and_the_stranger({ask:seventy_persons}) ("seventy persons (10:22) — the Joseph runner's count by CALL (JS.seventy — Genesis 46:27's seventy, Exodus 1:5's restatement, Jochebed the seventieth, Bava Batra 123b:1): the readback row VERBATIM in kind; 'as the stars of heaven for multitude' 1:10's phrase 
  second_tablets.the_god_of_gods_and_the_stranger({ask:swear_by_his_name}) ("swear by His name (10:20) — the oath by the appellations liable as by the Name (Shevuot 35b:22; ala / ala the analogy, I2, 35b:23): the swearer by the appellations accepted against; 'swear' no number to the parser", ['accepted'])
  second_tablets.the_god_of_gods_and_the_stranger({ask:takes_no_bribe}) ("takes no bribe (10:17) — Exodus 23:8's block never written on the tape (OR.courts by CALL — bribe_barred asserted absent; 16:19 the command's seat forward): a declaration; the shelf's exam — a bribe even to judge truly (Ketubot 105a:10), the bribe blinds a f
  second_tablets.the_god_of_gods_and_the_stranger({ask:the_attributes_three}) ("the attributes three and no more (10:17) — Moses' three restored by the great assembly after Jeremiah and Daniel dropped one each (Yoma 69b:13-16); the prayer leader who adds praises silenced (Berakhot 33b:21-22; Megillah 25a:7-8 — the parable, E26): accepte
  second_tablets.the_god_of_gods_and_the_stranger({ask:the_bribe_of_words}) ("the bribe of words (Ketubot 105b:8-15) — Shmuel's hand, Ameimar's feather, Mar Ukva's spittle, R. Yishmael's sharecropper, R. Yishmael bar Elisha's shearing, Rav Anan's fish: the six judges who refused, disqualified by a word; shochad = she-hu chad (105b:5, 
  second_tablets.the_god_of_gods_and_the_stranger({ask:the_converts_intake}) ("the convert's intake (Yevamot 47a:13-47b:15) — 'what did you see that you come?' — accepted at once when he knows Israel's affliction, informed of the light and the grave commandments, circumcised and immersed an Israelite in all respects: the stranger line'
  second_tablets.the_god_of_gods_and_the_stranger({ask:the_et_of_10_20}) ("the et of 10:20 (Pesachim 22b:11) — Shimon HaAmmassoni retracted at 'you shall fear [et] the LORD your God'; R. Akiva: 'et' to include Torah scholars (E1): the fear's object extended as the cleaving's value", ['accepted'])
  second_tablets.the_god_of_gods_and_the_stranger({ask:the_orphan_and_the_widow}) ("the orphan and the widow (10:18) — Exodus 22:21's pair in the other order (OR.stranger('widow_orphan_scope') by CALL — all persons or the named): a declaration about God, the readback row VARIANT; no write", ['accepted'])
  second_tablets.the_god_of_gods_and_the_stranger({ask:the_permitted_fee}) ("the permitted fee (Ketubot 105a:17-19) — Karna's fee from both parties for evident loss, Rav Huna's water-drawer: not a bribe, the judge exempt from the rule", ['exempt'])
  second_tablets.the_god_of_gods_and_the_stranger({ask:the_private_convert}) ("the private convert (Yevamot 47a:8-12) — 'I converted privately' is not believed (R. Yehuda; the children's standing kept): outside the intake's rule, the private convert exempt", ['exempt'])
  second_tablets.the_god_of_gods_and_the_stranger({ask:the_thirty_six_warnings}) ("the thirty-six warnings (Bava Metzia 59b:13-15) — the stranger's wronging three prohibitions, thirty-six or forty-six warnings; R. Natan: 'for you were strangers' — a defect in you, do not mention in another: the reason clause's rule at 10:19; the wronger ac
==== cold_run_place_name.the_place_chosen sig ('case', 'data') (23239 chars) asks-in-source ['eat_there_and_rejoice', 'in_one_of_your_tribes', 'not_as_we_do_here_today', 'the_name_pronounced_only_there', 'the_place_which_the_lord_will_choose', 'the_rest_and_the_inheritance', 'the_second_answer_sheet', 'the_seven_offerings', 'the_stations_six_rows', 'the_three_commandments_of_the_entry', 'the_womans_rejoicing', 'your_households']
def the_place_chosen(case, data):
        """F2 — Deut 12:5-12 — THE PLACE INSTALLED HERE (12:5 — THE LINE place_chosen_declared writing place_chosen_required and rejoicing_before_the_lord_commanded, and high_places_banned R

  place_name.the_place_chosen({ask:eat_there_and_rejoice})       ("eat there and rejoice (12:7) — the peace offerings of rejoicing (the Sifrei 64:2; 138:1), 'your households' his wife (64:4 — Mishnah Yoma 1:1): THE WRITE rejoicing_before_the_lord_commanded — a STATUS on Israel at the chapter's own day, the law's first seat;
  place_name.the_place_chosen({ask:in_one_of_your_tribes})       ("in one of your tribes (12:14) — [1] the chapter's one number verse against 12:5's 'from all your tribes': the ground from one tribe, the money from all (the Sifrei 62:2-3, 70:4); Benjamin's strip the portion (Zevachim 118b:6-12): the tribe that claims the gr
  place_name.the_place_chosen({ask:not_as_we_do_here_today})     ("not as we do here today (12:8) — the voluntary offerings of the wilderness (Zevachim 117b:3; SA.platform('classes') by CALL) and a prohibition for the premature (114a:13): the erection's line by kind (high_places_banned's first entry) — the readback row VARI
  place_name.the_place_chosen({ask:the_name_pronounced_only_there}) ("the Name pronounced only there (12:5) — the priestly blessing's Name as written in the Temple, by its substitute in the provinces (Mishnah Sotah 7:6; Sotah 38a:10 by analogy; 38a:11 R. Yoshiya's transposition of Exodus 20:20 — OR.altar('every_place') by CALL
  place_name.the_place_chosen({ask:the_place_which_the_lord_will_choose}) ("the place which the LORD will choose (12:5) — installed here, no seat before it ('will choose' the book's first at 12:5; His dwelling the one seat; the two seekings): the erection's line by kind — the readback row EXPANDED; THE LINE place_chosen_declared at 
  place_name.the_place_chosen({ask:the_rest_and_the_inheritance}) ("the rest and the inheritance (12:9) — Shiloh and Jerusalem four ways (Zevachim 119a:9-13, 119b:1-5; the rest of the ark by Numbers 10:36 — BH.march by CALL): THE STATE ROW, SUPPLIED with no write and no day (the rest's granting the run's — Joshua 21:42, 2 Sa
  place_name.the_place_chosen({ask:the_second_answer_sheet})     ("the second answer sheet (12:9) — Shiloh's sanctity released, Jerusalem's forever (Mishnah Megillah 1:10-11 at 9b:15-10a:1); the Onias ruling retracted before Mishnah Zevachim 14:8 (10a:2-5): the one who offers at the temple of Onias accepted against", ['acce
  place_name.the_place_chosen({ask:the_seven_offerings})         ("the seven offerings (12:6) — burnt offerings, sacrifices, tithes, the heave offering of the hand (the first fruits — the Sifrei 63:9), vows, freewill offerings, firstlings: the first of three lists (12:11 adds 'the choice of your vows'; 12:17 the bar); gifts
  place_name.the_place_chosen({ask:the_stations_six_rows})       ("the stations' six rows (12:9-11) — the wilderness permitted / forbidden under the Tabernacle, Gilgal permitted, Shiloh forbidden, Nob and Gibeon permitted, Jerusalem forbidden forever (Mishnah Zevachim 14:4-8; Zevachim 112b:9-12): SD.eras('table'), SA.platfo
  place_name.the_place_chosen({ask:the_three_commandments_of_the_entry}) ("the three commandments of the entry (12:10-11) — a king, Amalek, the chosen House, in order (Sanhedrin 20b:8-13 from 12:10-11's 'rest … then the place'); David's rest before the seeking of the site (20b:14; 2 Samuel 7:1): the one who seeks the site before th
  place_name.the_place_chosen({ask:the_womans_rejoicing})        ("the woman's rejoicing (12:7, 12:12, 12:18) — her own obligation, or her husband's to make her joyful (Rosh Hashanah 6b:15-16 — a two-arm parameter); the delay's clock on the vows (6b:3-13): the husband who makes his wife rejoice accepted", ['accepted'])
  place_name.the_place_chosen({ask:your_households})             ("your households (12:12, 12:18) — 5:14's list said again without the ox and the ass, with the Levite (CH.the_first_tablet by CALL); the dearer first (the Sifrei 69:3, 74:4); 'no portion nor inheritance' portion_declared's reason (Num 18:20 on the tape by kind
==== cold_run_place_name.the_profane_slaughter_the_blood_and_the_gates sig ('case', 'data') (23823 chars) asks-in-source ['before_the_lord_you_shall_eat_it', 'lest_you_forsake_the_levite', 'the_blemished_consecrated', 'the_blood_like_water', 'the_eaters', 'the_impure_tithes_warning', 'the_ladder_of_a_fortiori', 'the_lashes_outside_the_wall', 'the_levites_scope', 'the_list_read_backward', 'the_two_tithes', 'the_unclean_and_the_clean', 'with_all_the_desire_of_your_soul', 'you_may_not_eat_within_your_gates']
def the_profane_slaughter_the_blood_and_the_gates(case, data):
        """F4 — Deut 12:15-19 — THE RELEASE SAID IN NEW WORDS (12:15 — THE LINE profane_slaughter_permitted writing profane_slaughter_permitted, holy_things_in_t

  place_name.the_profane_slaughter_the_blood_and_the_gates({ask:before_the_lord_you_shall_eat_it}) ("before the LORD you shall eat it (12:18) — the place (Shiloh and Jerusalem — the Sifrei 74:2-3), the household 5:14's (CH.the_first_tablet by CALL — the readback row VERBATIM in kind), the dearer first (74:4): the one who eats the second tithe in his gates a
  place_name.the_profane_slaughter_the_blood_and_the_gates({ask:lest_you_forsake_the_levite}) ("lest you forsake the Levite (12:19) — the verse alone in the Bible; a prohibition by 'take heed … lest' (the Sifrei 74:6-7): THE WRITE levite_forsaking_barred — a BLOCK on Israel at the chapter's own day; the readback row SUPPLIED AS A LAW with its write", [
  place_name.the_profane_slaughter_the_blood_and_the_gates({ask:the_blemished_consecrated}) ("the blemished consecrated (12:15) — the consecration before the blemish 'only the permission of consumption' (Mishnah Bekhorot 2:2-3; Bekhorot 15b:9-12): 12:15's release read on the redeemed animal; the firstborn and the gifts excluded by 'as the gazelle and
  place_name.the_profane_slaughter_the_blood_and_the_gates({ask:the_blood_like_water}) ("the blood like water (12:16, 12:24) — four ways (the Sifrei 71:14): no covering for the domestic animal (Chullin 84a:10-11; SA.covering by CALL), benefit (Pesachim 22a:8), susceptibility (Chullin 33a:12 — Mishnah Makhshirin 6:4), no immersion (84a:12-16); on
  place_name.the_profane_slaughter_the_blood_and_the_gates({ask:the_eaters}) ("the eaters (12:15) — 'the impure' unqualified against Numbers 9:10's 'impure by a corpse' (Bekhorot 33a:8-11 — Beit Shammai / Beit Hillel); a gentile's eating the comparison's third seat (33a:4): the impure who eats the profane flesh accepted", ['accepted'])
  place_name.the_profane_slaughter_the_blood_and_the_gates({ask:the_impure_tithes_warning}) ("the impure tithe's warning (12:15-17) — 12:15's 'the impure … within your gates' against 12:17's 'you may not eat within your gates' (Makkot 19b:3-7); 'too far' as any inability, one stride outside the wall (19b:9-13); the second tithe and the Temple (19a:3-
  place_name.the_profane_slaughter_the_blood_and_the_gates({ask:the_ladder_of_a_fortiori}) ("the ladder of a fortiori (12:17) — R. Shimon's five rungs on the list (Makkot 17a:12-17b:1), Rava's refutations (17b:3-8), the repetition designates (18a:1-2; the Sifrei 72:9-11, 73:1, 74:1): the one who eats the vows' flesh outside the curtains accepted — l
  place_name.the_profane_slaughter_the_blood_and_the_gates({ask:the_lashes_outside_the_wall}) ("the lashes outside the wall (12:17) — one who eats the second tithe or the firstling outside the wall is flogged (Mishnah Makkot 3:3; the bar's onset at the wall, Makkot 19b:15): the one who eats the second tithe outside the wall lashed", ['lashes'])
  place_name.the_profane_slaughter_the_blood_and_the_gates({ask:the_levites_scope}) ("the Levite's scope (12:19) — 'all your days' even in sabbaticals and jubilees (the Sifrei 74:8), 'on your land' not in the exile (74:9): the one who forsakes the Levite in the exile exempt", ['exempt'])
  place_name.the_profane_slaughter_the_blood_and_the_gates({ask:the_list_read_backward}) ('the list read backward (12:17) — the first fruits the source, each item derived from the next (Makkot 17b:9); no punishment from an inference (17b:10): the one who eats the first fruits outside the wall accepted — lashed by its own verse', ['accepted'])
  place_name.the_profane_slaughter_the_blood_and_the_gates({ask:the_two_tithes}) ("the two tithes (12:17) — the Levites' first tithe eaten in every place (Num 18:31 — KR.the_tithe('every_place') by CALL; tithe_granted unmoved) against the owner's second tithe at the place (12:17 the first seat; 14:22-26): the Levite who eats his tithe in a
  place_name.the_profane_slaughter_the_blood_and_the_gates({ask:the_unclean_and_the_clean}) ("the unclean and the clean (12:15) — 'the impure' unqualified: the impure and the pure eat from one dish (the Sifrei 71:4); 'as the gazelle and as the hart' the comparison's three seats (Bekhorot 33a:1-5): the impure who eats the profane flesh with the pure a
  place_name.the_profane_slaughter_the_blood_and_the_gates({ask:with_all_the_desire_of_your_soul}) ("with all the desire of your soul (12:15) — Leviticus 17:3-5's tent-door rule released for the Land in new words (one token in order; SA.outside by CALL — the readback row EXPANDED): THE WRITE profane_slaughter_permitted — a STATUS on Israel conditional on th
  place_name.the_profane_slaughter_the_blood_and_the_gates({ask:you_may_not_eat_within_your_gates}) ("you may not eat within your gates (12:17) — 'you are not permitted' (the Sifrei 72:1); the seven items each a bar (72:2-8); the second tithe's first seat (14:22-26 ahead), the Levites' tithe eaten anywhere the opposite (Num 18:31 — KR.the_tithe('every_place'
==== cold_run_place_name.the_border_enlarged_and_the_altar sig ('case', 'data') (28239 chars) asks-in-source ['as_i_have_commanded_you', 'as_the_gazelle_and_the_hart', 'flesh_in_milk', 'the_blood_is_the_life', 'the_bloods_classes', 'the_civility', 'the_good_and_the_right', 'the_limb_from_the_living', 'the_rite_of_slaughter', 'the_sin_offerings_verb', 'the_wilderness_flesh', 'too_far', 'when_the_lord_enlarges_your_border', 'your_holy_things']
def the_border_enlarged_and_the_altar(case, data):
        """F5 — Deut 12:20-28 — THE POINTER at 12:20 (Exodus 34:24 by two teachers — erection.repeats by CALL); THE WILDERNESS FLESH a parameter (Chullin 16b-17a); 'too far'

  place_name.the_border_enlarged_and_the_altar({ask:as_i_have_commanded_you}) ("as I have commanded you (12:21) — the receipt without the Name, its referent the oral law (Chullin 28a:5 — Rabbi: the gullet and the windpipe; the Sifrei 75:15); Exodus 23:15's 'as I commanded you' the one kin with a WRITTEN callee (CA.matzah by CALL): the r
  place_name.the_border_enlarged_and_the_altar({ask:as_the_gazelle_and_the_hart}) ("as the gazelle and the hart (12:22) — the comparison that teaches and is taught (the Sifrei 75:15): the wild animal's slaughter, the bird's by the scribes (Chullin 28a:4); one dish, not the heave offering (75:11); the hunted covered, the domestic not (SA.cov
  place_name.the_border_enlarged_and_the_altar({ask:flesh_in_milk}) ("flesh in milk (12:25) — the chapter's third 'you shall not eat it' the eating ban's source (Chullin 115b:1), defended from the context (115b:2 — I12); the three verses' three jobs (115b:6 — CA.kid_in_milk by CALL); the bird in milk R. Yosei HaGelili's arm (1
  place_name.the_border_enlarged_and_the_altar({ask:the_blood_is_the_life}) ("the blood is the life (12:23) — 'be steadfast' Israel steeped in blood (the Sifrei 76:1); 17:11's clause turned; 'the life with the flesh' the limb from the living (76:5; limb_barred Gen 9:4 on the tape by kind — the readback row VARIANT; PS.noahide by CALL)
  place_name.the_border_enlarged_and_the_altar({ask:the_bloods_classes}) ("the blood's classes (12:16, 12:23) — the domestic, the wild, the bird (Mishnah Keritot 5:1; I6 at 21a:5); the wild animal's blood under the ban (21b:6); three classes (21b:11); human blood outside 12:16's 'the blood' (22a:4); the life-blood's boundary (22a:1
  place_name.the_border_enlarged_and_the_altar({ask:the_civility}) ("the civility (12:21) — 'of your herd' some, not all: meat as if trapped, one's own not the market's (Chullin 84a:18-19); R. Elazar ben Azaria's ladder of means (84a:20-21); below one's means for oneself, above them for wife and children (84b:4): the one who 
  place_name.the_border_enlarged_and_the_altar({ask:the_good_and_the_right}) ("the good and the right (12:28) — 6:18's pair turned (HI.the_test_and_the_right by CALL — the readback rows 12:25 VARIANT and 12:28 VERBATIM in kind): Heaven's eyes and men's (the Sifrei 79:5); the ladder of learning (79:1 — Avot 2:1); the blood's reward by a
  place_name.the_border_enlarged_and_the_altar({ask:the_limb_from_the_living}) ("the limb from the living (12:23) — the source divided between 12:23 and Genesis 9:4 (Chullin 102b:11-12); a whole live creature any amount (102b:1); the lashes' count (102b:13, 103a:1); the stacking rule (103a:4-17); among the seven (Sanhedrin 74b:9): the on
  place_name.the_border_enlarged_and_the_altar({ask:the_rite_of_slaughter}) ("the rite of slaughter (12:21) — the gullet and the windpipe, the majority of one sign for a bird and of two for an animal (Mishnah Chullin 2:1; Chullin 28a:5): the_rite_of_slaughter a PARAMETER read as data; the bird's slaughter by Torah law or by the scribe
  place_name.the_border_enlarged_and_the_altar({ask:the_sin_offerings_verb}) ("the sin offering's verb (12:27) — 'shall be poured' the one placement that atones (Zevachim 36b:20-37a:7; Sanhedrin 4a:7 — R. Yishmael / R. Akiva; PS.noahide('shed_homograph') by CALL); no blood no flesh (104a:4); the bones and the sinews (86a:1-4 — Mishnah 
  place_name.the_border_enlarged_and_the_altar({ask:the_wilderness_flesh}) ("the wilderness flesh (12:20-21) — R. Yishmael: forbidden in the wilderness, released at the entry, the distance its ground (Chullin 16b:14-17); R. Akiva: never forbidden, the stabbed flesh permitted, the rite required at the entry (17a:2-4); the exile's thir
  place_name.the_border_enlarged_and_the_altar({ask:too_far})    ("too far (12:21) — 'when the place is too far from you': any inability — one stride outside the wall (Makkot 19b:9-13; 14:24's 'unable to carry it' is eating); the distance the release's ground (Chullin 16b:17): the one one stride outside the wall accepted — 
  place_name.the_border_enlarged_and_the_altar({ask:when_the_lord_enlarges_your_border}) ("when the LORD enlarges your border (12:20) — 'as He has spoken to you' a RUN_CITATION pointer to Exodus 34:24 (ER.repeats by CALL) with two teachers on the callee (the Sifrei 75:2): the readback row VARIANT; 'let me eat flesh' the release's occasion (75:1): 
  place_name.the_border_enlarged_and_the_altar({ask:your_holy_things}) ("your holy things (12:26) — the substitutes ('only your holy things'), the offspring ('which you have'), their treatment ('you shall take up' — 12:27) parsed at Temurah 17b:15-17 (Mishnah Temurah 3:5); from abroad (the Sifrei 77:1); gifts_granted on the tape 
==== cold_run_mamre.bethel sig ('q',) (3972 chars) asks-in-source ['charity_cap_verse', 'first_narrated_dream', 'first_oil', 'hidden_fourteen', 'kingdoms_on_the_ladder', 'luz_bethel', 'promise_clauses', 'return_closed_at', 'stones_into_one', 'sun_set_early', 'tithe_by_call', 'tithe_phrase_seats', 'vow_commitments', 'vow_conditions', 'with_you_closed_at']
def bethel(q):
        if q == 'sun_set_early': return cell('two_hours', M, "Bereshit Rabbah 68:10 — the rabbis: 'the sun had set' (28:11) — the Holy One made the sun's globe set before its time to speak with Jacob in privat

  mamre.bethel('charity_cap_verse')                              {'v': 'Gen 28:22', 'p': 'MOVE', 'why': "Ketubot 50a:3 — Rav Nachman (or Rav Acha bar Yaakov): what is the verse? 'and all that You give me I will surely tithe to You' — the doubled verb, two tenths: the charity cap's verse (the Genesis campaign's KINDNESS bloc
  mamre.bethel('first_narrated_dream')                           {'v': 'Gen 28:12', 'p': 'INK', 'why': "'and he dreamed' (28:12) — the Torah's first narrated dream-act (the frozen unit's read); 31:10 the second, told", 'fx': ['ladder_dreamed']}
  mamre.bethel('first_oil')                                      {'v': 'Gen 28:18', 'p': 'INK', 'why': "'and poured oil on its top' (28:18) — the Torah's first oil poured; the anointing verb of 31:13 a homograph of the holy oil's law (FALSE at the census)", 'fx': ['pillar_anointed']}
  mamre.bethel('hidden_fourteen')                                {'v': 14, 'p': 'MOVE', 'why': 'Bereshit Rabbah 68:11 — R. Yehuda: here he lay down, but all fourteen years hidden in the house of Eber he did not lie down; Megillah 17a:5-6 the fourteen (the row hidden_years; the marker of the tape)', 'fx': ['stone_pillow']}
  mamre.bethel('kingdoms_on_the_ladder')                         {'v': 4, 'p': 'MOVE', 'why': "Bereshit Rabbah 68:12 — the angels ascending and descending: the kingdoms — Babylon, Media, Greece, Edom (the frozen unit's read: the sequence off the ladder)", 'fx': ['ladder_dreamed']}
  mamre.bethel('luz_bethel')                                     {'v': ('bethel', 'luz'), 'p': 'INK', 'why': "'and he called the name of that place Bethel, but Luz was the name of the city at first' (28:19) — the naming with the former name", 'fx': ['name_given']}
  mamre.bethel('promise_clauses')                                {'v': ('land', 'dust', 'four_directions', 'families_blessed', 'with_you', 'keep_you', 'bring_you_back', 'not_leave'), 'p': 'INK', 'why': '28:13-15 — eight clauses; five HEAVEN entries carry them: land_promised, seed_as_dust, blessing_promised (reused) and with
  mamre.bethel('return_closed_at')                               {'v': 'Gen 35:6', 'p': 'INK', 'why': "'and I will bring you back to this ground' (28:15) — OPEN on the tape until S4's 35:6 'and Jacob came to Luz, that is Bethel'", 'fx': ['return_promised']}
  mamre.bethel('stones_into_one')                                {'v': 'gathered_into_one', 'p': 'MOVE', 'why': "Chullin 91b:8 — 'of the stones of the place' (28:11) and 'the stone' (28:18): R. Yitzchak — all those stones gathered to one place, each saying: on me let this righteous one rest his head; a baraita: all were swa
  mamre.bethel('sun_set_early')                                  {'v': 'two_hours', 'p': 'MOVE', 'why': "Bereshit Rabbah 68:10 — the rabbis: 'the sun had set' (28:11) — the Holy One made the sun's globe set before its time to speak with Jacob in private; the borrowed hours repaid at 32:32 (the frozen unit's read)", 'fx': ['
  mamre.bethel('tithe_by_call')                                  {'v': 'holy_to_the_LORD', 'p': 'IMPORT', 'why': "CALLED cold_run_temurah.tithe('land_tithe_status') -> the tithe's own status (Lev 27:30) [IMPORT, live]: 'I will surely tithe to You' (28:22), as 14:20's at S2", 'fx': ['tithe_vowed']}
  mamre.bethel('tithe_phrase_seats')                             {'v': 1, 'p': 'INK', 'why': "'I will surely tithe' (עשר אעשרנו) at Gen 28:22 alone in the Tanakh (measured at the registry)", 'fx': ['tithe_vowed']}
  mamre.bethel('vow_commitments')                                {'v': 3, 'p': 'INK', 'why': "'then the LORD shall be my God; and this stone shall be the house of God; and all that You give me I will surely tithe' (28:21-22) — three commitments; OPEN until S4's 35:7 and 35:14", 'fx': ['vow_of_bethel', 'tithe_vowed']}
  mamre.bethel('vow_conditions')                                 {'v': 4, 'p': 'INK', 'why': "'if God will be with me, and keep me on this way, and give me bread to eat and a garment to wear, and I return in peace to my father's house' (28:20-21) — four conditions", 'fx': ['vow_of_bethel']}
  mamre.bethel('with_you_closed_at')                             {'v': 'Gen 31:5', 'p': 'INK', 'why': "'and behold, I am with you' (28:15) closed by Jacob's own 'but the God of my father has been with me' (31:5) — the ink's fulfillment statement; the sequence runner CH9", 'fx': ['with_you_promised']}
==== cold_run_seducers.the_header sig ('case', 'data') (8892 chars) asks-in-source ['keep_and_do', 'the_elders_not_adding', 'the_festivals_days', 'the_headers_seal', 'the_three_grains']
def the_header(case, data):
        """F1 — Deut 13:1 — THE HEADER'S SEAL IS A SECOND ENTRY (4:2's twin, the singular; THE LINE word_sealed REUSING adding_barred — 8b's and 10b's lesson); THE THREE GRAINS the shelf reads the

  seducers.the_header({ask:keep_and_do})                         ("keep and do (13:1) — 'keep' the prohibition, 'do' the command (R. Eliezer son of Jacob, the Sifrei 82:2; 85:3 at 13:5): the one who keeps the prohibitions and neglects the commands accepted against the pair", ['accepted'])
  seducers.the_header({ask:the_elders_not_adding})               ("the elder's not-adding (13:1) — five compartments made as one spoil the tefillin, a fifth beside stands alone (Sanhedrin 88b:14-89a:2 carried; Mishnah Sanhedrin 11:3; OH.the_exhortation('add_beside') by CALL): the elder who rules five compartments accepted a
  seducers.the_header({ask:the_festivals_days})                  ("the festival's days (13:1) — the rest of the festival offerings on another day: no added day (Reish Lakish) / an added day (R. Yochanan) — Chagigah 8b:11, 4:2's time arm by CALL: the one who completes on another day accepted (a recorded arm)", ['accepted'])
  seducers.the_header({ask:the_headers_seal})                    ("the header's seal (13:1) — 'you shall not add to it nor take from it' = 4:2's law in the singular (the only two seats; seven tokens in order; OH.the_exhortation by CALL): THE LINE word_sealed REUSING adding_barred — a second entry on Israel at the chapter's 
  seducers.the_header({ask:the_three_grains})                    ("the three grains (13:1) — the word's (the priests' blessing, 82:5; Rosh Hashanah 28b), the count's (the four species (1, 1, 3, 2) from the verse's own numbers — Sukkah 34b:3-4; the strings' minimum — Menachot 41b-42a), the rite's (the mixed bloods — Mishnah 
==== SH.classify in the sanctions engine's dict form (the four exceptions, a pure beast, a fish, a bird by name):
  SH.classify({'clazz': 'land', 'hoof': True, 'cud': True})      ('pure', 'INK', 'Lev 11:3 — split hoof AND cud; the conjunction enforced by the four counter-stated exceptions (11:4-7)')
  SH.classify({'clazz': 'land', 'hoof': False, 'cud': True, 'name': 'camel'}) ('impure', 'INK', 'one sign or none — the pincer of the exceptions bars the one-sign escape')
  SH.classify({'clazz': 'land', 'hoof': False, 'cud': True, 'name': 'hare'}) ('impure', 'INK', 'one sign or none — the pincer of the exceptions bars the one-sign escape')
  SH.classify({'clazz': 'land', 'hoof': False, 'cud': True, 'name': 'coney'}) ('impure', 'INK', 'one sign or none — the pincer of the exceptions bars the one-sign escape')
  SH.classify({'clazz': 'land', 'hoof': True, 'cud': False, 'name': 'swine'}) ('impure', 'INK', 'one sign or none — the pincer of the exceptions bars the one-sign escape')
  SH.classify({'clazz': 'water', 'fins': True, 'scales': True})  ('impure', 'INK', 'Lev 11:10-12')
  SH.classify({'clazz': 'water', 'fins': False, 'scales': True}) ('impure', 'INK', 'Lev 11:10-12')
  SH.classify({'clazz': 'water', 'fins': True, 'scales': False}) ('impure', 'INK', 'Lev 11:10-12')
  SH.classify({'clazz': 'bird', 'name': 'eagle'})                ('unresolved_check_tradition', 'SAGES', 'outside both paradigm sets — the recorded practice defers to received kinds')
  SH.classify({'clazz': 'bird', 'name': 'dove'})                 ('unresolved_check_tradition', 'SAGES', 'outside both paradigm sets — the recorded practice defers to received kinds')
  SH.classify({'clazz': 'bird', 'name': 'raven'})                ('unresolved_check_tradition', 'SAGES', 'outside both paradigm sets — the recorded practice defers to received kinds')
  SH.classify({'clazz': 'bird', 'name': 'hoopoe'})               ('unresolved_check_tradition', 'SAGES', 'outside both paradigm sets — the recorded practice defers to received kinds')
  SH.classify({'clazz': 'bird', 'name': 'bat'})                  ('unresolved_check_tradition', 'SAGES', 'outside both paradigm sets — the recorded practice defers to received kinds')
  SH.classify({'clazz': 'swarm', 'name': 'locust', 'legs_above_feet': True}) 'RAISED ValueError: swarm'
==== the runners' cells and DATA keys:
shemini cells                                                    ['classify', 'law_shemini', 'scene', 'strip', 'toks', 'touch_effect']
shemini DATA keys                                                []
sanctions cells                                                  ['adultery', 'anytok', 'beast', 'blood', 'burned_nine', 'burning_scope', 'carcass', 'cell', 'census', 'covering', 'cowives', 'curser', 'double_count', 'frame', 'from_paternal_brother', 'fx_of', 'grade', 'has', 'law_sanctions', 'levirate', 'load', 'locate20', 'mode', 'molech', 'mrow', 'names', 'nverses', 'outside', 'ov', 'phrase', 'platform', 'read_sanction', 'sanction', 'scene', 'seats', 'severity', 'strip', 'three_are_one', 'toks', 'unions_misc']
sanctions DATA keys                                              []
calendar cells                                                   ['dat', 'first_fruits', 'fn', 'ink', 'kid_in_milk', 'law_calendar', 'matzah', 'move', 'offering_windows', 'out', 'pilgrimage', 'sabbatical', 'scene', 'strip', 'verse_text', 'weekly_rest']
calendar DATA keys                                               []
erection cells                                                   ['E', 'align', 'anytok', 'ascent', 'bag', 'blood_covenant', 'build', 'calf', 'cell', 'cloud', 'command', 'covenant', 'craftsmen', 'delta', 'donation', 'execution', 'first_in', 'fmt', 'fmt2', 'has', 'initiations', 'jac', 'law_erection', 'load', 'mrow', 'nations', 'norm', 'phrase', 'presence', 'raw', 'repeats', 'scene', 'scene_counts_w6', 'scene_counts_w7', 'seats', 'shares', 'strip', 'tablets', 'tanakh', 'tanakh_any', 'tanakh_phrase', 'toks', 'torah', 'torah_phrase']
erection DATA keys                                               []
ordinances cells                                                 ['altar', 'anytok', 'capital', 'cell', 'courts', 'firstling', 'gifts', 'has', 'land', 'law_ordinances', 'load', 'loan', 'mrow', 'scene', 'seats', 'stranger', 'strip', 'tanakh', 'tanakh_phrase', 'toks', 'torn']
ordinances DATA keys                                             []
priesthood cells                                                 ['acceptable', 'anytok', 'blemish', 'cell', 'family', 'has', 'holy_food', 'lamp_table', 'law_priesthood', 'load', 'mrow', 'phrase', 'scene', 'seats', 'strip', 'tanakh', 'toks']
priesthood DATA keys                                             []
holiness cells                                                   ['anytok', 'cell', 'classify', 'conduct', 'deposit', 'deposit_case', 'frame', 'gifts', 'has', 'law_holiness', 'load', 'mrow', 'phrase', 'robbery', 'scene', 'seats', 'shelamim', 'strip', 'theft', 'toks', 'tzv', 'wage', 'warning']
holiness DATA keys                                               []
holiness_b cells                                                 ['anytok', 'body', 'cell', 'convert_measures', 'daughter_sanctuary', 'has', 'law_holiness_b', 'load', 'maidservant', 'mixtures', 'mrow', 'orlah', 'phrase', 'scene', 'seats', 'strip', 'tanakh', 'toks', 'tzv']
holiness_b DATA keys                                             []
moadim cells                                                     ['cell', 'count', 'law_moadim', 'mishnah', 'omer', 'passover', 'rosh_hashanah', 'sabbath_vs_festival', 'scene', 'shavuot_animals', 'strip', 'sukkot', 'toks', 'two_loaves', 'work_class', 'yom_kippur']
moadim DATA keys                                                 []
temurah cells                                                    ['cell', 'consecrate', 'count', 'devote', 'fifth_census', 'firstborn_trick', 'law_temurah', 'load', 'redeem', 'scene', 'strip', 'substitute', 'tithe', 'toks']
temurah DATA keys                                                []
korach cells                                                     ['N', 'clause', 'dat', 'ink', 'law_korach', 'move', 'narrative', 'out', 'plague_and_staffs', 'rebellion', 'scene', 'seats_of', 'seats_of_stem', 'strip', 'the_gifts', 'the_tithe', 'the_watch', 'verse_text']
korach DATA keys                                                 ['korach_death_mode', 'korach_share', 'earth_mouth', 'sons_of_korach', 'dispute_not_for_heaven', 'maintaining_a_dispute', 'wives', 'incense_stays_plague', 'staff_hidden_with', 'levite_at_another_work', 'zar_who_served', 'genealogy_chamber', 'the_twenty_four', 'betrothed_eats', 'terumah_measure', 'devotion_default', 'redemption_means', 'one_spilling', 'exclusion_table', 'tithe_recipient', 'tithe_thresholds', 'one_in_a_hundred', 'levite_wage_condition', 'every_place', 'firstborn_threshold', 'redeeming_lamb', 'lamb_responsibility', 'donkey_timing', 'raise_before_giving', 'firstborn_eaters', 'watch_places', 'lots', 'three_crowns', 'most_holy_portion_use', 'doubtful_terumah_watch', 'devotion_by_priests']
yovel cells                                                      ['arrival_unredeemed', 'cell', 'count', 'cycle', 'field_kind_by_father', 'field_sale', 'field_valuation', 'gentile_slave', 'going_out', 'hebrew_slave', 'house_sale', 'interest', 'interest_scope', 'jubilee', 'law_yovel', 'mishnah', 'overreaching', 'owner_price', 'rigor_visibility', 'sabbatical', 'sale_manner', 'scene', 'scene_counts_fork', 'strip', 'support_duty', 'tithe_naming', 'toks', 'valuation']
yovel DATA keys                                                  []
seven_nations cells                                              ['DIFF', 'LEMT', 'LEMV', 'LEN', 'MARKS', 'N', 'NF', 'P', 'PT', 'SHARED', 'S_', 'U', 'W7', 'because_you_hear', 'dat', 'do_not_fear', 'hits', 'hyp', 'ink', 'law_seven_nations', 'lemma_of', 'morphs', 'move', 'narrative', 'out', 'phrase', 'plain', 'pointed', 'rb', 'scene', 'the_faithful_god', 'the_holy_people', 'the_images_and_the_devoted', 'the_seven_nations', 'verse_text', 'wm', 'words']
seven_nations DATA keys                                          ['the_readback', 'the_devotings', 'the_three_readings_of_favor', 'the_shittim_exhibit', 'the_renaming', 'the_fewest', 'the_supplied_doctrine', 'the_written_read_pair', 'the_heel', 'the_blessing_list', 'the_name_from_under_heaven', 'the_two_lemmas', 'the_abomination_seats', 'the_morph_tag', 'the_eleven_uncited', 'the_credits', 'the_calfs_agency', 'the_bans_condition', 'the_pitys_row']
second_tablets cells                                             ['D10', 'DATE', 'DAY', 'DIFF', 'FOUND', 'LEMT', 'LEMV', 'LEN', 'MARKS', 'N', 'NF', 'P', 'PT', 'SEAT', 'SHARED', 'SHN', 'S_', 'U', 'W10', 'dat', 'effect_scan', 'hits', 'hyp', 'ink', 'law_second_tablets', 'ledger_scan', 'lemma_of', 'morphs', 'move', 'narrative', 'out', 'phrase', 'plain', 'pointed', 'rb', 'scene', 'the_god_of_gods_and_the_stranger', 'the_levites_separated', 'the_stations_and_the_death', 'the_tablets_and_the_ark', 'the_third_forty_and_the_go', 'verse_text', 'what_the_lord_asks', 'wm', 'words']
second_tablets DATA keys                                         ['the_readback', 'the_clock_read_back', 'the_two_arks', 'the_arks_contents_two_arms', 'the_stations_reversed', 'the_place_of_the_death', 'the_three_receipt_forms', 'at_that_time_twice', 'the_shemas_tokens_against_the_five', 'and_you_shall_love_five', 'you_were_strangers_four', 'ten_twenty_against_six_thirteen', 'the_heaven_of_heavens_six', 'the_parsers_first', 'no_memra', 'the_seventys_three_forms', 'kings_reads_the_ark', 'the_charge_to_joshua', 'ark_of_the_covenant_vs_testimony', 'the_grammar_guard', 'the_inclinations_name', 'the_burial_among_the_attributes', 'the_positive_form', 'the_converts_intake', 'the_editors_variant', 'the_face_thrice_reconciled', 'the_six_judges', 'the_uncited_verses', 'the_credits']
place_name cells                                                 ['D12', 'DATE', 'DAY', 'DIFF', 'FOUND', 'LEMT', 'LEMV', 'LEN', 'MARKS', 'N', 'NF', 'P', 'PT', 'SEAT', 'SH', 'SHARED', 'SHN', 'S_', 'U', 'W12', 'dat', 'effect_scan', 'hits', 'hyp', 'ink', 'law_place_name', 'ledger_scan', 'lemma_of', 'morphs', 'move', 'narrative', 'out', 'phrase', 'plain', 'pointed', 'rb', 'scene', 'the_border_enlarged_and_the_altar', 'the_burnt_offerings_only_there', 'the_header_and_the_demolition', 'the_nations_cut_off_and_the_abomination', 'the_place_chosen', 'the_profane_slaughter_the_blood_and_the_gates', 'the_readback', 'verse_text', 'wm', 'words']
place_name DATA keys                                             ['the_readback', 'the_counter_and_the_parameters', 'the_rite_of_slaughter', 'the_wilderness_flesh', 'the_eras_table_unmoved', 'the_two_tithes', 'the_five_verbs', 'the_receipts_two_kinds', 'the_registrys_homograph', 'the_headers_twin', 'the_four_nouns_and_the_land_bound_rule', 'perish_in_the_piel', 'the_kings_formula', 'the_renaming', 'the_pair_12_4_12_31', 'will_choose_none_before', 'the_two_forms_of_the_name', 'his_dwelling_one_seat_and_the_two_seekings', 'judges_refrain', 'the_stations_durations', 'the_rest_a_state', 'the_three_commandments_of_the_entry', 'the_seven_offerings_three_lists', 'the_household_5_14', 'the_gazelles_homograph', 'like_water_four_ways', 'the_ladder', 'the_levites_verse_alone', 'the_pointers_two_teachers', 'the_limb_from_the_living_line', 'flesh_in_milk', 'the_sin_offerings_verb', 'the_good_and_the_right', 'the_snares_root', 'no_molech_named', 'the_db_13_1', 'the_registers_switch', 'the_parsers_one_and_the_starred_tithe', 'moses_unnamed', 'the_womans_rejoicing', 'the_blood_classes', 'the_blemished_consecrated', 'the_impure_tithes_warning', 'the_install_hypothesis', 'the_uncited_verses', 'the_credits']
primeval cells                                                   ['ark', 'babel', 'breach', 'build', 'cain', 'call', 'cell', 'egypt', 'exit', 'flood', 'garden', 'hagar', 'law_primeval', 'lines', 'mishnah', 'nations', 'pieces', 'prologue', 'remembering', 'scene', 'sentences', 'separation', 'shem_line', 'strip', 'toks', 'vineyard', 'war']
primeval DATA keys                                               []
mamre cells                                                      ['E_', 'abraham_end', 'bethel', 'blessing', 'build', 'cell', 'flight', 'gerar', 'grudge', 'heap', 'isaac_gerar', 'law_mamre', 'mamre', 'mishnah', 'moriah', 'scene', 'sodom', 'speckled', 'strip', 'toks', 'twelve_names', 'twins', 'wage', 'well_stone', 'wells']
mamre DATA keys                                                  []
seducers cells                                                   ['D13', 'DATE', 'DAY', 'DIFF', 'FOUND', 'LEMT', 'LEMV', 'LEN', 'MARKS', 'N', 'NF', 'P', 'PT', 'SEAT', 'SH', 'SHARED', 'SHN', 'S_', 'U', 'V', 'W13', 'dat', 'effect_scan', 'hits', 'hyp', 'ink', 'law_seducers', 'ledger_scan', 'lemma_of', 'morphs', 'move', 'narrative', 'out', 'phrase', 'plain', 'pointed', 'rb', 'scene', 'the_city_heard_of_the_inquiry_and_the_sword', 'the_footer', 'the_header', 'the_inciter', 'the_prophet_and_the_test', 'the_readback', 'the_whole_offering_the_heap_and_the_mercy', 'verse_text', 'wm', 'words']
seducers DATA keys                                               ['the_readback', 'the_counter_and_the_parameters', 'the_signs_status', 'the_prophets_death', 'the_execution_timing', 'the_inquiries', 'the_three_grains', 'the_six_verbs', 'the_false_prophets_table', 'the_sign_and_the_presumption', 'the_purge_formulas_seats', 'the_inciters_kin', 'the_entrapment', 'the_fifteen_utterances', 'the_five_prohibitions', 'the_courts_rule_inverted', 'the_hand_first', 'the_two_verbs_of_stoning', 'the_seducers_formula', 'the_seducers_parameters', 'the_majoritys_procedure', 'the_seven_inquiries', 'the_congruence_rule', 'the_property_table', 'the_sword', 'the_heavens_spoil', 'the_heap_forever', 'the_benefit_ban', 'the_anger_keyed', 'the_mercy_two_armed', 'the_footer', 'the_parsers_one', 'the_ketiv_at_13_16', 'the_registrys_homographs', 'the_capital_courts_end', 'the_law_as_a_study_text', 'moses_unnamed', 'the_register_seats', 'the_scans']
==== PV (primeval) — the cells naming the tithe, the clean beasts or the altar:
==== cold_run_primeval.ark sig ('q',) (4774 chars) asks-in-source ['clean_by_call', 'corrupt_five', 'covenant_by_call', 'covenant_seats', 'decks', 'forty_arms', 'intercourse_order', 'receipt', 'robbery_seals', 'seven_days_arms', 'spec_numbers', 'three_smitten']
def ark(q):
        if q == 'corrupt_five': return cell('mated_across_kinds', M, "Sanhedrin 108a:11 — 'for all flesh had corrupted its way on the earth' (6:12): R. 

  primeval.ark('clean_by_call')                                  {'v': 'pure', 'p': 'IMPORT', 'why': "CALLED cold_run_shemini.classify(land, split hoof, cud) -> 'pure' [IMPORT, live]: 'of every CLEAN beast take seven and seven' (7:2), 'of every clean beast and of every clean fowl' (8:20) — the Shemini engine's institution n
  primeval.ark('corrupt_five')                                   {'v': 'mated_across_kinds', 'p': 'MOVE', 'why': "Sanhedrin 108a:11 — 'for all flesh had corrupted its way on the earth' (6:12): R. Yochanan — it teaches that they mated beast with wild beast and wild beast with beast, and all with man, and man with all; the co
  primeval.ark('covenant_by_call')                               {'v': 'you_and_your_seed_after_you', 'p': 'IMPORT', 'why': "CALLED cold_run_pre_sinai.covenant('covenant_heads') -> 9:9's addressees 'with you and with your seed after you' [IMPORT, live]: 'and I will establish My COVENANT with you' (6:18) is the covenant word
  primeval.ark('covenant_seats')                                 {'v': [(6, 18), (9, 9), (9, 11), (9, 13), (9, 15), (9, 16), (14, 13), (15, 18)], 'p': 'INK', 'why': "the bare noun 'covenant' in the stretch: [(6, 18), (9, 9), (9, 11), (9, 13), (9, 15), (9, 16), (14, 13), (15, 18)] — 6:18 the promise (this runner), 9:9-16 the
  primeval.ark('decks')                                          {'v': ('dung', 'beasts', 'man'), 'p': 'MOVE', 'why': "Sanhedrin 108b:11 — 'lower, second and third decks' (6:16): a tanna taught — the lowest for the dung, the middle for the beasts, the top for man; 108b:9 the light: R. Yochanan — set in it precious stones an
  primeval.ark('forty_arms')                                     {'v': ('the_torah_in_forty', 'the_embryos_forty'), 'p': 'MOVE', 'why': "Bereshit Rabbah 32:5 — 'forty days and forty nights' (7:4): R. Shimon ben Yochai — they transgressed the Torah given in forty days, therefore forty; R. Yochanan ben Zakkai — they corrupted
  primeval.ark('intercourse_order')                              {'v': ('barred_at_6_18', 'permitted_at_8_16'), 'p': 'MOVE', 'why': "Sanhedrin 108b:14 — 'you and your sons, and your wife and your sons' wives' (6:18) against 'you and your wife, and your sons and your sons' wives' (8:16): R. Yochanan — from here they said the
  primeval.ark('receipt')                                        {'v': 'thus_did_noah', 'p': 'INK', 'why': "'and Noah did according to all that God commanded him, so he did' (6:22) — the receipt that closes the ark's debit; the refrain at 7:5, 7:9, 7:16 (the census's INTERNAL pointers)", 'fx': ['ark_built']}
  primeval.ark('robbery_seals')                                  {'v': 'robbery', 'p': 'MOVE', 'why': "Sanhedrin 108a:12 — 'the end of all flesh has come before Me, for the earth is filled with VIOLENCE' (6:13): R. Yochanan — come and see how great the power of robbery is: the generation of the flood transgressed everything
  primeval.ark('seven_days_arms')                                {'v': ('methuselahs_mourning', 'the_sun_reversed', 'a_taste_of_the_world_to_come'), 'p': 'MOVE', 'why': "Sanhedrin 108b:4-5 — 'and it was after the SEVEN days' (7:10): what were the seven days? Rav — the days of mourning for Methuselah (the eulogy of the right
  primeval.ark('spec_numbers')                                   {'v': (300, 50, 30), 'p': 'INK', 'why': "'three hundred cubits the length of the ark, fifty cubits its breadth, thirty cubits its height' (6:15) — the numbers parsed; 'lower, second and third decks' (6:16)", 'fx': ['ark_spec']}
  primeval.ark('three_smitten')                                  {'v': ('the_dog', 'the_raven', 'ham'), 'p': 'MOVE', 'why': "Sanhedrin 108b:15 — three cohabited in the ark and all were smitten: the dog, the raven, and Ham — the dog is tied, the raven spits, Ham was smitten in his skin (the value on Ham's row; the ink narrat
==== cold_run_primeval.build sig ('q',) (3788 chars) asks-in-source ['headline_generations', 'headline_ledger', 'headline_promises', 'headline_retrograde', 'headline_two_layers', 'world']
def build(q):
        if q == 'world':
            return cell(SCENE, I, "THE SCENE on the world engine — the two hundred and nine effect slots of the declaration in or

  primeval.build('headline_generations')                         {'v': 'the_three_generations_of_sanhedrin_10_3_are_three_heaven_entries', 'p': 'ANSWER-SHEET', 'why': "THE HEADLINE (2): Mishnah Sanhedrin 10:3's three rows of this stretch — the flood generation, the dispersion generation, the men of Sodom — are three entries
  primeval.build('headline_ledger')                              {'v': 'the_ledgers_deaths_ride_the_proleptic_markers', 'p': 'INK', 'why': "THE HEADLINE (4): of the eleven 'and he died' of the stretch, ten are closing totals — proleptic markers on the tape, no event — and one, Haran's, is narrated in sequence and consumed a
  primeval.build('headline_promises')                            {'v': 'the_promises_of_the_land_close_on_the_inks_own_perfect', 'p': 'MOVE', 'why': "THE HEADLINE (1): the land is promised at 12:7, 13:15 and 15:7 — three HEAVEN entries — and the covenant's own clause closes them: 'to your seed I HAVE GIVEN this land' (15:18
  primeval.build('headline_retrograde')                          {'v': 'the_reprieve_is_a_retrograde_dated_timer', 'p': 'MOVE', 'why': "THE HEADLINE (3): 6:3's hundred and twenty years are a TIMER whose speaking the tape dates BEFORE the counter (the flood minus a hundred and twenty = Noah's 480, before 5:32's five hundred 
  primeval.build('headline_two_layers')                          {'v': 'seven_kinds_under_two_law_layers', 'p': 'MOVE', 'why': "THE HEADLINE (5): named, married, journeyed, lord_descended, died, believed, fled — one type each at Genesis and at Exodus or Gen 23-24: the older daemons gained the seat check their span implies (
  primeval.build('world')                                        {'v': (1, 1, 1, 1, 1, 2, 1, 1, 1, 1, 1, 1, 1, 1, 1, 1, 1, 1, 1, 1, 1, 1, 1, 1, 1, 1, 1, 1, 1, 1, 1, 1, 1, 1, 1, 1, 1, 1, 1, 1, 1, 1, 1, 1, 1, 2, 2, 1, 1, 1, 1, 1, 1, 1, 1, 1, 1, 1, 1, 1, 1, 1, 1, 1, 1, 1, 1, 1, 1, 1, 1, 1, 1, 1, 1, 1, 1, 1, 1, 1, 1, 1, 1, 1, 1
==== cold_run_primeval.cain sig ('q',) (6257 chars) asks-in-source ['abel_days', 'bloods_seats', 'bloods_sheet', 'city_seat', 'earth_mouth', 'exile_half', 'fat_by_call', 'first_if', 'firstling_by_call', 'greater_than_father', 'lamech_wives', 'mark_arms', 'minchah_by_call', 'rebellion_three', 'refuse', 'regard_seats', 'sevenfold_seats', 'two_wives', 'wounds']
def cain(q):
        if q == 'minchah_by_call': return cell(MI.odor_classes()['v'], P, "CALLED cold_run_minchah.odor_classes() -> the three classes of 'a fire-offer

  primeval.cain('abel_days')                                     {'v': 50, 'p': 'DATA', 'why': "the row abel_days_bound — Bereshit Rabbah 22:4: 'at the end of days' (4:3): R. Eliezer (the world created in Tishrei — from the festival to Chanukah) and R. Yehoshua (in Nisan — from Passover to Shavuot); by both, Abel was not in
  primeval.cain('bloods_seats')                                  {'v': [(4, 10), (4, 11)], 'p': 'INK', 'why': "'your brother's bloods' (דמי אחיך) at 4:10 and 4:11 alone in the Tanakh (measured) — the plural at both seats", 'fx': ['bloods_cry']}
  primeval.cain('bloods_sheet')                                  {'v': 'his_blood_and_the_blood_of_his_descendants', 'p': 'ANSWER-SHEET', 'why': "Mishnah Sanhedrin 4:5 — 'the voice of your brother's BLOODS cries' (4:10): it does not say 'blood' but 'bloods' — his blood and the blood of his descendants; another reading: his 
  primeval.cain('city_seat')                                     {'v': 1, 'p': 'INK', 'why': "'and he was building a city, and called the city's name after his son's name, Enoch' (4:17) — the corpus's first human build (the frozen unit's export); Bereshit Rabbah 23:1 (they called lands by their names)", 'fx': ['city_built']
  primeval.cain('earth_mouth')                                   {'v': 'opened_once_for_abel', 'p': 'MOVE', 'why': "Sanhedrin 37b:11 — from the day the earth opened its mouth and received Abel's blood it never opened again (Isa 24:16 'from the wing of the earth' — not from its mouth); Korach's (Num 16:32) — for evil it open
  primeval.cain('exile_half')                                    {'v': ('fugitive_and_wanderer', 'dwelt_in_nod'), 'p': 'MOVE', 'why': "Sanhedrin 37b:12 — Rav Yehuda son of R. Chiya: EXILE atones half — at first 'a fugitive and a wanderer' (4:14), at the end 'he dwelt in the land of Nod' (4:16); the pair at 4:12 and 4:14 alo
  primeval.cain('fat_by_call')                                   {'v': ['parts', 'pointer_4_10'], 'p': 'IMPORT', 'why': "CALLED cold_run_offerings.fat_inventory('lamb') -> the lamb's fat parts [IMPORT, live]: 'and of their FAT' (4:4) — the pointer names the species (the flock's firstlings): the offering engine's fat invento
  primeval.cain('first_if')                                      {'v': 'rule_over_it', 'p': 'MOVE', 'why': "Kiddushin 30b:5 — 'sin couches at the door ... and to you is its desire, but you shall RULE over it' (4:7): if you wish, you rule over it — the corpus's first IF (the frozen unit's export), the inclination's desire fr
  primeval.cain('firstling_by_call')                             {'v': 'cannot_be_sanctified_to_the_altar', 'p': 'IMPORT', 'why': "CALLED cold_run_temurah.consecrate('firstborn') -> the firstling's own status, Lev 27:26 'no man shall sanctify it, it IS the LORD's' [IMPORT, live]: 'Abel brought of the FIRSTLINGS of his flock
  primeval.cain('greater_than_father')                           {'v': 'a_light_command_vs_bloodshed', 'p': 'MOVE', 'why': "Bereshit Rabbah 22:11 — 'my iniquity is greater than can be borne' (4:13): greater than my father's — father transgressed a light command and was banished from the garden; this one, bloodshed, all the 
  primeval.cain('lamech_wives')                                  {'v': 'refused_tomorrow_the_flood', 'p': 'MOVE', 'why': "Bereshit Rabbah 23:4 — 'Adah and Zillah, hear my voice' (4:23): R. Yose bar Chanina — he demanded marital relations; they said: tomorrow the flood comes, shall we bear for a curse? 'for I have killed a m
  primeval.cain('mark_arms')                                     {'v': ('a_dog', 'a_horn', 'leprosy'), 'p': 'MOVE', 'why': "Bereshit Rabbah 22:12 — 'and the LORD set a mark for Cain' (4:15): a dog He gave him; a horn He grew on him; leprosy — the arms; R. Yehuda: the beasts gathered to claim Abel's blood — 'therefore whoeve
  primeval.cain('minchah_by_call')                               {'v': 3, 'p': 'IMPORT', 'why': "CALLED cold_run_minchah.odor_classes() -> the three classes of 'a fire-offering of pleasing odor' in Lev 1-2 [IMPORT, live]: 'Cain brought of the fruit of the ground a MINCHAH to the LORD' (4:3) names the meal-offering engine's 
  primeval.cain('rebellion_three')                               {'v': 3, 'p': 'MOVE', 'why': "Bereshit Rabbah 23:7 — R. Simon: at three places the beginning verb is a language of REBELLION — 'then it was begun to call on the name' (4:26), 'when man began to multiply' (6:1), 'he began to be a mighty one' (10:8)", 'fx': ['id
  primeval.cain('refuse')                                        {'v': ('from_the_refuse', 'the_firstlings'), 'p': 'MOVE', 'why': "Bereshit Rabbah 22:5 — Cain's 'of the fruit of the ground': from the refuse (the bad tenant who eats the firstfruits and honors the owner with the last); Abel's 'of the firstlings of his flock a
  primeval.cain('regard_seats')                                  {'v': [(4, 4)], 'p': 'INK', 'why': "'and the LORD REGARDED Abel and his offering' (4:4) — the regard verb's only seat in the Torah (measured; Judg 3:31, 1 Sam 23:5, 2 Sam 8:6, Job 5:15, Prov 20:22 elsewhere); 4:5 'but to Cain and his offering He did not regard
  primeval.cain('sevenfold_seats')                               {'v': [(4, 15), (4, 24)], 'p': 'INK', 'why': "'sevenfold' (שבעתים) at 4:15 and 4:24 in Genesis (measured) — the LORD's handler and Lamech's quotation with the number changed: seventy and sevenfold (4:24)", 'fx': ['sevenfold_vengeance', 'seventy_sevenfold_claim
  primeval.cain('two_wives')                                     {'v': ('for_offspring', 'for_pleasure'), 'p': 'MOVE', 'why': "Bereshit Rabbah 23:2 — 'and Lamech took him two wives' (4:19): the generation of the flood did so — one for offspring, one for pleasure; the marriage formula's institution (the family engine by call
  primeval.cain('wounds')                                        {'v': 'wounds_upon_wounds', 'p': 'MOVE', 'why': 'Sanhedrin 37b:10 — Rav Yehuda son of R. Chiya: Cain made in Abel his brother wounds upon wounds, bruises upon bruises, for he did not know from where the soul goes out — until he reached his neck', 'fx': ['slain
==== cold_run_primeval.call sig ('q',) (3362 chars) asks-in-source ['called_seats', 'go_receipt', 'ladder', 'land_seats', 'new_creature', 'seventy_five', 'stations', 'three_altars', 'two_go_you']
def call(q):
        if q == 'go_receipt': return cell('as_the_lord_had_spoken', I, "'go you' (12:1) — the corpus's first object-withheld command (the frozen unit's

  primeval.call('called_seats')                                  {'v': [(12, 8), (26, 25)], 'p': 'INK', 'why': "'and he CALLED on the name of the LORD' (ויקרא בשם יהוה) at 12:8 and 26:25 in Genesis (measured; 13:4 'and Abram called there on the name' the second seat of the stretch; 4:26 the profanation's 'to call on the nam
  primeval.call('go_receipt')                                    {'v': 'as_the_lord_had_spoken', 'p': 'INK', 'why': "'go you' (12:1) — the corpus's first object-withheld command (the frozen unit's export); 'and Abram went AS THE LORD HAD SPOKEN to him' (12:4) — the receipt that closes the debit (the census's INTERNAL pointe
  primeval.call('ladder')                                        {'v': ('bless_you', 'make_your_name_great', 'be_a_blessing', 'bless_your_blessers', 'curse_your_curser', 'all_families_blessed_in_you'), 'p': 'INK', 'why': "the promise ladder of 12:2-3 — six clauses after the great nation; Bereshit Rabbah 39:12 (R. Yirmeya: t
  primeval.call('land_seats')                                    {'v': [(12, 7), (13, 15), (15, 7), (15, 18)], 'p': 'INK', 'why': "the land promised to Abram's seed at 12:7 ('I will give'), 13:15 ('to you and to your seed forever'), 15:7 ('to give you this land to inherit it') — three HEAVEN entries — and CLOSED at 15:18 by
  primeval.call('new_creature')                                  {'v': 'i_will_MAKE_you', 'p': 'MOVE', 'why': "Bereshit Rabbah 39:11 — 'and I will make you a great nation' (12:2): R. Berekhya — 'I will give you' or 'I will set you' is not written but 'I will MAKE you' — once I make you a new creature you are fruitful and mu
  primeval.call('seventy_five')                                  {'v': 75, 'p': 'INK', 'why': "'and Abram was a son of seventy-five years at his going out from Haran' (12:4) — the number parsed; the tape's age marker; Hagar's ten years (16:3) run from the arrival in the same year (the sequence runner CG6)", 'fx': ['encamped
  primeval.call('stations')                                      {'v': 7, 'p': 'INK', 'why': "Abram's stations of the stretch: Canaan (12:5), Shechem (12:6), east of Bethel (12:8), the Negev (12:9), Egypt (12:10), Bethel again (13:1-3), Hebron (13:18) — seven; Terah's Haran (11:31), the builders' Shinar (11:2), Lot's plain 
  primeval.call('three_altars')                                  {'v': 3, 'p': 'MOVE', 'why': "Bereshit Rabbah 39:16 — 'and he built there an altar' (12:8): R. Elazar — three altars he built: one for the tidings of the land of Israel (12:7), one for its acquisition (12:8), one that his sons not fall at Ai (13:18 — Josh 7:6)
  primeval.call('two_go_you')                                    {'v': ('aram_naharaim_and_aram_nachor', 'the_pieces_to_haran'), 'p': 'MOVE', 'why': "Bereshit Rabbah 39:8 — 'go you' twice (12:1, 22:2): R. Yehuda — one from Aram Naharaim and one from Aram Nachor; R. Nechemya — one from both, and one when He flew him from bet
==== cold_run_primeval.exit sig ('q',) (3349 chars) asks-in-source ['altar_seats', 'blessing_by_call', 'by_families', 'by_permission', 'great_altar', 'heart_resolve', 'olah_by_call', 'savor_seat', 'seasons_standing']
def exit(q):
        if q == 'by_permission': return cell('entered_and_went_out_by_permission', M, "Bereshit Rabbah 34:4 — 'go out from the ark' (8:16): Noah said, 

  primeval.exit('altar_seats')                                   {'v': [(8, 20), (12, 7), (12, 8), (13, 18)], 'p': 'INK', 'why': "'and he built an altar' in the stretch: [(8, 20), (12, 7), (12, 8), (13, 18)] — Noah's (8:20), Abram's at Shechem (12:7), at Bethel (12:8), at Hebron (13:18): four altars", 'fx': ['altar_built']}
  primeval.exit('blessing_by_call')                              {'v': [22, 28, 103], 'p': 'IMPORT', 'why': "CALLED cold_run_pre_sinai.creation('three_blessings') -> the blessing's three verse positions (the fish, the man, the day) [IMPORT, live]: 'and be fruitful and multiply on the earth' (8:17 — the exit command's formul
  primeval.exit('by_families')                                   {'v': 'by_families_not_they', 'p': 'MOVE', 'why': "Sanhedrin 108b:18-19 — 'by their families they went out of the ark' (8:19): R. Yochanan — by their families, and not they (no mixing of kinds); Rav Chana bar Bizna: Eliezer to Shem the Great — how did you fare
  primeval.exit('by_permission')                                 {'v': 'entered_and_went_out_by_permission', 'p': 'MOVE', 'why': "Bereshit Rabbah 34:4 — 'go out from the ark' (8:16): Noah said, as I did not enter the ark but by permission, so I do not go out but by permission — 'come into the ark' (7:1), 'and Noah came' (7:
  primeval.exit('great_altar')                                   {'v': 'the_great_altar_of_jerusalem', 'p': 'MOVE', 'why': "Bereshit Rabbah 34:9 — 'and Noah built an altar to the LORD' (8:20): R. Elazar ben Yaakov — on the great altar of Jerusalem, where the first man offered; 'built' — 'he considered': why did the Holy One
  primeval.exit('heart_resolve')                                 {'v': 'the_righteous_rule_their_hearts', 'p': 'MOVE', 'why': "Bereshit Rabbah 34:10 — 'and the LORD said to His heart' (8:21): the wicked are in the power of their hearts ('the fool said in his heart', 'Esau said in his heart', 'Jeroboam said in his heart', 'H
  primeval.exit('olah_by_call')                                  {'v': 'north', 'p': 'IMPORT', 'why': "CALLED cold_run_offerings.dispatch('olah') -> the burnt offering's place (north) [IMPORT, live]: 'and offered BURNT OFFERINGS on the altar' (8:20) names the institution the offering engine compiles — the first altar and th
  primeval.exit('savor_seat')                                    {'v': 1, 'p': 'INK', 'why': "'and the LORD smelled the PLEASING SAVOR' (8:21) — the phrase's only seat in Genesis (measured): the offering engine's phrase (Lev 1:9 onward) at its first narrative seat; the offering-regard class's second firing after Abel's (the
  primeval.exit('seasons_standing')                              {'v': 'as_long_as_heaven_and_earth_stand', 'p': 'MOVE', 'why': "Bereshit Rabbah 34:11 — 'while the earth remains, seedtime and harvest ... shall not cease' (8:22): R. Yudan in R. Shmuel's name — what do the sons of Noah suppose, that their covenant stands fore
==== cold_run_primeval.flood sig ('q',) (2767 chars) asks-in-source ['beasts_guilt', 'eyeball', 'hundred_fifty', 'not_the_fish', 'remnant', 'three_rows_sheet', 'twelve_months_sheet']
def flood(q):
        if q == 'eyeball': return cell('judged_by_water_like_the_eyeball', M, "Sanhedrin 108a:9 — R. Yose: the generation of the flood grew proud only

  primeval.flood('beasts_guilt')                                 {'v': 'the_wedding_canopy', 'p': 'MOVE', 'why': "Sanhedrin 108a:19-20 — 'and He wiped out every living thing' (7:23): if man sinned, what did the beast sin? a tanna in R. Yehoshua ben Korcha's name — a man made a wedding canopy for his son and prepared every k
  primeval.flood('eyeball')                                      {'v': 'judged_by_water_like_the_eyeball', 'p': 'MOVE', 'why': "Sanhedrin 108a:9 — R. Yose: the generation of the flood grew proud only on account of the eyeball, which is like water ('and they took them wives from all they chose', 6:2); therefore He judged the
  primeval.flood('hundred_fifty')                                {'v': 150, 'p': 'INK', 'why': "'and the waters prevailed on the earth a hundred and fifty days' (7:24) — the number parsed; 8:3 the same number at the decrease; the tape's C1 (7:11 to 8:4 by the Calendar — the ink's 150 against the modeled months)", 'fx': ['wa
  primeval.flood('not_the_fish')                                 {'v': 'not_the_fish', 'p': 'INK', 'why': "'all that was on the DRY LAND died' (7:22) — Sanhedrin 108a:21: and not the fish of the sea; the ink's own scope on the destroy entry", 'fx': ['wiped_out']}
  primeval.flood('remnant')                                      {'v': 1, 'p': 'INK', 'why': "'and only Noah REMAINED, and those with him in the ark' (7:23) — the clause's only seat in the Tanakh (measured): the remnant root's first token (the frozen unit's export)", 'fx': ['only_noah_remained']}
  primeval.flood('three_rows_sheet')                             {'v': ('the_flood', 'the_dispersion', 'sodom'), 'p': 'ANSWER-SHEET', 'why': "Mishnah Sanhedrin 10:3 — three generations of this stretch have no share in the world to come, each from its own verse: the flood ('My spirit shall not judge', 6:3 — neither judgment 
  primeval.flood('twelve_months_sheet')                          {'v': 12, 'p': 'ANSWER-SHEET', 'why': "Mishnah Eduyot 2:10 — five judgments of twelve months: the generation of the flood's judgment twelve months (R. Akiva); Bereshit Rabbah 33:7's own arithmetic on 7:11 to 8:14: 'why the twenty-seventh and not the sixteenth 
==== cold_run_primeval.law_primeval sig ('event', 'world') (16300 chars) asks-in-source []
def law_primeval(event, world):
        """FROM EDEN TO HAGAR's daemon: the acts of Genesis 2:4-16:16 -> the statuses the tradition names, the promises and
        decr

==== cold_run_primeval.nations sig ('q',) (2362 chars) asks-in-source ['amraphel', 'cities_four', 'nimrod_greatness', 'peleg_prophet', 'shem_or_japheth_elder', 'shinar']
def nations(q):
        if q == 'nimrod_greatness': return cell('i_gave_greatness_to_nimrod', M, "Chullin 89a:7 — I gave greatness to Nimrod and he said 'come, let 

  primeval.nations('amraphel')                                   {'v': ('nimrod_is_his_name', 'amraphel_is_his_name'), 'p': 'MOVE', 'why': "Eruvin 53a:7 — 'and it was in the days of Amraphel' (14:1): Rav and Shmuel — one said Nimrod is his name, and why Amraphel? because he SAID (amar) and CAST (hipil) Abraham our father in
  primeval.nations('cities_four')                                {'v': 4, 'p': 'INK', 'why': "'and built Nineveh and Rehoboth-ir and Calah, and Resen' (10:11-12) — the table's four installs (the frozen unit's export); 'that is the great city' — Resen, or Nineveh: the ink's own ambiguity kept", 'fx': ['cities_built']}
  primeval.nations('nimrod_greatness')                           {'v': 'i_gave_greatness_to_nimrod', 'p': 'MOVE', 'why': "Chullin 89a:7 — I gave greatness to Nimrod and he said 'come, let us build us a city' (11:4); to Pharaoh — 'who is the LORD'; to Sennacherib, to Nebuchadnezzar, to Hiram: the four who said 'I' — 'he bega
  primeval.nations('peleg_prophet')                              {'v': 'eber_a_great_prophet', 'p': 'MOVE', 'why': "Bereshit Rabbah 37:7 — 'the name of the one was Peleg, for in his days the earth was divided' (10:25): R. Yose ben Chalafta — Eber was a great prophet, who named for the event; the division verb at 10:25 and 1
  primeval.nations('shem_or_japheth_elder')                      {'v': 'japheth_the_elder', 'p': 'MOVE', 'why': "Bereshit Rabbah 37:7 — 'Shem ... the brother of Japheth the elder' (10:21): we do not know whether Shem is the elder or Japheth — from 'Shem a son of a hundred years begot Arpachshad two years after the flood' (1
  primeval.nations('shinar')                                     {'v': ('the_dead_shaken_out', 'shakes_off_the_commandments'), 'p': 'MOVE', 'why': "Bereshit Rabbah 37:4 — 'in the land of Shinar' (10:10): Reish Lakish — where the dead of the generation of the flood were shaken out (nin'aru); another: which shakes off (mena'e
==== cold_run_primeval.prologue sig ('q',) (3775 chars) asks-in-source ['favor_even_noah', 'flood_month_row', 'reading_row', 'regret_two', 'reprieve_number', 'retrograde', 'sons_of_god', 'wickedness_great', 'wipe_two_worlds']
def prologue(q):
        if q == 'sons_of_god': return cell('sons_of_the_judges', M, "Bereshit Rabbah 26:5 — 'and the sons of God saw' (6:2): R. Shimon ben Yochai c

  primeval.prologue('favor_even_noah')                           {'v': 'the_decree_sealed_on_noah_too', 'p': 'MOVE', 'why': "Sanhedrin 108a:14 — the school of R. Yishmael: even on Noah the decree was sealed, but he found favor in the eyes of the LORD — 'I regret that I made them; but Noah found favor' (6:7-8); the favor wor
  primeval.prologue('flood_month_row')                           {'v': ('iyar', 'cheshvan'), 'p': 'MOVE', 'why': "Rosh Hashanah 11b:6-7 — 'in the second month, on the seventeenth day' (7:11): R. Yehoshua — the seventeenth of Iyar, the day the Pleiades set; R. Eliezer — the seventeenth of Cheshvan, the day the Pleiades rise 
  primeval.prologue('reading_row')                               {'v': 'reprieve', 'p': 'DATA', 'why': "the row gen6_3_reading — 'and his days shall be a hundred and twenty years' (6:3): the REPRIEVE before the flood (the running setting; Bereshit Rabbah 30:7: all hundred and twenty years Noah planted cedars and cut them; O
  primeval.prologue('regret_two')                                {'v': ('well_did_i_prepare_graves', 'not_well'), 'p': 'MOVE', 'why': "Sanhedrin 108a:15-16 — 'and the LORD regretted that He had made man on the earth' (6:6): Rav Dimi — the Holy One said: well did I do that I prepared graves for them in the earth (50:21's com
  primeval.prologue('reprieve_number')                           {'v': 120, 'p': 'INK', 'why': "'a hundred and twenty years' (6:3) — the number parsed from the ink, the only seat of the number in Genesis (measured; Deut 31:2, 34:7 Moses' — book-bound); the timer's due the speaking + 120 years", 'fx': ['reprieve_of_a_hundred
  primeval.prologue('retrograde')                                {'v': (600, 120, 480, 500), 'p': 'MOVE', 'why': "THE RETROGRADE DATING of 6:3 on the tape: the flood in Noah's 600th year (7:6, 7:11) minus 120 = Noah's 480 — BEFORE 5:32's five hundred (the sons' begetting) where the tape's counter stands: Pesachim 6b:7 ('the
  primeval.prologue('sons_of_god')                               {'v': 'sons_of_the_judges', 'p': 'MOVE', 'why': "Bereshit Rabbah 26:5 — 'and the sons of God saw' (6:2): R. Shimon ben Yochai called them the sons of the JUDGES and cursed whoever calls them sons of gods; 'from all they chose' — the marriage formula's institut
  primeval.prologue('wickedness_great')                          {'v': 'with_great_they_sinned_with_great_judged', 'p': 'MOVE', 'why': "Sanhedrin 108a:10 — R. Yochanan: the generation of the flood sinned with 'GREAT' ('the wickedness of man was great', 6:5) and were judged with 'great' ('the fountains of the GREAT deep', 7:
  primeval.prologue('wipe_two_worlds')                           {'v': ('this_world', 'the_world_to_come'), 'p': 'MOVE', 'why': "Sanhedrin 108a:5 — R. Akiva: 'and He wiped out every living thing' (7:23) — in this world; 'and they were wiped from the earth' — from the world to come; R. Yehuda ben Beteira: they neither live n
==== cold_run_primeval.remembering sig ('q',) (3183 chars) asks-in-source ['boiling', 'clean_birds', 'dove_three', 'olive_bitter', 'raven_retort', 'remember_seats', 'three_fountains', 'window_from', 'year_and_days']
def remembering(q):
        if q == 'remember_seats': return cell([(8, 1)], I, "'and God REMEMBERED Noah' (8:1) — the remember verb's Torah debut (the frozen unit's

  primeval.remembering('boiling')                                {'v': 'subsided_like_the_kings_wrath', 'p': 'MOVE', 'why': "Sanhedrin 108b:3 — Rav Chisda: with boiling water they sinned and with boiling water they were judged — 'and the waters SUBSIDED' (8:1) here, 'and the king's wrath subsided' at Esther 7:10", 'fx': ['w
  primeval.remembering('clean_birds')                            {'v': 'dwell_with_the_righteous', 'p': 'MOVE', 'why': "Sanhedrin 108b:16 — 'and he sent out the dove from him' (8:8): R. Yirmeya — from here, the dwelling of clean birds is with the righteous", 'fx': ['dove_returned']}
  primeval.remembering('dove_three')                             {'v': ('returned', 'the_olive_leaf', 'did_not_return'), 'p': 'INK', 'why': "the dove's three sendings: found no rest and returned (8:9 — 'rest' the noun at 8:9 alone in the Torah, measured), came in at evening with the olive leaf plucked (8:11), did not return
  primeval.remembering('olive_bitter')                           {'v': 'bitter_from_your_hand_not_sweet_from_flesh_and_blood', 'p': 'MOVE', 'why': "Sanhedrin 108b:17 — 'and behold, an olive leaf plucked in her mouth' (8:11): R. Elazar — the dove said before the Holy One: let my food be bitter as the olive and given from You
  primeval.remembering('raven_retort')                           {'v': 'your_master_hates_me_and_you_hate_me', 'p': 'MOVE', 'why': "Sanhedrin 108b:12-13 — 'and he sent out the raven' (8:7): Reish Lakish — the raven gave Noah a winning retort: your Master hates me (seven of the clean, two of the unclean) and you hate me (you
  primeval.remembering('remember_seats')                         {'v': [(8, 1)], 'p': 'INK', 'why': "'and God REMEMBERED Noah' (8:1) — the remember verb's Torah debut (the frozen unit's export); 'and God remembered' at 8:1, 19:29, 30:22 in Genesis (measured — Lot for Abraham's sake, Rachel: S3's seats)", 'fx': ['remembered_
  primeval.remembering('three_fountains')                        {'v': 3, 'p': 'MOVE', 'why': "Bereshit Rabbah 33:4 — 'and the fountains of the deep were stopped' (8:2): but not ALL the fountains — three stayed open: the fountain of Tiberias, Abalonis, and the cave of Paneas (Sanhedrin 108a:10's three by another list)", 'fx
  primeval.remembering('window_from')                            {'v': 'mountaintops', 'p': 'DATA', 'why': "the row window_count_from — 'and it was at the end of forty days that Noah opened the window' (8:6): the forty counted from 8:5's first of the tenth month, the nearest date the ink states (channel ink, said so); the d
  primeval.remembering('year_and_days')                          {'v': (1, 10), 'p': 'INK', 'why': "7:11 (the six hundredth year, the second month, the seventeenth) to 8:14 (the second month, the twenty-seventh) — a year and ten days by the ink's own dates (the calendar row life_year_reading's witness); Bereshit Rabbah 33:7
==== cold_run_primeval.scene sig () (22668 chars) asks-in-source []
def scene():
        """THE SCENE — the stretch's acts on a bare world in the text's order (scene days; the tape carries the ink's markers)"""
        closes = [0]
        

==== cold_run_primeval.war sig ('q',) (5968 chars) asks-in-source ['annal', 'children_not_returned', 'eliezer', 'hebrew_arms', 'night_halves', 'og', 'priest_by_call', 'priesthood_from_shem', 'punished_210', 'raised_hand', 'salem', 'thread_to_latchet', 'three_eighteen', 'tithe_by_call', 'years_arms', 'years_chain']
def war(q):
        if q == 'years_chain': return cell((12, 13, 14), I, "'twelve years they served Chedorlaomer, and in the thirteenth year they rebelled; and in th

  primeval.war('annal')                                          {'v': 0, 'p': 'INK', 'why': "the war annal 14:1-11 — eleven verses with ZERO speech (the frozen unit's export): the kings' clock, the sweep, the pits, the taking of the goods", 'fx': ['defeated']}
  primeval.war('children_not_returned')                          {'v': 'men_and_women_returned_the_children_not', 'p': 'MOVE', 'why': "Bereshit Rabbah 43:4 — 'and also the women and the people' (14:16): R. Yudan — men and women he returned, the children he did not return; they arose and converted and fenced the nakedness of
  primeval.war('eliezer')                                        {'v': 'eliezer_alone', 'p': 'MOVE', 'why': "Nedarim 32a:17 — 'three hundred and eighteen': R. Ami bar Abba — Eliezer alone, equal to them all; some say: Eliezer, whose letter-count is thus (318); 32a:16 (Rav: he made them pale with Torah; Shmuel: with gold)", 
  primeval.war('hebrew_arms')                                    {'v': ('from_eber', 'from_beyond_the_river', 'the_language'), 'p': 'MOVE', 'why': "Bereshit Rabbah 42:8 — 'Abram the HEBREW' (14:13 — the token at 14:13 and 39:17 in Genesis, measured): R. Yehuda — the whole world on one side (ever) and he on the other; R. Nec
  primeval.war('night_halves')                                   {'v': ('of_itself', 'its_maker_divided_it'), 'p': 'MOVE', 'why': "Bereshit Rabbah 43:3 — 'and he divided himself against them by night' (14:15): R. Binyamin bar Yefet in R. Yonatan's name — the night divided of itself; the rabbis — its Maker divided it: the Ho
  primeval.war('og')                                             {'v': 'the_escapee_is_og', 'p': 'MOVE', 'why': "Bereshit Rabbah 42:8 — 'and the escapee came' (14:13): Reish Lakish in bar Kappara's name — he is Og, he is the escapee; why Og? he found Abram sitting occupied with the commandment of cakes (uggot); not for Heav
  primeval.war('priest_by_call')                                 {'v': ['blemished_and_minors', 'chalalim'], 'p': 'IMPORT', 'why': "CALLED cold_run_priesthood.family('addressees') -> the office's four populations from Lev 21:1 [IMPORT, live]: 'and he was PRIEST of God Most High' (14:18 — 'priest' at 14:18, 41:45, 41:50, 46:
  primeval.war('priesthood_from_shem')                           {'v': 'taken_from_shem_given_to_abraham', 'p': 'MOVE', 'why': "Nedarim 32b:6 — R. Zekharya in R. Yishmael's name: the Holy One sought to bring the priesthood out of Shem — 'and he was priest of God Most High'; since he set Abraham's blessing before the Place's
  primeval.war('punished_210')                                   {'v': ('pressed_scholars_into_service', 'whereby_shall_i_know', 'give_me_the_persons'), 'p': 'MOVE', 'why': "Nedarim 32a:14-15 — R. Abahu in R. Elazar's name: why was Abraham our father punished and his sons enslaved to Egypt two hundred and ten years? because
  primeval.war('raised_hand')                                    {'v': ('terumah', 'an_oath'), 'p': 'MOVE', 'why': "Bereshit Rabbah 43:9 — 'I have lifted my hand to the LORD' (14:22 — the phrase's only seat in the Tanakh, measured): R. Yehuda — he made them terumah ('you shall lift up the terumah', Num 18:26); R. Nechemya —
  primeval.war('salem')                                          {'v': 'salem_is_jerusalem', 'p': 'MOVE', 'why': "Bereshit Rabbah 43:6 — 'and Melchizedek king of SALEM' (14:18): this place makes its inhabitants righteous — Melchizedek, Adonizedek (Josh 10:1); Jerusalem is called righteousness (Isa 1:21)", 'fx': ['bread_and_
  primeval.war('thread_to_latchet')                              {'v': 'not_a_thread_nor_a_shoe_latchet', 'p': 'INK', 'why': "'that I will not take from a thread to a shoe-latchet, nor anything that is yours' (14:23) — the refusal ruling (the frozen unit's export); 'save only what the young men have eaten, and the portion o
  primeval.war('three_eighteen')                                 {'v': 318, 'p': 'INK', 'why': "'three hundred and eighteen' (14:14) — the number parsed (the phrase's only seat in the Tanakh, measured)", 'fx': ['muster_of_three_hundred_and_eighteen']}
  primeval.war('tithe_by_call')                                  {'v': 'holy_to_the_LORD', 'p': 'IMPORT', 'why': "CALLED cold_run_temurah.tithe('land_tithe_status') -> 'holy to the LORD' (Lev 27:30) [IMPORT, live]: 'and he gave him a TENTH of all' (14:20 — 'a tenth' at 14:20 alone in Genesis, measured; 28:22 Jacob's vow S3'
  primeval.war('years_arms')                                     {'v': (25, 13), 'p': 'MOVE', 'why': "Bereshit Rabbah 42:6 — R. Yose: twelve and thirteen — twenty-five years; Rabban Shimon ben Gamliel: all of them were thirteen years — and 'in the fourteenth year'? in the fourteenth of their rebellion: the two sums beside t
  primeval.war('years_chain')                                    {'v': (12, 13, 14), 'p': 'INK', 'why': "'twelve years they served Chedorlaomer, and in the thirteenth year they rebelled; and in the fourteenth year came Chedorlaomer' (14:4-5) — the numbers parsed: 12 + 1 + 1 = 14, the ink's own chain (the sequence runner CG5
==== HO.gifts and the import table:
HO.GIFTS_IMPORT                                                  {'forgotten_sheaf': 'Deut 24:19', 'forgotten_olive': 'Deut 24:20', 'poor_tithe': 'Deut 14:28'}
==== THE TAPE'S LINES (kind | subject | first verse | the source head | the line's other fields):
  olah_offered                     noah               ('Gen', 8, 20) Gen 8:20; Gen 7:2                                            {}
  tithe_given                      abram              ('Gen', 14, 20) Gen 14:20                                                    {'to': 'melchizedek'}
  olah_offered                     abraham            ('Gen', 22, 13) Gen 22:13                                                    {'what': 'the ram, in place of his son'}
  vowed                            jacob              ('Gen', 28, 20) Gen 28:20-22                                                 {'conditions': "['God with me', 'kept on this way', 'bread and a garment', 'return in ", 'commitments': ['the LORD my God', 'the stone the house of God', 'the tithe of all']}
  covenant_offered                 israel             ('Exod', 19, 5) Exod 19:5-6                                                  {}
  portion_declared                 the-levites        ('Num', 18, 20) Num 18:20-24 — and the LORD said to Aaron: in their land you {'portion': 'I am your portion and your inheritance', 'tithe': 'all the tithe in Israel', 'condition': 'in exchange for their service'}
  tithe_of_the_tithe_commanded     the-levites        ('Num', 18, 25) Num 18:25-32 — and the LORD spoke to Moses saying: and to th {'fraction': '1/100', 'reckoned_as': "'the grain from the threshing floor and the fullness of the winepress'", 'the_best': True}
  nations_devoted                  israel             ('Deut', 7, 1) Deut 7:1-5 — when the LORD your God brings you into the land {'nations': "['the Hittite', 'the Girgashite', 'the Amorite', 'the Canaanite', 'the", 'objects': ['altars', 'pillars', 'Asherim', 'graven images']}
  stranger_love_commanded          israel             ('Deut', 10, 17) Deut 10:17-19 — for the LORD your God is the God of gods … w {'counterparty': 'the-stranger', 'reason': "'for you were strangers in the land of Egypt (10:19) — the four seats'"}
  demolition_restated              israel             ('Deut', 12, 1) Deut 12:1-4 — these are the statutes and the judgments which {'the_header': '"these are the statutes and the judgments which you shall keep to do i', 'the_demolition': '"destroy, you shall destroy all the places … tear down their altars, b', 'the_bar': '"you shall not do so to the LORD your God (12:4) — the Name\'s erasure '}
  place_chosen_declared            israel             ('Deut', 12, 5) Deut 12:5-14 — but to the place which the LORD your God will {'the_place': "'the place which the LORD your God will choose from all your tribes to", 'the_offerings': '"the burnt offerings, the sacrifices, the tithes, the heave offering o', 'the_rejoicing': "'eat there before the LORD and rejoice, you and your households (12:7)", 'the_eras': '"not as we do here today (12:8); the rest and the inheritance not yet '}
  profane_slaughter_permitted      israel             ('Deut', 12, 15) Deut 12:15-28 — only, with all the desire of your soul you m {'the_release': "'with all the desire of your soul you may slaughter and eat flesh in a", 'the_blood': "'only the blood you shall not eat — on the earth like water (12:16, 12", 'the_gates': "'you may not eat within your gates the tithe, the firstlings, the vows", 'the_levite': 'lest you forsake the Levite all your days on your land (12:19)', 'the_rite': '"as I have commanded you (12:21) — the receipt without the Name: the g'}
  word_sealed                      israel             ('Deut', 13, 1) Deut 13:1 — all the word that I command you, it you shall ke {'the_word': '"all the word that I command you, it you shall keep to do (13:1) — 4:2', 'the_seal': "'you shall not add to it nor take from it (13:1) — adding_barred REUSE"}
  condemned_city_law_declared      israel             ('Deut', 13, 13) Deut 13:13-19 — when you hear in one of your cities which th {'the_city': "'when you hear in one of your cities … to dwell there (13:13) — one ci", 'the_seducers': "'men, sons of Belial, have gone out from your midst and have drawn awa", 'the_inquiry': "'inquire and search and ask diligently; true and certain (13:15) — the", 'the_sword': "'smite, you shall smite with the edge of the sword (13:16) — decapitat", 'the_whole_offering': '"devote it and all in it; gather its spoil into its street; burn it wh', 'the_heap': '"a heap forever, not built again (13:17) — Jericho and Hiel the run\'s"', 'the_devoted_thing': "'nothing of the devoted thing shall cleave to your hand (13:18) — the ", 'the_footer': "'when you hearken … to do the right in the eyes of the LORD (13:19) — "}
==== the tape's last Deuteronomy 13 lines (the new lines go after them):
==== the kin's ledgers on the one database (the counts the checkpoints and the probes read):
  rejoicing_before_the_lord_commanded  [('israel_people', 5, 'Deut 12:5-14 — but to th')]
  levite_forsaking_barred              [('israel_people', 5, 'Deut 12:15-28 — only, wi')]
  holy_things_in_the_gates_barred      [('israel_people', 5, 'Deut 12:15-28 — only, wi')]
  profane_slaughter_permitted          [('israel_people', 5, 'Deut 12:15-28 — only, wi')]
  place_chosen_required                [('israel_people', 5, 'Deut 12:5-14 — but to th')]
  tithe_granted                        [('the_levites', 7, 'Num 18:20-24 — and the L')]
  inheritance_barred                   [('aaron', 7, 'Num 18:20-24 — and the L'), ('the_levites', 7, 'Num 18:20-24 — and the L')]
  tithe_given                          [('abraham', 7, 'Gen 14:20')]
  tithe_vowed                          [('jacob', 7, 'None')]
  treasured_people                     [('israel_people', 7, 'Exod 19:5-6')]
  left_for_the_poor                    []
  barred_from_it                       [('moses', 7, 'Exod 40:35')]
  impure_until_evening                 []
  torn_flesh_to_dogs                   []
  love_owed                            [('israel_people', 5, 'Deut 10:17-19 — for the ')]
  lashes                               []
  high_places_banned                   [('the-land', 19, 'Deut 12:5-14 — but to th')]
  cuttings_for_the_dead_barred         []
  abomination_eating_barred            []
  carcass_eating_barred                []
  second_tithe_owed                    []
  poor_tithe_owed                      []
  terumah_of_the_tithe_owed            [('the_levites', 7, 'Num 18:25-32 — and the L')]
  same_day_slaughter_barred            []
Traceback (most recent call last):
  File "<scratch>/ch14_callees.py", line 70, in <module>
    print('  the open debits on israel_people', c_.execute("SELECT count(*) FROM run_ledger WHERE entity='israel_people' AND op='debit' AND (closed_by IS NULL OR closed_by='')").fetchall())
                                                ~~~~~~~~~~^^^^^^^^^^^^^^^^^^^^^^^^^^^^^^^^^^^^^^^^^^^^^^^^^^^^^^^^^^^^^^^^^^^^^^^^^^^^^^^^^^^^^^^^^^^^^^^^^^^^^^^^^^^^^^^^^^^^^^^
sqlite3.OperationalError: no such column: op
