honest-pairing guard: 90 tests checked, every expectation a literal
probes: all 82 ink-token probes fired [zero-report law satisfied]
ink census: seven x4 at 25:8 · RETURN verbs at [10, 13, 27, 28, 41] · in-the-Jubilee tokens at [28, 30, 31, 33] · Jubilee-YEAR tokens at [40, 50, 52, 54] · redemption tokens at 13 verses · priest tokens in Lev 27: 10 definite (the assessor) + 1 dative (the destination)
answer sheet: 42 Mishnah rows + 29 Sifra/Talmud rows read whole from the shelf, each verified by a token in its own ink
guard: 17 expectations checked, every one a literal from the answer sheet [honest-pairing guard satisfied]
routing receipts: cold_run_pesach CALLED — leaven_machine(window_bounds) -> '14th evening to 21st evening', (purge_deadline) -> 'midday of the 14th'; cold_run_yovel CALLED — sabbatical()[torah_labors] -> 4 [IMPORT, live calls]
probes: all 13 fired (incl. the kid-clause census at its three seats)  [zero-report law satisfied]


PASS  [INK]  the seventh-year land timer (Mishnah Sheviit frame)
        ->  land_release       [timer]  the land released — the seventh-year timer on a LAND entity; the produce goes ownerless to the poor
PASS  [MOVE]  rest-from-hoeing (the Sukkah 44b verbs split)
        ->  barred_from_it     [block]  barred — a person class may not eat of it; a block on the eater, not the offering
PASS  [MOVE]  who rests (the resident stranger of Yevamot 48b)
        ->  rest_required      [timer]  rest required — the recurring seventh-day stop on the household, the beasts, the stranger
PASS  [INK]  the recurrence — every seventh day
        ->  rest_required      [timer]  rest required — the recurring seventh-day stop on the household, the beasts, the stranger
PASS  [INK]  Mishnah Chagigah 1:1 — the able male owes the appearings
        ->  appearance_owed    [heaven]  the appearing owed — three times a year the male appears before the Lord; a standing duty on Heaven's docket, discharged per festival
PASS  [INK]  Mishnah Chagigah 1:1 — women exempt (the ink's own "males")
        ->  exempt             [status]  exempt — no entry opens; the ledger stays clean
PASS  [MOVE]  Mishnah Chagigah 1:1 — the lame exempt (regalim at the feet)
        ->  exempt             [status]  exempt — no entry opens; the ledger stays clean
PASS  [MOVE]  Mishnah Chagigah 1:1 class — blind in one eye exempt
        ->  exempt             [status]  exempt — no entry opens; the ledger stays clean
PASS  [MOVE]  Mishnah Pesachim 5:4 — slaughtering the Paschal over leaven
        ->  barred_from_it     [block]  barred — a person class may not eat of it; a block on the eater, not the offering
PASS  [MOVE]  the fat-overnight boundary (Pesachim 59b)
        ->  disqualified       [block]  disqualified — the offering or rite is void; a block entry, no state advances
PASS  [DATA]  Mishnah Bikkurim 1:3 — first fruits to the house, seven kinds
        ->  restores           [transfer]  restores — the principal itself returns to its owner
PASS  [MOVE]  Mishnah Chullin 8:4 — cooking barred
        ->  barred_from_it     [block]  barred — a person class may not eat of it; a block on the eater, not the offering
PASS  [MOVE]  Mishnah Chullin 8:4 — eating barred
        ->  barred_from_it     [block]  barred — a person class may not eat of it; a block on the eater, not the offering
PASS  [MOVE]  Mishnah Chullin 8:4 — benefit barred
        ->  barred_from_it     [block]  barred — a person class may not eat of it; a block on the eater, not the offering
PASS  [MOVE]  Exod 23:15 "as I commanded you" — the matzah window by call into the Passover engine
        ->  purge_deadline     [timer]  the removal deadline — leaven must be gone by the appointed hour; a timer against the person
PASS  [MOVE]  Lev 25:1-7 is the same release — one function at two seats (by call into the jubilee engine)
        ->  land_release       [timer]  the land released — the seventh-year timer on a LAND entity; the produce goes ownerless to the poor
PASS  [INK]  THE SCENE on the world engine — the wrap (W2): the land sown and its seventh-year timer fired with the labor bar; the matzot feast's purge by call; the ox and the resident stranger rested; the able male owes the appearing, the gift (34:20) and the land's warranty (34:24), the woman, the lame and the one-eyed exempt; leaven in possession barred, the fat off the altar disqualified and on the altar nothing; the first fruits to the house; the kid three ways
        ->  — (no state change: classification, pending, or routed outside the span)

WATCH COVERAGE (the wrap):
  WATCH law_calendar           seen  15  fired  14  on: appeared_at_the_feast, feast_of_matzot_kept, first_fruits_brought, kid_boiled_in_milk, land_sown, offering_slaughtered_over_leaven, seventh_day_rest
MATRIX: 17/17 cells match the answer sheet
FRACTIONS: pure ink 5/17 (29%) · named moves 11/17 (65%) · data 1/17 (6%)
LEDGER OPS this span writes: block x6, heaven x1, status x3, timer x5, transfer x1

THE CALENDAR COMPILES — the clock chapter's own span, with the first LAND-entity timer and the standing appearance duty on Heaven's docket.
guard: 24 expectations checked, every one a literal from the answer sheet [honest-pairing guard satisfied]
guard: 24 expectations checked, every one a literal from the answer sheet [honest-pairing guard satisfied]
probes: all 26 token probes fired  [zero-report law satisfied]

FUNCTION: slave-release  (answer sheet: Mishnah Kiddushin 1:2)
  release by YEARS (the timer)       FREE-YEAR-7 [ok]  <- INK 21:2: six [8337] + seventh [7637] + free [2670] all in the verse
  release by DEDUCTION (buy-out)     DEDUCT     [ok]  <- RECORDED [Kiddushin 16a:11]: from 21:8 "let her be redeemed" [6299], applied by comparison
  release by JUBILEE                 FREE-AT-JUBILEE [ok]  <- IMPORT [Leviticus 25; Kiddushin 15a:19: written even for the pierced "forever"]
  -> 3/3

FUNCTION: four-damages class map  (answer sheet: Mishnah Bava Kamma 1:1)
  class OX (case opener found)       MODULE     [ok]  <- INK: verse-initial KI + the class noun in its opener verse (21:28)
  class PIT (case opener found)      MODULE     [ok]  <- INK: verse-initial KI + the class noun in its opener verse (21:33)
  class GRAZING (case opener found)  MODULE     [ok]  <- INK: verse-initial KI + the class noun in its opener verse (22:4)
  class FIRE (case opener found)     MODULE     [ok]  <- INK: verse-initial KI + the class noun in its opener verse (22:5)
  common output: pay from the BEST   BEST-OF-LAND [ok]  <- INK 22:4 "best of his field, best of his vineyard" [4315 x2] + GENERALIZED [Bava Kamma 6b]
  -> 5/5

FUNCTION: goring-ox state machine  (answer sheet: Mishnah Bava Kamma 1:4 + 2:4)
  innocuous state: HALF, from the body HALF-FROM-BODY [ok]  <- INK 21:35: "divide" [2673] the live ox — the split is the payment and its cap
  forewarned state: FULL damages     FULL       [ok]  <- INK 21:36: "he shall pay [7999] ox for ox"
  transition threshold = 3 gorings   THREE      [ok]  <- RECORDED [Bava Kamma 23b:17-18]: yesterday [8543] + day-before [8032] + "not secured" = 3; two named tokenizations (Abaye/Rava)
  reverse transition (back to innocuous) REVERTS    [ok]  <- ANSWER-KEY [Mishnah Bava Kamma 2:4]: three days of restraint; semantics debate recorded at 24a:9
  human victim: stoning + ransom branch STONE+RANSOM [ok]  <- INK 21:29-30: stoned [5619], owner liable, IM-branch: ransom [3724]
  slave victim: fixed thirty shekels 30-SHEKELS [ok]  <- INK 21:32: thirty [7970] shekels [8255] — the fixed fine the Mishnah repeats
  -> 6/6

FUNCTION: injury indemnities  (answer sheet: Mishnah Bava Kamma 8:1)
  MEDICAL costs                      PAY        [ok]  <- INK 21:19: "and healing he shall heal" [7495]
  LOSS OF LIVELIHOOD                 PAY        [ok]  <- INK 21:19: "his idleness he shall give" [7674]
  DAMAGE (the tariff, as money)      PAY-MONEY  [ok]  <- CALLED cold_run_lev24.talion(): resolves THROUGH the call site [Bava Kamma 83b:10, 84a:1; move M-07c EXECUTED]
  PAIN                               PAY        [ok]  <- RECORDED [Bava Kamma 85a]: from "wound for wound" [6482], 21:25
  HUMILIATION                        PAY        [ok]  <- IMPORT [Deuteronomy 25:11-12, the recorded source in the sugya]
  -> 5/5

FUNCTION: theft multiples  (answer sheet: Mishnah Bava Kamma 7:1)
  DOUBLE payment (base)              X2         [ok]  <- INK 22:3: "he shall pay double" [8147]
  FIVEFOLD for the ox                X5         [ok]  <- INK 21:37: five [2568] cattle [1241] for the ox
  FOURFOLD for the sheep             X4         [ok]  <- INK 21:37: four [702] of the flock [6629] for the sheep
  scope: 4/5 ONLY ox and sheep       RESTRICTED [ok]  <- INK-PATTERN 21:37: the constants attach to those two nouns alone — Mishnah 7:1 states it "as it is stated"
  -> 4/4

FUNCTION: THE WRAP — the daemon on the recorded cases  (answer sheet: Kiddushin 1:2 + Bava Kamma 1:1, 1:4, 2:4, 4:5, 7:1, 8:1)
  THE SCENE on the world engine (the wrap) (1, 1, 1, 1, 0, 4, 250.0, 1, 1, 1, 30, 3, 1, 1, 1, 1, 1, 2, 90, 1, 20, 8) [ok]  <- RECORDED — the answer sheet's rows as the tape: Kiddushin 1:2 (years, then the buy-out CANCELS the year-7 timer — no fire), Bava Kamma 2:4 (three gorings: half, half, half + FOREWARNED), 1:4 (full), 4:5 (the slave: stoned + thirty), 8:1 (the five: three pays, the idleness sum, the tariff CALLED from Lev 24), 1:1 (pit, tooth, fire), 7:1 (five, four, double); the clock ABSOLUTE
  -> 1/1

WATCH COVERAGE (the wrap): the library daemons and the runner's own, on this scene's tape
  WATCH law_slave_term         seen  14  fired   1  on: acquire_hebrew_slave
  WATCH law_goring_ox          seen  14  fired   5  on: ox_gores
  WATCH law_mishpatim          seen  14  fired   8  on: animal_stolen, field_grazed, fire_spread, men_quarrel, pit_opened, redeemed_by_deduction

============================================================
MISHPATIM PASS: 24/24 cells across 5 functions
  + the guardians run (separate machine): 12/12
PROVENANCE FRACTIONS (this pass): INK 15 | RECORDED 6 | ROUTED/IMPORT 3

EFFECTS — the state changes each cell writes:
  slave-release: FREE-YEAR-7           ->  term_clock         [timer]  the term runs — six years of service, freedom fires in the seventh; the simulator's first timer
  slave-release: FREE-YEAR-7           ->  goes_free          [status]  goes free — the slave's status ends; a person-status flip
  slave-release: DEDUCT                ->  pays               [debit]  pays — a money debt opens against the liable party
  slave-release: DEDUCT                ->  goes_free          [status]  goes free — the slave's status ends; a person-status flip
  slave-release: FREE-AT-JUBILEE       ->  jubilee_release    [timer]  the jubilee frees — a world-clock timer that overrides even the pierced slave's "forever"
  slave-release: FREE-AT-JUBILEE       ->  goes_free          [status]  goes free — the slave's status ends; a person-status flip
  four-damages: class OX               ->  — (no state change: classification, pending, or routed outside the span)
  four-damages: class PIT              ->  — (no state change: classification, pending, or routed outside the span)
  four-damages: class GRAZING          ->  — (no state change: classification, pending, or routed outside the span)
  four-damages: class FIRE             ->  — (no state change: classification, pending, or routed outside the span)
  four-damages: BEST-OF-LAND           ->  pays               [debit]  pays — a money debt opens against the liable party
  goring-ox: HALF-FROM-BODY            ->  pays               [debit]  pays — a money debt opens against the liable party
  goring-ox: FULL                      ->  pays               [debit]  pays — a money debt opens against the liable party
  goring-ox: THREE (threshold)         ->  forewarned         [status]  the ox turns forewarned — the recidivism status flip that re-routes every later verdict
  goring-ox: REVERTS                   ->  forewarned         [status]  the ox turns forewarned — the recidivism status flip that re-routes every later verdict
  goring-ox: STONE+RANSOM              ->  stoned             [body]  stoned — the death mode named in ink; for the ox, the beast's own docket entry
  goring-ox: STONE+RANSOM              ->  ransom_imposed     [debit]  ransom — a life-debt redeemed in money when the court imposes it
  goring-ox: 30-SHEKELS                ->  gives_fixed_sum    [debit]  gives a fixed sum — the ink states the number (thirty shekels; the lost-time payment)
  injuries: MEDICAL                    ->  pays               [debit]  pays — a money debt opens against the liable party
  injuries: LIVELIHOOD                 ->  gives_fixed_sum    [debit]  gives a fixed sum — the ink states the number (thirty shekels; the lost-time payment)
  injuries: DAMAGE (talion-as-money)   ->  substitution       [debit]  in-place-of — the talion table's operator, carried as money per the compiled law
  injuries: PAIN                       ->  pays               [debit]  pays — a money debt opens against the liable party
  injuries: HUMILIATION                ->  pays               [debit]  pays — a money debt opens against the liable party
  multiples: DOUBLE                    ->  pays_double        [debit]  pays double — the theft multiple, two for one
  multiples: FIVEFOLD ox               ->  pays_four_five     [debit]  pays fourfold or fivefold — the slaughtered-or-sold multiple
  multiples: FOURFOLD sheep            ->  pays_four_five     [debit]  pays fourfold or fivefold — the slaughtered-or-sold multiple
  multiples: RESTRICTED scope          ->  — (no state change: classification, pending, or routed outside the span)
  THE SCENE (the wrap)                 ->  term_clock         [timer]  the term runs — six years of service, freedom fires in the seventh; the simulator's first timer
  THE SCENE (the wrap)                 ->  goes_free          [status]  goes free — the slave's status ends; a person-status flip
  THE SCENE (the wrap)                 ->  pays               [debit]  pays — a money debt opens against the liable party
  THE SCENE (the wrap)                 ->  forewarned         [status]  the ox turns forewarned — the recidivism status flip that re-routes every later verdict
  THE SCENE (the wrap)                 ->  stoned             [body]  stoned — the death mode named in ink; for the ox, the beast's own docket entry
  THE SCENE (the wrap)                 ->  gives_fixed_sum    [debit]  gives a fixed sum — the ink states the number (thirty shekels; the lost-time payment)
  THE SCENE (the wrap)                 ->  ransom_imposed     [debit]  ransom — a life-debt redeemed in money when the court imposes it
  THE SCENE (the wrap)                 ->  substitution       [debit]  in-place-of — the talion table's operator, carried as money per the compiled law
  THE SCENE (the wrap)                 ->  pays_four_five     [debit]  pays fourfold or fivefold — the slaughtered-or-sold multiple
  THE SCENE (the wrap)                 ->  pays_double        [debit]  pays double — the theft multiple, two for one
LEDGER OPS this pass writes: body x2, debit x20, status x7, timer x3
effects: all 24 cells carry a REGISTERED effect or an honest no-change [effects law satisfied]
guard: 13 expectations checked, every one a literal from the answer sheet [honest-pairing guard satisfied]
probes: all 6 fired  [zero-report law satisfied]

FUNCTION: the seducer's fine  (answer sheet: Mishnah Ketubot 3:4)
  a fine exists, paid to the father    FINE      [ok]  <- INK Exod 22:15-16: "he shall surely pay a dowry... weigh money"
  the AMOUNT: a pointer, not a number  FETCH-50  [ok]  <- INK holds only the pointer "like the dowry [4119] of the virgins"; the constant — fifty [2572] silver — lives in Deut 22:29; the link is recorded [Ketubot 29b:3 parsing the triple mention]
  the payments table: seducer 3, rapist 4 TABLE     [ok]  <- ANSWER-KEY [Mishnah Ketubot 3:4]: humiliation, degradation, fine; the rapist adds pain
  -> 3/3

FUNCTION: the freed slave's limbs  (answer sheet: Kiddushin 24a + Mishnah Negaim 6:7)
  EYE destroyed -> freedom             FREE      [ok]  <- INK Exod 21:26: eye [5869] + free [2670]
  TOOTH knocked out -> freedom         FREE      [ok]  <- INK Exod 21:27: tooth [8127] + free
  the CLASS: all limb-tips that do not regenerate CLASS-24  [ok]  <- RECORDED [Kiddushin 24a:6: "granted, a tooth and an eye are WRITTEN..." — the exemplars generalized]; the 24-member list enumerated at Mishnah Negaim 6:7
  -> 3/3

FUNCTION: the father's refusal (X5, O7 2026-09-07)  (answer sheet: Mekhilta Nezikin continuation 16; Mishnah Ketubot 3:4-5)
  the fine stands though the father refuses FINE-STANDS [ok]  <- INK Exod 22:16: "if her father utterly refuses to give her to him, he shall weigh silver like the dowry of the virgins" — the fine is not the marriage's
  the fatherless girl refuses for herself HERSELF-TOO [ok]  <- RECORDED [Mekhilta d'Rabbi Yishmael Nezikin continuation 16 1, Rabbi Yose HaGelili: "I have only where she has a father; where she has none? — if he UTTERLY refuses: in any case"]
  no refusal: to him as a wife — the rapist bound, the seducer free to send her away WIFE-UNLESS-REFUSED [ok]  <- INK Exod 22:15 "to be his wife" + ANSWER-KEY [Mishnah Ketubot 3:4-5: the rapist drinks from his vessel; the seducer, if he wishes to send her away, sends]
  -> 3/3

FUNCTION: the miscarriage valuation  (answer sheet: Mishnah Bava Kamma 5:4)
  assessment goes THROUGH THE COURT    JUDGES    [ok]  <- INK Exod 21:22: "he shall give by the judges [6414]"
  the valuation ALGORITHM: before/after DIFF-VALUE [ok]  <- ANSWER-KEY [Mishnah Bava Kamma 5:4]: appraise her worth before the birth and after, pay the difference — with Rabban Shimon ben Gamliel's objection recorded
  the actor class: a PERSON pays, an ox is exempt PERSON-ONLY [ok]  <- INK-PATTERN Exod 21:22 opens "when MEN strive" + ANSWER-KEY [same mishnah: the ox that struck her — exempt]
  -> 3/3

FUNCTION: THE WRAP — the daemon on the recorded cases  (answer sheet: Ketubot 3:4 + Kiddushin 24a + Bava Kamma 5:4)
  THE SCENE on the world engine (the wrap) (1, 2, 1, 3, 1, 1, 1, 1, 0, 1, 50, 1, 0, 4, 1, 0, 1, 0, 1, 1) [ok]  <- RECORDED — the answer sheet's rows as the tape: Ketubot 3:4 (the seducer three, the rapist four), Kiddushin 24a (eye, tooth; the regenerating limb no exemplar), Bava Kamma 5:4 (the difference; the ox exempt); X5 the refusal (the fine stands, no wife; the wife where no one refuses)
  -> 1/1

WATCH COVERAGE (the wrap):
  WATCH law_mishpatim_2        seen   9  fired   8  on: pregnant_woman_struck, slave_maimed, virgin_seduced

============================================================
PASS 2: 13/13 cells (X5 the father's refusal added at O7, 2026-09-07)
PASS-2 FRACTIONS: INK 7 | RECORDED 3 | ROUTED/IMPORT 3

EFFECTS — the state changes each cell writes:
  seducer: FINE to the father              ->  gives_fixed_sum    [debit]  gives a fixed sum — the ink states the number (thirty shekels; the lost-time payment)
  seducer: FETCH-50 (the pointer)          ->  — (no state change: classification, pending, or routed outside the span)
  seducer: payments TABLE                  ->  pays               [debit]  pays — a money debt opens against the liable party
  freed limbs: EYE -> freedom              ->  released           [status]  released by the master's hand — the sending itself
  freed limbs: EYE -> freedom              ->  goes_free          [status]  goes free — the slave's status ends; a person-status flip
  freed limbs: TOOTH -> freedom            ->  released           [status]  released by the master's hand — the sending itself
  freed limbs: TOOTH -> freedom            ->  goes_free          [status]  goes free — the slave's status ends; a person-status flip
  freed limbs: CLASS-24                    ->  — (no state change: classification, pending, or routed outside the span)
  miscarriage: JUDGES assess               ->  fined_by_assessment [debit]  fined as the court assesses — the amount is a computed parameter
  miscarriage: DIFF-VALUE algorithm        ->  — (no state change: classification, pending, or routed outside the span)
  miscarriage: PERSON-ONLY (ox actor exempt) ->  exempt             [status]  exempt — no entry opens; the ledger stays clean
  refusal: FINE-STANDS                     ->  gives_fixed_sum    [debit]  gives a fixed sum — the ink states the number (thirty shekels; the lost-time payment)
  refusal: HERSELF-TOO                     ->  gives_fixed_sum    [debit]  gives a fixed sum — the ink states the number (thirty shekels; the lost-time payment)
  refusal: WIFE-UNLESS-REFUSED             ->  wife_taken         [status]  the wife taken — the STATUS the marriage formula writes on the pair: 'and he took Rebekah and she became his wife, and he loved her' — 'as a wife' (le-ishah) the formula's closing token at thirty Torah seats, Gen 24:67 and 38:14 in this span (the second negated: 'she was not given to him as a wife'), Exod 22:15 the seduced virgin's Sinai seat (the Mishpatim engines by call); the four verbs of 24:67 the formula's whole (brought, took, became, loved)
  THE SCENE (the wrap)                     ->  gives_fixed_sum    [debit]  gives a fixed sum — the ink states the number (thirty shekels; the lost-time payment)
  THE SCENE (the wrap)                     ->  pays               [debit]  pays — a money debt opens against the liable party
  THE SCENE (the wrap)                     ->  released           [status]  released by the master's hand — the sending itself
  THE SCENE (the wrap)                     ->  goes_free          [status]  goes free — the slave's status ends; a person-status flip
  THE SCENE (the wrap)                     ->  fined_by_assessment [debit]  fined as the court assesses — the amount is a computed parameter
  THE SCENE (the wrap)                     ->  exempt             [status]  exempt — no entry opens; the ledger stays clean
  THE SCENE (the wrap)                     ->  wife_taken         [status]  the wife taken — the STATUS the marriage formula writes on the pair: 'and he took Rebekah and she became his wife, and he loved her' — 'as a wife' (le-ishah) the formula's closing token at thirty Torah seats, Gen 24:67 and 38:14 in this span (the second negated: 'she was not given to him as a wife'), Exod 22:15 the seduced virgin's Sinai seat (the Mishpatim engines by call); the four verbs of 24:67 the formula's whole (brought, took, became, loved)
LEDGER OPS this pass writes: debit x8, status x10
effects: all 13 cells carry a REGISTERED effect or an honest no-change [effects law satisfied]
honest-pairing guard: 43 tests checked, every expectation a literal
probes: all 36 token probes fired  [zero-report law satisfied]
answer sheet: 11 Mishnah rows + 28 Mekhilta/Talmud rows read whole from the shelf, each verified by a token in its own ink
probes: 37/37 fired (the ink scan is trusted; the whole-Tanakh census holds 23213 verses)
censuses: gods of silver [('Exod', 20, 23)] · altar of earth [('Exod', 20, 24)] · in every place [('Exod', 20, 24)] · hewn (Torah) [('Exod', 20, 25)] · by steps [('Exod', 20, 26)] · sorceress [('Exod', 22, 17)] · "shall not live" 3 seats · devoted 4 · wrong / oppress each [('Exod', 22, 20), ('Exod', 22, 20)] · "you were strangers" 4 seats · widow and orphan [('Exod', 22, 21), ('Mal', 3, 5)] · creditor [('Exod', 22, 24), ('Isa', 24, 2)] · bite (Torah) 4 · "until the sun sets" [('Exod', 17, 12), ('Exod', 22, 25)] · curse-verb 4 · fullness [('Exod', 22, 28)] outflow [('Exod', 22, 28)] · "on the eighth day you shall give" [('Exod', 22, 29)] · WITH its mother [('Exod', 22, 29)] vs UNDER its mother [('Lev', 22, 27)] · torn 4 · false report [('Exod', 23, 1)] · witness of violence [('Deut', 19, 16), ('Exod', 23, 1)] · after the many [('Exod', 23, 2)] · glorify [('Exod', 23, 3), ('Lev', 19, 15)] · lying under its burden [('Exod', 23, 5)] · unload doubled [('Exod', 23, 5)] · from falsehood [('Exod', 23, 7)] · the innocent and righteous [('Exod', 23, 7)] · bribe (Torah) 4 · open-eyed [('Exod', 23, 8)] · soul of the stranger [('Exod', 23, 9)] · the conditional heads at [(20, 25), (22, 22), (22, 24), (22, 25), (22, 26), (23, 4), (23, 5), (23, 22), (23, 23)] · the doubled verbs at [(22, 22), (22, 25), (23, 5), (23, 22), (23, 24), (23, 30)]
routing receipts: cold_run_decalogue CALLED — hewn 'iron-touched stone disqualified', recipe 'whole stones, frame and lime', steps 'a ramp; and temperance beside it'; cold_run_offerings CALLED — olah:flock 'wholly_to_fires', shelamim window 'two_days_one_night'; cold_run_sanctions CALLED — beast warning 'Exod_22:18_freed_to_the_passive', court 23, woman '18:23_a_woman_shall_not_stand_before_a_beast', outside where 'anywhere_but_the_tent_door'; cold_run_holiness CALLED — deaf 'all_your_people_the_deaf_carves_the_living', bribe 'the_bribed_judges_eyes_dim'; cold_run_holiness_b CALLED — word wrong 'yesterday_an_idolater_banned', strangers 'know_the_strangers_soul_from_your_own', ger seats [10, 33, 34]; cold_run_yovel CALLED — both nouns 'barred', brother 'barred', foreigner 'permitted'; cold_run_pesach CALLED — human 'redeem (five sela — fetched constant)', donkey 'redeem with a lamb, else break the neck', caesarean 'not consecrated' [IMPORT, live calls]
answer sheet: 43 Mishnah rows verified by their own tokens (Sanhedrin 1, 3, 4, 7, Bava Metzia 2, 5, Bekhorot 8, Chullin 3, Terumot 3, Middot 3, Shevuot 4 read whole — the topic docket)
guard: 128 test rows, every expected value a literal from the answer sheet [honest-pairing guard satisfied]

OK  Exod 20:22 — "from heaven I spoke" a hapax                                                       [INK] 
     effects: —
OK  Exod 20:23 — no gods of silver or gold (a hapax phrase)                                          [INK] 
     effects: disqualified
OK  Mishnah Chagigah 3:8 — the altar of earth is like the ground                                     [ANSWER-SHEET] 
     effects: —
OK  Exod 20:24 — the burnt offering on it (offerings engine by call)                                 [IMPORT] 
     effects: smoked_to_the_lord
OK  Exod 20:24 — the peace offering on it (by call)                                                  [IMPORT] 
     effects: eating_window
OK  Exod 20:24 — "in every place... I cause My name to be mentioned" (two hapaxes)                   [INK] 
     effects: accepted
OK  Exod 20:25 — hewn: the decalogue runner's altar rule by call                                     [IMPORT] 
     effects: disqualified
OK  Exod 20:25 — the sword profanes (a hapax)                                                        [INK] 
     effects: disqualified
OK  Zevachim 54a:8 — the build recipe by call                                                        [IMPORT] 
     effects: —
OK  Mishnah Middot 3:4 — whole stones from Beit Kerem                                                [ANSWER-SHEET] 
     effects: —
OK  Exod 20:26 — steps: the decalogue runner's rule by call                                          [IMPORT] 
     effects: —
OK  Mishnah Middot 3:3 — the ramp's measures (data)                                                  [DATA] 
     effects: —
OK  Exod 20:26 — the nakedness clause, the ramp's reason                                             [INK] 
     effects: —
OK  Mekhilta 22:24 — "if an altar of stones" one of three obligatory ifs                             [MOVE] 
     effects: —
OK  Mekhilta 22:17 — the sorceress: man and woman alike                                              [MOVE] 
     effects: put_to_death
OK  Mishnah Sanhedrin 7:4 — the sorcerer stoned (the Mekhilta's three arms)                          [ANSWER-SHEET] 
     effects: stoned
OK  Mishnah Sanhedrin 7:11 — the doer liable, the deceiver of eyes exempt                            [ANSWER-SHEET] 
     effects: stoned
OK  Mekhilta 22:17 — the warning at Deut 18:10                                                       [MOVE] 
     effects: —
OK  Exod 22:18 — the beast: the sanctions engine holds this verse as the passive's warning (by call) [IMPORT] 
     effects: stoned
OK  Mishnah Sanhedrin 1:4 — the beast's court of twenty-three (by call)                              [IMPORT] 
     effects: —
OK  the woman's warning (by call)                                                                    [IMPORT] 
     effects: stoned
OK  Exod 22:19 — "devoted" at four Tanakh seats                                                      [INK] 
     effects: put_to_death
OK  Mekhilta 22:19 — the service architecture: Temple services for any idol                          [MOVE] 
     effects: stoned
OK  Mishnah Sanhedrin 7:6 — the idolater's row                                                       [ANSWER-SHEET] 
     effects: stoned
OK  Exod 22:19 — "save to the LORD alone"; the tent door by call                                     [INK] 
     effects: —
OK  Mekhilta 22:19 — joining His name with another                                                   [MOVE] 
     effects: put_to_death
OK  Exod 22:20 — wrong / oppress each a hapax                                                        [INK] 
     effects: exempt
OK  Mishnah Bava Metzia 4:10 — wronging by words (holiness_b by call)                                [IMPORT] 
     effects: —
OK  Exod 22:20 / 23:9 — "you were strangers" at four seats (by call)                                 [IMPORT] 
     effects: —
OK  the stranger's Lev 19 seats (by call)                                                            [IMPORT] 
     effects: —
OK  Mekhilta 22:20 — the beloved converts census                                                     [MOVE] 
     effects: —
OK  Mekhilta 22:21 — the scope fork: R. Yishmael all / R. Akiva the named                            [MOVE] 
     effects: cry_heard
OK  Mekhilta 22:21-23 — one affliction is liability                                                  [MOVE] 
     effects: cry_heard
OK  Exod 22:22 — three doubled verbs                                                                 [INK] 
     effects: cry_heard
OK  Exod 22:23 — measure for measure                                                                 [INK] 
     effects: cry_heard, put_to_death
OK  Mekhilta 22:24 — "if" is obligation                                                              [MOVE] 
     effects: —
OK  Mekhilta 22:24 — the priority ladder                                                             [MOVE] 
     effects: —
OK  Exod 22:24 — "as a creditor" (two Tanakh seats)                                                  [MOVE] 
     effects: —
OK  Exod 22:24 — the bite noun at four Torah seats                                                   [INK] 
     effects: interest_barred
OK  Lev 25:36-37 — the two nouns (jubilee engine by call)                                            [IMPORT] 
     effects: interest_barred
OK  Mishnah Bava Metzia 5:6 — the foreigner (by call)                                                [IMPORT] 
     effects: interest_barred
OK  Mishnah Bava Metzia 5:11 — the five prohibitions, two of them this verse's                       [ANSWER-SHEET] 
     effects: interest_barred
OK  Mishnah Bava Metzia 5:11 — who transgresses                                                      [ANSWER-SHEET] 
     effects: interest_barred
OK  Exod 22:25 — "until the sun sets" (with Exod 17:12 alone)                                        [INK] 
     effects: pledge_returned_by_sunset
OK  Mekhilta 22:25-26 — day garment by day, night garment by night                                   [MOVE] 
     effects: pledge_returned_by_sunset
OK  Mishnah Bava Metzia 9:13 — only through the court                                                [ANSWER-SHEET] 
     effects: pledge_returned_by_sunset
OK  Mishnah Bava Metzia 9:13 — the widow never pledged                                               [ANSWER-SHEET] 
     effects: pledge_returned_by_sunset
OK  Mekhilta 22:26 — the covering tokens                                                             [MOVE] 
     effects: pledge_returned_by_sunset
OK  Exod 22:26 — "for I am gracious" a hapax                                                         [INK] 
     effects: cry_heard
OK  Mekhilta 22:27 — elohim: judge or blasphemy's warning                                            [MOVE] 
     effects: lashes
OK  Lev 19:14 — the curse verb's other seat (holiness engine by call)                                [IMPORT] 
     effects: lashes
OK  Mishnah Sanhedrin 7:5, 7:8; Shevuot 4:13 — the Name gate                                         [ANSWER-SHEET] 
     effects: lashes
OK  Mekhilta 22:27 — four liabilities in one utterance                                               [MOVE] 
     effects: lashes
OK  Mekhilta 22:27 — "among your people"                                                             [MOVE] 
     effects: lashes
OK  Exod 22:28 — fullness and outflow (two hapaxes) = first fruits and terumah                       [MOVE] 
     effects: gift_order_barred
OK  Mekhilta 22:28 — "do not delay" = do not reorder                                                 [MOVE] 
     effects: gift_order_barred
OK  Mishnah Terumot 3:6 — the act stands though forbidden (this verse quoted)                        [ANSWER-SHEET] 
     effects: gift_order_barred
OK  Mishnah Terumot 3:7 — the count of names                                                         [ANSWER-SHEET] 
     effects: gift_order_barred
OK  Exod 22:28 — the firstborn son (Passover engine by call)                                         [IMPORT] 
     effects: consecrated_firstborn
OK  Mishnah Bekhorot 8:7 — five sela (data)                                                          [DATA] 
     effects: consecrated_firstborn
OK  Mishnah Bekhorot 8:6 — day thirty is the edge                                                    [ANSWER-SHEET] 
     effects: consecrated_firstborn
OK  Mekhilta 22:29 / Bekhorot 8:1 — stillbirths open the womb for both                               [MOVE] 
     effects: —
OK  Mishnah Bekhorot 8:2 — the Caesarean (Passover engine by call)                                   [IMPORT] 
     effects: —
OK  Mekhilta 22:29 — valid to any priest anywhere                                                    [MOVE] 
     effects: due_to_priest
OK  Exod 22:29 — "on the eighth day you shall give" a hapax                                          [INK] 
     effects: eighth_day_fit
OK  Exod 22:29 WITH its mother vs Lev 22:27 UNDER its mother (each a hapax)                          [MOVE] 
     effects: eighth_day_fit
OK  Mekhilta 22:29 — the eighth and onward (the priesthood runner fetches this)                      [MOVE] 
     effects: eighth_day_fit
OK  Mekhilta 22:29 — nursed from common funds                                                        [MOVE] 
     effects: —
OK  Exod 13:13 — the donkey by call                                                                  [IMPORT] 
     effects: redeem_or_break
OK  one timer at two seats                                                                           [INK] 
     effects: eighth_day_fit
OK  Exod 22:30 — "men of holiness" a hapax phrase                                                    [INK] 
     effects: —
OK  "torn" at four Tanakh seats (Jacob's first)                                                      [INK] 
     effects: torn_flesh_to_dogs
OK  Mekhilta 22:30 — "in the field" the common case                                                  [MOVE] 
     effects: torn_flesh_to_dogs
OK  Mishnah Chullin 3:1 — whatever cannot live is a terefah                                          [ANSWER-SHEET] 
     effects: torn_flesh_to_dogs
OK  Mishnah Chullin 3:2 — the fit list                                                               [ANSWER-SHEET] 
     effects: —
OK  Exod 22:30 — to the dog: benefit permitted (Kiddushin 2:9 silent)                                [MOVE] 
     effects: torn_flesh_to_dogs
OK  Mekhilta 22:30 — the dog's wage                                                                  [MOVE] 
     effects: torn_flesh_to_dogs
OK  Mishnah Makkot 3:2 — the terefah eater lashed                                                    [ANSWER-SHEET] 
     effects: lashes
OK  Exod 23:1 — "a false report" a hapax; "wicked" twice in Exodus                                   [INK] 
     effects: false_report_barred
OK  Mekhilta 23:1 — three warnings                                                                   [MOVE] 
     effects: false_report_barred
OK  Exod 23:1 / Deut 19:16 — the witness of violence; Sanhedrin 3:3's list                           [MOVE] 
     effects: false_report_barred
OK  Mishnah Shevuot 4:1 — the fit, not the disqualified                                              [ANSWER-SHEET] 
     effects: oath_imposed
OK  Exod 23:2 — three rare tokens                                                                    [INK] 
     effects: majority_decides
OK  Mekhilta 23:2 — the asymmetric majority                                                          [MOVE] 
     effects: majority_decides
OK  Mishnah Sanhedrin 1:6 — twenty-three from this verse                                             [ANSWER-SHEET] 
     effects: majority_decides
OK  Mishnah Sanhedrin 4:1 — merit by one, liability by two                                           [ANSWER-SHEET] 
     effects: majority_decides
OK  Mishnah Sanhedrin 4:2 — capital cases begin from the side                                        [ANSWER-SHEET] 
     effects: majority_decides
OK  Mishnah Sanhedrin 3:7 — the dissenter bound and silent                                           [ANSWER-SHEET] 
     effects: majority_decides
OK  Onkelos Exod 23:2 — teach what you see                                                           [MOVE] 
     effects: majority_decides
OK  Exod 23:3 / Lev 19:15 — "you shall not glorify" at two seats; the holiness engine by call        [MOVE] 
     effects: judgment_perverted
OK  Exod 23:4 — the enemy's ox returned                                                              [INK] 
     effects: restores
OK  Mekhilta 23:4 — who is your enemy (four readings)                                                [MOVE] 
     effects: —
OK  Mishnah Sanhedrin 3:5 — the enemy by a three-day clock                                           [ANSWER-SHEET] 
     effects: —
OK  Mekhilta 23:4 — straying = outside the boundary (Gen 37:15)                                      [MOVE] 
     effects: restores
OK  Mishnah Bava Metzia 2:9 — even four and five times                                               [ANSWER-SHEET] 
     effects: restores
OK  Mishnah Bava Metzia 2:5 — signs and claimants                                                    [ANSWER-SHEET] 
     effects: restores
OK  Mishnah Bava Metzia 2:7 — the deceiver examined                                                  [ANSWER-SHEET] 
     effects: restores
OK  Mishnah Bava Metzia 2:6 — how long to announce                                                   [ANSWER-SHEET] 
     effects: —
OK  Mishnah Bava Kamma 5:7 — ox or donkey names the common case                                      [ANSWER-SHEET] 
     effects: restores
OK  Exod 23:5 — "lying under its burden" a hapax                                                     [INK] 
     effects: unloading_owed
OK  Mishnah Bava Metzia 2:10 — unload even four and five times                                       [ANSWER-SHEET] 
     effects: unloading_owed
OK  Mishnah Bava Metzia 2:10 — "with him": the idle owner exempts                                    [ANSWER-SHEET] 
     effects: unloading_owed
OK  Mishnah Bava Metzia 2:10 — a load it can bear                                                    [ANSWER-SHEET] 
     effects: unloading_owed
OK  Mishnah Bava Metzia 2:10 — unloading Torah, loading disputed                                     [ANSWER-SHEET] 
     effects: unloading_owed
OK  Mekhilta 23:5 — the ris (data)                                                                   [DATA] 
     effects: —
OK  Mishnah Bava Metzia 2:10 — the father's word not obeyed                                          [ANSWER-SHEET] 
     effects: unloading_owed
OK  Onkelos Exod 23:5 — the grudge released                                                          [MOVE] 
     effects: unloading_owed
OK  Exod 23:6 — "your needy" a hapax; the wicked-and-worthy pair                                     [INK] 
     effects: judgment_perverted
OK  Exod 23:7 — "from a false matter" a hapax                                                        [INK] 
     effects: false_report_barred
OK  Mishnah Sanhedrin 4:1 — no retrial after acquittal (Onkelos 23:7)                                [ANSWER-SHEET] 
     effects: false_report_barred
OK  Mekhilta 23:7 — no execution without witnesses                                                   [MOVE] 
     effects: exempt
OK  Exod 23:8 — the bribe (holiness engine by call; Peah 8:9 quotes this verse)                      [IMPORT] 
     effects: bribe_barred, judgment_perverted
OK  Mekhilta 23:8 — bribery absolute                                                                 [MOVE] 
     effects: bribe_barred
OK  Exod 23:9 — the soul of the stranger (holiness_b by call)                                        [IMPORT] 
     effects: —
OK  Exod 23:20-21 — the angel; the Name in him (hapaxes; Onkelos's Memra)                            [INK] 
     effects: —
OK  Exod 23:21 / Josh 24:19 — "he will not bear your transgression"                                  [INK] 
     effects: —
OK  Exod 23:28 — the hornet at three seats                                                           [INK] 
     effects: —
OK  Exod 23:29-30 — not in one year; little by little                                                [INK] 
     effects: land_desolate
OK  Exod 23:31 — the four border terms (data)                                                        [DATA] 
     effects: —
OK  Exod 23:24 — not bow, not serve, not do                                                          [INK] 
     effects: covenant_barred
OK  Exod 23:24 — demolish and break (doubled verbs); Avodah Zarah 3:1                                [INK] 
     effects: demolished
OK  Onkelos Exod 23:25 — serve before the LORD                                                       [MOVE] 
     effects: bread_and_water_blessed
OK  Exod 23:25 — bread and water blessed                                                             [INK] 
     effects: bread_and_water_blessed
OK  Exod 23:26 — no miscarrying (a hapax) or barren                                                  [INK] 
     effects: bread_and_water_blessed
OK  Exod 23:32 — no covenant                                                                         [INK] 
     effects: covenant_barred
OK  Exod 23:33 — they shall not dwell; the snare                                                     [INK] 
     effects: covenant_barred
OK  the spine silent over 23:20-33 — Onkelos alone                                                   [INK] 
     effects: —
OK  THE SCENE on the world engine — the wrap (W1): twenty-one case heads on the recorded rows        [ANSWER-SHEET] 
     effects: pledge_returned_by_sunset, due_to_priest, eighth_day_fit, accepted, land_desolate

WATCH COVERAGE (the wrap):
  WATCH law_ordinances         seen  30  fired  30  on: acquitted_retried, altar_built, bribe_offered, court_split, donkey_under_burden, enemys_animal_met, entered_the_land, false_report_carried, firstborn_son, firstling_born, flesh_torn, fullness_delayed, garment_pledged, god_or_ruler_cursed, lay_with_beast, offered_on_altar, sacrificed_to_gods, served_the_lord, silver_lent, sorcery_done, stranger_wronged
MATRIX: 128/128 cells match the answer sheet
FRACTIONS: pure ink 34/128 (26%) · recorded moves 37/128 (28%) · answer-sheet 34/128 · data 4/128 · imports 19/128 · hypotheses 0/128
LEDGER OPS this span writes: block x22, body x16, debit x7, destroy x1, heaven x14, status x15, timer x12, transfer x14
effects: every cell carries REGISTERED effects — TEN discovered in these verses' own verbs: pledge_returned_by_sunset (TIMER), cry_heard, bread_and_water_blessed (HEAVEN), gift_order_barred, bribe_barred, false_report_barred, covenant_barred (BLOCK), torn_flesh_to_dogs (TRANSFER), majority_decides (STATUS), unloading_owed (DEBIT) [effects law satisfied]
THE REST OF THE ORDINANCES COMPILE — the altar rules by call, the capital triad against the sanctions engine, the stranger by the holiness engine's second half, the interest by the jubilee engine, the pledge's sunset timer, the curse's fork and Name gate, the gifts' order off two hapaxes, the firstborn by the Passover engine, the firstling's eighth day compiled as the callee the priesthood owed, the torn to the dog, the twenty-three built from "for evil", the enemy's load, the acquitted never retried, the bribe by call, the land's covenant barred; the decalogue, offering, sanctions, holiness, holiness_b, jubilee, and Passover engines CALLED.
probes: all 96 fired [zero-report law satisfied]
censuses: every literal above measured against the whole Tanakh index and asserted [tripwires armed]
alignment: the second seat {'matzah': 0.7, 'firstborn_a': 0.26, 'firstborn_b': 0.5, 'rest': 0.26, 'feasts': 0.23, 'appear': 0.69, 'leaven_fat': 0.5, 'firstfruits_kid': 1.0}; the erection command->execution 5/14 matched, 7 unrun (their runs in Lev 8: ['8:10', '8:11', '8:13', '8:6']); the making's dropped clauses picked up 13 of 24; the donation 4/9; the craftsmen 4/11
routing receipts: calendar CALLED — matzah 'seven days of unleavened bread = 14th evening to 21st evening (CALLED pesach)', rest 'every seventh day' / 'ox, donkey, slave, resident stranger', pilgrimage 'owes the three appearings' / 'exempt' / 'exempt', windows 'the slaughterer with leaven transgresses' / 'disqualified at morning off the altar', first fruits 'bring to the house (seven kinds — fetched list)', kid {'cook': 'barred', 'eat': 'barred', 'benefit': 'barred'}, sabbatical 'land released in year 7'; pesach — window '14th evening to 21st evening', purge 'midday of the 14th', donkey 'redeem with a lamb, else break the neck', human 'redeem (five sela — fetched constant)', leftover 'burn on the 16th'; offerings — herd olah 'wholly_to_fires', shelamim 'two_that_are_four'; moadim — two loaves 2 x 'two_tenths'; ordinances — 'no_covenant_with_them_or_their_gods', 'lest_they_make_you_sin', 'demolish_demolish_break_break', 'not_bow_not_serve_not_do', 'temple_services_for_any_idol', 'serves_sacrifices_incense_libation_bows_accepts_says'; sanctuary — dropped 24 ('use_clauses_and_the_pattern'), staves 'never_removed', testimony 'dropped_in_run', fragments 'both_in_the_ark', bread 'lifnei_tamid', lamps 7, veil 20, trigger 'willing_heart', teaching 'to_teach_in_his_heart'; vestments — ['tunic', 'robe', 'ephod', 'breastplate', 'turban', 'sash', 'caps'] / ['tunic', 'sash', 'robe', 'ephod', 'breastplate', 'turban', 'plate', 'caps'], ken asu 15, kekhol [(39, 32), (39, 42)], manifest 35; incense-shekel — laver run ['Exod 40:31'], loci ['Exod 28:43', 'Exod 30:20', 'Num 4:19'], first incense 'Exod 40:27', burner 'aarons_seed', oil run [9, 10, 11] / [(8, 10), (8, 11), (8, 12)], initiations {'golden_altar': 'Exod 40:27', 'olah_altar': 'Exod 40:29', 'table': 'Exod 40:23', 'lampstand': 'Exod 40:25'}; eighth day — 'first_of_nisan', crowns ['priesthood', 'service', 'fire', 'presence', 'blessing'], switch 'high_places_banned_service_by_priests', inaugurated by 'morning_tamid'; priesthood — {'rows': 2, 'per_row': 6, 'pinned_by': 'three_verses'}, {'flame': 'rises_on_its_own', 'western': 'always_burning_begin_from_it_end_at_it', 'found_out': ['Sifra_relight_from_the_outer_altar', 'Tamid_from_the_burning_lamps']}; tzav — 'a seven-day confinement timer; the template for the generations' [IMPORT, live calls]
answer sheet: 48 Mishnah rows verified by their own tokens (Avodah Zarah 3-4, Rosh Hashanah 1, Bekhorot 1, Chagigah 1 whole with the link and topic rows — the erection-and-covenant docket)
guard: 287 test rows, every expected value a literal from the answer sheet [honest-pairing guard satisfied]

OK  Exod 34 — the cutting verb at four seats                                                         [INK] 
     effects: covenant_cut
OK  "wonders not created" — with Isaiah alone                                                        [INK] 
     effects: covenant_cut
OK  the nations at seven seats in seven orders                                                       [INK] 
     effects: nations_driven_out
OK  CALLED ordinances.land(no_covenant)                                                              [IMPORT] 
     effects: covenant_barred
OK  THE DEMOLITION LIST GROWS 3-4-5                                                                  [INK] 
     effects: demolished
OK  CALLED ordinances.land(break_pillars) — the first seat                                           [IMPORT] 
     effects: demolished
OK  "his asherim" spelled "happy is he" — four seats                                                 [INK] 
     effects: demolished
OK  the pillar-word in Exodus at three seats                                                         [INK] 
     effects: demolished
OK  "another god" a hapax                                                                            [INK] 
     effects: stoned
OK  Sanhedrin 60b:12 — the punished bow's warning                                                    [MOVE] 
     effects: stoned
OK  CALLED ordinances.land(no_bow)                                                                   [IMPORT] 
     effects: stoned
OK  Mishnah Horayot 1:3 — the bower exempted is a partial error                                      [ANSWER-SHEET] 
     effects: bears_sin
OK  three whoring clauses in two verses                                                              [INK] 
     effects: intermarriage_barred
OK  "and you eat of his sacrifice" a hapax                                                           [INK] 
     effects: barred_from_it
OK  Avodah Zarah 8a:17 — the invitation is the eating                                                [MOVE] 
     effects: barred_from_it
OK  Mishnah Avodah Zarah 2:3 — the sacrifices of the dead                                            [ANSWER-SHEET] 
     effects: barred_from_it
OK  "of their daughters for your sons" — two Torah seats                                             [INK] 
     effects: intermarriage_barred
OK  Avodah Zarah 36b:9 — the ban's two channels                                                      [MOVE] 
     effects: intermarriage_barred
OK  Mishnah Kiddushin 3:12 — the child as she is                                                     [ANSWER-SHEET] 
     effects: intermarriage_barred
OK  "molten gods" — 34:17 and Lev 19:4 with the vav                                                  [INK] 
     effects: molten_image_barred
OK  Makkot 23a:4 / Pesachim 118a:12 — the inserted neighbor legislates                               [MOVE] 
     effects: molten_image_barred
OK  the second seat's verses with no first seat                                                      [INK] 
     effects: molten_image_barred, pilgrim_land_guarded
OK  Mishnah Avodah Zarah 4:4 — an Israelite's idol forbidden once worshipped                         [ANSWER-SHEET] 
     effects: molten_image_barred
OK  Mishnah Avodah Zarah 4:2 — the altar class                                                       [ANSWER-SHEET] 
     effects: barred_from_it
OK  Mishnah Avodah Zarah 3:5 — made objects, not the ground                                          [ANSWER-SHEET] 
     effects: demolished
OK  Rosh Hashanah 17b:7 — the covenant with the thirteen                                             [MOVE] 
     effects: covenant_cut
OK  the eight clause-pairs aligned                                                                   [INK] 
     effects: —
OK  34:26 == 23:19 token for token                                                                   [INK] 
     effects: restores, barred_from_it
OK  CALLED calendar.kid_in_milk x3                                                                   [IMPORT] 
     effects: barred_from_it
OK  CALLED calendar.first_fruits                                                                     [IMPORT] 
     effects: restores
OK  34:22 against 23:16 — the feasts' delta                                                          [INK] 
     effects: appearance_owed
OK  "weeks" whose consonants are "seven"                                                             [INK] 
     effects: appearance_owed
OK  Menachot 84b:4 — the two loaves of wheat                                                         [MOVE] 
     effects: accepted
OK  CALLED moadim.two_loaves — count and flour                                                       [IMPORT] 
     effects: accepted
OK  "the turn of the year" — three forms                                                             [INK] 
     effects: appearance_owed
OK  Sanhedrin 13a:1 — the equinox rule                                                               [MOVE] 
     effects: appearance_owed
OK  34:18 against 23:15 — the matzah delta                                                           [INK] 
     effects: purge_deadline
OK  "as I commanded you" written without the kaf at the second seat                                  [INK] 
     effects: purge_deadline
OK  CALLED calendar.matzah and pesach.leaven_machine                                                 [IMPORT] 
     effects: purge_deadline
OK  "they shall not appear before Me empty" at exactly two seats                                     [INK] 
     effects: appearance_gift_owed
OK  Bekhorot 51b:8 — the moved clause read where it stands                                           [MOVE] 
     effects: appearance_gift_owed
OK  Kiddushin 17a:7 — "empty" exported to the severance gift                                         [MOVE] 
     effects: appearance_gift_owed
OK  Mishnah Chagigah 1:2 — the two amounts (data)                                                    [DATA] 
     effects: appearance_gift_owed
OK  Chagigah 6a:14 — the chagigah before the Utterance                                               [MOVE] 
     effects: appearance_gift_owed
OK  34:20 against 13:13 — the firstborn delta                                                        [INK] 
     effects: redeem_or_break
OK  "peter chamor" defective, plene with the vav, plene bare                                         [INK] 
     effects: redeem_or_break
OK  Bekhorot 5b:7 — peter chamor twice                                                               [MOVE] 
     effects: redeem_or_break
OK  Mishnah Bekhorot 1:2 — exempt                                                                    [ANSWER-SHEET] 
     effects: exempt
OK  Bekhorot 6a:6 — the general and its particulars                                                  [INK] 
     effects: consecrated_firstborn
OK  "remember-the-male" at nine seats, eight of them "remember"                                      [INK] 
     effects: consecrated_firstborn
OK  "tifdeh" six seats, three per verse                                                              [INK] 
     effects: redeem_or_break
OK  Bekhorot 10b:27 — tifdeh tifdeh                                                                  [MOVE] 
     effects: redeem_or_break
OK  Kiddushin 29a:17 — tipadeh                                                                       [MOVE] 
     effects: redeem_or_break
OK  Kiddushin 29b:5 — the clause order                                                               [MOVE] 
     effects: redeem_or_break
OK  Mishnah Bekhorot 1:7 — redemption precedes breaking                                              [ANSWER-SHEET] 
     effects: redeem_or_break
OK  CALLED pesach.firstborn(donkey)                                                                  [IMPORT] 
     effects: redeem_or_break
OK  "break its neck" at two seats                                                                    [INK] 
     effects: redeem_or_break
OK  Mishnah Bekhorot 1:4 — the seh class                                                             [ANSWER-SHEET] 
     effects: redeem_or_break
OK  34:21 against 23:12 — the rest delta                                                             [INK] 
     effects: rest_required
OK  CALLED calendar.weekly_rest x2                                                                   [IMPORT] 
     effects: rest_required
OK  THE ADDED TOKENS READ THREE WAYS                                                                 [MOVE] 
     effects: land_release, rest_required
OK  Mishnah Sheviit 1:4 — both readings inside the row                                               [ANSWER-SHEET] 
     effects: land_release
OK  CALLED calendar.sabbatical x2                                                                    [IMPORT] 
     effects: land_release
OK  34:23 against 23:17 — the appearing delta                                                        [INK] 
     effects: appearance_owed
OK  CALLED calendar.pilgrimage x3                                                                    [IMPORT] 
     effects: appearance_owed
OK  "no man shall covet" a hapax form                                                                [INK] 
     effects: pilgrim_land_guarded
OK  Pesachim 8b:7 — the warranty                                                                     [MOVE] 
     effects: pilgrim_land_guarded
OK  34:25 against 23:18 — the leaven delta                                                           [INK] 
     effects: purge_deadline, disqualified
OK  CALLED calendar.offering_windows x2 and pesach.paschal_procedure                                 [IMPORT] 
     effects: purge_deadline, disqualified
OK  Pesachim 64a:5-6 — "My sacrifice" at two seats                                                   [MOVE] 
     effects: purge_deadline
OK  Mishnah Pesachim 5:4 — a negative                                                                [ANSWER-SHEET] 
     effects: purge_deadline
OK  Pesachim 70a:5 — the chagigah's overnight rule                                                   [MOVE] 
     effects: disqualified
OK  Pesachim 59b:8 — "to the morning"                                                                [MOVE] 
     effects: disqualified
OK  Pesachim 5a:16 — the purge before the slaughter                                                  [MOVE] 
     effects: purge_deadline
OK  THE HEADLINE — the second seat's delta                                                           [MOVE] 
     effects: —
OK  "hew for yourself" at two seats                                                                  [INK] 
     effects: tablets_delivered
OK  Nedarim 38a:3-4 — the chips and the writing his                                                  [MOVE] 
     effects: tablets_delivered
OK  Yevamot 62a:4 — the breaking ratified                                                            [MOVE] 
     effects: tablets_delivered
OK  CALLED sanctuary_build.ark(tablets_and_fragments)                                                [IMPORT] 
     effects: tablets_delivered
OK  "and no man shall go up" a hapax                                                                 [INK] 
     effects: barred_from_it
OK  Taanit 21b:4 — the graze ban bound to the Presence                                               [MOVE] 
     effects: barred_from_it
OK  "called on the name of the LORD" — the patriarchs' verb                                          [INK] 
     effects: attributes_proclaimed
OK  "the LORD, the LORD" — with Psalm 104 alone                                                      [INK] 
     effects: attributes_proclaimed
OK  the formula's clauses censused                                                                   [INK] 
     effects: attributes_proclaimed
OK  Rosh Hashanah 17b:5 — the order of prayer                                                        [MOVE] 
     effects: attributes_proclaimed
OK  Yoma 86a:5 — the tension resolved by repentance                                                  [MOVE] 
     effects: atoned_forgiven
OK  Yoma 86a:3 — His Name not cleared                                                                [MOVE] 
     effects: atoned_forgiven
OK  Bava Kamma 50b:1 — the dual anger                                                                [MOVE] 
     effects: attributes_proclaimed
OK  "fathers upon children" seven, "shall not be put to death" two                                   [INK] 
     effects: attributes_proclaimed
OK  Berakhot 7a:26 — when they hold their fathers' deeds                                             [MOVE] 
     effects: attributes_proclaimed
OK  Makkot 24a:30 — Ezekiel annulled it                                                              [MOVE] 
     effects: attributes_proclaimed
OK  Mishnah Yoma 4:2 — the confession's order                                                        [ANSWER-SHEET] 
     effects: confessed
OK  34:9 a hapax                                                                                     [INK] 
     effects: atoned_forgiven
OK  "by the mouth of these words" — with Genesis alone                                               [INK] 
     effects: oral_law_unwritten
OK  Gittin 60b:5 — THE MEDIUM LAW                                                                    [MOVE] 
     effects: oral_law_unwritten
OK  Gittin 60b:2 — mostly oral / mostly written                                                      [MOVE] 
     effects: oral_law_unwritten
OK  "the ten words" at three seats                                                                   [INK] 
     effects: tablets_delivered
OK  forty days at nine seats; bread and water at two                                                 [INK] 
     effects: tablets_delivered
OK  the radiance and the veil, three each                                                            [INK] 
     effects: face_radiant
OK  Beitzah 16a:6 — the gift that reveals itself                                                     [MOVE] 
     effects: face_radiant
OK  "Sinai" thirteen times in Exodus                                                                 [INK] 
     effects: —
OK  Megillah 31a:16 — the intermediate Sabbath reads this span                                       [DATA] 
     effects: —
OK  "when He finished" defective at seven seats                                                      [INK] 
     effects: tablets_delivered
OK  the tablets-word's written forms                                                                 [INK] 
     effects: tablets_delivered
OK  Eruvin 54a:19 — engraved                                                                         [MOVE] 
     effects: tablets_delivered
OK  the seventy elders at three seats                                                                [INK] 
     effects: entered_the_covenant
OK  Mishnah Rosh Hashanah 2:9 — the unnamed elders                                                   [ANSWER-SHEET] 
     effects: majority_decides
OK  "one voice" — with the Chronicler alone                                                          [INK] 
     effects: entered_the_covenant
OK  "the book of the covenant" at four seats                                                         [INK] 
     effects: oral_law_unwritten
OK  "the blood of the covenant" a Torah hapax                                                        [INK] 
     effects: entered_the_covenant
OK  "the youths" a hapax                                                                             [INK] 
     effects: accepted
OK  Onkelos — the firstborn                                                                          [MOVE] 
     effects: accepted
OK  CALLED shemini_day.eras(switch)                                                                  [IMPORT] 
     effects: invested_office
OK  CALLED offerings.dispatch(olah:herd)                                                             [IMPORT] 
     effects: accepted
OK  Zevachim 116a:12 — the pre-Sinai table corrected                                                 [MOVE] 
     effects: accepted
OK  Chagigah 6b:12 — the parse question                                                              [MOVE] 
     effects: accepted
OK  THE FRONT END'S PARSE — the etnachta on the burnt offerings                                      [INK] 
     effects: accepted
OK  Chagigah 6b:13 — for the pausing of the accents                                                  [MOVE] 
     effects: accepted
OK  Chagigah 6b:14 — TEIKU                                                                           [MOVE] 
     effects: accepted
OK  Chagigah 6b:11 — no flaying before the tent                                                      [MOVE] 
     effects: accepted
OK  Chagigah 6a:15 — the tamid or the appearance                                                     [MOVE] 
     effects: accepted
OK  Keritot 9a:9 — THE CONVERT'S RITE                                                                [MOVE] 
     effects: entered_the_covenant, immersed
OK  Mishnah Keritot 2:1 — the convert lacking atonement                                              [ANSWER-SHEET] 
     effects: entered_the_covenant
OK  Zevachim 97b:8 — the basins' vessel rule                                                         [MOVE] 
     effects: accepted
OK  "sapphire brick" a hapax                                                                         [INK] 
     effects: —
OK  Menachot 43b:13 — the blue chain                                                                 [MOVE] 
     effects: takes_four_species
OK  Yoma 15b:1 — the exposed altar                                                                   [MOVE] 
     effects: accepted
OK  Megillah 9a:16 — the elect for the youths                                                        [MOVE] 
     effects: —
OK  Onkelos 24:8 — to atone for the people                                                           [MOVE] 
     effects: entered_the_covenant, atoned_forgiven
OK  Berakhot 17a:12 — the meal transposed                                                            [MOVE] 
     effects: —
OK  "the torah and the commandment" — with Kings alone                                               [INK] 
     effects: tablets_delivered
OK  Berakhot 5a:3 — THE CANON CHANNEL                                                                [MOVE] 
     effects: oral_law_unwritten
OK  "whoever has a case" a hapax                                                                     [INK] 
     effects: majority_decides
OK  Bava Kamma 46b:5 — the burden of proof                                                           [MOVE] 
     effects: majority_decides
OK  24:16 — six days and the seventh day                                                             [INK] 
     effects: —
OK  Taanit 28b:9-10 — the seventeenth of Tammuz computed                                             [MOVE] 
     effects: tablets_delivered
OK  Mishnah Taanit 4:6 — the tablets broken                                                          [ANSWER-SHEET] 
     effects: tablets_delivered
OK  "under the mountain" at three seats                                                              [INK] 
     effects: —
OK  Yoma 4b:9 — within-within                                                                        [MOVE] 
     effects: —
OK  forty days and forty nights at nine seats                                                        [INK] 
     effects: —
OK  "a molten calf" at four seats                                                                    [INK] 
     effects: molten_image_barred
OK  Sanhedrin 63a:17 — they desired many gods                                                        [MOVE] 
     effects: molten_image_barred
OK  "a feast to the LORD" at five seats                                                              [INK] 
     effects: accepted
OK  CALLED ordinances.capital(idolater_row)                                                          [IMPORT] 
     effects: stoned
OK  Sanhedrin 63a:14 — the bowing likened                                                            [MOVE] 
     effects: stoned
OK  "to play" at four seats                                                                          [INK] 
     effects: —
OK  "turned quickly" three, "stiff-necked" six                                                       [INK] 
     effects: —
OK  Berakhot 32a:16 — Moses seized Him                                                               [MOVE] 
     effects: decree_relented
OK  Berakhot 32a:17 — the one-legged chair                                                           [MOVE] 
     effects: decree_relented
OK  "and Moses beseeched" at fourteen seats                                                          [INK] 
     effects: decree_relented
OK  Berakhot 32a:19 — THE VOW ANNULLED                                                               [MOVE] 
     effects: decree_relented
OK  Berakhot 32a:24 — the oath by the Name                                                           [MOVE] 
     effects: decree_relented
OK  "and the LORD relented" five; "of the evil" five                                                 [INK] 
     effects: decree_relented
OK  "both their sides" and "engraved" — two hapaxes                                                  [INK] 
     effects: tablets_delivered
OK  Shabbat 89a:6 — the sixth hour came                                                              [MOVE] 
     effects: —
OK  32:20 — the four verbs                                                                           [INK] 
     effects: ground_and_scattered, made_to_drink
OK  the sotah's drinking verb in Numbers 5                                                           [INK] 
     effects: made_to_drink
OK  Mishnah Avodah Zarah 3:3 — the two arms                                                          [ANSWER-SHEET] 
     effects: ground_and_scattered
OK  Avodah Zarah 44a:2 — the fourth verb decides                                                     [MOVE] 
     effects: made_to_drink
OK  "let loose" spelled like Pharaoh                                                                 [INK] 
     effects: —
OK  "whoever is for the LORD" a hapax; the sword on the thigh with the Song                          [INK] 
     effects: slain_by_sword
OK  Yoma 66b:15 — all the sons of Levi                                                               [MOVE] 
     effects: slain_by_sword
OK  Yoma 66b:14 — THE THREE DEATHS AS A VERDICT TABLE                                                [MOVE] 
     effects: slain_by_sword, plague_struck, made_to_drink
OK  "fill your hand" a hapax; CALLED incense_shekel.persons(fill_hand)                               [INK] 
     effects: invested_office
OK  "a great sin" at four seats                                                                      [INK] 
     effects: confessed
OK  Yoma 86b:14 — specify the sin                                                                    [MOVE] 
     effects: confessed
OK  Rosh Hashanah 16b:14 — THE THREE BOOKS                                                           [MOVE] 
     effects: blotted_from_the_book
OK  32:33 — him I will blot                                                                          [INK] 
     effects: blotted_from_the_book
OK  Sanhedrin 102a:15 — one twenty-fourth                                                            [MOVE] 
     effects: blotted_from_the_book
OK  "and the LORD plagued" five; the plague-noun thirty-one                                          [INK] 
     effects: plague_struck
OK  Mishnah Megillah 4:10 — the second read, not translated                                          [ANSWER-SHEET] 
     effects: —
OK  "ornaments" spelled "witnesses"                                                                  [INK] 
     effects: —
OK  "Horeb" plene at one seat                                                                        [INK] 
     effects: —
OK  "outside the camp" twenty-eight; "seeker of the LORD" once                                       [INK] 
     effects: —
OK  Berakhot 63b:6 — the twelve mil                                                                  [MOVE] 
     effects: —
OK  Sanhedrin 5b:9 — THE RULING-DISTANCE                                                             [MOVE] 
     effects: majority_decides
OK  Kiddushin 33b:15 — praise or discredit                                                           [MOVE] 
     effects: —
OK  the pillar six, face to face five                                                                [INK] 
     effects: —
OK  "did not depart" at nine seats                                                                   [INK] 
     effects: —
OK  Menachot 99b:19 — a blessing, not a commandment                                                  [MOVE] 
     effects: —
OK  Temurah 16a:6 — three hundred forgotten                                                          [MOVE] 
     effects: oral_law_unwritten
OK  Mishnah Avot 1:1 — the chain                                                                     [ANSWER-SHEET] 
     effects: oral_law_unwritten
OK  "by name" twice; favor six times                                                                 [INK] 
     effects: —
OK  four hapaxes of the vision protocol                                                              [INK] 
     effects: —
OK  Menachot 35b:8 — THE KNOT OF THE TEFILLIN                                                        [MOVE] 
     effects: —
OK  Yevamot 49b:7 — Manasseh                                                                         [MOVE] 
     effects: —
OK  Onkelos 33:11 — speech with speech                                                               [MOVE] 
     effects: —
OK  "I have called by name" / "the LORD has called by name"                                          [INK] 
     effects: appointed_by_name
OK  Berakhot 55a:10 — a good leader announced                                                        [MOVE] 
     effects: appointed_by_name
OK  CALLED sanctuary_build.offering(named_by_name / consent)                                         [IMPORT] 
     effects: appointed_by_name
OK  "the spirit of God" thirteen; the triple a hapax                                                 [INK] 
     effects: spirit_filled
OK  Berakhot 55a:14 — wisdom to the wise                                                             [MOVE] 
     effects: spirit_filled
OK  31:2-4 against 35:30-32 — the deltas                                                             [INK] 
     effects: appointed_by_name
OK  THE RUN ADDS THE TEACHING CLAUSE                                                                 [INK] 
     effects: appointed_by_name
OK  THE INVENTORY AT FIVE SEATS                                                                      [INK] 
     effects: —
OK  Menachot 50b:2 — only what is stated                                                             [MOVE] 
     effects: strange_offering_barred
OK  the craftsmen's alignment                                                                        [INK] 
     effects: —
OK  "the finger of God" at three seats                                                               [INK] 
     effects: tablets_delivered
OK  the donation's alignment                                                                         [INK] 
     effects: —
OK  25:4-5 == 35:6-7 token for token                                                                 [INK] 
     effects: given_by_the_heart
OK  the materials' first verses in the run                                                           [INK] 
     effects: given_by_the_heart
OK  "the spice" singular at three seats                                                              [INK] 
     effects: —
OK  CALLED sanctuary_build.offering(trigger / set_apart / halt)                                      [IMPORT] 
     effects: given_by_the_heart
OK  the heart-tokens twelve times                                                                    [INK] 
     effects: given_by_the_heart
OK  Shevuot 26b:15 — THE HEART BINDS                                                                 [MOVE] 
     effects: given_by_the_heart
OK  Chagigah 10a:8 — the vows' release rests on it                                                   [MOVE] 
     effects: given_by_the_heart
OK  Mishnah Chagigah 1:8 — mountains by a hair                                                       [ANSWER-SHEET] 
     effects: —
OK  the spinning verb at two seats                                                                   [INK] 
     effects: given_by_the_heart
OK  Shabbat 74b:6 — extra wisdom                                                                     [MOVE] 
     effects: given_by_the_heart
OK  "a wave-offering of gold" / "the gold of the wave-offering"                                      [INK] 
     effects: given_by_the_heart
OK  Yoma 75a:19 — princes or clouds                                                                  [MOVE] 
     effects: given_by_the_heart
OK  CALLED sanctuary_build.offering(dwells_in)                                                       [IMPORT] 
     effects: presence_dwells
OK  40:2 — the command dated                                                                         [INK] 
     effects: tabernacle_erected
OK  the command's verbs and inventory                                                                [INK] 
     effects: —
OK  "and you shall screen" — with Ruth alone                                                         [INK] 
     effects: veil_divides
OK  Menachot 62a:13 — on means beside                                                                [MOVE] 
     effects: bread_set_weekly
OK  Sukkah 7b:8 — a partition called covering                                                        [MOVE] 
     effects: veil_divides
OK  40:9-15 — thirteen verbs of anointing and dressing                                               [INK] 
     effects: anointed
OK  CALLED incense_shekel.oil(run_exod40 / run_lev8)                                                 [IMPORT] 
     effects: anointed
OK  40:12 matches 29:4                                                                               [INK] 
     effects: immersed
OK  CALLED vestments.investiture x2                                                                  [IMPORT] 
     effects: invested_office
OK  40:15 — the INTERNAL pointer                                                                     [INK] 
     effects: anointed
OK  "for an everlasting priesthood" a hapax                                                          [INK] 
     effects: invested_office
OK  40:16 — the global stamp                                                                         [INK] 
     effects: inspected_as_commanded
OK  THE SEVEN STAMPS                                                                                 [INK] 
     effects: inspected_as_commanded
OK  CALLED vestments.completion x3                                                                   [IMPORT] 
     effects: inspected_as_commanded
OK  every "as" in the chapter                                                                        [INK] 
     effects: inspected_as_commanded
OK  the command against the execution, block by block                                                [INK] 
     effects: —
OK  the whole                                                                                        [INK] 
     effects: —
OK  THE RUN DROPS ITS OWN LAST SEVEN COMMANDS                                                        [INK] 
     effects: anointed, invested_office
OK  and Leviticus picks them up                                                                      [INK] 
     effects: anointed, invested_office
OK  "in the second year" at five seats                                                               [INK] 
     effects: tabernacle_erected
OK  "was erected" passive beside "erected" active                                                    [INK] 
     effects: tabernacle_erected
OK  Tanchuma Buber Pekudei 8:1 — rose of itself                                                      [MOVE] 
     effects: tabernacle_erected
OK  the erection day at three seats in two books                                                     [INK] 
     effects: tabernacle_erected
OK  CALLED shemini_day.day(date)                                                                     [IMPORT] 
     effects: tabernacle_erected
OK  Rosh Hashanah 3a:5 — Nisan the year's head                                                       [MOVE] 
     effects: tabernacle_erected
OK  CALLED shemini_day.fire(ten_crowns) — two written here                                           [IMPORT] 
     effects: tabernacle_erected
OK  Shabbat 87b:6 — a Sunday (data)                                                                  [DATA] 
     effects: tabernacle_erected
OK  Menachot 99a:10 — raise, never lower                                                             [MOVE] 
     effects: tabernacle_erected
OK  40:19 "the tent" — one token, three laws                                                         [INK] 
     effects: —
OK  Mishnah Shabbat 2:3 — flax only                                                                  [ANSWER-SHEET] 
     effects: —
OK  THE MAKING'S DROPPED USE CLAUSES RUN HERE — thirteen                                             [INK] 
     effects: staves_fixed, veil_divides, bread_set_weekly, lamp_arranged
OK  the eleven not picked up — the measures                                                          [INK] 
     effects: —
OK  CALLED sanctuary_build.ark(staves / staves_prohibition)                                          [IMPORT] 
     effects: staves_fixed
OK  CALLED sanctuary_build.ark(testimony / tablets_and_fragments)                                    [IMPORT] 
     effects: tablets_delivered
OK  the direction-words differ between spec and run                                                  [INK] 
     effects: —
OK  CALLED sanctuary_build.veil x2 and ark(meeting_dropped)                                          [IMPORT] 
     effects: veil_divides
OK  "and Moses finished the work" — the creation's verb                                              [INK] 
     effects: work_completed
OK  CALLED incense_shekel.tamid(initiations)                                                         [IMPORT] 
     effects: bread_set_weekly, lamp_arranged, incense_continual, tamid_owed
OK  Mishnah Menachot 4:4 — the four initiations                                                      [ANSWER-SHEET] 
     effects: bread_set_weekly, lamp_arranged, incense_continual, tamid_owed
OK  "an arrangement of bread" a hapax                                                                [INK] 
     effects: bread_set_weekly
OK  CALLED sanctuary_build.table(continually) and priesthood.lamp_table x2                           [IMPORT] 
     effects: bread_set_weekly
OK  the table initiated at the first Sabbath (data)                                                  [DATA] 
     effects: bread_set_weekly
OK  the lamp-raising seven; "the lamps" four                                                         [INK] 
     effects: lamp_arranged
OK  CALLED sanctuary_build.menorah / lamp and priesthood.lamp_table                                  [IMPORT] 
     effects: lamp_arranged
OK  CALLED incense_shekel.incense_altar(first_incense)                                               [IMPORT] 
     effects: incense_continual
OK  "and he burned" — Moses at 40:27 and Lev 8, Aaron at Lev 9                                       [INK] 
     effects: incense_continual
OK  Zevachim 101b:14 — Moses a high priest                                                           [MOVE] 
     effects: incense_continual, tamid_owed
OK  CALLED incense_shekel.tamid x2 and shemini_day.order                                             [IMPORT] 
     effects: tamid_owed
OK  Lev 9:17 "besides the morning burnt offering" — two seats                                        [INK] 
     effects: tamid_owed
OK  CALLED incense_shekel.laver(run / between)                                                       [IMPORT] 
     effects: hands_feet_sanctified
OK  40:32 — 30:20's two loci word for word                                                           [INK] 
     effects: hands_feet_sanctified
OK  40:31 matches 30:19 with one token added: MOSES                                                  [INK] 
     effects: hands_feet_sanctified
OK  Zevachim 21b:12 — THE LAVER'S MINIMUM OF FOUR                                                    [MOVE] 
     effects: hands_feet_sanctified
OK  Zevachim 19b:9 — what binds the sons binds him                                                   [MOVE] 
     effects: hands_feet_sanctified
OK  Zevachim 22a:4 — the base's a-fortiori                                                           [MOVE] 
     effects: hands_feet_sanctified
OK  Zevachim 58b:16 — the laver drawn south                                                          [MOVE] 
     effects: hands_feet_sanctified
OK  the glory filling at seven seats in four books                                                   [INK] 
     effects: presence_dwells, glory_appeared
OK  "could not enter" — Moses and the priests                                                        [INK] 
     effects: barred_from_it
OK  Yoma 4b:9 — within-within                                                                        [MOVE] 
     effects: barred_from_it
OK  CALLED incense_shekel.tamid(dwell) and sanctuary_build.offering(dwells_in)                       [IMPORT] 
     effects: presence_dwells
OK  CALLED incense_shekel.tamid(meeting) and shemini_day.fire x2                                     [IMPORT] 
     effects: meeting_appointed
OK  "in all their journeys" six; the lifting's three forms                                           [INK] 
     effects: camp_moves_by_the_cloud
OK  fire by night seven, cloud by day eight                                                          [INK] 
     effects: camp_moves_by_the_cloud
OK  40:36-37 — the protocol                                                                          [INK] 
     effects: camp_moves_by_the_cloud
OK  the protocol against Numbers 9                                                                   [INK] 
     effects: camp_moves_by_the_cloud
OK  Rosh Hashanah 3a:5 — the first lifting                                                           [MOVE] 
     effects: camp_moves_by_the_cloud
OK  THE SCENE — the erection on the world engine                                                     [INK] 
     effects: released, tabernacle_erected, high_places_banned, tablets_delivered, staves_fixed, veil_divides, bread_set_weekly, lamp_arranged, incense_continual, tamid_owed, hands_feet_sanctified, work_completed, presence_dwells, barred_from_it, meeting_appointed, camp_moves_by_the_cloud
OK  CALLED shemini_day.SCENE                                                                         [IMPORT] 
     effects: released
OK  THE W6 SCENE — the craftsmen and the donation on the world engine                                [ANSWER-SHEET] 
     effects: appointed_by_name, spirit_filled, given_by_the_heart
OK  THE W7 SCENE — the Sinai narrative's laws on the world engine                                    [ANSWER-SHEET] 
     effects: majority_decides, entered_the_covenant, oral_law_unwritten, accepted, invested_office, atoned_forgiven, immersed, tablets_delivered, face_radiant, molten_image_barred, barred_from_it, stoned, slain_by_sword, plague_struck, made_to_drink, bears_sin, decree_relented, confessed, blotted_from_the_book, ground_and_scattered, attributes_proclaimed, covenant_cut, nations_driven_out, covenant_barred, demolished, intermarriage_barred
OK  THE HEADLINE (1) — the second seat                                                               [MOVE] 
     effects: —
OK  THE HEADLINE (2) — the unrun commands                                                            [INK] 
     effects: —
OK  THE HEADLINE (3) — the pickup                                                                    [INK] 
     effects: —
OK  the stamps counted                                                                               [INK] 
     effects: inspected_as_commanded
OK  the inventory at five seats                                                                      [INK] 
     effects: —

MATRIX: 287/287 cells match the answer sheet
FRACTIONS: pure ink 131/287 (45%) · recorded moves 93/287 (32%) · answer-sheet 23/287 · data 4/287 · imports 36/287 · hypotheses 0/287
LEDGER OPS this span writes: block x43, body x15, debit x11, destroy x9, heaven x60, status x92, timer x34, transfer x43
effects: every cell carries REGISTERED effects — TWENTY-TWO discovered in these verses' own verbs: entered_the_covenant, covenant_cut, appointed_by_name, spirit_filled, face_radiant, tabernacle_erected, camp_moves_by_the_cloud (STATUS), tablets_delivered, given_by_the_heart, nations_driven_out (TRANSFER), decree_relented, blotted_from_the_book, plague_struck, attributes_proclaimed, pilgrim_land_guarded (HEAVEN), made_to_drink, slain_by_sword (BODY), ground_and_scattered (DESTROY), intermarriage_barred, molten_image_barred, oral_law_unwritten (BLOCK), appearance_gift_owed (DEBIT) [effects law satisfied]
SCENE: (1, 1, 1, 1, 1, 1, 1, 2, 2, 1, 3, 1, 1, 1, 1, 1, 5, 360) — the installation released into the first of Nisan; the four initiations; the Presence dwells and the meeting appointed (promised at E2 and E4, fired here)
SCENE (W6, the craftsmen and the donation): (2, 2, 5, 8, 1)
SCENE (W7, the Sinai narrative's laws): (3, 4, 3, 1, 2, 2, 1, 2, 1, 2, 3, 1, 2, 1, 2, 1, 1, 1, 1, 1, 3, 1, 1, 1, 1, 2, 3, 3, 105, 32, 186, (1, 4, 17), (1, 7, 10))
WATCH COVERAGE (the erection; the craftsmen and the donation — W6; the Sinai narrative — W7):
  WATCH law_installation       seen  15  fired   2  on: installation_commanded, milluim_blood_sprinkled
  WATCH law_erection           seen  15  fired  13  on: bread_arranged, called_from_the_tent, cloud_lifted, could_not_enter, erected, glory_filled, hands_feet_washed, incense_burned, lamps_raised, tamid_offered, testimony_placed, veil_hung, work_finished
  WATCH law_erection           seen   8  fired   8  on: craftsman_called, offering_brought
  WATCH law_erection           seen  32  fired  30  on: ascent_barred, attributes_proclaimed_at_sinai, bowed_to_another_god, calf_destroyed, calf_made, case_brought_to_deputies, covenant_blood_thrown, covenant_cut_at_sinai, daughters_taken, elders_ascended, entered_the_land, levites_gathered, moses_ascended, moses_interceded, people_answered, sacrifice_of_inhabitant_eaten, tent_pitched_outside, youths_offered
THE COVENANT WRITTEN A SECOND TIME, THE BLOOD COVENANT, THE CALF AND THE PRESENCE, THE CRAFTSMEN AND THE DONATION, AND THE ERECTION COMPILED — the second seat's delta is where the tradition argues; the run drops its own last seven commands and Leviticus picks them up; the making's dropped use clauses run here; the laver's four from the run's added Moses; the cantillation answers the sugya's parse; eleven engines CALLED.
guard: 155 expectations checked, every one a literal from the answer sheet [honest-pairing guard satisfied]
guard: 66 expectations checked, every one a literal from the answer sheet [honest-pairing guard satisfied]
probes: all 36 token probes fired  [zero-report law satisfied]

probes: all 39 ink-token probes fired (4 imports receipted) [zero-report law satisfied]
censuses: the FIFTH at [13, 15, 19, 27, 31] — forms ['חמישתו', 'חמישית', 'חמשית', 'חמשתו', 'חמשיתו'] (plene at 13 and 15, defective at 19, 27, 31) · the substitute clause at [10, 33] (the vow and the tithe) · holy tokens in 11 verses
routing receipt: cold_run_yovel.tithe_naming() CALLED (3 namings); cold_run_pesach.firstborn(donkey) CALLED -> 'redeem with a lamb, else break the neck'
answer sheet: 20 Mishnah rows token-verified in their own ink
guard: 41 test rows, every expected value a literal from the answer sheet [honest-pairing guard satisfied]

OK  THE SCENE — Temurah, Arakhin 8, Bekhorot 9 and the Sifra on the world engine (the daemon's w [INK] 
     effects: consecrated, substitution, lashes, redemption_right, adds_fifth, redeem_or_break, most_holy, due_to_priest, put_to_death
OK  Temurah 7:1 — an animal vowed to the altar: holy (the altar class)                           [INK] 
     effects: consecrated
OK  Temurah 7:1-2 — an unfit animal consecrated: the upkeep class, valued by the priest          [INK] 
     effects: consecrated
OK  Temurah 7:2 — unspecified consecrations go to the upkeep                                     [MOVE] 
     effects: consecrated
OK  Temurah 1:1 — substitution attempted: it takes, and forty                                    [INK] 
     effects: substitution, consecrated, lashes
OK  Temurah 1:2 — good for bad, bad for good: takes                                              [INK] 
     effects: substitution
OK  Temurah 1:2 — herd for flock, sheep for goats, blemished for whole: takes                    [INK] 
     effects: substitution
OK  Temurah 1:2 — one for two, one for a hundred (R. Shimon: one for one)                        [MOVE] 
     effects: substitution
OK  Temurah 1:6 — birds and meal offerings make no substitute                                    [INK] 
     effects: —
OK  Temurah 1:6 / 2:1 — the community and partners make no substitute                            [MOVE] 
     effects: —
OK  Temurah 1:3 — limbs and embryos make no substitute                                           [MOVE] 
     effects: —
OK  Temurah 1:5 / 2:3 — a substitute makes no substitute                                         [MOVE] 
     effects: —
OK  Temurah 2:3 — holiness lands on a permanently blemished substitute                           [MOVE] 
     effects: consecrated
OK  Temurah 2:3 — the inadvertent like the deliberate in substitution                            [MOVE] 
     effects: substitution
OK  Temurah 5:5 — "this instead of that": a substitute                                           [INK] 
     effects: substitution
OK  Temurah 5:5 — "the exchange of that": a substitute                                           [INK] 
     effects: substitution
OK  Temurah 5:5 — "this desanctified on that": not a substitute                                  [ANSWER-SHEET] 
     effects: redemption_right
OK  Temurah 7:1 — altar-holy substitute; upkeep-holy do not                                      [INK] 
     effects: —
OK  Menachot 9:7 — the heir substitutes                                                          [MOVE] 
     effects: substitution
OK  Arakhin 8:1 — the owner redeeming adds a fifth (the unfit beast)                             [INK] 
     effects: adds_fifth, redemption_right
OK  Arakhin 8:1-3 — the owner redeems his house with a fifth                                     [INK] 
     effects: adds_fifth, redemption_right
OK  Arakhin 8:2-3 — another redeems: the valuation, no fifth                                     [INK] 
     effects: redemption_right
OK  the five fifths of the chapter (27:13, 15, 19, 27, 31)                                       [INK] 
     effects: adds_fifth
OK  Menachot 12:1 — birds, wood, frankincense, vessels: no redemption, only a beast is said      [INK] 
     effects: —
OK  Bekhorot 1:7 (via the Passover engine) — the firstling donkey: a lamb, else the neck         [IMPORT] 
     effects: redeem_or_break
OK  Arakhin 8:7 — the firstborn: sanctify it for value, not for the altar                        [MOVE] 
     effects: consecrated
OK  Temurah 5:1 — outwitting the firstborn: "what is in her womb, if male, an olah"              [MOVE] 
     effects: consecrated
OK  Arakhin 8:6 — every devoted thing most holy, not sold, not redeemed                          [INK] 
     effects: most_holy
OK  Arakhin 8:6 — unspecified devotion: to the priests (Sages) / the upkeep (R. Yehuda b. Beteir [INK] 
     effects: due_to_priest
OK  Arakhin 8:4 — devoted ALL he has: not devoted                                                [INK] 
     effects: —
OK  Arakhin 8:5 — devoted his son, daughter, Hebrew slave, purchased field: not devoted          [INK] 
     effects: —
OK  Arakhin 8:6 — the priests' devotions: no redemption, given to the priests                    [ANSWER-SHEET] 
     effects: due_to_priest
OK  Arakhin 8:7 — the firstborn may be devoted                                                   [ANSWER-SHEET] 
     effects: consecrated
OK  Bekhorot 9:7 — the pen, the small gate, the count, the tenth marked                          [INK] 
     effects: consecrated
OK  Bekhorot 9:7 — not marked, counted lying or standing: tithed                                 [INK] 
     effects: consecrated
OK  Bekhorot 9:7 — a hundred and took ten: not a tithe                                           [INK] 
     effects: —
OK  Temurah 3:5 — the tithe substituted: both holy, not redeemed                                 [INK] 
     effects: substitution, consecrated
OK  Bekhorot 9:1 — herd and flock not tithed together                                            [INK] 
     effects: —
OK  Bekhorot 9:1 — sheep and goats tithed together ("and flock" — all flock one)                 [INK] 
     effects: consecrated
OK  Bekhorot 9:8 (via the Jubilee engine) — the ninth called tenth: sanctified, eaten blemished  [IMPORT] 
     effects: consecrated
OK  Bekhorot 9:8 (via the Jubilee engine) — the eleventh called tenth: a peace offering          [IMPORT] 
     effects: consecrated

MATRIX: 41/41 cells match the answer sheet
FRACTIONS: pure ink 25/41 (60%) · recorded moves 10/41 (24%) · answer-sheet 3/41 · data 0/41 · imports 3/41 · hypotheses 0/41
computed, not graded: the impure beast of 27:27 redeemed at valuation plus a fifth or sold (INK); the devoted person put to death, not ransomed (INK 27:29); the land tithe holy (INK 27:30) and redeemed with a fifth (INK 27:31); not examined good or bad (INK 27:33) — valuation_plus_fifth_or_sold, put_to_death_not_ransomed, holy_to_the_LORD, plus_fifth, not_examined_good_or_bad
LEDGER OPS this span writes: body x3, debit x14, status x22, transfer x5
effects: every cell carries REGISTERED effects — consecrated (STATUS) discovered from 27:9's own "shall be holy"; most_holy shared with the meal offering; substitution, adds_fifth, put_to_death, due_to_priest, redemption_right, lashes, redeem_or_break from the registry [effects law satisfied]
  WATCH law_temurah            seen  29  fired  22  on: consecrated_redeemed, herd_tithed, substitute_declared, thing_consecrated, thing_devoted

THE CONSECRATION, SUBSTITUTION, AND DEVOTION MACHINE COMPILES — the two substitution verbs, "beast for beast," "it and its substitute" at the vow and the tithe, the fifth censused five times, the partitive "from all that he has," the ordinal tenth under the rod; three calls into sister engines: the Jubilee engine's tithe naming and the Passover engine's firstling donkey.
guard: 274 expectations checked, every one a literal from the answer sheet [honest-pairing guard satisfied]
guard: 27 expectations checked, every one a literal from the answer sheet [honest-pairing guard satisfied]
guard: 159 expectations checked, every one a literal from the answer sheet [honest-pairing guard satisfied]
probes: all 142 token probes fired  [zero-report law satisfied]

probes: all 46 token probes fired  [zero-report law satisfied]

guard: 55 expectations checked, every one a literal from the answer sheet [honest-pairing guard satisfied]
probes: all 112 fired [zero-report law satisfied]
CALLED thirteen engines: sanctions, priesthood, yovel, pesach, incense_shekel, sanctuary_build, ordinances, holiness_b, holiness, mishpatim, mishpatim_2, clocks, guardians [IMPORT, live]
censuses: every literal measured before it was typed; the deed restated at four seats; the ink's own counts hold [tripwires armed]
alignment: the commission against its retelling j=0.27; the prayer j=0.35; the deed at four seats j=0.34/0.21/0.47; the levirate, the firstborn, the adoption, the burial, the hollow, the renamings diffed
answer sheet: 44 Mishnah rows verified by their own tokens (Kiddushin 1-2, Ketubot 5, Chullin 7, Yevamot 1, 2, 4, Bava Batra 8, Bekhorot 8 whole with the link and topic rows — the family docket)
guard: 228 test rows, every expected value a literal from the answer sheet [honest-pairing guard satisfied]

OK  the three modes run in one chapter (Kiddushin 1:5)                                               [INK] 
     effects: field_acquired, grave_holding, buried
OK  the silver weighed: four hundred                                                                 [INK] 
     effects: pays, field_acquired
OK  the price stated twice                                                                           [INK] 
     effects: pays
OK  "current with the merchant" — the phrase's only seat                                             [INK] 
     effects: pays
OK  the currency grade: centenaria; the sanctuary shekel at 25 seats                                 [MOVE] 
     effects: pays
OK  no overreaching on land (Bava Metzia 4:9) by call                                                [HYPOTHESIS] 
     effects: pays
OK  the record before the gate at two seats; "established" at two                                    [INK] 
     effects: field_acquired
OK  the deed's boundary clauses (Bava Batra 69b)                                                     [MOVE] 
     effects: field_acquired
OK  possession by the burial                                                                         [INK] 
     effects: buried, grave_holding
OK  "a holding of a grave" at five seats                                                             [INK] 
     effects: grave_holding
OK  the tenure by call: three modes, forever                                                         [HYPOTHESIS] 
     effects: grave_holding
OK  the Sinai field sale by call: by harvest years, 400, returns                                     [HYPOTHESIS] 
     effects: returns_to_holding
OK  the holding persists: "which Abraham bought" at three seats                                      [INK] 
     effects: grave_holding
OK  "a stranger and a sojourner" — Gen 23:4 and the jubilee chapter                                  [INK] 
     effects: grave_holding
OK  Ephron's three "given" against Abraham's one                                                     [INK] 
     effects: field_acquired
OK  "take from me" — the tractate's opening token                                                    [INK] 
     effects: field_acquired
OK  taking is acquisition: three and two                                                             [INK] 
     effects: field_acquired
OK  the onen exempt (Berakhot 18a)                                                                   [MOVE] 
     effects: dead_before_him
OK  my dead, your dead, his dead                                                                     [INK] 
     effects: dead_before_him
OK  the eulogy's beneficiary (Sanhedrin 46b)                                                         [MOVE] 
     effects: dead_before_him
OK  Machpelah's geometry (Eruvin 53a)                                                                [MOVE] 
     effects: grave_holding
OK  Machpelah at six seats                                                                           [INK] 
     effects: grave_holding
OK  "a prince of God" — the phrase's only seat                                                       [INK] 
     effects: grave_holding
OK  the sanctuary shekel by call                                                                     [IMPORT] 
     effects: pays
OK  the deed restated: eleven and twelve tokens                                                      [INK] 
     effects: burial_owed, buried
OK  the deed aligned at four seats                                                                   [INK] 
     effects: buried
OK  the deed cited at the burial (Sotah 13a)                                                         [MOVE] 
     effects: buried
OK  the burial run's stamp "as he commanded them"                                                    [INK] 
     effects: buried
OK  "an everlasting holding" at three seats                                                          [INK] 
     effects: grave_holding
OK  the possession's three years (Bava Batra 3:1) — data                                             [DATA] 
     effects: grave_holding
OK  the agent for the son: six and four                                                              [INK] 
     effects: agent_commissioned
OK  Isaac first acts at 24:62                                                                        [INK] 
     effects: agent_commissioned
OK  the mandate's place clause (Kiddushin 2:4)                                                       [INK] 
     effects: agent_commissioned
OK  the court oath's formula is Abraham's (Shevuot 38b); the guardians' 22:10 by call                [MOVE] 
     effects: sworn_by_the_name
OK  the object in the hand at three seats                                                            [MOVE] 
     effects: sworn_by_the_name
OK  "and I will make you swear" — the hapax                                                          [INK] 
     effects: sworn_by_the_name
OK  "the God of heaven" at nine seats                                                                [INK] 
     effects: sworn_by_the_name
OK  R. Meir's double condition (Kiddushin 61b)                                                       [MOVE] 
     effects: sworn_by_the_name
OK  her consent: "ask her mouth" — "I will go"                                                       [MOVE] 
     effects: consent_given
OK  their consent: "take and go" at two seats                                                        [MOVE] 
     effects: consent_given
OK  from the LORD — the three canons (Moed Katan 18b)                                                [MOVE] 
     effects: consent_given
OK  the family's parties (Ketubot 4:4)                                                               [ANSWER-SHEET] 
     effects: consent_given
OK  the handover to the husband's agent (Ketubot 4:5)                                                [ANSWER-SHEET] 
     effects: handed_to_the_agent
OK  the two gift moments and the retold order                                                        [INK] 
     effects: gifts_given
OK  the sivlonot after the giving (Kiddushin 2:6, 50b)                                               [MOVE] 
     effects: gifts_given
OK  the beka by call: two Torah seats of five                                                        [IMPORT] 
     effects: gifts_given
OK  the bracelets: plene, defective, plene                                                           [INK] 
     effects: gifts_given
OK  ten camels and ten gold                                                                          [INK] 
     effects: gifts_given
OK  "perhaps" plene at the spec, defective at the retelling                                          [INK] 
     effects: agent_commissioned
OK  Rebekah written na'ar five times, na'arah never                                                  [INK] 
     effects: consent_given
OK  "the girl" retold as "the maiden"                                                                [INK] 
     effects: agent_commissioned
OK  the prayer against its retelling                                                                 [INK] 
     effects: agent_commissioned
OK  the commission against its retelling                                                             [INK] 
     effects: agent_commissioned
OK  the God clause retold with 17:1's walk                                                           [INK] 
     effects: agent_commissioned
OK  the well against its retelling                                                                   [INK] 
     effects: agent_commissioned
OK  the question against its retelling                                                               [INK] 
     effects: gifts_given
OK  the virgin's two predicates                                                                      [INK] 
     effects: wife_taken
OK  the bride-price by call: the verb and the noun                                                   [IMPORT] 
     effects: wife_taken
OK  "as a wife" at the Sinai seat by call; two in span, thirty in the Torah                          [HYPOTHESIS] 
     effects: wife_taken
OK  the marriage formula's five verbs                                                                [INK] 
     effects: wife_taken, comforted
OK  the comfort at two seats                                                                         [INK] 
     effects: comforted
OK  the bride's year: "days" = a year; the walled-city year by call                                  [MOVE] 
     effects: consent_given
OK  "days or a decade" — the phrase's only seat                                                      [INK] 
     effects: consent_given
OK  the scribes' adornment (Nedarim 37b)                                                             [MOVE] 
     effects: consent_given
OK  "they rode" — the modest-language exception (Pesachim 3a)                                        [MOVE] 
     effects: handed_to_the_agent
OK  "after the man" (Berakhot 61a)                                                                   [MOVE] 
     effects: handed_to_the_agent
OK  the sip's spelling (Shabbat 77a)                                                                 [MOVE] 
     effects: agent_commissioned
OK  Isaac instituted the afternoon prayer                                                            [MOVE] 
     effects: wife_taken
OK  "with everything" — the daughter dispute                                                         [MOVE] 
     effects: agent_commissioned
OK  the three "alls"                                                                                 [INK] 
     effects: agent_commissioned
OK  old age and illness — the two firsts                                                             [MOVE] 
     effects: agent_commissioned
OK  the improper request answered properly (Taanit 4a)                                               [MOVE] 
     effects: agent_commissioned
OK  "kindness and truth" — the two family oaths                                                      [INK] 
     effects: sworn_by_the_name
OK  three lands for marriage (Ketubot 13:10) — her consent                                           [ANSWER-SHEET] 
     effects: consent_given
OK  the steward's title (Yoma 28b)                                                                   [MOVE] 
     effects: agent_commissioned
OK  the father takes a wife for the son at two seats                                                 [INK] 
     effects: agent_commissioned, wife_taken
OK  no Sinai seat: the thigh-vein's only seat                                                        [INK] 
     effects: sinew_barred
OK  "said at Sinai, written in its place" (Chullin 7:6)                                              [MOVE] 
     effects: sinew_barred
OK  the first "sons of Israel" in the Bible                                                          [INK] 
     effects: sinew_barred
OK  named four verses before                                                                         [INK] 
     effects: sinew_barred, name_changed
OK  "to this day" at four Genesis seats                                                              [INK] 
     effects: sinew_barred
OK  "THE thigh" — the article's only seat                                                            [INK] 
     effects: sinew_barred
OK  the article as the distinguished member — exported to four                                       [MOVE] 
     effects: sinew_barred
OK  the right thigh (Chullin 7:1; 91a)                                                               [MOVE] 
     effects: sinew_barred
OK  the hollow twice and twice                                                                       [INK] 
     effects: sinew_barred
OK  the fowl excluded: no rounded hollow                                                             [MOVE] 
     effects: sinew_barred
OK  on the hollow alone (Shmuel)                                                                     [MOVE] 
     effects: sinew_barred
OK  the pure-only derivation (Rava)                                                                  [MOVE] 
     effects: sinew_barred
OK  eat, not benefit (Pesachim 22a; Chullin 7:2)                                                     [MOVE] 
     effects: sinew_barred
OK  the olive and the whole creature (Chullin 7:3) — data                                            [DATA] 
     effects: sinew_barred
OK  five lashes on one act (Makkot 21b)                                                              [MOVE] 
     effects: sinew_barred
OK  the wound against the ban aligned                                                                [INK] 
     effects: sinew_barred
OK  "touched" at the wound and at the ban                                                            [INK] 
     effects: sinew_barred
OK  Jacob still Jacob: fifty-six; Abram: zero                                                        [INK] 
     effects: name_changed
OK  "no more" at all three renamings                                                                 [INK] 
     effects: name_changed
OK  the renamings aligned                                                                            [INK] 
     effects: name_changed
OK  Jacob and Israel in the testament chapter                                                        [INK] 
     effects: name_changed
OK  the two princes hinted (Chullin 92a)                                                             [MOVE] 
     effects: scepter_held
OK  "the sun rose for him" — the phrase's only seat                                                  [INK] 
     effects: sinew_barred
OK  alone for the jars — the righteous do not rob                                                    [MOVE] 
     effects: sinew_barred
OK  a scholar not alone at night                                                                     [MOVE] 
     effects: sinew_barred
OK  "you have striven" at two seats                                                                  [INK] 
     effects: name_changed
OK  the order of the sons is the duty's order                                                        [INK] 
     effects: levirate_owed
OK  the command's three imperatives                                                                  [INK] 
     effects: levirate_owed
OK  seed at the first seat, name at the second                                                       [INK] 
     effects: levirate_owed
OK  the name is inheritance — from 48:6 (Yevamot 24a)                                                [MOVE] 
     effects: levirate_owed
OK  "the name of the dead on his inheritance" — Ruth                                                 [INK] 
     effects: levirate_owed
OK  "and he has no son" opens two institutions                                                       [INK] 
     effects: levirate_owed
OK  38:8 against Deut 25:5-6 aligned                                                                 [INK] 
     effects: levirate_owed
OK  the Sinai seat by call: the brother's wife                                                       [IMPORT] 
     effects: levirate_owed, karet_cut_off, childless
OK  the brother not in his world by call                                                             [IMPORT] 
     effects: levirate_owed, exempt
OK  the fifteen by call — the daughter-in-law among them                                             [IMPORT] 
     effects: levirate_owed, exempt
OK  the daughter-in-law at Sinai by call: stoning, karet                                             [IMPORT] 
     effects: stoned, karet_cut_off
OK  the daughter-in-law named three times                                                            [INK] 
     effects: levirate_owed
OK  the kin-scope narrowed at the second seat                                                        [MOVE] 
     effects: levirate_owed
OK  who is a mamzer (Yevamot 4:13)                                                                   [ANSWER-SHEET] 
     effects: —
OK  Perez counted before Zerach; the dead named                                                      [INK] 
     effects: levirate_owed
OK  "Canaanite" read merchant (Pesachim 50a)                                                         [MOVE] 
     effects: wife_taken
OK  the gentile mother's child (Kiddushin 3:12)                                                      [ANSWER-SHEET] 
     effects: levirate_owed
OK  the waiting widow: her acts stand (Yevamot 4:3)                                                  [ANSWER-SHEET] 
     effects: waits_for_the_levir
OK  the minor refused (Yevamot 4:6)                                                                  [ANSWER-SHEET] 
     effects: waits_for_the_levir
OK  the timer set and checked                                                                        [INK] 
     effects: waits_for_the_levir
OK  the two-husbands presumption (Yevamot 64b)                                                       [MOVE] 
     effects: waits_for_the_levir
OK  no release form before Sinai: no shoe; "formerly in Israel"                                      [INK] 
     effects: waits_for_the_levir
OK  Onan refused by act                                                                              [INK] 
     effects: slain_by_heaven
OK  slain by Heaven at two seats                                                                     [INK] 
     effects: slain_by_heaven
OK  Judah takes a wife for Er                                                                        [INK] 
     effects: wife_taken
OK  Er the firstborn at two verses                                                                   [INK] 
     effects: slain_by_heaven
OK  the firstborn's redemption by call                                                               [IMPORT] 
     effects: consecrated_firstborn
OK  the pledge's three tokens at two seats                                                           [INK] 
     effects: pledge_held
OK  the pledge by call: sunset; the widow never pledged                                              [HYPOTHESIS] 
     effects: pledge_held, pledge_returned_by_sunset
OK  "a pledge" — the noun's only seats                                                               [INK] 
     effects: pledge_held
OK  the widow's two Sinai seats by call                                                              [HYPOTHESIS] 
     effects: waits_for_the_levir
OK  widow-widow from Tamar refused (Yevamot 59a)                                                     [MOVE] 
     effects: waits_for_the_levir
OK  the harlot's definition by call                                                                  [IMPORT] 
     effects: profaned_seed
OK  the cult harlot at two verses                                                                    [INK] 
     effects: profaned_seed
OK  the modest bride (Megillah 10b)                                                                  [MOVE] 
     effects: profaned_seed
OK  three months — "no proof, a hint" (Niddah 8b)                                                    [MOVE] 
     effects: waits_for_the_levir
OK  the sentence: burning                                                                            [INK] 
     effects: sentence_pronounced
OK  the burn verb at five Torah seats                                                                [INK] 
     effects: sentence_pronounced
OK  the daughter's mode by call: burning; in the burned list                                         [IMPORT] 
     effects: sentence_pronounced, burned_by_court
OK  the act's mode by call: stoning; the burning clause                                              [IMPORT] 
     effects: stoned, burned_by_court
OK  Shem's court decreed on harlotry (Avodah Zarah 36b)                                              [MOVE] 
     effects: sentence_pronounced
OK  better the furnace — she did not name him                                                        [MOVE] 
     effects: sentence_pronounced
OK  "recognize please" at two seats                                                                  [INK] 
     effects: acquitted
OK  "she is more righteous than I"                                                                   [INK] 
     effects: acquitted
OK  the holy spirit in Shem's court (Makkot 23b)                                                     [MOVE] 
     effects: acquitted
OK  "and he did not continue" at four seats                                                          [INK] 
     effects: acquitted
OK  the confession's reward — the letters                                                            [INK] 
     effects: acquitted
OK  twins: plene here, defective at Rebekah's                                                        [INK] 
     effects: firstborn_by_the_head
OK  the hand first, the body first                                                                   [INK] 
     effects: firstborn_by_the_head
OK  the firstborn by the head: Perez (Bekhorot 8:1)                                                  [ANSWER-SHEET] 
     effects: firstborn_by_the_head
OK  the mother's clock by the hand (Niddah 28a) by call                                              [IMPORT] 
     effects: niddah_seven
OK  "the generations of Perez" — the run                                                             [INK] 
     effects: firstborn_by_the_head
OK  the kid at two verses                                                                            [INK] 
     effects: pledge_held
OK  Judah went down — demoted (Sotah 13b)                                                            [MOVE] 
     effects: comforted
OK  Tamar read and translated; Reuben not (Megillah 4:10)                                            [ANSWER-SHEET] 
     effects: acquitted
OK  Judah comforted                                                                                  [INK] 
     effects: comforted
OK  the adoption "as Reuben and Simeon"                                                              [INK] 
     effects: adopted_as_sons
OK  the fold-in by name in their inheritance                                                         [INK] 
     effects: adopted_as_sons
OK  "in their inheritance" at two seats                                                              [INK] 
     effects: adopted_as_sons
OK  the double as two tribes (Bava Batra 123a)                                                       [MOVE] 
     effects: portion_added
OK  "the born" fixes the tense (Nedarim 30b)                                                         [MOVE] 
     effects: adopted_as_sons
OK  a company is a tribe with a holding (Horayot)                                                    [MOVE] 
     effects: adopted_as_sons
OK  "this is my son" (Bava Batra 8:6)                                                                [INK] 
     effects: adopted_as_sons
OK  "he crossed his hands" — twelve seats, one crossed                                               [INK] 
     effects: younger_set_first
OK  the order at six seats                                                                           [INK] 
     effects: younger_set_first
OK  "he set Ephraim before Manasseh"                                                                 [INK] 
     effects: younger_set_first
OK  the firstborn plene and defective                                                                [INK] 
     effects: younger_set_first
OK  the firstborn by call: the womb-opener; the caesarean                                            [IMPORT] 
     effects: consecrated_firstborn
OK  the right called hand (Menachot 37a)                                                             [INK] 
     effects: younger_set_first
OK  the younger in two words                                                                         [INK] 
     effects: younger_set_first
OK  "one portion" at two seats                                                                       [INK] 
     effects: portion_added
OK  given as a gift (Bava Batra 8:5)                                                                 [INK] 
     effects: portion_added
OK  a gift in the jubilee — R. Meir and the sages (Bekhorot 8:10)                                    [ANSWER-SHEET] 
     effects: returns_to_holding
OK  the held, not the due (Bekhorot 8:9)                                                             [INK] 
     effects: portion_added
OK  sword and bow read as prayer (Bava Batra 123a)                                                   [MOVE] 
     effects: portion_added
OK  the birthright's run (1 Chr 5:1)                                                                 [INK] 
     effects: birthright_transferred
OK  illness first at 48:1 — one Genesis token                                                        [INK] 
     effects: adopted_as_sons
OK  Rachel on the road                                                                               [INK] 
     effects: buried
OK  the two agents of the blessing (Pesachim 118a)                                                   [INK] 
     effects: adopted_as_sons
OK  "like fish" — the hapax                                                                          [INK] 
     effects: adopted_as_sons
OK  honoring the aged father by call                                                                 [HYPOTHESIS] 
     effects: honor_owed, rise_owed
OK  the inheritance order owed to Numbers                                                            [INK] 
     effects: adopted_as_sons
OK  Zelophehad's three portions (Bava Batra 8:3)                                                     [ANSWER-SHEET] 
     effects: portion_added
OK  "the beginning of my vigor" at two seats alone                                                   [INK] 
     effects: birthright_transferred
OK  the excess named twice and denied once                                                           [INK] 
     effects: demoted, birthright_transferred
OK  49:3 against Deut 21:17 aligned                                                                  [INK] 
     effects: birthright_transferred
OK  "unstable" — the hapax                                                                           [INK] 
     effects: demoted
OK  "my couch" at five seats                                                                         [INK] 
     effects: demoted
OK  two beds — the revocalization (Shabbat 55b)                                                      [MOVE] 
     effects: demoted
OK  Reuben's confession paired with Judah's (Sotah 7b)                                               [MOVE] 
     effects: demoted
OK  "cursed" at the verse head; the ox ends 49:6                                                     [INK] 
     effects: demoted
OK  no decision among Issi's five (Yoma 52b)                                                         [MOVE] 
     effects: demoted
OK  the elders' change at 49:6 (Megillah 9a)                                                         [MOVE] 
     effects: demoted
OK  the council and the assembly (Sanhedrin 109b)                                                    [MOVE] 
     effects: demoted
OK  "I will divide them in Jacob"                                                                    [INK] 
     effects: scattered_in_israel
OK  the scepter and the lawgiver: two nouns, six seats                                               [INK] 
     effects: scepter_held
OK  two offices (Sanhedrin 5a; Horayot 11b)                                                          [MOVE] 
     effects: scepter_held
OK  the license to judge (Sanhedrin 5a)                                                              [MOVE] 
     effects: scepter_held
OK  "Shiloh" — this spelling alone                                                                   [INK] 
     effects: scepter_held
OK  the hand on the neck is the bow (Avodah Zarah 25a)                                               [MOVE] 
     effects: scepter_held
OK  two of the lion's six names (Sanhedrin 95a)                                                      [MOVE] 
     effects: scepter_held
OK  the animal census of the blessings                                                               [INK] 
     effects: scepter_held
OK  the ox from Deuteronomy (Sotah 11b)                                                              [INK] 
     effects: scepter_held
OK  the tribes' order in the testament                                                               [INK] 
     effects: scepter_held
OK  Zebulun before Issachar against the birth order                                                  [INK] 
     effects: scepter_held
OK  twelve, each his blessing                                                                        [INK] 
     effects: scepter_held
OK  the ass caused Issachar (Niddah 31a)                                                             [MOVE] 
     effects: scepter_held
OK  Dan judges as the One; Jacob's prophecy run at Samson                                            [MOVE] 
     effects: scepter_held
OK  "above the eye" — the revocalization (Bava Batra 118b)                                           [MOVE] 
     effects: scepter_held
OK  the crown of his brothers — no wine (Shabbat 139a)                                               [MOVE] 
     effects: scepter_held
OK  the altar's base from Benjamin's wolf (Zevachim 53b-54b)                                         [MOVE] 
     effects: scepter_held
OK  "bury me" — the debit                                                                            [INK] 
     effects: burial_owed
OK  the buried named; Rachel absent                                                                  [INK] 
     effects: buried
OK  the deed inside the command                                                                      [INK] 
     effects: burial_owed
OK  "gathered to his people" at five seats                                                           [INK] 
     effects: gathered_to_his_people
OK  "he expired" at five Genesis seats                                                               [INK] 
     effects: gathered_to_his_people
OK  the Shema's response at the deathbed (Pesachim 56a)                                              [MOVE] 
     effects: scepter_held
OK  the census's five homographs verified                                                            [INK] 
     effects: —
OK  the bite of interest at four seats                                                               [INK] 
     effects: —
OK  the parents' order by call                                                                       [HYPOTHESIS] 
     effects: honor_owed
OK  THE SCENE on the world engine                                                                    [INK] 
     effects: burial_owed, waits_for_the_levir
OK  HEADLINE: the purchase runs Kiddushin 1:5's three modes                                          [MOVE] 
     effects: field_acquired
OK  HEADLINE: the commission is a spec/run/retold triple                                             [MOVE] 
     effects: agent_commissioned
OK  HEADLINE: the sinew has no Sinai seat and the census shows it                                    [MOVE] 
     effects: sinew_barred
OK  HEADLINE: Tamar's wait is the answer sheet's refused plea                                        [MOVE] 
     effects: levirate_owed, waits_for_the_levir
OK  HEADLINE: Jacob's testament in the gift form                                                     [MOVE] 
     effects: portion_added, birthright_transferred

MATRIX: 228/228 cells match the answer sheet
FRACTIONS: pure ink 125/228 (54%) · recorded moves 69/228 (30%) · answer-sheet 11/228 · data 2/228 · imports 13/228 · hypotheses 8/228
LEDGER OPS this span writes: block x21, body x4, debit x38, heaven x6, status x144, timer x2, transfer x31
effects: every cell carries REGISTERED effects — TWENTY-EIGHT discovered in these verses' own verbs: field_acquired, gifts_given, handed_to_the_agent, portion_added, birthright_transferred (TRANSFER); grave_holding, buried, dead_before_him, sworn_by_the_name, agent_commissioned, consent_given, wife_taken, comforted, pledge_held, sentence_pronounced, acquitted, firstborn_by_the_head, adopted_as_sons, younger_set_first, demoted, scattered_in_israel, scepter_held, gathered_to_his_people (STATUS); sinew_barred (BLOCK); levirate_owed, waits_for_the_levir, burial_owed (DEBIT); slain_by_heaven (HEAVEN) [effects law satisfied]
SCENE: (1, 1, 1, 2, 1, 1, 1, 1, 1, 1, 1, 1, 1, 1, 0, 2, 1, 0, 1, 1, 1, 1, 1, 1, 2, 1, 1, 1, 1, 2, 1, 1, 0, 1, 0, 16) — the purchase, the match, the sinew, Judah's house with Tamar's timer fired and closed, the adoption and the testament, the burial owed and paid
THE FAMILY CODE COMPILED — the purchase runs the three modes of acquiring land; the commission a spec/run/retold triple whose deltas the sugyot read; the sinew the one law with no Sinai seat; the levirate's first seat carrying the answer sheet's refused plea and its name resolved from the adoption's verse; the testament in the gift form; THIRTEEN engines CALLED.
probes: all 39 token probes fired  [zero-report law satisfied]

probes: all 100 token probes fired  [zero-report law satisfied]

guard: 65 expectations checked, every one a literal from the answer sheet [honest-pairing guard satisfied]
guard: 51 expectations checked, every one a literal from the answer sheet [honest-pairing guard satisfied]
guard: 53 expectations checked, every one a literal from the answer sheet [honest-pairing guard satisfied]
honest-pairing guard: 113 tests checked, every expectation a literal
probes: 90 ink runs verified in their verses (Exod 1-19)
answer sheet: 12 Mishnah rows and 47 shelf rows verified by their own tokens (Pesachim 10, Avot 5, Sotah 1 and 5, Rosh Hashanah 3, Eduyot 2, Sanhedrin 1; Sotah 11a-13b, Nedarim 31b-32a, Sanhedrin 111a/91a/18a/56b/67b, Shabbat 86b-88a, Zevachim 116a/102a, Arakhin 15a-b, Kiddushin 38a, Sotah 30b, Berakhot 9a-b, Megillah 9a, Pesachim 116a; the Mekhilta)
guard: 154 expectations checked, every one a literal from the answer sheet [honest-pairing guard satisfied]
probes: all 79 token probes fired  [zero-report law satisfied]

guard: 172 expectations checked, every one a literal from the answer sheet [honest-pairing guard satisfied]
probes: all 86 token probes fired  [zero-report law satisfied]

guard: 105 expectations checked, every one a literal from the answer sheet [honest-pairing guard satisfied]
guard: 34 expectations checked, every one a literal from the answer sheet [honest-pairing guard satisfied]
probes: all 17 token probes fired  [zero-report law satisfied]

honest-pairing guard: 222 tests checked, every expectation a literal
probes: 387 ink runs verified in their verses (Gen 18-31)
answer sheet: 7 Mishnah rows verified in their own ink; shelf: 62 rows (Babylonian and Bereshit Rabbah) verified by token
honest-pairing guard: 206 tests checked, every expectation a literal
probes: 137 ink runs verified in their verses (Gen 2-16)
answer sheet: 10 Mishnah rows and 130 shelf rows verified by their own tokens (Sanhedrin 10:3, 4:5, Avot 5:2-3, Eduyot 2:10, Yevamot 6:6, Megillah 1:8; Sanhedrin 107b-109b, 37b, 70a, Nedarim 32a-b, Sotah 14a, Megillah 9b, 14a, Berakhot 40a, Kiddushin 30b, Bava Batra 100a, Yevamot 64a, Chullin 89a, Eruvin 53a, Pesachim 118a, 6b, Rosh Hashanah 11b, Shabbat 55b; Bereshit Rabbah 16-45)
probes: all 102 token probes fired  [zero-report law satisfied]

callees live: the spec (Exod 34:15-16) 1 / [('Exod', 34, 16)]; the priesthood clause 1; the judges 78600; the incense; the twenty-four; the hanging; the addressees; the tellers; the total; Isaac's clauses 6; Judah's lion 2; the ladder; the idolatry principle
guard: 70 expectations checked, every one a literal from the answer sheet [honest-pairing guard satisfied]
honest-pairing guard: 282 tests checked, every expectation a literal
probes: 442 ink runs verified in their verses (Gen 32-50)
answer sheet: 10 Mishnah rows verified in their own ink; shelf: 99 rows (Babylonian and Bereshit Rabbah) verified by token
probes: all 35 token probes fired  [zero-report law satisfied]

guard: 74 expectations checked, every one a literal from the answer sheet [honest-pairing guard satisfied]
guard: 147 expectations checked, every one a literal from the answer sheet [honest-pairing guard satisfied]
guard: 110 expectations checked, every one a literal from the answer sheet [honest-pairing guard satisfied]
probes: all 54 token probes fired  [zero-report law satisfied]

probes: all 55 token probes fired  [zero-report law satisfied]

probes: all 121 token probes fired  [zero-report law satisfied]

probes: all 111 token probes fired  [zero-report law satisfied]

guard: 49 expectations checked, every one a literal from the answer sheet [honest-pairing guard satisfied]
guard: 52 expectations checked, every one a literal from the answer sheet [honest-pairing guard satisfied]
guard: 51 expectations checked, every one a literal from the answer sheet [honest-pairing guard satisfied]
guard: 56 expectations checked, every one a literal from the answer sheet [honest-pairing guard satisfied]
probes: all 123 token probes fired  [zero-report law satisfied]

probes: all 84 token probes fired  [zero-report law satisfied]

callees: mishpatim_3, mishpatim, lev24, shelach, naso, second_census, journeys, borders, zelophehad, gad_reuben, chukat, bamidbar, primeval, sanctions, priesthood CALLED — every value asserted at import
guard: 97 expectations checked, every one a literal from the answer sheet [honest-pairing guard satisfied]
probes: all 164 token probes fired  [zero-report law satisfied]

callees: exodus_story, shelach, chukat, gad_reuben, zelophehad, journeys, borders, second_census, bamidbar, balak, primeval, mamre, joseph, ordinances, holiness, erection, beha, refuge CALLED — every value asserted at import
guard: 42 expectations checked, every one a literal from the answer sheet [honest-pairing guard satisfied]
OS.the_spies_read_back(the_murmuring) = "the murmuring (1:27-28) — two words (Shevuot 47b:5); the spies' words in the people's mouths, 'greater and taller than w" ['accepted']
guard: 55 expectations checked, every one a literal from the answer sheet [honest-pairing guard satisfied]
HI.the_gift_and_the_warning(lest_you_forget) = "lest you forget (6:12) — obey_horeb's forgetting census (thirteen seats, 6:12 among them); the prohibition's seat 4:9 (O" ['accepted'] — the ask without a write
guard: 59 expectations checked, every one a literal from the answer sheet [honest-pairing guard satisfied]
guard: 51 expectations checked, every one a literal from the answer sheet [honest-pairing guard satisfied]
ER.calf(saru_stiff) = (3, 6) — the stiff neck a state, no write; ER.calf(fourth_verb_decides) = a_test_not_a_nullification — the fourth verb the retelling drops
guard: 62 expectations checked, every one a literal from the answer sheet [honest-pairing guard satisfied]
THE READBACK (the census, printed before it is asserted): rows 31, grades {'VERBATIM': 6, 'VARIANT': 16, 'EXPANDED': 3, 'SUPPLIED': 6}, on the tape 11, by CALL 14, SUPPLIED ['Deut 12:4', 'Deut 12:7', 'Deut 12:9', 'Deut 12:17', 'Deut 12:19', 'Deut 12:30']
DATA rows (the count, printed before it is asserted): 46
THE DATA CHECKS (printed before they are asserted): {'levites_anywhere': True, 'second_tithe': True, 'counts': (5, 4, 3), 'cell_found': True, 'written_callee': True, 'name_in_clause': False, 'seats': ['Deut 12:21', 'Exod 23:15'], 'n_rows': 6, 'platform': [('before_the_Tabernacle', 'permitted'), ('the_Tabernacle', 'forbidden'), ('Gilgal', 'permitted'), ('Shiloh', 'forbidden'), ('Nob_and_Gibeon', 'permitted'), ('Jerusalem', 'forbidden_forever')], 'platform_agrees': True, 'journeys_agree': True, 'registry': True}
THE SCENE (printed before it is asserted): ((1, 1, 1, 1, 1, 1, 1, 1, 1, 1, 1, 1, 1, 1, 1, 1, 1, 1, 1, 1, 1, 1, 1, 1, 1, 1, 1, 1, 1), (1, 1, 1), 2, (0, 0, 0, 0), 29, 0)
THE NARRATIVE (printed before it is asserted): (8, 0, 2, (11, 1), 0, 0, 0, 0) ['name_erasure_barred', 'place_chosen_required', 'rejoicing_before_the_lord_commanded', 'profane_slaughter_permitted', 'holy_things_in_the_gates_barred', 'levite_forsaking_barred', 'foreign_rite_inquiry_barred'] ['high_places_banned']
guard: 78 expectations checked, every one a literal from the answer sheet [honest-pairing guard satisfied]
guard: 56 expectations checked, every one a literal from the answer sheet [honest-pairing guard satisfied]
THE INK (printed before it is asserted): PARSED {(13, 13): [1]}, ORDS {}, MARKS {}, TOKN 328, LETN 1269, KINNUM {('Deut', 17, 6): [2, 3, 1], ('Deut', 19, 15): [1, 2, 3], ('Deut', 17, 7): [], ('Deut', 17, 2): [1], ('Deut', 12, 14): [1], ('Lev', 24, 16): [], ('Exod', 22, 19): []}
THE READBACK (the census, printed before it is asserted): rows 19, grades {'VERBATIM': 3, 'SUPPLIED': 8, 'VARIANT': 5, 'EXPANDED': 3}, on the tape 7, by CALL 17, SUPPLIED ['Deut 13:2', 'Deut 13:4', 'Deut 13:6', 'Deut 13:7', 'Deut 13:12', 'Deut 13:13', 'Deut 13:15', 'Deut 13:18'], writes ['false_prophet_hearing_barred', 'israel_hears_and_fears', 'condemned_city_inquiry_required', 'devoted_thing_cleaving_barred'], pointer ['Deut 13:18']
THE DATA ROWS (printed before they are asserted): 39 ['moses_unnamed', 'the_anger_keyed', 'the_benefit_ban', 'the_capital_courts_end', 'the_congruence_rule', 'the_counter_and_the_parameters', 'the_courts_rule_inverted', 'the_entrapment'] …
THE SCENE (printed before it is asserted): ((1, 1, 1, 1, 1, 1, 1, 2, 1, 1, 1, 1, 1, 1, 1, 1, 1, 1, 1, 2, 1, 1, 1, 1, 1, 1, 1, 1, 1, 1, 1, 1, 1, 1, 1, 1, 1, 1, 1, 1), (1, 1, 1, 1, 1, 1), 1, 1, 2, 2, 1, (0, 0, 0, 0), 40, 0)
THE NARRATIVE (printed before it is asserted): (8, 0, 1, (11, 1), 0, 0, 0, 0) ['adding_barred', 'false_prophet_hearing_barred', 'tested_by_the_lord', 'cleaving_commanded', 'pity_barred', 'israel_hears_and_fears', 'condemned_city_inquiry_required', 'devoted_thing_cleaving_barred']
THE INK (printed before it is asserted): PARSED {(14, 6): [2], (14, 28): [3]}, ORDS {}, MARKS {6: ['שתי^'], 22: ['עשר*'], 23: ['מעשר*'], 28: ['שנים*', 'מעשר*']}, TOKN 351, LETN 1344, KINNUM {('Deut', 15, 1): [7], ('Deut', 31, 10): [7], ('Exod', 23, 10): [6], ('Lev', 11, 3): [], ('Lev', 27, 30): [], ('Num', 18, 21): [], ('Deut', 26, 12): [], ('Deut', 12, 17): []}, STARRED [(12, 17, 'מעשר*'), (14, 22, 'עשר*'), (14, 23, 'מעשר*'), (14, 28, 'מעשר*'), (26, 12, 'מעשר*')]
THE DB'S OWN SEATS (printed before they are asserted): INF_ABS [(21, 'מכר'), (22, 'עשר')]; the kid ['Deut 14:21', 'Exod 23:19', 'Exod 34:26']; the holy people ['Deut 14:2', 'Deut 14:21', 'Deut 7:6']; portion and inheritance 6; the four at the gate ['Deut 14:29', 'Deut 16:11', 'Deut 16:14']; the place formula 11; the tithe tokens 17; rejoice 8; three years ['2Kgs 18:10', 'Deut 14:28']; seven years ['Deut 15:1', 'Deut 31:10', 'Jer 34:14']; TWIN {'14:6 vs 11:3': 9, '14:7 vs 11:4': 16, '14:8 vs 11:7': 10, '14:9 vs 11:9': 12, '14:15 vs 11:16': 10, '14:15 == 11:16': True, '14:2 vs 7:6': 18, '14:24 vs 12:21': 12, '14:29 vs 24:19': 7, '14:29 vs 14:27': 6, '14:21 vs 23:19': 6}
THE READBACK (the census, printed before it is asserted): rows 29, grades {'SUPPLIED': 8, 'VERBATIM': 6, 'VARIANT': 11, 'EXPANDED': 4}, on the tape 10, by CALL 29, SUPPLIED ['Deut 14:1', 'Deut 14:3', 'Deut 14:5', 'Deut 14:11', 'Deut 14:20', 'Deut 14:22', 'Deut 14:25', 'Deut 14:28'], writes [('Deut 14:1', 'cuttings_for_the_dead_barred'), ('Deut 14:3', 'abomination_eating_barred'), ('Deut 14:21', 'carcass_eating_barred'), ('Deut 14:22', 'second_tithe_owed'), ('Deut 14:28', 'poor_tithe_owed')], pointer []
THE VERSES NO ONE CITES (computed on the docket, printed before it is asserted): [9, 14, 15, 16, 17, 18]
THE DATA ROWS (printed before they are asserted): 56 ['ezras_penalty', 'for_the_dead', 'heavens_property', 'shiloh_and_the_house', 'the_altars_disqualified', 'the_animal_tithe_now', 'the_baldness_both_ways', 'the_benefit_counter_arm'] …
THE SCENE (printed before it is asserted): ((1, 1, 1, 1, 1, 1, 1, 1, 1, 1, 1, 1, 1, 1, 1, 1, 1, 1, 1, 1, 1, 1, 1, 1, 2, 1, 1, 1, 1, 1, 1, 1, 1, 1, 1, 1, 1, 1, 1, 1, 1, 1, 1, 1, 1, 1, 1, 1, 1, 1, 1, 1, 1, 1, 1, 1, 1, 1, 1, 1, 1, 1, 1, 1, 1, 1, 1, 1, 1, 1, 1), (1, 1, 1, 1, 1, 1, 1, 1), 10, 11, 2, 1, 1, (0, 0, 0, 0), 71, 0)
THE NARRATIVE (printed before it is asserted): (7, 0, 1, (11, 1), 0, 0, 0, 0) ['cuttings_for_the_dead_barred', 'abomination_eating_barred', 'carcass_eating_barred', 'second_tithe_owed', 'rejoicing_before_the_lord_commanded', 'levite_forsaking_barred', 'poor_tithe_owed']
THE INK (printed before it is asserted): PARSED {(15, 1): [7], (15, 7): [1], (15, 12): [6], (15, 18): [6]}, ORDS {9: [7]}, MARKS {1: ['שנים*'], 12: ['שנים*'], 18: ['שנים*']}, TOKN 354, LETN 1294, KINNUM {('Exod', 21, 2): [6], ('Exod', 23, 10): [6], ('Lev', 25, 3): [6, 6], ('Lev', 25, 8): [7, 7, 7, 7, 49], ('Deut', 31, 10): [7], ('Jer', 34, 14): [7, 6], ('Exod', 22, 29): [7], ('Lev', 22, 27): [7], ('Deut', 14, 28): [3], ('Deut', 16, 9): [7, 7]}, STARRED [(9, 15, 'ושני^'), (10, 3, 'ושני^'), (14, 28, 'שנים*'), (15, 1, 'שנים*'), (15, 12, 'שנים*'), (15, 18, 'שנים*'), (31, 10, 'שנים*')]
  PRINT the exaction verb by tokens (the lemma table collides at 5065): ['1Kgs 20:13', '1Sam 13:6', '1Sam 14:24', '2Kgs 23:35', 'Deut 15:2', 'Deut 15:3', 'Exod 20:21', 'Exod 24:14', 'Gen 33:7', 'Isa 14:4', 'Isa 29:13', 'Isa 50:8', 'Isa 53:7', 'Isa 65:5', 'Job 3:18', 'Job 40:19', 'Lev 21:21', 'Lev 21:23', 'Ps 91:7', 'Zech 9:8']
  PRINT "howbeit" (the lemma table has no 657 in the Torah): ['2Sam 12:14', 'Amos 6:10', 'Amos 9:8', 'Deut 15:4', 'Gen 47:15', 'Gen 47:16', 'Isa 16:4', 'Isa 29:20', 'Isa 34:12', 'Isa 41:29', 'Isa 45:14', 'Isa 45:6', 'Isa 54:15', 'Isa 5:8', 'Judg 4:9', 'Num 13:28', 'Num 23:13'] | "cease" in the book: [('Deut 15:11', 'יחדל'), ('Deut 23:23', 'תחדל')]
  PRINT "free" every seat in the Bible (the count): 17 [('1Sam 17:25', 'חפשי'), ('Deut 15:12', 'חפשי'), ('Deut 15:13', 'חפשי'), ('Deut 15:18', 'חפשי'), ('Exod 21:2', 'לחפשי'), ('Exod 21:5', 'חפשי'), ('Exod 21:26', 'לחפשי'), ('Exod 21:27', 'לחפשי'), ('Isa 58:6', 'חפשים'), ('Jer 34:9', 'חפשים'), ('Jer 34:10', 'חפשים'), ('Jer 34:11', 'חפשים'), ('Jer 34:14', 'חפשי'), ('Jer 34:16', 'חפשים'), ('Job 3:19', 'חפשי'), ('Job 39:5', 'חפשי'), ('Ps 88:6', 'חפשי')]
  PRINT "shear" every seat in the Bible: ['1Sam 25:2', '1Sam 25:4', '1Sam 25:7', '1Sam 25:11', '2Sam 13:23', '2Sam 13:24', 'Deut 15:19', 'Gen 31:19', 'Gen 38:12', 'Gen 38:13', 'Isa 53:7', 'Jer 7:29', 'Job 1:20', 'Mic 1:16', 'Nah 1:12']
CLOCK: no era 'count' set — an era is set by a marker (world.marker(..., era='count', new_year_month=...)), never by a literal day
