==== cold_run_yovel.cycle sig ('year',) (866 chars) asks-in-source []
def cycle(year):
        """A year's class inside one Jubilee period, from the ink's arithmetic."""
        if year == JUBILEE:
            return cell('jubilee', I, 'שנת החמשים (the fiftieth year) at 25:10-11 — '
                        'seven sabbaths of

==== cold_run_yovel.jubilee sig () (1810 chars) asks-in-source []
def jubilee():
        return {
         'cycle_length': cell(CYCLE, I, 'תשע וארבעים שנה at 25:8 — the product stated',
                              ['jubilee_release']),
         'jubilee_year': cell(JUBILEE, I, 'החמשים at 25:10 and 25:11', ['jubilee_rel

==== cold_run_yovel.sabbatical sig () (6682 chars) asks-in-source []
def sabbatical():
        return {
         'torah_labors': cell(len(LABOR_VERBS), I, 'the four verbs the ink writes at 25:4-5: %s — sow, '
                              'prune, reap, gather' % ' / '.join(LABOR_VERBS), ['labor_barred', 'land_release'])

==== cold_run_yovel.interest sig () (433 chars) asks-in-source []
def interest():
        return {
         'both_nouns': cell('barred', I, 'נשך ותרבית at 25:36; בנשך / ובמרבית at 25:37',
                            ['interest_barred']),
         'definitions': cell('money_bite_vs_produce_increase', M,
                      

==== cold_run_yovel.interest_scope sig ('borrower',) (589 chars) asks-in-source ['brother', 'foreigner']
def interest_scope(borrower):
        if borrower == 'brother':
            return cell('barred', I, 'אל תקח מאתו נשך ותרבית (take no interest or increase from him) … וחי אחיך עמך (25:36, that your brother may live with you) — your BROTHER', ['inte

  yovel.interest_scope('brother')                                        {'v': 'barred', 'p': 'INK', 'why': 'אל תקח מאתו נשך ותרבית (take no interest or increase from him) … וחי אחיך עמך (25:36, that your brother may live with you) — your BROTHER', 'fx': ['interest_barred']}
  yovel.interest_scope('foreigner')                                      {'v': 'permitted', 'p': 'MOVE', 'why': "IMPORT EDGE (M-07): לנכרי תשיך ולאחיך לא תשיך (to the foreigner you may lend at interest, to your brother not — Deut 23:21); Mishnah Bava Metzia 5:6's iron sheep from gentiles", 'fx': ['—']}
==== cold_run_yovel.hebrew_slave sig ('sold_to', 'price', 'years_to_jubilee', 'elapsed') (2395 chars) asks-in-source []
def hebrew_slave(sold_to, price, years_to_jubilee, elapsed):
        remaining = years_to_jubilee - elapsed
        out = {
         'status': cell('hireling_resident', I, 'כשכיר כתושב יהיה עמך at 25:40',
                        [FX.NONE]),
         'slave_wor

==== cold_run_yovel.gentile_slave sig () (311 chars) asks-in-source []
def gentile_slave():
        return {
         'term': cell('forever', I, 'לעלם בהם תעבדו at 25:46', [FX.NONE]),
         'acquisition': cell('money_deed_possession', M,
                             '"a holding for you" — as land is acquired, so slaves '
     

==== cold_run_yovel.going_out sig ('redeemed_by', 'sold_to_another', 'field_kind') (3263 chars) asks-in-source []
def going_out(redeemed_by=None, sold_to_another=False, field_kind='holding'):
        """The consecrated field's route at the jubilee — the VALUE its entitlement carries (the timer to the fiftieth
        writes the entitlement; the proclamation's 

==== cold_run_yovel.valuation sig ('sex', 'age_years', 'age_months') (1001 chars) asks-in-source []
def valuation(sex, age_years, age_months=0):
        """The fixed sums by sex and bracket; the boundary year counts BELOW."""
        if age_years == 0 and age_months < 1:
            return cell('none', I, 'מבן חדש (from a month old) at 27:6 — no brac

==== cold_run_yovel.support_duty sig ('state',) (1204 chars) asks-in-source ['faltering', 'supported_four_or_five_times', 'your_life_against_his']
def support_duty(state):
        """Lev 25:35 — 'when your brother becomes poor and his hand falters with
        you, you shall STRENGTHEN him' — the obligation entry on the kinsman."""
        if state == 'faltering':
            return cell('uphold_befo

  yovel.support_duty('faltering')                                        {'v': 'uphold_before_he_falls', 'p': 'MOVE', 'why': "INK: והחזקת בו (and you shall strengthen him, 25:35) — the duty; its TIMING is the Sifra's: like a load on a donkey — while it is still in place one man holds it up, fallen to the ground five cannot raise it (Sifra Behar Section 5 1)", 'fx': ['sup
  yovel.support_duty('supported_four_or_five_times')                     {'v': 'support_again', 'p': 'INK', 'why': 'והחזקת בו — the verb bears no count; the Sifra reads the repeat off it: "even four or five times, support again" (Section 5 1)', 'fx': ['supports_kinsman']}
  yovel.support_duty('your_life_against_his')                            {'v': 'your_life_first', 'p': 'MOVE', 'why': 'וחי עמך (that he live WITH you, 25:35-36) — "your life comes first" (Sifra Behar Section 5 1)', 'fx': ['—']}
==== cold_run_yovel.sale_manner sig ('manner',) (636 chars) asks-in-source []
def sale_manner(manner):
        """Lev 25:42 — 'they shall not be sold as a slave is sold' — the market form."""
        if manner in ('auction_stone', 'alley_stand'):
            return cell('barred', M,
                        'INK: לא ימכרו ממכרת עבד (

==== cold_run_yovel.arrival_unredeemed sig () (1208 chars) asks-in-source []
def arrival_unredeemed():
        """Mishnah Arakhin 7:4 = Sifra Bechukotai Chapter 11 2: the jubilee arrived and it was not redeemed — three arms."""
        return {
         'yehuda': cell('enter_and_pay_its_value — Rabbi Yehuda', A, 'הכהנים נכנסים 

==== cold_run_calendar.sabbatical sig ('case', 'data') (1293 chars) asks-in-source ['home_engine', 'timer', 'work_scope']
def sabbatical(case, data):
        del P[:]
        ink('Exod 23:10-11', '"six years you shall sow... but the SEVENTH '
            'you shall RELEASE it (תשמטנה) and let it lie (ונטשתה), that '
            'the poor of your people may eat" — a six-plus-o

  calendar.sabbatical({ask:home_engine})                                 ('the same release: Lev 25 holds 4 labor verbs (CALLED yovel)', ['land_release'])
  calendar.sabbatical({ask:timer})                                       ('land released in year 7', ['land_release'])
  calendar.sabbatical({ask:work_scope})                                  ('hoeing barred in the seventh', ['barred_from_it'])
==== cold_run_mishpatim_3.maidservant sig ('q',) (3878 chars) asks-in-source ['designation', 'exits', 'foreign_sale', 'her_age', 'money_for_another', 'redemption', 'the_three', 'the_two_exits', 'these_three', 'who_sells']
def maidservant(q, **k):
        if q == 'who_sells':
            return cell('the_father_alone', M, MK + '7 2 — וכי ימכר איש (and when a MAN sells): the man sells his daughter, the '
                        'woman does not (Mishnah Sotah 3:8); not his

  mishpatim_3.maidservant('designation')                                 {'v': 'betrothal_with_her_consent', 'p': 'MOVE', 'why': "Kiddushin 18b:3-4 — designation makes BETROTHAL, the first money given for it; 19a:7 Rabbi Yannai: no designation except of an adult, because none except with consent; designation before redemption (Mekhilta d'Rabbi Yishmael Nezikin 8 1; Mishn
  mishpatim_3.maidservant('exits')                                       {'v': ['years', 'jubilee', 'deduction', 'signs'], 'p': 'ANSWER-SHEET', 'why': "Mishnah Kiddushin 1:2 — the Hebrew maidservant acquires herself by these and by the SIGNS beyond him; לא תצא כצאת העבדים (she shall not go out as the male slaves go out, 21:7) — not by the tooth and the eye, but by the ye
  mishpatim_3.maidservant('foreign_sale')                                {'v': 'barred_a_warning_to_the_court', 'p': 'MOVE', 'why': "לעם נכרי לא ימשל למכרה (to a foreign people he has no power to sell her) at 21:8 — Mekhilta d'Rabbi Yishmael Nezikin 8 3: a warning to the court; בבגדו בה (in his betraying her) — Rabbi Yishmael: the master who bought her to designate and d
  mishpatim_3.maidservant('her_age')                                     {'v': 'a_minor', 'p': 'MOVE', 'why': "Mekhilta d'Rabbi Yishmael Nezikin 7 1 — the signs take her out of her father's hand; all the more she is not sold once they have come", 'fx': ['term_clock']}
  mishpatim_3.maidservant('money_for_another')                           {'v': 'the_father', 'p': 'MOVE', 'why': "Kiddushin 3b:5, 4a:4 — אין כסף לאדון זה אבל יש כסף לאדון אחר (no money for THIS master, but money for another master): the father's right to her betrothal money", 'fx': ['—']}
  mishpatim_3.maidservant('redemption')                                  {'v': 'against_his_will', 'p': 'MOVE', 'why': 'והפדה (he shall let her be redeemed) at 21:8 — Kiddushin 18a:5: redeemed against his will; by deduction of money (Mishnah Kiddushin 1:2)', 'fx': ['redemption_right', 'goes_free']}
  mishpatim_3.maidservant('the_three')                                   {'v': ['food', 'clothing', 'conjugal_right'], 'p': 'INK', 'why': "שארה כסותה וענתה לא יגרע (her food, her clothing and her conjugal right he shall not diminish) at 21:10 — which noun is which a recorded dispute (Mekhilta d'Rabbi Yishmael Nezikin 10 2: Rabbi Yoshiya שאר food / עונה conjugal; Rabbi th
  mishpatim_3.maidservant('the_two_exits')                               {'v': {'free': 'maturity', 'without_money': 'youth'}, 'p': 'MOVE', 'why': 'ויצאה חנם אין כסף (she goes out FREE, WITHOUT MONEY) at 21:11 — Kiddushin 4a:3, 4a:11 and Mekhilta d\'Rabbi Yishmael Nezikin 11 3-4: "free" the days of maturity, "without money" the days of youth (the signs); "let this come a
  mishpatim_3.maidservant('these_three')                                 {'v': ['designate_for_himself', 'designate_for_his_son', 'redeem'], 'p': 'MOVE', 'why': "Mekhilta d'Rabbi Yishmael Nezikin 11 1 — ואם שלש אלה (and if these THREE he does not do): designate her for himself, for his son, or redeem her — not the food, clothing and conjugal right; free of the money, not
  mishpatim_3.maidservant('who_sells')                                   {'v': 'the_father_alone', 'p': 'MOVE', 'why': "Mekhilta d'Rabbi Yishmael Nezikin 7 2 — וכי ימכר איש (and when a MAN sells): the man sells his daughter, the woman does not (Mishnah Sotah 3:8); not his son (7 3); not herself, nor is she sold for her theft or pierced (7 4)", 'fx': ['term_clock']}
==== cold_run_mishpatim_3.slave_struck sig ('q',) (1765 chars) asks-in-source ['a_day_or_two', 'avenged_is', 'his_money_arms', 'the_rod', 'under_his_hand', 'whose_slave']
def slave_struck(q):
        if q == 'whose_slave':
            return cell('the_canaanite_wholly_his', M, MK + '20 3 — Rabbi Eliezer: the Canaanite; Rabbi Yishmael from כי '
                        'כספו הוא (for he is his money): a permanent acquisit

  mishpatim_3.slave_struck('a_day_or_two')                               {'v': 'from_time_to_time_twenty_four_hours', 'p': 'MOVE', 'why': "אך אם יום או יומים (but if a day or two days, 21:21) — Mekhilta d'Rabbi Yishmael Nezikin 21 1: a day that is like two days, two days that are like a day — from time to time", 'fx': ['exempt']}
  mishpatim_3.slave_struck('avenged_is')                                 {'v': 'death_by_the_sword', 'p': 'MOVE', 'why': "נקם ינקם (avenged he shall be avenged) at 21:20 — Mekhilta d'Rabbi Yishmael Nezikin 20 6 (Rabbi Natan) and Sanhedrin 52b:13: death, by the sword, from Lev 26:25", 'fx': ['avenged']}
  mishpatim_3.slave_struck('his_money_arms')                             {'v': ['first_master — Rabbi Meir', 'second_master — Rabbi Yehuda', 'both — Rabbi Yose', 'neither — Rabbi Eliezer'], 'p': 'ANSWER-SHEET', 'why': "Bava Kamma 90a:5-9 — the slave sold with thirty days' service reserved: who stands in the day-or-two law; Rava: כספו המיוחד לו (his money — wholly his)", 
  mishpatim_3.slave_struck('the_rod')                                    {'v': 'a_thing_that_can_kill_at_a_place_that_can_kill', 'p': 'MOVE', 'why': "בשבט (with the rod) at 21:20 — Mekhilta d'Rabbi Yishmael Nezikin 20 4", 'fx': ['avenged']}
  mishpatim_3.slave_struck('under_his_hand')                             {'v': 'the_blow_and_the_death_in_his_domain', 'p': 'MOVE', 'why': "ומת תחת ידו (and he dies under his hand) at 21:20 — Mekhilta d'Rabbi Yishmael Nezikin 20 5: struck him, sold him, and he died — exempt", 'fx': ['avenged', 'exempt']}
  mishpatim_3.slave_struck('whose_slave')                                {'v': 'the_canaanite_wholly_his', 'p': 'MOVE', 'why': "Mekhilta d'Rabbi Yishmael Nezikin 20 3 — Rabbi Eliezer: the Canaanite; Rabbi Yishmael from כי כספו הוא (for he is his money): a permanent acquisition wholly in his domain — the Hebrew slave, the jointly owned and the half-free EXCLUDED, they sta
==== cold_run_ordinances.loan sig ('q',) (5272 chars) asks-in-source ['bite_noun', 'court_only', 'covering_tokens', 'creditor_manner', 'day_night_garments', 'five_prohibitions', 'foreigner', 'gracious', 'im_obligation', 'interest_spec', 'pledge_sunset', 'priority_ladder', 'who_transgresses', 'widow_not_pledged']
def loan(q):
        if q == 'im_obligation':
            return cell('lending_is_obligation', M, MK + "22:24: 'IF money you lend My people' — 'if' here is OBLIGATION (proven from Deut 15:8's 'you shall surely lend'), one of "
                        "

  ordinances.loan('bite_noun')                                           {'v': 4, 'p': 'INK', 'why': "22:24 'you shall not set on him INTEREST (נשך)' — the bite noun's Torah seats [('Deut', 23, 20), ('Exod', 22, 24), ('Lev', 25, 36), ('Num', 21, 9)]: this, Lev 25:36 (the jubilee engine's), Deut 23:20 (the foreigner), and Num 21:9's biting serpent — the noun is the animal
  ordinances.loan('court_only')                                          {'v': 'only_through_the_court_outside_you_stand', 'p': 'ANSWER-SHEET', 'why': "Mishnah Bava Metzia 9:13: the lender takes a pledge only through the court and does not enter the house — 'outside you shall stand' (Deut 24:11 [IMPORT]); two vessels, one taken and one left", 'fx': ['pledge_returned_by_s
  ordinances.loan('covering_tokens')                                     {'v': 'cloak_shirt_mattress', 'p': 'MOVE', 'why': "22:26 'for it is his only COVERING (כסותה), it is his garment for his skin, in what shall he lie down' — 'covering' at [('Exod', 21, 10), ('Exod', 22, 26)]: the maidservant's covering (21:10) and this; Mekhilta on Exod : covering = the cloak, garmen
  ordinances.loan('creditor_manner')                                     {'v': 'not_seen_at_all_times', 'p': 'MOVE', 'why': "22:24 'you shall not be to him AS A CREDITOR (כנשה)' — the token at [('Exod', 22, 24), ('Isa', 24, 2)] (Isaiah 24:2 the other); Mekhilta on Exod : do not show yourself to him at all times", 'fx': ['—']}
  ordinances.loan('day_night_garments')                                  {'v': 'day_garment_by_day_night_garment_by_night', 'p': 'MOVE', 'why': "Mekhilta on Exod 22:25-26: paired with Deut 24:13's sunset return — 'they pledge day-clothing by night and night-clothing by day, and return each in its time'; Mishnah Bava Metzia 9:13: the pillow returned by night and the plow 
  ordinances.loan('five_prohibitions')                                   {'v': ['lo_titen_Lev_25_37', 'al_tikach_Lev_25_36', 'ke_nosheh_Exod_22_24', 'neshekh_Exod_22_24', 'lifnei_iver_Lev_19_14'], 'p': 'ANSWER-SHEET', 'why': "Mishnah Bava Metzia 5:11: the lender transgresses 'you shall not give' (Lev 25:37), 'do not take from him' (25:36), 'do not be to him as a creditor
  ordinances.loan('foreigner')                                           {'v': 'permitted', 'p': 'IMPORT', 'why': "'My people' — CALLED cold_run_yovel.interest_scope(foreigner) -> 'permitted', (brother) -> 'barred' (Deut 23:21 by import) [IMPORT, live call]; Mishnah Bava Metzia 5:6: iron sheep from gentiles, lending to and borrowing from them at interest", 'fx': ['intere
  ordinances.loan('gracious')                                            {'v': 'hapax', 'p': 'INK', 'why': "22:26 'and it shall be, when he cries to Me, I will hear, for I am GRACIOUS' — 'gracious am I' at [('Exod', 22, 26)] alone; Mekhilta on Exod : 'with compassion I created My world'", 'fx': ['cry_heard']}
  ordinances.loan('im_obligation')                                       {'v': 'lending_is_obligation', 'p': 'MOVE', 'why': "Mekhilta on Exod 22:24: 'IF money you lend My people' — 'if' here is OBLIGATION (proven from Deut 15:8's 'you shall surely lend'), one of three obligatory if-clauses; money for money, not produce for produce", 'fx': ['—']}
  ordinances.loan('interest_spec')                                       {'v': 'barred', 'p': 'IMPORT', 'why': "the two interest nouns compiled at Lev 25:36-37 — CALLED cold_run_yovel.interest() -> both nouns 'barred', definitions 'money_bite_vs_produce_increase' (Mishnah Bava Metzia 5:1) [IMPORT, live call]; this verse writes the BITE noun alone", 'fx': ['interest_barre
  ordinances.loan('pledge_sunset')                                       {'v': 'until_the_sun_sets', 'p': 'INK', 'why': "22:25 'if you take your fellow's garment in pledge, UNTIL THE SUN SETS you shall return it to him' — the phrase at [('Exod', 17, 12), ('Exod', 22, 25)]: this and Exod 17:12, Moses' hands held up 'until the sun set' — the day's boundary written once for
  ordinances.loan('priority_ladder')                                     {'v': ['my_people_before_gentile', 'poor_before_rich', 'your_poor_before_your_city', 'your_city_before_another'], 'p': 'MOVE', 'why': "Mekhilta on Exod 22:24: 'MY PEOPLE... THE POOR WITH YOU' — My people before a gentile, the poor before the rich, your poor before your city's, your city's before ano
  ordinances.loan('who_transgresses')                                    {'v': ['lender', 'borrower', 'guarantor', 'witnesses'], 'p': 'ANSWER-SHEET', 'why': 'Mishnah Bava Metzia 5:11: the lender, the borrower, the guarantor, and the witnesses; the sages: the scribe too — Mekhilta on Exod 22:24: Rebbi permits the scribe; R. Meir bars the dictating lender from the resurrec
  ordinances.loan('widow_not_pledged')                                   {'v': 'never_pledged_rich_or_poor', 'p': 'ANSWER-SHEET', 'why': "Mishnah Bava Metzia 9:13: a widow, poor or rich, is not pledged (Deut 24:17 [IMPORT]); the millstone not taken, 'for he takes a life in pledge' (Deut 24:6)", 'fx': ['pledge_returned_by_sunset']}
==== cold_run_ordinances.firstling sig ('q',) (2485 chars) asks-in-source ['donkey_by_call', 'eighth_and_onward', 'nursed_from_chullin', 'run_phrase', 'two_seats_one_timer', 'with_its_mother']
def firstling(q):
        """22:29 — the firstling of the ox and the sheep: seven days with its mother, on the eighth day given. THE CALLEE the
        priesthood runner owed since sitting L5 (its Lev 22:27 cell joins the two eighth days)."""
        i

  ordinances.firstling('donkey_by_call')                                 {'v': 'redeem with a lamb, else break the neck', 'p': 'IMPORT', 'why': "the firstling of the DONKEY is not this verse's (ox and sheep) — Exod 13:13's: CALLED cold_run_pesach.firstborn(donkey) -> 'redeem with a lamb, else break the neck' [IMPORT, live call]; Mishnah Kiddushin 2:9 lists the firstborn 
  ordinances.firstling('eighth_and_onward')                              {'v': 'on_the_eighth_day_and_onward', 'p': 'MOVE', 'why': "Mekhilta on Exod 22:29: 'on the eighth day' — the eighth AND ONWARD, by the eighth-eighth analogy to Lev 22:27's 'from the eighth day and onward it shall be accepted' (Sifra Emor Section 8 5: its-mother/its-mother carries both readings at bo
  ordinances.firstling('nursed_from_chullin')                            {'v': 'nursed_from_common_funds', 'p': 'MOVE', 'why': "Mekhilta on Exod 22:29: consecrated animals' young are nursed from common funds — the sanctified may not be milked", 'fx': ['—']}
  ordinances.firstling('run_phrase')                                     {'v': 'hapax', 'p': 'INK', 'why': "22:29 'so shall you do with your ox and your sheep: seven days it shall be with its mother, ON THE EIGHTH DAY YOU SHALL GIVE IT TO ME' — 'on the eighth day you shall give' at [('Exod', 22, 29)] alone", 'fx': ['eighth_day_fit']}
  ordinances.firstling('two_seats_one_timer')                            {'v': {'exod_22_29': 'on_the_eighth_day', 'lev_22_27': 'from_the_eighth_day_onward'}, 'p': 'INK', 'why': "the firstling's eighth day (this verse, 'give') and the offering's eighth day (Lev 22:27, 'accepted') — one timer at two seats, the priesthood runner's cell holding the join and this runner the 
  ordinances.firstling('with_its_mother')                                {'v': 'with_not_under', 'p': 'MOVE', 'why': "22:29 'WITH its mother' (עם אמו) at [('Exod', 22, 29)] alone against Lev 22:27's 'UNDER its mother' (תחת אמו) at [('Lev', 22, 27)] alone — the two seats of one timer written with two prepositions; Mekhilta on Exod 22:29: 'seven days with its mother' = WIT
==== cold_run_ordinances.gifts sig ('q',) (5554 chars) asks-in-source ['among_your_people', 'caesarean', 'curse_verb_seats', 'delay_is_reorder', 'elohim_fork', 'firstborn_son', 'five_sela', 'four_liabilities', 'fullness_outflow', 'name_gate', 'names_count', 'order_sheet', 'stillbirth', 'thirty_days', 'to_any_priest']
def gifts(q):
        if q == 'elohim_fork':
            return cell('R_Yishmael_judge_R_Akiva_blasphemy_warning', M, "22:27 'ELOHIM you shall not curse' — " + MK + "22:27: elohim = the JUDGE (R. Yishmael; Onkelos writes 'the "
                        

  ordinances.gifts('among_your_people')                                  {'v': 'while_they_act_by_your_peoples_way', 'p': 'MOVE', 'why': "22:27 'and a PRINCE among your people you shall not curse' — Mekhilta on Exod : 'among your people' — while they act by your people's way; 'you shall not curse' (תאר) the second verb of the verse", 'fx': ['lashes']}
  ordinances.gifts('caesarean')                                          {'v': 'not consecrated', 'p': 'IMPORT', 'why': "Mishnah Bekhorot 8:2: a Caesarean and the one after him — neither for inheritance nor the priest (R. Shimon: the first for inheritance, the second for five sela); the pesach engine's predicate 'opener of the womb': CALLED cold_run_pesach.firstborn(caes
  ordinances.gifts('curse_verb_seats')                                   {'v': 'all_your_people_the_deaf_carves_the_living', 'p': 'IMPORT', 'why': "the curse verb 'you shall not curse' (תקלל) at [('Eccl', 10, 20), ('Exod', 22, 27), ('Job', 24, 18), ('Lev', 19, 14)]: this and Lev 19:14's 'the deaf' — the holiness engine's cell imports this verse by name: CALLED cold_run_h
  ordinances.gifts('delay_is_reorder')                                   {'v': 'do_not_reorder', 'p': 'MOVE', 'why': "'you shall not DELAY' at [('Deut', 23, 22), ('Exod', 22, 28), ('Isa', 46, 13)] (Deut 23:22's vow, Isa 46:13) — Mekhilta on Exod : do not REORDER the gifts: first fruits before terumah before the first tithe before the second, argued from the four, three, 
  ordinances.gifts('elohim_fork')                                        {'v': 'R_Yishmael_judge_R_Akiva_blasphemy_warning', 'p': 'MOVE', 'why': "22:27 'ELOHIM you shall not curse' — Mekhilta on Exod 22:27: elohim = the JUDGE (R. Yishmael; Onkelos writes 'the judge') or the warning for BLASPHEMY (R. Akiva — the warning Lev 24:15-16's penalty verse lacked, the lev24 runne
  ordinances.gifts('firstborn_son')                                      {'v': 'redeem (five sela — fetched constant)', 'p': 'IMPORT', 'why': "22:28 'the FIRSTBORN of your sons you shall give to Me' — the phrase at [('Exod', 22, 28), ('Exod', 34, 20)] (34:20 restates it); the consecration is Exod 13:2's: CALLED cold_run_pesach.firstborn(human) -> 'redeem (five sela — fet
  ordinances.gifts('five_sela')                                          {'v': 'five_sela_tyrian_maneh', 'p': 'DATA', 'why': "Mishnah Bekhorot 8:7: five sela of the son in Tyrian maneh, in the sanctuary shekel — the data channel (Num 18:16 [IMPORT], the pesach engine's 'fetched constant'); redeemed with money or its worth, not with slaves, documents, land, or consecrated
  ordinances.gifts('four_liabilities')                                   {'v': 4, 'p': 'MOVE', 'why': "Mekhilta on Exod 22:27: a prince's son cursing his father is liable FOUR ways — as prince, as father, as judge, and 'among your people'; R. Yehuda b. Beteira: the judge and the prince each its own liability", 'fx': ['lashes']}
  ordinances.gifts('fullness_outflow')                                   {'v': 'first_fruits_and_terumah', 'p': 'MOVE', 'why': "22:28 'your FULLNESS (מלאתך) and your OUTFLOW (ודמעך) you shall not delay' — each noun at [('Exod', 22, 28), ('Exod', 22, 28)] alone in the Tanakh; Mekhilta on Exod 22:28: fullness = first fruits, outflow = terumah; Onkelos Exod 22:28 writes 'yo
  ordinances.gifts('name_gate')                                          {'v': 'liable_only_by_the_Name', 'p': 'ANSWER-SHEET', 'why': "Mishnah Sanhedrin 7:5: the blasphemer is not liable until he pronounces the Name; 7:8: the parent-curser not liable until he curses by the Name — by an epithet R. Meir liable, the sages exempt; Shevuot 4:13: 'the one who curses by all of 
  ordinances.gifts('names_count')                                        {'v': [4, 3, 2, 1], 'p': 'ANSWER-SHEET', 'why': "Mishnah Terumot 3:7: the first fruits precede, being 'first of all'; terumah precedes the first tithe, being 'first'; the first tithe precedes the second, having 'first' in it — the Mekhilta's count of titles (four, three, two, one) as the sheet's arg
  ordinances.gifts('order_sheet')                                        {'v': 'act_stands_though_forbidden', 'p': 'ANSWER-SHEET', 'why': "Mishnah Terumot 3:6: one who separates terumah before the first fruits, the first tithe before terumah, the second before the first — though he transgresses a prohibition, WHAT HE DID IS DONE, 'your fullness and your outflow you shall
  ordinances.gifts('stillbirth')                                         {'v': 'stillbirths_open_the_womb_for_both', 'p': 'MOVE', 'why': 'Mekhilta on Exod 22:29: the human and animal firstborn read by analogy both ways — stillbirths open the womb-exemption for both; Mishnah Bekhorot 8:1: the one after a miscarried sac or a stillbirth is a firstborn for inheritance, not f
  ordinances.gifts('thirty_days')                                        {'v': 'day_thirty_is_the_edge', 'p': 'ANSWER-SHEET', 'why': "Mishnah Bekhorot 8:6: died within thirty days — though given, returned; after thirty — though not given, given; on the thirtieth — as the day before (R. Akiva: doubtful); Mekhilta on Exod 22:29: thirty days' care for the human and the anim
  ordinances.gifts('to_any_priest')                                      {'v': 'valid_to_any_priest_anywhere', 'p': 'MOVE', 'why': 'Mekhilta on Exod 22:29: the redemption and the gift valid to any priest anywhere — for the human and the animal alike', 'fx': ['due_to_priest']}
==== cold_run_ordinances.torn sig ('q',) (2411 chars) asks-in-source ['cannot_live', 'dogs_wage', 'field_common_case', 'fit_list', 'holy_men', 'lashes', 'to_the_dog', 'torn_seats']
def torn(q):
        if q == 'holy_men':
            return cell('hapax', I, f"22:30 'and MEN OF HOLINESS you shall be to Me' — 'holiness you shall be' at {c_holy_men} alone; " + MK + "22:30: 'when you are holy, you are "
                        "Mine'

  ordinances.torn('cannot_live')                                         {'v': 'whatever_cannot_live_is_terefah', 'p': 'ANSWER-SHEET', 'why': "Mishnah Chullin 3:1: the list — the pierced gullet, the severed windpipe, the pierced membrane... — and THIS IS THE RULE: whatever cannot live is a terefah; Onkelos Exod 22:30: 'flesh torn from the living animal'", 'fx': ['torn_fl
  ordinances.torn('dogs_wage')                                           {'v': 'not_a_dog_shall_whet_its_tongue', 'p': 'MOVE', 'why': "Mekhilta on Exod 22:30: the dog's WAGE — 'not a dog shall whet its tongue' (Exod 11:7): 'the Holy One withholds no creature's reward'", 'fx': ['torn_flesh_to_dogs']}
  ordinances.torn('field_common_case')                                   {'v': 'the_common_case_house_included', 'p': 'MOVE', 'why': "Mekhilta on Exod 22:30: 'in the FIELD' = the ordinary case (the verse speaks of what is common — the method named on three parallels), the house included by the carcass analogy; Mishnah Bava Kamma 5:7 applies the same rule to 23:4-5's 'ox 
  ordinances.torn('fit_list')                                            {'v': 'the_complement', 'p': 'ANSWER-SHEET', 'why': "Mishnah Chullin 3:2: these are fit — the windpipe pierced or split up to an Italian issar, the skull broken without the membrane, the liver with an olive left, the spleen and kidneys removed — the rule's complement", 'fx': ['—']}
  ordinances.torn('holy_men')                                            {'v': 'hapax', 'p': 'INK', 'why': "22:30 'and MEN OF HOLINESS you shall be to Me' — 'holiness you shall be' at [('Exod', 22, 30)] alone; Mekhilta on Exod 22:30: 'when you are holy, you are Mine' (R. Yishmael); Issi b. Yehuda: every new commandment adds holiness", 'fx': ['—']}
  ordinances.torn('lashes')                                              {'v': 'lashed', 'p': 'ANSWER-SHEET', 'why': "Mishnah Makkot 3:2: the eaters of carcass, TEREFAH, detestables and swarmers among the flogged — the sanctions engine's carcass cell credited", 'fx': ['lashes']}
  ordinances.torn('to_the_dog')                                          {'v': 'benefit_permitted', 'p': 'MOVE', 'why': "22:30 'TO THE DOG you shall throw it' — 'you shall throw' (תשלכון) at [('Exod', 22, 30)] alone; Mekhilta on Exod : as the dog, so any benefit (a fortiori from the carcass); Mishnah Kiddushin 2:9's no-benefit list does NOT name the terefah", 'fx': ['tor
  ordinances.torn('torn_seats')                                          {'v': 4, 'p': 'INK', 'why': "'torn' (טרפה) at [('Exod', 22, 30), ('Gen', 31, 39), ('Lev', 7, 24), ('Nah', 2, 13)]: Jacob's 'the torn I did not bring you' (Gen 31:39) the first, Lev 7:24's fat of the torn, this, Nahum 2:13", 'fx': ['torn_flesh_to_dogs']}
==== cold_run_ordinances.stranger sig ('q',) (3402 chars) asks-in-source ['beloved_census', 'cry_doubled', 'ger_seats', 'measure_for_measure', 'one_affliction', 'two_verbs', 'widow_orphan_scope', 'words_vs_money', 'you_were_strangers']
def stranger(q):
        if q == 'two_verbs':
            return cell('wrong_hapax_oppress_hapax', I, f"22:20 'a stranger you shall not WRONG (תונה) nor OPPRESS him (תלחצנו)' — each verb form at {c_wrong + c_oppress} alone", ['exempt'])
        if q ==

  ordinances.stranger('beloved_census')                                  {'v': 'every_title_israel_carries', 'p': 'MOVE', 'why': 'Mekhilta on Exod 22:20: converts carry every title Israel carries — servants, ministers, lovers, covenant, acceptance, guarding (the verse-paired list); Abraham circumcised at ninety-nine so the door stays open (the gen_33 seat cited)', 'fx': 
  ordinances.stranger('cry_doubled')                                     {'v': 'cry_cry_hear_hear', 'p': 'INK', 'why': "22:22 'if you afflict, afflict him — for if he CRIES, CRIES to Me, I will HEAR, HEAR his cry' — three doubled verbs in one verse (the doubled verbs of the spans at [(22, 22), (22, 25), (23, 5), (23, 22), (23, 24), (23, 30)]); Mekhilta on Exod : heard al
  ordinances.stranger('ger_seats')                                       {'v': [10, 33, 34], 'p': 'IMPORT', 'why': "the holiness engine's second half counts the stranger's seats in Lev 19 — CALLED cold_run_holiness_b.convert_measures(ger_seats) -> [10, 33, 34] [IMPORT, live call]; the two Exodus seats (22:20, 23:9) are the earlier writing of the same law", 'fx': ['—']}
  ordinances.stranger('measure_for_measure')                             {'v': 'wives_widows_sons_orphans', 'p': 'INK', 'why': "22:23 'My anger shall burn and I will kill you with the sword, and your wives shall be WIDOWS and your sons ORPHANS' — the punishment mirrors the offense word for word; Mekhilta on Exod : 'living widowhood' — courts unable to release, sons kept 
  ordinances.stranger('one_affliction')                                  {'v': 'one_affliction_is_liability', 'p': 'MOVE', 'why': 'Mekhilta on Exod 22:21-23: one affliction, great or small, is liability — with the execution narrative: R. Shimon and R. Yishmael led out, and R. Yishmael locates the sin in litigants kept waiting while he finished his cup or sandal', 'fx': [
  ordinances.stranger('two_verbs')                                       {'v': 'wrong_hapax_oppress_hapax', 'p': 'INK', 'why': "22:20 'a stranger you shall not WRONG (תונה) nor OPPRESS him (תלחצנו)' — each verb form at [('Exod', 22, 20), ('Exod', 22, 20)] alone", 'fx': ['exempt']}
  ordinances.stranger('widow_orphan_scope')                              {'v': 'R_Yishmael_all_persons_R_Akiva_the_named', 'p': 'MOVE', 'why': "22:21 'every widow and orphan you shall not afflict' — 'widow and orphan' at [('Exod', 22, 21), ('Mal', 3, 5)] (Malachi 3:5 the other), 'you shall not afflict' (תענון) at [('Exod', 22, 21)] alone; Mekhilta on Exod 22:21-23: R. Yi
  ordinances.stranger('words_vs_money')                                  {'v': 'yesterday_an_idolater_banned', 'p': 'IMPORT', 'why': "Mekhilta on Exod 22:20: the two verbs split — wronging = WORDS, oppression = MONEY; Mishnah Bava Metzia 4:10 quotes this verse for wronging by words ('remember your fathers' deeds' to a convert's son) — CALLED cold_run_holiness_b.convert_m
  ordinances.stranger('you_were_strangers')                              {'v': 'know_the_strangers_soul_from_your_own', 'p': 'IMPORT', 'why': "22:20 and 23:9 'for you were strangers in the land of Egypt' — the phrase at [('Deut', 10, 19), ('Exod', 22, 20), ('Exod', 23, 9), ('Lev', 19, 34)]: this span's two seats, Lev 19:34, Deut 10:19; CALLED cold_run_holiness_b.convert_
==== cold_run_erection.repeats sig ('q',) (18052 chars) asks-in-source ['appear_delta', 'appearance_amounts', 'arafto', 'as_commanded_without_kaf', 'chagigah_older', 'chagigah_overnight', 'donkey_by_call', 'empty_exported', 'empty_two_seats', 'empty_where_it_stands', 'equinox', 'feasts_delta', 'first_fruits_by_call', 'firstborn_delta', 'headline', 'jaccard', 'kelal_prat', 'kid_by_call', 'kid_identical', 'leaven_by_call', 'leaven_delta', 'loaves_by_call', 'matzah_by_call', 'matzah_delta', 'order_of_clauses', 'peter_forms', 'peter_twice', 'pilgrimage_by_call', 'plowing_three_readings', 'purge_before_slaughter', 'rest_by_call', 'rest_delta', 'sabbatical_by_call', 'seh_class', 'sheet_bekhorot_1_2', 'sheet_bekhorot_1_7', 'sheet_pesachim_5_4', 'sheet_sheviit_1_4', 'tekufat', 'tifdeh_doubled', 'tifdeh_triple', 'tipadeh', 'tizakar_homograph', 'until_morning_forms', 'warranty', 'warranty_read', 'weeks_consonants', 'wheat_two_loaves', 'zivchi_two_seats']
def repeats(q):
        if q == 'jaccard':
            return cell(R_JAC, I, "the eight clause-pairs aligned by normalized token overlap: %s — the kid clause identical (1.0), the matzah and the appearing near (0.7), the rest, the feasts, and the fi

  erection.repeats('appear_delta')                                       {'v': (['אלהי', 'את', 'ישראל'], ['אל']), 'p': 'INK', 'why': "34:23 against 23:17 — ADDS ['אלהי', 'את', 'ישראל'] and DROPS ['אל']: 'the face of the Lord, the LORD, THE GOD OF ISRAEL' for 'to the face of the Lord, the LORD', and the object marker for the preposition (['Exod 34:23'] / ['Exod 23:17'])",
  erection.repeats('appearance_amounts')                                 {'v': ('two_silver', 'maah'), 'p': 'DATA', 'why': "Mishnah Chagigah 1:2 — Beit Shammai: the appearance offering two silver, the festival offering a ma'ah; Beit Hillel the reverse — the amounts the DATA channel; 34:20's 'not empty' states a floor with no number", 'fx': ['appearance_gift_owed']}
  erection.repeats('arafto')                                             {'v': [('Exod', 13, 13), ('Exod', 34, 20)], 'p': 'INK', 'why': "'you shall break its neck' (וערפתו) at ['Exod 13:13', 'Exod 34:20'] alone — the second seat repeats the first's hapax exactly", 'fx': ['redeem_or_break']}
  erection.repeats('as_commanded_without_kaf')                           {'v': (1, 1, False), 'p': 'INK', 'why': "the pointer at the second seat: 34:18 'AS I COMMANDED you' is written without the comparative kaf (אשר צויתך, 1) where 23:15 writes it with (כאשר צויתך, 1) — the dependency census's AS_WHEN form does not fire at 34:18 (kaf present: False); the edge is CALL by
  erection.repeats('chagigah_older')                                     {'v': 'existed_before_the_utterance', 'p': 'MOVE', 'why': "Chagigah 6a:14 (opened) — Beit Hillel: the festival peace offering 'existed before the Utterance' — 24:5 'they slaughtered peace offerings'; and the appearance offering — 24:5 'they offered burnt offerings': the two houses' amounts argued by
  erection.repeats('chagigah_overnight')                                 {'v': 'chagigah_of_the_fourteenth_not_overnight', 'p': 'MOVE', 'why': "Pesachim 70a:5 (opened) — ben Teima: 'the SACRIFICE of the FEAST of the Passover shall not remain to the morning' — 'the sacrifice of the feast' is the chagigah of the fourteenth, 'the Passover' as it sounds: the second seat's ad
  erection.repeats('donkey_by_call')                                     {'v': 'redeem with a lamb, else break the neck', 'p': 'IMPORT', 'why': "34:20's donkey by call into the Passover engine — cold_run_pesach.firstborn(donkey) -> 'redeem with a lamb, else break the neck'; the ordinances engine's firstling fetches the same (ORD.firstling(donkey_by_call) -> 'redeem with 
  erection.repeats('empty_exported')                                     {'v': 'five_selas_to_the_severance_gift', 'p': 'MOVE', 'why': "Kiddushin 17a:7 (opened) — R. Meir prices the Hebrew slave's severance gift (Deut 15:13 'you shall not send him away EMPTY') by 'empty' 'empty' from THIS verse's firstborn: five selas — the moved clause exporting the firstborn's constant
  erection.repeats('empty_two_seats')                                    {'v': [('Exod', 23, 15), ('Exod', 34, 20)], 'p': 'INK', 'why': "'they shall not appear before Me EMPTY' at exactly ['Exod 23:15', 'Exod 34:20'] — at the first seat it closes the matzah feast, at the second it closes the firstborn's redemption: one clause, two neighbors", 'fx': ['appearance_gift_owed
  erection.repeats('empty_where_it_stands')                              {'v': 'standing_liability_like_the_appearance_offering', 'p': 'MOVE', 'why': "Bekhorot 51b:8 (opened) — Rav Dimi in R. Yonatan's name: 'every firstborn of your sons you shall redeem, and they shall not appear before Me empty' — 'empty' 'empty' from the appearance burnt offering: as that is a standin
  erection.repeats('equinox')                                            {'v': 'ingathering_after_the_turn', 'p': 'MOVE', 'why': "the calendar block (round 22, credited): Sanhedrin 13a:1 — 34:22's 'turn of the year' is the intercalation's equinox rule: the ingathering feast must fall after Tishrei's turn", 'fx': ['appearance_owed']}
  erection.repeats('feasts_delta')                                       {'v': (['אסיף', 'חטים', 'לך', 'שבעת', 'תעשה', 'תקופת'], ['אסף', 'אספך', 'אשר', 'את', 'מן', 'מעשיך', 'מעשיך', 'צאת', 'שדה', 'שדה', 'תזרע']), 'p': 'INK', 'why': "34:22 against 23:16 — the second seat ADDS ['אסיף', 'חטים', 'לך', 'שבעת', 'תעשה', 'תקופת'] and DROPS ['אסף', 'אספך', 'אשר', 'את', 'מן', 'מעש
  erection.repeats('first_fruits_by_call')                               {'v': 'bring to the house (seven kinds — fetched list)', 'p': 'IMPORT', 'why': "34:26 'the first of the first fruits of your land' — cold_run_calendar.first_fruits -> 'bring to the house (seven kinds — fetched list)' [IMPORT, live call]; the appointed-times engine links the same: MO.two_loaves()['fi
  erection.repeats('firstborn_delta')                                    {'v': (['חמור', 'יראו', 'לא', 'ניך', 'פני', 'ריקם'], ['אדם', 'בניך', 'חמר', 'כל']), 'p': 'INK', 'why': "34:20 against 13:13 — ADDS ['חמור', 'יראו', 'לא', 'ניך', 'פני', 'ריקם'] and DROPS ['אדם', 'בניך', 'חמר', 'כל']: the donkey spelled plene (חמור for חמר), 'the firstborn of your SONS' for 'the first
  erection.repeats('headline')                                           {'v': 'the_second_seats_delta_is_where_the_tradition_argues', 'p': 'MOVE', 'why': "THE HEADLINE: every token the second seat adds, drops, moves, or doubles against the first is a sugya's ground — the plowing (three readings), the doublings (four sugyot), the moved 'empty' (four), the revocalized 'ti
  erection.repeats('jaccard')                                            {'v': {'matzah': 0.7, 'firstborn_a': 0.26, 'firstborn_b': 0.5, 'rest': 0.26, 'feasts': 0.23, 'appear': 0.69, 'leaven_fat': 0.5, 'firstfruits_kid': 1.0}, 'p': 'INK', 'why': "the eight clause-pairs aligned by normalized token overlap: {'matzah': 0.7, 'firstborn_a': 0.26, 'firstborn_b': 0.5, 'rest': 0.
  erection.repeats('kelal_prat')                                         {'v': ['שור', 'ושה', 'חמור'], 'p': 'INK', 'why': "34:19-20 'ALL your cattle you shall remember-the-male — the firstling of OX and SHEEP, and the firstling of a DONKEY': a generalization and its particulars ['שור', 'ושה', 'חמור']; Bekhorot 6a:6 (opened): Rav Pappa — a general and a particular, only w
  erection.repeats('kid_by_call')                                        {'v': {'cook': 'barred', 'eat': 'barred', 'benefit': 'barred'}, 'p': 'IMPORT', 'why': "the kid clause's three bans by call — cold_run_calendar.kid_in_milk(cook / eat / benefit) -> {'cook': 'barred', 'eat': 'barred', 'benefit': 'barred'} [IMPORT, live call]: the same function at its second seat (Kidd
  erection.repeats('kid_identical')                                      {'v': True, 'p': 'INK', 'why': "34:26 == 23:19 TOKEN FOR TOKEN (twelve tokens): 'the first of the first fruits of your land you shall bring to the house of the LORD your God; you shall not boil a kid in its mother's milk' — the one clause-pair the second seat copies unchanged (Deut 14:21 the third s
  erection.repeats('leaven_by_call')                                     {'v': ('the slaughterer with leaven transgresses', 'disqualified at morning off the altar', 'burn on the 16th'), 'p': 'IMPORT', 'why': "the two windows by call — cold_run_calendar.offering_windows(leaven_beside_offering) -> 'the slaughterer with leaven transgresses', (fat_overnight) -> 'disqualified
  erection.repeats('leaven_delta')                                       {'v': (['זבח', 'חג', 'פסח', 'תשחט'], ['חגי', 'חלב', 'עד', 'תזבח']), 'p': 'INK', 'why': "34:25 against 23:18 — ADDS ['זבח', 'חג', 'פסח', 'תשחט'] and DROPS ['חגי', 'חלב', 'עד', 'תזבח']: 'SLAUGHTER' for 'sacrifice', 'THE SACRIFICE OF THE FEAST OF THE PASSOVER' (['Exod 34:25'], a hapax) for 'the fat of 
  erection.repeats('loaves_by_call')                                     {'v': (2, 'two_tenths'), 'p': 'IMPORT', 'why': "Lev 23:17's two loaves by call — cold_run_moadim.two_loaves(): count 2, flour 'two_tenths' [IMPORT, live call]; the wheat is 34:22's word, the two tenths Leviticus's", 'fx': ['accepted']}
  erection.repeats('matzah_by_call')                                     {'v': 'seven days of unleavened bread = 14th evening to 21st evening (CALLED pesach)', 'p': 'IMPORT', 'why': "the command pointed to, by two calls — cold_run_calendar.matzah(as_commanded) -> 'seven days of unleavened bread = 14th evening to 21st evening (CALLED pesach)'; cold_run_pesach.leaven_machi
  erection.repeats('matzah_delta')                                       {'v': (['אביב', 'חדש'], ['בו', 'יראו', 'לא', 'פני', 'ריקם']), 'p': 'INK', 'why': "34:18 against 23:15 — ADDS ['אביב', 'חדש'] ('the month of Aviv' repeated) and DROPS ['בו', 'יראו', 'לא', 'פני', 'ריקם']: the clause 'they shall not appear before Me EMPTY' leaves the matzah feast here and reappears at 
  erection.repeats('order_of_clauses')                                   {'v': 'redeem_then_appear', 'p': 'MOVE', 'why': "Kiddushin 29b:5 (opened) — the rabbis: 'the verse says every firstborn of your sons you shall redeem AND AFTERWARD they shall not appear before Me empty' — the clause order of 34:20 is the duties' order (move M-11); Mishnah Bekhorot 1:7 the same shape
  erection.repeats('peter_forms')                                        {'v': ([('Exod', 13, 13)], [('Exod', 34, 20)], []), 'p': 'INK', 'why': "'the firstling of a donkey' — DEFECTIVE at ['Exod 13:13'] (פטר חמר), PLENE with the conjunction at ['Exod 34:20'] (ופטר חמור), and the plene form without the vav NOWHERE ([]): the tradition's 'peter chamor peter chamor, twice' i
  erection.repeats('peter_twice')                                        {'v': 'bearer_and_born_both_donkeys', 'p': 'MOVE', 'why': "Bekhorot 5b:7 (opened) — Mishnah Bekhorot 1:2's source: 'a cow that bore a donkey-like... exempt, for it says peter chamor (13:13), peter chamor (34:20) — TWICE: until the bearer is a donkey and the born a donkey'; 6a:1: 'the firstlings of d
  erection.repeats('pilgrimage_by_call')                                 {'v': ('owes the three appearings', 'exempt', 'exempt'), 'p': 'IMPORT', 'why': "the appearing by call — cold_run_calendar.pilgrimage(able_male) -> 'owes the three appearings', (woman) -> 'exempt', (lame) -> 'exempt' [IMPORT, live call]: 'all your MALES' at both seats; Mishnah Chagigah 1:1 credited",
  erection.repeats('plowing_three_readings')                             {'v': ('added_sabbatical', 'omer_harvest_excluded', 'labors_divided'), 'p': 'MOVE', 'why': "THE ADDED TOKENS READ THREE WAYS — Makkot 8b:3 (opened): R. Akiva — the plowing of the eve that enters the seventh and the harvest that goes out (the ADDED SABBATICAL; Moed Katan 3b:13 the same with R. Yishma
  erection.repeats('purge_before_slaughter')                             {'v': 'purge_before_the_slaughter', 'p': 'MOVE', 'why': "Pesachim 5a:16 (the leaven block credited) — Rava: 'you shall not slaughter over leaven the blood of My sacrifice' — do not slaughter the Passover while leaven still exists: the removal deadline pegged to the paschal's slaughter (PS.leaven_mac
  erection.repeats('rest_by_call')                                       {'v': ('every seventh day', 'ox, donkey, slave, resident stranger'), 'p': 'IMPORT', 'why': "the rest by call — cold_run_calendar.weekly_rest(recurrence) -> 'every seventh day', (who_rests) -> 'ox, donkey, slave, resident stranger' [IMPORT, live call]: the first seat's beneficiaries the engine holds,
  erection.repeats('rest_delta')                                         {'v': (['חריש', 'קציר', 'תעבד', 'תשבת'], ['אמתך', 'בן', 'הגר', 'חמרך', 'ינוח', 'ינפש', 'מען', 'מעשיך', 'שורך', 'תעשה']), 'p': 'INK', 'why': "34:21 against 23:12 — ADDS ['חריש', 'קציר', 'תעבד', 'תשבת'] ('you shall WORK', 'in PLOWING and in HARVEST') and DROPS ['אמתך', 'בן', 'הגר', 'חמרך', 'ינוח', 'ינ
  erection.repeats('sabbatical_by_call')                                 {'v': ('land released in year 7', 'the same release: Lev 25 holds 4 labor verbs (CALLED yovel)'), 'p': 'IMPORT', 'why': "the seventh year by call — cold_run_calendar.sabbatical(timer) -> 'land released in year 7', (home_engine) -> 'the same release: Lev 25 holds 4 labor verbs (CALLED yovel)' [IMPORT
  erection.repeats('seh_class')                                          {'v': 'sheep_or_goat_any_sex_age_blemish', 'p': 'ANSWER-SHEET', 'why': "Mishnah Bekhorot 1:4 (the link row) — 'with a SEH: from the sheep and from the goats, male and female, large and small, whole and blemished' (Bekhorot 9a:6 opened); 1:5: not a calf, a wild animal, a slaughtered, a torn one; R. E
  erection.repeats('sheet_bekhorot_1_2')                                 {'v': 'exempt', 'p': 'ANSWER-SHEET', 'why': 'Mishnah Bekhorot 1:2 (the link row at 34:20) — a cow that bore a donkey-like, a donkey a horse-like: exempt from the firstling law', 'fx': ['exempt']}
  erection.repeats('sheet_bekhorot_1_7')                                 {'v': 'redemption_precedes_breaking', 'p': 'ANSWER-SHEET', 'why': "Mishnah Bekhorot 1:7 (the link row) — 'the command to redeem precedes the command to break the neck, as it says: and if you will not redeem it, you shall break its neck' (13:13 = 34:20); with Exod 21:8's designation and Lev 27:27's m
  erection.repeats('sheet_pesachim_5_4')                                 {'v': 'transgresses_a_negative', 'p': 'ANSWER-SHEET', 'why': 'Mishnah Pesachim 5:4 (the link row at 34:25) — one who slaughters the Passover over leaven transgresses a negative; R. Yehuda: also the tamid; R. Shimon: for its name on the fourteenth', 'fx': ['purge_deadline']}
  erection.repeats('sheet_sheviit_1_4')                                  {'v': 'plowing_of_the_eve_harvest_of_the_morrow', 'p': 'ANSWER-SHEET', 'why': "Mishnah Sheviit 1:4 (the link row at 34:21) — 'in plowing and in harvest you shall rest: no need to say the seventh's, rather the plowing of the eve that enters the seventh and the harvest that goes out to its morrow; R. 
  erection.repeats('tekufat')                                            {'v': ([('Exod', 34, 22)], [('2Chr', 24, 23)], [('Exod', 23, 16)]), 'p': 'INK', 'why': "'the TURN of the year' at ['Exod 34:22'] (and with a prefix at ['2Chr 24:23'] — Joash's year), 'the year's GOING OUT' at ['Exod 23:16']: the second seat's astronomical word for the first seat's calendrical one", 
  erection.repeats('tifdeh_doubled')                                     {'v': 'at_once_with_any_amount', 'p': 'MOVE', 'why': "Bekhorot 10b:27 (opened) — 'tifdeh (13:13), tifdeh (34:20): redeem AT ONCE, redeem with ANY amount' (R. Yosei b. Yehuda: not under a shekel); 12a:3: 'tifdeh tifdeh INCLUDES' — the lamb need not be the paschal's male yearling: the doubling arithme
  erection.repeats('tifdeh_triple')                                      {'v': ([('Exod', 13, 13), ('Exod', 34, 20), ('Isa', 1, 27), ('Num', 18, 15), ('Num', 18, 16), ('Num', 18, 17)], 3, 3), 'p': 'INK', 'why': "'you shall redeem' (תפדה) at ['Exod 13:13', 'Exod 34:20', 'Isa 1:27', 'Num 18:15', 'Num 18:16', 'Num 18:17'] — THREE times in 34:20 and three in 13:13 (the donke
  erection.repeats('tipadeh')                                            {'v': 'he_redeems_himself_sons_not_daughters', 'p': 'MOVE', 'why': "Kiddushin 29a:17 (opened) — 'tifdeh' read 'TIPADEH' (you shall BE redeemed): one whom others are commanded to redeem redeems himself; 'the firstborn of your SONS — your sons, not your daughters' — the revocalization (move M-16) on t
  erection.repeats('tizakar_homograph')                                  {'v': 9, 'p': 'INK', 'why': "'you shall remember-the-male' (תזכר, 34:19) — the token at 9 seats of the Tanakh, eight of them 'you shall REMEMBER' (Deut 7:18, 16:3...): the male-verb of 34:19 is the remember-verb's homograph, read by the tradition as 'the males' (Onkelos: the males)", 'fx': ['consecr
  erection.repeats('until_morning_forms')                                {'v': 'all_night_on_the_altar', 'p': 'MOVE', 'why': "Pesachim 59b:8 (opened) — Rav Safra: 'it shall not remain TO the morning' — to the morning it does not remain, so all night it may (on the altar), against 'the burnt offering of the Sabbath on its Sabbath': the time-word's two forms (לבקר / עד בקר
  erection.repeats('warranty')                                           {'v': 1, 'p': 'INK', 'why': "34:24 'and no man shall COVET your land when you go up' — the covet-verb in this form (יחמד) at ['Exod 34:24'] alone in the Tanakh: the Decalogue's last word turned on the neighbor, in a verse with no first seat", 'fx': ['pilgrim_land_guarded']}
  erection.repeats('warranty_read')                                      {'v': 'cow_grazes_unharmed', 'p': 'MOVE', 'why': "the festivals block (round 24, credited): Pesachim 8b:7 — 'your cow grazes in the meadow and no beast harms it, your hen scratches in the dunghill and no weasel harms it' — the inserted verse's guarantee", 'fx': ['pilgrim_land_guarded']}
  erection.repeats('weeks_consonants')                                   {'v': ([('Exod', 34, 22)], [('Neh', 8, 18), ('Num', 28, 17)], [('Exod', 23, 16)]), 'p': 'INK', 'why': "'the feast of WEEKS' (וחג שבעת) at ['Exod 34:22'] alone — and the same consonants 'a feast of SEVEN days' (חג שבעת ימים) at ['Neh 8:18', 'Num 28:17']: 'shavuot' and 'shiv'at' share a written form t
  erection.repeats('wheat_two_loaves')                                   {'v': 'two_loaves_of_wheat_precede_bikkurim', 'p': 'MOVE', 'why': "Menachot 84b:4 (opened) — 'the feast of weeks, the first fruits of the WHEAT harvest' (34:22): the two loaves are of wheat and precede the first fruits; 'the barley harvest from where? — the feast of the harvest, the first fruits of 
  erection.repeats('zivchi_two_seats')                                   {'v': ('the_tamid_from_My_sacrifice', 'zevach_zevachai'), 'p': 'MOVE', 'why': "Pesachim 64a:5-6 (opened) — Mishnah Pesachim 5:4's two arms traced to one token at two seats: R. Yehuda ('also the tamid') from 'MY sacrifice — the sacrifice designated to Me'; R. Shimon from 'zivchi' 'zivchi' TWICE (23:1
==== cold_run_korach.the_gifts sig ('case', 'data') (28049 chars) asks-in-source ['ass_redeem_or_break', 'betrothed_eats', 'bikkurim', 'bikkurim_eaters', 'bikkurim_partners', 'bikkurim_scope', 'blemish_expert', 'blemished_firstborn', 'blemished_keeping', 'breast_and_thigh', 'clean_firstborn', 'covenant_of_salt', 'covenant_reason', 'devote_firstborn', 'devoted', 'devoted_status', 'devoted_to_whom', 'devotion_by_priests', 'donkey_doubt', 'doubtful_terumah_watch', 'eaten_in_greatness', 'every_male', 'firstborn_blood_mixed', 'firstborn_blood_placement', 'firstborn_eaters', 'firstborn_eating_window', 'firstborn_for_redemption', 'firstborn_portions', 'firstborn_resembles', 'firstborn_sale', 'firstborn_substitute', 'firstborn_without_altar', 'five_sela_coinage', 'from_the_fire', 'gentile_consecrations', 'household', 'impure_terumah_benefit', 'levite_donkey', 'most_holy_eating_place', 'most_holy_list', 'most_holy_portion_use', 'opens_the_womb', 'raise_before_giving', 'redeeming_lamb', 'redemption_before_thirty', 'redemption_means', 'redemption_money_lost', 'redemption_rate', 'redemption_timing', 'returned', 'salt_source', 'self_redemption', 'suspect_firstborn', 'suspect_principle', 'the_best_triad', 'three_crowns', 'twenty_four', 'twenty_gerah_floor', 'twins', 'unclean_firstborn_scope', 'with_joy']
def the_gifts(case, data):
        del P[:]
        ask = case['ask']
        if ask == 'with_joy':
            ink('18:8', '"and the LORD spoke to Aaron: and I, behold, I have given you" — the LORD to Aaron; 17:5\'s "to him" the frame through Moses'); mov

  korach.the_gifts({ask:ass_redeem_or_break})                            ('redeem with a lamb, else break the neck', ['redeem_or_break'])
  korach.the_gifts({ask:betrothed_eats})                                 ('the a-fortiori: she eats (R. Yochanan b. Bag Bag); THE DECREE: not until the canopy (Mishnah Ketubot 5:3 — the later court; Ketubot 57b-58a: the cup and the simpon) — the decree over the a-fortiori', ['stranger_barred'])
  korach.the_gifts({ask:bikkurim})                                       ('the first fruits of all — holy while attached (18:13; Sifrei 117:2); partners liable, outside the land exempt (Chullin 136a); roofs and ships (Menachot 84b); the household eats (84b:10)', ['due_to_priest'])
  korach.the_gifts({ask:bikkurim_eaters})                                ('the household eats the first fruits — the verse read as two (Menachot 84b:10)', ['terumah_fed'])
  korach.the_gifts({ask:bikkurim_partners})                              ('first fruits from land in partnership — liable; outside the land exempt (Chullin 136a)', ['due_to_priest'])
  korach.the_gifts({ask:bikkurim_scope})                                 ('the first fruits of all — roofs, ruins, flowerpots and ships; the two loaves precede (Menachot 84b)', ['due_to_priest'])
  korach.the_gifts({ask:blemish_expert})                                 ("the court's expert exempt, a non-expert pays (Mishnah Bekhorot 4:4); a paid examiner disqualified unless like Ila (4:5); shown after slaughter — R. Yehuda / R. Meir (4:3)", ['—'])
  korach.the_gifts({ask:blemished_firstborn})                            ('to the priest — it shall be yours repeated (Zevachim 37b); raised thirty or fifty days (Mishnah Bekhorot 4:1); kept the year (4:2); the expert (4:4-5)', ['due_to_priest'])
  korach.the_gifts({ask:blemished_keeping})                              ('a blemish within the year — kept the twelve months; after the year — thirty days (Mishnah Bekhorot 4:2)', ['—'])
  korach.the_gifts({ask:breast_and_thigh})                               ('breast and thigh to the priests after the smoking (tzav CALLED); the terumah of their gift, all the wave offerings (18:11)', ['due_to_priest'])
  korach.the_gifts({ask:clean_firstborn})                                ('the firstborn of an ox, a sheep, a goat you shall not redeem — they are holy (18:17); an ox and its firstborn an ox (Bekhorot 5b); no hybrid (Sifrei 118:1)', ['consecrated'])
  korach.the_gifts({ask:covenant_of_salt})                               ("a covenant of salt — Aaron's (18:19) and David's (2 Chr 13:5) alone; salting indispensable (Menachot 19b-20a); from communal supplies (Menachot 21b); Aaron's greater than David's (Sifrei 119:5)", ['covenant_of_salt'])
  korach.the_gifts({ask:covenant_reason})                                ("the covenant written because Korach contested — the king's retainer (Sifrei 117:2); for Aaron's good did Korach come (119:2)", ['—'])
  korach.the_gifts({ask:devote_firstborn})                               ("the firstborn, whole or blemished, may be devoted — assessed by the daughter's son (Mishnah Arakhin 8:7; temurah CALLED: may_be_devoted)", ['—'])
  korach.the_gifts({ask:devoted})                                        ("every devoted thing in Israel — gentiles', women's, bondsmen's too (Sifrei 117:3); unspecified: priests_Sages_upkeep_R._Yehuda_b._Beteira (temurah CALLED) — the four-way dispute: R. Yossi HaGelili the priests, R. Yehudah b. Beteira Temple maintenance, R. Yehudah b. Bava the priests, R. Shimon Heav
  korach.the_gifts({ask:devoted_status})                                 ("in the owner's house consecrated; given to the priest common (Arakhin 29a; Bekhorot 32a); to the priest of the watch serving (Arakhin 28b)", ['due_to_priest'])
  korach.the_gifts({ask:devoted_to_whom})                                ('to the priest of the watch serving in the Temple — to the priest / to the priest with 5:8 (Arakhin 28b)', ['due_to_priest'])
  korach.the_gifts({ask:devotion_by_priests})                            ('R. Yehuda: priests and Levites may not; R. Shimon: priests not, Levites may (Mishnah Arakhin 8:5)', ['—'])
  korach.the_gifts({ask:donkey_doubt})                                   ('the burden of proof on the priest — a male and a female, the owner keeps the lamb; two males, one lamb (Mishnah Bekhorot 1:3)', ['—'])
  korach.the_gifts({ask:doubtful_terumah_watch})                         ('R. Yehoshua: safeguard only the pure; R. Eliezer: the doubtful too (Bekhorot 34a)', ['—'])
  korach.the_gifts({ask:eaten_in_greatness})                             ('for anointing = for greatness — eaten as kings eat, roasted with mustard, any manner (Onkelos cited at Zevachim 91a; Chullin 132b; Sotah 15a)', ['due_to_priest'])
  korach.the_gifts({ask:every_male})                                     ("every male — communal peace offerings eaten by the priests' males (Menachot 83a; Zevachim 97b)", ['—'])
  korach.the_gifts({ask:firstborn_blood_mixed})                          ("they are holy — the blood mixed with others' still sacrificed (Zevachim 81a; Temurah 5b)", ['—'])
  korach.the_gifts({ask:firstborn_blood_placement})                      ("one placement on the base — their blood, their fat: the tithe and the Passover too (R. Yosei HaGelili; Zevachim 56b; Mishnah Zevachim 5:8; Sifrei 118:1's one spilling)", ['consecrated'])
  korach.the_gifts({ask:firstborn_eaters})                               ('Beit Shammai: priests only, not menstruating women; Beit Hillel: the blemished to any (Bekhorot 32b-33a)', ['—'])
  korach.the_gifts({ask:firstborn_eating_window})                        ("two days and a night — as the wave-breast and the right thigh (18:18; Bekhorot 27b; Zevachim 57a; Mishnah Zevachim 5:8) — the peace offering's row CALLED", ['due_to_priest'])
  korach.the_gifts({ask:firstborn_for_redemption})                       ("opens a Jewish mother's womb (Mishnah Bekhorot 8:1); the caesarean — neither (8:2; pesach CALLED: not consecrated)", ['—'])
  korach.the_gifts({ask:firstborn_portions})                             ('their blood, their fat — the tithe and the Passover placed like the firstborn (R. Yosei HaGelili; Zevachim 37a, 56b; Pesachim 64b); R. Yishmael from Deut 12:27; the portions burned (Keritot 4a)', ['consecrated'])
  korach.the_gifts({ask:firstborn_resembles})                            ('the head and the majority of the body like the mother (Bekhorot 7a); resembling another species — no firstborn (Bekhorot 12a; Bava Kamma 78a)', ['—'])
  korach.the_gifts({ask:firstborn_sale})                                 ('not redeemed, but sold — alive unblemished, blemished alive or slaughtered; the tithe neither (Bava Kamma 13a; Bekhorot 31b; Temurah 5b, 8a)', ['—'])
  korach.the_gifts({ask:firstborn_substitute})                           ('they are holy — they, not their substitutes (Temurah 21a; Zevachim 37b)', ['—'])
  korach.the_gifts({ask:firstborn_without_altar})                        ('the flesh as the blood — eaten only while the altar stands (Makkot 19a; Temurah 21a; Zevachim 60b)', ['—'])
  korach.the_gifts({ask:five_sela_coinage})                              ('the five sela in the Tyrian maneh (Mishnah Bekhorot 8:7; Bekhorot 49b)', ['pays'])
  korach.the_gifts({ask:from_the_fire})                                  ("the olah's hide — the most holy from the fire (Sifrei 117:2)", ['due_to_priest'])
  korach.the_gifts({ask:gentile_consecrations})                          ("of all the hallowed things of the children of Israel — not gentiles': no misuse (Temurah 3a)", ['—'])
  korach.the_gifts({ask:household})                                      ('every clean one in your house — the household (priesthood CALLED); to your daughters', ['terumah_fed'])
  korach.the_gifts({ask:impure_terumah_benefit})                         ('My terumot — two: the impure burned with benefit beneath the dish, from the separation onward (Shabbat 25a-26a; Yevamot 74a)', ['—'])
  korach.the_gifts({ask:levite_donkey})                                  ('exempt — a priest or a Levite (the son and the donkey)', ['exempt'])
  korach.the_gifts({ask:most_holy_eating_place})                         ('in the most holy place — the courtyard; inside the Sanctuary when gentiles surround it (Zevachim 63a; Menachot 9a)', ['—'])
  korach.the_gifts({ask:most_holy_list})                                 ("every offering, every meal offering, every sin offering, every guilt offering (18:9) — the four everys include the omer's, the suspected wife's, the bird olah's meat, the leper's log (Menachot 73a; Zevachim 44b)", ['due_to_priest'])
  korach.the_gifts({ask:most_holy_portion_use})                          ('R. Yehuda: betrothed with it; R. Yosei: consumption alone (Kiddushin 52b)', ['—'])
  korach.the_gifts({ask:opens_the_womb})                                 ("all that opens the womb — which they offer excludes the unclean animal, and in beast re-includes the blemished (Sifrei 118:1); the Levites' ass exempt", ['consecrated_firstborn'])
  korach.the_gifts({ask:raise_before_giving})                            ("30 days a small animal, 50 a large (Mishnah Bekhorot 4:1; Bekhorot 26b — Exod 22:29 juxtaposed to 18:16's month)", ['—'])
  korach.the_gifts({ask:redeeming_lamb})                                 ('any lamb — sheep or goat, any age, blemished; not a calf, a hybrid or a koy (Mishnah Bekhorot 1:4-5); the designated lamb died — R. Eliezer / the Rabbis (1:6)', ['—'])
  korach.the_gifts({ask:redemption_before_thirty})                       ('after thirty days — from a month old (18:16 / 3:40; Bekhorot 49a; Bamidbar CALLED: after thirty days); mauled within thirty — no redemption (Bava Kamma 11b); the thirtieth day like the day before (Mishnah Bekhorot 8:6)', ['pays'])
  korach.the_gifts({ask:redemption_means})                               ("redeemed when in the priest's hand (Bamidbar CALLED); not with slaves, notes, land or consecrated items (Mishnah Bekhorot 8:8); movable, not writs (Sifrei 118:1 — Rebbi: writs only)", ['pays'])
  korach.the_gifts({ask:redemption_money_lost})                          ('the father liable — shall be yours before you shall redeem (Mishnah Bekhorot 8:8; Bekhorot 51a)', ['pays'])
  korach.the_gifts({ask:redemption_rate})                                ("five shekels per skull; twenty gerah the shekel (the sela of twenty ma'ah)", ['pays'])
  korach.the_gifts({ask:redemption_timing})                              ('thirty days the son, at once the ass (Bekhorot 12b-13a; Sifrei 118:1 — immediately or after a month)', ['pays'])
  korach.the_gifts({ask:returned})                                       ("which they return to Me — the proselyte's theft (5:8; Sifrei 117:2; Bava Kamma 110a)", ['due_to_priest'])
  korach.the_gifts({ask:salt_source})                                    ('the salt from communal supplies — everlasting covenant / everlasting covenant with the showbread (Menachot 21b)', ['—'])
  korach.the_gifts({ask:self_redemption})                                ('redeem, you shall redeem — the son redeems himself if the father did not (Kiddushin 29a; Sifrei 118:1 Kerem Beyavneh)', ['pays'])
  korach.the_gifts({ask:suspect_firstborn})                              ('no meat nor untanned hides from one suspect on firstborns (Mishnah Bekhorot 4:7); may neither judge nor testify on it (4:10)', ['—'])
  korach.the_gifts({ask:suspect_principle})                              ('suspect on the sabbatical year not on tithes, nor the reverse; suspect on either — on purities; neither judge nor witness on that matter (Mishnah Bekhorot 4:10)', ['—'])
  korach.the_gifts({ask:the_best_triad})                                 ("the best of the oil, the wine and the grain (18:12) — Izhar's word; the triad reversed against eleven seats (computed); kind for kind: each type its first (Bekhorot 53b, 54b)", ['—'])
  korach.the_gifts({ask:three_crowns})                                   ('three crowns — Torah, priesthood, kingdom; the good name above them (Avot 4:13; Sifrei 119:4)', ['—'])
  korach.the_gifts({ask:twenty_four})                                    ('24 — twelve in the sanctuary, twelve in the borders (Sifrei 119:1-2; Chullin 133b; Bava Kamma 110b); a generalization, a detail and a covenant of salt', ['priestly_dues_granted'])
  korach.the_gifts({ask:twenty_gerah_floor})                             ("twenty gerah — more, not less (Sifrei 118:1; Bekhorot 50a); the seat among the shekel engine's five: Num 18:16", ['pays'])
  korach.the_gifts({ask:twins})                                          ('twins — five sela after thirty days; one died — exempt; two wives — ten; the intermingled by certainty (Mishnah Bekhorot 8:3-5)', ['pays'])
  korach.the_gifts({ask:unclean_firstborn_scope})                        ('the ass alone (Sifrei 118:1; Bekhorot 5b) — redeem with a lamb, else break the neck (pesach CALLED)', ['redeem_or_break'])
  korach.the_gifts({ask:with_joy})                                       ("and I, behold — with joy (Sifrei 117:1); through Moses by 17:5's to him", ['—'])
==== cold_run_korach.the_tithe sig ('case', 'data') (18916 chars) asks-in-source ['agent', 'agent_gentile', 'as_wages', 'bought_from_gentile', 'confession', 'estimate', 'every_place', 'exclusion_table', 'from_it', 'gentile_tithe', 'household_deputes', 'impure_for_pure', 'inferior_for_superior', 'israelite_benefit_from_terumah', 'kind_for_kind', 'levite_he', 'levite_preceded', 'liable_produce', 'mourner', 'no_inheritance', 'one_in_a_hundred', 'partners', 'pointer_paid', 'recipients', 'removal', 'so_you_too', 'terumah_measure', 'terumah_status', 'the_best', 'third_year', 'thresholds', 'tithe_of_the_tithe', 'tithe_recipient', 'tithe_terumah_betrothal', 'tithe_to_foreigners', 'tithe_to_levites', 'wage', 'what_remains_common', 'who_separates', 'who_separates_tithe_terumah', 'wrong_order', 'you_shall_not_die']
def the_tithe(case, data):
        del P[:]
        ask = case['ask']
        if ask == 'no_inheritance':
            ink('18:20', '"in their land you shall not inherit, and you shall have no portion among them; I am your portion and your inheritance"'); m

  korach.the_tithe({ask:agent})                                          ("you also — an agent, with the owner's knowledge; by the owner's mind, else 1/50; not partners, sharecroppers, stewards; a gentile no (Bava Metzia 22a, 71b; Kiddushin 41b; Gittin 23b, 52a; Mishnah Terumot 4:4)", ['—'])
  korach.the_tithe({ask:agent_gentile})                                  ('a gentile cannot separate terumah even as an agent — members of the covenant (Bava Metzia 71b; Gittin 23b)', ['—'])
  korach.the_tithe({ask:as_wages})                                       ('forbidden, desecrated — that you shall not die (Bekhorot 26b)', ['—'])
  korach.the_tithe({ask:bought_from_gentile})                            ("bought from a gentile in smoothed piles — exempt from the tithe's terumah (Bekhorot 11b)", ['—'])
  korach.the_tithe({ask:confession})                                     ("given to the Levite = the first tithe; also given = terumah and the tithe's terumah (Mishnah Ma'aser Sheni 5:10-11); Deut 26's run", ['—'])
  korach.the_tithe({ask:estimate})                                       ("by estimate and by thought — your terumah plural, two terumot (Abba Elazar ben Gomel: Beitzah 13b; Bekhorot 58b-59a; Sifrei 121:1); never by measure (Mishnah Terumot 1:7); the tithes too (18:24's terumah)", ['—'])
  korach.the_tithe({ask:every_place})                                    ("in every place — even a cemetery (Sifrei 122:1; Yevamot 86b — R. Akiva: excludes the priest); Deut 12:13's ban the Torah twin", ['—'])
  korach.the_tithe({ask:exclusion_table})                                ("priests (18:20), Levites (18:23), bondsmen and proselytes (26:55), the two of uncertain sex (26:54) — Sifrei 119:1; R. Meir: priests and Levites do not confess (Mishnah Ma'aser Sheni 5:14)", ['inheritance_barred'])
  korach.the_tithe({ask:from_it})                                        ('from it — kind for its kind, rooted for rooted, new for new, not across the border (Sifrei 120:1; Mishnah Terumot 1:5); not the tithed tithe, not the exempt for the liable', ['—'])
  korach.the_tithe({ask:gentile_tithe})                                  ("the tithe of the children of Israel — not gentiles' (Temurah 3a; Zevachim 45a); bought from a gentile in piles — exempt from the tithe's terumah (Bekhorot 11b)", ['—'])
  korach.the_tithe({ask:household_deputes})                              ('you and your household — the Israelite wife of a Levite may depute the separation (18:31; Yevamot 86a; Sifrei 122:1)', ['—'])
  korach.the_tithe({ask:impure_for_pure})                                ('not impure for pure — unwitting valid, intentional nothing (Mishnah Terumot 2:2); terumah by Torah law, the Sages penalized (Yevamot 89b)', ['—'])
  korach.the_tithe({ask:inferior_for_superior})                          ('valid terumah, a transgression that takes effect — you shall bear no sin (18:32; R. Ilai: Bava Batra 84b, 143a; Bava Metzia 56a; Kiddushin 46b; Temurah 5a); the impure for the pure likewise, penalized (Yevamot 89b; Terumot 2:2)', ['due_to_priest'])
  korach.the_tithe({ask:israelite_benefit_from_terumah})                 ('your terumah — an Israelite may benefit (Pesachim 23a)', ['—'])
  korach.the_tithe({ask:kind_for_kind})                                  ('not one kind for another — not terumah (Mishnah Terumot 2:4; Bekhorot 53b); the first part of them — each type its own (Bekhorot 54b; Temurah 5a)', ['—'])
  korach.the_tithe({ask:levite_he})                                      ('the Levite — he: perforce, in sabbatical and jubilee years, no priest in his stead (Sifrei 119:5)', ['—'])
  korach.the_tithe({ask:levite_preceded})                                ("on the stalks — the tithe's terumah only; after the pile — the great terumah too (Berakhot 47a-b; Beitzah 13b; Eruvin 31b; Pesachim 35b; Shabbat 127b)", ['due_to_priest'])
  korach.the_tithe({ask:liable_produce})                                 ("food, guarded, grown from the land (Mishnah Ma'aserot 1:1); the ripening signs (1:2-4)", ['—'])
  korach.the_tithe({ask:mourner})                                        ("from it free for the mourner — the tithe and the paschal lamb (Sifrei 120:1; Pesachim 36a; Yevamot 73b); Mishnah Ma'aser Sheni 5:12", ['—'])
  korach.the_tithe({ask:no_inheritance})                                 ('in their land you shall not inherit — I am your portion (18:20; Onkelos: the gifts I have given you); the Levites no inheritance (18:23-24); Deut 10:9, 18:2, Josh 13:14, Ezek 44:28', ['inheritance_barred'])
  korach.the_tithe({ask:one_in_a_hundred})                               ('neutralized in a hundred and one (Sifrei 121:1; Mishnah Terumot 4:7; Challah 1:9) — holiness_b CALLED: 101', ['—'])
  korach.the_tithe({ask:partners})                                       ('partners liable — all your tithes (Chullin 136a); with a gentile exempt', ['—'])
  korach.the_tithe({ask:pointer_paid})                                   ("15:20's as the terumah of the threshing floor is paid at 18:27's reckoned as the grain of the threshing floor (computed on the floor-word); the challah cell's as_terumah CALLS this cell", ['—'])
  korach.the_tithe({ask:recipients})                                     ("the Levite, the priest (the tithe's terumah), the poor — Rabban Gamliel's ship (Mishnah Ma'aser Sheni 5:9)", ['—'])
  korach.the_tithe({ask:removal})                                        ("the removal on Passover eve of the fourth and seventh years — the first tithe to the Levite (Mishnah Ma'aser Sheni 5:6); the recipients by office: Joshua the Levite, Elazar ben Azariah the priest (5:9)", ['—'])
  korach.the_tithe({ask:so_you_too})                                     ('so you too — the priests separate too (Sifrei 121:1); the three a-fortioris', ['—'])
  korach.the_tithe({ask:terumah_measure})                                ("1/40, 1/50, 1/60 (Beit Shammai 1/30 — Mishnah Terumot 4:3); the floor: some must remain common (4:5 — naso's cell CALLED)", ['due_to_priest'])
  korach.the_tithe({ask:terumah_status})                                 ("death and a fifth, forbidden to non-priests, the priest's property, nullified in a hundred and one, the hands, sunset, from the near and finished (Mishnah Challah 1:9)", ['due_to_priest'])
  korach.the_tithe({ask:the_best})                                       ('from all its best (18:29-30, 18:32) — where a priest is, the best; where none, what lasts; the superior for the inferior, not the reverse (Mishnah Terumot 2:4, 2:6); a warning to take the choicest (Sifrei 122:1)', ['—'])
  korach.the_tithe({ask:third_year})                                     ('the first tithe every year — juxtaposed to an inheritance (Rosh Hashanah 12b; Sifrei 119:5)', ['—'])
  korach.the_tithe({ask:thresholds})                                     ("the pile evened, the wine skimmed, the oil dripped (Sifrei 121:1; Mishnah Ma'aserot 1:6-7); grain at the granary, olives and grapes at the house (Bava Metzia 88b); the processed for the processed (Terumot 1:10)", ['—'])
  korach.the_tithe({ask:tithe_of_the_tithe})                             ('1/100 — a tenth of the tenth (18:26; Menachot 54b; Neh 10:39)', ['terumah_of_the_tithe_owed'])
  korach.the_tithe({ask:tithe_recipient})                                ("the Levite (18:21, 18:26 — R. Akiva); the priest too — Ezra's penalty / the priests called Levites (R. Eliezer; Yevamot 86a-b)", ['tithe_granted'])
  korach.the_tithe({ask:tithe_terumah_betrothal})                        ("betrothal with the tithe's terumah valid — no to the LORD written of it (Kiddushin 53a)", ['—'])
  korach.the_tithe({ask:tithe_to_foreigners})                            ('R. Meir: forbidden to non-Levites as terumah; the Rabbis permit (Yevamot 86a)', ['—'])
  korach.the_tithe({ask:tithe_to_levites})                               ('all the tithe in Israel — in exchange for their service (18:21): the Levite serves, the Levite takes; a Levite who refused one service has no portion (Sifrei 119:5, 122:1)', ['tithe_granted'])
  korach.the_tithe({ask:wage})                                           ('it is your wage in exchange for your service (18:31); terumah or tithe not given as wages to the assisting priests, Levites or poor (Bekhorot 26b)', ['tithe_granted'])
  korach.the_tithe({ask:what_remains_common})                            ("what remains is common, as the floor's grain after terumah (18:30; Sifrei 122:1)", ['—'])
  korach.the_tithe({ask:who_separates})                                  ('not the deaf-mute, the imbecile, the minor, from what is not his, a gentile (Mishnah Terumot 1:1); the mute, the drunk, the naked, the blind — valid after the fact (1:6)', ['—'])
  korach.the_tithe({ask:who_separates_tithe_terumah})                    ('the Levite, and the owner too (Gittin 30b)', ['—'])
  korach.the_tithe({ask:wrong_order})                                    ('tithed in the wrong order — valid, rectified by the positive command, no lashes (Temurah 4b)', ['—'])
  korach.the_tithe({ask:you_shall_not_die})                              ("you shall not profane... and you shall not die (18:32) — the warning to Levites and Israelites both (Sifrei 122:1); the priests' words (Lev 8:35, 10:6-9)", ['—'])
==== cold_run_temurah.consecrate sig ('thing', 'owner', 'to') (2207 chars) asks-in-source ['firstborn', 'firstborn_for_value', 'fit_animal', 'house', 'not_his', 'unfit_animal', 'unspecified_consecration']
def consecrate(thing, owner='israelite', to='unspecified'):
        if thing == 'fit_animal':
            return cell('holy_altar', I, 'ואם בהמה אשר יקריבו ממנה קרבן ליהוה — כל אשר יתן ממנו ליהוה יהיה קדש (a beast '
                        'of which th

  temurah.consecrate('firstborn')                                        {'v': 'cannot_be_sanctified_to_the_altar', 'p': 'INK', 'why': "אך בכור (but a firstborn) … לא יקדיש איש אתו (no man shall sanctify it) … ליהוה הוא (a firstborn — no man shall sanctify it; it IS the LORD's, 27:26)", 'fx': ['—']}
  temurah.consecrate('firstborn_for_value')                              {'v': 'value_consecration_yes', 'p': 'MOVE', 'why': 'the two verses — "you SHALL sanctify" (Deut 15:19) and "no man shall sanctify" (27:26) [IMPORT]: R. Yishmael resolves them — sanctify it for VALUE, not for the altar (Arakhin 8:7)', 'fx': ['consecrated']}
  temurah.consecrate('fit_animal')                                       {'v': 'holy_altar', 'p': 'INK', 'why': 'ואם בהמה אשר יקריבו ממנה קרבן ליהוה — כל אשר יתן ממנו ליהוה יהיה קדש (a beast of which they bring an offering... all he gives of it SHALL BE HOLY, 27:9)', 'fx': ['consecrated']}
  temurah.consecrate('house')                                            {'v': 'valued_by_priest', 'p': 'INK', 'why': 'ואיש כי יקדש את ביתו (a man sanctifies his house) … והעריכו הכהן (and the priest values it, good or bad, as he values it so it stands, 27:14)', 'fx': ['consecrated']}
  temurah.consecrate('not_his')                                          {'v': 'not_devoted', 'p': 'INK', 'why': 'מכל אשר לו (FROM ALL THAT HE HAS, 27:28) — a man devotes only what is his: not his son, his daughter, his Hebrew slave, his purchased field (Arakhin 8:5)', 'fx': ['—']}
  temurah.consecrate('unfit_animal')                                     {'v': 'holy_upkeep_valued_by_priest', 'p': 'INK', 'why': 'ואם כל בהמה טמאה (and if any impure beast) אשר לא יקריבו ממנה קרבן (of which no offering is brought) … והעמיד (he shall stand it) … והעריך הכהן (an impure beast not offered — stood before the priest, valued good or bad, 27:11-12) — the value 
  temurah.consecrate('unspecified_consecration')                         {'v': 'upkeep', 'p': 'MOVE', 'why': 'the Sifra: unspecified consecrations go to the Temple upkeep — the altar class needs "of which they bring an offering" (Sifra Bechukotai Chapter 9 2; Temurah 7:2)', 'fx': ['consecrated']}
==== cold_run_temurah.tithe sig ('case',) (2908 chars) asks-in-source ['eleventh_called_tenth', 'herd_with_flock', 'land_tithe_status', 'ninth_called_tenth', 'not_examined', 'not_marked_or_counted_lying', 'procedure', 'sheep_with_goats', 'substituted', 'took_ten_of_a_hundred']
def tithe(case):
        if case == 'procedure':
            return cell('counted_under_the_rod_the_tenth_holy', I, 'כל אשר יעבר תחת השבט העשירי יהיה קדש (all that '
                        'passes under the rod, the TENTH shall be holy, 27:32) — Bekho

  temurah.tithe({ask:eleventh_called_tenth})                             {'v': 'no_case', 'p': 'INK', 'why': '', 'fx': ['—']}
  temurah.tithe({ask:herd_with_flock})                                   {'v': 'no_case', 'p': 'INK', 'why': '', 'fx': ['—']}
  temurah.tithe({ask:land_tithe_status})                                 {'v': 'no_case', 'p': 'INK', 'why': '', 'fx': ['—']}
  temurah.tithe({ask:ninth_called_tenth})                                {'v': 'no_case', 'p': 'INK', 'why': '', 'fx': ['—']}
  temurah.tithe({ask:not_examined})                                      {'v': 'no_case', 'p': 'INK', 'why': '', 'fx': ['—']}
  temurah.tithe({ask:not_marked_or_counted_lying})                       {'v': 'no_case', 'p': 'INK', 'why': '', 'fx': ['—']}
  temurah.tithe({ask:procedure})                                         {'v': 'no_case', 'p': 'INK', 'why': '', 'fx': ['—']}
  temurah.tithe({ask:sheep_with_goats})                                  {'v': 'no_case', 'p': 'INK', 'why': '', 'fx': ['—']}
  temurah.tithe({ask:substituted})                                       {'v': 'no_case', 'p': 'INK', 'why': '', 'fx': ['—']}
  temurah.tithe({ask:took_ten_of_a_hundred})                             {'v': 'no_case', 'p': 'INK', 'why': '', 'fx': ['—']}
==== cold_run_temurah.redeem sig ('thing', 'by') (2352 chars) asks-in-source ['animal_tithe', 'devoted', 'firstling_donkey', 'house', 'impure_beast_27_27', 'land_tithe', 'scope', 'unfit_animal']
def redeem(thing, by='owner'):
        if thing == 'unfit_animal':
            return cell('valuation_plus_fifth', I, 'ואם גאל יגאלנה ויסף חמישתו על ערכך (if he redeems it he adds its '
                        'FIFTH to the valuation, 27:13)', ['adds_f

  temurah.redeem('animal_tithe')                                         {'v': 'not_redeemed', 'p': 'INK', 'why': 'לא יגאל (it shall not be redeemed, 27:33)', 'fx': ['—']}
  temurah.redeem('devoted')                                              {'v': 'not_sold_not_redeemed', 'p': 'INK', 'why': 'לא ימכר ולא יגאל (not sold and not redeemed, 27:28)', 'fx': ['—']}
  temurah.redeem('firstling_donkey')                                     {'v': 'redeem with a lamb, else break the neck', 'p': 'IMPORT', 'why': "the tradition reads 27:27 of the consecrated impure beast, and sends the firstling donkey to Exodus 13:13 — CALLED cold_run_pesach.firstborn(donkey) -> 'redeem with a lamb, else break the neck' [IMPORT, live call]", 'fx': ['rede
  temurah.redeem('house')                                                {'v': 'valuation_plus_fifth', 'p': 'INK', 'why': 'ואם המקדיש יגאל את ביתו ויסף חמישית (if THE SANCTIFIER redeems his house, he adds a fifth, 27:15) — Arakhin 8:1-3: the owner adds a fifth', 'fx': ['adds_fifth', 'redemption_right']}
  temurah.redeem('impure_beast_27_27')                                   {'v': 'valuation_plus_fifth_or_sold', 'p': 'INK', 'why': 'ופדה בערכך ויסף חמשתו עליו ואם לא יגאל ונמכר בערכך (redeem at the valuation and add its fifth; if not redeemed, SOLD at the valuation, 27:27)', 'fx': ['adds_fifth', 'redemption_right']}
  temurah.redeem('land_tithe')                                           {'v': 'plus_fifth', 'p': 'INK', 'why': 'ואם גאל יגאל איש ממעשרו חמשיתו יסף עליו (if a man redeems of his tithe he adds its fifth, 27:31)', 'fx': ['adds_fifth']}
  temurah.redeem('scope')                                                {'v': 'beast_only', 'p': 'INK', 'why': 'בהמה (BEAST, 27:11) is the noun the redemption clause is written on — birds, wood, frankincense, service vessels have no redemption, "for only beast is said" (Menachot 12:1)', 'fx': ['—']}
  temurah.redeem('unfit_animal')                                         {'v': 'valuation_plus_fifth', 'p': 'INK', 'why': 'ואם גאל יגאלנה ויסף חמישתו על ערכך (if he redeems it he adds its FIFTH to the valuation, 27:13)', 'fx': ['adds_fifth', 'redemption_right']}
==== cold_run_temurah.firstborn_trick sig () (361 chars) asks-in-source []
def firstborn_trick():
        return cell('what_is_in_her_womb_if_male_an_olah', M, 'אשר יבכר (which IS BORN firstborn, 27:26) — the Sifra: '
                    'not from the womb? the ban binds once it is born a firstborn; sanctified BEFORE birt

==== cold_run_temurah.devote sig ('case',) (1758 chars) asks-in-source ['all_his_property', 'firstborn', 'person', 'priests_devotions', 'status', 'unspecified_destination']
def devote(case):
        if case == 'status':
            return cell('most_holy_not_sold_not_redeemed', I, 'כל חרם קדש קדשים הוא ליהוה (every devoted thing is MOST HOLY '
                        'to the LORD, 27:28) — not sold, not redeemed', ['most_

  temurah.devote({ask:all_his_property})                                 {'v': 'no_case', 'p': 'INK', 'why': '', 'fx': ['—']}
  temurah.devote({ask:firstborn})                                        {'v': 'no_case', 'p': 'INK', 'why': '', 'fx': ['—']}
  temurah.devote({ask:person})                                           {'v': 'no_case', 'p': 'INK', 'why': '', 'fx': ['—']}
  temurah.devote({ask:priests_devotions})                                {'v': 'no_case', 'p': 'INK', 'why': '', 'fx': ['—']}
  temurah.devote({ask:status})                                           {'v': 'no_case', 'p': 'INK', 'why': '', 'fx': ['—']}
  temurah.devote({ask:unspecified_destination})                          {'v': 'no_case', 'p': 'INK', 'why': '', 'fx': ['—']}
==== cold_run_priesthood.acceptable sig ('q',) (17509 chars) asks-in-source ['acceptance_seats', 'accepted_for', 'accretion', 'ani_seats', 'any_amount', 'beast_heads', 'beast_members', 'birth_list', 'blemished_blood', 'blemished_limb', 'blood_rush', 'castration', 'cataract_timer', 'cells', 'class_sweep', 'compelled_butcher', 'corruption', 'cross_list', 'day_boundary', 'descends', 'ear', 'eighth_day', 'eighth_day_by_call', 'everywhere', 'exodus_condition', 'female_rule', 'firstling_table', 'five_count', 'four_periods', 'four_tokens', 'individual_public', 'it_and_its_mother', 'keep_and_do', 'no_shekels', 'not_a_human', 'not_wild_not_bird', 'offspring', 'olah_rite', 'one_hour', 'order_cases', 'passing_blemish', 'positive_negative', 'reassignment', 'sanctify_name', 'sarua_kalut', 'shelamim_window', 'slaughter_verb', 'testicles', 'todah_window', 'two_jobs', 'under_age_outside', 'upkeep', 'vow_class', 'whole_male', 'worked_with']
def acceptable(q, **k):
        if q == 'vow_class':
            return cell({'gentiles': 'vow_and_offer_freely', 'widened_by_all': ['shelamim', 'todah', 'birds', 'meal_offerings', 'wine', 'frankincense', 'wood'], 'nazirite': 'excluded', 'public': 

  priesthood.acceptable('acceptance_seats')                              {'v': [19, 20, 21, 23, 25, 27, 29], 'p': 'INK', 'why': 'the acceptance root at seven seats of the chapter ([19, 20, 21, 23, 25, 27, 29]; 22:24\'s "your land" a homograph): for-your-acceptance, not-for-acceptance, accepted, not-accepted, not-accepted-for-you, accepted, for-your-acceptance', 'fx': ['n
  priesthood.acceptable('accepted_for')                                  {'v': {'the_fire': 'accepted', 'upkeep': 'by_for_an_offering', 'dispatched_goat': 'under_age_barred'}, 'p': 'MOVE', 'why': '22:27 "accepted as an offering, a fire offering to the LORD" — Sifra, Emor, Section 8 6', 'fx': ['accepted']}
  priesthood.acceptable('accretion')                                     {'v': {'ila_at_yavneh': 'agreed', 'his_three_more': 'the_later_court_accepted', 'jaw_and_ear_and_tail': 'ruled_case_by_case'}, 'p': 'ANSWER-SHEET', 'why': 'Mishnah Bekhorot 6:8-9 — the recorded accretion by named courts ("blemish... blemish" amplifies, Sifra, Emor, Chapter 3 1)', 'fx': ['not_accepte
  priesthood.acceptable('ani_seats')                                     {'v': {'lev_21': [8, 12, 15, 23], 'lev_22': [2, 3, 8, 9, 16, 30, 31, 32, 33]}, 'p': 'INK', 'why': '"I am the LORD" at ([8, 12, 15, 23], [2, 3, 8, 9, 16, 30, 31, 32, 33]) — the sanctifier formula at [(21, 8), (21, 15), (21, 23), (22, 9), (22, 16), (22, 32)]', 'fx': ['—']}
  priesthood.acceptable('any_amount')                                    {'v': 'forbid_in_any_amount', 'p': 'ANSWER-SHEET', 'why': 'Mishnah Temurah 6:1 — no ratio nullifies (Zevachim 8:1: even one in a myriad)', 'fx': ['not_accepted']}
  priesthood.acceptable('beast_heads')                                   {'v': ['blind', 'broken', 'charutz', 'wart', 'garav', 'yalefet'], 'p': 'INK', 'why': "the six class heads of 22:22 in the ink's order: blind, broken, charutz, wart, garav, yalefet", 'fx': ['not_accepted']}
  priesthood.acceptable('beast_members')                                 "RAISED KeyError: 'head'"
  priesthood.acceptable('birth_list')                                    {'v': {'hybrid': 'ox_or_sheep', 'look_alike': 'or_goat', 'caesarean': 'when_born', 'under_age': 'seven_days', 'orphan': 'under_its_mother', 'tithe': 'all_these_by_under_under'}, 'p': 'MOVE', 'why': '22:27 — Sifra, Emor, Section 8 3 (R. Yishmael b. R. Yochanan b. Beroka: "under"-"under" of Lev 27:32 
  priesthood.acceptable('blemished_blood')                               {'v': 'poured_to_the_channel', 'p': 'ANSWER-SHEET', 'why': 'Mishnah Zevachim 8:8 — "on the altar" = the blood', 'fx': ['not_accepted']}
  priesthood.acceptable('blemished_limb')                                {'v': {'R._Eliezer': 'if_one_head_offered_all_heads', 'sages': 'to_the_burning_place'}, 'p': 'ANSWER-SHEET', 'why': 'Mishnah Zevachim 8:5 — "of them, even part"', 'fx': ['not_accepted']}
  priesthood.acceptable('blood_rush')                                    {'v': {'R._Yehuda': 'no_bloodletting', 'sages': 'let_blood_no_blemish', 'R._Shimon': 'even_the_blemish_if_it_saves'}, 'p': 'MOVE', 'why': 'Sifra, Emor, Section 7 10 — the firstling with a blood rush', 'fx': ['—']}
  priesthood.acceptable('castration')                                    {'v': {'anatomies': ['R._Yehuda_testicles', 'R._Eliezer_member', 'R._Yosei_two_and_two'], 'do_not_do': 'not_only_offer', 'birds': 'included', 'abroad': 'included', 'humans': 'by_revocalization_and_in_you', 'females': ['included', 'R._Yehuda_not']}, 'p': 'MOVE', 'why': '22:24 "crushed, pounded, torn,
  priesthood.acceptable('cataract_timer')                                {'v': {'permanent_cataract': 'eighty_days', 'R._Chanina': 'examined_three_times', 'permanent_water': 'dry_after_moist'}, 'p': 'DATA', 'why': 'Mishnah Bekhorot 6:3 — PERMANENCE as a timer with a data threshold', 'fx': ['—']}
  priesthood.acceptable('cells')                                         "RAISED KeyError: 'kind'"
  priesthood.acceptable('class_sweep')                                   {'v': ['burnt_offering', 'todah', 'yoledet_and_nazirite', 'sin_and_guilt', 'tithe', 'offspring_and_substitutes'], 'p': 'MOVE', 'why': '22:21 "shelamim... to set apart a vow or freewill, in cattle or in flock" (the vow tokens [(18, [\'נדריהם\', \'נדבותם\']), (21, [\'נדר\', \'לנדבה\']), (23, [\'נדבה\'
  priesthood.acceptable('compelled_butcher')                             {'v': {'compelled': True, 'died_in_the_periods': 'the_buyers_loss', 'rest_of_the_year': 'the_sellers'}, 'p': 'MOVE', 'why': 'Sifra, Emor, Chapter 8 9 = Mishnah Chullin 5:4', 'fx': ['—']}
  priesthood.acceptable('corruption')                                    {'v': ['copulator', 'copulated', 'set_aside', 'worshipped', 'hire', 'price', 'hybrid', 'terefah', 'caesarean'], 'p': 'MOVE', 'why': '22:25 "their CORRUPTION is in them, a blemish in them" — the class beyond bodily blemish: Mishnah Temurah 6:1\'s nine (the hybrid and the Caesarean from Sifra, Emor, S
  priesthood.acceptable('cross_list')                                    {'v': {'to_the_beast': ['dak', 'tevallul'], 'to_the_man': ['wart'], 'by': ['garav_garav', 'yalefet_yalefet']}, 'p': 'MOVE', 'why': "Sifra, Emor, Section 7 13 — two verbal analogies unify the two tables; the tokens shared exactly: ['גרב', 'ילפת', 'שרוע']", 'fx': ['—']}
  priesthood.acceptable('day_boundary')                                  {'v': 'the_day_follows_the_night', 'p': 'MOVE', 'why': '22:28 "on ONE DAY" — the Torah\'s only seat of the phrase ([(\'Lev\', 22, 28)]); ben Zoma reaches Gen 1:5\'s "one day" by verbal analogy (Sifra, Emor, Chapter 8 9 = Mishnah Chullin 5:5): the civil day imported into a chapter whose offerings run
  priesthood.acceptable('descends')                                      {'v': {'sages': 'descends', 'R._Akiva': 'the_blemished_stays'}, 'p': 'ANSWER-SHEET', 'why': 'Mishnah Zevachim 9:3 — not disqualified IN the holy: the blemished never accepted, so never received', 'fx': ['not_accepted']}
  priesthood.acceptable('ear')                                           {'v': {'notched_from_the_cartilage': 'blemish', 'from_the_skin': 'not', 'pierced_a_vetch': 'blemish', 'dried': 'no_drop_of_blood'}, 'p': 'DATA', 'why': 'Mishnah Bekhorot 6:1 — the thresholds the data channel under 22:22\'s "charutz"', 'fx': ['not_accepted']}
  priesthood.acceptable('eighth_day')                                    {'v': {'here': 'from_the_eighth_day_onward', 'firstling_exod_22_29': 'on_the_eighth_day', 'join': 'both_by_its_mother_its_mother'}, 'p': 'MOVE', 'why': '22:27 "and from the day, the eighth, and onward" — "and from the day" a HAPAX ([(\'Lev\', 22, 27)]); Sifra, Emor, Section 8 5: each seat could excl
  priesthood.acceptable('eighth_day_by_call')                            {'v': 'on_the_eighth_day_and_onward', 'p': 'IMPORT', 'why': "Exod 22:29's firstling — CALLED cold_run_ordinances.firstling(eighth_and_onward) -> 'on_the_eighth_day_and_onward' [IMPORT, live call — the OWED of sitting L5 closed at E1, 2026-09-06]: 'on the eighth day you shall give it to Me' read with
  priesthood.acceptable('everywhere')                                    {'v': {'land': 'yes', 'abroad': 'yes', 'with_the_house': 'yes', 'without': 'yes', 'common': 'yes', 'consecrated': 'yes'}, 'p': 'INK', 'why': '22:28 carries no "in the land" clause (contrast 22:24) — Mishnah Chullin 5:1', 'fx': ['same_day_slaughter_barred']}
  priesthood.acceptable('exodus_condition')                              {'v': 'on_condition_that_you_hand_yourselves_over', 'p': 'MOVE', 'why': '22:33 — Sifra, Emor, Chapter 9 6', 'fx': ['—']}
  priesthood.acceptable('female_rule')                                   {'v': {'males': 'not_as_females', 'by': 'its_young_that_follows_it', 'onkelos': 'a_cow_or_a_ewe_HER_and_HER_young'}, 'p': 'MOVE', 'why': '22:28 "it and its YOUNG" — Sifra, Emor, Chapter 8 1; Onkelos Lev 22:28 feminizes every noun and pronoun', 'fx': ['same_day_slaughter_barred']}
  priesthood.acceptable('firstling_table')                               {'v': {'slaughter_on': 'the_permanent_blemishes', 'not_on': 'the_passing_the_old_the_sick_the_foul_the_sinned_with_the_killer_the_doubtful_sex', 'disqualified_consecrated': 'redeemed_on_the_same'}, 'p': 'ANSWER-SHEET', 'why': "Mishnah Bekhorot 6:11-12 — the table's closing rule: one list serves the 
  priesthood.acceptable('five_count')                                    {'v': {'sages': 5, 'R._Yosei_b._R._Yehuda': 6, 'acts': ['consecrate', 'slaughter', 'throw', 'burn_fat', 'burn_part', 'receive']}, 'p': 'MOVE', 'why': 'Sifra, Emor, Section 7 5 — the five-count on the blemished consecrated', 'fx': ['lashes']}
  priesthood.acceptable('four_periods')                                  {'v': {'periods': ['eve_of_the_last_day_of_sukkot', 'eve_of_the_first_of_passover', 'eve_of_atzeret', 'eve_of_rosh_hashanah', 'R._Yosei_HaGelili_eve_of_yom_kippur_in_the_galilee'], 'seller': 'must_inform', 'R._Yehuda': 'only_without_an_interval', 'groom_and_bride': 'agreed'}, 'p': 'MOVE', 'why': 'Si
  priesthood.acceptable('four_tokens')                                   {'v': {'a_fire_offering': 'the_fats', 'of_them': 'even_part', 'on_the_altar': 'the_blood', 'to_the_LORD': 'the_dispatched_goat'}, 'p': 'MOVE', 'why': '22:22 — Sifra, Emor, Chapter 7 4 (Mishnah Zevachim 8:5 the limb, 8:8 the blood)', 'fx': ['not_accepted']}
  priesthood.acceptable('individual_public')                             {'v': {'individual': 'freewill_shelamim', 'partners': 'included_by_the_vav', 'public': 'excluded'}, 'p': 'MOVE', 'why': '22:21 "and a MAN who offers" — Sifra, Emor, Section 7 6-7', 'fx': ['—']}
  priesthood.acceptable('it_and_its_mother')                             {'v': 'two_by_the_plural_you_shall_not_slaughter', 'p': 'MOVE', 'why': 'Sifra, Emor, Chapter 8 2', 'fx': ['same_day_slaughter_barred']}
  priesthood.acceptable('keep_and_do')                                   {'v': {'keep': 'mishnah', 'do': 'deed', 'not_in_mishnah': 'not_in_deed'}, 'p': 'MOVE', 'why': "22:31 — Sifra, Emor, Chapter 9 3: the canon channel's fifth seat", 'fx': ['—']}
  priesthood.acceptable('no_shekels')                                    {'v': {'shekels': 'not_accepted', 'vows': 'accepted', 'blemished_from_gentiles': 'not_accepted'}, 'p': 'MOVE', 'why': '22:25 "from the hand of a FOREIGNER you shall not offer the bread of your God of all these" ([(\'Lev\', 22, 25)]) — Sifra, Emor, Chapter 7 12 = Mishnah Shekalim 1:5', 'fx': ['not_ac
  priesthood.acceptable('not_a_human')                                   {'v': 'an_ox_when_born_not_a_human', 'p': 'MOVE', 'why': '22:27 "an ox... when it is BORN" — Sifra, Emor, Section 8 1-2', 'fx': ['—']}
  priesthood.acceptable('not_wild_not_bird')                             {'v': {'wild': 'excluded_by_ox', 'bird': 'excluded_by_sheep', 'either_one': 'or_sheep'}, 'p': 'MOVE', 'why': '22:28 "an OX or a SHEEP" — Sifra, Emor, Section 8 8-10', 'fx': ['—']}
  priesthood.acceptable('offspring')                                     {'v': {'offspring': 'permitted', 'terefahs_offspring': ['R._Eliezer_not', 'sages_offered'], 'holy_become_terefah': 'not_redeemed'}, 'p': 'ANSWER-SHEET', 'why': 'Mishnah Temurah 6:5 — the corruption is IN THEM, not in their seed', 'fx': ['accepted']}
  priesthood.acceptable('olah_rite')                                     {'v': 'wholly_to_fires', 'p': 'IMPORT', 'why': '22:18 "for a BURNT OFFERING" — the whole male enters Lev 1\'s rite: CALLED cold_run_offerings.dispatch(olah:flock) -> disposition \'wholly_to_fires\', place \'north\' [IMPORT, live call]', 'fx': ['accepted']}
  priesthood.acceptable('one_hour')                                      {'v': 'alive_with_the_mother_one_hour_suffices', 'p': 'MOVE', 'why': '"UNDER its mother" here vs "WITH its mother" at Exod 22:29 ((True, True, True)) — Sifra, Emor, Section 8 4 (R. Yosei HaGelili)', 'fx': ['eighth_day_fit']}
  priesthood.acceptable('order_cases')                                   "RAISED KeyError: 'seq'"
  priesthood.acceptable('passing_blemish')                               {'v': 'included', 'p': 'MOVE', 'why': '22:20 "ALL in which is a blemish" — Sifra, Emor, Section 7 3 (Mishnah Zevachim 9:3: R. Akiva\'s narrower arm)', 'fx': ['not_accepted']}
  priesthood.acceptable('positive_negative')                             {'v': {'whole_for_acceptance': 'positive', 'no_blemish_in_it': 'negative', 'fell_and_broke': 'no_transgression'}, 'p': 'MOVE', 'why': '22:21 — Sifra, Emor, Section 7 9: "do not PUT a blemish in it"', 'fx': ['lashes']}
  priesthood.acceptable('reassignment')                                  {'v': {'eating_clause': 'redundant_for_eating_Lev_7_15', 'reassigned_to': 'slaughter_on_condition_of_eating_within_the_day', 'scope': 'all_one_day_offerings'}, 'p': 'MOVE', 'why': '22:29-30 "on that day it shall be eaten, you shall not leave over until morning" (the leftover token shared with Exod 1
  priesthood.acceptable('sanctify_name')                                 {'v': {'hand_yourself_over': True, 'among': 'the_many', 'on_condition_of_a_miracle': 'none'}, 'p': 'MOVE', 'why': '22:32 "and I shall be SANCTIFIED among the children of Israel" — the Torah\'s only seat of the verb ([(\'Ezek\', 20, 41), (\'Ezek\', 28, 22), (\'Ezek\', 28, 25), (\'Ezek\', 39, 27), (\'
  priesthood.acceptable('sarua_kalut')                                   {'v': {'sarua': 'dislocated_hip', 'kalut': 'hoof_like_a_horse_or_donkey', 'onkelos': 'extra_and_lacking'}, 'p': 'MOVE', 'why': "22:23 (sarua shared with 21:18) — Sifra, Emor, Chapter 7 6; Onkelos Lev 22:23 a recorded fork (Mishnah Bekhorot 6:7: five legs or three; kalut like a donkey's)", 'fx': ['no
  priesthood.acceptable('shelamim_window')                               {'v': 'two_days_one_night', 'p': 'IMPORT', 'why': '22:21 "a sacrifice of PEACE OFFERINGS" — its window is the offering engine\'s: CALLED cold_run_offerings.dispatch(shelamim) -> \'two_days_one_night\'; the todah\'s \'day_night_to_midnight\' (22:29-30)', 'fx': ['eating_window']}
  priesthood.acceptable('slaughter_verb')                                {'v': {'became_a_carcass': 'exempt', 'stabber_tearer': 'exempt', 'for_gentiles_or_dogs': 'included', 'terefah_idolatry_red_cow_stoned_ox_heifer': ['R._Meir_liable', 'R._Shimon_exempt']}, 'p': 'MOVE', 'why': '22:28 "you shall not SLAUGHTER" — Sifra, Emor, Chapter 8 5-6 (Mishnah Chullin 5:3)', 'fx': [
  priesthood.acceptable('testicles')                                     {'v': {'none_or_one': 'blemish', 'R._Yishmael': 'two_sacs_two', 'R._Akiva': 'press_it', 'case': ['R._Akiva_permitted', 'R._Yochanan_b._Nuri_forbade']}, 'p': 'ANSWER-SHEET', 'why': 'Mishnah Bekhorot 6:6 — 22:24 in the testicles', 'fx': ['not_accepted']}
  priesthood.acceptable('todah_window')                                  {'v': 'day_night_to_midnight', 'p': 'IMPORT', 'why': "22:30 — the thanksgiving's window is the offering engine's: CALLED cold_run_offerings.dispatch(todah_and_nazir_ram) -> 'day_night_to_midnight'", 'fx': ['eating_window']}
  priesthood.acceptable('two_jobs')                                      {'v': {'22:20': 'bal_takdish_consecrating', '22:22': 'bal_tishchat_slaughtering', '22:24': 'bal_tekabel_receiving_R._Yosei_b._R._Yehuda'}, 'p': 'MOVE', 'why': '"you shall not offer" at 22:20, 22:22, 22:24 — Sifra, Emor, Section 7 4, Chapter 7 1, 7 10: one verb, three jobs by position', 'fx': ['not_a
  priesthood.acceptable('under_age_outside')                             {'v': {'blemished_outside': 'exempt', 'under_age_outside': ['exempt', 'R._Shimon_a_prohibition_without_karet']}, 'p': 'ANSWER-SHEET', 'why': "Mishnah Zevachim 14:2 — 22:27's timer against Lev 17's outside-slaughter", 'fx': ['exempt']}
  priesthood.acceptable('upkeep')                                        {'v': {'freewill_or_vow': 'temple_upkeep', 'the_altar': 'not_accepted', 'whole_animal_for_upkeep': ['positive_transgression', 'R._Yehuda_negative_too']}, 'p': 'MOVE', 'why': '22:23 "a freewill you may make IT, and for a vow it shall not be accepted" — Sifra, Emor, Chapter 7 6-8 (Mishnah Shekalim 4:8
  priesthood.acceptable('vow_class')                                     {'v': {'gentiles': 'vow_and_offer_freely', 'widened_by_all': ['shelamim', 'todah', 'birds', 'meal_offerings', 'wine', 'frankincense', 'wood'], 'nazirite': 'excluded', 'public': 'not_compelled'}, 'p': 'MOVE', 'why': '22:18 "MAN, MAN... of the house of Israel and of the convert in Israel... for all th
  priesthood.acceptable('whole_male')                                    {'v': {'beasts': 'whole_and_male', 'birds': 'not_whole_not_male_but_not_the_maimed'}, 'p': 'MOVE', 'why': '22:19 "whole, male, in cattle, in sheep, in goats" ([19, 21]) — Sifra, Emor, Section 7 2: a bird with a dried wing, a gouged eye, a cut leg barred by "from the bird" (Lev 1:14); Mishnah Temurah
  priesthood.acceptable('worked_with')                                   {'v': 'permitted', 'p': 'MOVE', 'why': '22:22 "THESE you shall not offer" — Sifra, Emor, Chapter 7 2-3: these no, one worked with yes (the heifer a-fortiori refused)', 'fx': ['accepted']}
==== cold_run_priesthood.blemish sig ('q',) (6750 chars) asks-in-source ['aaron_passing', 'age_ladder', 'approach_seats', 'bald', 'beast_unfits_in_man', 'blemish_tokens', 'dorot', 'eats', 'entry_hierarchy', 'extra_finger', 'eye_positions', 'fingers', 'future_tense', 'heads', 'kushite_class', 'members', 'other_blemishes', 'passed_blemish', 'proportions', 'served', 'service_census', 'shared_tokens', 'transmission', 'veil_altar']
def blemish(q, **k):
        if q == 'age_ladder':
            return cell({'minor': 'unfit_even_whole', 'valid_from': 'two_hairs', 'admitted_at': 'twenty'}, M, '21:17 "a MAN of your seed" — ' + SE + 'Section 3 1: validity vs admission split', [FX.

  priesthood.blemish('aaron_passing')                                    {'v': {'aaron_himself': 'included', 'passing_blemish': 'included'}, 'p': 'MOVE', 'why': '21:18 "EVERY man in whom is a blemish" (True) — Sifra, Emor, Section 3 5 (Mishnah Bekhorot 7:1: permanent or passing disqualify in man)', 'fx': ['blemish_barred']}
  priesthood.blemish('age_ladder')                                       {'v': {'minor': 'unfit_even_whole', 'valid_from': 'two_hairs', 'admitted_at': 'twenty'}, 'p': 'MOVE', 'why': '21:17 "a MAN of your seed" — Sifra, Emor, Section 3 1: validity vs admission split', 'fx': ['—']}
  priesthood.blemish('approach_seats')                                   {'v': {'shall_not_approach': [17, 18, 21, 21], 'shall_not_draw_near': [21, 23], 'shall_not_come': 23}, 'p': 'INK', 'why': 'the approach-verbs ([17, 18], [21, 23], 2, True): "shall not approach" (17, 18), "shall not draw near" (21 twice, 23), "shall not come" to the veil (23) — the BLOCK written four
  priesthood.blemish('bald')                                             {'v': 'no_hair_line_ear_to_ear', 'p': 'ANSWER-SHEET', 'why': 'Mishnah Bekhorot 7:2 — the bald defined; with a line, fit', 'fx': ['blemish_barred']}
  priesthood.blemish('beast_unfits_in_man')                              {'v': {'it_and_its_young': 'fit', 'terefah': 'fit', 'caesarean': 'fit'}, 'p': 'MOVE', 'why': '21:21 "blemish IN HIM" — Sifra, Emor, Chapter 3 3-5: the three beast-unfits FIT in man (Mishnah Bekhorot 7:7 verbatim); the reverse a-fortiori refused', 'fx': ['—']}
  priesthood.blemish('blemish_tokens')                                   {'v': {'lev_21': 5, 'lev_22': 3}, 'p': 'INK', 'why': '"blemish" five times in the priest\'s file (([17, 18, 21, 23], [1, 1, 2, 1])) and three in the animal\'s ([20, 21, 25])', 'fx': ['—']}
  priesthood.blemish('dorot')                                            {'v': {'lev_21': [17], 'lev_22': [3], 'lev_24': [3]}, 'p': 'INK', 'why': '"to their/your generations" once in each file (([17], [3], [3])): the blemish ban, the karet, the lamp — three perpetual clauses', 'fx': ['—']}
  priesthood.blemish('eats')                                             {'v': {'most_holy': 'eats', 'holy': 'eats', 'in_the_division': 'takes_a_share'}, 'p': 'INK', 'why': '21:22 "of the most holy and of the holy he may EAT" — both written (Sifra, Emor, Chapter 3 8-9: the tevul yom takes no share, the blemished does)', 'fx': ['due_to_priest']}
  priesthood.blemish('entry_hierarchy')                                  {'v': ['priests', 'levites', 'israelites', 'impure', 'blemished'], 'p': 'MOVE', 'why': 'Sifra, Emor, Chapter 3 11 — the fallback chain for sanctuary labor', 'fx': ['—']}
  priesthood.blemish('extra_finger')                                     {'v': {'cut_with_bone': 'unfit', 'cut_without_bone': 'fit', 'six_and_six': ['R._Yehuda_fit', 'sages_unfit'], 'ambidextrous': ['Rabbi_unfit', 'sages_fit']}, 'p': 'ANSWER-SHEET', 'why': 'Mishnah Bekhorot 7:6', 'fx': ['blemish_barred']}
  priesthood.blemish('eye_positions')                                    {'v': ['both_up', 'both_down', 'one_each', 'sees_room_and_loft', 'sun_hater', 'unmatched', 'the_dripping', 'lashes_fallen_for_appearance'], 'p': 'MOVE', 'why': 'Sifra, Emor, Section 3 14 (Mishnah Bekhorot 7:3) — "in his eye"; the fallen lashes a FENCE ("for the appearance to the eye")', 'fx': ['blem
  priesthood.blemish('fingers')                                          "RAISED KeyError: 'joined_to'"
  priesthood.blemish('future_tense')                                     {'v': 'before_or_after_the_utterance_or_born_so', 'p': 'MOVE', 'why': '21:17 "in whom there SHALL BE a blemish" — Sifra, Emor, Section 3 2', 'fx': ['blemish_barred']}
  priesthood.blemish('heads')                                            {'v': ['blind', 'lame', 'charum', 'sarua', 'broken_leg', 'broken_hand', 'giben', 'dak', 'tevallul', 'garav', 'yalefet', 'meroach_ashekh'], 'p': 'INK', 'why': "the twelve class heads in the ink's order at 21:18-20 — blind, lame, charum, sarua (18); broken leg, broken hand (19); giben, dak, tevallul, 
  priesthood.blemish('kushite_class')                                    {'v': {'in_man': 'unfit', 'in_beast': 'fit', 'members': ['kushite', 'ruddy', 'albino', 'hunchback', 'dwarf', 'deaf', 'fool', 'drunk', 'pure_afflictions']}, 'p': 'MOVE', 'why': '21:17 + 21:18 "man... man" — Sifra, Emor, Chapter 3 2-4 (Mishnah Bekhorot 7:6 verbatim)', 'fx': ['blemish_barred']}
  priesthood.blemish('members')                                          "RAISED KeyError: 'head'"
  priesthood.blemish('other_blemishes')                                  {'v': 'amplified_by_blemish_blemish', 'p': 'MOVE', 'why': '21:17 + 21:21 "blemish... blemish" — Sifra, Emor, Chapter 3 1 (Mishnah Bekhorot 6:8-9, 7:1, 7:4: the recorded accretions)', 'fx': ['blemish_barred']}
  priesthood.blemish('passed_blemish')                                   {'v': 'fit', 'p': 'MOVE', 'why': '21:23 "blemish in him" — Sifra, Emor, Chapter 3 6-7: one whose blemish passed is fit, in man as in the beast (Mishnah Eruvin 10:13: the wart cut in the Temple)', 'fx': ['accepted']}
  priesthood.blemish('proportions')                                      {'v': ['eyes_as_a_calf_or_a_goose', 'body_vs_limbs', 'nose_vs_limbs', 'small_ears', 'sponge_ears'], 'p': 'ANSWER-SHEET', 'why': 'Mishnah Bekhorot 7:4 — the recorded additions', 'fx': ['blemish_barred']}
  priesthood.blemish('served')                                           {'v': {'service': 'invalid', 'death': ['R._Yehuda_yes_by_profanation_profanation', 'sages_warning_only']}, 'p': 'MOVE', 'why': '21:23 "he shall not profane My sanctuaries" — Sifra, Emor, Chapter 3 11 (Mishnah Terumot 8:1: found blemished — his service invalid)', 'fx': ['service_profaned']}
  priesthood.blemish('service_census')                                   {'v': {'in_the_ban': ['fats', 'the_handful', 'frankincense', 'incense', 'the_priests_meal_offerings', 'the_libation_meal_offerings', 'pourings', 'mixings', 'wavings', 'presentings', 'scoopings', 'breakings', 'saltings', 'pinchings', 'receivings'], 'liable_only_for': 'service_like_bread'}, 'p': 'MOVE
  priesthood.blemish('shared_tokens')                                    {'v': ['garav', 'yalefet', 'sarua'], 'p': 'INK', 'why': "the priest's list (21:18-20) and the animal's (22:22-24) share EXACTLY three tokens ['גרב', 'ילפת', 'שרוע'] — Sifra, Emor, Section 7 13's cross-list transfer runs on the first two by name (garav-garav, yalefet-yalefet), and Onkelos writes both
  priesthood.blemish('transmission')                                     {'v': ['moses_to_aaron', 'aaron_to_his_sons', 'the_sons_to_israel', 'the_sons_to_each_other'], 'p': 'MOVE', 'why': '21:24 the addressee list — Sifra, Emor, Chapter 3 12: a warning graph', 'fx': ['—']}
  priesthood.blemish('veil_altar')                                       {'v': {'veil': 'shall_not_come', 'altar': 'shall_not_draw_near', 'beaten_plates': 'may_enter'}, 'p': 'MOVE', 'why': '21:23 both written — Sifra, Emor, Chapter 3 10-11: "but" — he enters to make the plates', 'fx': ['blemish_barred']}
==== cold_run_priesthood.family sig ('q',) (15423 chars) asks-in-source ['addressees', 'amav_seats', 'bread_is_offering', 'certain_only', 'chalalah', 'chalutzah', 'conduct_bars', 'corners', 'daughter_in_burned_list', 'daughter_mode', 'daughter_predicate', 'defile_seats', 'forced', 'four_barred', 'gash_multiplier', 'greatness', 'hair_rend', 'high_priest_dead', 'holy_by_compulsion', 'husband', 'husband_fork', 'husbands_hand', 'ketubah', 'lash_count', 'lost_object', 'marks', 'met_mitzvah', 'nezer', 'not_out', 'not_transferable', 'one_hour', 'onen', 'onkelos_daughter', 'profane_seats', 'razor', 'relative_table', 'relatives', 'sanctify_him', 'seed', 'sister_predicate', 'soul_scope', 'take_doubled', 'toggles', 'virgin_command', 'war_front', 'women', 'yevamot_table', 'zonah']
def family(q, **k):
        if q == 'addressees':
            return cell({'sons_of_aaron': 'bound', 'daughters_of_aaron': 'free', 'chalalim': 'excluded', 'blemished_and_minors': 'included'}, M,
                        '21:1 "say to the PRIESTS the SON

  priesthood.family('addressees')                                        {'v': {'sons_of_aaron': 'bound', 'daughters_of_aaron': 'free', 'chalalim': 'excluded', 'blemished_and_minors': 'included'}, 'p': 'MOVE', 'why': '21:1 "say to the PRIESTS the SONS OF AARON" — Sifra, Emor, Section 1 1: four populations by two tokens (Mishnah Kiddushin 1:7: the negatives bind women EXC
  priesthood.family('amav_seats')                                        {'v': [1, 4, 14, 15], 'p': 'INK', 'why': '"his people" at four seats ([1, 4, 14, 15]): the defilement (1, 4), the virgin "from his people" (14), the seed "among his people" (15)', 'fx': ['—']}
  priesthood.family('bread_is_offering')                                 {'v': [6, 8, 17, 21, 22], 'p': 'INK', 'why': '"bread" at five seats of the chapter ([6, 8, 17, 21, 22]) — Onkelos Lev 21:6 renders it "the OFFERING of their God" (Sifra, Emor, Section 3 3: the daily offerings are called bread, Num 28:2)', 'fx': ['—']}
  priesthood.family('certain_only')                                      {'v': {'doubtful': 'no', 'others_alongside': 'no', 'limb_of_living_parent': 'no', 'barley_bone': ['yes', 'R._Yosei_no']}, 'p': 'MOVE', 'why': 'Sifra, Emor, Section 1 13 — "for her": the certain, not the doubtful; not for her limbs', 'fx': ['—']}
  priesthood.family('chalalah')                                          {'v': 'born_of_a_disqualified_union', 'p': 'MOVE', 'why': '21:7 "or a PROFANED woman" — Sifra, Emor, Chapter 1 8', 'fx': ['profaned_seed']}
  priesthood.family('chalutzah')                                         {'v': ['barred_by_a_fortiori_from_the_divorcee', 'the_rival_refutes', 'and_a_woman_amplifies', 'the_rival_out_by_from_her_husband'], 'p': 'MOVE', 'why': '21:7 "a woman divorced FROM HER HUSBAND" — Sifra, Emor, Chapter 1 9-10: the chalutzah in, the rival wife out (Mishnah Makkot 3:1: divorcee-and-cha
  priesthood.family('conduct_bars')                                      {'v': {'marries_in_transgression': 'disqualified_until_he_vows_off_benefit', 'defiles_for_the_dead': 'disqualified_until_he_accepts'}, 'p': 'ANSWER-SHEET', 'why': "Mishnah Bekhorot 7:7 — the two conduct bars of 21:7 and 21:1 joined to the blemish table: the priest's status toggles with his acts", 'f
  priesthood.family('corners')                                           {'v': {'head': 2, 'beard': 5}, 'p': 'IMPORT', 'why': "the corners counted at the home cell (Mishnah Makkot 3:5: two on the head, five on the beard): CALLED cold_run_holiness_b.body(corners_count) -> {'head': 2, 'beard': 5}", 'fx': ['lashes']}
  priesthood.family('daughter_in_burned_list')                           {'v': True, 'p': 'IMPORT', 'why': 'Mishnah Sanhedrin 9:1 "these are burned: a woman and her daughter, and the PRIEST\'S DAUGHTER who played the harlot" — the nine of the first clause CALLED from cold_run_sanctions.burned_nine (9 names); this span supplies the tenth', 'fx': ['burned_by_court']}
  priesthood.family('daughter_mode')                                     {'v': 'burning', 'p': 'INK', 'why': '21:9 "in FIRE she shall be burned" — the burn token\'s three Leviticus seats [(\'Lev\', 6, 23), (\'Lev\', 13, 52), (\'Lev\', 21, 9)] (the sin offering, the garment, the daughter); the adulteress\'s default is CALLED from the sanctions engine -> \'strangling\' (un
  priesthood.family('daughter_predicate')                                {'v': {'by': 'whoring_with_a_husbands_bond', 'not_by': 'other_profanations', 'ages': 'all', 'husbands': 'israelite_levite_netin_mamzer', 'partner': 'not_burned', 'perjured': 'not_burned', 'father': ['R._Eliezer_with_her_father_burning', 'with_her_father_in_law_stoning']}, 'p': 'MOVE', 'why': 'Sifra,
  priesthood.family('defile_seats')                                      {'v': [1, 3, 4, 11], 'p': 'INK', 'why': 'the defile-verb at four seats of the chapter ([1, 3, 4, 11]): the ban (21:1), the license "for her" (21:3), the husband (21:4), the high priest "for his father and his mother" (21:11)', 'fx': ['—']}
  priesthood.family('forced')                                            {'v': 'a_command_enforced_against_his_will', 'p': 'MOVE', 'why': '21:3 "for her he SHALL defile" — Sifra, Emor, Section 1 12: Yosef the priest on Passover eve, pushed and defiled by the sages (Mishnah Bekhorot 7:7: the refuser disqualified until he accepts)', 'fx': ['defiled_for_kin']}
  priesthood.family('four_barred')                                       {'v': ['widow', 'divorcee', 'profaned', 'harlot'], 'p': 'INK', 'why': "21:14 the four nouns in the verse's order; the widow written for the high priest ALONE (21:14; the commoner's list at 21:7 lacks her) — Mishnah Yevamot 6:4, Makkot 3:1", 'fx': ['profaned_seed']}
  priesthood.family('gash_multiplier')                                   {'v': 5, 'p': 'IMPORT', 'why': 'five gashes for one dead: CALLED cold_run_holiness_b.body(multipliers) -> 5; the gash \'for_the_dead_only\' (21:5 "in their flesh" with 19:28 "for a soul")', 'fx': ['lashes']}
  priesthood.family('greatness')                                         {'v': ['beauty', 'wealth', 'strength', 'wisdom', 'appearance', 'made_great_from_his_brothers'], 'p': 'MOVE', 'why': '21:10 "the priest GREATER than his brothers" — Sifra, Emor, Section 2 1', 'fx': ['invested_office']}
  priesthood.family('hair_rend')                                         {'v': {'R._Yehuda': 'not_at_all', 'R._Meir': 'not_for_his_dead', 'geometry': 'high_priest_below_commoner_above'}, 'p': 'MOVE', 'why': '21:10 "his head he shall not let grow wild, his garments not rend" — Sifra, Emor, Section 2 3', 'fx': ['—']}
  priesthood.family('high_priest_dead')                                  {'v': {'two_prohibitions': ['shall_not_come', 'shall_not_defile'], 'commoner_carries_both': 'by_not_defile_not_defile', 'two_corpses_blood': 'R._Akiva_defiles', 'parents': 'no', 'met_mitzvah': 'yes'}, 'p': 'MOVE', 'why': '21:11 — Sifra, Emor, Section 2 4', 'fx': ['defiled_for_kin']}
  priesthood.family('holy_by_compulsion')                                {'v': {'compelled': True, 'levites': 'excluded', 'blemished': 'included'}, 'p': 'MOVE', 'why': '21:6 "holy they SHALL BE to their God" — Sifra, Emor, Chapter 1 6: by compulsion; "the bread of their God THEY offer" — not the Levites; holiness not service-conditioned', 'fx': ['—']}
  priesthood.family('husband')                                           'RAISED ValueError: husband'
  priesthood.family('husband_fork')                                      {'v': {'sifra': 'husband', 'onkelos': 'the_great_one_among_his_people'}, 'p': 'MOVE', 'why': '21:4 בַּעַל read two ways — Sifra, Emor, Section 1 15 (husband) vs Onkelos Lev 21:4 ("the GREAT ONE among his people shall not defile") — a recorded fork on one token', 'fx': ['—']}
  priesthood.family('husbands_hand')                                     {'v': 'the_second_bill_does_not_disqualify_her', 'p': 'MOVE', 'why': 'Sifra, Emor, Chapter 1 11 — R. Elazar b. Matya: "divorced from her HUSBAND", not from one who is not (Mishnah Yevamot 10:3 verbatim)', 'fx': ['—']}
  priesthood.family('ketubah')                                           {'v': 'has_a_ketubah', 'p': 'ANSWER-SHEET', 'why': 'Mishnah Yevamot 9:3 — the widow to the high priest and the divorcee to the commoner have a ketubah (the secondary degrees self-labeled "from the scribes")', 'fx': ['—']}
  priesthood.family('lash_count')                                        {'v': {'all_day': 'one', 'warned_each_time': 'each', 'in_the_furrow_of_eight': 'one_of_the_eight'}, 'p': 'ANSWER-SHEET', 'why': "Mishnah Makkot 3:8-9 on 21:1's defilement", 'fx': ['lashes']}
  priesthood.family('lost_object')                                       {'v': 'does_not_defile_nor_obey_his_father', 'p': 'ANSWER-SHEET', 'why': 'Mishnah Bava Metzia 2:10 — the lost object in the cemetery; the parent\'s "defile" not obeyed (Lev 19:3\'s override)', 'fx': ['—']}
  priesthood.family('marks')                                             {'v': {'baldness': 'per_spot_whole_head', 'beard': 'per_corner', 'gash': 'per_gash_for_the_dead'}, 'p': 'MOVE', 'why': '21:5 the three marks — Sifra, Emor, Chapter 1 1-5: per bald spot, the whole head (not only "between the eyes", Deut 14:1), per gash; THE TWO-WAY TRANSFER: per-spot and whole-head c
  priesthood.family('met_mitzvah')                                       {'v': 'defiles_for_the_abandoned_corpse', 'p': 'MOVE', 'why': '21:1 "among his people" — Sifra, Emor, Section 1 3: when his people are there he does not defile; the abandoned corpse has none — he DOES (21:11 for the high priest too, Section 2 4)', 'fx': ['defiled_for_kin']}
  priesthood.family('nezer')                                             {'v': 'the_crown_of_the_oil_the_many_garmented_included', 'p': 'MOVE', 'why': '21:12 "the CROWN of the anointing oil" ([12]; Onkelos "crown") — Sifra, Emor, Section 2 6', 'fx': ['invested_office']}
  priesthood.family('not_out')                                           {'v': {'R._Meir': 'after_them_hidden_and_revealed_to_the_city_gate', 'R._Yehuda': 'not_at_all'}, 'p': 'MOVE', 'why': '21:12 "from the sanctuary he shall not go out" — Sifra, Emor, Section 2 5 (Mishnah Sanhedrin 2:1 verbatim)', 'fx': ['—']}
  priesthood.family('not_transferable')                                  {'v': 'perjured_not_made_chalal_forty_lashes', 'p': 'ANSWER-SHEET', 'why': 'Mishnah Makkot 1:1 — the chalal status is a birth, not a sentence', 'fx': ['lashes']}
  priesthood.family('one_hour')                                          {'v': 'office_attaches_at_the_pouring', 'p': 'MOVE', 'why': '21:10 "on whose head the anointing oil was POURED" — Sifra, Emor, Section 2 2: even one hour (Exod 29:30\'s seven days bounded); the many-garmented by "the crown of the oil" (Section 2 6; Mishnah Horayot 3:4)', 'fx': ['invested_office']}
  priesthood.family('onen')                                              {'v': 'invalid', 'p': 'MOVE', 'why': "Sifra, Emor, Section 2 6: the commoner onen's service invalid", 'fx': ['service_profaned']}
  priesthood.family('onkelos_daughter')                                  {'v': 'strays_from_her_fathers_holiness', 'p': 'MOVE', 'why': "Onkelos Lev 21:9 — the profanation as departure from the father's sanctity", 'fx': ['—']}
  priesthood.family('profane_seats')                                     {'v': [6, 7, 9, 12, 14, 15, 23], 'p': 'INK', 'why': 'the profane root at seven seats of the chapter ([6, 7, 9, 12, 14, 15, 23]; 21:9 twice): the Name, the wife, the daughter, the sanctuary, the wife again, the seed, the sanctuaries', 'fx': ['—']}
  priesthood.family('razor')                                             {'v': 'liable', 'p': 'IMPORT', 'why': '21:5 "the corner of their beard they shall not SHAVE" is the razor\'s SECOND constraint — Lev 19:27 "destroy" AND 21:5 "shave" = shaving with destruction (M-21): CALLED cold_run_holiness_b.body(razor) -> \'liable\'; scissors -> \'not_liable_no_destruction\' [IM
  priesthood.family('relative_table')                                    {'v': {'wife': 'the_near_kin_betrothed_and_divorced_excluded', 'mother': 'profanable_line', 'father': 'presumption', 'children': 'viable_not_stillborn', 'siblings': 'paternal_who_inherit_him', 'sister': 'minor_virgin_not_betrothed_R_Meir_incl_betrothed', 'brother': 'minor_or_adult'}, 'p': 'MOVE', 'w
  priesthood.family('relatives')                                         {'v': ['wife', 'mother', 'father', 'son', 'daughter', 'brother', 'virgin_sister'], 'p': 'INK', 'why': 'the six kin tokens [\'לאמו\', \'ולאביו\', \'ולבנו\', \'ולבתו\', \'ולאחיו\', \'ולאחתו\'] at 21:2-3, one per relative, and 21:2 "his KIN near to him" = the wife (Sifra, Emor, Section 1 4: "she is you
  priesthood.family('sanctify_him')                                      {'v': {'by_force': 'beat_him_if_he_refuses', 'warned': 'the_court', 'blemished': 'holy'}, 'p': 'MOVE', 'why': '21:8 "and you shall SANCTIFY him... I the LORD sanctify you" — Sifra, Emor, Chapter 1 13: the court warned; the sanctifier formula at [(21, 8), (21, 15), (21, 23), (22, 9), (22, 16), (22, 3
  priesthood.family('seed')                                              {'v': {'status': 'chalal_not_mamzer', 'widow_written': 'stringent_her_seed_profaned', 'divorcee_written': 'lenient_not_mamzer', 'commoner': 'exported_by_zonah_zonah', 'niddah': 'not_chalal_by_these', 'she_herself': 'profaned', 'chalals_daughter': 'disqualified'}, 'p': 'MOVE', 'why': '21:14-15 "THESE
  priesthood.family('sister_predicate')                                  {'v': {'raped_or_seduced': 'excluded_by_virgin', 'wood_injured': 'included_not_by_a_man', 'betrothed': 'included_by_the_near', 'adult': 'included_by_to_him'}, 'p': 'MOVE', 'why': '21:3 "the virgin... who has not been to a man" — Sifra, Emor, Section 1 11-12: the agent-of-loss test', 'fx': ['defiled_
  priesthood.family('soul_scope')                                        {'v': {'corpse': 'defiles', 'blood_quarter_log': 'defiles', 'departing_impurities': 'included'}, 'p': 'MOVE', 'why': '21:1 "for a SOUL" — Sifra, Emor, Section 1 2-3: blood included by Deut 12:23 ("the blood is the soul"), a quarter-log; what departs from the dead', 'fx': ['defiled_for_kin']}
  priesthood.family('take_doubled')                                      {'v': {'21:7': 2, '21:14': 2}, 'p': 'INK', 'why': 'the take-verb DOUBLED at 21:7 and at 21:14 (([7], 2, [13, 14], 2)) — Sifra, Emor, Chapter 1 12: the woman is warned through the man (Mishnah Yevamot 6:2: intercourse with the disqualified DISQUALIFIES HER)', 'fx': ['profaned_seed']}
  priesthood.family('toggles')                                           {'v': 'profane_while_occupied_holy_on_withdrawal', 'p': 'MOVE', 'why': '21:4 "to profane himself" — Sifra, Emor, Section 1 16: a status that toggles with the act, not a stain', 'fx': ['defiled_for_kin']}
  priesthood.family('virgin_command')                                    {'v': {'king_nazirite': 'excluded', 'war_priest': 'included', 'adult': ['excluded', 'R._Eliezer_R._Shimon_permit'], 'betrothed_then_appointed': 'marries', 'yevamah_by_maamar': 'not'}, 'p': 'MOVE', 'why': '21:13 "HE... a wife in her virginity" — Sifra, Emor, Section 2 7 + Chapter 2 6 (Mishnah Yevamot
  priesthood.family('war_front')                                         {'v': 'does_not_return', 'p': 'ANSWER-SHEET', 'why': 'Mishnah Sotah 8:3 — the widow to the high priest, the divorcee and chalutzah to the commoner: a transgression-marriage does not send him home', 'fx': ['—']}
  priesthood.family('women')                                             {'v': 'the_daughters_of_aaron_free', 'p': 'ANSWER-SHEET', 'why': 'Mishnah Kiddushin 1:7 — "do not defile for the dead" among the three negatives women are free of; = Sifra, Emor, Section 1 1', 'fx': ['—']}
  priesthood.family('yevamot_table')                                     "RAISED KeyError: 'her'"
  priesthood.family('zonah')                                             {'v': {'R._Yehuda': 'the_aylonit', 'sages': ['the_convert', 'the_freed_slavewoman', 'illicit_intercourse'], 'R._Eliezer': 'even_unmarried_not_for_marriage', 'onkelos': 'one_who_goes_astray'}, 'p': 'MOVE', 'why': '21:7 "a woman ZONAH" — Sifra, Emor, Chapter 1 7 (Mishnah Yevamot 6:5 verbatim); Onkelos
==== cold_run_priesthood.holy_food sig ('q',) (15129 chars) asks-in-source ['asham_homograph', 'bird', 'body_impurity', 'charge', 'chillul_import', 'crushed_priest', 'daughter_to_stranger', 'daughter_who_ate', 'die_by_it', 'eat_count', 'eating_table', 'error_gate', 'eunuch_priest', 'fetus', 'fifth_algebra', 'fifth_gates', 'fifth_spelling', 'grandson_high_priest', 'gullet', 'his_bread', 'household', 'in_the_mouth', 'karet_extension', 'kind_for_kind', 'learns', 'measures', 'mixture_grid', 'name_frame', 'payment_material', 'profaners', 'rapist_seducer_fool', 'readiness', 'return', 'separation', 'slaves_of_forbidden_wife', 'son_feeds_mother', 'stage', 'stranger', 'terumah_vs_holy', 'thief', 'tithe_tevul_yom', 'toshav_sachir', 'touch_not_move', 'two_gates', 'two_payees', 'uncircumcised', 'until_pure', 'warning_object', 'whole_body', 'whose_holy_things', 'workers', 'zav_tier']
def holy_food(q, **k):
        if q == 'separation':
            return cell('separation_performed_by_onkelos', M, '22:2 וינזרו — ' + SE + 'Section 4 1 (Ezek 14:7, Isa 1:4 the lexical witnesses); Onkelos Lev 22:2 "they shall SEPARATE"', [FX.NONE])
    

  priesthood.holy_food('asham_homograph')                                {'v': 'the_noun_guilt_not_the_offering', 'p': 'INK', 'why': '22:16 "the iniquity of GUILT" — the span\'s only asham token is the noun (dependency_dispositions: FALSE to tzav); the fifth\'s engine is called at 22:14 instead', 'fx': ['—']}
  priesthood.holy_food('bird')                                           'RAISED ValueError: bird'
  priesthood.holy_food('body_impurity')                                  {'v': 'impurity_of_the_body_not_the_flesh_four_routes', 'p': 'MOVE', 'why': '22:3 "HIS impurity on him" — Sifra, Emor, Section 4 8', 'fx': ['—']}
  priesthood.holy_food('charge')                                         {'v': {'warned': 'the_court', 'bear_sin_over': 'the_holy_things_not_the_carcass', 'onkelos': 'receive_upon_it_a_debt'}, 'p': 'MOVE', 'why': '22:9 — Sifra, Emor, Chapter 4 14; Onkelos Lev 22:9', 'fx': ['death_by_heaven']}
  priesthood.holy_food('chillul_import')                                 {'v': ['time', 'death', 'acceptance_dependence', 'R._Yehuda_karet_by_I_the_LORD'], 'p': 'MOVE', 'why': '"profanation"-"profanation" (Lev 19:8; Zevachim 44a:8, 45a:9 — the notar-from-impurity analogy) —  Sifra, Emor, Section 4 2: one verbal analogy, three parameters', 'fx': ['—']}
  priesthood.holy_food('crushed_priest')                                 {'v': {'he_and_his_slaves': 'eat', 'his_wives': 'do_not_eat', 'wife_from_before': 'eats'}, 'p': 'ANSWER-SHEET', 'why': 'Mishnah Yevamot 8:1 — Deut 23:2\'s union forbidden [IMPORT], so she is "to a man" who does not feed (Sifra, Emor, Section 5 7)', 'fx': ['stranger_barred']}
  priesthood.holy_food('daughter_to_stranger')                           {'v': {'stranger': 'levite_israelite', 'to_a_man': 'to_one_who_feeds', 'forbidden_union': 'disqualifies_from_terumah', 'she_feeds': 'her_mother'}, 'p': 'MOVE', 'why': '22:12 "a priest\'s daughter, when she is to a STRANGER man" — Sifra, Emor, Section 5 7-10 (Mishnah Yevamot 6:3, 9:4)', 'fx': ['stran
  priesthood.holy_food('daughter_who_ate')                               {'v': {'R._Meir': {'to_israelite': 'principal_no_fifth_burning', 'to_disqualified': 'principal_and_fifth_strangling'}, 'sages': 'both_principal_no_fifth_burning'}, 'p': 'ANSWER-SHEET', 'why': 'Mishnah Terumot 7:2 — 22:12 (no fifth for the non-stranger) with 21:9 (burning)', 'fx': ['burned_by_court']
  priesthood.holy_food('die_by_it')                                      {'v': {'deliberate_impure_eater': 'death_by_heaven', 'tithe': 'no', 'pure_eater_of_impure': 'no'}, 'p': 'MOVE', 'why': '22:9 "and DIE by it when they profane it" — Sifra, Emor, Chapter 4 15', 'fx': ['death_by_heaven']}
  priesthood.holy_food('eat_count')                                      {'v': 14, 'p': 'INK', 'why': "the eating verb fourteen times in Lev 22 (14) — the chapter is an eaters' file", 'fx': ['—']}
  priesthood.holy_food('eating_table')                                   "RAISED KeyError: 'husband'"
  priesthood.holy_food('error_gate')                                     "RAISED KeyError: 'deliberate'"
  priesthood.holy_food('eunuch_priest')                                  {'v': {'sun_eunuch': 'feeds_his_wife', 'androgynos': 'R._Yosei_R._Shimon_feeds', 'tumtum_torn_male': 'R._Yehuda_as_a_eunuch'}, 'p': 'ANSWER-SHEET', 'why': "Mishnah Yevamot 8:6 — 22:11's feeder is the priest as such", 'fx': ['terumah_fed']}
  priesthood.holy_food('fetus')                                          {'v': 'disqualifies_does_not_feed', 'p': 'MOVE', 'why': '22:11 "BORN in his house" — the unborn is not born: Sifra, Emor, Section 5 6 bounded; Mishnah Yevamot 7:3-4 (R. Yosei)', 'fx': ['—']}
  priesthood.holy_food('fifth_algebra')                                  {'v': 'repay the principal to the fund struck; add the fifth (25.00); ram at the valuation floor (two sela (Mishnah Keritot 5:2; Zevachim 10:5 class))', 'p': 'IMPORT', 'why': '22:14 "he shall add its FIFTH to it" — the added quarter is the Lev 5 engine\'s own algebra (5:16\'s clause): CALLED cold_ru
  priesthood.holy_food('fifth_gates')                                    {'v': {'non_strangers': 'exempt', 'minor': 'exempt_nine_and_a_day_a_man', 'less_than_olive': 'exempt', 'terumah_abroad': 'exempt', 'eater_drinker_anointer': 'all_liable'}, 'p': 'MOVE', 'why': '22:14 "a MAN who eats" (True) — Sifra, Emor, Chapter 6 2-3, 6 8 (Mishnah Terumot 7:2-3, 6:1)', 'fx': ['adds
  priesthood.holy_food('fifth_spelling')                                 {'v': [('Lev', 22, 14), ('Lev', 27, 31)], 'p': 'INK', 'why': 'this spelling of "its fifth" ([(\'Lev\', 22, 14), (\'Lev\', 27, 31)]) — here and the tithe\'s redemption; the guilt offering\'s 5:16 spells it with the yod', 'fx': ['—']}
  priesthood.holy_food('grandson_high_priest')                           {'v': 'feeds_his_mother_disqualifies_his_grandmother', 'p': 'MOVE', 'why': 'Sifra, Emor, Chapter 5 3 = Mishnah Yevamot 7:6 verbatim', 'fx': ['terumah_fed']}
  priesthood.holy_food('gullet')                                         "RAISED KeyError: 'animal'"
  priesthood.holy_food('his_bread')                                      {'v': 'raise_wheat_and_trim_vegetables_as_he_likes_trimmings_holy', 'p': 'MOVE', 'why': '22:7 "for it is his BREAD" — Sifra, Emor, Chapter 4 11', 'fx': ['terumah_fed']}
  priesthood.holy_food('household')                                      "RAISED KeyError: 'who'"
  priesthood.holy_food('in_the_mouth')                                   {'v': {'told_now_impure': ['R._Eliezer_swallow', 'R._Yehoshua_spit'], 'was_impure_or_tevel_or_a_bug': 'spit_out'}, 'p': 'ANSWER-SHEET', 'why': "Mishnah Terumot 8:2 — 22:6-7 at the mouth's threshold", 'fx': ['stranger_barred']}
  priesthood.holy_food('karet_extension')                                {'v': {'from': 'shelamim_only_at_7_20', 'to': 'all_holy_things', 'piggul_a_fortiori': 'refused_by_the_four_way_difference'}, 'p': 'MOVE', 'why': '22:3 "who approaches... to the holy things... with his impurity on him — cut off" (ונכרתה) — Sifra, Emor, Section 4 5', 'fx': ['karet_cut_off']}
  priesthood.holy_food('kind_for_kind')                                  {'v': {'R._Akiva': 'kind_for_kind_wait_for_the_cucumbers', 'R._Eliezer': 'any_kind_better_for_worse'}, 'p': 'MOVE', 'why': 'Sifra, Emor, Chapter 6 6 = Mishnah Terumot 6:6: "the holy" — the class or the instance', 'fx': ['pays']}
  priesthood.holy_food('learns')                                         {'v': {'wife_or_slave_told': ['R._Eliezer_principal_and_fifth', 'R._Yehoshua_exempt'], 'chalal_serving': ['R._Eliezer_invalid', 'R._Yehoshua_valid'], 'found_blemished': 'service_invalid'}, 'p': 'ANSWER-SHEET', 'why': "Mishnah Terumot 8:1 — three of this span's machines in one row (22:12-13, 21:15, 2
  priesthood.holy_food('measures')                                       {'v': {'corpse': 'contact_only', 'seed_emitter': 'included', 'toucher_of_semen': 'by_or_a_man', 'swarming_thing': 'included', 'carcass': 'by_or_a_man', 'zavim_zavot_niddot_yoldot': 'his_impurity', 'lies_with_a_niddah': 'who_becomes_impure', 'swallows_a_pure_birds_carcass': 'to_him'}, 'p': 'MOVE', 'w
  priesthood.holy_food('mixture_grid')                                   {'v': 'one_in_a_hundred_both_directions', 'p': 'MOVE', 'why': '22:6 "shall not eat of the holy" / 22:7 "afterwards he may eat" — Sifra, Emor, Chapter 4 5-6, 4 9-10: eight food/drink combinations', 'fx': ['—']}
  priesthood.holy_food('name_frame')                                     {'v': [2, 32], 'p': 'INK', 'why': '"the name of My holiness" at 22:2 and 22:32 ([(\'Lev\', 20, 3), (\'Lev\', 22, 2), (\'Lev\', 22, 32)]) — the chapter FRAMED by the Name; its third Leviticus seat is Molech\'s 20:3', 'fx': ['name_profaned']}
  priesthood.holy_food('payment_material')                               {'v': {'R._Meir': 'fit_to_become_holy_not_gleanings_corner_ownerless', 'sages': 'from_all'}, 'p': 'MOVE', 'why': '22:14 "give the priest THE HOLY" — Sifra, Emor, Chapter 6 5 = Mishnah Terumot 6:5', 'fx': ['pays']}
  priesthood.holy_food('profaners')                                      {'v': {'raised_not_untithed': True, 'death_even_on_tevel': True, 'sower_and_defiler': 'excluded', 'onkelos': 'in_impurity_inserted'}, 'p': 'MOVE', 'why': '22:15-16 "which they RAISE... when they eat their holy things" — Sifra, Emor, Chapter 6 9-10; Onkelos Lev 22:16', 'fx': ['death_by_heaven']}
  priesthood.holy_food('rapist_seducer_fool')                            {'v': {'fit': 'neither_disqualify_nor_feed', 'unfit_to_enter': 'disqualify', 'slave': 'disqualifies_by_intercourse_not_seed', 'mamzer': 'disqualifies_and_feeds'}, 'p': 'MOVE', 'why': 'Sifra, Emor, Chapter 5 4-5 = Mishnah Yevamot 7:5', 'fx': ['—']}
  priesthood.holy_food('readiness')                                      {'v': {'with_permitters': 'after_the_permitters_are_offered', 'without': 'after_vessel_sanctification'}, 'p': 'MOVE', 'why': '22:3 "who APPROACHES" = until it is fit to approach — Sifra, Emor, Section 4 7 (R. Elazar: is a toucher liable?!)', 'fx': ['—']}
  priesthood.holy_food('return')                                         {'v': {'widow_and_divorcee': 'both_written_both_need_no_seed', 'no_seed': 'to_the_seeds_seed', 'unfit_seed': 'counts', 'maidservants_seed': 'not_hers', 'levirate_bound': 'not', 'pregnant': 'not', 'her_fathers_bread': 'terumah'}, 'p': 'MOVE', 'why': '22:13 "a widow or divorced, and she has no seed, a
  priesthood.holy_food('separation')                                     {'v': 'separation_performed_by_onkelos', 'p': 'MOVE', 'why': '22:2 וינזרו — Sifra, Emor, Section 4 1 (Ezek 14:7, Isa 1:4 the lexical witnesses); Onkelos Lev 22:2 "they shall SEPARATE"', 'fx': ['—']}
  priesthood.holy_food('slaves_of_forbidden_wife')                       "RAISED KeyError: 'type'"
  priesthood.holy_food('son_feeds_mother')                               {'v': 'the_son_feeds_the_mother', 'p': 'MOVE', 'why': 'Sifra, Emor, Section 5 6 (R. Shimon from "born of his house... THEY shall eat"; Mishnah Yevamot 7:5: the son\'s power greater than the father\'s; Niddah 5:3)', 'fx': ['terumah_fed']}
  priesthood.holy_food('stage')                                          "RAISED KeyError: 'stage'"
  priesthood.holy_food('stranger')                                       {'v': {'who': 'levite_and_israelite_by_EVERY_stranger', 'eating': 'an_olive', 'holy': 'the_border_holy_things_terumah', 'seats': [10, 12, 13]}, 'p': 'MOVE', 'why': '22:10 "and EVERY stranger shall not eat holy" — the stranger at [10, 12, 13]; Sifra, Emor, Chapter 4 16 (Deut 26:13 verbal analogy)', '
  priesthood.holy_food('terumah_vs_holy')                                {'v': {'holy_things': 'some_permitted_to_strangers_piggul_liability', 'terumah': 'never_permitted_no_piggul'}, 'p': 'MOVE', 'why': '22:12 "the TERUMAH of the holy things" (the only terumah noun in the span, [(12, \'בתרומת\'), (15, \'ירימו\')]) — Sifra, Emor, Section 6 1', 'fx': ['—']}
  priesthood.holy_food('thief')                                          {'v': {'not_eaten': 'double_of_the_terumahs_value', 'eaten': 'two_principals_and_a_fifth', 'consecrated_terumah_eaten': 'two_fifths_and_a_principal_no_double'}, 'p': 'ANSWER-SHEET', 'why': "Mishnah Terumot 6:4 — 22:14's fifth stacked on Exod 22:3's double [IMPORT: the mishpatim engine]", 'fx': ['add
  priesthood.holy_food('tithe_tevul_yom')                                {'v': {'israelites_tithe': 'as_tevul_yom', 'aaron_and_sons_terumah': 'at_sunset'}, 'p': 'MOVE', 'why': 'Sifra, Emor, Chapter 4 1 — the a-fortiori from the tithe', 'fx': ['stranger_barred']}
  priesthood.holy_food('toshav_sachir')                                  {'v': {'toshav': 'acquired_forever_the_pierced_slave', 'sachir': 'acquired_for_years'}, 'p': 'MOVE', 'why': '22:10 "the priest\'s RESIDENT and HIRELING" — Sifra, Emor, Chapter 4 17; Onkelos "resident", "hireling"', 'fx': ['stranger_barred']}
  priesthood.holy_food('touch_not_move')                                 {'v': 'touch_only_heset_excluded', 'p': 'MOVE', 'why': '22:6 "a soul that TOUCHES it" — Sifra, Emor, Chapter 4 5', 'fx': ['—']}
  priesthood.holy_food('two_gates')                                      {'v': {'sunset': 'gates_terumah', 'atonement_offering': 'does_not'}, 'p': 'MOVE', 'why': "22:7 — Sifra, Emor, Chapter 4 8 (Mishnah Chagigah 3:3; Berakhot 1:1's evening = the priests' terumah)", 'fx': ['stranger_barred']}
  priesthood.holy_food('two_payees')                                     {'v': {'principal': 'to_the_owner', 'fifth': 'to_any_priest'}, 'p': 'ANSWER-SHEET', 'why': 'Mishnah Terumot 6:2 — "give the priest" names the class', 'fx': ['pays']}
  priesthood.holy_food('uncircumcised')                                  {'v': ['R._Yishmael_toshav_sachir_from_the_passover', 'R._Akiva_man_man'], 'p': 'MOVE', 'why': 'Sifra, Emor, Chapter 4 18 — two routes, one verdict (Mishnah Yevamot 8:1; Shabbat 19:6)', 'fx': ['stranger_barred']}
  priesthood.holy_food('until_pure')                                     {'v': 'sunset', 'p': 'MOVE', 'why': '22:4 "until he is PURE" = 22:7 "the sun sets and he is pure" (purity-purity) — Sifra, Emor, Chapter 4 2; "and the sun sets" stands at [(\'Eccl\', 1, 5), (\'Lev\', 22, 7)]', 'fx': ['impure_until_evening']}
  priesthood.holy_food('warning_object')                                 {'v': 'eating_not_defiling', 'p': 'MOVE', 'why': 'Mishnah Terumot 8:11 (R. Yehoshua: "not the terumah I am warned against DEFILING but against EATING") = Sifra, Emor, Chapter 6 10: the sower and the defiler excluded from "when they eat"', 'fx': ['—']}
  priesthood.holy_food('whole_body')                                     {'v': 'not_limb_by_limb', 'p': 'MOVE', 'why': '22:6 "unless he washes his flesh in water" — Sifra, Emor, Chapter 4 7: as sunset is at once, so the immersion', 'fx': ['immersed']}
  priesthood.holy_food('whose_holy_things')                              {'v': {'israels': 'liable', 'gentiles': 'not', 'priests_own': 'included'}, 'p': 'MOVE', 'why': '22:2 "the holy things of the children of Israel... which they sanctify TO ME" — Sifra, Emor, Section 4 1', 'fx': ['—']}
  priesthood.holy_food('workers')                                        {'v': {'R._Meir': 'he_the_principal_they_the_fifth', 'sages': 'they_both_he_their_meal'}, 'p': 'ANSWER-SHEET', 'why': 'Mishnah Terumot 6:3', 'fx': ['adds_fifth']}
  priesthood.holy_food('zav_tier')                                       {'v': 'full_zav_with_offering', 'p': 'IMPORT', 'why': '22:4 "or a ZAV shall not eat of the holy things until he is pure" — the zav\'s tier is the clocks engine\'s: CALLED cold_run_clocks.zav(tier, sightings=3) -> \'full_zav_with_offering\'; count_start -> \'when_the_flow_stops\' [IMPORT, live call];
==== cold_run_place_name.the_place_chosen sig ('case', 'data') (23239 chars) asks-in-source ['eat_there_and_rejoice', 'in_one_of_your_tribes', 'not_as_we_do_here_today', 'the_name_pronounced_only_there', 'the_place_which_the_lord_will_choose', 'the_rest_and_the_inheritance', 'the_second_answer_sheet', 'the_seven_offerings', 'the_stations_six_rows', 'the_three_commandments_of_the_entry', 'the_womans_rejoicing', 'your_households']
def the_place_chosen(case, data):
        """F2 — Deut 12:5-12 — THE PLACE INSTALLED HERE (12:5 — THE LINE place_chosen_declared writing place_chosen_required and rejoicing_before_the_lord_commanded, and high_places_banned REUSED); the Name pro

  place_name.the_place_chosen({ask:eat_there_and_rejoice})               ("eat there and rejoice (12:7) — the peace offerings of rejoicing (the Sifrei 64:2; 138:1), 'your households' his wife (64:4 — Mishnah Yoma 1:1): THE WRITE rejoicing_before_the_lord_commanded — a STATUS on Israel at the chapter's own day, the law's first seat; the readback row SUPPLIED AS A LAW with
  place_name.the_place_chosen({ask:in_one_of_your_tribes})               ("in one of your tribes (12:14) — [1] the chapter's one number verse against 12:5's 'from all your tribes': the ground from one tribe, the money from all (the Sifrei 62:2-3, 70:4); Benjamin's strip the portion (Zevachim 118b:6-12): the tribe that claims the ground alone accepted against", ['accepted
  place_name.the_place_chosen({ask:not_as_we_do_here_today})             ("not as we do here today (12:8) — the voluntary offerings of the wilderness (Zevachim 117b:3; SA.platform('classes') by CALL) and a prohibition for the premature (114a:13): the erection's line by kind (high_places_banned's first entry) — the readback row VARIANT; Judges' refrain the run's witness",
  place_name.the_place_chosen({ask:the_name_pronounced_only_there})      ("the Name pronounced only there (12:5) — the priestly blessing's Name as written in the Temple, by its substitute in the provinces (Mishnah Sotah 7:6; Sotah 38a:10 by analogy; 38a:11 R. Yoshiya's transposition of Exodus 20:20 — OR.altar('every_place') by CALL): the priest who pronounces the Name in
  place_name.the_place_chosen({ask:the_place_which_the_lord_will_choose}) ("the place which the LORD will choose (12:5) — installed here, no seat before it ('will choose' the book's first at 12:5; His dwelling the one seat; the two seekings): the erection's line by kind — the readback row EXPANDED; THE LINE place_chosen_declared at the counter's day writing place_chosen_r
  place_name.the_place_chosen({ask:the_rest_and_the_inheritance})        ("the rest and the inheritance (12:9) — Shiloh and Jerusalem four ways (Zevachim 119a:9-13, 119b:1-5; the rest of the ark by Numbers 10:36 — BH.march by CALL): THE STATE ROW, SUPPLIED with no write and no day (the rest's granting the run's — Joshua 21:42, 2 Samuel 7:1); 12:10's 'dwell in safety' 26:
  place_name.the_place_chosen({ask:the_second_answer_sheet})             ("the second answer sheet (12:9) — Shiloh's sanctity released, Jerusalem's forever (Mishnah Megillah 1:10-11 at 9b:15-10a:1); the Onias ruling retracted before Mishnah Zevachim 14:8 (10a:2-5): the one who offers at the temple of Onias accepted against", ['accepted'])
  place_name.the_place_chosen({ask:the_seven_offerings})                 ("the seven offerings (12:6) — burnt offerings, sacrifices, tithes, the heave offering of the hand (the first fruits — the Sifrei 63:9), vows, freewill offerings, firstlings: the first of three lists (12:11 adds 'the choice of your vows'; 12:17 the bar); gifts_granted on the tape by kind — the readb
  place_name.the_place_chosen({ask:the_stations_six_rows})               ("the stations' six rows (12:9-11) — the wilderness permitted / forbidden under the Tabernacle, Gilgal permitted, Shiloh forbidden, Nob and Gibeon permitted, Jerusalem forbidden forever (Mishnah Zevachim 14:4-8; Zevachim 112b:9-12): SD.eras('table'), SA.platform('eras') and JO.the_command('private_a
  place_name.the_place_chosen({ask:the_three_commandments_of_the_entry}) ("the three commandments of the entry (12:10-11) — a king, Amalek, the chosen House, in order (Sanhedrin 20b:8-13 from 12:10-11's 'rest … then the place'); David's rest before the seeking of the site (20b:14; 2 Samuel 7:1): the one who seeks the site before the rest accepted against", ['accepted'])
  place_name.the_place_chosen({ask:the_womans_rejoicing})                ("the woman's rejoicing (12:7, 12:12, 12:18) — her own obligation, or her husband's to make her joyful (Rosh Hashanah 6b:15-16 — a two-arm parameter); the delay's clock on the vows (6b:3-13): the husband who makes his wife rejoice accepted", ['accepted'])
  place_name.the_place_chosen({ask:your_households})                     ("your households (12:12, 12:18) — 5:14's list said again without the ox and the ass, with the Levite (CH.the_first_tablet by CALL); the dearer first (the Sifrei 69:3, 74:4); 'no portion nor inheritance' portion_declared's reason (Num 18:20 on the tape by kind): the householder who feeds his servant
==== cold_run_place_name.the_profane_slaughter_the_blood_and_the_gates sig ('case', 'data') (23823 chars) asks-in-source ['before_the_lord_you_shall_eat_it', 'lest_you_forsake_the_levite', 'the_blemished_consecrated', 'the_blood_like_water', 'the_eaters', 'the_impure_tithes_warning', 'the_ladder_of_a_fortiori', 'the_lashes_outside_the_wall', 'the_levites_scope', 'the_list_read_backward', 'the_two_tithes', 'the_unclean_and_the_clean', 'with_all_the_desire_of_your_soul', 'you_may_not_eat_within_your_gates']
def the_profane_slaughter_the_blood_and_the_gates(case, data):
        """F4 — Deut 12:15-19 — THE RELEASE SAID IN NEW WORDS (12:15 — THE LINE profane_slaughter_permitted writing profane_slaughter_permitted, holy_things_in_the_gates_barred and 

  place_name.the_profane_slaughter_the_blood_and_the_gates({ask:before_the_lord_you_shall_eat_it}) ("before the LORD you shall eat it (12:18) — the place (Shiloh and Jerusalem — the Sifrei 74:2-3), the household 5:14's (CH.the_first_tablet by CALL — the readback row VERBATIM in kind), the dearer first (74:4): the one who eats the second tithe in his gates accepted against — the place alone", ['ac
  place_name.the_profane_slaughter_the_blood_and_the_gates({ask:lest_you_forsake_the_levite}) ("lest you forsake the Levite (12:19) — the verse alone in the Bible; a prohibition by 'take heed … lest' (the Sifrei 74:6-7): THE WRITE levite_forsaking_barred — a BLOCK on Israel at the chapter's own day; the readback row SUPPLIED AS A LAW with its write", ['levite_forsaking_barred'])
  place_name.the_profane_slaughter_the_blood_and_the_gates({ask:the_blemished_consecrated}) ("the blemished consecrated (12:15) — the consecration before the blemish 'only the permission of consumption' (Mishnah Bekhorot 2:2-3; Bekhorot 15b:9-12): 12:15's release read on the redeemed animal; the firstborn and the gifts excluded by 'as the gazelle and the hart' (15a:6-8): the one who slaugh
  place_name.the_profane_slaughter_the_blood_and_the_gates({ask:the_blood_like_water}) ("the blood like water (12:16, 12:24) — four ways (the Sifrei 71:14): no covering for the domestic animal (Chullin 84a:10-11; SA.covering by CALL), benefit (Pesachim 22a:8), susceptibility (Chullin 33a:12 — Mishnah Makhshirin 6:4), no immersion (84a:12-16); one prohibition, not two (71:13); the ban 
  place_name.the_profane_slaughter_the_blood_and_the_gates({ask:the_eaters}) ("the eaters (12:15) — 'the impure' unqualified against Numbers 9:10's 'impure by a corpse' (Bekhorot 33a:8-11 — Beit Shammai / Beit Hillel); a gentile's eating the comparison's third seat (33a:4): the impure who eats the profane flesh accepted", ['accepted'])
  place_name.the_profane_slaughter_the_blood_and_the_gates({ask:the_impure_tithes_warning}) ("the impure tithe's warning (12:15-17) — 12:15's 'the impure … within your gates' against 12:17's 'you may not eat within your gates' (Makkot 19b:3-7); 'too far' as any inability, one stride outside the wall (19b:9-13); the second tithe and the Temple (19a:3-10): the one who takes one stride outsid
  place_name.the_profane_slaughter_the_blood_and_the_gates({ask:the_ladder_of_a_fortiori}) ("the ladder of a fortiori (12:17) — R. Shimon's five rungs on the list (Makkot 17a:12-17b:1), Rava's refutations (17b:3-8), the repetition designates (18a:1-2; the Sifrei 72:9-11, 73:1, 74:1): the one who eats the vows' flesh outside the curtains accepted — lashed by its own name", ['accepted'])
  place_name.the_profane_slaughter_the_blood_and_the_gates({ask:the_lashes_outside_the_wall}) ("the lashes outside the wall (12:17) — one who eats the second tithe or the firstling outside the wall is flogged (Mishnah Makkot 3:3; the bar's onset at the wall, Makkot 19b:15): the one who eats the second tithe outside the wall lashed", ['lashes'])
  place_name.the_profane_slaughter_the_blood_and_the_gates({ask:the_levites_scope}) ("the Levite's scope (12:19) — 'all your days' even in sabbaticals and jubilees (the Sifrei 74:8), 'on your land' not in the exile (74:9): the one who forsakes the Levite in the exile exempt", ['exempt'])
  place_name.the_profane_slaughter_the_blood_and_the_gates({ask:the_list_read_backward}) ('the list read backward (12:17) — the first fruits the source, each item derived from the next (Makkot 17b:9); no punishment from an inference (17b:10): the one who eats the first fruits outside the wall accepted — lashed by its own verse', ['accepted'])
  place_name.the_profane_slaughter_the_blood_and_the_gates({ask:the_two_tithes}) ("the two tithes (12:17) — the Levites' first tithe eaten in every place (Num 18:31 — KR.the_tithe('every_place') by CALL; tithe_granted unmoved) against the owner's second tithe at the place (12:17 the first seat; 14:22-26): the Levite who eats his tithe in a cemetery accepted", ['accepted'])
  place_name.the_profane_slaughter_the_blood_and_the_gates({ask:the_unclean_and_the_clean}) ("the unclean and the clean (12:15) — 'the impure' unqualified: the impure and the pure eat from one dish (the Sifrei 71:4); 'as the gazelle and as the hart' the comparison's three seats (Bekhorot 33a:1-5): the impure who eats the profane flesh with the pure accepted", ['accepted'])
  place_name.the_profane_slaughter_the_blood_and_the_gates({ask:with_all_the_desire_of_your_soul}) ("with all the desire of your soul (12:15) — Leviticus 17:3-5's tent-door rule released for the Land in new words (one token in order; SA.outside by CALL — the readback row EXPANDED): THE WRITE profane_slaughter_permitted — a STATUS on Israel conditional on the entry (the_wilderness_flesh's arms — R
  place_name.the_profane_slaughter_the_blood_and_the_gates({ask:you_may_not_eat_within_your_gates}) ("you may not eat within your gates (12:17) — 'you are not permitted' (the Sifrei 72:1); the seven items each a bar (72:2-8); the second tithe's first seat (14:22-26 ahead), the Levites' tithe eaten anywhere the opposite (Num 18:31 — KR.the_tithe('every_place') by CALL): THE WRITE holy_things_in_the
==== cold_run_place_name.the_border_enlarged_and_the_altar sig ('case', 'data') (28239 chars) asks-in-source ['as_i_have_commanded_you', 'as_the_gazelle_and_the_hart', 'flesh_in_milk', 'the_blood_is_the_life', 'the_bloods_classes', 'the_civility', 'the_good_and_the_right', 'the_limb_from_the_living', 'the_rite_of_slaughter', 'the_sin_offerings_verb', 'the_wilderness_flesh', 'too_far', 'when_the_lord_enlarges_your_border', 'your_holy_things']
def the_border_enlarged_and_the_altar(case, data):
        """F5 — Deut 12:20-28 — THE POINTER at 12:20 (Exodus 34:24 by two teachers — erection.repeats by CALL); THE WILDERNESS FLESH a parameter (Chullin 16b-17a); 'too far'; THE RECEIPT WITHOU

  place_name.the_border_enlarged_and_the_altar({ask:as_i_have_commanded_you}) ("as I have commanded you (12:21) — the receipt without the Name, its referent the oral law (Chullin 28a:5 — Rabbi: the gullet and the windpipe; the Sifrei 75:15); Exodus 23:15's 'as I commanded you' the one kin with a WRITTEN callee (CA.matzah by CALL): the receipt's two kinds; the readback row VAR
  place_name.the_border_enlarged_and_the_altar({ask:as_the_gazelle_and_the_hart}) ("as the gazelle and the hart (12:22) — the comparison that teaches and is taught (the Sifrei 75:15): the wild animal's slaughter, the bird's by the scribes (Chullin 28a:4); one dish, not the heave offering (75:11); the hunted covered, the domestic not (SA.covering by CALL): the one who eats the gaz
  place_name.the_border_enlarged_and_the_altar({ask:flesh_in_milk})      ("flesh in milk (12:25) — the chapter's third 'you shall not eat it' the eating ban's source (Chullin 115b:1), defended from the context (115b:2 — I12); the three verses' three jobs (115b:6 — CA.kid_in_milk by CALL); the bird in milk R. Yosei HaGelili's arm (116a:12-14): the one who eats a bird in m
  place_name.the_border_enlarged_and_the_altar({ask:the_blood_is_the_life}) ("the blood is the life (12:23) — 'be steadfast' Israel steeped in blood (the Sifrei 76:1); 17:11's clause turned; 'the life with the flesh' the limb from the living (76:5; limb_barred Gen 9:4 on the tape by kind — the readback row VARIANT; PS.noahide by CALL): the lifeblood's eater accepted against
  place_name.the_border_enlarged_and_the_altar({ask:the_bloods_classes}) ("the blood's classes (12:16, 12:23) — the domestic, the wild, the bird (Mishnah Keritot 5:1; I6 at 21a:5); the wild animal's blood under the ban (21b:6); three classes (21b:11); human blood outside 12:16's 'the blood' (22a:4); the life-blood's boundary (22a:10); the exudate's karet without atonemen
  place_name.the_border_enlarged_and_the_altar({ask:the_civility})       ("the civility (12:21) — 'of your herd' some, not all: meat as if trapped, one's own not the market's (Chullin 84a:18-19); R. Elazar ben Azaria's ladder of means (84a:20-21); below one's means for oneself, above them for wife and children (84b:4): the one who eats meat above his means accepted again
  place_name.the_border_enlarged_and_the_altar({ask:the_good_and_the_right}) ("the good and the right (12:28) — 6:18's pair turned (HI.the_test_and_the_right by CALL — the readback rows 12:25 VARIANT and 12:28 VERBATIM in kind): Heaven's eyes and men's (the Sifrei 79:5); the ladder of learning (79:1 — Avot 2:1); the blood's reward by a fortiori (Mishnah Makkot 3:15; Makkot 2
  place_name.the_border_enlarged_and_the_altar({ask:the_limb_from_the_living}) ("the limb from the living (12:23) — the source divided between 12:23 and Genesis 9:4 (Chullin 102b:11-12); a whole live creature any amount (102b:1); the lashes' count (102b:13, 103a:1); the stacking rule (103a:4-17); among the seven (Sanhedrin 74b:9): the one who eats a limb from the living accept
  place_name.the_border_enlarged_and_the_altar({ask:the_rite_of_slaughter}) ("the rite of slaughter (12:21) — the gullet and the windpipe, the majority of one sign for a bird and of two for an animal (Mishnah Chullin 2:1; Chullin 28a:5): the_rite_of_slaughter a PARAMETER read as data; the bird's slaughter by Torah law or by the scribes (28a:4); any uncertainty invalid (28a:
  place_name.the_border_enlarged_and_the_altar({ask:the_sin_offerings_verb}) ("the sin offering's verb (12:27) — 'shall be poured' the one placement that atones (Zevachim 36b:20-37a:7; Sanhedrin 4a:7 — R. Yishmael / R. Akiva; PS.noahide('shed_homograph') by CALL); no blood no flesh (104a:4); the bones and the sinews (86a:1-4 — Mishnah Zevachim 9:5-7); the altar's rules (OR.a
  place_name.the_border_enlarged_and_the_altar({ask:the_wilderness_flesh}) ("the wilderness flesh (12:20-21) — R. Yishmael: forbidden in the wilderness, released at the entry, the distance its ground (Chullin 16b:14-17); R. Akiva: never forbidden, the stabbed flesh permitted, the rite required at the entry (17a:2-4); the exile's third state (16b:16): the_wilderness_flesh a
  place_name.the_border_enlarged_and_the_altar({ask:too_far})            ("too far (12:21) — 'when the place is too far from you': any inability — one stride outside the wall (Makkot 19b:9-13; 14:24's 'unable to carry it' is eating); the distance the release's ground (Chullin 16b:17): the one one stride outside the wall accepted — too far", ['accepted'])
  place_name.the_border_enlarged_and_the_altar({ask:when_the_lord_enlarges_your_border}) ("when the LORD enlarges your border (12:20) — 'as He has spoken to you' a RUN_CITATION pointer to Exodus 34:24 (ER.repeats by CALL) with two teachers on the callee (the Sifrei 75:2): the readback row VARIANT; 'let me eat flesh' the release's occasion (75:1): the one who eats flesh of desire after t
  place_name.the_border_enlarged_and_the_altar({ask:your_holy_things})   ("your holy things (12:26) — the substitutes ('only your holy things'), the offspring ('which you have'), their treatment ('you shall take up' — 12:27) parsed at Temurah 17b:15-17 (Mishnah Temurah 3:5); from abroad (the Sifrei 77:1); gifts_granted on the tape by kind — the readback row VARIANT: the 
==== cold_run_sanctions.blood sig ('q',) (2181 chars) asks-in-source ['atones', 'ban', 'convert', 'eater_not_feeder', 'karet_own_eating', 'lashes', 'which_blood']
def blood(q, **k):
        if q == 'ban':
            return cell('karet', I, '17:10 "who eats ANY blood... I will set My face against the soul that eats the blood '
                        'and cut her off"; 17:14 "all who eat it shall be cut off" (so

  sanctions.blood('atones')                                              {'v': 'one_gift_atones_on_the_altar_exuded_blood_nothing', 'p': 'INK', 'why': '17:11 "I have given it to you on the ALTAR to atone for your souls, for the blood atones BY THE LIFE" — Sifra, Acharei Mot, Section 7 5: one gift atones after the fact; anywhere ON the altar, not its ground; exuded blood 
  sanctions.blood('ban')                                                 {'v': 'karet', 'p': 'INK', 'why': '17:10 "who eats ANY blood... I will set My face against the soul that eats the blood and cut her off"; 17:14 "all who eat it shall be cut off" (soul tokens {10: 1, 11: 3, 12: 1, 14: 3, 15: 1})', 'fx': ['face_set_against', 'karet_cut_off']}
  sanctions.blood('convert')                                             {'v': 'convert_bound_as_the_citizen', 'p': 'INK', 'why': '17:10, 17:12 "and the convert who sojourns among you" ([(17, 8), (17, 10), (17, 12), (17, 13), (17, 15), (18, 26), (20, 2)])', 'fx': ['karet_cut_off']}
  sanctions.blood('eater_not_feeder')                                    {'v': 'the_eater_not_the_feeder', 'p': 'INK', 'why': '17:10 "the soul that EATS" — Sifra, Acharei Mot, Section 7 4; 7 6: warn the great over the small (no feeding children), but the child not cut off through them', 'fx': ['karet_cut_off']}
  sanctions.blood('karet_own_eating')                                    {'v': 'karet_rides_only_ones_own_eating', 'p': 'INK', 'why': '17:14 "ALL WHO EAT IT shall be cut off" — Sifra, Acharei Mot, Section 7 7 (not through the small nor through other great)', 'fx': ['karet_cut_off']}
  sanctions.blood('lashes')                                              {'v': 'lashed_when_warned', 'p': 'IMPORT', 'why': 'Makkot 3:2 — the eater of blood in the lash list: the warned karet-class negative is lashed (Deut 25:2-3 [IMPORT]); 3:15: the lashed are discharged of their karet (R. Chananya b. Gamliel)', 'fx': ['lashes']}
  sanctions.blood('which_blood')                                         {'v': ['sages_lifeblood_only', 'R._Yehuda_any_blood'], 'p': 'MOVE', 'why': 'Sifra, Acharei Mot, Section 7 3 — "any blood": R. Yehuda lifeblood and exuded, common and consecrated; the sages: karet only on LIFEBLOOD (17:11 "the life of the flesh is IN the blood")', 'fx': ['karet_cut_off']}
==== cold_run_sanctions.covering sig ('q',) (5984 chars) asks-in-source ['another_saw', 'consecrated', 'deaf_imbecile_minor', 'failed_slaughter', 'festival', 'hundred', 'hunted_of_any_kind', 'materials', 'mixed', 'not_with_the_foot', 'species', 'splashed_knife', 'state', 'unfit_slaughter', 'where']
def covering(q, **k):
        if q == 'species':
            sp = k.get('species')
            if sp in ('wild', 'bird'):
                return cell('cover_owed', I, '17:13 "who hunts a catch of WILD ANIMAL or BIRD which may be eaten... pour '
               

  sanctions.covering('another_saw')                                      {'v': 'liable_to_cover', 'p': 'MOVE', 'why': 'Sifra, Acharei Mot, Chapter 11 7 — the pourer himself covers, yet all others warned ("for the life of ALL flesh", 17:14) — Chullin 6:4', 'fx': ['cover_owed']}
  sanctions.covering('consecrated')                                      {'v': 'no_covering', 'p': 'MOVE', 'why': "Chullin 6:1 — common, not consecrated: Sifra, Acharei Mot, Chapter 11 6 (the sages: only slaughter fit for eating); the consecrated bird's blood is the altar's (17:11)", 'fx': ['—']}
  sanctions.covering('deaf_imbecile_minor')                              {'v': 'exempt', 'p': 'MOVE', 'why': 'Chullin 6:3 — by themselves: no valid slaughter presumed', 'fx': ['exempt']}
  sanctions.covering('failed_slaughter')                                 {'v': 'exempt', 'p': 'MOVE', 'why': '17:13 "and POUR OUT" — Sifra, Acharei Mot, Chapter 11 5: the slaughter that became carrion in his hand, the stabber, the wrencher excluded (Chullin 6:2)', 'fx': ['exempt']}
  sanctions.covering('festival')                                         {'v': ['Shammai_dig_with_the_spade', 'Hillel_only_with_prepared_dust', 'both_after_the_fact'], 'p': 'ANSWER-SHEET', 'why': "Beitzah 1:2 (= Eduyot 4:2) — the covering duty against the festival's work ban (Exod 12:16 [IMPORT]); the prepared-dust parameter", 'fx': ['cover_owed']}
  sanctions.covering('hundred')                                          {'v': 'one_covering', 'p': 'MOVE', 'why': '17:13 "wild animal OR bird" — each of any number: Sifra, Acharei Mot, Chapter 11 4 (a hundred in one place, one covering; beast and bird together, one; R. Yehuda: cover the animal\'s first)', 'fx': ['cover_owed']}
  sanctions.covering('hunted_of_any_kind')                               {'v': 'bought_inherited_gifted_self_trapped_all_covered', 'p': 'MOVE', 'why': '17:13 "a catch" — Sifra, Acharei Mot, Chapter 11 2: from any source (Chullin 6:1 prepared and unprepared); Rabbi\'s conduct rule: flesh by this preparation', 'fx': ['cover_owed']}
  sanctions.covering('materials')                                        'RAISED ValueError: materials'
  sanctions.covering('mixed')                                            {'v': ['view_as_water', 'R._Yehuda_blood_does_not_nullify_blood'], 'p': 'DATA', 'why': "Chullin 6:5 — a beast's or wild animal's blood", 'fx': ['cover_owed']}
  sanctions.covering('not_with_the_foot')                                {'v': 'not_with_the_foot_the_pourer_covers', 'p': 'MOVE', 'why': 'Sifra, Acharei Mot, Chapter 11 7 — "that the commandments not be despised upon him"', 'fx': ['cover_owed']}
  sanctions.covering('species')                                          'RAISED ValueError: species'
  sanctions.covering('splashed_knife')                                   {'v': ['liable', 'R._Yehuda_only_when_no_other_blood'], 'p': 'MOVE', 'why': 'Sifra, Acharei Mot, Chapter 11 9 — ALL its blood: splashed and knife blood (Chullin 6:6)', 'fx': ['cover_owed']}
  sanctions.covering('state')                                            'RAISED ValueError: state'
  sanctions.covering('unfit_slaughter')                                  {'v': ['R._Meir_liable', 'sages_exempt'], 'p': 'MOVE', 'why': 'Sifra, Acharei Mot, Chapter 11 6 VERBATIM — found torn, for idolatry, common inside, consecrated outside, the stoned bird and beast (Chullin 6:2)', 'fx': ['cover_owed']}
  sanctions.covering('where')                                            {'v': 'everywhere_with_and_without_the_House', 'p': 'INK', 'why': '17:13 binds the PERSON ("any man... who hunts"), where 17:3-9 bind the tent door — Chullin 6:1: in the Land and outside, before the House and not', 'fx': ['cover_owed']}
==== cold_run_sanctions.frame sig ('q',) (5195 chars) asks-in-source ['all_or_any', 'amorite_ways', 'canon_channel', 'compliance', 'court_warned', 'disqualified', 'festival_reading', 'karet_persons', 'land', 'lashes_discharge_karet', 'live_by_them', 'majority_threshold', 'nomoi', 'sanctify_yourselves', 'separate_species', 'sit_and_abstain', 'two_classes']
def frame(q, **k):
        if q == 'nomoi':
            return cell('their_civil_customs_not_their_buildings', M, '18:3 "in their STATUTES you shall not walk" — '
                        'Onkelos: their NOMOI; ' + SA + 'Section 8 8 / Chapter 13 8: thea

  sanctions.frame('all_or_any')                                          {'v': 'all_or_any_one', 'p': 'MOVE', 'why': '18:24 "defile not yourselves in ALL these" — Sifra, Acharei Mot, Chapter 13 16, 13 18: in all or in any one; the full inclusion census', 'fx': ['karet_cut_off']}
  sanctions.frame('amorite_ways')                                        {'v': ['R._Meir_remedy_permitted', 'sages_forbidden_even_on_a_weekday'], 'p': 'MOVE', 'why': "Shabbat 6:10 — the locust's egg, the fox's tooth, the nail from the crucified: the sages — the ways of the Amorite (the customs class of 18:3; the item list the Tosefta's, outside scope)", 'fx': ['—']}
  sanctions.frame('canon_channel')                                       {'v': {'judgments': 'dinim', 'statutes': 'midrashot', 'keep': 'Mishnah', 'walk_in_them': 'the_deed'}, 'p': 'MOVE', 'why': "Sifra, Acharei Mot, Section 8 9 — 18:4 read as the four strata (the data channel's self-label)", 'fx': ['—']}
  sanctions.frame('compliance')                                          {'v': 'I_can_but_my_Father_decreed', 'p': 'MOVE', 'why': 'Sifra, Kedoshim, Chapter 9 12 — R. Elazar ben Azariah; Onkelos 20:26 "to be servants before Me"', 'fx': ['—']}
  sanctions.frame('court_warned')                                        {'v': 'the_court_warned_over_the_charge', 'p': 'MOVE', 'why': '18:30 "keep My CHARGE" — Sifra, Acharei Mot, Chapter 13 22 (Onkelos: the charge of My Word); 13 4: "say to them" a warning to the court', 'fx': ['—']}
  sanctions.frame('disqualified')                                        {'v': 'disqualified_from_following_Me', 'p': 'MOVE', 'why': 'Sifra, Acharei Mot, Chapter 13 22 — "defile yourselves in them and you are DISQUALIFIED"', 'fx': ['disqualified']}
  sanctions.frame('festival_reading')                                    {'v': 'Acharei_Mot_on_the_Day', 'p': 'ANSWER-SHEET', 'why': "Megillah 3:5 — the Day of Atonement reads Lev 16 (the parashah's name; the moadim engine's context)", 'fx': ['—']}
  sanctions.frame('karet_persons')                                       {'v': 'man_and_woman_the_doers_not_the_approach', 'p': 'INK', 'why': '18:29 "the SOULS that DO them shall be cut off" — Sifra, Acharei Mot, Chapter 13 20-21: both sexes; the doers, not the mere approach', 'fx': ['karet_cut_off']}
  sanctions.frame('land')                                                {'v': 'the_land_vomits_its_inhabitants', 'p': 'INK', 'why': '18:25, 18:28, 20:22 — the vomit verb at [(18, 25), (18, 28), (20, 22)]: "I visited its iniquity upon it" (Onkelos: I reckoned); Sifra, Acharei Mot, Chapter 13 16, 13 19 — the opened ledger, the land liable to exile; Sifra, Kedoshim, Chapte
  sanctions.frame('lashes_discharge_karet')                              {'v': ['discharged_R._Chananya_b._Gamliel'], 'p': 'ANSWER-SHEET', 'why': 'Makkot 3:15 — "your brother shall be degraded... once lashed he is your brother" (Deut 25:3 [IMPORT])', 'fx': ['lashes']}
  sanctions.frame('live_by_them')                                        {'v': 'transgress_and_live', 'p': 'MOVE', 'why': '18:5 — told privately "worship or be killed": he transgresses and lives (Sifra, Acharei Mot, Chapter 13 13); Onkelos 18:5 "to eternal life" beside it', 'fx': ['—']}
  sanctions.frame('majority_threshold')                                  {'v': 'most_of_the_windpipe_vs_half_a_hairs_breadth', 'p': 'MOVE', 'why': 'Sifra, Kedoshim, Chapter 9 9 — "between the pure FOR YOU and the impure FOR YOU": most of the windpipe cut vs half — a hair\'s breadth between (the transmitted tolerance = data)', 'fx': ['—']}
  sanctions.frame('nomoi')                                               {'v': 'their_civil_customs_not_their_buildings', 'p': 'MOVE', 'why': '18:3 "in their STATUTES you shall not walk" — Onkelos: their NOMOI; Sifra, Acharei Mot, Section 8 8 / Chapter 13 8: theaters, circuses, the Amorite ways; NOT their buildings and plantings', 'fx': ['—']}
  sanctions.frame('sanctify_yourselves')                                 {'v': 'the_idolatry_separation', 'p': 'MOVE', 'why': 'Sifra, Kedoshim, Chapter 10 2 — 20:7 read of idolatry specifically (19:2 carries the all-commandments reading)', 'fx': ['—']}
  sanctions.frame('separate_species')                                    {'v': 'impure', 'p': 'IMPORT', 'why': '20:25 "SEPARATE between the pure beast and the impure" — CALLED cold_run_shemini.classify (the Lev 11 signs) -> \'impure\'', 'fx': ['—']}
  sanctions.frame('sit_and_abstain')                                     {'v': 'rewarded_as_one_who_did_a_commandment', 'p': 'INK', 'why': 'Makkot 3:15 — R. Shimon FROM ITS OWN PLACE: "the souls that DO shall be cut off" (18:29) and "which a man shall DO and live" (18:5) — the two DO tokens censused ((True, True)): whoever sits and does not transgress is rewarded', 'fx':
  sanctions.frame('two_classes')                                         {'v': {'judgments': 'reason_would_have_written', 'statutes': 'decreed_no_permission_to_object'}, 'p': 'MOVE', 'why': 'Sifra, Acharei Mot, Chapter 13 9 — 18:4-5: theft, the unions, idolatry, blasphemy, bloodshed vs pig, mixed cloth, the levirate release, the leper, the red cow, the dispatched goat', 
==== cold_run_sanctions.carcass sig ('q',) (3393 chars) asks-in-source ['beast_carcass', 'effect', 'equality_test', 'failure', 'garments_boundary', 'impure_species', 'lashes_for_eating', 'minimum', 'pinching', 'slaughtered', 'where_defiles', 'who']
def carcass(q, **k):
        if q == 'who':
            return cell('citizen_and_convert_not_the_resident_alien', I, ('17:15 "the citizen and the convert" (%s) — ' + SA +
                        'Chapter 12 1 (the covenant member)') % (c_ger[4],), ['im

  sanctions.carcass('beast_carcass')                                     {'v': 'defiles_before_eating_no_swallow_rule', 'p': 'MOVE', 'why': 'Sifra, Acharei Mot, Chapter 12 5-6 — the beast carcass from Lev 22:8\'s carve [IMPORT — L5]; "by it" — the bird alone at the throat', 'fx': ['impure_until_evening']}
  sanctions.carcass('effect')                                            {'v': 'washes_garments_bathes_impure_until_evening_then_pure', 'p': 'INK', 'why': '17:15 "he shall wash his garments and bathe in water and be impure until evening, and be pure"', 'fx': ['washes_and_bathes', 'impure_until_evening']}
  sanctions.carcass('equality_test')                                     {'v': 'what_binds_citizen_and_convert_equally', 'p': 'MOVE', 'why': "Sifra, Acharei Mot, Chapter 12 11 — the Others' test", 'fx': ['—']}
  sanctions.carcass('failure')                                           {'v': 'forty_lashes', 'p': 'MOVE', 'why': 'Sifra, Acharei Mot, Chapter 12 13 — failing to launder the GARMENTS = forty: one verse, two organs, two sanctions', 'fx': ['lashes']}
  sanctions.carcass('garments_boundary')                                 {'v': 'garments_and_vessels_as_garments_yes_man_and_earthenware_no', 'p': 'MOVE', 'why': 'Sifra, Acharei Mot, Chapter 12 12 — the eater with one hand on the oven and one on his fellow: both stay pure (12 13)', 'fx': ['defiles_garments']}
  sanctions.carcass('impure_species')                                    {'v': ['excluded_sages_carcass_AND_torn', 'excluded_R._Yehuda'], 'p': 'MOVE', 'why': 'Sifra, Acharei Mot, Chapter 12 7 — a species that HAS a torn-state is meant; the impure bird has none', 'fx': ['—']}
  sanctions.carcass('lashes_for_eating')                                 {'v': 'lashed', 'p': 'IMPORT', 'why': 'Makkot 3:2 — the eater of carcass and torn: the ban is Deut 14:21 / Exod 22:30 [IMPORT]; 17:15 writes the impurity, not the ban', 'fx': ['lashes']}
  sanctions.carcass('minimum')                                           {'v': 'olive', 'p': 'DATA', 'why': 'Sifra, Acharei Mot, Chapter 12 2 — eating = an olive-bulk (the data channel); "carcass" excludes beak, claws, wings, feathers, eggs', 'fx': ['—']}
  sanctions.carcass('pinching')                                          {'v': ['purifies_R._Meir', 'does_not_R._Yosei_dayo'], 'p': 'MOVE', 'why': 'Sifra, Acharei Mot, Chapter 12 9 — DAYO: enough for the bird to be like the beast carcass (slaughter purifies, pinching does not); the inside-pinched excluded (12 10: it permits the forbidden)', 'fx': ['—']}
  sanctions.carcass('slaughtered')                                       {'v': 'excluded', 'p': 'MOVE', 'why': 'Sifra, Acharei Mot, Chapter 12 8 — R. Yehuda: "torn" is never redundant, so "carcass" comes to exclude the slaughtered', 'fx': ['—']}
  sanctions.carcass('where_defiles')                                     {'v': 'swallow_house_only', 'p': 'MOVE', 'why': 'Sifra, Acharei Mot, Chapter 12 3-4 — THE SWALLOW-HOUSE: neither in the bowels nor in the mouth, only at the throat ("soul" = where the soul-house is); nor on the way out (Zavim 5:9 routed here)', 'fx': ['defiles_garments']}
  sanctions.carcass('who')                                               {'v': 'citizen_and_convert_not_the_resident_alien', 'p': 'INK', 'why': '17:15 "the citizen and the convert" ((17, 15)) — Sifra, Acharei Mot, Chapter 12 1 (the covenant member)', 'fx': ['impure_until_evening']}
==== cold_run_holiness.gifts sig ('q',) (16196 chars) asks-in-source ['all_small', 'ant_holes', 'attached', 'consecrated_before_known', 'contractor', 'copy_23_22', 'count', 'divides', 'doubt', 'ear_reaching', 'field_minimum', 'floor', 'for_named_poor', 'four_reasons', 'gentile_gifts_tithed', 'heap', 'identity', 'implication_tithes', 'kinds', 'leket', 'measure', 'moment', 'no_sickles', 'olelet', 'olelet_edges', 'owners', 'patches', 'peret', 'poor_at_the_hour', 'poor_defined', 'position', 'reaped_by', 'recipients', 'renunciation', 'robs_the_poor', 'seizing', 'thinning', 'three_times', 'trees', 'trellis', 'trusted', 'window_end', 'window_open_to_all']
def gifts(q, **k):
        if q == 'kinds':
            return cell(sorted(GIFTS_INK), I, 'the four gift-nouns of 19:9-10 (corner %s, gleanings %s, small clusters %s, '
                        'fallen grapes %s); the forgotten sheaf and olive are Deut 

  holiness.gifts('all_small')                                            {'v': ['R._Akiva_the_poor', 'R._Eliezer_the_owner', 'no_claim_before_the_harvest'], 'p': 'MOVE', 'why': 'Sifra, Kedoshim, Chapter 3 1 VERBATIM (Peah 7:7) — the two verses argued: Deut 24:21 "when you cut" vs 19:10 "your vineyard"', 'fx': ['left_for_the_poor']}
  holiness.gifts('ant_holes')                                            {'v': {'in_the_standing_crop': 'owner', 'behind_the_reapers_upper': 'poor', 'behind_the_reapers_lower': 'owner', 'R._Meir': 'all_poor_doubtful_leket_is_leket'}, 'p': 'MOVE', 'why': 'Peah 4:11 — Sifra, Kedoshim, Chapter 3 7: the doubt runs to the poor', 'fx': ['left_for_the_poor']}
  holiness.gifts('attached')                                             {'v': 'given_attached_to_the_ground_the_poor_scramble', 'p': 'MOVE', 'why': '19:10 "you shall LEAVE them" — Sifra, Kedoshim, Chapter 3 5: lay them down and the poor scramble; even ninety-nine for division against one for the scramble — the one is heeded (Peah 4:1)', 'fx': ['left_for_the_poor']}
  holiness.gifts('consecrated_before_known')                             {'v': 'not_the_poors_before_known_the_poors_after', 'p': 'ANSWER-SHEET', 'why': "Peah 7:8 — the duty's moment on the clusters", 'fx': ['left_for_the_poor']}
  holiness.gifts('contractor')                                           {'v': 'barred_from_the_gifts_R._Yehuda_carve', 'p': 'ANSWER-SHEET', 'why': "Peah 5:5 — the reaper's share is not his field", 'fx': ['—']}
  holiness.gifts('copy_23_22')                                           {'v': 'the_Emor_copy_omits_the_vineyard', 'p': 'INK', 'why': "Lev 23:22 repeats 19:9-10 with the vineyard clauses absent: token diff (['בקצרך'], ['לקצר', 'וכרמך', 'תעולל', 'ופרט', 'כרמך']) — the grain gifts restated at the festivals, the vine gifts written once", 'fx': ['—']}
  holiness.gifts('count')                                                "RAISED KeyError: 'n'"
  holiness.gifts('divides')                                              "RAISED KeyError: 'feature'"
  holiness.gifts('doubt')                                                {'v': 'to_the_poor', 'p': 'MOVE', 'why': 'Sifra, Kedoshim, Chapter 3 7 — doubt-gleaning is gleaning, doubt-forgotten forgotten, doubt-corner corner', 'fx': ['left_for_the_poor']}
  holiness.gifts('ear_reaching')                                         {'v': 'reaped_with_the_standing_owner_else_poor', 'p': 'ANSWER-SHEET', 'why': 'Peah 5:2', 'fx': ['—']}
  holiness.gifts('field_minimum')                                        {'v': {'R._Eliezer': 'quarter_kav_ground', 'R._Yehoshua': 'yields_two_seahs', 'R._Tarfon': 'six_by_six', 'R._Yehuda_b._Beteira': 'enough_to_reap_and_repeat_THE_LAW', 'R._Akiva': 'any_ground'}, 'p': 'DATA', 'why': 'Peah 3:6 — the threshold is data with the ruled setting recorded', 'fx': ['—']}
  holiness.gifts('floor')                                                {'v': 'one_sixtieth_by_field_poor_and_humility', 'p': 'DATA', 'why': 'Mishnah Peah 1:2 — "not less than one-sixtieth, though they said it has no measure"; Sifra, Kedoshim, Chapter 1 9: the last sixtieth must stand; the three scaling factors data', 'fx': ['left_for_the_poor']}
  holiness.gifts('for_named_poor')                                       {'v': ['R._Eliezer_acquired', 'sages_to_the_first_poor_found'], 'p': 'MOVE', 'why': 'Peah 4:9 — Sifra, Kedoshim, Chapter 2 6: not FOR one poor over the rest', 'fx': ['left_for_the_poor']}
  holiness.gifts('four_reasons')                                         {'v': ['robbery_of_the_poor', 'idling_of_the_poor', 'appearances', 'the_Torah_said_so'], 'p': 'MOVE', 'why': "Sifra, Kedoshim, Chapter 1 10 — R. Shimon's four reasons the corner sits at the end", 'fx': ['—']}
  holiness.gifts('gentile_gifts_tithed')                                 {'v': 'liable_to_tithes_unless_renounced', 'p': 'ANSWER-SHEET', 'why': 'Peah 4:9', 'fx': ['—']}
  holiness.gifts('heap')                                                 {'v': 'what_touches_the_ground_the_poor_wind_estimate', 'p': 'MOVE', 'why': 'Peah 5:1 — Sifra, Kedoshim, Chapter 3 7 (wind-scattered after separation: the poor keep gain and loss; the estimate data)', 'fx': ['left_for_the_poor']}
  holiness.gifts('identity')                                             "RAISED KeyError: 'kinds'"
  holiness.gifts('implication_tithes')                                   {'v': 'corner_implies_tithes_not_the_reverse', 'p': 'MOVE', 'why': "Mishnah Niddah 6:6 — the corner's five predicates contain the tithe's three (food, guarded, land-grown); gathered-as-one and stored are the extra two", 'fx': ['—']}
  holiness.gifts('kinds')                                                {'v': ['corner', 'fallen_grapes', 'gleanings', 'small_clusters'], 'p': 'INK', 'why': "the four gift-nouns of 19:9-10 (corner [9, 27], gleanings [9, 10], small clusters [10], fallen grapes [10]); the forgotten sheaf and olive are Deut 24:19-20's [IMPORT], the poor tithe Deut 14:28's", 'fx': ['left_fo
  holiness.gifts('leket')                                                "RAISED KeyError: 'position'"
  holiness.gifts('measure')                                              {'v': 'no_measure_in_the_ink', 'p': 'INK', 'why': '19:9 writes "you shall not FINISH the corner" and no fraction — the quantity is a PARAMETER (Mishnah Peah 1:1: the corner has no measure)', 'fx': ['left_for_the_poor']}
  holiness.gifts('moment')                                               "RAISED KeyError: 'state_at_reaping'"
  holiness.gifts('no_sickles')                                           {'v': 'no_sickles_or_axes_that_they_not_strike_each_other', 'p': 'MOVE', 'why': "Peah 4:4 — a fence on the scramble (Sifra, Kedoshim, Chapter 3 6's danger reasoning)", 'fx': ['—']}
  holiness.gifts('olelet')                                               {'v': 'small_cluster_the_poor', 'p': 'MOVE', 'why': '"you shall not glean small clusters" (19:10) — Sifra, Kedoshim, Chapter 3 3 VERBATIM: no shoulder and no drip', 'fx': ['left_for_the_poor']}
  holiness.gifts('olelet_edges')                                         {'v': {'knee_cluster_cut_with_the_main': 'owner', 'single_grape': ['R._Yehuda_cluster', 'sages_small_cluster']}, 'p': 'ANSWER-SHEET', 'why': 'Peah 7:4', 'fx': ['—']}
  holiness.gifts('owners')                                               "RAISED KeyError: 'case'"
  holiness.gifts('patches')                                              "RAISED KeyError: 'case'"
  holiness.gifts('peret')                                                {'v': 'what_falls_at_the_cutting', 'p': 'MOVE', 'why': '"the fallen grapes of your vineyard" (19:10) — Sifra, Kedoshim, Chapter 3 2 VERBATIM: only what falls BY THE CUTTING; stem-cut, tangled, scattered — the owner\'s (Peah 7:3)', 'fx': ['left_for_the_poor']}
  holiness.gifts('poor_at_the_hour')                                     {'v': ['sages_he_was_poor_then', 'R._Eliezer_takes_and_repays'], 'p': 'INK', 'why': '19:10 "to the POOR" — the status at the moment (Peah 5:4)', 'fx': ['left_for_the_poor']}
  holiness.gifts('poor_defined')                                         {'v': 'takes', 'p': 'DATA', 'why': 'Peah 8:8 — two hundred less a dinar takes even if a thousand come at once; mortgaged takes; not forced to sell house or tools', 'fx': ['left_for_the_poor']}
  holiness.gifts('position')                                             {'v': 'attaches_at_the_finish_start_or_middle_counts_if_the_end_holds_the_measure', 'p': 'MOVE', 'why': '19:9 "you shall not FINISH" — Sifra, Kedoshim, Chapter 1 9: the corner attaches at the finish, needs a name, sits at the end; given at start or middle it counts (Peah 1:3; R. Shimon\'s end-measur
  holiness.gifts('reaped_by')                                            "RAISED KeyError: 'who'"
  holiness.gifts('recipients')                                           {'v': 'the_poor_and_the_convert_not_the_resident_alien', 'p': 'INK', 'why': '19:10 "to the POOR and the CONVERT you shall leave them" ([10]) — Sifra, Kedoshim, Chapter 3 4: the convert a covenant member, not the resident alien', 'fx': ['left_for_the_poor']}
  holiness.gifts('renunciation')                                         {'v': ['Hillel_to_the_rich_too_like_the_seventh_year', 'Shammai_to_the_poor_suffices'], 'p': 'MOVE', 'why': '19:10 "leave them to the poor and the convert" is a GIFT with named recipients; Exod 23:11\'s release is to all [IMPORT] — Hillel keeps the two apart (Peah 6:1 = Eduyot 4:3)', 'fx': ['left_fo
  holiness.gifts('robs_the_poor')                                        "RAISED KeyError: 'case'"
  holiness.gifts('seizing')                                              {'v': 'threw_on_the_rest_nothing_fell_or_cloak_removed', 'p': 'ANSWER-SHEET', 'why': 'Peah 4:3 — the poor acquire by the hand, not by covering; likewise leket and the forgotten sheaf', 'fx': ['—']}
  holiness.gifts('thinning')                                             {'v': ['R._Yehuda_as_his_own', 'R._Meir_not_the_poors'], 'p': 'MOVE', 'why': 'Peah 7:5 — Sifra, Kedoshim, Chapter 3 1', 'fx': ['—']}
  holiness.gifts('three_times')                                          {'v': ['morning', 'noon', 'afternoon'], 'p': 'DATA', 'why': 'Peah 4:5 — Rabban Gamliel not fewer, R. Akiva not more; the house of Namer per row', 'fx': ['left_for_the_poor']}
  holiness.gifts('trees')                                                {'v': ['sumac', 'carobs', 'nuts', 'almonds', 'vines', 'pomegranates', 'olives', 'dates'], 'p': 'MOVE', 'why': 'Sifra, Kedoshim, Chapter 1 8 VERBATIM — the tree census (Peah 1:5); the fig fails "gathered as one"', 'fx': ['left_for_the_poor']}
  holiness.gifts('trellis')                                              {'v': 'the_owner_brings_down_and_divides_even_ninety_nine_against_one', 'p': 'MOVE', 'why': 'Sifra, Kedoshim, Chapter 3 5-6 — the danger class (the trellised vine, the palm; R. Shimon the smooth nuts): division (Peah 4:1-2)', 'fx': ['left_for_the_poor']}
  holiness.gifts('trusted')                                              {'v': 'in_their_season_the_Levite_always', 'p': 'ANSWER-SHEET', 'why': 'Peah 8:2 — presumption rules', 'fx': ['—']}
  holiness.gifts('window_end')                                           {'v': 'until_the_smoothing', 'p': 'ANSWER-SHEET', 'why': "Mishnah Peah 1:6 — the corner given and tithes exempt until he SMOOTHS the pile (the tithe threshold Maasrot's [ROUTED])", 'fx': ['left_for_the_poor']}
  holiness.gifts('window_open_to_all')                                   {'v': {'gleanings': 'after_the_last_gleaners', 'peret_and_olelot': 'after_the_poor_went_and_came_back', 'olives': 'after_the_second_rainfall'}, 'p': 'DATA', 'why': "Peah 8:1 — the poor's window closes when the poor have left (times data)", 'fx': ['—']}
==== cold_run_holiness.wage sig ('q',) (3497 chars) asks-in-source ['assigned', 'claimed', 'clock', 'first_morning', 'hire_kinds', 'in_kind', 'oppression_class', 'resident_alien', 'shopkeeper_ledger', 'who_swears']
def wage(q, **k):
        if q == 'oppression_class':
            return cell('the_money_class_the_wage_withholder', M, '19:13 "oppress not... rob not" — ' + SK + 'Section 2 9: '
                        'oppression bounded to the MONEY class by "you sh

  holiness.wage('assigned')                                              {'v': 'no_violation_the_employer_clear', 'p': 'MOVE', 'why': 'Sifra, Kedoshim, Section 2 11 — assigned to the shopkeeper or the money-changer (Bava Metzia 9:12); the claim now lies against the shopkeeper (Shevuot 7:5)', 'fx': ['exempt']}
  holiness.wage('claimed')                                               "RAISED KeyError: 'claimed'"
  holiness.wage('clock')                                                 "RAISED KeyError: 'worker'"
  holiness.wage('first_morning')                                         {'v': 'the_first_morning_only', 'p': 'INK', 'why': '19:13 "shall not stay overnight with you UNTIL MORNING" ([\'תעשק\', \'תגזל\', \'תלין\', \'פעלת\', \'שכיר\', \'בקר\']) — Sifra, Kedoshim, Section 2 10: the first morning; after it a standing debt, no new violation', 'fx': ['wage_due_by_morning']}
  holiness.wage('hire_kinds')                                            {'v': ['man', 'beast', 'tools', 'land'], 'p': 'MOVE', 'why': '19:13 "the WORK of a hired one" — Sifra, Kedoshim, Section 2 9: beast hire, tool hire, land hire (Bava Metzia 9:12: man, beast, tools)', 'fx': ['wage_due_by_morning']}
  holiness.wage('in_kind')                                               {'v': 'not_heeded', 'p': 'ANSWER-SHEET', 'why': 'Bava Metzia 10:5 — "take what you made as your wage": payment in kind against the worker\'s will does not discharge (Sifra, Kedoshim, Section 2 10\'s by-your-will)', 'fx': ['wage_due_by_morning']}
  holiness.wage('oppression_class')                                      {'v': 'the_money_class_the_wage_withholder', 'p': 'MOVE', 'why': '19:13 "oppress not... rob not" — Sifra, Kedoshim, Section 2 9: oppression bounded to the MONEY class by "you shall not rob"; Onkelos: oppress not, coerce not', 'fx': ['wage_due_by_morning']}
  holiness.wage('resident_alien')                                        {'v': 'under_on_his_day_not_under_until_morning', 'p': 'ANSWER-SHEET', 'why': 'Bava Metzia 9:12 — the resident alien: Deut 24:14 "of your convert" [IMPORT] yes; 19:13 "your NEIGHBOR" ([13]) no', 'fx': ['wage_due_by_morning']}
  holiness.wage('shopkeeper_ledger')                                     {'v': ['both_swear_and_take', 'ben_Nannas_both_take_without_an_oath'], 'p': 'ANSWER-SHEET', 'why': 'Shevuot 7:5 — "give my worker a sela" — he says I gave, they say we did not take', 'fx': ['oath_imposed']}
  holiness.wage('who_swears')                                            {'v': 'the_hired_man_swears_and_takes_in_his_time', 'p': 'ANSWER-SHEET', 'why': "Shevuot 7:1 / Bava Metzia 9:12 — the wage clause reverses the oath's direction; past his time not, unless witnesses saw him claim; R. Yehuda: with a partial admission", 'fx': ['oath_imposed']}
==== cold_run_holiness.warning sig ('offense',) (695 chars) asks-in-source []
def warning(offense):
        """Sifra Kedoshim Section 2 1, 3 — THE WARNING-COMPLETION MOVE: this chapter supplies the
        missing warning for punishments written elsewhere."""
        m = {'theft': ('19:11 you shall not steal', 'Exod 22:3 double 

==== cold_run_food_tithe.the_third_year sig ('case', 'data') (20251 chars) asks-in-source ['ezras_penalty', 'one_tithe_not_two', 'the_animal_tithe_now', 'the_convert_at_the_gate', 'the_courtyard_from_your_gates', 'the_four_in_want', 'the_gifts_exempt', 'the_levite_never_interrupted', 'the_measures', 'the_removal_date', 'the_resident_alien_at_the_gate', 'the_seventh_year_by_the_cycle', 'the_tithes_new_year', 'the_uses_barred']
def the_third_year(case, data):
        """F7 — Deut 14:28-29 — THE LINE third_year_tithe_declared writing poor_tithe_owed (a STATUS — one tithe not two, the Levite never interrupted); THE PARAMETER the_removal_date (the eve of the last festiva

  food_tithe.the_third_year({ask:ezras_penalty})                         ("Ezra's penalty (14:29) — the first tithe's recipient disputed (Yevamot 86a:1, 86a:14), Ezra's penalty on the Levites who did not come up (86b:4-7; KO.the_tithe by CALL): the priest who takes the first tithe after Ezra accepted", ['accepted'])
  food_tithe.the_third_year({ask:one_tithe_not_two})                     ("one tithe not two (14:28) — the poor man's tithe replaces the second in the third and the sixth year (the Sifrei 109:5, 109:10-11; Rosh Hashanah 12b:1-5), the Levite never interrupted (KO.the_tithe by CALL): THE WRITE poor_tithe_owed — a STATUS on Israel at the chapter's own day; the readback row 
  food_tithe.the_third_year({ask:the_animal_tithe_now})                  ("the animal tithe now (14:23) — decreed away in the present (Bekhorot 53b:5); the tenth an ordinal (Mishnah Bekhorot 9:7 — TM.tithe by CALL), the naming's error (YO.tithe_naming): the herdsman today exempt", ['exempt'])
  food_tithe.the_third_year({ask:the_convert_at_the_gate})               ("the convert at the gate (14:29) — 14:29's sojourner the convert (Onkelos; the Sifrei 110:2), a son of the covenant among the four in want (Yevamot 47b; ST, HO by CALL): the convert at the gate accepted", ['accepted'])
  food_tithe.the_third_year({ask:the_courtyard_from_your_gates})         ("the courtyard from 'your gates' (14:29) — the liability by the house (R. Yannai) or the courtyard (R. Yochanan, from 'in your gates') — Bava Metzia 88a:1-2; KO.the_tithe 'thresholds' by CALL: the one whose produce entered the courtyard through its gate accepted as liable", ['accepted'])
  food_tithe.the_third_year({ask:the_four_in_want})                      ('the four in want (14:29) — the Levite, the sojourner, the fatherless and the widow shall come and eat and be satisfied (the Sifrei 110:1-2 — I3; ST by CALL, stranger_love_commanded Deut 10:17 by kind): the widow at the gate accepted', ['accepted'])
  food_tithe.the_third_year({ask:the_gifts_exempt})                      ('the gifts exempt (14:28-29) — the corner, the gleanings and the forgotten sheaf owe no tithe (the Sifrei 109:12; HO.gifts by CALL — the window until the smoothing; the import table names 14:28): the owner who leaves the corner and does not tithe it — left for the poor', ['left_for_the_poor'])
  food_tithe.the_third_year({ask:the_levite_never_interrupted})          ("the Levite never interrupted (14:29) — the first tithe every year, the third too (Rosh Hashanah 12b:4 — R. Yehuda from 'and the Levite shall come', R. Eliezer ben Yaakov from the inheritance): the Levite in the third year accepted", ['accepted'])
  food_tithe.the_third_year({ask:the_measures})                          ("the measures (14:29) — not less than half a kav of wheat, a kav of barley at the threshing floor (Mishnah Peah 8:5-6; Tosefta Peah 4:2, 4:8-10 — 'sufficient for his lack'; HO.gifts by CALL who is poor): the poor man given half a kav of wheat accepted", ['accepted'])
  food_tithe.the_third_year({ask:the_removal_date})                      ("the removal's date (14:28) — the eve of the last festival day of Passover of the fourth and the seventh year (Mishnah Maaser Sheni 5:6; the Sifrei 109:1-3 — I2 with 31:10): THE PARAMETER the_removal_date, the date the calendar's own key; the one who removes the tithes on that eve accepted", ['acce
  food_tithe.the_third_year({ask:the_resident_alien_at_the_gate})        ("the resident alien at the gate (14:21, 14:29) — 14:21's person, sustained with the carcass, not among the four in want (SA.carcass 'who', HO.gifts 'recipients' by CALL): the resident alien at the gate exempt from the poor man's tithe", ['exempt'])
  food_tithe.the_third_year({ask:the_seventh_year_by_the_cycle})         ("the seventh year by the cycle (14:28) — the third and the sixth work years, the seventh the sabbath of the land (YO.cycle by CALL; CA.sabbatical 'land released in year 7'; the Sifrei 109:4): the one who would tithe the seventh year's produce exempt", ['exempt'])
  food_tithe.the_third_year({ask:the_tithes_new_year})                   ("the tithes' new year (14:28) — Tishri 1 with the first third beside it, the tree's the fifteenth of Shevat (Rosh Hashanah 12a:6-9, 12b:9-11, 13a:3; Mishnah Rosh Hashanah 1:1): THE PARAMETER the_tithes_new_year; the one who tithes by the first third accepted", ['accepted'])
  food_tithe.the_third_year({ask:the_uses_barred})                       ("the uses barred (14:29) — no debt, no ransom, no wedding gift, no charity from the poor man's tithe (Tosefta Peah 4:16); its non-separation makes untithed produce (Yevamot 86a:4): the poor man who pays a debt from it barred from it", ['barred_from_it'])
==== cold_run_food_tithe.the_second_tithe sig ('case', 'data') (14582 chars) asks-in-source ['heavens_property', 'learn_to_fear', 'named_the_second', 'the_exiles_arm', 'the_firstling', 'the_firstling_from_outside', 'the_house_standing', 'the_liabilities', 'the_wall_two_capacities', 'the_year_passed', 'year_by_year']
def the_second_tithe(case, data):
        """F5 — Deut 14:22-23 — THE LINE second_tithe_declared writing second_tithe_owed (a STATUS — NAMED THE SECOND by the shelf, 105:2; the liabilities from the verse's clauses; three conditions for the eati

  food_tithe.the_second_tithe({ask:heavens_property})                    ("Heaven's property (14:23) — the second tithe Heaven's as ruled (Kiddushin 54b:4 — per R. Meir); not sold, not pledged, not exchanged, not weighed against (Mishnah Maaser Sheni 1:1): the one who sells the second tithe barred from it", ['barred_from_it'])
  food_tithe.the_second_tithe({ask:learn_to_fear})                       ("learn to fear (14:23) — the eating in Jerusalem teaches fear (the Sifrei 106:6): the status's ground; the one who eats the tithe in Jerusalem and learns accepted", ['accepted'])
  food_tithe.the_second_tithe({ask:named_the_second})                    ("named the second (14:22) — 'tithe, you shall tithe' the second tithe at its first seat (the Sifrei 105:2; the first the Levite's — KO.the_tithe by CALL, tithe_granted unmoved; PN's two tithes by CALL): THE WRITE second_tithe_owed — a STATUS on Israel at the chapter's own day; the readback row 14:2
  food_tithe.the_second_tithe({ask:the_exiles_arm})                      ("the exile's arm (14:23) — no Temple: the produce left to rot, the animal buried with its hide (Mishnah Maaser Sheni 1:5-6; the eras table by CALL): the one in exile who buries it with its hide accepted", ['accepted'])
  food_tithe.the_second_tithe({ask:the_firstling})                       ('the firstling (14:23) — holy, not redeemed, given on the eighth day, eaten two days and a night (OR.firstling, KO.the_gifts by CALL; Bekhorot 34a-35a the blemish): the priest who eats the firstling within its window accepted', ['accepted'])
  food_tithe.the_second_tithe({ask:the_firstling_from_outside})          ('the firstling from outside (14:23) — not brought from outside the Land (the Sifrei 106:2; Temurah 21b:3): the one who brings a firstling from Babylonia exempt', ['exempt'])
  food_tithe.the_second_tithe({ask:the_house_standing})                  ('the House standing (14:23) — the second tithe eaten only while the House stands, from its juxtaposition with the firstling (the Sifrei 106:4; Temurah 21a:17; KO.the_gifts by CALL): the one who eats it in Jerusalem with no Temple standing barred from it', ['barred_from_it'])
  food_tithe.the_second_tithe({ask:the_liabilities})                     ("the liabilities (14:22) — the yield of your seed, the field, year by year: food, guarded, grown from the ground (the Sifrei 105:1-19; Mishnah Maasrot 1:1 — KO.the_tithe by CALL), the thresholds the pile smoothed (KO 'thresholds'): the one who eats a casual snack before the pile is smoothed exempt"
  food_tithe.the_second_tithe({ask:the_wall_two_capacities})             ("the wall's two capacities (14:23) — within the wall of Jerusalem (the Sifrei 106:3; Mishnah Zevachim 5:8): for eating Torah law, for admission rabbinic (Makkot 20a:7; PN by CALL): the one who eats the second tithe outside the wall lashed", ['lashes'])
  food_tithe.the_second_tithe({ask:the_year_passed})                     ("the year passed (14:23) — 'all the days': no bar from the passing of the year (the Sifrei 106:5; Zevachim 29b:2): the one who brings the second tithe after its year accepted", ['accepted'])
  food_tithe.the_second_tithe({ask:year_by_year})                        ("year by year (14:22) — no tithing from one year's produce for another's (the Sifrei 105:16-19); the tithes' new year Tishri 1 with the first third (Rosh Hashanah 12a:6-9, 12b:9-11 — THE PARAMETER the_tithes_new_year): the one who tithes from the new for the old barred from it", ['barred_from_it'])
==== cold_run_food_tithe.the_far_place_the_money_the_rejoicing_and_the_levite sig ('case', 'data') (14214 chars) asks-in-source ['shiloh_and_the_house', 'the_class_from_the_four', 'the_containers', 'the_far_place', 'the_levites_ladder', 'the_moneys_form', 'the_possession', 'the_rejoicing', 'the_three_moneys']
def the_far_place_the_money_the_rejoicing_and_the_levite(case, data):
        """F6 — Deut 14:24-27 — the far place of place not time (12:21's clause by CALL); THE PARAMETER the_moneys_form (R. Yishmael the blank / R. Akiva the imprint; THE POS

  food_tithe.the_far_place_the_money_the_rejoicing_and_the_levite({ask:shiloh_and_the_house}) ('Shiloh and the House (14:25) — the place which He will choose: Shiloh and the House of Eternity (the Sifrei 107:6; the eras table by CALL — PN.the_place_chosen): the one who brings the tithe to Shiloh in its era accepted', ['accepted'])
  food_tithe.the_far_place_the_money_the_rejoicing_and_the_levite({ask:the_class_from_the_four}) ("the class from the four (14:26) — general, particular, general: fruit from fruit, growing from the ground, kept by the land (the Sifrei 107:8-11; Bava Kamma 54b:20; NAZIR 35b:3 — the chapter's verse the source of the method): water and salt out (Eruvin 26b:18; Maaser Sheni 1:5); the one who buys w
  food_tithe.the_far_place_the_money_the_rejoicing_and_the_levite({ask:the_containers}) ('the containers (14:26) — cattle with its hide, sheep with its fleece, wine with its jar, strong drink fermented (Eruvin 27b:3 — Ben Bag Bag; Mishnah Maaser Sheni 1:3-4, 3:12-13): the one who buys wine in its jars accepted', ['accepted'])
  food_tithe.the_far_place_the_money_the_rejoicing_and_the_levite({ask:the_far_place}) ("the far place (14:24) — of place not time, any distance, the rich too (the Sifrei 107:1-3; 12:21's clause by CALL — PN.the_border_enlarged_and_the_altar 'too_far'): the rich man whose way is too long accepted", ['accepted'])
  food_tithe.the_far_place_the_money_the_rejoicing_and_the_levite({ask:the_levites_ladder}) ("the Levite's ladder (14:27) — 'you shall not forsake him' with four sources (10:9, 12:12, 12:19, Numbers 18:20-24 by CALL — ST, PN, KO; 14:29 the fourth; the Sifrei 108:1): levite_forsaking_barred REUSED — a second entry on Israel (12:19's the first)", ['levite_forsaking_barred'])
  food_tithe.the_far_place_the_money_the_rejoicing_and_the_levite({ask:the_moneys_form}) ("the money's form (14:25) — the blank (R. Yishmael) / the imprint (R. Akiva) at Bava Metzia 47b:5; Mishnah Eduyot 3:2: THE PARAMETER the_moneys_form, the coined arm the answer sheet's; the one who redeems with a blank coin barred from it, R. Yishmael's arm recorded", ['barred_from_it'])
  food_tithe.the_far_place_the_money_the_rejoicing_and_the_levite({ask:the_possession}) ("the possession (14:25) — 'in your hand': coined, current, in one's possession (Mishnah Maaser Sheni 1:2); not the money in the sea (Bava Kamma 98a:4): the one who redeems with money fallen into the sea barred from it", ['barred_from_it'])
  food_tithe.the_far_place_the_money_the_rejoicing_and_the_levite({ask:the_rejoicing}) ("the rejoicing (14:26) — 'rejoice, you and your household' at the second tithe's eating: rejoicing_before_the_lord_commanded REUSED — a second entry on Israel (12:7's the first; PN.the_place_chosen by CALL); the peace offerings by I2 with 27:7 ahead (the Sifrei 107:16)", ['rejoicing_before_the_lord
  food_tithe.the_far_place_the_money_the_rejoicing_and_the_levite({ask:the_three_moneys}) ("the three moneys (14:25-26) — the tithe's, the doubtful's, the redemption's (the Sifrei 107:7; Mishnah Maaser Sheni 3:10): the scholar who counts the three moneys accepted", ['accepted'])
==== cold_run_covenant_at_horeb.the_first_tablet sig ('case', 'data') (6148 chars) asks-in-source ['keep_and_remember', 'the_first_word', 'the_fourth_word', 'the_ox_and_the_ass', 'the_receipt_5_12', 'the_second_word_row', 'the_servants_rest', 'the_third_word', 'the_two_grounds']
def the_first_tablet(case, data):
        del P_[:]
        ask = case['ask']
        if ask == 'the_first_word':
            r = _row(6)
            ink('5:6', '"I am the LORD your God, who brought you out of the land of Egypt, out of the house of bondage" — 

  covenant_at_horeb.the_first_tablet({ask:keep_and_remember})            ("keep and remember (5:12) — one utterance: the diff's first word the tradition's exhibit; women's kiddush (Berakhot 20b)", ['accepted'])
  covenant_at_horeb.the_first_tablet({ask:the_first_word})               ("the first word (5:6) — VERBATIM; NO CELL: a declaration heard from the Almighty's mouth", ['accepted'])
  covenant_at_horeb.the_first_tablet({ask:the_fourth_word})              ('the fourth word (5:12-15) — EXPANDED, VERBATIM, EXPANDED, TURNED: decalogue.sabbath_clauses by CALL', ['accepted'])
  covenant_at_horeb.the_first_tablet({ask:the_ox_and_the_ass})           ('the ox and the ass (5:14) — every animal by the verbal analogy: the expansion read by the tradition itself (Bava Kamma 54b)', ['accepted'])
  covenant_at_horeb.the_first_tablet({ask:the_receipt_5_12})             ('the receipt at 5:12 — a run citation of the giving (the ink) read as Marah (the teacher): the seat CHAPTER', ['accepted'])
  covenant_at_horeb.the_first_tablet({ask:the_second_word_row})          ('the second word (5:7-10) — VERBATIM, VARIANT, VARIANT, VARIANT: the cell F2 (compiled here)', ['accepted'])
  covenant_at_horeb.the_first_tablet({ask:the_servants_rest})            ("the servants' rest (5:14) — the circumcised slave and the righteous convert (Yevamot 48b); the analogy's limit (Bava Kamma 54b)", ['accepted'])
  covenant_at_horeb.the_first_tablet({ask:the_third_word})               ('the third word (5:11) — VERBATIM: decalogue.vain_name by CALL (the vain oath lashed; Mishnah Shevuot 3:8-9)', ['accepted'])
  covenant_at_horeb.the_first_tablet({ask:the_two_grounds})              ('the two grounds (5:15) — the creation (20:11, PS by CALL) and the exodus: a DATA row; the readback row TURNED', ['accepted'])
==== cold_run_covenant_at_horeb.the_second_word sig ('case', 'data') (5937 chars) asks-in-source ['bow_and_serve', 'in_its_way', 'no_image', 'no_other_gods', 'the_embracer', 'the_ketiv', 'the_visiting', 'the_write']
def the_second_word(case, data):
        del P_[:]
        ask = case['ask']
        if ask == 'no_other_gods':
            ink('5:7', '"you shall have no other gods before me" — %s the two copies verbatim; "other gods" %d Torah seats, %d this book\'s; Onk

  covenant_at_horeb.the_second_word({ask:bow_and_serve})                 ("bow and serve (5:9) — the bower stoned: the second word's answer sheet (Mishnah Sanhedrin 7:6; the four services, Sanhedrin 60b); the mode by 17:5's juxtaposition", ['put_to_death'])
  covenant_at_horeb.the_second_word({ask:in_its_way})                    ("in its way (5:9) — Peor's exposure, Markulis's stone: liable, the idol's own service (Mishnah Sanhedrin 7:6)", ['put_to_death'])
  covenant_at_horeb.the_second_word({ask:no_image})                      ('no image (5:8) — the making barred; the no-image list of 4:16-19 the parameter table (OH by CALL); the images for study credited', ['accepted'])
  covenant_at_horeb.the_second_word({ask:no_other_gods})                 ("no other gods before me (5:7) — the second word's head, compiled here: the block other_gods_barred on Israel at the giving's line", ['accepted'])
  covenant_at_horeb.the_second_word({ask:the_embracer})                  ('the embracer (5:9) — a prohibition without death: the hugger, the kisser, the dresser exempt from the sanction (Mishnah Sanhedrin 7:6)', ['exempt'])
  covenant_at_horeb.the_second_word({ask:the_ketiv})                     ("the ketiv (5:10) — 'his' written, 'my' read: a DATA note, no line", ['accepted'])
  covenant_at_horeb.the_second_word({ask:the_visiting})                  ("the visiting (5:9-10) — the generations and the thousands a DATA row: when they hold their fathers' deeds (Berakhot 7a); revoked by Ezekiel (Makkot 24a)", ['accepted'])
  covenant_at_horeb.the_second_word({ask:the_write})                     ("the write (5:7-10) — other_gods_barred on Israel: the code's hole filled at the code's own line", ['other_gods_barred'])
==== cold_run_covenant_at_horeb.the_assembly_called sig ('case', 'data') (4652 chars) asks-in-source ['face_in_face', 'hear_learn_keep_do', 'i_stood_between', 'not_with_our_fathers', 'the_covenant_at_horeb']
def the_assembly_called(case, data):
        del P_[:]
        ask = case['ask']
        if ask == 'hear_learn_keep_do':
            ink('5:1', '"and Moses called all Israel and said to them: hear, O Israel, the statutes and the judgments which I speak in 

  covenant_at_horeb.the_assembly_called({ask:face_in_face})              ("face in face (5:4) — the one seat of the form; Onkelos 'speech with speech' (ER by CALL); all Israel heard the voice (Yoma 4b)", ['accepted'])
  covenant_at_horeb.the_assembly_called({ask:hear_learn_keep_do})        ("hear, learn, keep, do (5:1) — the second speech opened: Moses' call to all Israel, the four verbs in order; the frame's second seat, no write", ['accepted'])
  covenant_at_horeb.the_assembly_called({ask:i_stood_between})           ("I stood between (5:5) — the mediator: the first two words direct, the rest through Moses (Makkot 24a); the request's row", ['accepted'])
  covenant_at_horeb.the_assembly_called({ask:not_with_our_fathers})      ('not with our fathers (5:3) — the covenant with the living here: a DATA note against 29:13-14, no link of our own', ['accepted'])
  covenant_at_horeb.the_assembly_called({ask:the_covenant_at_horeb})     ("the covenant at Horeb (5:2) — the tape's covenant READ BACK: the book and the blood (ER by CALL); forty-eight covenants per mitzva (Sotah 37b); the second copy a third saying (R. Akiva)", ['accepted'])
==== cold_run_blessing_and_curse.the_second_paragraph sig ('case', 'data') (35177 chars) asks-in-source ['if_you_hearken', 'perish_quickly', 'take_heed_lest', 'teach_your_sons', 'the_cattle_first', 'the_class_rule', 'the_days_multiplied', 'the_doorposts_plural', 'the_early_and_the_late', 'the_frontlets_plural', 'the_heavens_shut', 'the_prayer_from_the_clause', 'the_rain_in_its_season', 'the_rains_dates', 'the_shuttings_causes', 'the_shuttings_threshold', 'the_yoke_of_the_commandments', 'these_my_words']
def the_second_paragraph(case, data):
        """F3 — Deut 11:13-21 — THE CODE'S HOLE COMPILED: if you hearken (11:13 — HI by CALL); THE YOKE OF THE COMMANDMENTS (Mishnah Berakhot 2:2 — THE LINE second_paragraph_declared writing the status); th

  blessing_and_curse.the_second_paragraph({ask:if_you_hearken})          ("if you hearken (11:13) — the doubled infinitive's plural form the one seat (28:1's singular the pair), 'My commandments' in Moses' mouth (5:29 the other), 'with all your heart and with all your soul' plural (6:5's creed by CALL — HI.the_creed): the readback row VARIANT; THE LINE second_paragraph_d
  blessing_and_curse.the_second_paragraph({ask:perish_quickly})          ("perish quickly (11:17) — Joshua 23:16's farewell the run's receipt (eleven tokens shared); Solomon's dedication 'when heaven is shut up and there is no rain' (1 Kings 8:35-36 — Ta'anit 7b:4); Ahab's furrows (Sanhedrin 113a:11) and David's famine (Yevamot 78b:14) the effect's run cases", ['accepted
  blessing_and_curse.the_second_paragraph({ask:take_heed_lest})          ("take heed lest (11:16) — 'take heed to yourselves' 4:23's warning form (the three seats), 'serve other gods and bow' the second word's pair in 8:19's order (CH.the_second_word, GL.the_testimony by CALL): the readback row VARIANT; NO second block — other_gods_barred stands at the giving's line", ['
  blessing_and_curse.the_second_paragraph({ask:teach_your_sons})         ("teach your sons (11:19) — 'and you shall teach them' (the piel) against 6:7's 'repeat them': HI.the_four_duties('teach_your_sons', 'daughters_exempt') by CALL — the readback row VARIANT; 'you shall teach them' read 'you yourselves' (Bava Batra 21a:2 — Yehoshua ben Gamla's schools for the fatherles
  blessing_and_curse.the_second_paragraph({ask:the_cattle_first})        ("the cattle first (11:15) — 'grass in your field for your cattle', then 'you shall eat and be satisfied': PROHIBITED TO EAT BEFORE FEEDING ONE'S ANIMALS (Berakhot 40a:1; Gittin 62a:16 — a rule from the clause order); 7:13's list and 8:10's eating by CALL: the readback row VERBATIM in kind; the one 
  blessing_and_curse.the_second_paragraph({ask:the_class_rule})          ("the class rule (11:18-20) — Mishnah Kiddushin 1:7 behind the paragraph's duties: the tefillin time-bound (women exempt — 36a:9), the mezuzah not (women obligated by the reward — 34a:2, 34a:8; Yoma 11b:8), the study the son's (daughters exempt — HI by CALL); the skull that never donned tefillin the
  blessing_and_curse.the_second_paragraph({ask:the_days_multiplied})     ("the days multiplied (11:21) — 'as the days of the heavens above the earth' the one seat; 6:2's three generations by CALL (HI.the_header): the readback row VARIANT; the resurrection from 'to give to them' (the Sifrei 47:2; Sanhedrin 90b:12), the messianic era's measure (99a:10), lengthened in the L
  blessing_and_curse.the_second_paragraph({ask:the_doorposts_plural})    ("the doorposts plural (11:20) — 'on the doorposts' plural against 6:9's spelling (the Sifrei 36:3's second plural): HI.the_four_duties('mezuzah_doorpost', 'mezuzah_gates', 'mezuzah_writing') by CALL — the readback row VERBATIM in kind; the mezuzah not time-bound, women obligated by the reward claus
  blessing_and_curse.the_second_paragraph({ask:the_early_and_the_late})  ("the early and the late (11:14) — the pair's one seat; both for a blessing, each proved from the other (Ta'anit 6a:3); the early rain in Marcheshvan (its three dates) and the late in Nisan, 'in its due time' (6a:5, 6a:7): the parameter rain_dates' arms", ['accepted'])
  blessing_and_curse.the_second_paragraph({ask:the_frontlets_plural})    ("the frontlets plural (11:18) — the three spellings (6:8 defective, 11:18 and Exodus 13:16 plene — the DB's plene at 11:18 the DATA row; the compartments' open row stands), 'between your eyes' plural (Kiddushin 36a:9 — women exempt from tefillin and the baldness bar by Isi's analogy, I2): the tefil
  blessing_and_curse.the_second_paragraph({ask:the_heavens_shut})        ("the heavens shut (11:17) — Leviticus 26:19-20's iron heavens (TC.cascade(1) by CALL — the second block, no line on the tape) told as the shutting: the readback row VARIANT; THE WRITE heavens_shut_for_turning — a conditional HEAVEN entry on Israel, its value THE CLOUDS AND THE WINDS WITHHELD, not r
  blessing_and_curse.the_second_paragraph({ask:the_prayer_from_the_clause}) ("the prayer from the clause (11:13-14) — 'to serve Him with all your heart' is prayer, and the rain follows it: the rain requested in the service of the heart (Ta'anit 2a:11); the mention in the resurrection blessing, the request in the years' (Mishnah Berakhot 5:2 — 33a:11), both indispensable (33
  blessing_and_curse.the_second_paragraph({ask:the_rain_in_its_season})  ("the rain in its season (11:14) — Leviticus 26:4's 'I will give your rains in their season' (TC.covenant by CALL — covenant_upheld the cell's; no line on the tape) with THE TWO NAMED RAINS ADDED (the one seat) and 7:13's grain, wine and oil (SN by CALL): the readback row VARIANT; THE WRITE rain_in_
  blessing_and_curse.the_second_paragraph({ask:the_rains_dates})         ("the rain's dates (11:14) — a PARAMETER, every value from a row: the mention from the feast's last day to Passover's first (Ta'anit 2a:1-3), the request from the seventh of Marcheshvan (Rabban Gamliel, the ruling — 10a:11-12), sixty days abroad (Chananya — 10a:12, 10a:15), the fasts from the sevent
  blessing_and_curse.the_second_paragraph({ask:the_shuttings_causes})    ("the shutting's causes (11:16-17) — the chapter's one cause (other gods) beside the shelf's many (the sentence of destruction from 11:17, the tithes, slander, the impudent, the neglect of Torah, robbery, no whisperers, false pledges — Ta'anit 7b:5-8a:8, 8b:16): a parameter with many arms; the remed
  blessing_and_curse.the_second_paragraph({ask:the_shuttings_threshold}) ("the shutting's threshold (11:17) — rains that seal a barrel's mouth with their mud are not 'shut' (Rav Chisda, Ta'anit 6b:8; the first rainfall a handbreadth, R. Abbahu); the shutting verb the wombs' — closing, birth and remembering said of a woman and of rain (Reish Lakish in bar Kappara's name, 
  blessing_and_curse.the_second_paragraph({ask:the_yoke_of_the_commandments}) ("the yoke of the commandments (11:13-21) — THE ANSWER SHEET'S OWN NAME for the paragraph (Mishnah Berakhot 2:2; Berakhot 14b:11 — the yoke of the kingdom of Heaven first, then the yoke of the commandments), typed TEACH AND PERFORM (14b:14): THE WRITE yoke_of_the_commandments_accepted, a STATUS on I
  blessing_and_curse.the_second_paragraph({ask:these_my_words})          ("these My words (11:18) — 'and you shall put these My words on your heart and on your soul' the one seat (6:6's 'and these words shall be' the first paragraph's): the paragraph in any language or as written, not out of order, audible (Sotah 32b:19-33a:4); the readback row VERBATIM in kind against s
==== cold_run_blessing_and_curse.the_blessing_and_the_curse sig ('case', 'data') (24090 chars) asks-in-source ['forty_eight_covenants', 'gerizim_and_ebal', 'keep_to_do', 'possess_and_dwell', 'see_i_set_before_you', 'study_and_deed', 'the_blessing_if', 'the_ceremonys_day', 'the_ceremonys_form', 'the_ceremonys_tongue', 'the_curse_if', 'the_place_three_ways', 'the_samaritan_shechem']
def the_blessing_and_the_curse(case, data):
        """F5 — Deut 11:26-32 — THE CHAPTER'S LAW COMPILED: see, I set before you (11:26 — THE LINE blessing_and_curse_set writing the status); the blessing if (11:27); the curse if (11:28 — idolatry 

  blessing_and_curse.the_blessing_and_the_curse({ask:forty_eight_covenants}) ("forty-eight covenants (11:26-29) — a general and a particular blessing and curse, to learn, to teach, to keep, to perform: four by four, sixteen by sixteen, three covenants each — forty-eight, and so on the plains of Moab (Tosefta Sotah 8:7; Sotah 37b:1-6); 603,550 per matter, the exodus' number: 
  blessing_and_curse.the_blessing_and_the_curse({ask:gerizim_and_ebal})  ("Gerizim and Ebal (11:29) — 'you shall set the blessing on Mount Gerizim and the curse on Mount Ebal': no tape line to reference (27:11-13 the form's seat ahead, Joshua 8:30-35 the run outside the tape): THE WRITE gerizim_ebal_ceremony_owed — a DEBIT on Israel toward Heaven, OPEN (chapter 7's form,
  blessing_and_curse.the_blessing_and_the_curse({ask:keep_to_do})        ("keep to do (11:32) — 'keep to do all the statutes and the judgments which I set before you today' the one seat: 4:8's pair (OH.the_exhortation('righteous_statutes') by CALL — the cell names 11:32): the readback row VARIANT; 12:1 reopens the statutes; the portion's edge inside the chapter", ['accep
  blessing_and_curse.the_blessing_and_the_curse({ask:possess_and_dwell}) ("possess and dwell (11:31) — 'and you shall possess it and dwell in it' the one seat: an act of acquisition (Kiddushin 26a:10 — possessed by dwelling); the dwelling weighed — all may force ascent, none removal, outside the Land as idolatry (Ketubot 110b:7, 110b:23-24; the Sifrei 80:4-5), its counte
  blessing_and_curse.the_blessing_and_the_curse({ask:see_i_set_before_you}) ("see, I set before you (11:26) — 7:12's conditional (hearing_blessed on the tape by kind) made a pair set before the people (the singular 'see' over the plural — the register's both; 30:15-20 the run forward): the readback row EXPANDED; THE LINE blessing_and_curse_set at the counter's day writing b
  blessing_and_curse.the_blessing_and_the_curse({ask:study_and_deed})    ("study and deed (11:13) — the loft at Lod: study is greater, for it leads to deed (Kiddushin 40b:8 — the Sifrei 41:12 at its Bavli seat); the Torah's precedence over the land laws counted on the clock (40b:9); the judgment and the reward begin with Torah (40b:11-12): the scholar who says study is g
  blessing_and_curse.the_blessing_and_the_curse({ask:the_blessing_if})   ("the blessing if (11:27) — 'the blessing, if you hearken' the pair's first arm: 7:12's conditional by CALL (SN.because_you_hear('covenant_kept')): the readback row VARIANT; the crossroads (the Sifrei 53:1); one commandment tilts the world to merit (Kiddushin 40b:2)", ['accepted'])
  blessing_and_curse.the_blessing_and_the_curse({ask:the_ceremonys_day}) ("the ceremony's day (11:29-31) — the crossing's (Tosefta Sotah 8:1 — 27:2's 'on the day that you cross'; the Ark before the banners); the dispossession the crossing's condition (8:3 — 'for this you cross'); the writing on the stones or on the plaster (8:5); the miracles of the day (8:6): the debit'
  blessing_and_curse.the_blessing_and_the_curse({ask:the_ceremonys_form}) ("the ceremony's form (11:29) — six and six, the priests, the Levites and the Ark below, the blessing first and the Amen (Mishnah Sotah 7:5; Sotah 32a:11-13; Tosefta Sotah 8:7); the halves counted (36b:4-5); the Levites' placement disputed — the elders below, the fit, all below with 'on' meaning bes
  blessing_and_curse.the_blessing_and_the_curse({ask:the_ceremonys_tongue}) ("the ceremony's tongue (11:29) — the holy tongue with a loud voice (Mishnah Sotah 7:2; Sotah 32a:6): 'speak and say' the source for others' Hebrew (32a:7-8, I2), the Levites' own from 'voice' / 'voice' with Exodus 19:19 (33a:14), the analogy needing a teacher (33b:2): the one who blesses in Aramaic
  blessing_and_curse.the_blessing_and_the_curse({ask:the_curse_if})      ("the curse if (11:28) — 'turn aside from the way' 9:12's calf (NR by CALL), 'not hearken' 8:20's (GL.the_testimony by CALL), 'other gods whom you have not known' 13:3's phrase: the readback row VARIANT; idolatry the whole Torah's denial (the Sifrei 54:4; the ceremony's first curse) — the idolater w
  blessing_and_curse.the_blessing_and_the_curse({ask:the_place_three_ways}) ("the place three ways (11:30) — Shechem by the terebinths of Moreh (R. Yehuda, Sotah 33b:4-5), two mounds by the Jordan opposite Gilgal (R. Elazar, 33b:7-9), A ROUTE, NOT A PLACE (R. Eliezer ben Yaakov, 33b:10): gerizim_ebal_place's THREE ARMS — a parameter, recorded not resolved; Gilgal the Torah'
  blessing_and_curse.the_blessing_and_the_curse({ask:the_samaritan_shechem}) ("the Samaritan Shechem (11:30) — 'the terebinths of Moreh' Abram's (Genesis 12:6 — journeyed 'the place of Shechem' on the tape by kind: the readback row VARIANT); the Samaritans' added 'Shechem' conceded and refuted by the analogy they do not use (Sotah 33b:6 — R. Elazar son of R. Yosei; 32a:10 th
==== cold_run_blessing_and_curse.the_land_watered_by_heaven sig ('case', 'data') (14043 chars) asks-in-source ['all_the_commandment', 'drinks_by_the_rain_of_heaven', 'not_like_egypt', 'the_decree_and_the_season', 'the_eyes_from_the_years_beginning', 'the_land_watered_first', 'the_oath_to_the_fathers']
def the_land_watered_by_heaven(case, data):
        """F2 — Deut 11:8-12: all the commandment (11:8 = 8:1 twelve tokens — GL by CALL, VERBATIM in kind); the oath to the fathers (11:9 — GL, HI by CALL; 'swore' no number); not like Egypt (11:10 —

  blessing_and_curse.the_land_watered_by_heaven({ask:all_the_commandment}) ("all the commandment (11:8) — 8:1's frame twelve tokens shared (GL.the_frame by CALL — 4:1, 8:1, 11:8 the three seats): the readback row VERBATIM in kind; 'that you may be strong' the one seat with Ezra 9:12", ['accepted'])
  blessing_and_curse.the_land_watered_by_heaven({ask:drinks_by_the_rain_of_heaven}) ("drinks by the rain of heaven (11:11) — the one seat; THE SOURCE OF RAIN A DISPUTE on the shelf (R. Eliezer the ocean sweetened in the clouds; R. Yehoshua the upper waters — 11:11 his verse: Ta'anit 9b:10-11); no water channels in the Land (Bava Batra 19a:18): the readback row EXPANDED by CALL (GL.
  blessing_and_curse.the_land_watered_by_heaven({ask:not_like_egypt})    ("not like Egypt (11:10) — Lot's clause 'like the land of Egypt' (Genesis 13:10 — lot_chose by kind): the readback row EXPANDED; 'watered it with your foot' read for a measure — the garden bed's border a handbreadth (Shabbat 85a:3): the one who measures the bed by the foot accepted", ['accepted'])
  blessing_and_curse.the_land_watered_by_heaven({ask:the_decree_and_the_season}) ("the decree and the season (11:12, 11:14) — Rosh Hashanah 17b:11-13: the rain decreed at the head of the year cannot be added to or reduced, but falls IN SEASON on the land that needs it for good, OUT OF SEASON on forests and deserts for bad — 'in its season' THE FREE VARIABLE AFTER THE DECREE, rai
  blessing_and_curse.the_land_watered_by_heaven({ask:the_eyes_from_the_years_beginning}) ("the eyes from the year's beginning (11:12) — the one seat, 'from the beginning' defective (the one token): THE YEAR JUDGED AT ITS HEAD (Rosh Hashanah 8a:16 — the New Year for years is for judgment; 16b:12 the three books; 16b:3 the poor year made rich, the do-not-read reading named); 11:12's 'year
  blessing_and_curse.the_land_watered_by_heaven({ask:the_land_watered_first}) ("the Land watered first (11:11-12) — the baraita at Ta'anit 10a:2-3 (the Sifrei 37:1-4 at its Bavli seat): the Land created first, watered by the Holy One Himself, drinking first — the world by an intermediary from the residue (the cheese-kneader's parable, E26): 11:11-12's praise as the answer she
  blessing_and_curse.the_land_watered_by_heaven({ask:the_oath_to_the_fathers}) ("the oath to the fathers (11:9) — the oath's seats (GL.the_frame('the_oath_seats') by CALL; sworn_by_himself Gen 22:16 by kind) and 6:3's milk and honey (HI.the_header by CALL): the readback row VARIANT; 'to them and to their seed' the resurrection's seat forward (11:21); 'swore' no number", ['acce
==== cold_run_exodus_story.oppression sig ('q',) (2308 chars) asks-in-source ['disgrace_to_praise', 'embittered_reason', 'fruitful', 'houses', 'midwives', 'new_king', 'rigor_seats', 'three_decrees']
def oppression(q):
        if q == 'rigor_seats': return cell(c_struck_bare, I, "'with rigor' (בפרך) at 1:13 and 1:14 — the two seats of the labor clause (Sotah 11b:1: with soft speech / with crushing)", ['enslaved'])
        if q == 'fruitful': re

  exodus_story.oppression('disgrace_to_praise')                          {'v': ('idolaters', 'slaves'), 'p': 'ANSWER-SHEET', 'why': "Mishnah Pesachim 10:4 'he begins with disgrace and ends with praise'; Pesachim 116a:11 — Rav: 'at first our fathers were idolaters'; Shmuel: 'we were slaves' — the two openings, the second the ledger's enslaved status", 'fx': ['enslaved']}
  exodus_story.oppression('embittered_reason')                           {'v': 'maror', 'p': 'ANSWER-SHEET', 'why': "Mishnah Pesachim 10:5 — 'maror, because the Egyptians EMBITTERED the lives of our fathers in Egypt' — the ink's verb at 1:14 is the answer sheet's reason", 'fx': ['embittered']}
  exodus_story.oppression('fruitful')                                    {'v': [22, 28, 103], 'p': 'IMPORT', 'why': "CALLED cold_run_pre_sinai.creation('three_blessings') -> the blessing's three verse positions (the fish, the man, the day) [IMPORT, live]: 1:7 'were fruitful and swarmed and multiplied' is the blessing of Gen 1:28 / 9:1 / 9:7 at its run in Egypt (a REFEREN
  exodus_story.oppression('houses')                                      {'v': ('priesthood_and_levites', 'kingship'), 'p': 'MOVE', 'why': "Sotah 11b:22 — 'and He made them houses' (1:21): Rav and Shmuel — houses of priesthood and Levites (Aaron and Moses), or houses of kingship (David from Miriam, 1 Chr 2:19)", 'fx': ['houses_made']}
  exodus_story.oppression('midwives')                                    {'v': ('jochebed_and_miriam', 'daughter_in_law_and_mother_in_law'), 'p': 'MOVE', 'why': 'Sotah 11b:11-13 — the midwives: a woman and her daughter (Jochebed and Miriam — Shifrah who beautifies the newborn, Puah who coos to it), or a daughter-in-law and mother-in-law (Jochebed and Elisheva)', 'fx': ['
  exodus_story.oppression('new_king')                                    {'v': ('new_in_fact', 'decrees_renewed'), 'p': 'MOVE', 'why': "Sotah 11a:6 — Rav and Shmuel: 'a NEW king' in fact (it says new), or his decrees were renewed (it does not say 'he died and reigned'); 'who did not know Joseph' — as one who never knew him", 'fx': ['—']}
  exodus_story.oppression('rigor_seats')                                 {'v': [(1, 13), (1, 14)], 'p': 'INK', 'why': "'with rigor' (בפרך) at 1:13 and 1:14 — the two seats of the labor clause (Sotah 11b:1: with soft speech / with crushing)", 'fx': ['enslaved']}
  exodus_story.oppression('three_decrees')                               {'v': 3, 'p': 'MOVE', 'why': "Sotah 12a:8 — Rabbi Yose son of Rabbi Chanina: THREE decrees he decreed: first 'if a son, kill him' (1:16), then 'every son born cast into the river' (1:22), and last 'even on his own people' (1:22 'to ALL his people')", 'fx': ['decree_issued']}
==== cold_run_exodus_story.bricks sig ('q',) (1869 chars) asks-in-source ['complaint_answered', 'expressions', 'kohath_bound', 'not_heard_reason', 'officers', 'refusal']
def bricks(q):
        if q == 'refusal': return cell('i_do_not_know_the_lord', I, "'who is the LORD that I should hear His voice to send Israel? I do not know the LORD, and Israel too I will not send' (5:2) — the demand of 5:1 refused: the deb

  exodus_story.bricks('complaint_answered')                              {'v': 'pharaoh_not_the_thirty_one_kings', 'p': 'MOVE', 'why': "Sanhedrin 111a:10 — 'and You have not delivered Your people' (5:23) answered by 'NOW you will see what I do to Pharaoh' (6:1): what I do to Pharaoh you will see, but you will not see the war of the thirty-one kings — the HEAVEN entry on 
  exodus_story.bricks('expressions')                                     {'v': 5, 'p': 'INK', 'why': "the five verbs of 6:6-8 — I will bring out, I will deliver, I will redeem, I will take, I will bring in — five HEAVEN entries on the people, each closed by the ink's own fulfillment statement (12:51, 14:30, 15:13, 19:8; the land open)", 'fx': ['to_be_brought_out', 'to_be
  exodus_story.bricks('kohath_bound')                                    {'v': (133, 137, 80, 350), 'p': 'INK', 'why': "the roster's lifespans (6:18 Kohath 133, 6:20 Amram 137) with Moses' eighty (7:7) bound the years in Egypt from Kohath's descent (Gen 46:11) at 350 — the sequence runner's C3c parsed from the ink (CS5); the descent-literal reading of 12:40's 430 diverge
  exodus_story.bricks('not_heard_reason')                                {'v': 'shortness_of_spirit_and_hard_labor', 'p': 'INK', 'why': "'and they did not hear Moses from SHORTNESS OF SPIRIT and from hard labor' (6:9)", 'fx': ['not_heard']}
  exodus_story.bricks('officers')                                        {'v': 'beaten', 'p': 'INK', 'why': "'and the officers of the sons of Israel were BEATEN' (5:14) — the body entry on the officers, never closed by the ink", 'fx': ['beaten']}
  exodus_story.bricks('refusal')                                         {'v': 'i_do_not_know_the_lord', 'p': 'INK', 'why': "'who is the LORD that I should hear His voice to send Israel? I do not know the LORD, and Israel too I will not send' (5:2) — the demand of 5:1 refused: the debit stands OPEN on Pharaoh until 12:31", 'fx': ['release_demanded']}
==== cold_run_exodus_story.night sig ('q',) (3100 chars) asks-in-source ['by_day', 'firstborn', 'garments', 'midnight', 'please', 'sent_formula', 'stations', 'transitions', 'wage']
def night(q):
        if q == 'midnight': return cell('the_night_of_the_fifteenth', I, "'and it was at half of the night' (12:29) — the day boundary is the evening (the calendar's row): the night after the fourteenth's slaughter belongs to the 

  exodus_story.night('by_day')                                           {'v': True, 'p': 'MOVE', 'why': "Mekhilta Pischa ch.17 row 2 — 'on that very day' (12:51): it tells that they went out by day only", 'fx': ['brought_out']}
  exodus_story.night('firstborn')                                        {'v': 'redeem (five sela — fetched constant)', 'p': 'IMPORT', 'why': "CALLED cold_run_pesach.firstborn(human) -> the verdict on the human firstborn [IMPORT, live]: the status 13:2 consecrates is grounded by the ink on THIS night — 'for on the day I struck every firstborn in the land of Egypt I sanct
  exodus_story.night('garments')                                         {'v': 'dearer_than_silver_and_gold', 'p': 'MOVE', 'why': "Mekhilta Pischa ch.35 row 1 — 'vessels of silver and vessels of gold AND GARMENTS' (12:35): the garment was dearer to them than the silver and the gold; 'and the LORD gave favor' — as it sounds (Rabbi Yishmael): before one finished saying 'le
  exodus_story.night('midnight')                                         {'v': 'the_night_of_the_fifteenth', 'p': 'INK', 'why': "'and it was at half of the night' (12:29) — the day boundary is the evening (the calendar's row): the night after the fourteenth's slaughter belongs to the fifteenth, the exodus day (12:41 'on that very day', 12:51); Mekhilta Pischa ch.29 row 1
  exodus_story.night('please')                                           {'v': 'so_that_the_righteous_one_will_not_say', 'p': 'MOVE', 'why': "Berakhot 9a:29-9b:1 — 'speak PLEASE in the ears of the people' (11:2): the school of Rabbi Yannai — 'please' is entreaty: ask of Egypt vessels of silver and gold, so that that righteous one (Abraham) will not say 'and they shall se
  exodus_story.night('sent_formula')                                     {'v': 'the_mouth_that_said_i_will_not_send', 'p': 'MOVE', 'why': 'Mekhilta Pischa-b ch.17 row 1 — \'the mouth that said "Israel too I will not send" (5:2) is the mouth that said "I will send you" (8:24)\': the release demanded closes on Pharaoh\'s own words (12:31)', 'fx': ['sent_out']}
  exodus_story.night('stations')                                         {'v': 9, 'p': 'INK', 'why': "the stations of the span: Succoth (12:37), Etham (13:20), Pi-hahiroth (14:2), Shur (15:22), Marah (15:23), Elim (15:27), the wilderness of Sin (16:1), Rephidim (17:1), the wilderness of Sinai (19:2) — nine encampments, Numbers 33's list the RUN's citation", 'fx': ['encam
  exodus_story.night('transitions')                                      {'v': 5, 'p': 'ANSWER-SHEET', 'why': "Mishnah Pesachim 10:5 — 'He brought us out from slavery to freedom, from sorrow to joy, from mourning to festival, from darkness to great light, from bondage to redemption' — five transitions on the close of the enslaved status at 12:51", 'fx': ['brought_out']}
  exodus_story.night('wage')                                             {'v': (600000, 430), 'p': 'MOVE', 'why': "Sanhedrin 91a:10-12 — the Egyptians before Alexander: 'give us the silver and gold you took'; Gebiha ben Pesisa: 'and the sojourn of the sons of Israel ... four hundred and thirty years' (12:40) — give us the WAGE of six hundred thousand (12:37) who served y
==== cold_run_exodus_story.birth sig ('q',) (3534 chars) asks-in-source ['ark_day', 'birthday', 'born_circumcised', 'jochebed_age', 'lax', 'lodging', 'marriage', 'pursuit_closed_at', 'three_months']
def birth(q):
        if q == 'three_months': return cell(3, I, "'and she hid him THREE MONTHS' (2:2) — the numeral parser's 3; the timer's due by the Calendar's month key on the tape, ninety days on the bare world (the received thirty-day mont

  exodus_story.birth('ark_day')                                          {'v': ('sixth_of_sivan', 'twenty_first_of_nisan'), 'p': 'MOVE', 'why': "Sotah 12b:15-17 — the ark's day: Rabbi Chanina bar Papa the twenty-first of Nisan (the day he would sing at the sea), Rabbi Acha bar Chanina the sixth of Sivan (the day he would receive the Torah); 12b:17: 'from the seventh of A
  exodus_story.birth('birthday')                                         {'v': (12, 7), 'p': 'MOVE', 'why': "Kiddushin 38a:5-7 — 'on the seventh of Adar Moses died and on the seventh of Adar he was born' (from Deut 31:2 'a hundred and twenty years I am TODAY'); the row moses_birth_date", 'fx': ['—']}
  exodus_story.birth('born_circumcised')                                 {'v': 'others_say', 'p': 'MOVE', 'why': "Sotah 12a:17 — 'she saw that he was good': Rabbi Meir (his name was Tov), Rabbi Yehuda (Toviah), Rabbi Nechemya (fit for prophecy), OTHERS SAY he was born circumcised, the sages (the house filled with light); the eighth-day timer fires with no act to close it
  exodus_story.birth('jochebed_age')                                     {'v': 'born_between_the_walls', 'p': 'MOVE', 'why': "Sotah 12a:14 — 'the daughter of Levi' (2:1): a hundred and thirty years old and called a daughter? Rabbi Chama son of Rabbi Chanina: Jochebed, conceived on the way and born between the walls (Num 26:59 'whom she bore to Levi in Egypt') — the signs
  exodus_story.birth('lax')                                              {'v': ('lax', 'not_lax_the_lodging_first', 'the_infant_sought'), 'p': 'MOVE', 'why': "Nedarim 31b:13-32a:2 — Rabbi Yehoshua ben Korcha: all Moses' merits did not stand for him when he was LAX about the circumcision ('and He sought to kill him'); Rabbi: God forbid — 'shall I circumcise and go out? a 
  exodus_story.birth('lodging')                                          {'v': (['ובן', 'שמנת', 'ימים'], ['Gen 21:4']), 'p': 'IMPORT', 'why': "CALLED cold_run_pre_sinai.circumcision('eight_days') -> ('a son of eight days', Gen 21:4) [IMPORT, live]: the covenant's institution at 4:25 — Zipporah cuts her son's foreskin at the lodging; the eighth-day timer is the pre-Sinai 
  exodus_story.birth('marriage')                                         {'v': 5, 'p': 'IMPORT', 'why': "CALLED cold_run_family.commission('marriage_formula') -> the formula's five verbs at Gen 24:67 [IMPORT, live]: 'and he took the daughter of Levi' (2:1) and 'he gave Zipporah his daughter to Moses' (2:21) are the formula's taking and giving sides at the story's seats (
  exodus_story.birth('pursuit_closed_at')                                {'v': 'Exod 4:19', 'p': 'INK', 'why': "'and he sought to kill Moses' (2:15) is the BODY threat on Moses; 'the king of Egypt died' (2:23) is the act, and 4:19 'for all the men who sought your life are dead' the ink's own closing statement — the close's note", 'fx': ['sought_to_kill']}
  exodus_story.birth('three_months')                                     {'v': 3, 'p': 'INK', 'why': "'and she hid him THREE MONTHS' (2:2) — the numeral parser's 3; the timer's due by the Calendar's month key on the tape, ninety days on the bare world (the received thirty-day month)", 'fx': ['hidden_three_months']}
==== cold_run_exodus_story.plagues sig ('q',) (3369 chars) asks-in-source ['agents', 'darkness_days', 'first_divine', 'hardening_seats', 'lice_finger', 'one_more', 'removed', 'sea_count', 'seven_days', 'ten', 'tomorrows', 'twelve_months']
def plagues(q):
        if q == 'ten': return cell(len(PLAGUES), A, "Mishnah Avot 5:4 — 'ten plagues the Holy One brought on the Egyptians in Egypt' — the ten struck seats of the ink (7:20, 8:2, 8:13, 8:20, 9:6, 9:10, 9:23, 10:13, 10:22, 12:29)

  exodus_story.plagues('agents')                                         {'v': (8, 5), 'p': 'INK', 'why': "of the thirteen narrative seats, Pharaoh's own heart at 7:13, 7:22, 8:11, 8:15, 8:28, 9:7, 9:34, 9:35 (eight) and the LORD's hand at 9:12, 10:20, 10:27, 11:10, 14:8 (five) — the agent read off each clause's subject", 'fx': ['heart_hardened']}
  exodus_story.plagues('darkness_days')                                  {'v': 3, 'p': 'INK', 'why': "'thick darkness in all the land of Egypt THREE DAYS' (10:22)", 'fx': ['plague_struck']}
  exodus_story.plagues('first_divine')                                   {'v': (9, 12), 'p': 'INK', 'why': "'and the LORD strengthened the heart of Pharaoh' (9:12) — the first seat with the LORD as the agent, after eight of Pharaoh's own (7:13, 7:22, 8:11, 8:15, 8:28, 9:7 ... 9:34, 9:35 his again); the tradition's count not on the local shelf under the searched forms — a
  exodus_story.plagues('hardening_seats')                                {'v': 13, 'p': 'INK', 'why': "the hardening's NARRATIVE seats (a wayyiqtol of strong / heavy with 'heart') in Exod 7-14: [(7, 13), (7, 22), (8, 11), (8, 15), (8, 28), (9, 7), (9, 12), (9, 34), (9, 35), (10, 20), (10, 27), (11, 10), (14, 8)] — thirteen; the census's five more (4:21, 7:3, 10:1, 14:4, 
  exodus_story.plagues('lice_finger')                                    {'v': 'a_demon_cannot_create_less_than_a_barleycorn', 'p': 'MOVE', 'why': "Sanhedrin 67b:15 — 'the magicians said to Pharaoh: it is the finger of God' (8:15): Rabbi Eliezer — from here, a demon cannot create a creature smaller than a barleycorn", 'fx': ['plague_struck']}
  exodus_story.plagues('one_more')                                       {'v': 'one_more_plague_then_he_sends', 'p': 'INK', 'why': "'ONE MORE plague I will bring on Pharaoh ... afterwards he will send you' (11:1) — the tenth announced as one, the release its consequence (the count's own closing)", 'fx': ['plague_struck']}
  exodus_story.plagues('removed')                                        {'v': 4, 'p': 'INK', 'why': "four removals narrated after 'entreat the LORD' (8:4, 8:24, 9:28, 10:17): the frogs died (8:9), the swarms removed 'not one remained' (8:27), the hail ceased (9:33), the locusts cast into the sea (10:19) — four heaven entries closed, six open: the ink's own shape", 'fx':
  exodus_story.plagues('sea_count')                                      {'v': ((10, 10), (10, 50)), 'p': 'MOVE', 'why': "Mishnah Avot 5:4 'ten plagues in Egypt and ten at the sea' against Mekhilta Beshalach ch.31 row 2 — Rabbi Yose HaGelili: ten in Egypt (the FINGER, 8:15) and fifty at the sea (the HAND, 14:31) — the sea's plagues derived, not narrated: one act on the t
  exodus_story.plagues('seven_days')                                     {'v': 7, 'p': 'INK', 'why': "'and seven days were filled after the LORD struck the river' (7:25) — the stretch's first stated interval", 'fx': ['plague_struck']}
  exodus_story.plagues('ten')                                            {'v': 10, 'p': 'ANSWER-SHEET', 'why': "Mishnah Avot 5:4 — 'ten plagues the Holy One brought on the Egyptians in Egypt' — the ten struck seats of the ink (7:20, 8:2, 8:13, 8:20, 9:6, 9:10, 9:23, 10:13, 10:22, 12:29), each a HEAVEN entry on Egypt with the plague's name", 'fx': ['plague_struck']}
  exodus_story.plagues('tomorrows')                                      {'v': [(8, 6), (8, 19), (8, 25), (9, 5), (9, 18), (10, 4)], 'p': 'INK', 'why': "'tomorrow' (מחר / למחר) in the plague stretch: [(8, 6), (8, 19), (8, 25), (9, 5), (9, 18), (10, 4)] — the frogs (8:6), the swarms (8:19, 8:25 Moses' answer), the pestilence (9:5; 'on the morrow' 9:6), the hail (9:18), th
  exodus_story.plagues('twelve_months')                                  {'v': 12, 'p': 'ANSWER-SHEET', 'why': "Mishnah Eduyot 2:10 — 'the judgment of the Egyptians, twelve months' (Rabbi Akiva's five twelve-month judgments) — the bound on the plague stretch, graded on the tape (CS9)", 'fx': ['plague_struck']}
==== cold_run_primeval.cain sig ('q',) (6257 chars) asks-in-source ['abel_days', 'bloods_seats', 'bloods_sheet', 'city_seat', 'earth_mouth', 'exile_half', 'fat_by_call', 'first_if', 'firstling_by_call', 'greater_than_father', 'lamech_wives', 'mark_arms', 'minchah_by_call', 'rebellion_three', 'refuse', 'regard_seats', 'sevenfold_seats', 'two_wives', 'wounds']
def cain(q):
        if q == 'minchah_by_call': return cell(MI.odor_classes()['v'], P, "CALLED cold_run_minchah.odor_classes() -> the three classes of 'a fire-offering of pleasing odor' in Lev 1-2 [IMPORT, live]: 'Cain brought of the fruit of t

  primeval.cain('abel_days')                                             {'v': 50, 'p': 'DATA', 'why': "the row abel_days_bound — Bereshit Rabbah 22:4: 'at the end of days' (4:3): R. Eliezer (the world created in Tishrei — from the festival to Chanukah) and R. Yehoshua (in Nisan — from Passover to Shavuot); by both, Abel was not in the world more than FIFTY days — record
  primeval.cain('bloods_seats')                                          {'v': [(4, 10), (4, 11)], 'p': 'INK', 'why': "'your brother's bloods' (דמי אחיך) at 4:10 and 4:11 alone in the Tanakh (measured) — the plural at both seats", 'fx': ['bloods_cry']}
  primeval.cain('bloods_sheet')                                          {'v': 'his_blood_and_the_blood_of_his_descendants', 'p': 'ANSWER-SHEET', 'why': "Mishnah Sanhedrin 4:5 — 'the voice of your brother's BLOODS cries' (4:10): it does not say 'blood' but 'bloods' — his blood and the blood of his descendants; another reading: his blood was cast on the trees and the ston
  primeval.cain('city_seat')                                             {'v': 1, 'p': 'INK', 'why': "'and he was building a city, and called the city's name after his son's name, Enoch' (4:17) — the corpus's first human build (the frozen unit's export); Bereshit Rabbah 23:1 (they called lands by their names)", 'fx': ['city_built']}
  primeval.cain('earth_mouth')                                           {'v': 'opened_once_for_abel', 'p': 'MOVE', 'why': "Sanhedrin 37b:11 — from the day the earth opened its mouth and received Abel's blood it never opened again (Isa 24:16 'from the wing of the earth' — not from its mouth); Korach's (Num 16:32) — for evil it opened, for good it did not", 'fx': ['bloods
  primeval.cain('exile_half')                                            {'v': ('fugitive_and_wanderer', 'dwelt_in_nod'), 'p': 'MOVE', 'why': "Sanhedrin 37b:12 — Rav Yehuda son of R. Chiya: EXILE atones half — at first 'a fugitive and a wanderer' (4:14), at the end 'he dwelt in the land of Nod' (4:16); the pair at 4:12 and 4:14 alone in the Tanakh (measured)", 'fx': ['fu
  primeval.cain('fat_by_call')                                           {'v': ['parts', 'pointer_4_10'], 'p': 'IMPORT', 'why': "CALLED cold_run_offerings.fat_inventory('lamb') -> the lamb's fat parts [IMPORT, live]: 'and of their FAT' (4:4) — the pointer names the species (the flock's firstlings): the offering engine's fat inventory at its first narrative seat", 'fx': [
  primeval.cain('first_if')                                              {'v': 'rule_over_it', 'p': 'MOVE', 'why': "Kiddushin 30b:5 — 'sin couches at the door ... and to you is its desire, but you shall RULE over it' (4:7): if you wish, you rule over it — the corpus's first IF (the frozen unit's export), the inclination's desire from 3:16's pair", 'fx': ['sin_at_the_door
  primeval.cain('firstling_by_call')                                     {'v': 'cannot_be_sanctified_to_the_altar', 'p': 'IMPORT', 'why': "CALLED cold_run_temurah.consecrate('firstborn') -> the firstling's own status, Lev 27:26 'no man shall sanctify it, it IS the LORD's' [IMPORT, live]: 'Abel brought of the FIRSTLINGS of his flock' (4:4) — the institution by name (a REF
  primeval.cain('greater_than_father')                                   {'v': 'a_light_command_vs_bloodshed', 'p': 'MOVE', 'why': "Bereshit Rabbah 22:11 — 'my iniquity is greater than can be borne' (4:13): greater than my father's — father transgressed a light command and was banished from the garden; this one, bloodshed, all the more", 'fx': ['cursed_from_the_ground']}
  primeval.cain('lamech_wives')                                          {'v': 'refused_tomorrow_the_flood', 'p': 'MOVE', 'why': "Bereshit Rabbah 23:4 — 'Adah and Zillah, hear my voice' (4:23): R. Yose bar Chanina — he demanded marital relations; they said: tomorrow the flood comes, shall we bear for a curse? 'for I have killed a man for my wound' — that wounds come on m
  primeval.cain('mark_arms')                                             {'v': ('a_dog', 'a_horn', 'leprosy'), 'p': 'MOVE', 'why': "Bereshit Rabbah 22:12 — 'and the LORD set a mark for Cain' (4:15): a dog He gave him; a horn He grew on him; leprosy — the arms; R. Yehuda: the beasts gathered to claim Abel's blood — 'therefore whoever slays Cain'", 'fx': ['mark_set']}
  primeval.cain('minchah_by_call')                                       {'v': 3, 'p': 'IMPORT', 'why': "CALLED cold_run_minchah.odor_classes() -> the three classes of 'a fire-offering of pleasing odor' in Lev 1-2 [IMPORT, live]: 'Cain brought of the fruit of the ground a MINCHAH to the LORD' (4:3) names the meal-offering engine's institution before its law (a REFERENCE)
  primeval.cain('rebellion_three')                                       {'v': 3, 'p': 'MOVE', 'why': "Bereshit Rabbah 23:7 — R. Simon: at three places the beginning verb is a language of REBELLION — 'then it was begun to call on the name' (4:26), 'when man began to multiply' (6:1), 'he began to be a mighty one' (10:8)", 'fx': ['idolatry_begun', 'multiplied_on_the_earth'
  primeval.cain('refuse')                                                {'v': ('from_the_refuse', 'the_firstlings'), 'p': 'MOVE', 'why': "Bereshit Rabbah 22:5 — Cain's 'of the fruit of the ground': from the refuse (the bad tenant who eats the firstfruits and honors the owner with the last); Abel's 'of the firstlings of his flock and of their fat' — R. Elazar: the first 
  primeval.cain('regard_seats')                                          {'v': [(4, 4)], 'p': 'INK', 'why': "'and the LORD REGARDED Abel and his offering' (4:4) — the regard verb's only seat in the Torah (measured; Judg 3:31, 1 Sam 23:5, 2 Sam 8:6, Job 5:15, Prov 20:22 elsewhere); 4:5 'but to Cain and his offering He did not regard'", 'fx': ['regarded', 'not_regarded']}
  primeval.cain('sevenfold_seats')                                       {'v': [(4, 15), (4, 24)], 'p': 'INK', 'why': "'sevenfold' (שבעתים) at 4:15 and 4:24 in Genesis (measured) — the LORD's handler and Lamech's quotation with the number changed: seventy and sevenfold (4:24)", 'fx': ['sevenfold_vengeance', 'seventy_sevenfold_claimed']}
  primeval.cain('two_wives')                                             {'v': ('for_offspring', 'for_pleasure'), 'p': 'MOVE', 'why': "Bereshit Rabbah 23:2 — 'and Lamech took him two wives' (4:19): the generation of the flood did so — one for offspring, one for pleasure; the marriage formula's institution (the family engine by call)", 'fx': ['wife_taken']}
  primeval.cain('wounds')                                                {'v': 'wounds_upon_wounds', 'p': 'MOVE', 'why': 'Sanhedrin 37b:10 — Rav Yehuda son of R. Chiya: Cain made in Abel his brother wounds upon wounds, bruises upon bruises, for he did not know from where the soul goes out — until he reached his neck', 'fx': ['slain']}
==== cold_run_primeval.lines sig ('q',) (3092 chars) asks-in-source ['begot_seats', 'bore_seats', 'died_seats', 'enoch_taken', 'noah_name', 'seth_twice', 'ten_famines', 'ten_generations', 'two_lines_names']
def lines(q):
        if q == 'begot_seats': return cell(len(c_begot), I, "'and he begot' (ויולד) at %d seats of Genesis 5-11 (measured): the ledger's refrain — Gen 5's rows (5:3-32) and Shem's (11:10-26) with the after-begetting rows" % len(c_

  primeval.lines('begot_seats')                                          {'v': 37, 'p': 'INK', 'why': "'and he begot' (ויולד) at 37 seats of Genesis 5-11 (measured): the ledger's refrain — Gen 5's rows (5:3-32) and Shem's (11:10-26) with the after-begetting rows", 'fx': ['begotten']}
  primeval.lines('bore_seats')                                           {'v': 5, 'p': 'INK', 'why': "'and she bore' (ותלד) at 5 seats of Genesis 2-16 (measured): Cain, Abel, Enoch, Jabal, Seth, Ishmael the story's births — the mother's verb before the covenant (the eighth-day timer is the pre-Sinai daemon's run from 17:12)", 'fx': ['begotten']}
  primeval.lines('died_seats')                                           {'v': 11, 'p': 'INK', 'why': "'and he died' (וימת) at 11 seats of Genesis 2-16 (measured): the eight closing totals of Gen 5, Noah's (9:29), Haran's (11:28), Terah's (11:32) — the totals are PROLEPTIC markers on the tape (SEQUENTIAL_RUN.md section 2), no event; Haran's death alone is narrated in seq
  primeval.lines('enoch_taken')                                          {'v': 'hypocrite_taken_while_righteous', 'p': 'MOVE', 'why': "Bereshit Rabbah 25:1 — 'and he was not, for God took him' (5:24): R. Aivu — Enoch was a hypocrite, sometimes righteous, sometimes wicked; the Holy One said: while he is righteous I will take him; 'and he was not' at 5:24 alone in Genesis 
  primeval.lines('noah_name')                                            {'v': 'the_name_is_not_the_exposition', 'p': 'MOVE', 'why': "Bereshit Rabbah 25:2 — 'and he called his name Noah, saying: this one shall COMFORT us' (5:29): R. Yochanan — the exposition is not the name and the name is not the exposition (Noah — 'shall give us rest'; Nachman — 'shall comfort'); Reish
  primeval.lines('seth_twice')                                           {'v': 2, 'p': 'INK', 'why': "Seth's birth stated twice — 'and she bore a son and called his name Seth' (4:25, the mother's verb) and 'and he begot in his likeness after his image and called his name Seth' (5:3, the father's): two acts, two namings, two parents — the ledger carries both", 'fx': ['beg
  primeval.lines('ten_famines')                                          {'v': ('adam', 'lamech', 'abraham'), 'p': 'MOVE', 'why': "Bereshit Rabbah 25:3 and 40:3 — TEN famines came to the world: one in the first man's days ('cursed is the ground', 3:17), one in Lamech's ('from the ground which the LORD cursed', 5:29), one in Abraham's ('there was a famine in the land', 12
  primeval.lines('ten_generations')                                      {'v': (10, 10), 'p': 'ANSWER-SHEET', 'why': "Mishnah Avot 5:2 — ten generations from Adam to Noah, ten from Noah to Abraham: ['adam', 'seth', 'enosh', 'kenan', 'mahalalel', 'jared', 'enoch', 'methuselah', 'lamech', 'noah'] and ['shem', 'arpachshad', 'shelah', 'eber', 'peleg', 'reu', 'serug', 'nahor'
  primeval.lines('two_lines_names')                                      {'v': ('enoch', 'lamech'), 'p': 'INK', 'why': "two men named Enoch (4:17 Cain's son; 5:18 Jared's) and two named Lamech (4:18 Methushael's son; 5:25 Methuselah's) — the lines share names at the lemma level (the frozen unit's export); the registry keeps them apart", 'fx': ['begotten']}
==== cold_run_primeval.war sig ('q',) (5968 chars) asks-in-source ['annal', 'children_not_returned', 'eliezer', 'hebrew_arms', 'night_halves', 'og', 'priest_by_call', 'priesthood_from_shem', 'punished_210', 'raised_hand', 'salem', 'thread_to_latchet', 'three_eighteen', 'tithe_by_call', 'years_arms', 'years_chain']
def war(q):
        if q == 'years_chain': return cell((12, 13, 14), I, "'twelve years they served Chedorlaomer, and in the thirteenth year they rebelled; and in the fourteenth year came Chedorlaomer' (14:4-5) — the numbers parsed: 12 + 1 + 1 =

  primeval.war('annal')                                                  {'v': 0, 'p': 'INK', 'why': "the war annal 14:1-11 — eleven verses with ZERO speech (the frozen unit's export): the kings' clock, the sweep, the pits, the taking of the goods", 'fx': ['defeated']}
  primeval.war('children_not_returned')                                  {'v': 'men_and_women_returned_the_children_not', 'p': 'MOVE', 'why': "Bereshit Rabbah 43:4 — 'and also the women and the people' (14:16): R. Yudan — men and women he returned, the children he did not return; they arose and converted and fenced the nakedness of their fathers", 'fx': ['goods_brought_b
  primeval.war('eliezer')                                                {'v': 'eliezer_alone', 'p': 'MOVE', 'why': "Nedarim 32a:17 — 'three hundred and eighteen': R. Ami bar Abba — Eliezer alone, equal to them all; some say: Eliezer, whose letter-count is thus (318); 32a:16 (Rav: he made them pale with Torah; Shmuel: with gold)", 'fx': ['muster_of_three_hundred_and_eigh
  primeval.war('hebrew_arms')                                            {'v': ('from_eber', 'from_beyond_the_river', 'the_language'), 'p': 'MOVE', 'why': "Bereshit Rabbah 42:8 — 'Abram the HEBREW' (14:13 — the token at 14:13 and 39:17 in Genesis, measured): R. Yehuda — the whole world on one side (ever) and he on the other; R. Nechemya — from Eber; the rabbis — from bey
  primeval.war('night_halves')                                           {'v': ('of_itself', 'its_maker_divided_it'), 'p': 'MOVE', 'why': "Bereshit Rabbah 43:3 — 'and he divided himself against them by night' (14:15): R. Binyamin bar Yefet in R. Yonatan's name — the night divided of itself; the rabbis — its Maker divided it: the Holy One said, their father acted with Me 
  primeval.war('og')                                                     {'v': 'the_escapee_is_og', 'p': 'MOVE', 'why': "Bereshit Rabbah 42:8 — 'and the escapee came' (14:13): Reish Lakish in bar Kappara's name — he is Og, he is the escapee; why Og? he found Abram sitting occupied with the commandment of cakes (uggot); not for Heaven's sake did he come: 'your nephew is t
  primeval.war('priest_by_call')                                         {'v': ['blemished_and_minors', 'chalalim'], 'p': 'IMPORT', 'why': "CALLED cold_run_priesthood.family('addressees') -> the office's four populations from Lev 21:1 [IMPORT, live]: 'and he was PRIEST of God Most High' (14:18 — 'priest' at 14:18, 41:45, 41:50, 46:20 in Genesis, measured; the priest of O
  primeval.war('priesthood_from_shem')                                   {'v': 'taken_from_shem_given_to_abraham', 'p': 'MOVE', 'why': "Nedarim 32b:6 — R. Zekharya in R. Yishmael's name: the Holy One sought to bring the priesthood out of Shem — 'and he was priest of God Most High'; since he set Abraham's blessing before the Place's blessing ('blessed be Abram ... and ble
  primeval.war('punished_210')                                           {'v': ('pressed_scholars_into_service', 'whereby_shall_i_know', 'give_me_the_persons'), 'p': 'MOVE', 'why': "Nedarim 32a:14-15 — R. Abahu in R. Elazar's name: why was Abraham our father punished and his sons enslaved to Egypt two hundred and ten years? because he pressed Torah scholars into service 
  primeval.war('raised_hand')                                            {'v': ('terumah', 'an_oath'), 'p': 'MOVE', 'why': "Bereshit Rabbah 43:9 — 'I have lifted my hand to the LORD' (14:22 — the phrase's only seat in the Tanakh, measured): R. Yehuda — he made them terumah ('you shall lift up the terumah', Num 18:26); R. Nechemya — he made them an oath", 'fx': ['sworn_to
  primeval.war('salem')                                                  {'v': 'salem_is_jerusalem', 'p': 'MOVE', 'why': "Bereshit Rabbah 43:6 — 'and Melchizedek king of SALEM' (14:18): this place makes its inhabitants righteous — Melchizedek, Adonizedek (Josh 10:1); Jerusalem is called righteousness (Isa 1:21)", 'fx': ['bread_and_wine']}
  primeval.war('thread_to_latchet')                                      {'v': 'not_a_thread_nor_a_shoe_latchet', 'p': 'INK', 'why': "'that I will not take from a thread to a shoe-latchet, nor anything that is yours' (14:23) — the refusal ruling (the frozen unit's export); 'save only what the young men have eaten, and the portion of the men who went with me — Aner, Eshco
  primeval.war('three_eighteen')                                         {'v': 318, 'p': 'INK', 'why': "'three hundred and eighteen' (14:14) — the number parsed (the phrase's only seat in the Tanakh, measured)", 'fx': ['muster_of_three_hundred_and_eighteen']}
  primeval.war('tithe_by_call')                                          {'v': 'holy_to_the_LORD', 'p': 'IMPORT', 'why': "CALLED cold_run_temurah.tithe('land_tithe_status') -> 'holy to the LORD' (Lev 27:30) [IMPORT, live]: 'and he gave him a TENTH of all' (14:20 — 'a tenth' at 14:20 alone in Genesis, measured; 28:22 Jacob's vow S3's) — the tithe's institution named at it
  primeval.war('years_arms')                                             {'v': (25, 13), 'p': 'MOVE', 'why': "Bereshit Rabbah 42:6 — R. Yose: twelve and thirteen — twenty-five years; Rabban Shimon ben Gamliel: all of them were thirteen years — and 'in the fourteenth year'? in the fourteenth of their rebellion: the two sums beside the ink's chain", 'fx': ['rebelled']}
  primeval.war('years_chain')                                            {'v': (12, 13, 14), 'p': 'INK', 'why': "'twelve years they served Chedorlaomer, and in the thirteenth year they rebelled; and in the fourteenth year came Chedorlaomer' (14:4-5) — the numbers parsed: 12 + 1 + 1 = 14, the ink's own chain (the sequence runner CG5)", 'fx': ['rebelled']}
==== cold_run_good_land.the_testimony sig ('case', 'data') (8580 chars) asks-in-source ['hearken_plural', 'i_testify', 'if_you_forget', 'like_the_nations', 'other_gods_serve_bow', 'the_heel', 'the_readback_table', 'the_write']
def the_testimony(case, data):
        """F6 — Deut 8:19-20: if you surely forget (the case), other gods served and bowed (the second word by CALL — the order reversed), I TESTIFY — THE WRITE (4:26's effect reused), like the nations (the ban by

  good_land.the_testimony({ask:hearken_plural})                          ("hearken, plural (8:20) — 'the voice of the LORD your God' plural at the frame's close, the chapter's one plural of the phrase (the ten seats in the book); 'not hearken to the voice' 28:15, 45, 62 forward: the frame's close, a DATA note", ['accepted'])
  good_land.the_testimony({ask:i_testify})                               ("I testify against you this day (8:19) — 4:26's testimony at its second seat: heaven and earth the witnesses there, 'I' here (OH by CALL — the cell's effect heaven_and_earth_witness; the tape's witnesses_called found): the readback row VARIANT; THE WRITE — the effect REUSED on Israel at the chapter
  good_land.the_testimony({ask:if_you_forget})                           ("if you surely forget (8:19) — the infinitive absolute, the forget-lemma's one such form in the Bible; the case token 'if' with 'and it shall be'; the Sifrei 48:8: 'a day you leave me, two days I leave you'; Onkelos doubles it: the case's head, a DATA note", ['accepted'])
  good_land.the_testimony({ask:like_the_nations})                        ("like the nations (8:20) — 'like the nations which the LORD makes to perish before you, so shall you perish': the ban's nations (SN by CALL — the tape's nations_devoted found): the readback row TURNED — the measure for measure, Israel like the nations; Onkelos 'the idols of the peoples' at 8:19", [
  good_land.the_testimony({ask:other_gods_serve_bow})                    ("other gods, serve and bow (8:19) — the second word's clause with the order reversed (serve-then-bow at 8:19, 11:16, 17:3, 29:25; bow-then-serve at 4:19, 30:17 and the ten words — CH by CALL: the bower stoned, the block other_gods_barred standing): the readback row VARIANT; the serve/bow order a DA
  good_land.the_testimony({ask:the_heel})                                ("because (8:20) — the heel's second Deuteronomy seat (7:12 the first — SN by CALL; Genesis 22:18 and 26:5 Abraham's 'because you hearkened'): 'because you would not hearken to the voice of the LORD your God' — the heel turned against the hearer; Onkelos 'in exchange for': a DATA row", ['accepted'])
  good_land.the_testimony({ask:the_readback_table})                      ("the readback table — eighteen rows graded (VERBATIM 6, VARIANT 5, EXPANDED 4, TURNED 2, SUPPLIED 1); ten on the tape, seven in the kin's cells by CALL; the one SUPPLIED row the garment's; three holes named; no row open", ['accepted'])
  good_land.the_testimony({ask:the_write})                               ("the write (8:19-20) — the testimony's entry on Israel at the chapter's third line: 4:26's effect reused, no new effect", ['heaven_and_earth_witness'])
==== cold_run_good_land.the_frame sig ('case', 'data') (3937 chars) asks-in-source ['all_the_commandment', 'live_and_possess', 'no_receipt', 'the_oath_seats']
def the_frame(case, data):
        """F1 — Deut 8:1: all the commandment, that you may live and multiply and go in and possess (4:1 by CALL — the readback row), the oath's seats, no receipt"""
        del P_[:]
        ask = case['ask']
        if ask == '

  good_land.the_frame({ask:all_the_commandment})                         ("all the commandment (8:1) — 'all the commandment which I command you this day' the book's eight seats, this the frame's; 'that you may live and multiply' the plural with the nun; no write", ['accepted'])
  good_land.the_frame({ask:live_and_possess})                            ("live and possess (8:1) — 4:1's exhortation's clause 'that you may live and go in and possess the land' (OH by CALL): the readback row VERBATIM in kind; 4:1, 8:1, 11:8 the three seats", ['accepted'])
  good_land.the_frame({ask:no_receipt})                                  ("no receipt (8:1-20) — the register gate's finder (as / according to all that … commanded … the LORD) finds no seat in the chapter: 'which I command you' the giving, not a receipt; DECLARED 100 unmoved", ['accepted'])
  good_land.the_frame({ask:the_oath_seats})                              ("the oath's seats (8:1, 8:18) — 'swore' twice, no number (7:8's noun the parser's star; here the verb alone): the oath's three lines on the tape (SN by CALL); Onkelos 'established' for 'swore' at both", ['accepted'])
==== cold_run_good_land.the_good_land sig ('case', 'data') (23092 chars) asks-in-source ['eat_be_satisfied_bless', 'honey_without_milk', 'iron_and_copper', 'lack_nothing', 'less_than_an_egg_bulk', 'the_blessing_before', 'the_first_fruits', 'the_four_blessings', 'the_good_land', 'the_grace_conditional', 'the_grace_in_any_language', 'the_meals_base', 'the_meals_end', 'the_measure_of_satisfied', 'the_measures_seat', 'the_persons', 'the_sabbath_forgotten', 'the_seven_species', 'the_waters', 'the_write']
def the_good_land(case, data):
        """F3 — Deut 8:7-10: the good land (6:3 and 6:10-11 by CALL — the readback row), the waters, THE SEVEN SPECIES (the order of blessings, the measures), honey without milk, lack nothing (2:7 by CALL), iron a

  good_land.the_good_land({ask:eat_be_satisfied_bless})                  ("eat, be satisfied, bless (8:10) — the Torah's one command to bless him: THE GRACE AFTER THE MEAL BY TORAH LAW (Berakhot 21a:3; 20b:16 the after by the Torah, the before by the Sages), the four blessings from the verse cut three ways (48b:5; Tosefta Berakhot 6:1; 48b:6 Rabbi's), 23:25's bread and w
  good_land.the_good_land({ask:honey_without_milk})                      ("honey without milk (8:8) — 'a land of olive oil and honey': 'flowing with milk and honey' twenty seats, none here — the honey the fruit's (the date's, Berakhot 41b:3; Onkelos 'which makes honey'), not the herd's: a DATA row", ['accepted'])
  good_land.the_good_land({ask:iron_and_copper})                         ("iron and copper (8:9) — 'whose stones are iron and out of whose hills you may hew copper': iron's eight seats in the book, copper's three, the hewing 6:11's cisterns' verb; 'stones' read 'builders' — the scholars tough as iron (Taanit 4a:3): a DATA note", ['accepted'])
  good_land.the_good_land({ask:lack_nothing})                            ("lack nothing (8:9) — 'you shall not lack anything in it': 2:7's receipt 'you have lacked nothing' (OS by CALL — the readback row VERBATIM in kind); the pepper tree grows there (R. Meir, three seats); 28:48's 'in want of all things' the inversion forward: no write", ['accepted'])
  good_land.the_good_land({ask:less_than_an_egg_bulk})                   ("less than an egg-bulk (8:10) — R. Tzadok ate it outside the sukkah and did not bless after: not 'satisfied' (Mishnah Sukkah 2:5; Sukkah 26b; Chullin 107a): EXEMPT from the grace", ['exempt'])
  good_land.the_good_land({ask:the_blessing_before})                     ("the blessing before (8:10) — every derivation refuted (the praises, the a fortiori from the satiated to the hungry, the seven species, 'which he gave you', Exodus 23:25 read 'you shall bless', Saul's blessing) and the rule FOUNDED ON REASON — no benefit from this world without a blessing (Berakhot
  good_land.the_good_land({ask:the_first_fruits})                        ("the first fruits (8:8) — only from the seven species (Mishnah Bikkurim 1:3; Menachot 84a-b's verbal analogy 'land' / 'your land' — the Sifrei 297:4's on 'bring'); from beyond the Jordan brought and recited (1:10 — R. Yosei HaGelili's dissent: 'not a land flowing with milk and honey'); the seven ve
  good_land.the_good_land({ask:the_four_blessings})                      ("the four blessings (8:10) — the verse cut three ways: the baraita's (48b:5 — 'bless' the food's, 'the LORD your God' the invitation, 'for the land', 'good' Jerusalem, 'which he gave you' the good and beneficent), the Tosefta's (6:1 — the invitation on 'bless'), Rabbi's (48b:6 — the invitation from
  good_land.the_good_land({ask:the_good_land})                           ("the good land (8:7, 8:10) — twelve seats of 'a good land', the chapter's refrain; 6:3's 'flowing with milk and honey' and 6:10-11's gift (HI by CALL): the readback row 8:7-9 EXPANDED — the waters, the seven species, iron and copper; honey without milk", ['accepted'])
  good_land.the_good_land({ask:the_grace_conditional})                   ("the grace conditional (8:10) — 'not an obligation: if he wants he eats, if not, not' (Berakhot 49b:4): the New Moon forgotten in the grace is not returned for, unlike the prayer's (49b:3): the forgetter of the New Moon EXEMPT from the return; the status's trigger is the eating", ['exempt'])
  good_land.the_good_land({ask:the_grace_in_any_language})               ("the grace in any language (8:10) — 'bless' in any language that you bless (Sotah 33a:10; Mishnah Sotah 7:1): the one who blesses in another language holds", ['accepted'])
  good_land.the_good_land({ask:the_meals_base})                          ("the meal's base (8:10) — 'a land in which you shall eat BREAD' (8:9) concluded the matter: the grace's object bread (Berakhot 44a:10 the Rabbis; the seven species one blessing abridged from three, 44a:12); no meal is based on wine — the one who based his on wine says no full grace (35b:20-21); wha
  good_land.the_good_land({ask:the_meals_end})                           ("the meal's end and the reciter (8:10) — a second blessing only after the table was removed (Berakhot 42a:5); THE THREE PAIRS: the last washing and the grace at once (42a:7; Sotah 4b:6 the last water lowered); he who washes first after the meal is designated for the grace (43a:11-12): the exam's ru
  good_land.the_good_land({ask:the_measure_of_satisfied})                ("the measure of 'satisfied' (8:10) — a PARAMETER with a Torah edge: below satisfaction the obligation rabbinic (Berakhot 20b:14); R. Meir an olive-bulk ('eat' eating, 'be satisfied' drinking), R. Yehuda an egg-bulk (eating that satisfies) from the two verbs (49b:9; Pesachim 49b; Yoma 79b; Mishnah B
  good_land.the_good_land({ask:the_measures_seat})                       ("the measures from the verse (8:8) — Rav Chanan: the whole verse for the Torah's measures (Eruvin 4a; Sukkah 5b; Berakhot 41a:9-41b:3 — wheat the half-loaf, barley the bone, the vine the quarter-log, the fig the carrying, the pomegranate the vessel, the olive most measures, the date the Day's); the
  good_land.the_good_land({ask:the_persons})                             ("the grace's persons (8:10) — women obligated, by the Torah or the Sages OPEN (Berakhot 20b:1, 20b:11-14; a woman blesses for her husband under the Sages' curse, 20b:12); the priests at the atonement meal form the invitation (Arakhin 4a); consecrated food needs the blessing (Bava Metzia 114a); the 
  good_land.the_good_land({ask:the_sabbath_forgotten})                   ("the Sabbath forgotten (8:10) — where eating is commanded the omission is returned for: R. Sheila's 'return to the beginning' once the fourth blessing was begun, Rav Huna's short blessing before it (49a:19, 49b:1-2, 49b:5): the forgetter of the Sabbath returns", ['accepted'])
  good_land.the_good_land({ask:the_seven_species})                       ("the seven species (8:8) — the one verse in the Bible holding all seven; THE ORDER OF BLESSINGS BY THE VERSE (Berakhot 41a:8 — each food that precedes in the verse precedes in the blessing; R. Yehuda's arm of Mishnah Berakhot 6:4, Ulla's refinement) and RAV HAMNUNA'S TWO 'LAND'S (41b:5 — the date s
  good_land.the_good_land({ask:the_waters})                              ("the waters (8:7) — brooks (three seats), springs and deeps (one — the deeps' Torah seats the Sea's), the valley and the hill (one); the Sifrei 39:8: the Land drinks irrigation water too; Onkelos 'flowing brooks': a DATA note", ['accepted'])
  good_land.the_good_land({ask:the_write})                               ("the write (8:7-10) — the grace's status on Israel at the chapter's first line, the counter's own day, no marker", ['bless_after_eating_commanded'])
==== cold_run_good_land.take_heed_lest_you_forget sig ('case', 'data') (10127 chars) asks-in-source ['no_action_no_lashes', 'take_heed_lest', 'the_eighth_of_an_eighth', 'the_exodus_formula', 'the_growth_list', 'the_heart_lifted', 'the_triad', 'the_write']
def take_heed_lest_you_forget(case, data):
        """F4 — Deut 8:11-14: TAKE HEED LEST — THE WRITE (6:12's clause; the rule 'beware, lest, not'), no action no lashes, the triad, the growth's list (6:10-11 by CALL — the readback row), the heart

  good_land.take_heed_lest_you_forget({ask:no_action_no_lashes})         ("no action, no lashes (8:11) — the forgetter violates a prohibition (Sotah 5a:3) but is not flogged: 'if you will not observe TO PERFORM' — a prohibition without an action carries no lashes (Makkot 13b:6): the one who forgets without an act EXEMPT from lashes, the block standing", ['exempt'])
  good_land.take_heed_lest_you_forget({ask:take_heed_lest})              ("take heed lest you forget (8:11) — 6:12's clause, six tokens shared (HI by CALL — the cell held the ask and no write; OH by CALL — 4:9's seat): 'beware, lest, not' NOTHING BUT A PROHIBITION at three seats (Sotah 5a:3; Makkot 13b:5; Eruvin 96a:8; the limit 96a:9 — 'observe' with a positive is a pos
  good_land.take_heed_lest_you_forget({ask:the_eighth_of_an_eighth})     ("the eighth of an eighth (8:14) — Rav: a scholar must have an eighth of an eighth of arrogance (Rava: excommunicate the arrogant and the one with none); Rav Nachman bar Yitzchak: none at all — 'an abomination to the LORD' (Sotah 5a:16-17): the scholar's measure a DISPUTE, Rav's arm accepted", ['acc
  good_land.take_heed_lest_you_forget({ask:the_exodus_formula})          ("the exodus formula (8:14) — 'who brought you out of the land of Egypt, out of the house of bondage': 5:6's formula (CH by CALL — the first word's header), 13:11 the twin (seven tokens), 6:12 and 7:8 the four-token kin; the tape's brought_out (Exodus 12:51 — the readback row VERBATIM in kind); no w
  good_land.take_heed_lest_you_forget({ask:the_growth_list})             ("the growth's list (8:12-13) — 6:10-11's gift made the growth (HI by CALL — the readback row VARIANT): houses built, herds and flocks, silver and gold multiplied; 'silver and gold shall multiply' 8:13 against the king's 'shall not multiply' (17:17 — the same tokens; the king's law's tokens owed to 
  good_land.take_heed_lest_you_forget({ask:the_heart_lifted})            ("the heart lifted up (8:14) — 'and your heart be lifted up and you forget the LORD your God' the one seat (17:20 the king's, Hosea 13:6 the prophet's): ARROGANCE AS DENIAL of the core belief (Sotah 4b:11), as idolatry by 7:26's 'abomination' (4b:10 — SN by CALL), its warning 8:11's 'beware' with 8:
  good_land.take_heed_lest_you_forget({ask:the_triad})                   ("the triad (8:11) — 'his commandments and his judgments and his statutes': seventeen Bible verses carry the three words, seven this book's, no two in one order but 5:31 / 6:1 / 7:11's (SN and HI by CALL — the fourth seat); a DATA note", ['accepted'])
  good_land.take_heed_lest_you_forget({ask:the_write})                   ("the write (8:11-18) — the forgetting's block on Israel at the chapter's second line, its first tape write", ['forgetting_barred'])
==== cold_run_seducers.the_inciter sig ('case', 'data') (18001 chars) asks-in-source ['entice_two_senses', 'the_courts_rule_inverted', 'the_entrapment', 'the_execution_timing', 'the_fifteen_utterances', 'the_five_prohibitions', 'the_hand_first', 'the_inciters_kin', 'the_stoning_rite']
def the_inciter(case, data):
        """F3 — Deut 13:7-12 — THE LINE inciter_law_declared writing pity_barred REUSED (the five prohibitions against the standing duties; the court's rule inverted) and israel_hears_and_fears (THE FORMULA'S FIRST 

  seducers.the_inciter({ask:entice_two_senses})                          ("entice, two senses (13:7) — error and provocation (the Sifrei 87:1-2); in secret answered in public (87:12); seclusion from 'the son of your mother' (Kiddushin 80b:6): the one enticed in error accepted — the inciter's guilt the same", ['accepted'])
  seducers.the_inciter({ask:the_courts_rule_inverted})                   ("the court's rule inverted (13:9-10) — the acquitted brought back to convict, the convicted not brought back to acquit (the Sifrei 89:6-7; Sanhedrin 33b:7 with 13:9 and 13:10 its two sources; Mishnah Sanhedrin 4:1's ordinary rule by CALL — OR.courts); the consent alone the liability (61b:3-11): the
  seducers.the_inciter({ask:the_entrapment})                             ("the entrapment (13:7, 13:9) — the only capital case with hidden witnesses (Sanhedrin 67a:3, 12): the lit inner room, the dark outer room, 'say what you said to me in seclusion'; the retraction's exemption, 'it is our duty' stoned (67a:5, 13); no forewarning to two hearers (67a:4): the inciter who 
  seducers.the_inciter({ask:the_execution_timing})                       ("hear and fear (13:12) — THE FORMULA'S FIRST SEAT OF FOUR (13:12, 17:13, 19:20, 21:21): THE WRITE israel_hears_and_fears — a STATUS on Israel at the chapter's own day; the execution's timing a PARAMETER — kept to the Festival (R. Akiva; Mishnah Sanhedrin 11:4) / at once with the notice (R. Yehuda) 
  seducers.the_inciter({ask:the_fifteen_utterances})                     ("the fifteen utterances (13:7, 13:14) — three forms by five services (Sanhedrin 67a:6; the Sifrei 91:3): 'I shall worship', 'I shall go and worship', 'let us go and worship' — by worship, sacrifice, incense, libation, bowing (OR.capital by CALL); the honors not capital (Mishnah 7:6): the inciter's 
  seducers.the_inciter({ask:the_five_prohibitions})                      ("the five prohibitions (13:9) — each against a standing duty: the love of the neighbor (Leviticus 19:18 — HO by CALL), the enemy's ass (Exodus 23:5 — OR by CALL), the pity (7:16 — SN by CALL), the neighbor's blood (Leviticus 19:16 — HO by CALL), the defense and the silence (the Sifrei 89:1-5): THE 
  seducers.the_inciter({ask:the_hand_first})                             ("the hand first (13:10) — the enticed's own commandment, the people's after (the Sifrei 89:8; 17:7's witnesses the twin ahead; Leviticus 24:14's hands laid by CALL — L24; Leviticus 20:2's people by CALL — SA.molech): the enticed who lets another cast the first stone accepted against", ['accepted'])
  seducers.the_inciter({ask:the_inciters_kin})                           ("the inciter's kin (13:7) — the brother by the father, the mother's son, the son and the daughter of any kind, the betrothed and the married, the convert, THE FATHER in 'as your own soul' (the Sifrei 87:4-11): THE LINE inciter_law_declared at the counter's day; the son who strikes his inciting fath
  seducers.the_inciter({ask:the_stoning_rite})                           ("the stoning's rite (13:11) — the stones and the stone (the Sifrei 90:1 — MK.capital_procedure by CALL: the wood-gatherer's cell holds it); stoned_as_commanded on the tape (the readback row VARIANT); the two verbs of stoning (Deuteronomy's against Leviticus's and Numbers'): the inciter who says 'it
==== cold_run_seducers.the_header sig ('case', 'data') (8892 chars) asks-in-source ['keep_and_do', 'the_elders_not_adding', 'the_festivals_days', 'the_headers_seal', 'the_three_grains']
def the_header(case, data):
        """F1 — Deut 13:1 — THE HEADER'S SEAL IS A SECOND ENTRY (4:2's twin, the singular; THE LINE word_sealed REUSING adding_barred — 8b's and 10b's lesson); THE THREE GRAINS the shelf reads the seal at (the word's

  seducers.the_header({ask:keep_and_do})                                 ("keep and do (13:1) — 'keep' the prohibition, 'do' the command (R. Eliezer son of Jacob, the Sifrei 82:2; 85:3 at 13:5): the one who keeps the prohibitions and neglects the commands accepted against the pair", ['accepted'])
  seducers.the_header({ask:the_elders_not_adding})                       ("the elder's not-adding (13:1) — five compartments made as one spoil the tefillin, a fifth beside stands alone (Sanhedrin 88b:14-89a:2 carried; Mishnah Sanhedrin 11:3; OH.the_exhortation('add_beside') by CALL): the elder who rules five compartments accepted against", ['accepted'])
  seducers.the_header({ask:the_festivals_days})                          ("the festival's days (13:1) — the rest of the festival offerings on another day: no added day (Reish Lakish) / an added day (R. Yochanan) — Chagigah 8b:11, 4:2's time arm by CALL: the one who completes on another day accepted (a recorded arm)", ['accepted'])
  seducers.the_header({ask:the_headers_seal})                            ("the header's seal (13:1) — 'you shall not add to it nor take from it' = 4:2's law in the singular (the only two seats; seven tokens in order; OH.the_exhortation by CALL): THE LINE word_sealed REUSING adding_barred — a second entry on Israel at the chapter's own day; the readback row VERBATIM in ki
  seducers.the_header({ask:the_three_grains})                            ("the three grains (13:1) — the word's (the priests' blessing, 82:5; Rosh Hashanah 28b), the count's (the four species (1, 1, 3, 2) from the verse's own numbers — Sukkah 34b:3-4; the strings' minimum — Menachot 41b-42a), the rite's (the mixed bloods — Mishnah Zevachim 8:10, Zevachim 80a-81a: the act
==== cold_run_seducers.the_prophet_and_the_test sig ('case', 'data') (24391 chars) asks-in-source ['elijah_at_carmel', 'the_established_prophet', 'the_evil_purged', 'the_exemptions', 'the_exodus_formula_with_redeeming', 'the_false_prophets_table', 'the_lord_is_testing_you', 'the_oven_of_akhnai', 'the_prophet_and_the_dreamer', 'the_prophets_death', 'the_sign_and_the_wonder', 'the_signs_status', 'the_six_verbs']
def the_prophet_and_the_test(case, data):
        """F2 — Deut 13:2-6 — THE LINE prophet_test_declared writing false_prophet_hearing_barred (a BLOCK — the_signs_status a PARAMETER), tested_by_the_lord (a STATUS) and cleaving_commanded REUSED (t

  seducers.the_prophet_and_the_test({ask:elijah_at_carmel})              ("Elijah at Carmel (13:5) — 'His voice' the voice of His prophets (the Sifrei 85:4): the true prophet's TEMPORARY uprooting heeded — 'to him you shall listen' and safeguarding a matter (Yevamot 90b:5-6; Sanhedrin 90a:2): Elijah at Carmel exempt", ['exempt'])
  seducers.the_prophet_and_the_test({ask:the_established_prophet})       ('the established prophet (13:2) — one already presumed a prophet needs no sign (Sanhedrin 89b:6-7 — Micah, Isaac at Moriah, Israel at Carmel): the presumed prophet who gives no sign accepted', ['accepted'])
  seducers.the_prophet_and_the_test({ask:the_evil_purged})               ("the evil purged (13:6) — THE FORMULA'S FIRST SEAT OF NINE (the DB's seats all in the book; 86:10 the doer removed): evil_purged_from_the_midst NAMED here — a body effect on the condemned person at the case, reused at the eight seats ahead; the homographs (purge_deadline, purge_commanded) named, no
  seducers.the_prophet_and_the_test({ask:the_exemptions})                ("the exemptions (13:6) — 'for he spoke': of his own will, knowing — not the coerced, not the misled (the Sifrei 86:1-2); the part-keeper exempt (Sanhedrin 90a:5): the prophet who spoke under duress exempt", ['exempt'])
  seducers.the_prophet_and_the_test({ask:the_exodus_formula_with_redeeming}) ("the exodus formula with redeeming (13:6, 13:11) — 5:6's preamble (CH by CALL), 9:26's redeeming (NR by CALL), 7:8's (SN by CALL); 'even had He no claim but that, enough' (the Sifrei 86:4-5, 90:3): the one who denies the Redeemer's claim accepted against", ['accepted'])
  seducers.the_prophet_and_the_test({ask:the_false_prophets_table})      ("the false prophet's table (13:3, 13:6) — the essence abolished: strangled; the part: exempt; the hour: heeded; IDOLATRY EVEN FOR A DAY: liable, all agree (Sanhedrin 90a:2-6; Mishnah Sanhedrin 11:5-6; SA.census by CALL): the prophet who keeps part and voids part exempt", ['exempt'])
  seducers.the_prophet_and_the_test({ask:the_lord_is_testing_you})       ("the LORD is testing you (13:4) — the participle's one seat; Genesis 22:1's tested the first seat on the tape (MM.moriah by CALL), 8:2 and 8:16 by CALL (GL), 6:16's test_barred the mirror (HI): THE WRITE tested_by_the_lord — a STATUS on Israel at the chapter's own day; the one who follows the sign 
  seducers.the_prophet_and_the_test({ask:the_oven_of_akhnai})            ("the oven of Akhnai (13:2-3) — the carob, the stream, the walls, the heavenly voice, and 'it is not in heaven': the sign not decisive in law (Bava Metzia 59b): the sage who rules by the sign accepted against", ['accepted'])
  seducers.the_prophet_and_the_test({ask:the_prophet_and_the_dreamer})   ("the prophet and the dreamer (13:2) — the dream the prophets' channel (Numbers 12:6-8 by CALL; the Sifrei 83:2), the prophet's forms Moses' (83:1); the sign the title's proof and the presumed prophet exempt from it (Sanhedrin 89b:6-7): THE LINE prophet_test_declared at the counter's day; the readba
  seducers.the_prophet_and_the_test({ask:the_prophets_death})            ("the prophet's death (13:6) — a PARAMETER: stoning (the Sifrei's majority by I2 on 'thrust' with 13:11; the Rabbis at Sanhedrin 89b:15-19) / strangling (R. Shimon; Mishnah Sanhedrin 11:1 — the answer sheet's arm; the Rambam 5:2): the false prophet who preaches idolatry put to death (the answer shee
  seducers.the_prophet_and_the_test({ask:the_sign_and_the_wonder})       ('the sign and the wonder (13:2-3) — the sign in the heavens, the wonder on the earth (the Sifrei 83:4-5; 1 Kings 13:3 the one two-token kin); the sign the credential: the prophet whose sign comes to pass and preaches nothing against the Torah accepted', ['accepted'])
  seducers.the_prophet_and_the_test({ask:the_signs_status})              ("the sign's status (13:3-4) — a PARAMETER: R. Yosei HaGelili's dominion (the sign real, the sun stopped, do not heed — Sanhedrin 90a:10) / R. Akiva's fallen prophet (Hananiah — 90a:11); either arm THE HEARING BARRED: THE WRITE false_prophet_hearing_barred — a BLOCK on Israel at the chapter's own da
  seducers.the_prophet_and_the_test({ask:the_six_verbs})                 ("the six verbs (13:5) — walk, fear, keep, obey, serve, cleave: 10:20's four (ST by CALL; cleaving_commanded on the tape — the readback row EXPANDED) and 6:13's three (HI by CALL); the first verb the cloud (85:1 — cloud_lifted a run citation), 'His voice' the prophets' (85:4): THE WRITE cleaving_com
==== cold_run_metzora.eighth sig ('q',) (8215 chars) asks-in-source ['age_and_price', 'all_stand', 'altar_before_members', 'animals', 'asham_blood_altar', 'asham_grade', 'asham_place', 'asham_waved', 'atonement_gate', 'chatat_animal', 'chatat_place', 'chatat_then_olah', 'head_oil', 'log', 'log_deficit', 'log_per', 'members', 'minchah', 'missing_member', 'oil_on_blood', 'oil_pour', 'oil_sprinkle', 'olah', 'precedence', 'station', 'tenths_per_beast']
def eighth(q):
        if q == 'animals':
            return cell('two_lambs_one_ewe_of_its_first_year', I, '14:10 "two LAMBS without blemish and one EWE of its '
                        'first year without blemish" (%s)' % (c_lambs[:2],), ['accepted']

  metzora.eighth('age_and_price')                                        {'v': "two-year-old in silver shekels, except the nazirite's and the leper's", 'p': 'IMPORT', 'why': '14:10 "lambs" beside "a ewe of its FIRST YEAR", no "silver shekels" in 14:10-12 — CALLED cold_run_tzav.asham_law(age_and_price) [IMPORT, live call; Mishnah Zevachim 10:5]', 'fx': ['—']}
  metzora.eighth('all_stand')                                            {'v': 'the_man_and_the_offerings_stand_the_man_not_waved', 'p': 'MOVE', 'why': 'Sifra, Metzora, Section 3 3-5 — all stand; the asham is waved, not the person', 'fx': ['—']}
  metzora.eighth('altar_before_members')                                 {'v': 'altar_first', 'p': 'MOVE', 'why': 'Sifra, Metzora, Chapter 3 2 — "what qualified him for the priest? the altar" — the altar before the thumbs; two priests receive: one in a vessel to the altar, one in the hand to the leper (Chapter 3 4; Mishnah Negaim 14:8)', 'fx': ['accepted']}
  metzora.eighth('animals')                                              {'v': 'two_lambs_one_ewe_of_its_first_year', 'p': 'INK', 'why': '14:10 "two LAMBS without blemish and one EWE of its first year without blemish" ((1, 1))', 'fx': ['accepted']}
  metzora.eighth('asham_blood_altar')                                    {'v': "blood below the red line, the leper's included", 'p': 'IMPORT', 'why': '14:14 "the priest shall take of the blood of the guilt offering" — its altar-blood BELOW like every asham, the 14:13 comparison defeated for placement by 7:1\'s "the law": CALLED cold_run_tzav.asham_law(leper_blood) [IMPO
  metzora.eighth('asham_grade')                                          {'v': 'most holy', 'p': 'IMPORT', 'why': '14:13 "for AS the sin offering, so the guilt offering is the priest\'s; it is MOST HOLY" — CALLED cold_run_tzav.asham_law(grade) [IMPORT, live call — the law compiled this sitting]', 'fx': ['most_holy', 'due_to_priest']}
  metzora.eighth('asham_place')                                          {'v': 'north', 'p': 'IMPORT', 'why': '14:13 "slaughter the lamb in the place where the sin offering and the burnt offering are slaughtered, in the holy place" — CALLED cold_run_offerings.dispatch(communal_shelamim_and_asham) place [IMPORT, live call; Sifra, Metzora, Section 3 8-10: the whole north s
  metzora.eighth('asham_waved')                                          {'v': 'asham_and_log_waved_together_alive', 'p': 'INK', 'why': '14:12 "the priest shall take the one lamb and offer it for a GUILT offering, and the log of oil, and WAVE them as a waving" — together, alive (Sifra, Metzora, Section 3 7; Mishnah Menachot 5:6-7: waved not presented; hand-laying and wav
  metzora.eighth('atonement_gate')                                       {'v': 'holies_after_the_atonement', 'p': 'ANSWER-SHEET', 'why': 'Mishnah Keritot 2:1 — the leper lacks atonement until the offering; 14:20 "and he shall be PURE" — the purity verb\'s fourth seat (14:[7, 8, 9, 20])', 'fx': ['declared_pure']}
  metzora.eighth('chatat_animal')                                        {'v': 'she_goat_or_ewe_lamb', 'p': 'IMPORT', 'why': '14:10 "one ewe of its first year" — the sin-offering engine\'s commoner animal: CALLED cold_run_chatat.rank(commoner) [IMPORT, live call]', 'fx': ['accepted']}
  metzora.eighth('chatat_place')                                         {'v': 'north', 'p': 'IMPORT', 'why': "14:19 the sin offering — the commoner's ewe of Lev 4:32: CALLED cold_run_offerings.dispatch(outer_chatat) place [IMPORT, live call]", 'fx': ['accepted']}
  metzora.eighth('chatat_then_olah')                                     {'v': 'chatat_atones_then_olah', 'p': 'INK', 'why': '14:19 "the priest shall make the SIN offering and atone for the one being cleansed from his impurity, and AFTERWARD slaughter the burnt offering" — the order in the ink (Sifra, Metzora, Chapter 3 13-14: atonement by the chatat; the olah after)', '
  metzora.eighth('head_oil')                                             {'v': 'R._Akiva_withholds_R._Yochanan_b._Nuri_leftover_of_the_mitzvah', 'p': 'ANSWER-SHEET', 'why': '14:18 "the REMAINDER of the oil on the head of the one being cleansed, and the priest shall atone for him" [INK]; Mishnah Negaim 14:10: not given — no atonement (R. Akiva) / atones either way (R. Yoc
  metzora.eighth('log')                                                  {'v': 'one_log', 'p': 'INK', 'why': '14:10 "and ONE log of oil" — one, not three (Sifra, Metzora, Section 3 2); the log at 14:[10, 12, 15, 21, 24]', 'fx': ['accepted']}
  metzora.eighth('log_deficit')                                          {'v': 'before_pouring_fill_after_pouring_new_log_R._Akiva_R._Shimon_at_the_giving', 'p': 'ANSWER-SHEET', 'why': 'Mishnah Negaim 14:10 — the deficit fork (Sifra, Metzora, Chapter 3 6)', 'fx': ['—']}
  metzora.eighth('log_per')                                              {'v': 'one_log_per_offering_R._Eliezer_b._Yaakov_vs_per_tenth_sages', 'p': 'ANSWER-SHEET', 'why': 'Mishnah Menachot 9:3 — R. Eliezer b. Yaakov: even sixty tenths one log, "for a meal offering and one log" (14:21); the sages per tenth (Sifra, Metzora, Section 4 5)', 'fx': ['—']}
  metzora.eighth('members')                                              {'v': 'right_ear_ridge_right_thumb_right_toe', 'p': 'INK', 'why': '14:14 "on the RIDGE of the RIGHT ear of the one being cleansed, on the thumb of his RIGHT hand, on the big toe of his RIGHT foot" — "the right" x3 at 14:14, 17, 25, 28 (the three members) and x1 at 14:16, 27 (the priest\'s right FING
  metzora.eighth('minchah')                                              {'v': 'three_tenths_mixed_with_oil', 'p': 'INK', 'why': '14:10 "three TENTHS of fine flour, a meal offering mixed with oil" — the tenth\'s measure is data', 'fx': ['accepted']}
  metzora.eighth('missing_member')                                       {'v': 'no_purity_ever_R._Eliezer_its_place_R._Shimon_the_left', 'p': 'ANSWER-SHEET', 'why': 'Mishnah Negaim 14:9 — no thumb, toe, or right ear: no purity ever; the two dissents (Sifra, Metzora, Chapter 3 11)', 'fx': ['barred_from_holies']}
  metzora.eighth('oil_on_blood')                                         {'v': 'on_the_place_of_the_blood', 'p': 'MOVE', 'why': '14:17 "ON THE BLOOD of the guilt offering" against 14:28 "on the PLACE of the blood" ((1, 1)) [INK] — Sifra, Metzora, Chapter 3 10: the place causes, not the blood — blood wiped away, the spot still serves (Mishnah Negaim 14:10 quotes 14:28)', 
  metzora.eighth('oil_pour')                                             {'v': 'into_the_priests_left_palm_the_fellows_or_his_own', 'p': 'MOVE', 'why': '14:15 "pour on the priest\'s LEFT palm" [INK]; Sifra, Metzora, Chapter 3 7: the fellow-priest\'s palm, his own valid (Mishnah Negaim 14:10)', 'fx': ['—']}
  metzora.eighth('oil_sprinkle')                                         {'v': 7, 'p': 'INK', 'why': '14:16 "dip his RIGHT finger in the oil on his left palm and sprinkle of the oil with his finger SEVEN times before the LORD" — toward the Holy of Holies, a dip per sprinkling (Mishnah Negaim 14:10)', 'fx': ['sprinkled_seven']}
  metzora.eighth('olah')                                                 {'v': 'wholly_to_fires', 'p': 'IMPORT', 'why': '14:20 "the priest shall offer up the burnt offering and the meal offering on the altar" — CALLED cold_run_offerings.dispatch(olah:flock) disposition [IMPORT, live call]', 'fx': ['smoked_to_the_lord']}
  metzora.eighth('precedence')                                           {'v': "chatat first, except the leper's asham", 'p': 'IMPORT', 'why': "14:12 the guilt offering BEFORE 14:19 the sin offering — the ink's order; CALLED cold_run_tzav.asham_law(precedence) [IMPORT, live call; Mishnah Zevachim 10:5]", 'fx': ['—']}
  metzora.eighth('station')                                              {'v': 'before_the_LORD_at_the_tent_door_Nicanors_gate', 'p': 'DATA', 'why': '14:11 "the priest shall set the man being cleansed and them BEFORE THE LORD at the door of the tent of meeting" [INK]; the gate is data geography — Nicanor\'s gate, backs east, faces west (Sifra, Metzora, Section 3 6; Mishn
  metzora.eighth('tenths_per_beast')                                     {'v': 'one_tenth_per_beast', 'p': 'MOVE', 'why': "Sifra, Metzora, Section 3 1 (R. Yehuda b. Beteira: the poor's one-tenth-per-beast fixes the rich at three for three); Chapter 2 9-10: the three tenths belong to the beasts", 'fx': ['accepted']}
==== cold_run_metzora.poor sig ('q',) (4126 chars) asks-in-source ['animals', 'asham_never_scaled', 'bird_olah_place', 'bird_order', 'birds', 'both_clauses', 'closing', 'father', 'many_marks', 'mixed', 'reach_forms', 'sampling_point', 'swap', 'vower']
def poor(q):
        if q == 'animals':
            return cell('one_lamb_asham_one_tenth_one_log_two_birds', I, '14:21-22 "if he is POOR and his hand does not '
                        'reach: ONE lamb for a guilt offering to be waved, ONE tenth of fi

  metzora.poor('animals')                                                {'v': 'one_lamb_asham_one_tenth_one_log_two_birds', 'p': 'INK', 'why': '14:21-22 "if he is POOR and his hand does not reach: ONE lamb for a guilt offering to be waved, ONE tenth of fine flour mixed with oil, a log of oil, and two turtledoves or two young pigeons"', 'fx': ['accepted']}
  metzora.poor('asham_never_scaled')                                     {'v': 'the_lamb_asham_in_both_scales', 'p': 'INK', 'why': '14:21 "one LAMB for a guilt offering" — the same asham lamb as 14:12; only the sin and burnt offerings scale to birds (Sifra, Metzora, Section 4 4: the asham is never scaled)', 'fx': ['accepted']}
  metzora.poor('bird_olah_place')                                        {'v': 'above_the_red_line_south_east_corner', 'p': 'IMPORT', 'why': "14:22 the bird burnt offering — Lev 1:14-17's rite: CALLED cold_run_minchah.bird(place) [IMPORT, live call]", 'fx': ['accepted']}
  metzora.poor('bird_order')                                             {'v': 'chatat_first', 'p': 'IMPORT', 'why': "14:22 writes the sin offering first [INK]; the pair's order is the Lev 5 engine's: CALLED cold_run_vayikra5.graded_offering(birds) -> 'CONFESS; two birds: chatat FIRST, then olah per Lev 1' [IMPORT, live call; Sifra, Metzora, Section 4 14: the meal preced
  metzora.poor('birds')                                                  {'v': 'one_chatat_one_olah', 'p': 'INK', 'why': '14:22 "the one a sin offering and the one a burnt offering" — the pair formula of 12:8, 15:15, 15:30', 'fx': ['pair_owed']}
  metzora.poor('both_clauses')                                           {'v': 'poor_AND_hand_not_reaching', 'p': 'MOVE', 'why': '"poor" AND "his hand does not reach" [INK] — Sifra, Metzora, Section 4 1: each clause alone would miss a case ("until two verses say it, we have not heard")', 'fx': ['—']}
  metzora.poor('closing')                                                {'v': 'the_law_for_the_one_whose_hand_does_not_reach', 'p': 'INK', 'why': '14:32 "this is the law for the one in whom is a mark of leprosy, whose hand does not reach in his cleansing" — the closing torah names the poor scale alone', 'fx': ['—']}
  metzora.poor('father')                                                 {'v': 'son_daughter_slave_maidservant_not_wife_R._Yehuda_wife_rich', 'p': 'ANSWER-SHEET', 'why': 'Mishnah Negaim 14:12 — a man brings the poor offering for his son, daughter, slave, maidservant; R. Yehuda: for his wife the rich (the marriage-contract lien, Sifra, Metzora, Section 4 16)', 'fx': ['acc
  metzora.poor('many_marks')                                             {'v': 'one_offering_birds_do_not_count_until_the_chatat_R._Yehuda_asham', 'p': 'ANSWER-SHEET', 'why': 'Mishnah Keritot 2:3 — afflicted many times: one offering; brought his birds and was afflicted again — they do not count until the sin offering (R. Yehuda: the guilt offering)', 'fx': ['accepted']}
  metzora.poor('mixed')                                                  {'v': 'writes_his_property_to_another_brings_the_poor_offering', 'p': 'ANSWER-SHEET', 'why': "Mishnah Negaim 14:13 — R. Yehoshua's answer to the men of Alexandria", 'fx': ['accepted']}
  metzora.poor('reach_forms')                                            {'v': [22, 30, 31, 32], 'p': 'INK', 'why': '"his hand reaches" at 14:[22, 30, 31, 32] — the three reach-forms the Sifra enumerates (Section 4 11: verses 22, 30, 31) with the closing torah\'s (32)', 'fx': ['—']}
  metzora.poor('sampling_point')                                         {'v': 'at_the_asham_R._Yehuda_Sifra_vs_the_chatat_R._Shimon', 'p': 'ANSWER-SHEET', 'why': 'Mishnah Negaim 14:11 — poor and grew rich, rich and grew poor: all follows the sin offering (R. Shimon) / the guilt offering (R. Yehuda); Sifra, Metzora, Section 4 13 records the asham as its own verdict: stat
  metzora.poor('swap')                                                   {'v': 'poor_brought_rich_valid_rich_brought_poor_not', 'p': 'ANSWER-SHEET', 'why': 'Mishnah Negaim 14:12 (Sifra, Metzora, Section 4 16)', 'fx': ['accepted', 'disqualified']}
  metzora.poor('vower')                                                  {'v': 'the_lepers_status_not_the_vowers', 'p': 'ANSWER-SHEET', 'why': 'Mishnah Arakhin 4:2 — "this leper\'s offering is upon me": a poor leper, the poor offering; 14:21 "if HE is poor" (Sifra, Metzora, Section 4 2)', 'fx': ['accepted']}
==== cold_run_metzora.shave sig ('q',) (2026 chars) asks-in-source ['day_gap', 'festival', 'instrument', 'late', 'nazirite', 'sites', 'status', 'three_shavers']
def shave(q):
        if q == 'sites':
            return cell('head_beard_eyebrows_all_hair', I, '14:9 "his HEAD and his BEARD and his EYEBROWS — all his hair '
                        'he shall shave" ("all his hair" x%d in the verse)' % c_all_hair, 

  metzora.shave('day_gap')                                               {'v': 'shave_seventh_offer_eighth_sunset_between', 'p': 'MOVE', 'why': '14:9 "on the SEVENTH day" / 14:10 "on the EIGHTH day" [INK] — Sifra, Metzora, Chapter 2 7: shaved on the eighth, not the same day (R. Akiva: sunset must interpose; Mishnah Nazir 6:6 R. Tarfon\'s challenge: the leper\'s purity ha
  metzora.shave('festival')                                              {'v': 'shaves_on_the_festival', 'p': 'ANSWER-SHEET', 'why': 'Mishnah Moed Katan 3:1 — the leper rising from impurity to purity shaves on the festival (the commanded shave is not delayed)', 'fx': ['shaved_whole']}
  metzora.shave('instrument')                                            {'v': 'razor_only_two_hairs_left_is_nothing', 'p': 'ANSWER-SHEET', 'why': 'Mishnah Negaim 14:4 — not by a razor, or two hairs left: did nothing (Sifra, Metzora, Chapter 2 6)', 'fx': ['shaved_whole']}
  metzora.shave('late')                                                  {'v': 'valid_8th_9th_10th', 'p': 'MOVE', 'why': 'Sifra, Metzora, Chapter 2 5 — late shaving valid', 'fx': ['shaved_whole']}
  metzora.shave('nazirite')                                              {'v': 'commanded_shave_overrides', 'p': 'ANSWER-SHEET', 'why': 'Mishnah Nazir 6:5 — shaving was permitted from its rule by the shaving of mitzvah', 'fx': ['shaved_whole']}
  metzora.shave('sites')                                                 {'v': 'head_beard_eyebrows_all_hair', 'p': 'INK', 'why': '14:9 "his HEAD and his BEARD and his EYEBROWS — all his hair he shall shave" ("all his hair" x2 in the verse)', 'fx': ['shaved_whole']}
  metzora.shave('status')                                                {'v': 'tevul_yom_eats_tithe_sunset_terumah_atonement_holies', 'p': 'ANSWER-SHEET', 'why': 'Mishnah Negaim 14:3 — the three purities: after the second shave a tevul yom eating tithe; sunset, terumah; the atonement, holies (Keritot 2:1: the leper lacks atonement)', 'fx': ['declared_pure', 'barred_from
  metzora.shave('three_shavers')                                         {'v': 'nazirite_leper_levites', 'p': 'ANSWER-SHEET', 'why': 'Mishnah Negaim 14:4 — the three who shave by command', 'fx': ['—']}
==== YO — the clock cells on the design's values (the cycle's years; the Hebrew slave sold to an Israelite for 60 with 20 years to the jubilee, 6 elapsed; the valuation of a male 30; the going out; the interest's scope):
  YO.cycle(1)                                                            {'v': 'work_year', 'p': 'INK', 'why': 'שש שנים תזרע (six years you shall sow) at 25:3', 'fx': ['—']}
  YO.cycle(6)                                                            {'v': 'work_year', 'p': 'INK', 'why': 'שש שנים תזרע (six years you shall sow) at 25:3', 'fx': ['—']}
  YO.cycle(7)                                                            {'v': 'sabbath_of_the_land', 'p': 'INK', 'why': 'ובשנה השביעת שבת שבתון (in the seventh year a sabbath of rest) at 25:4 — no sowing, pruning, reaping, gathering (25:4-5)', 'fx': ['land_release', 'labor_barred']}
  YO.cycle(14)                                                           {'v': 'sabbath_of_the_land', 'p': 'INK', 'why': 'ובשנה השביעת שבת שבתון (in the seventh year a sabbath of rest) at 25:4 — no sowing, pruning, reaping, gathering (25:4-5)', 'fx': ['land_release', 'labor_barred']}
  YO.cycle(49)                                                           {'v': 'sabbath_of_the_land', 'p': 'INK', 'why': 'ובשנה השביעת שבת שבתון (in the seventh year a sabbath of rest) at 25:4 — no sowing, pruning, reaping, gathering (25:4-5)', 'fx': ['land_release', 'labor_barred']}
  YO.cycle(50)                                                           {'v': 'jubilee', 'p': 'INK', 'why': 'שנת החמשים (the fiftieth year) at 25:10-11 — seven sabbaths of years = forty-nine (25:8 states תשע וארבעים), the fiftieth sanctified', 'fx': ['jubilee_release', 'returns_to_holding', 'goes_free', 'land_release', 'labor_barred']}
  YO.jubilee()                                                           {'cycle_length': {'v': 49, 'p': 'INK', 'why': 'תשע וארבעים שנה at 25:8 — the product stated', 'fx': ['jubilee_release']}, 'jubilee_year': {'v': 50, 'p': 'INK', 'why': 'החמשים at 25:10 and 25:11', 'fx': ['jubilee_release']}, 'release_day': {'v': 'tenth_of_seventh_month_yom_kippur', 'p': 'INK', 'why': 'בחדש השבעי בעשור לחדש ביום הכפרים at 25:9', 'fx': ['jubilee_release', 'returns_to_holding', 'goes_free']}, 'sanctified
  YO.sabbatical()                                                        {'torah_labors': {'v': 4, 'p': 'INK', 'why': 'the four verbs the ink writes at 25:4-5: תזרע / תזמר / תקצור / תבצר — sow, prune, reap, gather', 'fx': ['labor_barred', 'land_release']}, 'derivative_layer': {'v': 'rabbinic_verse_as_support', 'p': 'MOVE', 'why': 'the census the Sifra reads from "your field NOT, your vineyard NOT" (weeding, hoeing, trimming, fertilizing, smoking) is RULED rabbinic, the verse a mere suppor
  YO.interest()                                                          {'both_nouns': {'v': 'barred', 'p': 'INK', 'why': 'נשך ותרבית at 25:36; בנשך / ובמרבית at 25:37', 'fx': ['interest_barred']}, 'definitions': {'v': 'money_bite_vs_produce_increase', 'p': 'MOVE', 'why': 'a sela for five dinars; wheat reckoned at the risen price for wine he lacks (Sifra Behar Section 5 2)', 'fx': ['interest_barred']}}
  YO.hebrew_slave("israelite", 60, 20, 6)                                {'status': {'v': 'hireling_resident', 'p': 'INK', 'why': 'כשכיר כתושב יהיה עמך at 25:40', 'fx': ['—']}, 'slave_work': {'v': 'barred', 'p': 'INK', 'why': 'לא תעבד בו עבדת עבד at 25:39', 'fx': ['—']}, 'rigor': {'v': 'barred', 'p': 'INK', 'why': 'לא תרדה בו בפרך at 25:43 (and 25:53 in your sight)', 'fx': ['—']}, 'exit': {'v': 'at_jubilee_with_children', 'p': 'INK', 'why': 'עד שנת היבל יעבד עמך (until the Jubilee year he
  YO.hebrew_slave("gentile", 60, 20, 6)                                  {'status': {'v': 'hireling_resident', 'p': 'INK', 'why': 'כשכיר כתושב יהיה עמך at 25:40', 'fx': ['—']}, 'slave_work': {'v': 'barred', 'p': 'INK', 'why': 'לא תעבד בו עבדת עבד at 25:39', 'fx': ['—']}, 'rigor': {'v': 'barred', 'p': 'INK', 'why': 'לא תרדה בו בפרך at 25:43 (and 25:53 in your sight)', 'fx': ['—']}, 'exit': {'v': 'at_jubilee_with_children', 'p': 'INK', 'why': 'עד שנת היבל יעבד עמך (until the Jubilee year he
  YO.going_out()                                                         {'v': 'to_the_priests', 'p': 'INK', 'why': 'והיה השדה בצאתו ביבל קדש ליהוה כשדה החרם לכהן תהיה אחזתו (and the field in its going out in the jubilee shall be holy to the LORD as the devoted field; to the priest shall be its holding) at 27:21 — the holding unredeemed', 'fx': ['goes_out_in_the_jubilee', 'due_to_priest']}
  YO.going_out(redeemed_by="brother")                                    {'v': 'to_the_priests', 'p': 'INK', 'why': 'והיה השדה בצאתו ביבל קדש ליהוה כשדה החרם לכהן תהיה אחזתו (and the field in its going out in the jubilee shall be holy to the LORD as the devoted field; to the priest shall be its holding) at 27:21 — the holding unredeemed', 'fx': ['goes_out_in_the_jubilee', 'due_to_priest']}
  YO.valuation("male", 30)                                               {'v': 50, 'p': 'INK', 'why': 'ערכך at 27:3 — the bracket 20-60, male', 'fx': ['gives_fixed_sum']}
  YO.valuation("female", 30)                                             {'v': 30, 'p': 'INK', 'why': 'ערכך at 27:3 — the bracket 20-60, female', 'fx': ['gives_fixed_sum']}
  YO.interest_scope("brother")                                           {'v': 'barred', 'p': 'INK', 'why': 'אל תקח מאתו נשך ותרבית (take no interest or increase from him) … וחי אחיך עמך (25:36, that your brother may live with you) — your BROTHER', 'fx': ['interest_barred']}
  YO.interest_scope("foreigner")                                         {'v': 'permitted', 'p': 'MOVE', 'why': "IMPORT EDGE (M-07): לנכרי תשיך ולאחיך לא תשיך (to the foreigner you may lend at interest, to your brother not — Deut 23:21); Mishnah Bava Metzia 5:6's iron sheep from gentiles", 'fx': ['—']}
  YO.support_duty("grew_poor")                                           {'v': 'no_duty_stated', 'p': 'INK', 'why': 'no faltering hand in the case', 'fx': ['—']}
  YO.sale_manner("slave_sale")                                           {'v': 'permitted', 'p': 'INK', 'why': "a private sale is not the slave-market's form", 'fx': ['—']}
  YO.gentile_slave()                                                     {'term': {'v': 'forever', 'p': 'INK', 'why': 'לעלם בהם תעבדו at 25:46', 'fx': ['—']}, 'acquisition': {'v': 'money_deed_possession', 'p': 'MOVE', 'why': '"a holding for you" — as land is acquired, so slaves (Sifra Behar Section 6 4)', 'fx': ['—']}}
  YO.arrival_unredeemed()                                                {'yehuda': {'v': 'enter_and_pay_its_value — Rabbi Yehuda', 'p': 'ANSWER-SHEET', 'why': 'הכהנים נכנסים לתוכה ונותנים את דמיה (the priests enter it and give its value) — the Sifra\'s ground, Chapter 11 1: "holy" here as "holy" at 27:14, it goes out only by redemption', 'fx': ['due_to_priest', 'pays']}, 'shimon': {'v': 'enter_and_do_not_pay — Rabbi Shimon', 'p': 'ANSWER-SHEET', 'why': 'נכנסין אבל לא נותנין (they enter b
==== the runners' cells and DATA keys:
yovel cells                                                              ['arrival_unredeemed', 'cell', 'count', 'cycle', 'field_kind_by_father', 'field_sale', 'field_valuation', 'gentile_slave', 'going_out', 'hebrew_slave', 'house_sale', 'interest', 'interest_scope', 'jubilee', 'law_yovel', 'mishnah', 'overreaching', 'owner_price', 'rigor_visibility', 'sabbatical', 'sale_manner', 'scene', 'scene_counts_fork', 'strip', 'support_duty', 'tithe_naming', 'toks', 'valuation']
yovel DATA keys                                                          []
calendar cells                                                           ['dat', 'first_fruits', 'ink', 'kid_in_milk', 'law_calendar', 'matzah', 'move', 'offering_windows', 'out', 'pilgrimage', 'sabbatical', 'scene', 'strip', 'verse_text', 'weekly_rest']
calendar DATA keys                                                       []
mishpatim cells                                                          ['grade', 'has_lemma', 'law_mishpatim', 'scene', 'strip', 'words']
mishpatim DATA keys                                                      []
mishpatim_2 cells                                                        ['grade', 'has', 'law_mishpatim_2', 'scene']
mishpatim_2 DATA keys                                                    []
mishpatim_3 cells                                                        ['burglar', 'cell', 'killer', 'law_mishpatim_3', 'maidservant', 'mishnah', 'parent_curser', 'parent_striker', 'scene', 'slave_struck', 'strip', 'toks']
mishpatim_3 DATA keys                                                    []
ordinances cells                                                         ['altar', 'anytok', 'capital', 'cell', 'courts', 'firstling', 'gifts', 'has', 'land', 'law_ordinances', 'load', 'loan', 'mrow', 'scene', 'seats', 'stranger', 'strip', 'tanakh', 'tanakh_phrase', 'toks', 'torn']
ordinances DATA keys                                                     []
erection cells                                                           ['E', 'align', 'anytok', 'ascent', 'bag', 'blood_covenant', 'build', 'calf', 'cell', 'cloud', 'command', 'covenant', 'craftsmen', 'delta', 'donation', 'execution', 'first_in', 'fmt', 'fmt2', 'has', 'initiations', 'jac', 'law_erection', 'load', 'mrow', 'nations', 'norm', 'phrase', 'presence', 'raw', 'repeats', 'scene', 'scene_counts_w6', 'scene_counts_w7', 'seats', 'shares', 'strip', 'tablets', 'tanakh', 'tanakh_any', 'tanakh_phrase', 'toks', 'torah', 'torah_phrase']
erection DATA keys                                                       []
korach cells                                                             ['N', 'clause', 'dat', 'ink', 'law_korach', 'move', 'narrative', 'out', 'plague_and_staffs', 'rebellion', 'scene', 'seats_of', 'seats_of_stem', 'strip', 'the_gifts', 'the_tithe', 'the_watch', 'verse_text']
korach DATA keys                                                         ['korach_death_mode', 'korach_share', 'earth_mouth', 'sons_of_korach', 'dispute_not_for_heaven', 'maintaining_a_dispute', 'wives', 'incense_stays_plague', 'staff_hidden_with', 'levite_at_another_work', 'zar_who_served', 'genealogy_chamber', 'the_twenty_four', 'betrothed_eats', 'terumah_measure', 'devotion_default', 'redemption_means', 'one_spilling', 'exclusion_table', 'tithe_recipient', 'tithe_thresholds', 'one_in_a_hundred', 'levite_wage_condition', 'every_place', 'firstborn_threshold', 'redeeming_lamb', 'lamb_responsibility', 'donkey_timing', 'raise_before_giving', 'firstborn_eaters', 'watch_places', 'lots', 'three_crowns', 'most_holy_portion_use', 'doubtful_terumah_watch', 'devotion_by_priests']
temurah cells                                                            ['cell', 'consecrate', 'count', 'devote', 'fifth_census', 'firstborn_trick', 'law_temurah', 'load', 'redeem', 'scene', 'strip', 'substitute', 'tithe', 'toks']
temurah DATA keys                                                        []
priesthood cells                                                         ['acceptable', 'anytok', 'blemish', 'cell', 'family', 'has', 'holy_food', 'lamp_table', 'law_priesthood', 'load', 'mrow', 'phrase', 'scene', 'seats', 'strip', 'tanakh', 'toks']
priesthood DATA keys                                                     []
place_name cells                                                         ['D12', 'DATE', 'DAY', 'DIFF', 'FOUND', 'LEMT', 'LEMV', 'LEN', 'MARKS', 'N', 'NF', 'P', 'PT', 'SEAT', 'SH', 'SHARED', 'SHN', 'S_', 'U', 'W12', 'dat', 'effect_scan', 'hits', 'hyp', 'ink', 'law_place_name', 'ledger_scan', 'lemma_of', 'morphs', 'move', 'narrative', 'out', 'phrase', 'plain', 'pointed', 'rb', 'scene', 'the_border_enlarged_and_the_altar', 'the_burnt_offerings_only_there', 'the_header_and_the_demolition', 'the_nations_cut_off_and_the_abomination', 'the_place_chosen', 'the_profane_slaughter_the_blood_and_the_gates', 'the_readback', 'verse_text', 'wm', 'words']
place_name DATA keys                                                     ['the_readback', 'the_counter_and_the_parameters', 'the_rite_of_slaughter', 'the_wilderness_flesh', 'the_eras_table_unmoved', 'the_two_tithes', 'the_five_verbs', 'the_receipts_two_kinds', 'the_registrys_homograph', 'the_headers_twin', 'the_four_nouns_and_the_land_bound_rule', 'perish_in_the_piel', 'the_kings_formula', 'the_renaming', 'the_pair_12_4_12_31', 'will_choose_none_before', 'the_two_forms_of_the_name', 'his_dwelling_one_seat_and_the_two_seekings', 'judges_refrain', 'the_stations_durations', 'the_rest_a_state', 'the_three_commandments_of_the_entry', 'the_seven_offerings_three_lists', 'the_household_5_14', 'the_gazelles_homograph', 'like_water_four_ways', 'the_ladder', 'the_levites_verse_alone', 'the_pointers_two_teachers', 'the_limb_from_the_living_line', 'flesh_in_milk', 'the_sin_offerings_verb', 'the_good_and_the_right', 'the_snares_root', 'no_molech_named', 'the_db_13_1', 'the_registers_switch', 'the_parsers_one_and_the_starred_tithe', 'moses_unnamed', 'the_womans_rejoicing', 'the_blood_classes', 'the_blemished_consecrated', 'the_impure_tithes_warning', 'the_install_hypothesis', 'the_uncited_verses', 'the_credits']
sanctions cells                                                          ['adultery', 'anytok', 'beast', 'blood', 'burned_nine', 'burning_scope', 'carcass', 'cell', 'census', 'covering', 'cowives', 'curser', 'double_count', 'frame', 'from_paternal_brother', 'fx_of', 'grade', 'has', 'law_sanctions', 'levirate', 'load', 'locate20', 'mode', 'molech', 'mrow', 'names', 'nverses', 'outside', 'ov', 'phrase', 'platform', 'read_sanction', 'sanction', 'scene', 'seats', 'severity', 'strip', 'three_are_one', 'toks', 'unions_misc']
sanctions DATA keys                                                      []
holiness cells                                                           ['anytok', 'cell', 'classify', 'conduct', 'deposit', 'deposit_case', 'frame', 'gifts', 'has', 'law_holiness', 'load', 'mrow', 'phrase', 'robbery', 'scene', 'seats', 'shelamim', 'strip', 'theft', 'toks', 'tzv', 'wage', 'warning']
holiness DATA keys                                                       []
food_tithe cells                                                         ['D14', 'DATE', 'DAY', 'DIFF', 'FOUND', 'LEMT', 'LEMV', 'LEN', 'MARKS', 'N', 'NF', 'P', 'PT', 'SEAT', 'SH', 'SHARED', 'SHN', 'S_', 'U', 'V', 'W14', 'dat', 'effect_scan', 'hits', 'hyp', 'ink', 'law_food_tithe', 'ledger_scan', 'lemma_of', 'morphs', 'move', 'narrative', 'out', 'phrase', 'plain', 'pointed', 'rb', 'scene', 'the_beasts', 'the_carcass_and_the_kid', 'the_far_place_the_money_the_rejoicing_and_the_levite', 'the_readback', 'the_second_tithe', 'the_sons_and_the_cuttings', 'the_third_year', 'the_water_and_the_birds', 'verse_text', 'wm', 'words']
food_tithe DATA keys                                                     ['the_readback', 'the_counter_and_the_parameters', 'the_birds_signs', 'the_carcass_table', 'the_moneys_form', 'the_removal_date', 'the_tithes_new_year', 'the_twin_diffed', 'the_parsers_two_and_three', 'the_infinitive_absolutes', 'the_kids_three_seats', 'the_holy_people_three_seats', 'the_sojourner_two_persons', 'the_scans', 'the_registrys_homographs', 'the_priesthood_edge_naming_14_1', 'the_register', 'the_verses_no_one_cites', 'the_sonships_arms', 'the_baldness_both_ways', 'the_measure_and_the_count', 'for_the_dead', 'the_frontlets_place', 'the_ten_named', 'the_four_closed_by_it', 'the_shesua', 'the_fetus', 'the_altars_disqualified', 'the_two_lists', 'the_eggs', 'the_locusts_absent', 'the_carcass_by_fitness', 'the_sale_clause', 'the_customs_bar', 'the_benefit_counter_arm', 'the_fowl_out', 'the_liabilities', 'the_wall_two_capacities', 'the_house_standing', 'the_exiles_arm', 'heavens_property', 'the_firstling_from_outside', 'the_far_place', 'the_three_moneys', 'the_class_from_the_four', 'the_containers', 'the_levites_ladder', 'shiloh_and_the_house', 'the_gifts_exempt', 'the_four_in_want', 'the_measures', 'the_uses_barred', 'ezras_penalty', 'the_courtyard_from_your_gates', 'the_animal_tithe_now', 'the_lines_and_the_writes']
covenant_at_horeb cells                                                  ['DIFF', 'LEMT', 'LEMV', 'LEN', 'NF', 'P', 'PT', 'SHARED', 'S_', 'U', 'W5', 'dat', 'hits', 'hyp', 'ink', 'law_covenant_at_horeb', 'lemma_of', 'letters', 'lr', 'morphs', 'move', 'narrative', 'out', 'phrase', 'plain', 'pointed', 'rb', 'scene', 'the_answer_and_the_charge', 'the_assembly_called', 'the_first_tablet', 'the_second_tablet', 'the_second_word', 'the_tenth_word', 'the_voice_and_the_request', 'verse_text', 'wm', 'words']
covenant_at_horeb DATA keys                                              ['the_readback', 'the_second_word', 'the_visiting', 'the_no_image_list', 'the_tenth_word', 'the_sabbath_grounds', 'the_ninth_word', 'keep_and_remember', 'the_reward_clause', 'the_honor_by_call', 'the_receipts', 'the_two_copies', 'the_second_hole', 'the_export_division', 'the_mediator', 'the_return_to_tents', 'the_charge_to_teach', 'the_face_in_face', 'the_fathers_and_us', 'the_hear_and_do']
blessing_and_curse cells                                                 ['D11', 'DATE', 'DAY', 'DIFF', 'FOUND', 'LEMT', 'LEMV', 'LEN', 'MARKS', 'N', 'NF', 'P', 'PT', 'SEAT', 'SH', 'SHARED', 'SHN', 'S_', 'U', 'W11', 'dat', 'effect_scan', 'hits', 'hyp', 'ink', 'law_blessing_and_curse', 'ledger_scan', 'lemma_of', 'morphs', 'move', 'narrative', 'out', 'phrase', 'plain', 'pointed', 'rb', 'scene', 'the_blessing_and_the_curse', 'the_borders_and_the_dread', 'the_discipline_retold', 'the_land_watered_by_heaven', 'the_readback', 'the_second_paragraph', 'verse_text', 'wm', 'words']
blessing_and_curse DATA keys                                             ['the_readback', 'the_counter_and_the_parameters', 'rain_dates', 'gerizim_ebal_place', 'korah_unnamed_twice', 'every_living_thing_three_seats', 'the_two_named_rains_added', 'the_frontlets_three_spellings', 'the_doorposts_two_plurals', 'the_receipts_fourth_shape', 'the_borders_four_extents', 'the_returners_line', 'gilgal_one_seat', 'moses_unnamed', 'no_number_verse', 'joshuas_receipts', 'the_portion_edge', 'the_open_debits_nine_to_ten', 'the_shuttings_value_and_threshold', 'the_shuttings_causes', 'the_cattle_first_rule', 'the_pointers_two_teachers', 'the_ceremonys_day_tongue_count', 'the_dispossession_the_crossings_condition', 'the_samaritan_variant', 'the_rains_source_a_dispute', 'the_empty_export_row', 'the_uncited_verses', 'the_credits']
exodus_story cells                                                       ['amalek', 'birth', 'bricks', 'build', 'bush', 'cell', 'jethro', 'law_exodus_story', 'manna', 'marah', 'mishnah', 'night', 'oppression', 'plagues', 'scene', 'sea', 'signs', 'sinai', 'strip', 'toks', 'trials']
exodus_story DATA keys                                                   []
primeval cells                                                           ['ark', 'babel', 'breach', 'build', 'cain', 'call', 'cell', 'egypt', 'exit', 'flood', 'garden', 'hagar', 'law_primeval', 'lines', 'mishnah', 'nations', 'pieces', 'prologue', 'remembering', 'scene', 'sentences', 'separation', 'shem_line', 'strip', 'toks', 'vineyard', 'war']
primeval DATA keys                                                       []
good_land cells                                                          ['DIFF', 'LEMT', 'LEMV', 'LEN', 'MARKS', 'N', 'NF', 'P', 'PT', 'SEAT', 'SHARED', 'S_', 'U', 'W8', 'dat', 'hits', 'hyp', 'ink', 'law_good_land', 'ledger_scan', 'lemma_of', 'morphs', 'move', 'narrative', 'out', 'phrase', 'plain', 'pointed', 'rb', 'receipt_seats', 'scene', 'take_heed_lest_you_forget', 'the_chain_and_the_covenant', 'the_frame', 'the_good_land', 'the_testimony', 'the_way_of_forty_years', 'verse_text', 'wm', 'words']
good_land DATA keys                                                      ['the_readback', 'not_by_bread_alone', 'the_garment_and_the_foot', 'honey_without_milk', 'the_seven_species_seat', 'the_measures_seat', 'the_kings_law_tokens', 'my_power_my_hand', 'the_written_read_pair', 'the_interrogative_he', 'the_two_rocks', 'the_serve_bow_order', 'the_ten_uncited', 'the_credits', 'the_grace_conditional', 'the_four_blessings', 'the_blessing_before', 'the_heart_lifted']
seducers cells                                                           ['D13', 'DATE', 'DAY', 'DIFF', 'FOUND', 'LEMT', 'LEMV', 'LEN', 'MARKS', 'N', 'NF', 'P', 'PT', 'SEAT', 'SH', 'SHARED', 'SHN', 'S_', 'U', 'V', 'W13', 'dat', 'effect_scan', 'hits', 'hyp', 'ink', 'law_seducers', 'ledger_scan', 'lemma_of', 'morphs', 'move', 'narrative', 'out', 'phrase', 'plain', 'pointed', 'rb', 'scene', 'the_city_heard_of_the_inquiry_and_the_sword', 'the_footer', 'the_header', 'the_inciter', 'the_prophet_and_the_test', 'the_readback', 'the_whole_offering_the_heap_and_the_mercy', 'verse_text', 'wm', 'words']
seducers DATA keys                                                       ['the_readback', 'the_counter_and_the_parameters', 'the_signs_status', 'the_prophets_death', 'the_execution_timing', 'the_inquiries', 'the_three_grains', 'the_six_verbs', 'the_false_prophets_table', 'the_sign_and_the_presumption', 'the_purge_formulas_seats', 'the_inciters_kin', 'the_entrapment', 'the_fifteen_utterances', 'the_five_prohibitions', 'the_courts_rule_inverted', 'the_hand_first', 'the_two_verbs_of_stoning', 'the_seducers_formula', 'the_seducers_parameters', 'the_majoritys_procedure', 'the_seven_inquiries', 'the_congruence_rule', 'the_property_table', 'the_sword', 'the_heavens_spoil', 'the_heap_forever', 'the_benefit_ban', 'the_anger_keyed', 'the_mercy_two_armed', 'the_footer', 'the_parsers_one', 'the_ketiv_at_13_16', 'the_registrys_homographs', 'the_capital_courts_end', 'the_law_as_a_study_text', 'moses_unnamed', 'the_register_seats', 'the_scans']
metzora cells                                                            ['birds', 'cell', 'count', 'eighth', 'frame', 'law_metzora', 'phrase', 'poor', 'scene', 'shave', 'strip', 'toks', 'week']
metzora DATA keys                                                        []
==== MP (mishpatim) — the module's names holding the Hebrew slave (F1) and the term clock; M2's; the daemons' branches:
==== cold_run_mishpatim.EFFECTS (list): [('slave-release: FREE-YEAR-7', ['term_clock', 'goes_free']), ('slave-release: DEDUCT', ['pays', 'goes_free']), ('slave-release: FREE-AT-JUBILEE', ['jubilee_release', 'goes_free']), ('four-damages: class OX', ['—']), ('four-damages: class PIT', ['—']), ('four-damages: class GRAZING', ['—']), ('four-damages: class FIRE', ['—']), ('four-damages: BEST-OF-LAND', ['pays']), ('goring-ox: HALF-FROM-BODY', ['pays']), ('goring-ox: FULL', ['pays']), ('goring-ox: THREE (threshold)', ['forewarned']), ('goring-ox: REVERTS', ['forewarned']), ('goring-ox: STONE+RANSOM', ['stoned', 'ransom_imposed']), ('goring-ox: 30-SHEKELS', ['gives_fixed_sum']), ('injuries: MEDICAL', ['pays']), ('injuries: LIVELIHOOD', ['gives_fixed_sum']), ('injuries: DAMAGE (talion-as-money)', ['substitution']), ('injuries: PAIN', ['pays']), ('injuries: HUMILIATION', ['pays']), ('multiples: DOUBLE', ['pays_double']), ('multiples: FIVEFOLD ox', ['pays_four_five']), ('multiples: FOURFOLD sheep', ['pays_four_five']), ('multiples: RESTRICTED scope', ['—']), ('THE SCENE (the wrap)', ['term_clock', 'goes_free', 'pays', 'forewarned', 'stoned', 'gives_fixed_sum', 'ransom_imposed', 'substitution', 'pays_four_five', 'pays_double'])]
==== cold_run_mishpatim.PROBES (list): [('six', 8337, 'Exod', 21, 2), ('seventh', 7637, 'Exod', 21, 2), ('free', 2670, 'Exod', 21, 2), ('redeem', 6299, 'Exod', 21, 8), ('jubilee', 3104, 'Lev', 25, 10), ('ox', 7794, 'Exod', 21, 28), ('pit', 953, 'Exod', 21, 33), ('graze', 1197, 'Exod', 22, 4), ('fire', 784, 'Exod', 22, 5), ('best', 4315, 'Exod', 22, 4), ('divide', 2673, 'Exod', 21, 35), ('yesterday', 8543, 'Exod', 21, 29), ('day-before', 8032, 'Exod', 21, 29), ('stone', 5619, 'Exod', 21, 29), ('ransom', 3724, 'Exod', 21, 30), ('thirty', 7970, 'Exod', 21, 32), ('shekel', 8255, 'Exod', 21, 32), ('heal', 7495, 'Exod', 21, 19), ('idleness', 7674, 'Exod', 21, 19), ('wound', 6482, 'Exod', 21, 25), ('double', 8147, 'Exod', 22, 3), ('five', 2568, 'Exod', 21, 37), ('cattle', 1241, 'Exod', 21, 37), ('four', 702, 'Exod', 21, 37), ('flock', 6629, 'Exod', 21, 37), ('pay', 7999, 'Exod', 21, 36)]
==== cold_run_mishpatim.law_mishpatim sig ('event', 'world') (2963 chars) asks-in-source []
def law_mishpatim(event, world):
        """Exod 21:18-19, 21:33-34, 21:37-22:5, 21:8 (cold_run_mishpatim.py F1 DEDUCT, F2, F4, F5)."""
        k, src = event['kind'], event['case_source']
        E_ = lambda eff, s, cp=None, amount=None, due=None, law='', value=None: {'effect': eff, 'subject': s, 'counterparty': cp, 'amount': amount, 'due': due, 'value': value if value is not None else True, 'source_law': law, 'case_source': src}
        if k == 'men_quarrel':
            tal = lev24_talion(event.get('blemish', 'eye'))          # the first inter-span call, run live on the tape
            return [E_('pays', event['striker'], cp=event['victim'], amount=event['medical'], law='F4 MEDICAL [INK 21:19 "and healing he shall heal"]'),
                    E_('gives_fixed_sum', event['striker'], cp=event['victim'], amount=event['idleness'], law='F4 LIVELIHOOD [INK 21:19 "his idleness he shall give"]'),
                    E_('s

==== cold_run_mishpatim.scene sig () (4206 chars) asks-in-source []
def scene():
        """THE SCENE — the recorded cases replayed on the world engine (THE COUNT EPOCH — the day the base unit, the year derived; the answer sheet's rows as the tape)."""
        with contextlib.redirect_stdout(io.StringIO()):
            w = WE.World(era='Mishpatim: Kiddushin 1:2 and Bava Kamma 1-8 on the engine (the count epoch: the day the base unit, the year derived)', epoch='count')
            w.laws = [WE.law_slave_term, WE.law_goring_ox, law_mishpatim]
            w.advance(w.clock.at_year(1))
            w.submit({'kind': 'acquire_hebrew_slave', 'subject': 'the-master', 'master': 'the-master', 'slave': 'the-slave', 'case_source': 'Mishnah Kiddushin 1:2 — acquires himself by years'})
            w.advance(w.clock.at_year(3))
            w.submit({'kind': 'redeemed_by_deduction', 'subject': 'the-slave', 'slave': 'the-slave', 'master': 'the-master', 'amount': 30, 'case_source': 'Mishnah Kiddushin 1:

==== cold_run_mishpatim.used (list): ['term_clock', 'goes_free', 'pays', 'goes_free', 'jubilee_release', 'goes_free', '—', '—', '—', '—', 'pays', 'pays', 'pays', 'forewarned', 'forewarned', 'stoned', 'ransom_imposed', 'gives_fixed_sum', 'pays', 'gives_fixed_sum', 'substitution', 'pays', 'pays', 'pays_double', 'pays_four_five', 'pays_four_five', '—', 'term_clock', 'goes_free', 'pays', 'forewarned', 'stoned', 'gives_fixed_sum', 'ransom_imposed', 'substitution', 'pays_four_five', 'pays_double']
==== cold_run_mishpatim.wrap_cells (list): [('THE SCENE on the world engine (the wrap)', (1, 1, 1, 1, 0, 4, 250.0, 1, 1, 1, 30, 3, 1, 1, 1, 1, 1, 2, 90, 1, 20, 8), (1, 1, 1, 1, 0, 4, 250.0, 1, 1, 1, 30, 3, 1, 1, 1, 1, 1, 2, 90, 1, 20, 8), "RECORDED — the answer sheet's rows as the tape: Kiddushin 1:2 (years, then the buy-out CANCELS the year-7 timer — no fire), Bava Kamma 2:4 (three gorings: half, half, half + FOREWARNED), 1:4 (full), 4:5 (the slave: stoned + thirty), 8:1 (the five: three pays, the idleness sum, the tariff CALLED from Lev 24), 1:1 (pit, tooth, fire), 7:1 (five, four, double); the clock ABSOLUTE", 'RECORDED')]
==== cold_run_mishpatim_2.law_mishpatim_2 sig ('event', 'world') (3132 chars) asks-in-source []
def law_mishpatim_2(event, world):
        """Exod 22:15-16, 21:26-27, 21:22 (cold_run_mishpatim_2.py — the seducer, the freed limbs, the miscarriage)."""
        k, src = event['kind'], event['case_source']
        E_ = lambda eff, s, cp=None, amount=None, due=None, law='', value=None: {'effect': eff, 'subject': s, 'counterparty': cp, 'amount': amount, 'due': due, 'value': value if value is not None else True, 'source_law': law, 'case_source': src}
        if k == 'virgin_seduced':
            out = [E_('gives_fixed_sum', event['seducer'], cp=event['father'], value='FETCH-50', law='the seducer: FINE [INK 22:15-16 "he shall weigh silver like the dowry of the virgins" — the amount a POINTER to Deut 22:29, Ketubot 29b:3]'),
                   E_('pays', event['seducer'], cp=event['father'], value='humiliation', law='the seducer: TABLE [ANSWER-KEY Mishnah Ketubot 3:4]'),
                   E_('pays', event['seducer'],

==== cold_run_mishpatim_2.scene sig () (3551 chars) asks-in-source []
def scene():
        """THE SCENE — the recorded cases replayed on the world engine (clock unit: days)."""
        with contextlib.redirect_stdout(io.StringIO()):
            w = WE.World(era='Mishpatim pass 2: Ketubot 3:4, Kiddushin 24a, Bava Kamma 5:4 on the engine (clock unit: days)')
            w.laws = [law_mishpatim_2]
            w.advance(1)
            w.submit({'kind': 'virgin_seduced', 'subject': 'the-seducer', 'seducer': 'the-seducer', 'father': 'her-father', 'raped': False, 'case_source': 'Mishnah Ketubot 3:4 — the seducer pays three'})
            w.submit({'kind': 'virgin_seduced', 'subject': 'the-rapist', 'seducer': 'the-rapist', 'father': 'her-father', 'raped': True, 'case_source': 'Mishnah Ketubot 3:4 — the rapist pays four'})
            w.advance(2)
            w.submit({'kind': 'slave_maimed', 'subject': 'the-master', 'master': 'the-master', 'slave': 'the-slave', 'limb': 'eye', 'case_source': 'Exod 21

==== SE (seducers) — the DATA rows naming Belial, the base thought or 15:9; MZ (metzora) — the ear:
  SE.DATA['the_readback'] = {'value': [{'verses': 'Deut 13:1', 'told': 'all the word that I command you, it you shall keep to do; you shall not add to it nor take from it', 'grade': 'VERBATIM', 'why': "VERBATIM IN KIND — 4:2's 'you shall not add to the word which I command you, nor diminish from it' said again in the singular on 'all the word' (the only two seats; seven tokens in order): add_nothing_commanded (4:1) on the tape; THE LINE word_sealed REUSING adding_barred — a second entry (OH.the_exhortation by CALL)", 'tape_kind': 'add_nothing_commanded', 'tape_verse': 'Deut 4:1', 'cell': 'obey_horeb.the_exhortation', 'cell_found': True, 'entry': 'the tape: add_nothing_commanded Deut 4:1 (israel); the cell 4:2 add_nothi
  SE.DATA['the_seducers_parameters'] = {'value': {'gone_out': 'themselves, not agents', 'men': 'two at least; not women, not children', 'belial': 'without a yoke', 'from_your_midst': 'not the border', 'their_city': "not another's", 'saying': 'witnesses and forewarning for each', 'the_stringency': 'individuals stoned and their property spared; the multitude by the sword and their property destroyed (111b:7)'}, 'settings': {'the_source': 'Sanhedrin 111b:14-15; the Sifrei 93:1-5; Mishnah Sanhedrin 10:4 (F4 the_seducers_parameters)'}}
  SE.DATA['the_scans'] = {'value': {'seducers_scan': [], 'reuse_scan': [['israel_people'], ['israel_people'], ['israel_people']]}, 'settings': {'the_source': "the one database at import — the five new names absent on Israel before this daemon's lines (DE4); the three reused effects on israel_people alone before"}}
  MZ.eighth asks: ['age_and_price', 'all_stand', 'altar_before_members', 'animals', 'asham_blood_altar', 'asham_grade', 'asham_place', 'asham_waved', 'atonement_gate', 'chatat_animal', 'chatat_place', 'chatat_then_olah', 'head_oil', 'log', 'log_deficit', 'log_per', 'members', 'minchah', 'missing_member', 'oil_on_blood', 'oil_pour', 'oil_sprinkle', 'olah', 'precedence', 'station', 'tenths_per_beast']; ear lines: ['return cell(\'two_lambs_one_ewe_of_its_first_year\', I, \'14:10 "two LAMBS without blemish and one EWE of its \'', '\'first year without blemish" (%s)\' % (c_lambs[:2],), [\'accepted\'])', "'before the thumbs; two priests receive: one in a vessel to the altar, one in the hand to the leper '", 'return cell(\'right_ear_ridge_right_thumb_right_toe\', I, \'14:14 "on the RIDGE of the RIGHT ear of the one being \'', '\'cleansed, on the thumb of his RIGHT hand, on the big toe of his RIGHT foot" — "the right" x%d at \'', "'14:14, 17, 25, 28 (the three members) and x1 at 14:16, 27 (the priest\\'s right FINGER)' % c_right[14],", "return cell('no_purity_ever_R._Eliezer_its_place_R._Shimon_the_left', A, 'Mishnah Negaim 14:9 — no thumb, toe, '", "'or right ear: no purity ever; the two dissents (' + SM + 'Chapter 3 11)', ['barred_from_holies'])"]
==== ES (exodus_story) — the cells/rows naming the release, "not empty" (3:21), the spoil:
==== cold_run_exodus_story.bricks sig ('q',) (1869 chars) asks-in-source ['complaint_answered', 'expressions', 'kohath_bound', 'not_heard_reason', 'officers', 'refusal']
def bricks(q):
        if q == 'refusal': return cell('i_do_not_know_the_lord', I, "'who is the LORD that I should hear His voice to send Israel? I do not know the LORD, and Israel too I will not send' (5

  exodus_story.bricks('complaint_answered')                              {'v': 'pharaoh_not_the_thirty_one_kings', 'p': 'MOVE', 'why': "Sanhedrin 111a:10 — 'and You have not delivered Your people' (5:23) answered by 'NOW you will see what I do to Pharaoh' (6:1): what I do to Pharaoh you will see, but you will not see the war of the thirty-one kings — the HEAVEN entry on 
  exodus_story.bricks('expressions')                                     {'v': 5, 'p': 'INK', 'why': "the five verbs of 6:6-8 — I will bring out, I will deliver, I will redeem, I will take, I will bring in — five HEAVEN entries on the people, each closed by the ink's own fulfillment statement (12:51, 14:30, 15:13, 19:8; the land open)", 'fx': ['to_be_brought_out', 'to_be
  exodus_story.bricks('kohath_bound')                                    {'v': (133, 137, 80, 350), 'p': 'INK', 'why': "the roster's lifespans (6:18 Kohath 133, 6:20 Amram 137) with Moses' eighty (7:7) bound the years in Egypt from Kohath's descent (Gen 46:11) at 350 — the sequence runner's C3c parsed from the ink (CS5); the descent-literal reading of 12:40's 430 diverge
  exodus_story.bricks('not_heard_reason')                                {'v': 'shortness_of_spirit_and_hard_labor', 'p': 'INK', 'why': "'and they did not hear Moses from SHORTNESS OF SPIRIT and from hard labor' (6:9)", 'fx': ['not_heard']}
  exodus_story.bricks('officers')                                        {'v': 'beaten', 'p': 'INK', 'why': "'and the officers of the sons of Israel were BEATEN' (5:14) — the body entry on the officers, never closed by the ink", 'fx': ['beaten']}
  exodus_story.bricks('refusal')                                         {'v': 'i_do_not_know_the_lord', 'p': 'INK', 'why': "'who is the LORD that I should hear His voice to send Israel? I do not know the LORD, and Israel too I will not send' (5:2) — the demand of 5:1 refused: the debit stands OPEN on Pharaoh until 12:31", 'fx': ['release_demanded']}
==== cold_run_exodus_story.build sig ('q',) (4228 chars) asks-in-source ['headline_covenant_run', 'headline_plagues', 'headline_promises', 'headline_tables', 'headline_wage', 'world']
def build(q):
        if q == 'world':
            return cell(SCENE, I, "THE SCENE on the world engine — the seventy-two effect slots of the declaration in order (enslaved twice, the midwives' decree closed 

  exodus_story.build('headline_covenant_run')                            {'v': 'the_covenants_daemon_runs_on_exodus_births', 'p': 'MOVE', 'why': "THE HEADLINE (3): Moses' and Gershom's births fire the pre-Sinai daemon's eighth-day timer (Gen 17:12 'throughout your generations' — the statute's own recorded run, not seat-scoped), and the ledger shows both debits OPEN: Mose
  exodus_story.build('headline_plagues')                                 {'v': 'ten_struck_four_removed_six_open', 'p': 'INK', 'why': "THE HEADLINE (2): the ten plagues on Egypt's ledger by name (Mishnah Avot 5:4's count graded on the entries), closed only where the ink narrates a removal — the four Pharaoh entreated for; the other six stay open: the ink's own shape, not
  exodus_story.build('headline_promises')                                {'v': 'the_promises_are_heaven_entries_closed_by_the_inks_own_fulfillment_statements', 'p': 'MOVE', 'why': "THE HEADLINE (1): the five expressions of 6:6-8, the firstborn's death decreed (4:23), the release demanded (5:1), the errand (3:10) — every promise a HEAVEN or DEBIT entry OPEN until the ink 
  exodus_story.build('headline_tables')                                  {'v': 'the_traditions_day_tables_are_data_rows_graded_by_the_engine', 'p': 'MOVE', 'why': "THE HEADLINE (4): Sivan's days by Rabbi Yose and by the rabbis, the seventh of Adar, the ark's day, the Thursday of the exodus, Iyar's length — data rows with their arms in calendar_parameters.yaml; the engine
  exodus_story.build('headline_wage')                                    {'v': 'the_plunder_is_the_labors_wage_on_the_ledger', 'p': 'MOVE', 'why': "THE HEADLINE (5): 'and they emptied Egypt' (12:36) is a TRANSFER whose ground the tradition states as a ledger claim — Gebiha ben Pesisa's wage of six hundred thousand for four hundred and thirty years (Sanhedrin 91a:12, both
  exodus_story.build('world')                                            {'v': (2, 1, 1, 1, 1, 1, 1, 1, 1, 1, 1, 1, 1, 1, 1, 1, 1, 1, 1, 1, 1, 1, 1, 1, 2, 1, 1, 1, 1, 1, 1, 1, 1, 1, 1, 10, 4, 13, 1, 1, 1, 1, 9, 1, 1, 1, 1, 1, 1, 1, 1, 1, 1, 1, 1, 1, 1, 6, 1, 1, 1, 1, 1, 1, 1, 1, 1, 1, 1, 1, 1, 1, 17, 4, 3, 14, 40), 'p': 'INK', 'why': "THE SCENE on the world engine — the 
==== cold_run_exodus_story.law_exodus_story sig ('event', 'world') (9549 chars) asks-in-source []
def law_exodus_story(event, world):
        """The Exodus story's daemon: the acts of Exodus 1-19 -> the statuses the tradition names, the promises as HEAVEN entries,
        the plagues as HEAVEN entries; th

==== cold_run_exodus_story.night sig ('q',) (3100 chars) asks-in-source ['by_day', 'firstborn', 'garments', 'midnight', 'please', 'sent_formula', 'stations', 'transitions', 'wage']
def night(q):
        if q == 'midnight': return cell('the_night_of_the_fifteenth', I, "'and it was at half of the night' (12:29) — the day boundary is the evening (the calendar's row): the night after th

  exodus_story.night('by_day')                                           {'v': True, 'p': 'MOVE', 'why': "Mekhilta Pischa ch.17 row 2 — 'on that very day' (12:51): it tells that they went out by day only", 'fx': ['brought_out']}
  exodus_story.night('firstborn')                                        {'v': 'redeem (five sela — fetched constant)', 'p': 'IMPORT', 'why': "CALLED cold_run_pesach.firstborn(human) -> the verdict on the human firstborn [IMPORT, live]: the status 13:2 consecrates is grounded by the ink on THIS night — 'for on the day I struck every firstborn in the land of Egypt I sanct
  exodus_story.night('garments')                                         {'v': 'dearer_than_silver_and_gold', 'p': 'MOVE', 'why': "Mekhilta Pischa ch.35 row 1 — 'vessels of silver and vessels of gold AND GARMENTS' (12:35): the garment was dearer to them than the silver and the gold; 'and the LORD gave favor' — as it sounds (Rabbi Yishmael): before one finished saying 'le
  exodus_story.night('midnight')                                         {'v': 'the_night_of_the_fifteenth', 'p': 'INK', 'why': "'and it was at half of the night' (12:29) — the day boundary is the evening (the calendar's row): the night after the fourteenth's slaughter belongs to the fifteenth, the exodus day (12:41 'on that very day', 12:51); Mekhilta Pischa ch.29 row 1
  exodus_story.night('please')                                           {'v': 'so_that_the_righteous_one_will_not_say', 'p': 'MOVE', 'why': "Berakhot 9a:29-9b:1 — 'speak PLEASE in the ears of the people' (11:2): the school of Rabbi Yannai — 'please' is entreaty: ask of Egypt vessels of silver and gold, so that that righteous one (Abraham) will not say 'and they shall se
  exodus_story.night('sent_formula')                                     {'v': 'the_mouth_that_said_i_will_not_send', 'p': 'MOVE', 'why': 'Mekhilta Pischa-b ch.17 row 1 — \'the mouth that said "Israel too I will not send" (5:2) is the mouth that said "I will send you" (8:24)\': the release demanded closes on Pharaoh\'s own words (12:31)', 'fx': ['sent_out']}
  exodus_story.night('stations')                                         {'v': 9, 'p': 'INK', 'why': "the stations of the span: Succoth (12:37), Etham (13:20), Pi-hahiroth (14:2), Shur (15:22), Marah (15:23), Elim (15:27), the wilderness of Sin (16:1), Rephidim (17:1), the wilderness of Sinai (19:2) — nine encampments, Numbers 33's list the RUN's citation", 'fx': ['encam
  exodus_story.night('transitions')                                      {'v': 5, 'p': 'ANSWER-SHEET', 'why': "Mishnah Pesachim 10:5 — 'He brought us out from slavery to freedom, from sorrow to joy, from mourning to festival, from darkness to great light, from bondage to redemption' — five transitions on the close of the enslaved status at 12:51", 'fx': ['brought_out']}
  exodus_story.night('wage')                                             {'v': (600000, 430), 'p': 'MOVE', 'why': "Sanhedrin 91a:10-12 — the Egyptians before Alexander: 'give us the silver and gold you took'; Gebiha ben Pesisa: 'and the sojourn of the sons of Israel ... four hundred and thirty years' (12:40) — give us the WAGE of six hundred thousand (12:37) who served y
==== cold_run_exodus_story.plagues sig ('q',) (3369 chars) asks-in-source ['agents', 'darkness_days', 'first_divine', 'hardening_seats', 'lice_finger', 'one_more', 'removed', 'sea_count', 'seven_days', 'ten', 'tomorrows', 'twelve_months']
def plagues(q):
        if q == 'ten': return cell(len(PLAGUES), A, "Mishnah Avot 5:4 — 'ten plagues the Holy One brought on the Egyptians in Egypt' — the ten struck seats of the ink (7:20, 8:2, 8:13, 8:2

  exodus_story.plagues('agents')                                         {'v': (8, 5), 'p': 'INK', 'why': "of the thirteen narrative seats, Pharaoh's own heart at 7:13, 7:22, 8:11, 8:15, 8:28, 9:7, 9:34, 9:35 (eight) and the LORD's hand at 9:12, 10:20, 10:27, 11:10, 14:8 (five) — the agent read off each clause's subject", 'fx': ['heart_hardened']}
  exodus_story.plagues('darkness_days')                                  {'v': 3, 'p': 'INK', 'why': "'thick darkness in all the land of Egypt THREE DAYS' (10:22)", 'fx': ['plague_struck']}
  exodus_story.plagues('first_divine')                                   {'v': (9, 12), 'p': 'INK', 'why': "'and the LORD strengthened the heart of Pharaoh' (9:12) — the first seat with the LORD as the agent, after eight of Pharaoh's own (7:13, 7:22, 8:11, 8:15, 8:28, 9:7 ... 9:34, 9:35 his again); the tradition's count not on the local shelf under the searched forms — a
  exodus_story.plagues('hardening_seats')                                {'v': 13, 'p': 'INK', 'why': "the hardening's NARRATIVE seats (a wayyiqtol of strong / heavy with 'heart') in Exod 7-14: [(7, 13), (7, 22), (8, 11), (8, 15), (8, 28), (9, 7), (9, 12), (9, 34), (9, 35), (10, 20), (10, 27), (11, 10), (14, 8)] — thirteen; the census's five more (4:21, 7:3, 10:1, 14:4, 
  exodus_story.plagues('lice_finger')                                    {'v': 'a_demon_cannot_create_less_than_a_barleycorn', 'p': 'MOVE', 'why': "Sanhedrin 67b:15 — 'the magicians said to Pharaoh: it is the finger of God' (8:15): Rabbi Eliezer — from here, a demon cannot create a creature smaller than a barleycorn", 'fx': ['plague_struck']}
  exodus_story.plagues('one_more')                                       {'v': 'one_more_plague_then_he_sends', 'p': 'INK', 'why': "'ONE MORE plague I will bring on Pharaoh ... afterwards he will send you' (11:1) — the tenth announced as one, the release its consequence (the count's own closing)", 'fx': ['plague_struck']}
  exodus_story.plagues('removed')                                        {'v': 4, 'p': 'INK', 'why': "four removals narrated after 'entreat the LORD' (8:4, 8:24, 9:28, 10:17): the frogs died (8:9), the swarms removed 'not one remained' (8:27), the hail ceased (9:33), the locusts cast into the sea (10:19) — four heaven entries closed, six open: the ink's own shape", 'fx':
  exodus_story.plagues('sea_count')                                      {'v': ((10, 10), (10, 50)), 'p': 'MOVE', 'why': "Mishnah Avot 5:4 'ten plagues in Egypt and ten at the sea' against Mekhilta Beshalach ch.31 row 2 — Rabbi Yose HaGelili: ten in Egypt (the FINGER, 8:15) and fifty at the sea (the HAND, 14:31) — the sea's plagues derived, not narrated: one act on the t
  exodus_story.plagues('seven_days')                                     {'v': 7, 'p': 'INK', 'why': "'and seven days were filled after the LORD struck the river' (7:25) — the stretch's first stated interval", 'fx': ['plague_struck']}
  exodus_story.plagues('ten')                                            {'v': 10, 'p': 'ANSWER-SHEET', 'why': "Mishnah Avot 5:4 — 'ten plagues the Holy One brought on the Egyptians in Egypt' — the ten struck seats of the ink (7:20, 8:2, 8:13, 8:20, 9:6, 9:10, 9:23, 10:13, 10:22, 12:29), each a HEAVEN entry on Egypt with the plague's name", 'fx': ['plague_struck']}
  exodus_story.plagues('tomorrows')                                      {'v': [(8, 6), (8, 19), (8, 25), (9, 5), (9, 18), (10, 4)], 'p': 'INK', 'why': "'tomorrow' (מחר / למחר) in the plague stretch: [(8, 6), (8, 19), (8, 25), (9, 5), (9, 18), (10, 4)] — the frogs (8:6), the swarms (8:19, 8:25 Moses' answer), the pestilence (9:5; 'on the morrow' 9:6), the hail (9:18), th
  exodus_story.plagues('twelve_months')                                  {'v': 12, 'p': 'ANSWER-SHEET', 'why': "Mishnah Eduyot 2:10 — 'the judgment of the Egyptians, twelve months' (Rabbi Akiva's five twelve-month judgments) — the bound on the plague stretch, graded on the tape (CS9)", 'fx': ['plague_struck']}
==== cold_run_exodus_story.scene sig () (16467 chars) asks-in-source []
def scene():
        """THE SCENE — the story's acts on a bare world in the text's order (scene days; the tape carries the ink's markers)"""
        closes = [0]
        def close(eid, eff, note, value=None):
       

==== cold_run_exodus_story.sea sig ('q',) (3290 chars) asks-in-source ['bones', 'faith_song', 'not_one', 'pillar_measure', 'saved_seat', 'serach', 'song_mode', 'song_mode_three', 'ten_at_sea', 'two_verses']
def sea(q):
        if q == 'not_one': return cell(1, I, "'not one of them remained' (14:28 'ad echad — until one) — the destroy entry on Pharaoh's host; 14:30 'Israel saw Egypt dead on the shore of the s

  exodus_story.sea('bones')                                              {'v': 'moses_merited_the_bones_of_joseph', 'p': 'ANSWER-SHEET', 'why': "Mishnah Sotah 1:9 — 'Joseph merited to bury his father ... Moses merited the bones of Joseph, and none in Israel greater than he' — the measure of goodness's row on 13:19", 'fx': ['bones_carried']}
  exodus_story.sea('faith_song')                                         {'v': 'in_the_merit_of_faith', 'p': 'MOVE', 'why': "Mekhilta Shirata ch.1 row 1 — Rabbi Nechemya: whoever accepts one commandment in faith is worthy that the holy spirit rest on him; in the merit of the faith of 'and they believed in the LORD' (14:31) the spirit rested on them and they sang (15:1)",
  exodus_story.sea('not_one')                                            {'v': 1, 'p': 'INK', 'why': "'not one of them remained' (14:28 'ad echad — until one) — the destroy entry on Pharaoh's host; 14:30 'Israel saw Egypt dead on the shore of the sea'", 'fx': ['egypt_drowned']}
  exodus_story.sea('pillar_measure')                                     {'v': 'measure_for_measure', 'p': 'MOVE', 'why': "Mekhilta Pischa-b ch.21 row 3 — 'and the LORD went before them by day' (13:21): to teach that with the measure a man measures they measure to him — Abraham escorted the ministering angels (Gen 18:16), the Place escorts his sons in the wilderness fort
  exodus_story.sea('saved_seat')                                         {'v': 'Exod 14:30', 'p': 'INK', 'why': "'and the LORD SAVED Israel that day from the hand of Egypt' — the verb's only seat in the Torah (measured): the pursuit's body entry and the second expression (delivered) close here", 'fx': ['saved']}
  exodus_story.sea('serach')                                             {'v': True, 'p': 'MOVE', 'why': 'Sotah 13a:14 (and Mekhilta Pischa-b ch.19 row 1) — how did Moses know where Joseph was buried? Serach bat Asher remained from that generation: the Egyptians made him a metal coffin and sank it in the Nile that its waters be blessed; Moses stood on the bank and called
  exodus_story.sea('song_mode')                                          {'v': ('as_the_hallel', 'as_the_shema'), 'p': 'ANSWER-SHEET', 'why': "Mishnah Sotah 5:4 — Rabbi Akiva: 'saying' (15:1) teaches that Israel answered after Moses on every word as those reading the Hallel; Rabbi Nechemya: as those reading the Shema, not as the Hallel", 'fx': ['song_sung']}
  exodus_story.sea('song_mode_three')                                    {'v': ('adult_reading_the_hallel', 'minor_reading_the_hallel', 'the_scribe_who_begins'), 'p': 'MOVE', 'why': 'Sotah 30b:11-13 — how did they say the song? Rabbi Akiva: as an adult reading the Hallel and they answer the heads of chapters; Rabbi Eliezer son of Rabbi Yose HaGelili: as a minor reading t
  exodus_story.sea('ten_at_sea')                                         {'v': 10, 'p': 'MOVE', 'why': "Mekhilta Beshalach ch.16 row 1 — 'and you, lift your staff' (14:16): TEN miracles were done for Israel at the sea (it split, it became a vault, twelve passages ...); Mishnah Avot 5:4's 'ten miracles at the sea' by name", 'fx': ['sea_split']}
  exodus_story.sea('two_verses')                                         {'v': ('Exod 13:19', 'Josh 24:32'), 'p': 'MOVE', 'why': "Sotah 13b:5 — the verses contradict: 'and Moses took the bones of Joseph with him' (13:19) and 'the bones of Joseph which the sons of Israel brought up' (Josh 24:32) — whoever begins a commandment and does not finish it, another comes and fini
==== cold_run_exodus_story.sinai sig ('q',) (4073 chars) asks-in-source ['added_day', 'bound_release', 'days_r_yose', 'days_rabbis', 'descents', 'giving_weekday', 'names_count', 'new_moon', 'one_heart', 'third_of_month_and_week', 'treasure_seats', 'tub', 'we_will_do_seats']
def sinai(q):
        if q == 'new_moon': return cell(True, M, "Shabbat 86b:5 — Rava: all agree that on the NEW MOON they came to the wilderness of Sinai ('on THIS day', 19:1 — 'this month', 12:2); Mekhil

  exodus_story.sinai('added_day')                                        {'v': 'today_like_tomorrow_with_its_night', 'p': 'MOVE', 'why': "Shabbat 87a:2-3 — Rabbi Yose: Moses added one day of his own accord, and the Holy One agreed ('the presence did not rest until the Sabbath morning'): 'today and tomorrow' (19:10) — today like tomorrow: as tomorrow has its night with it
  exodus_story.sinai('bound_release')                                    {'v': 'when_the_horn_sounds_long', 'p': 'INK', 'why': "'when the horn (היבל) sounds long they may go up the mountain' (19:13) — the block's release condition, never narrated on the tape: the block stays OPEN; the horn the jubilee's name-source (the census's homograph, named)", 'fx': ['mountain_barre
  exodus_story.sinai('days_r_yose')                                      {'v': (2, 3, 4, 7), 'p': 'MOVE', 'why': "Shabbat 86b:5-87a:1 — Rabbi Yose: the new moon on a Sunday; on the first nothing (the weariness of the road); on the SECOND 'you shall be to Me a kingdom of priests' (the ascent, 19:3-6); on the THIRD the boundary (19:12); on the FOURTH the separation (19:15)
  exodus_story.sinai('days_rabbis')                                      {'v': (3, 4, 5, 6), 'p': 'MOVE', 'why': "Shabbat 87a:1 and 86b:5 — the rabbis: the new moon on a Monday; on the second nothing; on the THIRD 'you shall be to Me'; on the FOURTH the boundary; on the FIFTH the separation; the Torah on the SIXTH", 'fx': ['sanctified_for_the_third_day']}
  exodus_story.sinai('descents')                                         {'v': 'one_of_ten', 'p': 'MOVE', 'why': "Mekhilta Bachodesh ch.11 row 1 — 'for on the third day the LORD will descend' (19:11): one of the ten descents written in the Torah", 'fx': ['descended_on_the_mountain']}
  exodus_story.sinai('giving_weekday')                                   {'v': 'sabbath', 'p': 'MOVE', 'why': "Shabbat 86b:5 — all agree the Torah was given to Israel on the SABBATH ('remember the Sabbath day', 20:8, and 'remember this day', 13:3 — as there on the very day, so here); the engine's weekday from the creation count graded against it (CS1-CS3)", 'fx': ['under
  exodus_story.sinai('names_count')                                      {'v': 6, 'p': 'INK', 'why': "the naming clauses of Exodus 1-19 (a call-verb with 'name' within four words): [(2, 10), (2, 22), (15, 23), (16, 31), (17, 7), (17, 15)] — six: Moses, Gershom, Marah, the manna, Massah and Meribah, the altar", 'fx': ['name_given']}
  exodus_story.sinai('new_moon')                                         {'v': True, 'p': 'MOVE', 'why': "Shabbat 86b:5 — Rava: all agree that on the NEW MOON they came to the wilderness of Sinai ('on THIS day', 19:1 — 'this month', 12:2); Mekhilta Bachodesh ch.1 row 3 the same", 'fx': ['encamped_at']}
  exodus_story.sinai('one_heart')                                        {'v': 'not_in_flattery_with_one_heart', 'p': 'MOVE', 'why': "Mekhilta Bachodesh ch.8 row 1 — 'and all the people answered together' (19:8): not in flattery, and not one from another, but all as one heart: 'all that the LORD has spoken we will do'", 'fx': ['undertook_to_do']}
  exodus_story.sinai('third_of_month_and_week')                          {'v': True, 'p': 'MOVE', 'why': "Shabbat 87a:6 — 'the third' (19:16): the third of the month and the third of the week — hard for the rabbis; they answer: that is Rabbi Yose's", 'fx': ['sanctified_for_the_third_day']}
  exodus_story.sinai('treasure_seats')                                   {'v': 4, 'p': 'INK', 'why': "'a treasure' (סגלה) at 19:5 in Exodus; Deut 7:6, 14:2, 26:18 the Torah's other seats (measured): the offer's HEAVEN entry, conditional on 'if you will surely hear My voice'", 'fx': ['treasured_people']}
  exodus_story.sinai('tub')                                              {'v': 'the_mountain_held_over_them_like_a_tub', 'p': 'MOVE', 'why': "Shabbat 88a:5 — 'and they stood at the foot of the mountain' (19:17): Rav Avdimi bar Chama bar Chasa — the Holy One held the mountain over them like a tub: if you accept the Torah, good; if not, there will be your burial; Rav Acha 
  exodus_story.sinai('we_will_do_seats')                                 {'v': [(19, 8), (24, 3), (24, 7)], 'p': 'INK', 'why': "'we will do' (נעשה) at [(19, 8), (24, 3), (24, 7)] — 19:8 the first answer, 24:3 and 24:7 the erection engine's (one type under two law layers: the erection daemon seat-checked to Exod 24)", 'fx': ['undertook_to_do']}
==== PV (primeval) — Abel's firstlings (4:4); CH (covenant_at_horeb) — 5:15; BC — 11:13; GL — the receipt seats:
==== cold_run_primeval.babel sig ('q',) (2949 chars) asks-in-source ['one_language', 'ptolemy', 'scatter_seats', 'ten_descents', 'thirds', 'three_parties', 'two_scatterings', 'who_to_whom']
def babel(q):
        if q == 'one_language': return cell(1, I, "'and the whole earth was of ONE language and of few words' (11:1) — the phrase's only seat in the Tanakh (measured); Bereshit Rabbah 38:6 (

  primeval.babel('one_language')                                         {'v': 1, 'p': 'INK', 'why': "'and the whole earth was of ONE language and of few words' (11:1) — the phrase's only seat in the Tanakh (measured); Bereshit Rabbah 38:6 (R. Elazar: 'few words' — sharp words against 'the LORD our God, the LORD is one' and 'Abraham was one')", 'fx': ['tower_undertaken']
  primeval.babel('ptolemy')                                              {'v': 'let_ME_go_down', 'p': 'MOVE', 'why': "Bereshit Rabbah 38:10 — 'come, let US go down' (11:7): one of the things they changed for King Ptolemy — 'come, let ME go down and confound' (Megillah 9a's list, S1's row for 12:40); R. Abba bar Kahana: 'from their language I will make a disgrace' — one a
  primeval.babel('scatter_seats')                                        {'v': [(11, 8)], 'p': 'INK', 'why': "'and the LORD SCATTERED them' (ויפץ) at 11:8 in Genesis (measured; Exod 5:12, 1 Sam 13:8 elsewhere) — the scatter verb's Torah debut inside the table's brackets (the frozen unit's export; 10:18, 10:32, 11:4 the passive and the fear)", 'fx': ['scattered']}
  primeval.babel('ten_descents')                                         {'v': 'one_of_the_ten', 'p': 'MOVE', 'why': "Bereshit Rabbah 38:9 — 'and the LORD came down to see the city and the tower' (11:5): R. Shimon bar Chalafta taught — this is one of the ten descents written in the Torah (the same list the Mekhilta counts at Exod 19:11, S1's row: one type, lord_descended
  primeval.babel('thirds')                                               {'v': ('burned', 'swallowed', 'stands'), 'p': 'MOVE', 'why': "Sanhedrin 109a:7 — R. Yochanan: the tower — a third burned, a third swallowed, a third stands; Rav: the tower's air makes one forget; Rav Yosef: Babel and Borsif are a bad sign for Torah", 'fx': ['building_ceased']}
  primeval.babel('three_parties')                                        {'v': ('to_dwell', 'to_serve_idols', 'to_make_war'), 'p': 'MOVE', 'why': "Sanhedrin 109a:5 — R. Yirmeya bar Elazar: they split into three parties — one said let us go up and dwell there (them the LORD scattered), one said let us go up and serve idols ('there the LORD confounded the language'), one s
  primeval.babel('two_scatterings')                                      {'v': ('this_world', 'the_world_to_come'), 'p': 'ANSWER-SHEET', 'why': "Mishnah Sanhedrin 10:3 — 'and the LORD scattered them from there' (11:8) — in this world; 'and from there the LORD scattered them' (11:9) — in the world to come: the second row of the stretch's three, the HEAVEN entry on the bui
  primeval.babel('who_to_whom')                                          {'v': 'mitzrayim_to_cush', 'p': 'MOVE', 'why': "Bereshit Rabbah 38:8 — 'and they said one to another' (11:3): who said to whom? R. Berekhya — Mitzrayim said to Cush: 'come, let us make bricks' — these nations are destined to be burned out of the world (the burning verb)", 'fx': ['tower_undertaken']}
==== cold_run_primeval.build sig ('q',) (3788 chars) asks-in-source ['headline_generations', 'headline_ledger', 'headline_promises', 'headline_retrograde', 'headline_two_layers', 'world']
def build(q):
        if q == 'world':
            return cell(SCENE, I, "THE SCENE on the world engine — the two hundred and nine effect slots of the declaration in order (the garden's statuses, the breach o

  primeval.build('headline_generations')                                 {'v': 'the_three_generations_of_sanhedrin_10_3_are_three_heaven_entries', 'p': 'ANSWER-SHEET', 'why': "THE HEADLINE (2): Mishnah Sanhedrin 10:3's three rows of this stretch — the flood generation, the dispersion generation, the men of Sodom — are three entries of no_share_in_the_world_to_come, each 
  primeval.build('headline_ledger')                                      {'v': 'the_ledgers_deaths_ride_the_proleptic_markers', 'p': 'INK', 'why': "THE HEADLINE (4): of the eleven 'and he died' of the stretch, ten are closing totals — proleptic markers on the tape, no event — and one, Haran's, is narrated in sequence and consumed as an act; Adam's mortality entry (3:19) 
  primeval.build('headline_promises')                                    {'v': 'the_promises_of_the_land_close_on_the_inks_own_perfect', 'p': 'MOVE', 'why': "THE HEADLINE (1): the land is promised at 12:7, 13:15 and 15:7 — three HEAVEN entries — and the covenant's own clause closes them: 'to your seed I HAVE GIVEN this land' (15:18, the perfect, the phrase's only seat in
  primeval.build('headline_retrograde')                                  {'v': 'the_reprieve_is_a_retrograde_dated_timer', 'p': 'MOVE', 'why': "THE HEADLINE (3): 6:3's hundred and twenty years are a TIMER whose speaking the tape dates BEFORE the counter (the flood minus a hundred and twenty = Noah's 480, before 5:32's five hundred where the tape stands — Pesachim 6b:7's 
  primeval.build('headline_two_layers')                                  {'v': 'seven_kinds_under_two_law_layers', 'p': 'MOVE', 'why': "THE HEADLINE (5): named, married, journeyed, lord_descended, died, believed, fled — one type each at Genesis and at Exodus or Gen 23-24: the older daemons gained the seat check their span implies (convention 14) and this daemon writes th
  primeval.build('world')                                                {'v': (1, 1, 1, 1, 1, 2, 1, 1, 1, 1, 1, 1, 1, 1, 1, 1, 1, 1, 1, 1, 1, 1, 1, 1, 1, 1, 1, 1, 1, 1, 1, 1, 1, 1, 1, 1, 1, 1, 1, 1, 1, 1, 1, 1, 1, 2, 2, 1, 1, 1, 1, 1, 1, 1, 1, 1, 1, 1, 1, 1, 1, 1, 1, 1, 1, 1, 1, 1, 1, 1, 1, 1, 1, 1, 1, 1, 1, 1, 1, 1, 1, 1, 1, 1, 1, 1, 1, 1, 1, 3, 1, 1, 1, 1, 1, 1, 1, 1,
==== cold_run_primeval.cain sig ('q',) (6257 chars) asks-in-source ['abel_days', 'bloods_seats', 'bloods_sheet', 'city_seat', 'earth_mouth', 'exile_half', 'fat_by_call', 'first_if', 'firstling_by_call', 'greater_than_father', 'lamech_wives', 'mark_arms', 'minchah_by_call', 'rebellion_three', 'refuse', 'regard_seats', 'sevenfold_seats', 'two_wives', 'wounds']
def cain(q):
        if q == 'minchah_by_call': return cell(MI.odor_classes()['v'], P, "CALLED cold_run_minchah.odor_classes() -> the three classes of 'a fire-offering of pleasing odor' in Lev 1-2 [IMPORT

  primeval.cain('abel_days')                                             {'v': 50, 'p': 'DATA', 'why': "the row abel_days_bound — Bereshit Rabbah 22:4: 'at the end of days' (4:3): R. Eliezer (the world created in Tishrei — from the festival to Chanukah) and R. Yehoshua (in Nisan — from Passover to Shavuot); by both, Abel was not in the world more than FIFTY days — record
  primeval.cain('bloods_seats')                                          {'v': [(4, 10), (4, 11)], 'p': 'INK', 'why': "'your brother's bloods' (דמי אחיך) at 4:10 and 4:11 alone in the Tanakh (measured) — the plural at both seats", 'fx': ['bloods_cry']}
  primeval.cain('bloods_sheet')                                          {'v': 'his_blood_and_the_blood_of_his_descendants', 'p': 'ANSWER-SHEET', 'why': "Mishnah Sanhedrin 4:5 — 'the voice of your brother's BLOODS cries' (4:10): it does not say 'blood' but 'bloods' — his blood and the blood of his descendants; another reading: his blood was cast on the trees and the ston
  primeval.cain('city_seat')                                             {'v': 1, 'p': 'INK', 'why': "'and he was building a city, and called the city's name after his son's name, Enoch' (4:17) — the corpus's first human build (the frozen unit's export); Bereshit Rabbah 23:1 (they called lands by their names)", 'fx': ['city_built']}
  primeval.cain('earth_mouth')                                           {'v': 'opened_once_for_abel', 'p': 'MOVE', 'why': "Sanhedrin 37b:11 — from the day the earth opened its mouth and received Abel's blood it never opened again (Isa 24:16 'from the wing of the earth' — not from its mouth); Korach's (Num 16:32) — for evil it opened, for good it did not", 'fx': ['bloods
  primeval.cain('exile_half')                                            {'v': ('fugitive_and_wanderer', 'dwelt_in_nod'), 'p': 'MOVE', 'why': "Sanhedrin 37b:12 — Rav Yehuda son of R. Chiya: EXILE atones half — at first 'a fugitive and a wanderer' (4:14), at the end 'he dwelt in the land of Nod' (4:16); the pair at 4:12 and 4:14 alone in the Tanakh (measured)", 'fx': ['fu
  primeval.cain('fat_by_call')                                           {'v': ['parts', 'pointer_4_10'], 'p': 'IMPORT', 'why': "CALLED cold_run_offerings.fat_inventory('lamb') -> the lamb's fat parts [IMPORT, live]: 'and of their FAT' (4:4) — the pointer names the species (the flock's firstlings): the offering engine's fat inventory at its first narrative seat", 'fx': [
  primeval.cain('first_if')                                              {'v': 'rule_over_it', 'p': 'MOVE', 'why': "Kiddushin 30b:5 — 'sin couches at the door ... and to you is its desire, but you shall RULE over it' (4:7): if you wish, you rule over it — the corpus's first IF (the frozen unit's export), the inclination's desire from 3:16's pair", 'fx': ['sin_at_the_door
  primeval.cain('firstling_by_call')                                     {'v': 'cannot_be_sanctified_to_the_altar', 'p': 'IMPORT', 'why': "CALLED cold_run_temurah.consecrate('firstborn') -> the firstling's own status, Lev 27:26 'no man shall sanctify it, it IS the LORD's' [IMPORT, live]: 'Abel brought of the FIRSTLINGS of his flock' (4:4) — the institution by name (a REF
  primeval.cain('greater_than_father')                                   {'v': 'a_light_command_vs_bloodshed', 'p': 'MOVE', 'why': "Bereshit Rabbah 22:11 — 'my iniquity is greater than can be borne' (4:13): greater than my father's — father transgressed a light command and was banished from the garden; this one, bloodshed, all the more", 'fx': ['cursed_from_the_ground']}
  primeval.cain('lamech_wives')                                          {'v': 'refused_tomorrow_the_flood', 'p': 'MOVE', 'why': "Bereshit Rabbah 23:4 — 'Adah and Zillah, hear my voice' (4:23): R. Yose bar Chanina — he demanded marital relations; they said: tomorrow the flood comes, shall we bear for a curse? 'for I have killed a man for my wound' — that wounds come on m
  primeval.cain('mark_arms')                                             {'v': ('a_dog', 'a_horn', 'leprosy'), 'p': 'MOVE', 'why': "Bereshit Rabbah 22:12 — 'and the LORD set a mark for Cain' (4:15): a dog He gave him; a horn He grew on him; leprosy — the arms; R. Yehuda: the beasts gathered to claim Abel's blood — 'therefore whoever slays Cain'", 'fx': ['mark_set']}
  primeval.cain('minchah_by_call')                                       {'v': 3, 'p': 'IMPORT', 'why': "CALLED cold_run_minchah.odor_classes() -> the three classes of 'a fire-offering of pleasing odor' in Lev 1-2 [IMPORT, live]: 'Cain brought of the fruit of the ground a MINCHAH to the LORD' (4:3) names the meal-offering engine's institution before its law (a REFERENCE)
  primeval.cain('rebellion_three')                                       {'v': 3, 'p': 'MOVE', 'why': "Bereshit Rabbah 23:7 — R. Simon: at three places the beginning verb is a language of REBELLION — 'then it was begun to call on the name' (4:26), 'when man began to multiply' (6:1), 'he began to be a mighty one' (10:8)", 'fx': ['idolatry_begun', 'multiplied_on_the_earth'
  primeval.cain('refuse')                                                {'v': ('from_the_refuse', 'the_firstlings'), 'p': 'MOVE', 'why': "Bereshit Rabbah 22:5 — Cain's 'of the fruit of the ground': from the refuse (the bad tenant who eats the firstfruits and honors the owner with the last); Abel's 'of the firstlings of his flock and of their fat' — R. Elazar: the first 
  primeval.cain('regard_seats')                                          {'v': [(4, 4)], 'p': 'INK', 'why': "'and the LORD REGARDED Abel and his offering' (4:4) — the regard verb's only seat in the Torah (measured; Judg 3:31, 1 Sam 23:5, 2 Sam 8:6, Job 5:15, Prov 20:22 elsewhere); 4:5 'but to Cain and his offering He did not regard'", 'fx': ['regarded', 'not_regarded']}
  primeval.cain('sevenfold_seats')                                       {'v': [(4, 15), (4, 24)], 'p': 'INK', 'why': "'sevenfold' (שבעתים) at 4:15 and 4:24 in Genesis (measured) — the LORD's handler and Lamech's quotation with the number changed: seventy and sevenfold (4:24)", 'fx': ['sevenfold_vengeance', 'seventy_sevenfold_claimed']}
  primeval.cain('two_wives')                                             {'v': ('for_offspring', 'for_pleasure'), 'p': 'MOVE', 'why': "Bereshit Rabbah 23:2 — 'and Lamech took him two wives' (4:19): the generation of the flood did so — one for offspring, one for pleasure; the marriage formula's institution (the family engine by call)", 'fx': ['wife_taken']}
  primeval.cain('wounds')                                                {'v': 'wounds_upon_wounds', 'p': 'MOVE', 'why': 'Sanhedrin 37b:10 — Rav Yehuda son of R. Chiya: Cain made in Abel his brother wounds upon wounds, bruises upon bruises, for he did not know from where the soul goes out — until he reached his neck', 'fx': ['slain']}
==== cold_run_primeval.exit sig ('q',) (3349 chars) asks-in-source ['altar_seats', 'blessing_by_call', 'by_families', 'by_permission', 'great_altar', 'heart_resolve', 'olah_by_call', 'savor_seat', 'seasons_standing']
def exit(q):
        if q == 'by_permission': return cell('entered_and_went_out_by_permission', M, "Bereshit Rabbah 34:4 — 'go out from the ark' (8:16): Noah said, as I did not enter the ark but by permis

  primeval.exit('altar_seats')                                           {'v': [(8, 20), (12, 7), (12, 8), (13, 18)], 'p': 'INK', 'why': "'and he built an altar' in the stretch: [(8, 20), (12, 7), (12, 8), (13, 18)] — Noah's (8:20), Abram's at Shechem (12:7), at Bethel (12:8), at Hebron (13:18): four altars", 'fx': ['altar_built']}
  primeval.exit('blessing_by_call')                                      {'v': [22, 28, 103], 'p': 'IMPORT', 'why': "CALLED cold_run_pre_sinai.creation('three_blessings') -> the blessing's three verse positions (the fish, the man, the day) [IMPORT, live]: 'and be fruitful and multiply on the earth' (8:17 — the exit command's formula is 1:28's and 9:1's, that engine's ins
  primeval.exit('by_families')                                           {'v': 'by_families_not_they', 'p': 'MOVE', 'why': "Sanhedrin 108b:18-19 — 'by their families they went out of the ark' (8:19): R. Yochanan — by their families, and not they (no mixing of kinds); Rav Chana bar Bizna: Eliezer to Shem the Great — how did you fare? great distress was ours in the ark: th
  primeval.exit('by_permission')                                         {'v': 'entered_and_went_out_by_permission', 'p': 'MOVE', 'why': "Bereshit Rabbah 34:4 — 'go out from the ark' (8:16): Noah said, as I did not enter the ark but by permission, so I do not go out but by permission — 'come into the ark' (7:1), 'and Noah came' (7:7), 'go out' (8:16), 'and Noah went out'
  primeval.exit('great_altar')                                           {'v': 'the_great_altar_of_jerusalem', 'p': 'MOVE', 'why': "Bereshit Rabbah 34:9 — 'and Noah built an altar to the LORD' (8:20): R. Elazar ben Yaakov — on the great altar of Jerusalem, where the first man offered; 'built' — 'he considered': why did the Holy One command me to take more of the clean th
  primeval.exit('heart_resolve')                                         {'v': 'the_righteous_rule_their_hearts', 'p': 'MOVE', 'why': "Bereshit Rabbah 34:10 — 'and the LORD said to His heart' (8:21): the wicked are in the power of their hearts ('the fool said in his heart', 'Esau said in his heart', 'Jeroboam said in his heart', 'Haman said in his heart'); the righteous 
  primeval.exit('olah_by_call')                                          {'v': 'north', 'p': 'IMPORT', 'why': "CALLED cold_run_offerings.dispatch('olah') -> the burnt offering's place (north) [IMPORT, live]: 'and offered BURNT OFFERINGS on the altar' (8:20) names the institution the offering engine compiles — the first altar and the first burnt offerings (a REFERENCE)", 
  primeval.exit('savor_seat')                                            {'v': 1, 'p': 'INK', 'why': "'and the LORD smelled the PLEASING SAVOR' (8:21) — the phrase's only seat in Genesis (measured): the offering engine's phrase (Lev 1:9 onward) at its first narrative seat; the offering-regard class's second firing after Abel's (the frozen unit's export)", 'fx': ['savor_s
  primeval.exit('seasons_standing')                                      {'v': 'as_long_as_heaven_and_earth_stand', 'p': 'MOVE', 'why': "Bereshit Rabbah 34:11 — 'while the earth remains, seedtime and harvest ... shall not cease' (8:22): R. Yudan in R. Shmuel's name — what do the sons of Noah suppose, that their covenant stands forever? as long as heaven and earth stand t
==== cold_run_primeval.garden sig ('q',) (2102 chars) asks-in-source ['couple_sheet', 'deep_sleeps', 'helper', 'living_soul', 'names_count', 'office', 'took']
def garden(q):
        if q == 'living_soul': return cell(1, I, "'and the man became a LIVING SOUL' (2:7) — the phrase as the man's predicate at 2:7 alone in Genesis (measured); Bereshit Rabbah 14:9 the f

  primeval.garden('couple_sheet')                                        {'v': ('two_males', 'male_and_female'), 'p': 'ANSWER-SHEET', 'why': "Mishnah Yevamot 6:6 — Beit Shammai: two males; Beit Hillel: a male and a female, 'as it is said: male and female He created them' (5:2) — the couple's row on the ledger's head", 'fx': ['helper_made']}
  primeval.garden('deep_sleeps')                                         {'v': ('sleep', 'prophecy', 'stupor'), 'p': 'MOVE', 'why': "Bereshit Rabbah 17:5 and 44:17 — the SAME three at both seats of the stretch: the deep sleep of sleep ('and the LORD God caused a deep sleep to fall on the man', 2:21), of prophecy ('a deep sleep fell on Abram', 15:12), of stupor (1 Sam 26:
  primeval.garden('helper')                                              {'v': ('a_help', 'against_him'), 'p': 'MOVE', 'why': "Bereshit Rabbah 17:3 — 'a help matching him' (2:18): if he merits, a help; if not, against him", 'fx': ['helper_made']}
  primeval.garden('living_soul')                                         {'v': 1, 'p': 'INK', 'why': "'and the man became a LIVING SOUL' (2:7) — the phrase as the man's predicate at 2:7 alone in Genesis (measured); Bereshit Rabbah 14:9 the five soul-names (the frozen unit's read)", 'fx': ['living_soul']}
  primeval.garden('names_count')                                         {'v': 12, 'p': 'INK', 'why': "the naming clauses of Genesis 2:4-16:16 (a call-verb with 'name' within four words): [(2, 20), (3, 20), (4, 17), (4, 25), (4, 26), (5, 2), (5, 3), (5, 29), (11, 9), (13, 4), (16, 13), (16, 15)] — fourteen seats: the beasts (2:20), Woman (2:23), Eve (3:20), the city (4:1
  primeval.garden('office')                                              {'v': ('work', 'keep'), 'p': 'INK', 'why': "'to work it and to keep it' (2:15) — the pair's only seat in the Tanakh (measured): the first office; split at the exile (3:23 'to work the ground'; 3:24 the cherubim 'to keep the way')", 'fx': ['to_work_and_keep']}
  primeval.garden('took')                                                {'v': ('elevated', 'persuaded'), 'p': 'MOVE', 'why': "Bereshit Rabbah 16:5 — 'and the LORD God TOOK the man' (2:15): R. Yehuda — He elevated him (Isa 14:2 'and peoples shall take them'); R. Nechemya — He persuaded him (Hos 14:3 'take words with you')", 'fx': ['to_work_and_keep']}
==== cold_run_primeval.law_primeval sig ('event', 'world') (16300 chars) asks-in-source []
def law_primeval(event, world):
        """FROM EDEN TO HAGAR's daemon: the acts of Genesis 2:4-16:16 -> the statuses the tradition names, the promises and
        decrees as HEAVEN entries, the debits with t

==== cold_run_primeval.lines sig ('q',) (3092 chars) asks-in-source ['begot_seats', 'bore_seats', 'died_seats', 'enoch_taken', 'noah_name', 'seth_twice', 'ten_famines', 'ten_generations', 'two_lines_names']
def lines(q):
        if q == 'begot_seats': return cell(len(c_begot), I, "'and he begot' (ויולד) at %d seats of Genesis 5-11 (measured): the ledger's refrain — Gen 5's rows (5:3-32) and Shem's (11:10-26)

  primeval.lines('begot_seats')                                          {'v': 37, 'p': 'INK', 'why': "'and he begot' (ויולד) at 37 seats of Genesis 5-11 (measured): the ledger's refrain — Gen 5's rows (5:3-32) and Shem's (11:10-26) with the after-begetting rows", 'fx': ['begotten']}
  primeval.lines('bore_seats')                                           {'v': 5, 'p': 'INK', 'why': "'and she bore' (ותלד) at 5 seats of Genesis 2-16 (measured): Cain, Abel, Enoch, Jabal, Seth, Ishmael the story's births — the mother's verb before the covenant (the eighth-day timer is the pre-Sinai daemon's run from 17:12)", 'fx': ['begotten']}
  primeval.lines('died_seats')                                           {'v': 11, 'p': 'INK', 'why': "'and he died' (וימת) at 11 seats of Genesis 2-16 (measured): the eight closing totals of Gen 5, Noah's (9:29), Haran's (11:28), Terah's (11:32) — the totals are PROLEPTIC markers on the tape (SEQUENTIAL_RUN.md section 2), no event; Haran's death alone is narrated in seq
  primeval.lines('enoch_taken')                                          {'v': 'hypocrite_taken_while_righteous', 'p': 'MOVE', 'why': "Bereshit Rabbah 25:1 — 'and he was not, for God took him' (5:24): R. Aivu — Enoch was a hypocrite, sometimes righteous, sometimes wicked; the Holy One said: while he is righteous I will take him; 'and he was not' at 5:24 alone in Genesis 
  primeval.lines('noah_name')                                            {'v': 'the_name_is_not_the_exposition', 'p': 'MOVE', 'why': "Bereshit Rabbah 25:2 — 'and he called his name Noah, saying: this one shall COMFORT us' (5:29): R. Yochanan — the exposition is not the name and the name is not the exposition (Noah — 'shall give us rest'; Nachman — 'shall comfort'); Reish
  primeval.lines('seth_twice')                                           {'v': 2, 'p': 'INK', 'why': "Seth's birth stated twice — 'and she bore a son and called his name Seth' (4:25, the mother's verb) and 'and he begot in his likeness after his image and called his name Seth' (5:3, the father's): two acts, two namings, two parents — the ledger carries both", 'fx': ['beg
  primeval.lines('ten_famines')                                          {'v': ('adam', 'lamech', 'abraham'), 'p': 'MOVE', 'why': "Bereshit Rabbah 25:3 and 40:3 — TEN famines came to the world: one in the first man's days ('cursed is the ground', 3:17), one in Lamech's ('from the ground which the LORD cursed', 5:29), one in Abraham's ('there was a famine in the land', 12
  primeval.lines('ten_generations')                                      {'v': (10, 10), 'p': 'ANSWER-SHEET', 'why': "Mishnah Avot 5:2 — ten generations from Adam to Noah, ten from Noah to Abraham: ['adam', 'seth', 'enosh', 'kenan', 'mahalalel', 'jared', 'enoch', 'methuselah', 'lamech', 'noah'] and ['shem', 'arpachshad', 'shelah', 'eber', 'peleg', 'reu', 'serug', 'nahor'
  primeval.lines('two_lines_names')                                      {'v': ('enoch', 'lamech'), 'p': 'INK', 'why': "two men named Enoch (4:17 Cain's son; 5:18 Jared's) and two named Lamech (4:18 Methushael's son; 5:25 Methuselah's) — the lines share names at the lemma level (the frozen unit's export); the registry keeps them apart", 'fx': ['begotten']}
==== cold_run_primeval.nations sig ('q',) (2362 chars) asks-in-source ['amraphel', 'cities_four', 'nimrod_greatness', 'peleg_prophet', 'shem_or_japheth_elder', 'shinar']
def nations(q):
        if q == 'nimrod_greatness': return cell('i_gave_greatness_to_nimrod', M, "Chullin 89a:7 — I gave greatness to Nimrod and he said 'come, let us build us a city' (11:4); to Pharaoh —

  primeval.nations('amraphel')                                           {'v': ('nimrod_is_his_name', 'amraphel_is_his_name'), 'p': 'MOVE', 'why': "Eruvin 53a:7 — 'and it was in the days of Amraphel' (14:1): Rav and Shmuel — one said Nimrod is his name, and why Amraphel? because he SAID (amar) and CAST (hipil) Abraham our father into the furnace of fire; one said Amraphe
  primeval.nations('cities_four')                                        {'v': 4, 'p': 'INK', 'why': "'and built Nineveh and Rehoboth-ir and Calah, and Resen' (10:11-12) — the table's four installs (the frozen unit's export); 'that is the great city' — Resen, or Nineveh: the ink's own ambiguity kept", 'fx': ['cities_built']}
  primeval.nations('nimrod_greatness')                                   {'v': 'i_gave_greatness_to_nimrod', 'p': 'MOVE', 'why': "Chullin 89a:7 — I gave greatness to Nimrod and he said 'come, let us build us a city' (11:4); to Pharaoh — 'who is the LORD'; to Sennacherib, to Nebuchadnezzar, to Hiram: the four who said 'I' — 'he began to be a mighty one in the earth' (10:8
  primeval.nations('peleg_prophet')                                      {'v': 'eber_a_great_prophet', 'p': 'MOVE', 'why': "Bereshit Rabbah 37:7 — 'the name of the one was Peleg, for in his days the earth was divided' (10:25): R. Yose ben Chalafta — Eber was a great prophet, who named for the event; the division verb at 10:25 and 1 Chr 1:19 alone (measured); the dispersi
  primeval.nations('shem_or_japheth_elder')                              {'v': 'japheth_the_elder', 'p': 'MOVE', 'why': "Bereshit Rabbah 37:7 — 'Shem ... the brother of Japheth the elder' (10:21): we do not know whether Shem is the elder or Japheth — from 'Shem a son of a hundred years begot Arpachshad two years after the flood' (11:10), Japheth is the elder (the sequenc
  primeval.nations('shinar')                                             {'v': ('the_dead_shaken_out', 'shakes_off_the_commandments'), 'p': 'MOVE', 'why': "Bereshit Rabbah 37:4 — 'in the land of Shinar' (10:10): Reish Lakish — where the dead of the generation of the flood were shaken out (nin'aru); another: which shakes off (mena'eret) the commandments — no terumah, no t
==== cold_run_primeval.pieces sig ('q',) (6979 chars) asks-in-source ['after_ten_plagues', 'also_that_nation', 'astrology', 'birds_by_call', 'by_what_merit', 'childless_by_call', 'covenant_cut_seat', 'faith_merit', 'four_hundred', 'four_things', 'fourth_generation', 'furnace', 'heir_by_call', 'kingdoms', 'reckoned_both_ways', 'ten_nations', 'two_fears']
def pieces(q):
        if q == 'two_fears': return cell(('a_righteous_man_among_the_slain', 'the_reward_consumed'), M, "Bereshit Rabbah 44:4 — 'fear not, Abram; I am a shield to you' (15:1 — the phrase's 

  primeval.pieces('after_ten_plagues')                                   {'v': 'after_i_bring_ten_plagues', 'p': 'MOVE', 'why': "Bereshit Rabbah 44:20 — 'and AFTERWARD they shall go out with great substance' (15:14): R. Acha — 'after that' is not written but 'afterward': after I bring ten plagues on them, afterward they go out with great substance; the entry closed by S1
  primeval.pieces('also_that_nation')                                    {'v': ('egypt', 'the_four_exiles'), 'p': 'MOVE', 'why': "Bereshit Rabbah 44:19 — 'and ALSO that nation whom they shall serve I will judge' (15:14): it should have said 'also'; what is 'and also'? 'also' — Egypt; 'and also' — to include the four exiles; R. Elazar in R. Yose bar Zimra's name: with the
  primeval.pieces('astrology')                                           {'v': 'no_constellation_for_israel', 'p': 'MOVE', 'why': "Nedarim 32a:9 — 'and He brought him outside' (15:5): Abraham said before Him: I looked at my constellation and I have but one son; He said: go out of your astrology — there is no constellation for Israel; Bereshit Rabbah 44:12 (He raised him 
  primeval.pieces('birds_by_call')                                       {'v': 'turtledoves_or_young_pigeons', 'p': 'IMPORT', 'why': "CALLED cold_run_minchah.bird('species') -> 'turtledoves or young pigeons' (Lev 1:14) [IMPORT, live]: 'a turtledove and a young pigeon' (15:9) — the bird offering's two species named before their law (a REFERENCE); 'but the bird he did not 
  primeval.pieces('by_what_merit')                                       {'v': 'by_the_atonements', 'p': 'MOVE', 'why': "Bereshit Rabbah 44:14 — 'whereby shall I know that I shall inherit it?' (15:8): R. Chiya son of R. Chanina — not as one complaining, but he said: by what merit? He said: by the atonements I give before you — 'take Me a three-year-old heifer' (15:9): th
  primeval.pieces('childless_by_call')                                   {'v': (14, 20, None, True), 'p': 'IMPORT', 'why': "CALLED cold_run_sanctions.sanction('uncle_wife') -> Lev 20:20's row (the warning 18:14, the sanction 20:20, no court mode, the karet: 'childless they shall die') [IMPORT, live]: 'I go CHILDLESS' (15:2 — ערירי, ariri: the word at Gen 15:2 and Jer 22:
  primeval.pieces('covenant_cut_seat')                                   {'v': 1, 'p': 'INK', 'why': "'on that day the LORD CUT a covenant with Abram' (15:18) — the cutting verb with the covenant noun: Exod 34's covenant_cut at Genesis' first cutting (a REFERENCE by lemma); Bereshit Rabbah 44:22 (this world revealed to him — and the world to come? R. Yudan, Rabban Yochan
  primeval.pieces('faith_merit')                                         {'v': 'inherited_both_worlds_by_faith', 'p': 'MOVE', 'why': "the Mekhilta Shirata ch.1 row 1 (S1's own row, read again here): so you find that Abraham our father inherited this world and the world to come only in the merit of faith, as it is said 'and he believed in the LORD' (15:6) — the faith verb
  primeval.pieces('four_hundred')                                        {'v': 400, 'p': 'INK', 'why': "'four hundred years' (15:13) — the number parsed; the seed 'from when you have seed' — Bereshit Rabbah 44:18 (משיראה לך זרע): the running setting seed_isaac's teacher on the shelf; the sequence runner's C3b (the exodus = Isaac's birth + 400 to the day)", 'fx': ['seed_t
  primeval.pieces('four_things')                                         {'v': ('gehenna', 'the_kingdoms', 'the_giving_of_the_torah', 'the_temple'), 'p': 'MOVE', 'why': "Bereshit Rabbah 44:21 — 'a smoking furnace and a torch of fire that passed between these pieces' (15:17 — 'between the pieces' the phrase's only seat in the Tanakh, measured): Shimon bar Abba in R. Yocha
  primeval.pieces('fourth_generation')                                   {'v': 4, 'p': 'INK', 'why': "'and in the FOURTH generation they shall return here' (15:16) — the ordinal parsed; Exod 6:16-20's four (Levi, Kohath, Amram, Moses — S1's roster); OPEN to Joshua", 'fx': ['fourth_generation_return', 'amorite_not_full']}
  primeval.pieces('furnace')                                             {'v': ('michael', 'the_holy_one_himself'), 'p': 'MOVE', 'why': "Bereshit Rabbah 44:13 — 'I am the LORD who brought you out of Ur of the Chaldeans' (15:7): R. Eliezer ben Yaakov — Michael went down and saved him from the furnace of fire; the rabbis — the Holy One Himself saved him; Pesachim 118a:20 (
  primeval.pieces('heir_by_call')                                        {'v': ['Deut 25:5', 'Num 27:8'], 'p': 'IMPORT', 'why': "CALLED cold_run_family.inheritance('inheritance_order_owed') -> the seats owed forward (Num 27:8, Deut 25:5) [IMPORT, live]: 'one born in my house is my HEIR' (15:3), 'this one shall not be your heir, but he who shall come out of your loins sha
  primeval.pieces('kingdoms')                                            {'v': ('babylon', 'media', 'greece', 'israel_the_bird'), 'p': 'MOVE', 'why': "Bereshit Rabbah 44:15 — 'a three-year-old heifer' — Babylon, which raised three kings; 'a three-year-old she-goat' — Media, three kings; 'a three-year-old ram' — Greece; 'a turtledove and a young pigeon' — Israel; 44:16 ('
  primeval.pieces('reckoned_both_ways')                                  {'v': 'staged_both_ways', 'p': 'INK', 'why': "'and he believed in the LORD, and He reckoned it to him as righteousness' (15:6 — the clause's only seat in the Tanakh, measured): who reckoned to whom — the frozen unit staged both readings; the ledger's status carries the note", 'fx': ['reckoned_righte
  primeval.pieces('ten_nations')                                         {'v': (10, 7, 3), 'p': 'MOVE', 'why': "Bereshit Rabbah 44:23 — 'the Kenite and the Kenizzite and the Kadmonite ...' (15:19-21): ten nations named, seven given — the Kenite, the Kenizzite and the Kadmonite for the future (Edom, Moab and Ammon); the value of land_granted", 'fx': ['land_granted']}
  primeval.pieces('two_fears')                                           {'v': ('a_righteous_man_among_the_slain', 'the_reward_consumed'), 'p': 'MOVE', 'why': "Bereshit Rabbah 44:4 — 'fear not, Abram; I am a shield to you' (15:1 — the phrase's only seat in the Tanakh, measured): R. Levi — two: Abraham feared and said, perhaps among those hosts I killed was one righteous 
==== cold_run_primeval.scene sig () (22668 chars) asks-in-source []
def scene():
        """THE SCENE — the stretch's acts on a bare world in the text's order (scene days; the tape carries the ink's markers)"""
        closes = [0]
        def close(eid, eff, note, value=None):
     

==== cold_run_primeval.sentences sig ('q',) (3718 chars) asks-in-source ['curse_seats', 'divorced_daughter', 'east_receives', 'expelled_two_worlds', 'four_desires', 'garments_kindness', 'garments_of_light', 'livelihood', 'serpent_counsel', 'seventy_one', 'thousand_year_day']
def sentences(q):
        if q == 'curse_seats': return cell(c_cursed, I, "'cursed' (ארור / ארורה) in the stretch: %r — the serpent (3:14), the ground (3:17), Cain (4:11), Canaan (9:25): the corpus's four

  primeval.sentences('curse_seats')                                      {'v': [(3, 14), (3, 17), (4, 11), (9, 25)], 'p': 'INK', 'why': "'cursed' (ארור / ארורה) in the stretch: [(3, 14), (3, 17), (4, 11), (9, 25)] — the serpent (3:14), the ground (3:17), Cain (4:11), Canaan (9:25): the corpus's four curses, the serpent's and the ground's first, the man never cursed (the 
  primeval.sentences('divorced_daughter')                                {'v': ('priests_daughter_cannot_return', 'israelites_daughter_can'), 'p': 'MOVE', 'why': "Bereshit Rabbah 21:8 — 'and He DROVE OUT the man' (3:24): R. Yochanan — like a priest's daughter divorced, who cannot return; Reish Lakish — like an Israelite's daughter divorced, who can return", 'fx': ['expel
  primeval.sentences('east_receives')                                    {'v': ('adam', 'cain', 'the_manslayer'), 'p': 'MOVE', 'why': "Bereshit Rabbah 21:9 — 'at the EAST of the garden' (3:24): Rav — everywhere the east wind receives: the first man (3:24), Cain (4:16 'east of Eden'), the manslayer (Deut 4:41 'toward the sunrise') — the refuge's direction", 'fx': ['way_gu
  primeval.sentences('expelled_two_worlds')                              {'v': ('this_world_and_the_next', 'this_world_only'), 'p': 'MOVE', 'why': "Bereshit Rabbah 21:7 — 'and He sent him out of the garden of Eden' (3:23): R. Yehuda — sent from Eden in this world and from Eden in the world to come; R. Nechemya — in this world, not the world to come", 'fx': ['expelled']}
  primeval.sentences('four_desires')                                     {'v': 4, 'p': 'MOVE', 'why': "Bereshit Rabbah 20:7 — 'and to your husband shall be your desire' (3:16): four desires — the woman's for her husband, the inclination's for Cain and his fellows (4:7 'to you is its desire'), the rains' for the earth, the Holy One's for Israel", 'fx': ['ruled_by_the_husb
  primeval.sentences('garments_kindness')                                {'v': 'begins_and_ends_with_kindness', 'p': 'MOVE', 'why': "Sotah 14a:4-6 — 'and the LORD God made for the man and for his wife garments of skin and clothed them' (3:21): walk after His attributes — He clothes the naked, so you clothe the naked; R. Simlai: the Torah begins with an act of kindness an
  primeval.sentences('garments_of_light')                                {'v': 'kutnot_or_with_an_aleph', 'p': 'MOVE', 'why': "Bereshit Rabbah 20:12 — in R. Meir's Torah they found written 'garments of LIGHT' (with an aleph): the first man's garments, like a lamp, wide below and narrow above", 'fx': ['clothed_in_skins']}
  primeval.sentences('livelihood')                                       {'v': 'harder_than_birth', 'p': 'MOVE', 'why': "Bereshit Rabbah 20:9 — Rav Asi: livelihood is harder than childbirth, twice over — of birth 'in PAIN you shall bear' (3:16), of livelihood 'in TOIL you shall eat' (3:17)", 'fx': ['ground_cursed', 'sweat_bread']}
  primeval.sentences('serpent_counsel')                                  {'v': 4, 'p': 'MOVE', 'why': "Shabbat 55b:3-4 — four died by the serpent's counsel alone (no sin of their own): Benjamin son of Jacob, Amram father of Moses, Jesse father of David, Chileab son of David — the mortality decree's reach", 'fx': ['return_to_dust']}
  primeval.sentences('seventy_one')                                      {'v': 71, 'p': 'MOVE', 'why': "Bereshit Rabbah 20:4 — R. Yehuda bar Simon in R. Hoshaya's name: from the book's beginning to here (3:14) SEVENTY-ONE mentions of the Name — it tells that the serpent was judged by a full Sanhedrin (Mishnah Sanhedrin 1:6's seventy-one)", 'fx': ['serpent_cursed']}
  primeval.sentences('thousand_year_day')                                {'v': (1000, 930, 70), 'p': 'MOVE', 'why': "Bereshit Rabbah 19:8 — 'in the day you eat of it you shall surely die' (2:17): I give him one day of MINE, which is a thousand years — he lived nine hundred and thirty and left seventy to his sons (Ps 90:10): the mortality entry OPEN on the tape, Adam's to
==== cold_run_primeval.war sig ('q',) (5968 chars) asks-in-source ['annal', 'children_not_returned', 'eliezer', 'hebrew_arms', 'night_halves', 'og', 'priest_by_call', 'priesthood_from_shem', 'punished_210', 'raised_hand', 'salem', 'thread_to_latchet', 'three_eighteen', 'tithe_by_call', 'years_arms', 'years_chain']
def war(q):
        if q == 'years_chain': return cell((12, 13, 14), I, "'twelve years they served Chedorlaomer, and in the thirteenth year they rebelled; and in the fourteenth year came Chedorlaomer' (14

  primeval.war('annal')                                                  {'v': 0, 'p': 'INK', 'why': "the war annal 14:1-11 — eleven verses with ZERO speech (the frozen unit's export): the kings' clock, the sweep, the pits, the taking of the goods", 'fx': ['defeated']}
  primeval.war('children_not_returned')                                  {'v': 'men_and_women_returned_the_children_not', 'p': 'MOVE', 'why': "Bereshit Rabbah 43:4 — 'and also the women and the people' (14:16): R. Yudan — men and women he returned, the children he did not return; they arose and converted and fenced the nakedness of their fathers", 'fx': ['goods_brought_b
  primeval.war('eliezer')                                                {'v': 'eliezer_alone', 'p': 'MOVE', 'why': "Nedarim 32a:17 — 'three hundred and eighteen': R. Ami bar Abba — Eliezer alone, equal to them all; some say: Eliezer, whose letter-count is thus (318); 32a:16 (Rav: he made them pale with Torah; Shmuel: with gold)", 'fx': ['muster_of_three_hundred_and_eigh
  primeval.war('hebrew_arms')                                            {'v': ('from_eber', 'from_beyond_the_river', 'the_language'), 'p': 'MOVE', 'why': "Bereshit Rabbah 42:8 — 'Abram the HEBREW' (14:13 — the token at 14:13 and 39:17 in Genesis, measured): R. Yehuda — the whole world on one side (ever) and he on the other; R. Nechemya — from Eber; the rabbis — from bey
  primeval.war('night_halves')                                           {'v': ('of_itself', 'its_maker_divided_it'), 'p': 'MOVE', 'why': "Bereshit Rabbah 43:3 — 'and he divided himself against them by night' (14:15): R. Binyamin bar Yefet in R. Yonatan's name — the night divided of itself; the rabbis — its Maker divided it: the Holy One said, their father acted with Me 
  primeval.war('og')                                                     {'v': 'the_escapee_is_og', 'p': 'MOVE', 'why': "Bereshit Rabbah 42:8 — 'and the escapee came' (14:13): Reish Lakish in bar Kappara's name — he is Og, he is the escapee; why Og? he found Abram sitting occupied with the commandment of cakes (uggot); not for Heaven's sake did he come: 'your nephew is t
  primeval.war('priest_by_call')                                         {'v': ['blemished_and_minors', 'chalalim'], 'p': 'IMPORT', 'why': "CALLED cold_run_priesthood.family('addressees') -> the office's four populations from Lev 21:1 [IMPORT, live]: 'and he was PRIEST of God Most High' (14:18 — 'priest' at 14:18, 41:45, 41:50, 46:20 in Genesis, measured; the priest of O
  primeval.war('priesthood_from_shem')                                   {'v': 'taken_from_shem_given_to_abraham', 'p': 'MOVE', 'why': "Nedarim 32b:6 — R. Zekharya in R. Yishmael's name: the Holy One sought to bring the priesthood out of Shem — 'and he was priest of God Most High'; since he set Abraham's blessing before the Place's blessing ('blessed be Abram ... and ble
  primeval.war('punished_210')                                           {'v': ('pressed_scholars_into_service', 'whereby_shall_i_know', 'give_me_the_persons'), 'p': 'MOVE', 'why': "Nedarim 32a:14-15 — R. Abahu in R. Elazar's name: why was Abraham our father punished and his sons enslaved to Egypt two hundred and ten years? because he pressed Torah scholars into service 
  primeval.war('raised_hand')                                            {'v': ('terumah', 'an_oath'), 'p': 'MOVE', 'why': "Bereshit Rabbah 43:9 — 'I have lifted my hand to the LORD' (14:22 — the phrase's only seat in the Tanakh, measured): R. Yehuda — he made them terumah ('you shall lift up the terumah', Num 18:26); R. Nechemya — he made them an oath", 'fx': ['sworn_to
  primeval.war('salem')                                                  {'v': 'salem_is_jerusalem', 'p': 'MOVE', 'why': "Bereshit Rabbah 43:6 — 'and Melchizedek king of SALEM' (14:18): this place makes its inhabitants righteous — Melchizedek, Adonizedek (Josh 10:1); Jerusalem is called righteousness (Isa 1:21)", 'fx': ['bread_and_wine']}
  primeval.war('thread_to_latchet')                                      {'v': 'not_a_thread_nor_a_shoe_latchet', 'p': 'INK', 'why': "'that I will not take from a thread to a shoe-latchet, nor anything that is yours' (14:23) — the refusal ruling (the frozen unit's export); 'save only what the young men have eaten, and the portion of the men who went with me — Aner, Eshco
  primeval.war('three_eighteen')                                         {'v': 318, 'p': 'INK', 'why': "'three hundred and eighteen' (14:14) — the number parsed (the phrase's only seat in the Tanakh, measured)", 'fx': ['muster_of_three_hundred_and_eighteen']}
  primeval.war('tithe_by_call')                                          {'v': 'holy_to_the_LORD', 'p': 'IMPORT', 'why': "CALLED cold_run_temurah.tithe('land_tithe_status') -> 'holy to the LORD' (Lev 27:30) [IMPORT, live]: 'and he gave him a TENTH of all' (14:20 — 'a tenth' at 14:20 alone in Genesis, measured; 28:22 Jacob's vow S3's) — the tithe's institution named at it
  primeval.war('years_arms')                                             {'v': (25, 13), 'p': 'MOVE', 'why': "Bereshit Rabbah 42:6 — R. Yose: twelve and thirteen — twenty-five years; Rabban Shimon ben Gamliel: all of them were thirteen years — and 'in the fourteenth year'? in the fourteenth of their rebellion: the two sums beside the ink's chain", 'fx': ['rebelled']}
  primeval.war('years_chain')                                            {'v': (12, 13, 14), 'p': 'INK', 'why': "'twelve years they served Chedorlaomer, and in the thirteenth year they rebelled; and in the fourteenth year came Chedorlaomer' (14:4-5) — the numbers parsed: 12 + 1 + 1 = 14, the ink's own chain (the sequence runner CG5)", 'fx': ['rebelled']}
==== cold_run_covenant_at_horeb.the_first_tablet sig ('case', 'data') (6148 chars) asks-in-source ['keep_and_remember', 'the_first_word', 'the_fourth_word', 'the_ox_and_the_ass', 'the_receipt_5_12', 'the_second_word_row', 'the_servants_rest', 'the_third_word', 'the_two_grounds']
def the_first_tablet(case, data):
        del P_[:]
        ask = case['ask']
        if ask == 'the_first_word':
            r = _row(6)
            ink('5:6', '"I am the LORD your God, who brought you out of the land o

  covenant_at_horeb.the_first_tablet({ask:keep_and_remember})            ("keep and remember (5:12) — one utterance: the diff's first word the tradition's exhibit; women's kiddush (Berakhot 20b)", ['accepted'])
  covenant_at_horeb.the_first_tablet({ask:the_first_word})               ("the first word (5:6) — VERBATIM; NO CELL: a declaration heard from the Almighty's mouth", ['accepted'])
  covenant_at_horeb.the_first_tablet({ask:the_fourth_word})              ('the fourth word (5:12-15) — EXPANDED, VERBATIM, EXPANDED, TURNED: decalogue.sabbath_clauses by CALL', ['accepted'])
  covenant_at_horeb.the_first_tablet({ask:the_ox_and_the_ass})           ('the ox and the ass (5:14) — every animal by the verbal analogy: the expansion read by the tradition itself (Bava Kamma 54b)', ['accepted'])
  covenant_at_horeb.the_first_tablet({ask:the_receipt_5_12})             ('the receipt at 5:12 — a run citation of the giving (the ink) read as Marah (the teacher): the seat CHAPTER', ['accepted'])
  covenant_at_horeb.the_first_tablet({ask:the_second_word_row})          ('the second word (5:7-10) — VERBATIM, VARIANT, VARIANT, VARIANT: the cell F2 (compiled here)', ['accepted'])
  covenant_at_horeb.the_first_tablet({ask:the_servants_rest})            ("the servants' rest (5:14) — the circumcised slave and the righteous convert (Yevamot 48b); the analogy's limit (Bava Kamma 54b)", ['accepted'])
  covenant_at_horeb.the_first_tablet({ask:the_third_word})               ('the third word (5:11) — VERBATIM: decalogue.vain_name by CALL (the vain oath lashed; Mishnah Shevuot 3:8-9)', ['accepted'])
  covenant_at_horeb.the_first_tablet({ask:the_two_grounds})              ('the two grounds (5:15) — the creation (20:11, PS by CALL) and the exodus: a DATA row; the readback row TURNED', ['accepted'])
GL.receipt_seats(15)                                                     []
GL.receipt_seats(12)                                                     []
==== THE TAPE'S LINES AT THE KIN VERSES (kind | subject | first verse | the source head | the other fields):
  bore                               eve                ('Gen', 4, 1)  Gen 4:1                                                                {'child': 'cain'}
  bore                               eve                ('Gen', 4, 2)  Gen 4:2                                                                {'child': 'abel'}
  first_offerings_brought            cain               ('Gen', 4, 3)  Gen 4:3                                                                {'what': 'of the fruit of the ground (4:3)'}
  first_offerings_brought            abel               ('Gen', 4, 4)  Gen 4:4                                                                {'what': 'of the firstlings of his flock and of their fat (4:4)'}
  anger_burned                       cain               ('Gen', 4, 5)  Gen 4:5                                                                {}
  counsel_given                      cain               ('Gen', 4, 6)  Gen 4:6-7                                                              {}
  killed                             cain               ('Gen', 4, 8)  Gen 4:8                                                                {'victim': 'abel'}
  sentenced                          cain               ('Gen', 4, 11) Gen 4:11-12                                                            {'sentence': 'cain'}
  mark_promised                      cain               ('Gen', 4, 15) Gen 4:15                                                               {}
  went_out_from_the_presence         cain               ('Gen', 4, 16) Gen 4:16                                                               {}
  bore                               cains-wife         ('Gen', 4, 17) Gen 4:17                                                               {'child': 'enoch-son-of-cain'}
  city_built                         cain               ('Gen', 4, 17) Gen 4:17                                                               {'city': 'the-city-of-enoch'}
  named                              the-city-of-enoch  ('Gen', 4, 17) Gen 4:17                                                               {'name': 'Enoch (after his son, 4:17)', 'by': 'cain'}
  begot                              enoch-son-of-cain  ('Gen', 4, 18) Gen 4:18                                                               {'children': ['irad']}
  begot                              irad               ('Gen', 4, 18) Gen 4:18                                                               {'children': ['mehujael']}
  begot                              mehujael           ('Gen', 4, 18) Gen 4:18                                                               {'children': ['methushael']}
  begot                              methushael         ('Gen', 4, 18) Gen 4:18                                                               {'children': ['lamech-son-of-methushael']}
  married                            adah               ('Gen', 4, 19) Gen 4:19                                                               {'husband': 'lamech-son-of-methushael'}
  married                            zillah             ('Gen', 4, 19) Gen 4:19                                                               {'husband': 'lamech-son-of-methushael'}
  bore                               adah               ('Gen', 4, 20) Gen 4:20                                                               {'child': 'jabal'}
  bore                               zillah             ('Gen', 4, 22) Gen 4:22                                                               {'child': 'tubal-cain'}
  lamech_sang                        lamech-son-of-methushael ('Gen', 4, 23) Gen 4:23-24                                                            {}
  bore                               eve                ('Gen', 4, 25) Gen 4:25                                                               {'child': 'seth'}
  named                              seth               ('Gen', 4, 25) Gen 4:25                                                               {'name': 'Seth (שת — God has set me another seed, 4:25)', 'by': 'eve'}
  named                              enosh              ('Gen', 4, 26) Gen 4:26                                                               {'name': 'Enosh (4:26)', 'by': 'seth'}
  profanation_begun                  the-generation-of-enosh ('Gen', 4, 26) Gen 4:26                                                               {}
  decree_of_the_sojourn              the-seed-of-abraham ('Gen', 15, 13) Gen 15:13-16                                                           {'years': 400}
  king_died                          the-oppression-king ('Exod', 2, 23) Exod 2:23                                                              {}
  cry_went_up                        israel             ('Exod', 2, 23) Exod 2:23-24                                                           {}
  wealth_promised                    israel             ('Exod', 3, 21) Exod 3:21-22; Exod 11:2                                                {}
  release_refused                    pharaoh            ('Exod', 5, 1) Exod 5:1-2                                                             {'demand': 'let My people go (5:1)'}
  officers_beaten                    the-officers       ('Exod', 5, 14) Exod 5:14                                                              {'by': 'egypt_people'}
  sent_out                           pharaoh            ('Exod', 12, 31) Exod 12:31-33                                                          {}
  bones_taken                        moses              ('Exod', 13, 19) Exod 13:19                                                             {}
  journeyed                          israel             ('Exod', 13, 20) Exod 13:20                                                             {'to': 'Etham'}
  pillar_set                         israel             ('Exod', 13, 21) Exod 13:21-22                                                          {}
  covenant_offered                   israel             ('Exod', 19, 5) Exod 19:5-6                                                            {}
  watch_given_to_aaron               aaron              ('Num', 18, 1) Num 18:1-7 — and the LORD said to Aaron: you and your sons and your fa {'fence': 'both they and you', 'stranger': 'the stranger who comes near shall be put to death', 'no_more_wrath': True}
  mediator_requested                 israel             ('Deut', 5, 23) Deut 5:23-27 — and it came to pass, when you heard the voice out of th {'first_telling': 'Exod 20:18-19', 'request': 'go you near and hear … and we will hear and do (5:27)'}
  stand_here_commanded               moses              ('Deut', 5, 28) Deut 5:28-31 — and the LORD heard the voice of your words when you spo {'first_telling': 'told only here — Deut 18:16-17 forward', 'answer': "'they have done well; return to your tents; stand here with "}
  hearing_blessed                    israel             ('Deut', 7, 12) Deut 7:12-16 — and it shall be, because you hear these judgments and k {'condition': "'because you hear these judgments and keep and do them (7:12", 'blessings': "['love, blessing, increase (7:13)', 'no barren (7:14)', 'sic"}
  forgetting_warned                  israel             ('Deut', 8, 11) Deut 8:11-18 — take heed to yourself lest you forget the LORD your God {'warning': "'take heed to yourself lest you forget the LORD your God (8:", 'chain': "['eaten and satisfied, houses, herds and flocks, silver and "}
  perishing_testified                israel             ('Deut', 8, 19) Deut 8:19-20 — and it shall be, if you surely forget the LORD your God {'case': "'if you surely forget the LORD your God and go after other g", 'testimony': "'I testify against you this day that you shall surely perish"}
  demand_declared                    israel             ('Deut', 10, 12) Deut 10:12-13 — and now, Israel, what does the LORD your God ask of yo {'asked': "'to fear the LORD your God, to walk in all His ways, to love", 'the_five': '"fear, walk, love, serve, keep — 6:13\'s, 8:6\'s and 6:5\'s ver'}
  heart_circumcision_commanded       israel             ('Deut', 10, 16) Deut 10:16 — and you shall circumcise the foreskin of your heart, and  {'command': "'and you shall circumcise the foreskin of your heart (10:16)", 'prohibition': '"and your neck you shall not stiffen any more (10:16) — the '}
  stranger_love_commanded            israel             ('Deut', 10, 17) Deut 10:17-19 — for the LORD your God is the God of gods … who lifts n {'counterparty': 'the-stranger', 'reason': "'for you were strangers in the land of Egypt (10:19) — the f"}
  second_paragraph_declared          israel             ('Deut', 11, 13) Deut 11:13-21 — and it shall be, if you hearken, hearken to My command {'condition': "'if you hearken, hearken to My commandments … to love the LO", 'rain': "'the rain of your land in its season, the early rain and the", 'duties': '"these My words on your heart, the sign, the frontlets, the '}
  demolition_restated                israel             ('Deut', 12, 1) Deut 12:1-4 — these are the statutes and the judgments which you shall {'the_header': '"these are the statutes and the judgments which you shall ke', 'the_demolition': '"destroy, you shall destroy all the places … tear down their', 'the_bar': '"you shall not do so to the LORD your God (12:4) — the Name\''}
  profane_slaughter_permitted        israel             ('Deut', 12, 15) Deut 12:15-28 — only, with all the desire of your soul you may slaught {'the_release': "'with all the desire of your soul you may slaughter and eat ", 'the_blood': "'only the blood you shall not eat — on the earth like water ", 'the_gates': "'you may not eat within your gates the tithe, the firstlings", 'the_levite': "'lest you forsake the Levite all your days on your land (12:", 'the_rite': '"as I have commanded you (12:21) — the receipt without the N'}
  word_sealed                        israel             ('Deut', 13, 1) Deut 13:1 — all the word that I command you, it you shall keep to do;  {'the_word': '"all the word that I command you, it you shall keep to do (1', 'the_seal': "'you shall not add to it nor take from it (13:1) — adding_ba"}
  condemned_city_law_declared        israel             ('Deut', 13, 13) Deut 13:13-19 — when you hear in one of your cities which the LORD you {'the_city': "'when you hear in one of your cities … to dwell there (13:13", 'the_seducers': "'men, sons of Belial, have gone out from your midst and have", 'the_inquiry': "'inquire and search and ask diligently; true and certain (13", 'the_sword': "'smite, you shall smite with the edge of the sword (13:16) —", 'the_whole_offering': '"devote it and all in it; gather its spoil into its street; ', 'the_heap': '"a heap forever, not built again (13:17) — Jericho and Hiel ', 'the_devoted_thing': "'nothing of the devoted thing shall cleave to your hand (13:", 'the_footer': "'when you hearken … to do the right in the eyes of the LORD "}
  third_year_tithe_declared          israel             ('Deut', 14, 28) Deut 14:28-29 — at the end of three years you shall bring out all the  {'the_third_year': "'at the end of three years you shall bring out all the tithe", 'the_gates': '"and lay it up within your gates (14:28) — the courtyard\'s l', 'the_four': "'the Levite, the sojourner, the fatherless and the widow sha"}
==== the tape's last Deuteronomy 14 lines (the new lines go after them):
==== the kin's ledgers on the one database BY SOURCE (the tape's own run and the others — the counts the checkpoints and the probes read):
  blessings_for_hearing                [('israel_people', 1, 'Deut 7:12-16 — and it ')]
  cry_heard                            [('israel_people', 1, 'Exod 2:23-24')]
  bears_sin                            []
  holy_things_in_the_gates_barred      [('israel_people', 1, 'Deut 12:15-28 — only, ')]
  consecrated_firstborn                []
  jubilee_release                      []
  pledge_returned_by_sunset            []
  work_of_the_hand_blessed             []
  interest_barred                      []
  land_release                         []
  sabbath_debt                         []
  goes_out_in_the_jubilee              []
  wage_due_by_morning                  []
  released                             [('aaron-and-sons', 1, 'Lev 8:2')]
  goes_free                            []
  love_owed                            [('israel_people', 1, 'Deut 10:17-19 — for th')]
  treasured_people                     [('israel_people', 1, 'Exod 19:5-6')]
  profane_slaughter_permitted          [('israel_people', 1, 'Deut 12:15-28 — only, ')]
  pity_barred                          [('israel_people', 2, 'Deut 13:7-12 — when yo')]
  debt_release_owed                    []
  exaction_barred                      []
  hand_opening_commanded               []
  hand_shutting_barred                 []
  base_thought_barred                  []
  furnishing_commanded                 []
  empty_sending_barred                 []
  severance_gift_owed                  []
  serves_for_ever                      []
  firstling_sanctification_commanded   []
  firstling_work_and_shearing_barred   []
  the open debits on israel_people (the tape's run) [(10,)] | the blocks on israel_people [(23,)]
  the sources [('checkpoint_check', 1653), ('cold_run_sequence/covenant_pieces', 1653), ('cold_run_sequence/cursor@Num 27:5', 2), ('cold_run_sequence/descent_literal', 1653), ('cold_run_sequence/port@daughters', 1479), ('cold_run_sequence/positions', 1617), ('cold_run_sequence/rest', 1646), ('cold_run_sequence/seed_isaac', 1653), ('cold_run_sequence/stepper', 101)]
==== THE CALLEES PRINTED
