guard: 25 expectations checked, every one a literal from the answer sheet [honest-pairing guard satisfied]
probes: all 18 token probes fired  [zero-report law satisfied]

guard: 42 expectations checked, every one a literal from the answer sheet [honest-pairing guard satisfied]
routing receipts: cold_run_pesach CALLED — eating_time 'night only, until midnight', window '14th evening to 21st evening'; cold_run_offerings CALLED — olah 'wholly_to_fires', outer chatat place 'north', communal shelamim place 'north' eater 'male_priests'; cold_run_minchah CALLED — omer(source) 'new_and_from_the_land'; cold_run_calendar CALLED — first_fruits 'bring to the house (seven kinds — fetched list)', pilgrimage 'owes the three appearings' [IMPORT, live calls]
probes: all 35 ink-token probes fired [zero-report law satisfied]
ink census: ALL-work verses [3, 28, 30, 31] · SERVILE-work verses [7, 8, 21, 25, 35, 36] · convocation tokens 11
answer sheet: 15 Mishnah rows read whole from the shelf, each verified by a token in its own ink

OK  Megillah 1:5 — festival vs Sabbath differ only in food work              [INK] 
     effects: labor_barred, sanctify_day
OK  Megillah 1:5 — the Sabbath bars all work                                 [INK] 
     effects: labor_barred, sanctify_day
OK  Yoma 8:1 — the forbidden list                                            [MOVE] 
     effects: rest_required
OK  Yoma 8:1 / Keritot 1:1 — eating on Yom Kippur is karet                   [INK] 
     effects: karet_cut_off
OK  Keritot 1:1 — working on Yom Kippur is karet (the destroying verb)       [INK] 
     effects: destroyed
OK  Makkot 3:2 — the eater and the worker on Yom Kippur among the lashed     [INK] 
     effects: labor_barred
OK  Chagigah 2:4 — Atzeret can fall beside the Sabbath (the morrow = festiva [MOVE] 
     effects: counts_omer
OK  Menachot 5:3 — the omer's grain offering takes oil                       [INK] 
     effects: accepted
OK  Menachot 5:3 — and frankincense                                          [ANSWER-SHEET] 
     effects: accepted
OK  Menachot 5:3 — the two loaves take neither                               [ANSWER-SHEET] 
     effects: accepted
OK  Menachot 10:5 — the new grain permitted from the omer                    [INK] 
     effects: barred_from_it
OK  Menachot 10:5 — without the Temple the whole day (R. Yehuda: Torah)      [INK] 
     effects: barred_from_it
OK  Menachot 3:6 — the two loaves block each other                           [MOVE] 
     effects: accepted
OK  Rosh Hashanah 3:3 — the day's instrument is a shofar                     [MOVE] 
     effects: sanctify_day
OK  Sukkah 4:1 — the sukkah seven days                                       [INK] 
     effects: dwells_in_booths
OK  Sukkah 3:12 — lulav seven in the Temple                                  [INK] 
     effects: takes_four_species
OK  Sukkah 3:12 — one in the provinces                                       [INK] 
     effects: takes_four_species
OK  Sukkah 4:2 — lulav seven when the first day falls on the Sabbath         [MOVE] 
     effects: takes_four_species
OK  Sukkah 3:4 — one etrog                                                   [INK] 
     effects: takes_four_species
OK  Sukkah 3:4 — one lulav                                                   [INK] 
     effects: takes_four_species
OK  Sukkah 3:4 — two willows                                                 [INK] 
     effects: takes_four_species
OK  Sukkah 3:4 — three myrtles (R. Yishmael) / one (R. Akiva)                [MOVE] 
     effects: takes_four_species
OK  Sukkah 2:8 — women exempt from the sukkah                                [MOVE] 
     effects: dwells_in_booths
OK  Pesachim 5:3 — slaughtered before midday invalid: "between the evenings" [MOVE] 
     effects: accepted
OK  Lev 23:18 — seven lambs, one bull, two rams: the three kinds censused    [INK] 
     effects: accepted
OK  Lev 23:18 — a burnt offering: wholly to the fires (CALLED offerings)     [IMPORT] 
     effects: smoked_to_the_lord
OK  Lev 23:18 — their meal offering and libations: Numbers 28's quantities   [DATA] 
     effects: accepted
OK  Lev 23:19 — the goat sin offering slaughtered north (CALLED offerings)   [IMPORT] 
     effects: accepted
OK  Zevachim 5:5 — the communal peace offering eaten by male priests: 23:20' [IMPORT] 
     effects: most_holy, due_to_priest
OK  Zevachim 5:5 — the communal peace offering slaughtered north (CALLED)    [IMPORT] 
     effects: accepted
OK  Menachot 5:6 — the loaves waved on the two lambs                         [MOVE] 
     effects: waved
OK  Menachot 4:3 — the bread and the lambs: R. Akiva / ben Nannas            [ANSWER-SHEET] 
     effects: accepted
OK  Menachot 3:6 — the two lambs block each other                            [ANSWER-SHEET] 
     effects: accepted
OK  Menachot 4:2 — bulls, rams, lambs do not block each other                [ANSWER-SHEET] 
     effects: accepted
OK  Sifra Emor Chapter 13 6 — two sets: for the bread, not for the day       [MOVE] 
     effects: accepted
OK  Lev 23:12 — the omer's lamb: a burnt offering (CALLED offerings)         [IMPORT] 
     effects: accepted
OK  Sifra Emor Chapter 13 3 — the omer is Lev 2:14's offering (CALLED mincha [IMPORT] 
     effects: accepted
OK  Lev 23:5 — the LORD's Passover: eaten at night until midnight (CALLED pe [IMPORT] 
     effects: eating_window
OK  Lev 23:6 — the feast of unleavened bread: Exod 12's window (CALLED pesac [IMPORT] 
     effects: purge_deadline
OK  Exod 23:16, 23:19 — the first fruits, one institution at two seats (CALL [IMPORT] 
     effects: accepted
OK  Exod 23:14-17 — the harvest feast is an appearing (CALLED calendar)      [IMPORT] 
     effects: appearance_owed
OK  THE SCENE on the world engine — the wrap (W2): the year of Lev 23 from 1 [ANSWER-SHEET] 
     effects: counts_omer, dwells_in_booths, takes_four_species, karet_cut_off, destroyed

WATCH COVERAGE (the wrap):
  WATCH law_moadim             seen  21  fired  20  on: booths_dwelt, four_species_taken, harvest_reaped, holy_convocation_proclaimed, omer_brought, paschal_offered, two_loaves_brought, yom_kippur_kept
MATRIX: 42/42 cells match the answer sheet
FRACTIONS: pure ink 15/42 (35%) · recorded moves 10/42 (23%) · answer-sheet 6/42 · data 1/42 · imports 10/42 · hypotheses 0/42
computed, not graded: the count runs 49 days and sanctifies the 50th (INK arithmetic); the fast begins on the ninth in the evening (INK); the eighth day is an assembly (INK)
effects: every cell carries REGISTERED effects — three discovered in this span's own verbs: counts_omer, dwells_in_booths, takes_four_species [effects law satisfied]

THE APPOINTED TIMES ENGINE STANDS — two work classes read off two token forms, the fast's two sanctions in their own verbs, the omer's arithmetic and gate from the ink, the four species counted by grammatical number, and the morrow ruled by the Sifra's four routes with Onkelos writing it into the verse.
guard: 110 expectations checked, every one a literal from the answer sheet [honest-pairing guard satisfied]
probes: all 61 ink-token probes fired [zero-report law satisfied]
censuses: "this is the thing" 4 · "to serve Me as priest" 4+3 · the finger ['Exod 29:12'] (the base FIRST at ['Exod 29:12']) · the ridge 7 · "waved and lifted" ['Exod 29:27'] · the succession hapaxes (['Exod 29:29'], ['Exod 29:30'], ['Exod 29:30']) · "a stranger shall not eat" ['Exod 29:33'] · "whatever touches" ['Exod 29:37', 'Exod 30:29', 'Lev 6:11', 'Lev 6:20'] · "two lambs each day" ['Exod 29:38'] · "a continual burnt offering" ['Exod 29:42', 'Ezra 3:5', 'Num 28:6'] · "for your generations" ['29:42', '30:8', '30:10', '30:31', '31:13'] · "an altar for burning" ['Exod 30:1', 'Mal 1:11'] · "strange incense" ['Exod 30:9'] · "once a year" 2 in 30:10 · "a ransom for his soul" ['Exod 30:12'] · "twenty gerah" ['Exod 30:13', 'Ezek 45:12', 'Lev 27:25', 'Num 3:47', 'Num 18:16'] (the cud 8) · the laver 11 Torah seats · "their hands and their feet" ['2Sam 4:12', 'Exod 30:19', 'Exod 30:21', 'Exod 40:31', 'Judg 1:7'] · the spice hapaxes [1, 1, 1, 1, 2] · the doubled yod ['Exod 30:32'] · the formula-word ['2Chr 24:13', 'Exod 5:8', 'Exod 30:32', 'Exod 30:37', 'Ezek 45:11'] · crown/stranger forms ['29:33', '30:3', '30:4', '30:9', '30:33'] · "My Sabbaths" ['Exod 31:13', 'Lev 19:3', 'Lev 19:30', 'Lev 26:2'] · "its profaners" ['Exod 31:14'] · "you shall not kindle" ['Exod 35:3'] · the run's stamp ['8:9', '8:13', '8:17', '8:21', '8:29'] · tokens (649, 468, 134, 570)
alignment across books: spec 35 verses, run 32; spec matched 14, run matched 15, dropped 21 — ['29:1', '29:2', '29:3', '29:4', '29:5', '29:6', '29:7', '29:8', '29:9', '29:11', '29:12', '29:16', '29:17', '29:27', '29:28', '29:31', '29:33', '29:34', '29:35', '29:36', '29:37']; numerals equal in ['bull', 'meal', 'ram_olah', 'washing']; run verses outside every block ['8:1', '8:3', '8:4', '8:5', '8:10', '8:11']; spec verses outside every block ['29:29', '29:30', '29:38', '29:39', '29:40', '29:41', '29:42', '29:43', '29:44', '29:45', '29:46']
routing receipts: chatat CALLED — inner 'inside_tent', outer 'outer_altar_horns', carcass 'burned_outside_camp_ash_pour', karet census 36; minchah — oil grade 'not_required_pure_beaten', leaven 'transgression', salt 'required', libation 'oil_only'; offerings — the flock olah 'two_that_are_four', ox tail False, lamb tail True; tzav — atomicity 'atomic — all components or no sanctification', commit 'committed at the blood sprinkling', confinement 'a seven-day confinement timer; the template for the generations', leftover "the installation's own leftover clause", dues 'breast and thigh to the priests after the smoking', fire 'a standing never-extinguish duty'; priesthood — nezer 'the_crown_of_the_oil_the_many_garmented_included'; yoma — 16:12-13 'coals and incense — inside, the cloud', 16:18-19 'the inner altar: mixed bloods, the corners', 16:16-17 'the hall atoned; no person in the tent'; yovel — the shekel 20; vayikra5 — 'north, male_priests within the hangings (CALLED tzav.asham_law)'; mishpatim — the tariff probe True; sanctuary — base 'not_in_the_spec', horns 'from_it', veil at 20, talent 3000, census 603550; vestments — Exod 29 order ['tunic', 'robe', 'ephod', 'breastplate', 'turban', 'sash', 'caps'], Lev 8 order ['tunic', 'sash', 'robe', 'ephod', 'breastplate', 'turban', 'plate', 'caps'], flax 'linen_from_bad'; decalogue 'the whole household barred'; moadim 'all_work'; calendar 'every seventh day' / 'ox, donkey, slave, resident stranger'; metzora 'right_ear_ridge_right_thumb_right_toe'; guardians (unpaid, theft) (True, [6]) [IMPORT, live calls]
answer sheet: 45 Mishnah rows verified by their own tokens (Shekalim whole, Keritot 1, Yoma 4, Zevachim 5 and 9, Shabbat 7, Tamid 5-6, Menachot 4 with the topic and link rows — the incense-and-shekel docket)
guard: 301 test rows, every expected value a literal from the answer sheet [honest-pairing guard satisfied]

OK  Exod 29:1 — "this is the thing" at four seats                                                    [INK] 
     effects: invested_office
OK  "to serve Me as priest" four + three                                                             [INK] 
     effects: invested_office
OK  Exod 29:1-2 — a bull, two rams, three breads of wheat                                            [INK] 
     effects: —
OK  Lev 8:2 — the run's eleven marked items                                                          [INK] 
     effects: —
OK  Exod 29:4, 40:12 — wash them with water                                                          [INK] 
     effects: immersed
OK  Onkelos Exod 29:4 — immerse                                                                      [MOVE] 
     effects: immersed
OK  CALLED vestments.investiture(exod29_order)                                                       [IMPORT] 
     effects: invested_office
OK  CALLED vestments.investiture(lev8_order)                                                         [IMPORT] 
     effects: invested_office
OK  CALLED vestments.order_by_name on this span's tokens                                             [IMPORT] 
     effects: —
OK  THE SPLIT VERB — gird THEM once; girded HIM twice, THEM once                                     [INK] 
     effects: invested_office
OK  Yoma 5b:9 — the sash disputed from the split verb                                                [MOVE] 
     effects: invested_office
OK  "the holy crown" at three seats                                                                  [INK] 
     effects: plate_propitiates
OK  "pour on his head" — Aaron and Jehu                                                              [INK] 
     effects: anointed
OK  Lev 8:12 — the run pours after the tabernacle                                                    [INK] 
     effects: anointed
OK  the statute-token at four seats of the span                                                      [INK] 
     effects: invested_office
OK  "fill the hand" — 28:41 and 29:9                                                                 [INK] 
     effects: invested_office
OK  Onkelos — offer their offering                                                                   [MOVE] 
     effects: invested_office
OK  Zevachim 17b:6 — garments off, priesthood off                                                    [MOVE] 
     effects: invested_office
OK  Zevachim 18a:7 — the wrong set invalid                                                           [MOVE] 
     effects: disqualified
OK  Mishnah Zevachim 2:1 — one lacking garments                                                      [ANSWER-SHEET] 
     effects: disqualified
OK  the dressing block: none matched                                                                 [INK] 
     effects: —
OK  hands laid three times, spec and run                                                             [INK] 
     effects: hand_laid
OK  Onkelos — lean                                                                                   [MOVE] 
     effects: hand_laid
OK  Exod 29:12 — "with your finger" a hapax                                                          [INK] 
     effects: —
OK  Zevachim 24b:3 — the finger binds the placing                                                    [MOVE] 
     effects: —
OK  CALLED sanctuary_build.altar(base) — the base's first seat                                       [IMPORT] 
     effects: —
OK  CALLED chatat.blood(commoner) — the outer horns                                                  [IMPORT] 
     effects: accepted
OK  CALLED chatat.carcass(anointed) — burned outside                                                 [IMPORT] 
     effects: burned_outside_camp
OK  burn in fire outside the camp — one spec, two runs                                               [INK] 
     effects: burned_outside_camp
OK  "it is a sin offering" at five seats                                                             [INK] 
     effects: —
OK  CALLED offerings.dispatch(fat:ox) — no tail                                                      [IMPORT] 
     effects: smoked_to_the_lord
OK  Lev 8:15 — the run purges the altar at the bull                                                  [INK] 
     effects: altar_purged
OK  the bull block: three matched                                                                    [INK] 
     effects: —
OK  CALLED offerings.dispatch(olah:flock) — wholly to the fires                                      [IMPORT] 
     effects: accepted
OK  the cutting verb at five seats                                                                   [INK] 
     effects: —
OK  "it is a burnt offering" at four seats                                                           [INK] 
     effects: —
OK  Exod 29:18 — two ITs                                                                             [INK] 
     effects: accepted
OK  "a pleasing odor" thrice in the spec                                                             [INK] 
     effects: accepted
OK  Onkelos — accepted with favor                                                                    [MOVE] 
     effects: accepted
OK  "the ram of installation" at six seats                                                           [INK] 
     effects: invested_office
OK  CALLED tzav.installation(atomicity)                                                              [IMPORT] 
     effects: invested_office
OK  CALLED metzora.eighth(members) — the shared map                                                  [IMPORT] 
     effects: blood_on_extremities
OK  Lev 8:23-24 — the run splits the members                                                         [INK] 
     effects: blood_on_extremities
OK  Exod 29:21 / Lev 8:30 — the sprinkling relocated                                                 [INK] 
     effects: consecrated
OK  Onkelos — man and clothing one unit                                                              [MOVE] 
     effects: consecrated
OK  CALLED offerings.dispatch(fat:lamb) — the tail                                                   [IMPORT] 
     effects: smoked_to_the_lord
OK  "the right thigh" at six seats                                                                   [INK] 
     effects: due_to_priest
OK  "the basket of unleavened bread" at three seats                                                  [INK] 
     effects: —
OK  CALLED minchah.leaven — transgression                                                            [IMPORT] 
     effects: barred_from_it
OK  the wave at three verses                                                                         [INK] 
     effects: waved
OK  Exod 29:27 — "waved and lifted" a hapax                                                          [INK] 
     effects: waved
OK  Mishnah Menachot 5:6 — the two axes from the verse                                               [ANSWER-SHEET] 
     effects: waved
OK  Lev 8:29 — to Moses a portion                                                                    [INK] 
     effects: due_to_priest
OK  CALLED tzav.dues_machine(breast_thigh)                                                           [IMPORT] 
     effects: due_to_priest
OK  "for a perpetual statute" at six seats                                                           [INK] 
     effects: due_to_priest
OK  CALLED offerings.dispatch(shelamim) — the raised portion                                         [IMPORT] 
     effects: due_to_priest
OK  Avodah Zarah 10b:14 — half and half                                                              [MOVE] 
     effects: due_to_priest
OK  the installation-ram block: eight matched                                                        [INK] 
     effects: —
OK  Exod 29:29 — "to his sons after him" a hapax                                                     [INK] 
     effects: garments_inherited
OK  Exod 29:30 — "seven days shall... wear them" a hapax                                             [INK] 
     effects: garments_inherited
OK  Lev 16:32 — in his father's stead                                                                [INK] 
     effects: garments_inherited
OK  Yoma 5a:12 — anointing likened to filling: seven                                                 [MOVE] 
     effects: garments_inherited
OK  Yoma 72b:20 — whoever comes in greatness                                                         [MOVE] 
     effects: garments_inherited
OK  Yoma 73a:1 — one fit to enter                                                                    [MOVE] 
     effects: garments_inherited
OK  CALLED priesthood.family(nezer)                                                                  [IMPORT] 
     effects: garments_inherited
OK  Mishnah Yoma 1:1 — another priest prepared                                                       [ANSWER-SHEET] 
     effects: garments_inherited
OK  Num 20:28 — the run at Hor (with Esther's sackcloth)                                             [INK] 
     effects: garments_inherited
OK  29:29-30 outside every block of the run                                                          [INK] 
     effects: —
OK  "in a holy place" at eight seats                                                                 [INK] 
     effects: most_holy
OK  the door at four verses of the spec                                                              [INK] 
     effects: —
OK  Exod 29:33 — the atoned eaters a hapax                                                           [INK] 
     effects: eaten_to_atone
OK  Pesachim 59b:4 / Yevamot 40a:3 — the priests eat, the owners are atoned                          [MOVE] 
     effects: eaten_to_atone
OK  Exod 29:33 — "a stranger shall not eat"                                                          [INK] 
     effects: stranger_barred
OK  Makkot 18b:5 — the two clauses one conditional                                                   [MOVE] 
     effects: stranger_barred
OK  the stranger/crown forms at five verses                                                          [INK] 
     effects: —
OK  Exod 29:34 — the leftover to morning                                                             [INK] 
     effects: burn_remainder
OK  CALLED tzav.installation(leftover)                                                               [IMPORT] 
     effects: burn_remainder
OK  Zevachim 98a:4 — the installation the paradigm                                                   [MOVE] 
     effects: burn_remainder
OK  Mishnah Pesachim 8:8 — the onen                                                                  [ANSWER-SHEET] 
     effects: eaten_to_atone
OK  the meal block: one matched                                                                      [INK] 
     effects: —
OK  Exod 29:35 — "thus according to all" a hapax                                                     [INK] 
     effects: invested_office
OK  Yoma 5a:13 — thus is a limiter                                                                   [MOVE] 
     effects: invested_office
OK  Yoma 5b:2 — the run's two limiters                                                               [MOVE] 
     effects: confined_seven_days
OK  "seven days" — spec three, run two                                                               [INK] 
     effects: confined_seven_days
OK  CALLED tzav.installation(confinement)                                                            [IMPORT] 
     effects: confined_seven_days
OK  CALLED tzav.installation(commit_point)                                                           [IMPORT] 
     effects: invested_office
OK  Exod 29:36 — a bull of sin offering each day                                                     [INK] 
     effects: altar_purged
OK  the purge verb at five seats                                                                     [INK] 
     effects: altar_purged
OK  "most holy" at four verses of the span                                                           [INK] 
     effects: most_holy
OK  "whatever touches" at four seats                                                                 [INK] 
     effects: sanctified_by_contact
OK  Onkelos — whatever touches the altar becomes holy                                                [MOVE] 
     effects: sanctified_by_contact
OK  Zevachim 83b:12 — the scope from a neighbor verse                                                [MOVE] 
     effects: sanctified_by_contact
OK  Zevachim 87a:11 — the altar, the ramp, the vessels                                               [MOVE] 
     effects: sanctified_by_contact
OK  Mishnah Zevachim 9:1 — the altar sanctifies what is fit                                          [ANSWER-SHEET] 
     effects: sanctified_by_contact
OK  Mishnah Zevachim 9:7 — the ramp and the vessels                                                  [ANSWER-SHEET] 
     effects: sanctified_by_contact
OK  Mishnah Zevachim 9:5 — the incense comes down                                                    [ANSWER-SHEET] 
     effects: strange_offering_barred
OK  the run's stamp at five verses (the substring catch)                                             [INK] 
     effects: inspected_as_commanded
OK  Lev 8:36 — and Aaron and his sons did                                                            [INK] 
     effects: inspected_as_commanded
OK  Lev 8:34 — as he did this day                                                                    [INK] 
     effects: altar_purged
OK  the seven-days block: none matched                                                               [INK] 
     effects: —
OK  Menachot 29a:15 — slaughter shown by the finger                                                  [MOVE] 
     effects: tamid_owed
OK  Exod 29:38 — two lambs each day continually                                                      [INK] 
     effects: tamid_owed
OK  the plural's minimum two                                                                         [MOVE] 
     effects: tamid_owed
OK  Menachot 50a:6 — the second not the first                                                        [MOVE] 
     effects: tamid_owed
OK  "between the evenings" at three verses                                                           [INK] 
     effects: tamid_owed
OK  the measures — tenth, two quarter-hins, wine vs strong drink                                     [INK] 
     effects: tamid_owed
OK  CALLED minchah.oil_grade — beaten not required                                                   [IMPORT] 
     effects: tamid_owed
OK  Menachot 51a:4 — three log                                                                       [MOVE] 
     effects: tamid_owed
OK  Exod 29:41 / Num 28:8 — the internal pointer                                                     [INK] 
     effects: tamid_owed
OK  CALLED minchah.salt — required                                                                   [IMPORT] 
     effects: salted
OK  "a continual burnt offering" — with Ezra 3:5                                                     [INK] 
     effects: tamid_owed
OK  "for your generations" at five verses                                                            [INK] 
     effects: tamid_owed
OK  Yoma 33b:12 — the doubled token orders the service                                               [MOVE] 
     effects: incense_continual
OK  Mishnah Yoma 3:5 — the incense between blood and limbs                                           [ANSWER-SHEET] 
     effects: incense_continual
OK  Mishnah Menachot 4:4 — the morning missed                                                        [ANSWER-SHEET] 
     effects: tamid_owed
OK  Mishnah Menachot 4:4 — the four initiations are Exod 40                                          [ANSWER-SHEET] 
     effects: incense_continual
OK  Mishnah Shekalim 4:1 — the tamids from the terumah                                               [ANSWER-SHEET] 
     effects: tamid_owed
OK  Num 28:10 — the tamid on the Sabbath                                                             [INK] 
     effects: tamid_owed
OK  "where I will meet" — plural and singular                                                        [INK] 
     effects: meeting_appointed
OK  Onkelos — appoint My Word for you (pl.)                                                          [MOVE] 
     effects: meeting_appointed
OK  Zevachim 115b:12 — by My honored ones                                                            [MOVE] 
     effects: —
OK  "and I will dwell among" at three seats                                                          [INK] 
     effects: presence_dwells
OK  "and I will be their God" at four seats                                                          [INK] 
     effects: covenant_upheld
OK  Exod 29:46 — "to dwell" a hapax                                                                  [INK] 
     effects: presence_dwells
OK  29:38-46 outside every block of the run                                                          [INK] 
     effects: —
OK  "an altar for burning" — with Malachi                                                            [INK] 
     effects: incense_continual
OK  Exod 30:2 — one by one by two                                                                    [INK] 
     effects: —
OK  "square" at six Torah seats                                                                      [INK] 
     effects: —
OK  CALLED sanctuary_build.altar(horns)                                                              [IMPORT] 
     effects: —
OK  "a crown of gold" at eight seats                                                                 [INK] 
     effects: —
OK  CALLED sanctuary_build.veil(veil_at) — twenty                                                    [IMPORT] 
     effects: —
OK  CALLED sanctuary_build.veil(floor_plan)                                                          [IMPORT] 
     effects: —
OK  "where I will meet with you (sg.)" twice                                                         [INK] 
     effects: meeting_appointed
OK  "incense of spices" at nine seats                                                                [INK] 
     effects: incense_continual
OK  "morning by morning" at thirteen seats                                                           [INK] 
     effects: incense_continual
OK  Yoma 33b:8-10 — five then two                                                                    [MOVE] 
     effects: lamp_arranged
OK  CALLED priesthood.lamp_table(western_lamp)                                                       [IMPORT] 
     effects: lamp_arranged
OK  "raises" — the lamps and the cloud                                                               [INK] 
     effects: incense_continual
OK  Exod 30:8 — "a continual incense" a hapax; CALLED yoma 16:12-13                                  [INK] 
     effects: incense_continual
OK  Onkelos — the continual incense on the lamp's clock                                              [MOVE] 
     effects: incense_continual
OK  Exod 30:9 — four barred inputs                                                                   [INK] 
     effects: strange_offering_barred
OK  Onkelos — strange incense                                                                        [MOVE] 
     effects: strange_offering_barred
OK  Menachot 50a-b — no donated incense                                                              [MOVE] 
     effects: strange_offering_barred
OK  "once a year" twice in 30:10                                                                     [INK] 
     effects: horns_atoned_yearly
OK  Shevuot 10a-b — one atonement not two                                                            [MOVE] 
     effects: horns_atoned_yearly
OK  Shevuot 10b:6 — inner one, outer even two                                                        [MOVE] 
     effects: horns_atoned_yearly
OK  CALLED yoma.service_order 16:18-19                                                               [IMPORT] 
     effects: horns_atoned_yearly
OK  CALLED chatat.blood(anointed) — Lev 4:7 on the same horns                                        [IMPORT] 
     effects: accepted
OK  Mishnah Zevachim 5:1 — the golden altar, one gift indispensable                                  [ANSWER-SHEET] 
     effects: horns_atoned_yearly
OK  Mishnah Zevachim 5:2 — the burned bulls                                                          [ANSWER-SHEET] 
     effects: accepted
OK  Exod 30:10 — most holy to the LORD                                                               [INK] 
     effects: most_holy
OK  Mishnah Yoma 4:4 — a half-maneh morning and twilight                                             [ANSWER-SHEET] 
     effects: incense_continual
OK  CALLED tzav.altar_machine(extinguish) — the fire carried                                         [IMPORT] 
     effects: perpetual_fire_duty
OK  Num 17:5 — the burner Aaron's seed                                                               [INK] 
     effects: incense_continual
OK  Num 7:14 — twelve ladles full of incense                                                         [INK] 
     effects: incense_continual
OK  CALLED yoma.service_order 16:16-17 — the people withdraw                                         [IMPORT] 
     effects: incense_continual
OK  Exod 40:27 — the first incense (Menachot 4:4)                                                    [INK] 
     effects: incense_continual
OK  Yoma 45a:3 — fine of the fine                                                                    [MOVE] 
     effects: incense_continual
OK  Exod 30:12 — "when you lift" a hapax                                                             [INK] 
     effects: half_shekel_owed
OK  the ransom-word's six Torah seats                                                                [INK] 
     effects: half_shekel_owed
OK  CALLED mishpatim.has_lemma(21:32) — the thirty-shekel tariff                                     [IMPORT] 
     effects: half_shekel_owed
OK  Onkelos — the redemption of his soul; the sela                                                   [MOVE] 
     effects: half_shekel_owed
OK  Exod 30:12 — no plague when you count                                                            [INK] 
     effects: no_plague_at_counting
OK  2 Sam 24:15 — the negative branch executed                                                       [INK] 
     effects: no_plague_at_counting
OK  Exod 30:13 — "this they shall give"                                                              [INK] 
     effects: half_shekel_owed
OK  "passing over to the counted" — spec twice, run once                                             [INK] 
     effects: half_shekel_owed
OK  "half" the shekel at four tokens                                                                 [INK] 
     effects: half_shekel_owed
OK  "by the shekel of the sanctuary" at twenty-five seats                                            [INK] 
     effects: half_shekel_owed
OK  "twenty gerah the shekel" at five seats                                                          [INK] 
     effects: half_shekel_owed
OK  the gerah and the cud — thirteen, eight                                                          [INK] 
     effects: —
OK  CALLED yovel.field_valuation shekel — twenty                                                     [IMPORT] 
     effects: half_shekel_owed
OK  CALLED vayikra5.pointers(asham_procedure)                                                        [IMPORT] 
     effects: half_shekel_owed
OK  Mishnah Zevachim 10:5 — two years and silver shekels                                             [ANSWER-SHEET] 
     effects: half_shekel_owed
OK  the terumah-token thrice                                                                         [INK] 
     effects: half_shekel_owed
OK  "from twenty years and up" at twenty-three seats                                                 [INK] 
     effects: half_shekel_owed
OK  Exod 30:15 — the rich no more                                                                    [INK] 
     effects: half_shekel_owed
OK  Mishnah Shekalim 2:4 — all hands equal                                                           [ANSWER-SHEET] 
     effects: half_shekel_owed
OK  Mishnah Shekalim 1:3 — whom they pledge                                                          [ANSWER-SHEET] 
     effects: half_shekel_owed
OK  "to atone for your souls" — the shekel and the blood                                             [INK] 
     effects: half_shekel_owed
OK  Exod 30:16 — the silver of the atonements                                                        [INK] 
     effects: half_shekel_owed
OK  CALLED sanctuary_build.books(census, talent) — the sockets                                       [IMPORT] 
     effects: accounts_rendered
OK  Num 1 and 26 carry no shekel                                                                     [INK] 
     effects: half_shekel_owed
OK  Mishnah Shekalim 6:5 — the trigger parameter                                                     [ANSWER-SHEET] 
     effects: half_shekel_owed
OK  2 Chr 24:6, 9 — the levy of Moses                                                                [INK] 
     effects: half_shekel_owed
OK  Neh 10:33 — a third of a shekel yearly                                                           [INK] 
     effects: half_shekel_owed
OK  Mishnah Shekalim 4:1 — the tamids and all public offerings                                       [ANSWER-SHEET] 
     effects: tamid_owed
OK  Mishnah Shekalim 8:8 — only before the House                                                     [ANSWER-SHEET] 
     effects: half_shekel_owed
OK  CALLED guardians.para_outcome(unpaid, theft) — the oath at 22:6                                  [IMPORT] 
     effects: oath_imposed
OK  Megillah 29b:7 — the reading fork                                                                [MOVE] 
     effects: —
OK  Megillah 30a:7-8 — the paragraph re-read                                                         [MOVE] 
     effects: —
OK  Mishnah Megillah 3:4 — Adar on the Sabbath                                                       [ANSWER-SHEET] 
     effects: —
OK  Mishnah Shekalim 6:6 — Jehoiada's chest cited                                                    [ANSWER-SHEET] 
     effects: due_to_priest
OK  the laver-word at eleven Torah seats                                                             [INK] 
     effects: hands_feet_sanctified
OK  "for washing" at three seats                                                                     [INK] 
     effects: hands_feet_sanctified
OK  "between the tent and the altar" at three seats                                                  [INK] 
     effects: —
OK  Zevachim 21a:3 — from it, not inside it                                                          [MOVE] 
     effects: hands_feet_sanctified
OK  Zevachim 22a:5 — the base for the bronze only                                                    [MOVE] 
     effects: hands_feet_sanctified
OK  "their hands and their feet" — with two severed pairs                                            [INK] 
     effects: hands_feet_sanctified
OK  Arakhin 19b:5 — to the joint                                                                     [MOVE] 
     effects: hands_feet_sanctified
OK  "that they not die" twice                                                                        [INK] 
     effects: death_by_heaven
OK  Onkelos — wash rendered sanctify                                                                 [MOVE] 
     effects: hands_feet_sanctified
OK  the two loci — 28:43's pair                                                                      [INK] 
     effects: hands_feet_sanctified
OK  Zevachim 19b:19 — which verb                                                                     [MOVE] 
     effects: hands_feet_sanctified
OK  Zevachim 19b:8 — what binds the seed binds him                                                   [MOVE] 
     effects: hands_feet_sanctified
OK  Mishnah Yoma 4:5 — the laver and the pitcher                                                     [ANSWER-SHEET] 
     effects: hands_feet_sanctified
OK  Mishnah Zevachim 2:1 — unwashed invalid                                                          [ANSWER-SHEET] 
     effects: disqualified
OK  Mishnah Tamid 1:4, 2:1 — before touching a vessel                                                [ANSWER-SHEET] 
     effects: hands_feet_sanctified
OK  Mishnah Yoma 3:10 — ben Katin's twelve and the device                                            [DATA] 
     effects: hands_feet_sanctified
OK  Exod 40:31 — the run washes from it                                                              [INK] 
     effects: hands_feet_sanctified
OK  four spice-hapaxes and cassia                                                                    [INK] 
     effects: anointed
OK  the weights sum to 1500                                                                          [INK] 
     effects: anointed
OK  Keritot 5a:24 — the count excludes two thousand                                                  [MOVE] 
     effects: anointed
OK  the hin at eighteen seats                                                                        [INK] 
     effects: anointed
OK  Keritot 5b:2 — twelve log from "this"                                                            [MOVE] 
     effects: anointed
OK  Chullin 139b:12 — Mordechai through Onkelos                                                      [MOVE] 
     effects: —
OK  "anointing" thrice; the perfumer at five seats                                                   [INK] 
     effects: anointed
OK  seven anointed objects                                                                           [INK] 
     effects: anointed
OK  CALLED sanctuary_build.altar(run_names_it) — the name's first seat                               [IMPORT] 
     effects: —
OK  Exod 30:29 — the vessels' contagion                                                              [INK] 
     effects: sanctified_by_contact
OK  "you shall anoint" — with Elijah's commission                                                    [INK] 
     effects: anointed
OK  Horayot 11b-12a, Keritot 5b:10 — the oil endures, hidden                                         [MOVE] 
     effects: anointed
OK  Exod 30:32 — the flesh of a man; the doubled yod                                                 [INK] 
     effects: compounding_barred
OK  Keritot 6b:19 — the scope of adam                                                                [MOVE] 
     effects: compounding_barred
OK  the formula-word — the bricks' quota                                                             [INK] 
     effects: compounding_barred
OK  "like it" — the plagues' superlative                                                             [INK] 
     effects: compounding_barred
OK  Exod 30:33 — two subjects, one karet                                                             [INK] 
     effects: karet_cut_off
OK  Makkot 14b:2 — to divide                                                                         [MOVE] 
     effects: karet_cut_off
OK  Mishnah Keritot 1:1 — four of the thirty-six; CALLED chatat.karet_census                         [ANSWER-SHEET] 
     effects: karet_cut_off
OK  Mishnah Makkot 3:2 — three flogged                                                               [ANSWER-SHEET] 
     effects: lashes
OK  Keritot 5a:19-20 — the compounder's exemptions                                                   [MOVE] 
     effects: compounding_barred
OK  Keritot 5a:22, 6b:3 — the oil's half, the incense's any                                          [MOVE] 
     effects: compounding_barred
OK  Meilah 19a:5 — no stranger to the oil                                                            [MOVE] 
     effects: compounding_barred
OK  Keritot 6b:25 — any amount                                                                       [MOVE] 
     effects: compounding_barred
OK  Keritot 6a:17 — in the holy                                                                      [MOVE] 
     effects: anointed
OK  Lev 8:10-12 — the run of this spec inside Lev 8                                                  [INK] 
     effects: anointed
OK  Exod 40:9-11 — the erection's run                                                                [INK] 
     effects: anointed
OK  Mishnah Horayot 3:4 — the anointed                                                               [ANSWER-SHEET] 
     effects: anointed
OK  Yoma 3b:4 — take for yourself: general                                                           [MOVE] 
     effects: incense_continual
OK  three spice-hapaxes and the showbread's frankincense                                             [INK] 
     effects: incense_continual
OK  Keritot 6b:7 — the eleven                                                                        [MOVE] 
     effects: incense_continual
OK  Exod 30:34 — "part for part" a hapax                                                             [INK] 
     effects: incense_continual
OK  Zevachim 18b:15 — bad bevad defines linen; CALLED vestments.tunics(flax)                         [IMPORT] 
     effects: —
OK  CALLED minchah.salt — salted                                                                     [IMPORT] 
     effects: salted
OK  "fine" — with Josiah's altar                                                                     [INK] 
     effects: incense_continual
OK  "before the testimony" — with the manna jar                                                      [INK] 
     effects: meeting_appointed
OK  Exod 30:37 — not for yourselves                                                                  [INK] 
     effects: compounding_barred
OK  Exod 30:38 — "to smell it" a hapax                                                               [INK] 
     effects: karet_cut_off
OK  Keritot 6a:6 — the maker liable, the smeller sacrilege                                           [MOVE] 
     effects: karet_cut_off
OK  Keritot 6b:1 — the surplus in halves (data)                                                      [DATA] 
     effects: compounding_barred
OK  Keritot 6b:5 — three manehs ground again (data)                                                  [DATA] 
     effects: incense_continual
OK  Mishnah Shekalim 4:5 — the incense funded by the shekel                                          [ANSWER-SHEET] 
     effects: incense_continual
OK  Num 17:5 — Korach's run                                                                          [INK] 
     effects: strange_offering_barred
OK  2 Chr 26:18 — Uzziah's run                                                                       [INK] 
     effects: strange_offering_barred
OK  Mal 1:11 — the participle's second seat                                                          [INK] 
     effects: incense_continual
OK  Exod 31:13 — "but My Sabbaths" a hapax                                                           [INK] 
     effects: sign_between
OK  the work does not override, the service does                                                     [MOVE] 
     effects: labor_barred
OK  "My Sabbaths" at four Torah seats; Ezekiel quotes back                                           [INK] 
     effects: sign_between
OK  Shabbat 69b-70a — one per Sabbath                                                                [MOVE] 
     effects: labor_barred
OK  the two sign-hapaxes                                                                             [INK] 
     effects: sign_between
OK  Onkelos — between My Word and you                                                                [MOVE] 
     effects: sign_between
OK  Shabbat 10b / Beitzah 16a — a gift must be told                                                  [MOVE] 
     effects: sign_between
OK  Exod 31:14 — its profaners; death and karet                                                      [INK] 
     effects: put_to_death, karet_cut_off
OK  Onkelos — death and karet side by side                                                           [MOVE] 
     effects: put_to_death, karet_cut_off
OK  doubled at 31:14-15, single at 35:2                                                              [INK] 
     effects: put_to_death
OK  Num 15:35 — the death clause's run                                                               [INK] 
     effects: stoned
OK  one clause, four carve-outs                                                                      [MOVE] 
     effects: put_to_death
OK  Mishnah Sanhedrin 4:1 — no verdict on the eve                                                    [ANSWER-SHEET] 
     effects: put_to_death
OK  Chullin 115a vs Ketubot 34a — the products fork                                                  [MOVE] 
     effects: labor_barred
OK  three grammars for the six days                                                                  [INK] 
     effects: rest_required
OK  "a Sabbath of complete rest" at six seats                                                        [INK] 
     effects: rest_required
OK  CALLED moadim / decalogue / calendar — the class, the scope, the recurrence                      [IMPORT] 
     effects: labor_barred
OK  Exod 31:16 — "to make the Sabbath"                                                               [INK] 
     effects: sign_between
OK  "an everlasting covenant" at twelve seats                                                        [INK] 
     effects: sign_between
OK  "was refreshed" — the stranger, God, David; CALLED calendar                                      [INK] 
     effects: rest_required
OK  Beitzah 16a — the extra soul                                                                     [MOVE] 
     effects: rest_required
OK  the creation reason at two seats                                                                 [INK] 
     effects: sign_between
OK  "and he assembled" at nine seats — the calf's among them                                         [INK] 
     effects: —
OK  "these are the things" at five seats                                                             [INK] 
     effects: labor_barred
OK  the index by juxtaposition — the work-list before                                                [INK] 
     effects: labor_barred
OK  Mishnah Shabbat 7:2 — forty less one (data)                                                      [ANSWER-SHEET] 
     effects: labor_barred
OK  Exod 35:3 — "you shall not kindle" a hapax                                                       [INK] 
     effects: kindling_barred
OK  Shabbat 70a / Keritot 20b — the kindling fork                                                    [MOVE] 
     effects: kindling_barred
OK  Shabbat 20a:5 — the Hearth Chamber                                                               [MOVE] 
     effects: kindling_barred
OK  Mishnah Shabbat 2:7 — light the lamp before                                                      [ANSWER-SHEET] 
     effects: kindling_barred
OK  "on the Sabbath day" at thirteen seats                                                           [INK] 
     effects: labor_barred
OK  CALLED chatat.criterion — the great rule's tiers                                                 [IMPORT] 
     effects: labor_barred
OK  CALLED chatat.karet_census — thirty-six                                                          [IMPORT] 
     effects: karet_cut_off
OK  Mishnah Beitzah 5:2 — CALLED moadim.work_class                                                   [IMPORT] 
     effects: labor_barred
OK  Mishnah Menachot 11:3 — R. Akiva's rule                                                          [ANSWER-SHEET] 
     effects: labor_barred
OK  the alignment engine across books (35, 32, 14, 15, 21)                                           [INK] 
     effects: —
OK  the eight blocks                                                                                 [INK] 
     effects: —
OK  the twenty-one dropped                                                                           [INK] 
     effects: —
OK  the run's verses outside every block                                                             [INK] 
     effects: —
OK  the spec's verses outside every block                                                            [INK] 
     effects: —
OK  numerals equal in four blocks                                                                    [INK] 
     effects: —
OK  the person shift — eleven and eight                                                              [INK] 
     effects: —
OK  the spec's one citation token                                                                    [INK] 
     effects: inspected_as_commanded
OK  THE HEADLINE — the delta is where the tradition argues                                           [MOVE] 
     effects: —
OK  THE SCENE on the world engine — the four use-entries fired                                       [INK] 
     effects: names_borne, judgment_borne, entry_announced, plate_propitiates, hand_laid, blood_on_extremities, altar_purged, waved, due_to_priest, consecrated, invested_office, burn_remainder, confined_seven_days, anointed
OK  THE SABBATH SCENE on the world engine — the wrap (W2)                                            [ANSWER-SHEET] 
     effects: sign_between, put_to_death, stoned, karet_cut_off, kindling_barred
OK  THE LAW LAYER'S SCENE on the world engine — the wrap (W6)                                        [ANSWER-SHEET] 
     effects: garments_inherited, incense_continual, lamp_arranged, strange_offering_barred, horns_atoned_yearly, accepted, most_holy, half_shekel_owed, no_plague_at_counting, accounts_rendered, tamid_owed, due_to_priest, oath_imposed, compounding_barred, karet_cut_off, lashes, exempt, salted, meeting_appointed

WATCH COVERAGE (the investiture, the Sabbath clause, and the law layer — W6):
  WATCH law_installation       seen  16  fired   3  on: installation_commanded, milluim_blood_sprinkled, milluim_leftover
  WATCH law_investiture        seen  16  fired  12  on: bull_offered, did_all, dressed, hands_laid, head_anointed, milluim_blood_sprinkled, ram_miluim, ram_olah, vessels_anointed, washed
  WATCH law_sabbath            seen   4  fired   4  on: sabbath_kept_as_sign, sabbath_profaned
  WATCH law_investiture        seen  44  fired  38  on: anointing_oil_misused, atonement_silver_given, bailment_claim, head_counted, horns_atoned, incense_burned, incense_compounded, priest_succeeded, strange_input_offered
MATRIX: 301/301 cells match the answer sheet
FRACTIONS: pure ink 154/301 (51%) · recorded moves 69/301 (22%) · answer-sheet 35/301 · data 3/301 · imports 40/301 · hypotheses 0/301
LEDGER OPS this span writes: block x40, body x19, debit x41, destroy x2, heaven x31, status x107, timer x42, transfer x13
effects: every cell carries REGISTERED effects — FIFTEEN discovered in these verses' own verbs: hand_laid, blood_on_extremities (BODY), garments_inherited, altar_purged, no_plague_at_counting, hands_feet_sanctified, anointed, sign_between (STATUS), tamid_owed, incense_continual, horns_atoned_yearly (TIMER), strange_offering_barred, compounding_barred, kindling_barred (BLOCK), half_shekel_owed (DEBIT) [effects law satisfied]
SCENE: (1, 1, 1, 1, 3, 2, 1, 1, 1, 1, 1, 1, 1, 1, 2, 16) — Lev 8 through this spec's daemon: the four use-entries the vestments spec promised, fired at the dressing
SCENE (W6, the law layer): (6, 0, 3, 1, 6, 1, 2, 1, 7, 0, 4, 0, 1, 1, 1, 1, 4, 4, 2, 10, 1, 1, 4, 4, 44, 9)
THE INVESTITURE SPEC RUN AGAINST LEVITICUS 8, THE INCENSE ALTAR, THE SHEKEL, THE LAVER, THE OIL AND THE INCENSE, AND THE SABBATH COMPILED — the spec/run delta is where the tradition argues (the split verb of the girding); the two owed edges closed; the plague clause's run in Samuel; bad bevad defining linen; the unit defined in the verse; sixteen engines CALLED.
guard: 172 expectations checked, every one a literal from the answer sheet [honest-pairing guard satisfied]
guard: 66 expectations checked, every one a literal from the answer sheet [honest-pairing guard satisfied]
probes: all 36 token probes fired  [zero-report law satisfied]

guard: 155 expectations checked, every one a literal from the answer sheet [honest-pairing guard satisfied]
probes: all 39 ink-token probes fired (4 imports receipted) [zero-report law satisfied]
censuses: the FIFTH at [13, 15, 19, 27, 31] — forms ['חמישתו', 'חמישית', 'חמשית', 'חמשתו', 'חמשיתו'] (plene at 13 and 15, defective at 19, 27, 31) · the substitute clause at [10, 33] (the vow and the tithe) · holy tokens in 11 verses
routing receipt: cold_run_yovel.tithe_naming() CALLED (3 namings); cold_run_pesach.firstborn(donkey) CALLED -> 'redeem with a lamb, else break the neck'
answer sheet: 20 Mishnah rows token-verified in their own ink
guard: 41 test rows, every expected value a literal from the answer sheet [honest-pairing guard satisfied]

OK  THE SCENE — Temurah, Arakhin 8, Bekhorot 9 and the Sifra on the world engine (the daemon's w [INK] 
     effects: consecrated, substitution, lashes, redemption_right, adds_fifth, redeem_or_break, most_holy, due_to_priest, put_to_death
OK  Temurah 7:1 — an animal vowed to the altar: holy (the altar class)                           [INK] 
     effects: consecrated
OK  Temurah 7:1-2 — an unfit animal consecrated: the upkeep class, valued by the priest          [INK] 
     effects: consecrated
OK  Temurah 7:2 — unspecified consecrations go to the upkeep                                     [MOVE] 
     effects: consecrated
OK  Temurah 1:1 — substitution attempted: it takes, and forty                                    [INK] 
     effects: substitution, consecrated, lashes
OK  Temurah 1:2 — good for bad, bad for good: takes                                              [INK] 
     effects: substitution
OK  Temurah 1:2 — herd for flock, sheep for goats, blemished for whole: takes                    [INK] 
     effects: substitution
OK  Temurah 1:2 — one for two, one for a hundred (R. Shimon: one for one)                        [MOVE] 
     effects: substitution
OK  Temurah 1:6 — birds and meal offerings make no substitute                                    [INK] 
     effects: —
OK  Temurah 1:6 / 2:1 — the community and partners make no substitute                            [MOVE] 
     effects: —
OK  Temurah 1:3 — limbs and embryos make no substitute                                           [MOVE] 
     effects: —
OK  Temurah 1:5 / 2:3 — a substitute makes no substitute                                         [MOVE] 
     effects: —
OK  Temurah 2:3 — holiness lands on a permanently blemished substitute                           [MOVE] 
     effects: consecrated
OK  Temurah 2:3 — the inadvertent like the deliberate in substitution                            [MOVE] 
     effects: substitution
OK  Temurah 5:5 — "this instead of that": a substitute                                           [INK] 
     effects: substitution
OK  Temurah 5:5 — "the exchange of that": a substitute                                           [INK] 
     effects: substitution
OK  Temurah 5:5 — "this desanctified on that": not a substitute                                  [ANSWER-SHEET] 
     effects: redemption_right
OK  Temurah 7:1 — altar-holy substitute; upkeep-holy do not                                      [INK] 
     effects: —
OK  Menachot 9:7 — the heir substitutes                                                          [MOVE] 
     effects: substitution
OK  Arakhin 8:1 — the owner redeeming adds a fifth (the unfit beast)                             [INK] 
     effects: adds_fifth, redemption_right
OK  Arakhin 8:1-3 — the owner redeems his house with a fifth                                     [INK] 
     effects: adds_fifth, redemption_right
OK  Arakhin 8:2-3 — another redeems: the valuation, no fifth                                     [INK] 
     effects: redemption_right
OK  the five fifths of the chapter (27:13, 15, 19, 27, 31)                                       [INK] 
     effects: adds_fifth
OK  Menachot 12:1 — birds, wood, frankincense, vessels: no redemption, only a beast is said      [INK] 
     effects: —
OK  Bekhorot 1:7 (via the Passover engine) — the firstling donkey: a lamb, else the neck         [IMPORT] 
     effects: redeem_or_break
OK  Arakhin 8:7 — the firstborn: sanctify it for value, not for the altar                        [MOVE] 
     effects: consecrated
OK  Temurah 5:1 — outwitting the firstborn: "what is in her womb, if male, an olah"              [MOVE] 
     effects: consecrated
OK  Arakhin 8:6 — every devoted thing most holy, not sold, not redeemed                          [INK] 
     effects: most_holy
OK  Arakhin 8:6 — unspecified devotion: to the priests (Sages) / the upkeep (R. Yehuda b. Beteir [INK] 
     effects: due_to_priest
OK  Arakhin 8:4 — devoted ALL he has: not devoted                                                [INK] 
     effects: —
OK  Arakhin 8:5 — devoted his son, daughter, Hebrew slave, purchased field: not devoted          [INK] 
     effects: —
OK  Arakhin 8:6 — the priests' devotions: no redemption, given to the priests                    [ANSWER-SHEET] 
     effects: due_to_priest
OK  Arakhin 8:7 — the firstborn may be devoted                                                   [ANSWER-SHEET] 
     effects: consecrated
OK  Bekhorot 9:7 — the pen, the small gate, the count, the tenth marked                          [INK] 
     effects: consecrated
OK  Bekhorot 9:7 — not marked, counted lying or standing: tithed                                 [INK] 
     effects: consecrated
OK  Bekhorot 9:7 — a hundred and took ten: not a tithe                                           [INK] 
     effects: —
OK  Temurah 3:5 — the tithe substituted: both holy, not redeemed                                 [INK] 
     effects: substitution, consecrated
OK  Bekhorot 9:1 — herd and flock not tithed together                                            [INK] 
     effects: —
OK  Bekhorot 9:1 — sheep and goats tithed together ("and flock" — all flock one)                 [INK] 
     effects: consecrated
OK  Bekhorot 9:8 (via the Jubilee engine) — the ninth called tenth: sanctified, eaten blemished  [IMPORT] 
     effects: consecrated
OK  Bekhorot 9:8 (via the Jubilee engine) — the eleventh called tenth: a peace offering          [IMPORT] 
     effects: consecrated

MATRIX: 41/41 cells match the answer sheet
FRACTIONS: pure ink 25/41 (60%) · recorded moves 10/41 (24%) · answer-sheet 3/41 · data 0/41 · imports 3/41 · hypotheses 0/41
computed, not graded: the impure beast of 27:27 redeemed at valuation plus a fifth or sold (INK); the devoted person put to death, not ransomed (INK 27:29); the land tithe holy (INK 27:30) and redeemed with a fifth (INK 27:31); not examined good or bad (INK 27:33) — valuation_plus_fifth_or_sold, put_to_death_not_ransomed, holy_to_the_LORD, plus_fifth, not_examined_good_or_bad
LEDGER OPS this span writes: body x3, debit x14, status x22, transfer x5
effects: every cell carries REGISTERED effects — consecrated (STATUS) discovered from 27:9's own "shall be holy"; most_holy shared with the meal offering; substitution, adds_fifth, put_to_death, due_to_priest, redemption_right, lashes, redeem_or_break from the registry [effects law satisfied]
  WATCH law_temurah            seen  29  fired  22  on: consecrated_redeemed, herd_tithed, substitute_declared, thing_consecrated, thing_devoted

THE CONSECRATION, SUBSTITUTION, AND DEVOTION MACHINE COMPILES — the two substitution verbs, "beast for beast," "it and its substitute" at the vow and the tithe, the fifth censused five times, the partitive "from all that he has," the ordinal tenth under the rod; three calls into sister engines: the Jubilee engine's tithe naming and the Passover engine's firstling donkey.
guard: 274 expectations checked, every one a literal from the answer sheet [honest-pairing guard satisfied]
guard: 27 expectations checked, every one a literal from the answer sheet [honest-pairing guard satisfied]
guard: 159 expectations checked, every one a literal from the answer sheet [honest-pairing guard satisfied]
probes: all 142 token probes fired  [zero-report law satisfied]

probes: all 46 token probes fired  [zero-report law satisfied]

guard: 55 expectations checked, every one a literal from the answer sheet [honest-pairing guard satisfied]
probes: all 112 fired [zero-report law satisfied]
CALLED thirteen engines: sanctions, priesthood, yovel, pesach, incense_shekel, sanctuary_build, ordinances, holiness_b, holiness, mishpatim, mishpatim_2, clocks, guardians [IMPORT, live]
censuses: every literal measured before it was typed; the deed restated at four seats; the ink's own counts hold [tripwires armed]
alignment: the commission against its retelling j=0.27; the prayer j=0.35; the deed at four seats j=0.34/0.21/0.47; the levirate, the firstborn, the adoption, the burial, the hollow, the renamings diffed
answer sheet: 44 Mishnah rows verified by their own tokens (Kiddushin 1-2, Ketubot 5, Chullin 7, Yevamot 1, 2, 4, Bava Batra 8, Bekhorot 8 whole with the link and topic rows — the family docket)
guard: 228 test rows, every expected value a literal from the answer sheet [honest-pairing guard satisfied]

OK  the three modes run in one chapter (Kiddushin 1:5)                                               [INK] 
     effects: field_acquired, grave_holding, buried
OK  the silver weighed: four hundred                                                                 [INK] 
     effects: pays, field_acquired
OK  the price stated twice                                                                           [INK] 
     effects: pays
OK  "current with the merchant" — the phrase's only seat                                             [INK] 
     effects: pays
OK  the currency grade: centenaria; the sanctuary shekel at 25 seats                                 [MOVE] 
     effects: pays
OK  no overreaching on land (Bava Metzia 4:9) by call                                                [HYPOTHESIS] 
     effects: pays
OK  the record before the gate at two seats; "established" at two                                    [INK] 
     effects: field_acquired
OK  the deed's boundary clauses (Bava Batra 69b)                                                     [MOVE] 
     effects: field_acquired
OK  possession by the burial                                                                         [INK] 
     effects: buried, grave_holding
OK  "a holding of a grave" at five seats                                                             [INK] 
     effects: grave_holding
OK  the tenure by call: three modes, forever                                                         [HYPOTHESIS] 
     effects: grave_holding
OK  the Sinai field sale by call: by harvest years, 400, returns                                     [HYPOTHESIS] 
     effects: returns_to_holding
OK  the holding persists: "which Abraham bought" at three seats                                      [INK] 
     effects: grave_holding
OK  "a stranger and a sojourner" — Gen 23:4 and the jubilee chapter                                  [INK] 
     effects: grave_holding
OK  Ephron's three "given" against Abraham's one                                                     [INK] 
     effects: field_acquired
OK  "take from me" — the tractate's opening token                                                    [INK] 
     effects: field_acquired
OK  taking is acquisition: three and two                                                             [INK] 
     effects: field_acquired
OK  the onen exempt (Berakhot 18a)                                                                   [MOVE] 
     effects: dead_before_him
OK  my dead, your dead, his dead                                                                     [INK] 
     effects: dead_before_him
OK  the eulogy's beneficiary (Sanhedrin 46b)                                                         [MOVE] 
     effects: dead_before_him
OK  Machpelah's geometry (Eruvin 53a)                                                                [MOVE] 
     effects: grave_holding
OK  Machpelah at six seats                                                                           [INK] 
     effects: grave_holding
OK  "a prince of God" — the phrase's only seat                                                       [INK] 
     effects: grave_holding
OK  the sanctuary shekel by call                                                                     [IMPORT] 
     effects: pays
OK  the deed restated: eleven and twelve tokens                                                      [INK] 
     effects: burial_owed, buried
OK  the deed aligned at four seats                                                                   [INK] 
     effects: buried
OK  the deed cited at the burial (Sotah 13a)                                                         [MOVE] 
     effects: buried
OK  the burial run's stamp "as he commanded them"                                                    [INK] 
     effects: buried
OK  "an everlasting holding" at three seats                                                          [INK] 
     effects: grave_holding
OK  the possession's three years (Bava Batra 3:1) — data                                             [DATA] 
     effects: grave_holding
OK  the agent for the son: six and four                                                              [INK] 
     effects: agent_commissioned
OK  Isaac first acts at 24:62                                                                        [INK] 
     effects: agent_commissioned
OK  the mandate's place clause (Kiddushin 2:4)                                                       [INK] 
     effects: agent_commissioned
OK  the court oath's formula is Abraham's (Shevuot 38b); the guardians' 22:10 by call                [MOVE] 
     effects: sworn_by_the_name
OK  the object in the hand at three seats                                                            [MOVE] 
     effects: sworn_by_the_name
OK  "and I will make you swear" — the hapax                                                          [INK] 
     effects: sworn_by_the_name
OK  "the God of heaven" at nine seats                                                                [INK] 
     effects: sworn_by_the_name
OK  R. Meir's double condition (Kiddushin 61b)                                                       [MOVE] 
     effects: sworn_by_the_name
OK  her consent: "ask her mouth" — "I will go"                                                       [MOVE] 
     effects: consent_given
OK  their consent: "take and go" at two seats                                                        [MOVE] 
     effects: consent_given
OK  from the LORD — the three canons (Moed Katan 18b)                                                [MOVE] 
     effects: consent_given
OK  the family's parties (Ketubot 4:4)                                                               [ANSWER-SHEET] 
     effects: consent_given
OK  the handover to the husband's agent (Ketubot 4:5)                                                [ANSWER-SHEET] 
     effects: handed_to_the_agent
OK  the two gift moments and the retold order                                                        [INK] 
     effects: gifts_given
OK  the sivlonot after the giving (Kiddushin 2:6, 50b)                                               [MOVE] 
     effects: gifts_given
OK  the beka by call: two Torah seats of five                                                        [IMPORT] 
     effects: gifts_given
OK  the bracelets: plene, defective, plene                                                           [INK] 
     effects: gifts_given
OK  ten camels and ten gold                                                                          [INK] 
     effects: gifts_given
OK  "perhaps" plene at the spec, defective at the retelling                                          [INK] 
     effects: agent_commissioned
OK  Rebekah written na'ar five times, na'arah never                                                  [INK] 
     effects: consent_given
OK  "the girl" retold as "the maiden"                                                                [INK] 
     effects: agent_commissioned
OK  the prayer against its retelling                                                                 [INK] 
     effects: agent_commissioned
OK  the commission against its retelling                                                             [INK] 
     effects: agent_commissioned
OK  the God clause retold with 17:1's walk                                                           [INK] 
     effects: agent_commissioned
OK  the well against its retelling                                                                   [INK] 
     effects: agent_commissioned
OK  the question against its retelling                                                               [INK] 
     effects: gifts_given
OK  the virgin's two predicates                                                                      [INK] 
     effects: wife_taken
OK  the bride-price by call: the verb and the noun                                                   [IMPORT] 
     effects: wife_taken
OK  "as a wife" at the Sinai seat by call; two in span, thirty in the Torah                          [HYPOTHESIS] 
     effects: wife_taken
OK  the marriage formula's five verbs                                                                [INK] 
     effects: wife_taken, comforted
OK  the comfort at two seats                                                                         [INK] 
     effects: comforted
OK  the bride's year: "days" = a year; the walled-city year by call                                  [MOVE] 
     effects: consent_given
OK  "days or a decade" — the phrase's only seat                                                      [INK] 
     effects: consent_given
OK  the scribes' adornment (Nedarim 37b)                                                             [MOVE] 
     effects: consent_given
OK  "they rode" — the modest-language exception (Pesachim 3a)                                        [MOVE] 
     effects: handed_to_the_agent
OK  "after the man" (Berakhot 61a)                                                                   [MOVE] 
     effects: handed_to_the_agent
OK  the sip's spelling (Shabbat 77a)                                                                 [MOVE] 
     effects: agent_commissioned
OK  Isaac instituted the afternoon prayer                                                            [MOVE] 
     effects: wife_taken
OK  "with everything" — the daughter dispute                                                         [MOVE] 
     effects: agent_commissioned
OK  the three "alls"                                                                                 [INK] 
     effects: agent_commissioned
OK  old age and illness — the two firsts                                                             [MOVE] 
     effects: agent_commissioned
OK  the improper request answered properly (Taanit 4a)                                               [MOVE] 
     effects: agent_commissioned
OK  "kindness and truth" — the two family oaths                                                      [INK] 
     effects: sworn_by_the_name
OK  three lands for marriage (Ketubot 13:10) — her consent                                           [ANSWER-SHEET] 
     effects: consent_given
OK  the steward's title (Yoma 28b)                                                                   [MOVE] 
     effects: agent_commissioned
OK  the father takes a wife for the son at two seats                                                 [INK] 
     effects: agent_commissioned, wife_taken
OK  no Sinai seat: the thigh-vein's only seat                                                        [INK] 
     effects: sinew_barred
OK  "said at Sinai, written in its place" (Chullin 7:6)                                              [MOVE] 
     effects: sinew_barred
OK  the first "sons of Israel" in the Bible                                                          [INK] 
     effects: sinew_barred
OK  named four verses before                                                                         [INK] 
     effects: sinew_barred, name_changed
OK  "to this day" at four Genesis seats                                                              [INK] 
     effects: sinew_barred
OK  "THE thigh" — the article's only seat                                                            [INK] 
     effects: sinew_barred
OK  the article as the distinguished member — exported to four                                       [MOVE] 
     effects: sinew_barred
OK  the right thigh (Chullin 7:1; 91a)                                                               [MOVE] 
     effects: sinew_barred
OK  the hollow twice and twice                                                                       [INK] 
     effects: sinew_barred
OK  the fowl excluded: no rounded hollow                                                             [MOVE] 
     effects: sinew_barred
OK  on the hollow alone (Shmuel)                                                                     [MOVE] 
     effects: sinew_barred
OK  the pure-only derivation (Rava)                                                                  [MOVE] 
     effects: sinew_barred
OK  eat, not benefit (Pesachim 22a; Chullin 7:2)                                                     [MOVE] 
     effects: sinew_barred
OK  the olive and the whole creature (Chullin 7:3) — data                                            [DATA] 
     effects: sinew_barred
OK  five lashes on one act (Makkot 21b)                                                              [MOVE] 
     effects: sinew_barred
OK  the wound against the ban aligned                                                                [INK] 
     effects: sinew_barred
OK  "touched" at the wound and at the ban                                                            [INK] 
     effects: sinew_barred
OK  Jacob still Jacob: fifty-six; Abram: zero                                                        [INK] 
     effects: name_changed
OK  "no more" at all three renamings                                                                 [INK] 
     effects: name_changed
OK  the renamings aligned                                                                            [INK] 
     effects: name_changed
OK  Jacob and Israel in the testament chapter                                                        [INK] 
     effects: name_changed
OK  the two princes hinted (Chullin 92a)                                                             [MOVE] 
     effects: scepter_held
OK  "the sun rose for him" — the phrase's only seat                                                  [INK] 
     effects: sinew_barred
OK  alone for the jars — the righteous do not rob                                                    [MOVE] 
     effects: sinew_barred
OK  a scholar not alone at night                                                                     [MOVE] 
     effects: sinew_barred
OK  "you have striven" at two seats                                                                  [INK] 
     effects: name_changed
OK  the order of the sons is the duty's order                                                        [INK] 
     effects: levirate_owed
OK  the command's three imperatives                                                                  [INK] 
     effects: levirate_owed
OK  seed at the first seat, name at the second                                                       [INK] 
     effects: levirate_owed
OK  the name is inheritance — from 48:6 (Yevamot 24a)                                                [MOVE] 
     effects: levirate_owed
OK  "the name of the dead on his inheritance" — Ruth                                                 [INK] 
     effects: levirate_owed
OK  "and he has no son" opens two institutions                                                       [INK] 
     effects: levirate_owed
OK  38:8 against Deut 25:5-6 aligned                                                                 [INK] 
     effects: levirate_owed
OK  the Sinai seat by call: the brother's wife                                                       [IMPORT] 
     effects: levirate_owed, karet_cut_off, childless
OK  the brother not in his world by call                                                             [IMPORT] 
     effects: levirate_owed, exempt
OK  the fifteen by call — the daughter-in-law among them                                             [IMPORT] 
     effects: levirate_owed, exempt
OK  the daughter-in-law at Sinai by call: stoning, karet                                             [IMPORT] 
     effects: stoned, karet_cut_off
OK  the daughter-in-law named three times                                                            [INK] 
     effects: levirate_owed
OK  the kin-scope narrowed at the second seat                                                        [MOVE] 
     effects: levirate_owed
OK  who is a mamzer (Yevamot 4:13)                                                                   [ANSWER-SHEET] 
     effects: —
OK  Perez counted before Zerach; the dead named                                                      [INK] 
     effects: levirate_owed
OK  "Canaanite" read merchant (Pesachim 50a)                                                         [MOVE] 
     effects: wife_taken
OK  the gentile mother's child (Kiddushin 3:12)                                                      [ANSWER-SHEET] 
     effects: levirate_owed
OK  the waiting widow: her acts stand (Yevamot 4:3)                                                  [ANSWER-SHEET] 
     effects: waits_for_the_levir
OK  the minor refused (Yevamot 4:6)                                                                  [ANSWER-SHEET] 
     effects: waits_for_the_levir
OK  the timer set and checked                                                                        [INK] 
     effects: waits_for_the_levir
OK  the two-husbands presumption (Yevamot 64b)                                                       [MOVE] 
     effects: waits_for_the_levir
OK  no release form before Sinai: no shoe; "formerly in Israel"                                      [INK] 
     effects: waits_for_the_levir
OK  Onan refused by act                                                                              [INK] 
     effects: slain_by_heaven
OK  slain by Heaven at two seats                                                                     [INK] 
     effects: slain_by_heaven
OK  Judah takes a wife for Er                                                                        [INK] 
     effects: wife_taken
OK  Er the firstborn at two verses                                                                   [INK] 
     effects: slain_by_heaven
OK  the firstborn's redemption by call                                                               [IMPORT] 
     effects: consecrated_firstborn
OK  the pledge's three tokens at two seats                                                           [INK] 
     effects: pledge_held
OK  the pledge by call: sunset; the widow never pledged                                              [HYPOTHESIS] 
     effects: pledge_held, pledge_returned_by_sunset
OK  "a pledge" — the noun's only seats                                                               [INK] 
     effects: pledge_held
OK  the widow's two Sinai seats by call                                                              [HYPOTHESIS] 
     effects: waits_for_the_levir
OK  widow-widow from Tamar refused (Yevamot 59a)                                                     [MOVE] 
     effects: waits_for_the_levir
OK  the harlot's definition by call                                                                  [IMPORT] 
     effects: profaned_seed
OK  the cult harlot at two verses                                                                    [INK] 
     effects: profaned_seed
OK  the modest bride (Megillah 10b)                                                                  [MOVE] 
     effects: profaned_seed
OK  three months — "no proof, a hint" (Niddah 8b)                                                    [MOVE] 
     effects: waits_for_the_levir
OK  the sentence: burning                                                                            [INK] 
     effects: sentence_pronounced
OK  the burn verb at five Torah seats                                                                [INK] 
     effects: sentence_pronounced
OK  the daughter's mode by call: burning; in the burned list                                         [IMPORT] 
     effects: sentence_pronounced, burned_by_court
OK  the act's mode by call: stoning; the burning clause                                              [IMPORT] 
     effects: stoned, burned_by_court
OK  Shem's court decreed on harlotry (Avodah Zarah 36b)                                              [MOVE] 
     effects: sentence_pronounced
OK  better the furnace — she did not name him                                                        [MOVE] 
     effects: sentence_pronounced
OK  "recognize please" at two seats                                                                  [INK] 
     effects: acquitted
OK  "she is more righteous than I"                                                                   [INK] 
     effects: acquitted
OK  the holy spirit in Shem's court (Makkot 23b)                                                     [MOVE] 
     effects: acquitted
OK  "and he did not continue" at four seats                                                          [INK] 
     effects: acquitted
OK  the confession's reward — the letters                                                            [INK] 
     effects: acquitted
OK  twins: plene here, defective at Rebekah's                                                        [INK] 
     effects: firstborn_by_the_head
OK  the hand first, the body first                                                                   [INK] 
     effects: firstborn_by_the_head
OK  the firstborn by the head: Perez (Bekhorot 8:1)                                                  [ANSWER-SHEET] 
     effects: firstborn_by_the_head
OK  the mother's clock by the hand (Niddah 28a) by call                                              [IMPORT] 
     effects: niddah_seven
OK  "the generations of Perez" — the run                                                             [INK] 
     effects: firstborn_by_the_head
OK  the kid at two verses                                                                            [INK] 
     effects: pledge_held
OK  Judah went down — demoted (Sotah 13b)                                                            [MOVE] 
     effects: comforted
OK  Tamar read and translated; Reuben not (Megillah 4:10)                                            [ANSWER-SHEET] 
     effects: acquitted
OK  Judah comforted                                                                                  [INK] 
     effects: comforted
OK  the adoption "as Reuben and Simeon"                                                              [INK] 
     effects: adopted_as_sons
OK  the fold-in by name in their inheritance                                                         [INK] 
     effects: adopted_as_sons
OK  "in their inheritance" at two seats                                                              [INK] 
     effects: adopted_as_sons
OK  the double as two tribes (Bava Batra 123a)                                                       [MOVE] 
     effects: portion_added
OK  "the born" fixes the tense (Nedarim 30b)                                                         [MOVE] 
     effects: adopted_as_sons
OK  a company is a tribe with a holding (Horayot)                                                    [MOVE] 
     effects: adopted_as_sons
OK  "this is my son" (Bava Batra 8:6)                                                                [INK] 
     effects: adopted_as_sons
OK  "he crossed his hands" — twelve seats, one crossed                                               [INK] 
     effects: younger_set_first
OK  the order at six seats                                                                           [INK] 
     effects: younger_set_first
OK  "he set Ephraim before Manasseh"                                                                 [INK] 
     effects: younger_set_first
OK  the firstborn plene and defective                                                                [INK] 
     effects: younger_set_first
OK  the firstborn by call: the womb-opener; the caesarean                                            [IMPORT] 
     effects: consecrated_firstborn
OK  the right called hand (Menachot 37a)                                                             [INK] 
     effects: younger_set_first
OK  the younger in two words                                                                         [INK] 
     effects: younger_set_first
OK  "one portion" at two seats                                                                       [INK] 
     effects: portion_added
OK  given as a gift (Bava Batra 8:5)                                                                 [INK] 
     effects: portion_added
OK  a gift in the jubilee — R. Meir and the sages (Bekhorot 8:10)                                    [ANSWER-SHEET] 
     effects: returns_to_holding
OK  the held, not the due (Bekhorot 8:9)                                                             [INK] 
     effects: portion_added
OK  sword and bow read as prayer (Bava Batra 123a)                                                   [MOVE] 
     effects: portion_added
OK  the birthright's run (1 Chr 5:1)                                                                 [INK] 
     effects: birthright_transferred
OK  illness first at 48:1 — one Genesis token                                                        [INK] 
     effects: adopted_as_sons
OK  Rachel on the road                                                                               [INK] 
     effects: buried
OK  the two agents of the blessing (Pesachim 118a)                                                   [INK] 
     effects: adopted_as_sons
OK  "like fish" — the hapax                                                                          [INK] 
     effects: adopted_as_sons
OK  honoring the aged father by call                                                                 [HYPOTHESIS] 
     effects: honor_owed, rise_owed
OK  the inheritance order owed to Numbers                                                            [INK] 
     effects: adopted_as_sons
OK  Zelophehad's three portions (Bava Batra 8:3)                                                     [ANSWER-SHEET] 
     effects: portion_added
OK  "the beginning of my vigor" at two seats alone                                                   [INK] 
     effects: birthright_transferred
OK  the excess named twice and denied once                                                           [INK] 
     effects: demoted, birthright_transferred
OK  49:3 against Deut 21:17 aligned                                                                  [INK] 
     effects: birthright_transferred
OK  "unstable" — the hapax                                                                           [INK] 
     effects: demoted
OK  "my couch" at five seats                                                                         [INK] 
     effects: demoted
OK  two beds — the revocalization (Shabbat 55b)                                                      [MOVE] 
     effects: demoted
OK  Reuben's confession paired with Judah's (Sotah 7b)                                               [MOVE] 
     effects: demoted
OK  "cursed" at the verse head; the ox ends 49:6                                                     [INK] 
     effects: demoted
OK  no decision among Issi's five (Yoma 52b)                                                         [MOVE] 
     effects: demoted
OK  the elders' change at 49:6 (Megillah 9a)                                                         [MOVE] 
     effects: demoted
OK  the council and the assembly (Sanhedrin 109b)                                                    [MOVE] 
     effects: demoted
OK  "I will divide them in Jacob"                                                                    [INK] 
     effects: scattered_in_israel
OK  the scepter and the lawgiver: two nouns, six seats                                               [INK] 
     effects: scepter_held
OK  two offices (Sanhedrin 5a; Horayot 11b)                                                          [MOVE] 
     effects: scepter_held
OK  the license to judge (Sanhedrin 5a)                                                              [MOVE] 
     effects: scepter_held
OK  "Shiloh" — this spelling alone                                                                   [INK] 
     effects: scepter_held
OK  the hand on the neck is the bow (Avodah Zarah 25a)                                               [MOVE] 
     effects: scepter_held
OK  two of the lion's six names (Sanhedrin 95a)                                                      [MOVE] 
     effects: scepter_held
OK  the animal census of the blessings                                                               [INK] 
     effects: scepter_held
OK  the ox from Deuteronomy (Sotah 11b)                                                              [INK] 
     effects: scepter_held
OK  the tribes' order in the testament                                                               [INK] 
     effects: scepter_held
OK  Zebulun before Issachar against the birth order                                                  [INK] 
     effects: scepter_held
OK  twelve, each his blessing                                                                        [INK] 
     effects: scepter_held
OK  the ass caused Issachar (Niddah 31a)                                                             [MOVE] 
     effects: scepter_held
OK  Dan judges as the One; Jacob's prophecy run at Samson                                            [MOVE] 
     effects: scepter_held
OK  "above the eye" — the revocalization (Bava Batra 118b)                                           [MOVE] 
     effects: scepter_held
OK  the crown of his brothers — no wine (Shabbat 139a)                                               [MOVE] 
     effects: scepter_held
OK  the altar's base from Benjamin's wolf (Zevachim 53b-54b)                                         [MOVE] 
     effects: scepter_held
OK  "bury me" — the debit                                                                            [INK] 
     effects: burial_owed
OK  the buried named; Rachel absent                                                                  [INK] 
     effects: buried
OK  the deed inside the command                                                                      [INK] 
     effects: burial_owed
OK  "gathered to his people" at five seats                                                           [INK] 
     effects: gathered_to_his_people
OK  "he expired" at five Genesis seats                                                               [INK] 
     effects: gathered_to_his_people
OK  the Shema's response at the deathbed (Pesachim 56a)                                              [MOVE] 
     effects: scepter_held
OK  the census's five homographs verified                                                            [INK] 
     effects: —
OK  the bite of interest at four seats                                                               [INK] 
     effects: —
OK  the parents' order by call                                                                       [HYPOTHESIS] 
     effects: honor_owed
OK  THE SCENE on the world engine                                                                    [INK] 
     effects: burial_owed, waits_for_the_levir
OK  HEADLINE: the purchase runs Kiddushin 1:5's three modes                                          [MOVE] 
     effects: field_acquired
OK  HEADLINE: the commission is a spec/run/retold triple                                             [MOVE] 
     effects: agent_commissioned
OK  HEADLINE: the sinew has no Sinai seat and the census shows it                                    [MOVE] 
     effects: sinew_barred
OK  HEADLINE: Tamar's wait is the answer sheet's refused plea                                        [MOVE] 
     effects: levirate_owed, waits_for_the_levir
OK  HEADLINE: Jacob's testament in the gift form                                                     [MOVE] 
     effects: portion_added, birthright_transferred

MATRIX: 228/228 cells match the answer sheet
FRACTIONS: pure ink 125/228 (54%) · recorded moves 69/228 (30%) · answer-sheet 11/228 · data 2/228 · imports 13/228 · hypotheses 8/228
LEDGER OPS this span writes: block x21, body x4, debit x38, heaven x6, status x144, timer x2, transfer x31
effects: every cell carries REGISTERED effects — TWENTY-EIGHT discovered in these verses' own verbs: field_acquired, gifts_given, handed_to_the_agent, portion_added, birthright_transferred (TRANSFER); grave_holding, buried, dead_before_him, sworn_by_the_name, agent_commissioned, consent_given, wife_taken, comforted, pledge_held, sentence_pronounced, acquitted, firstborn_by_the_head, adopted_as_sons, younger_set_first, demoted, scattered_in_israel, scepter_held, gathered_to_his_people (STATUS); sinew_barred (BLOCK); levirate_owed, waits_for_the_levir, burial_owed (DEBIT); slain_by_heaven (HEAVEN) [effects law satisfied]
SCENE: (1, 1, 1, 2, 1, 1, 1, 1, 1, 1, 1, 1, 1, 1, 0, 2, 1, 0, 1, 1, 1, 1, 1, 1, 2, 1, 1, 1, 1, 2, 1, 1, 0, 1, 0, 16) — the purchase, the match, the sinew, Judah's house with Tamar's timer fired and closed, the adoption and the testament, the burial owed and paid
THE FAMILY CODE COMPILED — the purchase runs the three modes of acquiring land; the commission a spec/run/retold triple whose deltas the sugyot read; the sinew the one law with no Sinai seat; the levirate's first seat carrying the answer sheet's refused plea and its name resolved from the adoption's verse; the testament in the gift form; THIRTEEN engines CALLED.
probes: all 39 token probes fired  [zero-report law satisfied]

probes: all 100 token probes fired  [zero-report law satisfied]

probes: all 86 token probes fired  [zero-report law satisfied]

probes: all 54 token probes fired  [zero-report law satisfied]

probes: all 96 fired [zero-report law satisfied]
censuses: every literal above measured against the whole Tanakh index and asserted [tripwires armed]
alignment: the second seat {'matzah': 0.7, 'firstborn_a': 0.26, 'firstborn_b': 0.5, 'rest': 0.26, 'feasts': 0.23, 'appear': 0.69, 'leaven_fat': 0.5, 'firstfruits_kid': 1.0}; the erection command->execution 5/14 matched, 7 unrun (their runs in Lev 8: ['8:10', '8:11', '8:13', '8:6']); the making's dropped clauses picked up 13 of 24; the donation 4/9; the craftsmen 4/11
routing receipts: calendar CALLED — matzah 'seven days of unleavened bread = 14th evening to 21st evening (CALLED pesach)', rest 'every seventh day' / 'ox, donkey, slave, resident stranger', pilgrimage 'owes the three appearings' / 'exempt' / 'exempt', windows 'the slaughterer with leaven transgresses' / 'disqualified at morning off the altar', first fruits 'bring to the house (seven kinds — fetched list)', kid {'cook': 'barred', 'eat': 'barred', 'benefit': 'barred'}, sabbatical 'land released in year 7'; pesach — window '14th evening to 21st evening', purge 'midday of the 14th', donkey 'redeem with a lamb, else break the neck', human 'redeem (five sela — fetched constant)', leftover 'burn on the 16th'; offerings — herd olah 'wholly_to_fires', shelamim 'two_that_are_four'; moadim — two loaves 2 x 'two_tenths'; ordinances — 'no_covenant_with_them_or_their_gods', 'lest_they_make_you_sin', 'demolish_demolish_break_break', 'not_bow_not_serve_not_do', 'temple_services_for_any_idol', 'serves_sacrifices_incense_libation_bows_accepts_says'; sanctuary — dropped 24 ('use_clauses_and_the_pattern'), staves 'never_removed', testimony 'dropped_in_run', fragments 'both_in_the_ark', bread 'lifnei_tamid', lamps 7, veil 20, trigger 'willing_heart', teaching 'to_teach_in_his_heart'; vestments — ['tunic', 'robe', 'ephod', 'breastplate', 'turban', 'sash', 'caps'] / ['tunic', 'sash', 'robe', 'ephod', 'breastplate', 'turban', 'plate', 'caps'], ken asu 15, kekhol [(39, 32), (39, 42)], manifest 35; incense-shekel — laver run ['Exod 40:31'], loci ['Exod 28:43', 'Exod 30:20', 'Num 4:19'], first incense 'Exod 40:27', burner 'aarons_seed', oil run [9, 10, 11] / [(8, 10), (8, 11), (8, 12)], initiations {'golden_altar': 'Exod 40:27', 'olah_altar': 'Exod 40:29', 'table': 'Exod 40:23', 'lampstand': 'Exod 40:25'}; eighth day — 'first_of_nisan', crowns ['priesthood', 'service', 'fire', 'presence', 'blessing'], switch 'high_places_banned_service_by_priests', inaugurated by 'morning_tamid'; priesthood — {'rows': 2, 'per_row': 6, 'pinned_by': 'three_verses'}, {'flame': 'rises_on_its_own', 'western': 'always_burning_begin_from_it_end_at_it', 'found_out': ['Sifra_relight_from_the_outer_altar', 'Tamid_from_the_burning_lamps']}; tzav — 'a seven-day confinement timer; the template for the generations' [IMPORT, live calls]
answer sheet: 48 Mishnah rows verified by their own tokens (Avodah Zarah 3-4, Rosh Hashanah 1, Bekhorot 1, Chagigah 1 whole with the link and topic rows — the erection-and-covenant docket)
guard: 287 test rows, every expected value a literal from the answer sheet [honest-pairing guard satisfied]

OK  Exod 34 — the cutting verb at four seats                                                         [INK] 
     effects: covenant_cut
OK  "wonders not created" — with Isaiah alone                                                        [INK] 
     effects: covenant_cut
OK  the nations at seven seats in seven orders                                                       [INK] 
     effects: nations_driven_out
OK  CALLED ordinances.land(no_covenant)                                                              [IMPORT] 
     effects: covenant_barred
OK  THE DEMOLITION LIST GROWS 3-4-5                                                                  [INK] 
     effects: demolished
OK  CALLED ordinances.land(break_pillars) — the first seat                                           [IMPORT] 
     effects: demolished
OK  "his asherim" spelled "happy is he" — four seats                                                 [INK] 
     effects: demolished
OK  the pillar-word in Exodus at three seats                                                         [INK] 
     effects: demolished
OK  "another god" a hapax                                                                            [INK] 
     effects: stoned
OK  Sanhedrin 60b:12 — the punished bow's warning                                                    [MOVE] 
     effects: stoned
OK  CALLED ordinances.land(no_bow)                                                                   [IMPORT] 
     effects: stoned
OK  Mishnah Horayot 1:3 — the bower exempted is a partial error                                      [ANSWER-SHEET] 
     effects: bears_sin
OK  three whoring clauses in two verses                                                              [INK] 
     effects: intermarriage_barred
OK  "and you eat of his sacrifice" a hapax                                                           [INK] 
     effects: barred_from_it
OK  Avodah Zarah 8a:17 — the invitation is the eating                                                [MOVE] 
     effects: barred_from_it
OK  Mishnah Avodah Zarah 2:3 — the sacrifices of the dead                                            [ANSWER-SHEET] 
     effects: barred_from_it
OK  "of their daughters for your sons" — two Torah seats                                             [INK] 
     effects: intermarriage_barred
OK  Avodah Zarah 36b:9 — the ban's two channels                                                      [MOVE] 
     effects: intermarriage_barred
OK  Mishnah Kiddushin 3:12 — the child as she is                                                     [ANSWER-SHEET] 
     effects: intermarriage_barred
OK  "molten gods" — 34:17 and Lev 19:4 with the vav                                                  [INK] 
     effects: molten_image_barred
OK  Makkot 23a:4 / Pesachim 118a:12 — the inserted neighbor legislates                               [MOVE] 
     effects: molten_image_barred
OK  the second seat's verses with no first seat                                                      [INK] 
     effects: molten_image_barred, pilgrim_land_guarded
OK  Mishnah Avodah Zarah 4:4 — an Israelite's idol forbidden once worshipped                         [ANSWER-SHEET] 
     effects: molten_image_barred
OK  Mishnah Avodah Zarah 4:2 — the altar class                                                       [ANSWER-SHEET] 
     effects: barred_from_it
OK  Mishnah Avodah Zarah 3:5 — made objects, not the ground                                          [ANSWER-SHEET] 
     effects: demolished
OK  Rosh Hashanah 17b:7 — the covenant with the thirteen                                             [MOVE] 
     effects: covenant_cut
OK  the eight clause-pairs aligned                                                                   [INK] 
     effects: —
OK  34:26 == 23:19 token for token                                                                   [INK] 
     effects: restores, barred_from_it
OK  CALLED calendar.kid_in_milk x3                                                                   [IMPORT] 
     effects: barred_from_it
OK  CALLED calendar.first_fruits                                                                     [IMPORT] 
     effects: restores
OK  34:22 against 23:16 — the feasts' delta                                                          [INK] 
     effects: appearance_owed
OK  "weeks" whose consonants are "seven"                                                             [INK] 
     effects: appearance_owed
OK  Menachot 84b:4 — the two loaves of wheat                                                         [MOVE] 
     effects: accepted
OK  CALLED moadim.two_loaves — count and flour                                                       [IMPORT] 
     effects: accepted
OK  "the turn of the year" — three forms                                                             [INK] 
     effects: appearance_owed
OK  Sanhedrin 13a:1 — the equinox rule                                                               [MOVE] 
     effects: appearance_owed
OK  34:18 against 23:15 — the matzah delta                                                           [INK] 
     effects: purge_deadline
OK  "as I commanded you" written without the kaf at the second seat                                  [INK] 
     effects: purge_deadline
OK  CALLED calendar.matzah and pesach.leaven_machine                                                 [IMPORT] 
     effects: purge_deadline
OK  "they shall not appear before Me empty" at exactly two seats                                     [INK] 
     effects: appearance_gift_owed
OK  Bekhorot 51b:8 — the moved clause read where it stands                                           [MOVE] 
     effects: appearance_gift_owed
OK  Kiddushin 17a:7 — "empty" exported to the severance gift                                         [MOVE] 
     effects: appearance_gift_owed
OK  Mishnah Chagigah 1:2 — the two amounts (data)                                                    [DATA] 
     effects: appearance_gift_owed
OK  Chagigah 6a:14 — the chagigah before the Utterance                                               [MOVE] 
     effects: appearance_gift_owed
OK  34:20 against 13:13 — the firstborn delta                                                        [INK] 
     effects: redeem_or_break
OK  "peter chamor" defective, plene with the vav, plene bare                                         [INK] 
     effects: redeem_or_break
OK  Bekhorot 5b:7 — peter chamor twice                                                               [MOVE] 
     effects: redeem_or_break
OK  Mishnah Bekhorot 1:2 — exempt                                                                    [ANSWER-SHEET] 
     effects: exempt
OK  Bekhorot 6a:6 — the general and its particulars                                                  [INK] 
     effects: consecrated_firstborn
OK  "remember-the-male" at nine seats, eight of them "remember"                                      [INK] 
     effects: consecrated_firstborn
OK  "tifdeh" six seats, three per verse                                                              [INK] 
     effects: redeem_or_break
OK  Bekhorot 10b:27 — tifdeh tifdeh                                                                  [MOVE] 
     effects: redeem_or_break
OK  Kiddushin 29a:17 — tipadeh                                                                       [MOVE] 
     effects: redeem_or_break
OK  Kiddushin 29b:5 — the clause order                                                               [MOVE] 
     effects: redeem_or_break
OK  Mishnah Bekhorot 1:7 — redemption precedes breaking                                              [ANSWER-SHEET] 
     effects: redeem_or_break
OK  CALLED pesach.firstborn(donkey)                                                                  [IMPORT] 
     effects: redeem_or_break
OK  "break its neck" at two seats                                                                    [INK] 
     effects: redeem_or_break
OK  Mishnah Bekhorot 1:4 — the seh class                                                             [ANSWER-SHEET] 
     effects: redeem_or_break
OK  34:21 against 23:12 — the rest delta                                                             [INK] 
     effects: rest_required
OK  CALLED calendar.weekly_rest x2                                                                   [IMPORT] 
     effects: rest_required
OK  THE ADDED TOKENS READ THREE WAYS                                                                 [MOVE] 
     effects: land_release, rest_required
OK  Mishnah Sheviit 1:4 — both readings inside the row                                               [ANSWER-SHEET] 
     effects: land_release
OK  CALLED calendar.sabbatical x2                                                                    [IMPORT] 
     effects: land_release
OK  34:23 against 23:17 — the appearing delta                                                        [INK] 
     effects: appearance_owed
OK  CALLED calendar.pilgrimage x3                                                                    [IMPORT] 
     effects: appearance_owed
OK  "no man shall covet" a hapax form                                                                [INK] 
     effects: pilgrim_land_guarded
OK  Pesachim 8b:7 — the warranty                                                                     [MOVE] 
     effects: pilgrim_land_guarded
OK  34:25 against 23:18 — the leaven delta                                                           [INK] 
     effects: purge_deadline, disqualified
OK  CALLED calendar.offering_windows x2 and pesach.paschal_procedure                                 [IMPORT] 
     effects: purge_deadline, disqualified
OK  Pesachim 64a:5-6 — "My sacrifice" at two seats                                                   [MOVE] 
     effects: purge_deadline
OK  Mishnah Pesachim 5:4 — a negative                                                                [ANSWER-SHEET] 
     effects: purge_deadline
OK  Pesachim 70a:5 — the chagigah's overnight rule                                                   [MOVE] 
     effects: disqualified
OK  Pesachim 59b:8 — "to the morning"                                                                [MOVE] 
     effects: disqualified
OK  Pesachim 5a:16 — the purge before the slaughter                                                  [MOVE] 
     effects: purge_deadline
OK  THE HEADLINE — the second seat's delta                                                           [MOVE] 
     effects: —
OK  "hew for yourself" at two seats                                                                  [INK] 
     effects: tablets_delivered
OK  Nedarim 38a:3-4 — the chips and the writing his                                                  [MOVE] 
     effects: tablets_delivered
OK  Yevamot 62a:4 — the breaking ratified                                                            [MOVE] 
     effects: tablets_delivered
OK  CALLED sanctuary_build.ark(tablets_and_fragments)                                                [IMPORT] 
     effects: tablets_delivered
OK  "and no man shall go up" a hapax                                                                 [INK] 
     effects: barred_from_it
OK  Taanit 21b:4 — the graze ban bound to the Presence                                               [MOVE] 
     effects: barred_from_it
OK  "called on the name of the LORD" — the patriarchs' verb                                          [INK] 
     effects: attributes_proclaimed
OK  "the LORD, the LORD" — with Psalm 104 alone                                                      [INK] 
     effects: attributes_proclaimed
OK  the formula's clauses censused                                                                   [INK] 
     effects: attributes_proclaimed
OK  Rosh Hashanah 17b:5 — the order of prayer                                                        [MOVE] 
     effects: attributes_proclaimed
OK  Yoma 86a:5 — the tension resolved by repentance                                                  [MOVE] 
     effects: atoned_forgiven
OK  Yoma 86a:3 — His Name not cleared                                                                [MOVE] 
     effects: atoned_forgiven
OK  Bava Kamma 50b:1 — the dual anger                                                                [MOVE] 
     effects: attributes_proclaimed
OK  "fathers upon children" seven, "shall not be put to death" two                                   [INK] 
     effects: attributes_proclaimed
OK  Berakhot 7a:26 — when they hold their fathers' deeds                                             [MOVE] 
     effects: attributes_proclaimed
OK  Makkot 24a:30 — Ezekiel annulled it                                                              [MOVE] 
     effects: attributes_proclaimed
OK  Mishnah Yoma 4:2 — the confession's order                                                        [ANSWER-SHEET] 
     effects: confessed
OK  34:9 a hapax                                                                                     [INK] 
     effects: atoned_forgiven
OK  "by the mouth of these words" — with Genesis alone                                               [INK] 
     effects: oral_law_unwritten
OK  Gittin 60b:5 — THE MEDIUM LAW                                                                    [MOVE] 
     effects: oral_law_unwritten
OK  Gittin 60b:2 — mostly oral / mostly written                                                      [MOVE] 
     effects: oral_law_unwritten
OK  "the ten words" at three seats                                                                   [INK] 
     effects: tablets_delivered
OK  forty days at nine seats; bread and water at two                                                 [INK] 
     effects: tablets_delivered
OK  the radiance and the veil, three each                                                            [INK] 
     effects: face_radiant
OK  Beitzah 16a:6 — the gift that reveals itself                                                     [MOVE] 
     effects: face_radiant
OK  "Sinai" thirteen times in Exodus                                                                 [INK] 
     effects: —
OK  Megillah 31a:16 — the intermediate Sabbath reads this span                                       [DATA] 
     effects: —
OK  "when He finished" defective at seven seats                                                      [INK] 
     effects: tablets_delivered
OK  the tablets-word's written forms                                                                 [INK] 
     effects: tablets_delivered
OK  Eruvin 54a:19 — engraved                                                                         [MOVE] 
     effects: tablets_delivered
OK  the seventy elders at three seats                                                                [INK] 
     effects: entered_the_covenant
OK  Mishnah Rosh Hashanah 2:9 — the unnamed elders                                                   [ANSWER-SHEET] 
     effects: majority_decides
OK  "one voice" — with the Chronicler alone                                                          [INK] 
     effects: entered_the_covenant
OK  "the book of the covenant" at four seats                                                         [INK] 
     effects: oral_law_unwritten
OK  "the blood of the covenant" a Torah hapax                                                        [INK] 
     effects: entered_the_covenant
OK  "the youths" a hapax                                                                             [INK] 
     effects: accepted
OK  Onkelos — the firstborn                                                                          [MOVE] 
     effects: accepted
OK  CALLED shemini_day.eras(switch)                                                                  [IMPORT] 
     effects: invested_office
OK  CALLED offerings.dispatch(olah:herd)                                                             [IMPORT] 
     effects: accepted
OK  Zevachim 116a:12 — the pre-Sinai table corrected                                                 [MOVE] 
     effects: accepted
OK  Chagigah 6b:12 — the parse question                                                              [MOVE] 
     effects: accepted
OK  THE FRONT END'S PARSE — the etnachta on the burnt offerings                                      [INK] 
     effects: accepted
OK  Chagigah 6b:13 — for the pausing of the accents                                                  [MOVE] 
     effects: accepted
OK  Chagigah 6b:14 — TEIKU                                                                           [MOVE] 
     effects: accepted
OK  Chagigah 6b:11 — no flaying before the tent                                                      [MOVE] 
     effects: accepted
OK  Chagigah 6a:15 — the tamid or the appearance                                                     [MOVE] 
     effects: accepted
OK  Keritot 9a:9 — THE CONVERT'S RITE                                                                [MOVE] 
     effects: entered_the_covenant, immersed
OK  Mishnah Keritot 2:1 — the convert lacking atonement                                              [ANSWER-SHEET] 
     effects: entered_the_covenant
OK  Zevachim 97b:8 — the basins' vessel rule                                                         [MOVE] 
     effects: accepted
OK  "sapphire brick" a hapax                                                                         [INK] 
     effects: —
OK  Menachot 43b:13 — the blue chain                                                                 [MOVE] 
     effects: takes_four_species
OK  Yoma 15b:1 — the exposed altar                                                                   [MOVE] 
     effects: accepted
OK  Megillah 9a:16 — the elect for the youths                                                        [MOVE] 
     effects: —
OK  Onkelos 24:8 — to atone for the people                                                           [MOVE] 
     effects: entered_the_covenant, atoned_forgiven
OK  Berakhot 17a:12 — the meal transposed                                                            [MOVE] 
     effects: —
OK  "the torah and the commandment" — with Kings alone                                               [INK] 
     effects: tablets_delivered
OK  Berakhot 5a:3 — THE CANON CHANNEL                                                                [MOVE] 
     effects: oral_law_unwritten
OK  "whoever has a case" a hapax                                                                     [INK] 
     effects: majority_decides
OK  Bava Kamma 46b:5 — the burden of proof                                                           [MOVE] 
     effects: majority_decides
OK  24:16 — six days and the seventh day                                                             [INK] 
     effects: —
OK  Taanit 28b:9-10 — the seventeenth of Tammuz computed                                             [MOVE] 
     effects: tablets_delivered
OK  Mishnah Taanit 4:6 — the tablets broken                                                          [ANSWER-SHEET] 
     effects: tablets_delivered
OK  "under the mountain" at three seats                                                              [INK] 
     effects: —
OK  Yoma 4b:9 — within-within                                                                        [MOVE] 
     effects: —
OK  forty days and forty nights at nine seats                                                        [INK] 
     effects: —
OK  "a molten calf" at four seats                                                                    [INK] 
     effects: molten_image_barred
OK  Sanhedrin 63a:17 — they desired many gods                                                        [MOVE] 
     effects: molten_image_barred
OK  "a feast to the LORD" at five seats                                                              [INK] 
     effects: accepted
OK  CALLED ordinances.capital(idolater_row)                                                          [IMPORT] 
     effects: stoned
OK  Sanhedrin 63a:14 — the bowing likened                                                            [MOVE] 
     effects: stoned
OK  "to play" at four seats                                                                          [INK] 
     effects: —
OK  "turned quickly" three, "stiff-necked" six                                                       [INK] 
     effects: —
OK  Berakhot 32a:16 — Moses seized Him                                                               [MOVE] 
     effects: decree_relented
OK  Berakhot 32a:17 — the one-legged chair                                                           [MOVE] 
     effects: decree_relented
OK  "and Moses beseeched" at fourteen seats                                                          [INK] 
     effects: decree_relented
OK  Berakhot 32a:19 — THE VOW ANNULLED                                                               [MOVE] 
     effects: decree_relented
OK  Berakhot 32a:24 — the oath by the Name                                                           [MOVE] 
     effects: decree_relented
OK  "and the LORD relented" five; "of the evil" five                                                 [INK] 
     effects: decree_relented
OK  "both their sides" and "engraved" — two hapaxes                                                  [INK] 
     effects: tablets_delivered
OK  Shabbat 89a:6 — the sixth hour came                                                              [MOVE] 
     effects: —
OK  32:20 — the four verbs                                                                           [INK] 
     effects: ground_and_scattered, made_to_drink
OK  the sotah's drinking verb in Numbers 5                                                           [INK] 
     effects: made_to_drink
OK  Mishnah Avodah Zarah 3:3 — the two arms                                                          [ANSWER-SHEET] 
     effects: ground_and_scattered
OK  Avodah Zarah 44a:2 — the fourth verb decides                                                     [MOVE] 
     effects: made_to_drink
OK  "let loose" spelled like Pharaoh                                                                 [INK] 
     effects: —
OK  "whoever is for the LORD" a hapax; the sword on the thigh with the Song                          [INK] 
     effects: slain_by_sword
OK  Yoma 66b:15 — all the sons of Levi                                                               [MOVE] 
     effects: slain_by_sword
OK  Yoma 66b:14 — THE THREE DEATHS AS A VERDICT TABLE                                                [MOVE] 
     effects: slain_by_sword, plague_struck, made_to_drink
OK  "fill your hand" a hapax; CALLED incense_shekel.persons(fill_hand)                               [INK] 
     effects: invested_office
OK  "a great sin" at four seats                                                                      [INK] 
     effects: confessed
OK  Yoma 86b:14 — specify the sin                                                                    [MOVE] 
     effects: confessed
OK  Rosh Hashanah 16b:14 — THE THREE BOOKS                                                           [MOVE] 
     effects: blotted_from_the_book
OK  32:33 — him I will blot                                                                          [INK] 
     effects: blotted_from_the_book
OK  Sanhedrin 102a:15 — one twenty-fourth                                                            [MOVE] 
     effects: blotted_from_the_book
OK  "and the LORD plagued" five; the plague-noun thirty-one                                          [INK] 
     effects: plague_struck
OK  Mishnah Megillah 4:10 — the second read, not translated                                          [ANSWER-SHEET] 
     effects: —
OK  "ornaments" spelled "witnesses"                                                                  [INK] 
     effects: —
OK  "Horeb" plene at one seat                                                                        [INK] 
     effects: —
OK  "outside the camp" twenty-eight; "seeker of the LORD" once                                       [INK] 
     effects: —
OK  Berakhot 63b:6 — the twelve mil                                                                  [MOVE] 
     effects: —
OK  Sanhedrin 5b:9 — THE RULING-DISTANCE                                                             [MOVE] 
     effects: majority_decides
OK  Kiddushin 33b:15 — praise or discredit                                                           [MOVE] 
     effects: —
OK  the pillar six, face to face five                                                                [INK] 
     effects: —
OK  "did not depart" at nine seats                                                                   [INK] 
     effects: —
OK  Menachot 99b:19 — a blessing, not a commandment                                                  [MOVE] 
     effects: —
OK  Temurah 16a:6 — three hundred forgotten                                                          [MOVE] 
     effects: oral_law_unwritten
OK  Mishnah Avot 1:1 — the chain                                                                     [ANSWER-SHEET] 
     effects: oral_law_unwritten
OK  "by name" twice; favor six times                                                                 [INK] 
     effects: —
OK  four hapaxes of the vision protocol                                                              [INK] 
     effects: —
OK  Menachot 35b:8 — THE KNOT OF THE TEFILLIN                                                        [MOVE] 
     effects: —
OK  Yevamot 49b:7 — Manasseh                                                                         [MOVE] 
     effects: —
OK  Onkelos 33:11 — speech with speech                                                               [MOVE] 
     effects: —
OK  "I have called by name" / "the LORD has called by name"                                          [INK] 
     effects: appointed_by_name
OK  Berakhot 55a:10 — a good leader announced                                                        [MOVE] 
     effects: appointed_by_name
OK  CALLED sanctuary_build.offering(named_by_name / consent)                                         [IMPORT] 
     effects: appointed_by_name
OK  "the spirit of God" thirteen; the triple a hapax                                                 [INK] 
     effects: spirit_filled
OK  Berakhot 55a:14 — wisdom to the wise                                                             [MOVE] 
     effects: spirit_filled
OK  31:2-4 against 35:30-32 — the deltas                                                             [INK] 
     effects: appointed_by_name
OK  THE RUN ADDS THE TEACHING CLAUSE                                                                 [INK] 
     effects: appointed_by_name
OK  THE INVENTORY AT FIVE SEATS                                                                      [INK] 
     effects: —
OK  Menachot 50b:2 — only what is stated                                                             [MOVE] 
     effects: strange_offering_barred
OK  the craftsmen's alignment                                                                        [INK] 
     effects: —
OK  "the finger of God" at three seats                                                               [INK] 
     effects: tablets_delivered
OK  the donation's alignment                                                                         [INK] 
     effects: —
OK  25:4-5 == 35:6-7 token for token                                                                 [INK] 
     effects: given_by_the_heart
OK  the materials' first verses in the run                                                           [INK] 
     effects: given_by_the_heart
OK  "the spice" singular at three seats                                                              [INK] 
     effects: —
OK  CALLED sanctuary_build.offering(trigger / set_apart / halt)                                      [IMPORT] 
     effects: given_by_the_heart
OK  the heart-tokens twelve times                                                                    [INK] 
     effects: given_by_the_heart
OK  Shevuot 26b:15 — THE HEART BINDS                                                                 [MOVE] 
     effects: given_by_the_heart
OK  Chagigah 10a:8 — the vows' release rests on it                                                   [MOVE] 
     effects: given_by_the_heart
OK  Mishnah Chagigah 1:8 — mountains by a hair                                                       [ANSWER-SHEET] 
     effects: —
OK  the spinning verb at two seats                                                                   [INK] 
     effects: given_by_the_heart
OK  Shabbat 74b:6 — extra wisdom                                                                     [MOVE] 
     effects: given_by_the_heart
OK  "a wave-offering of gold" / "the gold of the wave-offering"                                      [INK] 
     effects: given_by_the_heart
OK  Yoma 75a:19 — princes or clouds                                                                  [MOVE] 
     effects: given_by_the_heart
OK  CALLED sanctuary_build.offering(dwells_in)                                                       [IMPORT] 
     effects: presence_dwells
OK  40:2 — the command dated                                                                         [INK] 
     effects: tabernacle_erected
OK  the command's verbs and inventory                                                                [INK] 
     effects: —
OK  "and you shall screen" — with Ruth alone                                                         [INK] 
     effects: veil_divides
OK  Menachot 62a:13 — on means beside                                                                [MOVE] 
     effects: bread_set_weekly
OK  Sukkah 7b:8 — a partition called covering                                                        [MOVE] 
     effects: veil_divides
OK  40:9-15 — thirteen verbs of anointing and dressing                                               [INK] 
     effects: anointed
OK  CALLED incense_shekel.oil(run_exod40 / run_lev8)                                                 [IMPORT] 
     effects: anointed
OK  40:12 matches 29:4                                                                               [INK] 
     effects: immersed
OK  CALLED vestments.investiture x2                                                                  [IMPORT] 
     effects: invested_office
OK  40:15 — the INTERNAL pointer                                                                     [INK] 
     effects: anointed
OK  "for an everlasting priesthood" a hapax                                                          [INK] 
     effects: invested_office
OK  40:16 — the global stamp                                                                         [INK] 
     effects: inspected_as_commanded
OK  THE SEVEN STAMPS                                                                                 [INK] 
     effects: inspected_as_commanded
OK  CALLED vestments.completion x3                                                                   [IMPORT] 
     effects: inspected_as_commanded
OK  every "as" in the chapter                                                                        [INK] 
     effects: inspected_as_commanded
OK  the command against the execution, block by block                                                [INK] 
     effects: —
OK  the whole                                                                                        [INK] 
     effects: —
OK  THE RUN DROPS ITS OWN LAST SEVEN COMMANDS                                                        [INK] 
     effects: anointed, invested_office
OK  and Leviticus picks them up                                                                      [INK] 
     effects: anointed, invested_office
OK  "in the second year" at five seats                                                               [INK] 
     effects: tabernacle_erected
OK  "was erected" passive beside "erected" active                                                    [INK] 
     effects: tabernacle_erected
OK  Tanchuma Buber Pekudei 8:1 — rose of itself                                                      [MOVE] 
     effects: tabernacle_erected
OK  the erection day at three seats in two books                                                     [INK] 
     effects: tabernacle_erected
OK  CALLED shemini_day.day(date)                                                                     [IMPORT] 
     effects: tabernacle_erected
OK  Rosh Hashanah 3a:5 — Nisan the year's head                                                       [MOVE] 
     effects: tabernacle_erected
OK  CALLED shemini_day.fire(ten_crowns) — two written here                                           [IMPORT] 
     effects: tabernacle_erected
OK  Shabbat 87b:6 — a Sunday (data)                                                                  [DATA] 
     effects: tabernacle_erected
OK  Menachot 99a:10 — raise, never lower                                                             [MOVE] 
     effects: tabernacle_erected
OK  40:19 "the tent" — one token, three laws                                                         [INK] 
     effects: —
OK  Mishnah Shabbat 2:3 — flax only                                                                  [ANSWER-SHEET] 
     effects: —
OK  THE MAKING'S DROPPED USE CLAUSES RUN HERE — thirteen                                             [INK] 
     effects: staves_fixed, veil_divides, bread_set_weekly, lamp_arranged
OK  the eleven not picked up — the measures                                                          [INK] 
     effects: —
OK  CALLED sanctuary_build.ark(staves / staves_prohibition)                                          [IMPORT] 
     effects: staves_fixed
OK  CALLED sanctuary_build.ark(testimony / tablets_and_fragments)                                    [IMPORT] 
     effects: tablets_delivered
OK  the direction-words differ between spec and run                                                  [INK] 
     effects: —
OK  CALLED sanctuary_build.veil x2 and ark(meeting_dropped)                                          [IMPORT] 
     effects: veil_divides
OK  "and Moses finished the work" — the creation's verb                                              [INK] 
     effects: work_completed
OK  CALLED incense_shekel.tamid(initiations)                                                         [IMPORT] 
     effects: bread_set_weekly, lamp_arranged, incense_continual, tamid_owed
OK  Mishnah Menachot 4:4 — the four initiations                                                      [ANSWER-SHEET] 
     effects: bread_set_weekly, lamp_arranged, incense_continual, tamid_owed
OK  "an arrangement of bread" a hapax                                                                [INK] 
     effects: bread_set_weekly
OK  CALLED sanctuary_build.table(continually) and priesthood.lamp_table x2                           [IMPORT] 
     effects: bread_set_weekly
OK  the table initiated at the first Sabbath (data)                                                  [DATA] 
     effects: bread_set_weekly
OK  the lamp-raising seven; "the lamps" four                                                         [INK] 
     effects: lamp_arranged
OK  CALLED sanctuary_build.menorah / lamp and priesthood.lamp_table                                  [IMPORT] 
     effects: lamp_arranged
OK  CALLED incense_shekel.incense_altar(first_incense)                                               [IMPORT] 
     effects: incense_continual
OK  "and he burned" — Moses at 40:27 and Lev 8, Aaron at Lev 9                                       [INK] 
     effects: incense_continual
OK  Zevachim 101b:14 — Moses a high priest                                                           [MOVE] 
     effects: incense_continual, tamid_owed
OK  CALLED incense_shekel.tamid x2 and shemini_day.order                                             [IMPORT] 
     effects: tamid_owed
OK  Lev 9:17 "besides the morning burnt offering" — two seats                                        [INK] 
     effects: tamid_owed
OK  CALLED incense_shekel.laver(run / between)                                                       [IMPORT] 
     effects: hands_feet_sanctified
OK  40:32 — 30:20's two loci word for word                                                           [INK] 
     effects: hands_feet_sanctified
OK  40:31 matches 30:19 with one token added: MOSES                                                  [INK] 
     effects: hands_feet_sanctified
OK  Zevachim 21b:12 — THE LAVER'S MINIMUM OF FOUR                                                    [MOVE] 
     effects: hands_feet_sanctified
OK  Zevachim 19b:9 — what binds the sons binds him                                                   [MOVE] 
     effects: hands_feet_sanctified
OK  Zevachim 22a:4 — the base's a-fortiori                                                           [MOVE] 
     effects: hands_feet_sanctified
OK  Zevachim 58b:16 — the laver drawn south                                                          [MOVE] 
     effects: hands_feet_sanctified
OK  the glory filling at seven seats in four books                                                   [INK] 
     effects: presence_dwells, glory_appeared
OK  "could not enter" — Moses and the priests                                                        [INK] 
     effects: barred_from_it
OK  Yoma 4b:9 — within-within                                                                        [MOVE] 
     effects: barred_from_it
OK  CALLED incense_shekel.tamid(dwell) and sanctuary_build.offering(dwells_in)                       [IMPORT] 
     effects: presence_dwells
OK  CALLED incense_shekel.tamid(meeting) and shemini_day.fire x2                                     [IMPORT] 
     effects: meeting_appointed
OK  "in all their journeys" six; the lifting's three forms                                           [INK] 
     effects: camp_moves_by_the_cloud
OK  fire by night seven, cloud by day eight                                                          [INK] 
     effects: camp_moves_by_the_cloud
OK  40:36-37 — the protocol                                                                          [INK] 
     effects: camp_moves_by_the_cloud
OK  the protocol against Numbers 9                                                                   [INK] 
     effects: camp_moves_by_the_cloud
OK  Rosh Hashanah 3a:5 — the first lifting                                                           [MOVE] 
     effects: camp_moves_by_the_cloud
OK  THE SCENE — the erection on the world engine                                                     [INK] 
     effects: released, tabernacle_erected, high_places_banned, tablets_delivered, staves_fixed, veil_divides, bread_set_weekly, lamp_arranged, incense_continual, tamid_owed, hands_feet_sanctified, work_completed, presence_dwells, barred_from_it, meeting_appointed, camp_moves_by_the_cloud
OK  CALLED shemini_day.SCENE                                                                         [IMPORT] 
     effects: released
OK  THE W6 SCENE — the craftsmen and the donation on the world engine                                [ANSWER-SHEET] 
     effects: appointed_by_name, spirit_filled, given_by_the_heart
OK  THE W7 SCENE — the Sinai narrative's laws on the world engine                                    [ANSWER-SHEET] 
     effects: majority_decides, entered_the_covenant, oral_law_unwritten, accepted, invested_office, atoned_forgiven, immersed, tablets_delivered, face_radiant, molten_image_barred, barred_from_it, stoned, slain_by_sword, plague_struck, made_to_drink, bears_sin, decree_relented, confessed, blotted_from_the_book, ground_and_scattered, attributes_proclaimed, covenant_cut, nations_driven_out, covenant_barred, demolished, intermarriage_barred
OK  THE HEADLINE (1) — the second seat                                                               [MOVE] 
     effects: —
OK  THE HEADLINE (2) — the unrun commands                                                            [INK] 
     effects: —
OK  THE HEADLINE (3) — the pickup                                                                    [INK] 
     effects: —
OK  the stamps counted                                                                               [INK] 
     effects: inspected_as_commanded
OK  the inventory at five seats                                                                      [INK] 
     effects: —

MATRIX: 287/287 cells match the answer sheet
FRACTIONS: pure ink 131/287 (45%) · recorded moves 93/287 (32%) · answer-sheet 23/287 · data 4/287 · imports 36/287 · hypotheses 0/287
LEDGER OPS this span writes: block x43, body x15, debit x11, destroy x9, heaven x60, status x92, timer x34, transfer x43
effects: every cell carries REGISTERED effects — TWENTY-TWO discovered in these verses' own verbs: entered_the_covenant, covenant_cut, appointed_by_name, spirit_filled, face_radiant, tabernacle_erected, camp_moves_by_the_cloud (STATUS), tablets_delivered, given_by_the_heart, nations_driven_out (TRANSFER), decree_relented, blotted_from_the_book, plague_struck, attributes_proclaimed, pilgrim_land_guarded (HEAVEN), made_to_drink, slain_by_sword (BODY), ground_and_scattered (DESTROY), intermarriage_barred, molten_image_barred, oral_law_unwritten (BLOCK), appearance_gift_owed (DEBIT) [effects law satisfied]
SCENE: (1, 1, 1, 1, 1, 1, 1, 2, 2, 1, 3, 1, 1, 1, 1, 1, 5, 360) — the installation released into the first of Nisan; the four initiations; the Presence dwells and the meeting appointed (promised at E2 and E4, fired here)
SCENE (W6, the craftsmen and the donation): (2, 2, 5, 8, 1)
SCENE (W7, the Sinai narrative's laws): (3, 4, 3, 1, 2, 2, 1, 2, 1, 2, 3, 1, 2, 1, 2, 1, 1, 1, 1, 1, 3, 1, 1, 1, 1, 2, 3, 3, 105, 32, 186, (1, 4, 17), (1, 7, 10))
WATCH COVERAGE (the erection; the craftsmen and the donation — W6; the Sinai narrative — W7):
  WATCH law_installation       seen  15  fired   2  on: installation_commanded, milluim_blood_sprinkled
  WATCH law_erection           seen  15  fired  13  on: bread_arranged, called_from_the_tent, cloud_lifted, could_not_enter, erected, glory_filled, hands_feet_washed, incense_burned, lamps_raised, tamid_offered, testimony_placed, veil_hung, work_finished
  WATCH law_erection           seen   8  fired   8  on: craftsman_called, offering_brought
  WATCH law_erection           seen  32  fired  30  on: ascent_barred, attributes_proclaimed_at_sinai, bowed_to_another_god, calf_destroyed, calf_made, case_brought_to_deputies, covenant_blood_thrown, covenant_cut_at_sinai, daughters_taken, elders_ascended, entered_the_land, levites_gathered, moses_ascended, moses_interceded, people_answered, sacrifice_of_inhabitant_eaten, tent_pitched_outside, youths_offered
THE COVENANT WRITTEN A SECOND TIME, THE BLOOD COVENANT, THE CALF AND THE PRESENCE, THE CRAFTSMEN AND THE DONATION, AND THE ERECTION COMPILED — the second seat's delta is where the tradition argues; the run drops its own last seven commands and Leviticus picks them up; the making's dropped use clauses run here; the laver's four from the run's added Moses; the cantillation answers the sugya's parse; eleven engines CALLED.
guard: 65 expectations checked, every one a literal from the answer sheet [honest-pairing guard satisfied]
guard: 51 expectations checked, every one a literal from the answer sheet [honest-pairing guard satisfied]
guard: 53 expectations checked, every one a literal from the answer sheet [honest-pairing guard satisfied]
honest-pairing guard: 113 tests checked, every expectation a literal
probes: 90 ink runs verified in their verses (Exod 1-19)
answer sheet: 12 Mishnah rows and 47 shelf rows verified by their own tokens (Pesachim 10, Avot 5, Sotah 1 and 5, Rosh Hashanah 3, Eduyot 2, Sanhedrin 1; Sotah 11a-13b, Nedarim 31b-32a, Sanhedrin 111a/91a/18a/56b/67b, Shabbat 86b-88a, Zevachim 116a/102a, Arakhin 15a-b, Kiddushin 38a, Sotah 30b, Berakhot 9a-b, Megillah 9a, Pesachim 116a; the Mekhilta)
guard: 154 expectations checked, every one a literal from the answer sheet [honest-pairing guard satisfied]
probes: all 79 token probes fired  [zero-report law satisfied]

guard: 105 expectations checked, every one a literal from the answer sheet [honest-pairing guard satisfied]
guard: 34 expectations checked, every one a literal from the answer sheet [honest-pairing guard satisfied]
probes: all 17 token probes fired  [zero-report law satisfied]

honest-pairing guard: 222 tests checked, every expectation a literal
probes: 387 ink runs verified in their verses (Gen 18-31)
answer sheet: 7 Mishnah rows verified in their own ink; shelf: 62 rows (Babylonian and Bereshit Rabbah) verified by token
honest-pairing guard: 206 tests checked, every expectation a literal
probes: 137 ink runs verified in their verses (Gen 2-16)
answer sheet: 10 Mishnah rows and 130 shelf rows verified by their own tokens (Sanhedrin 10:3, 4:5, Avot 5:2-3, Eduyot 2:10, Yevamot 6:6, Megillah 1:8; Sanhedrin 107b-109b, 37b, 70a, Nedarim 32a-b, Sotah 14a, Megillah 9b, 14a, Berakhot 40a, Kiddushin 30b, Bava Batra 100a, Yevamot 64a, Chullin 89a, Eruvin 53a, Pesachim 118a, 6b, Rosh Hashanah 11b, Shabbat 55b; Bereshit Rabbah 16-45)
probes: all 102 token probes fired  [zero-report law satisfied]

callees live: the spec (Exod 34:15-16) 1 / [('Exod', 34, 16)]; the priesthood clause 1; the judges 78600; the incense; the twenty-four; the hanging; the addressees; the tellers; the total; Isaac's clauses 6; Judah's lion 2; the ladder; the idolatry principle
guard: 70 expectations checked, every one a literal from the answer sheet [honest-pairing guard satisfied]
honest-pairing guard: 282 tests checked, every expectation a literal
probes: 442 ink runs verified in their verses (Gen 32-50)
answer sheet: 10 Mishnah rows verified in their own ink; shelf: 99 rows (Babylonian and Bereshit Rabbah) verified by token
probes: all 35 token probes fired  [zero-report law satisfied]

guard: 74 expectations checked, every one a literal from the answer sheet [honest-pairing guard satisfied]
guard: 147 expectations checked, every one a literal from the answer sheet [honest-pairing guard satisfied]
probes: all 55 token probes fired  [zero-report law satisfied]

probes: all 121 token probes fired  [zero-report law satisfied]

probes: all 111 token probes fired  [zero-report law satisfied]

guard: 49 expectations checked, every one a literal from the answer sheet [honest-pairing guard satisfied]
guard: 52 expectations checked, every one a literal from the answer sheet [honest-pairing guard satisfied]
guard: 51 expectations checked, every one a literal from the answer sheet [honest-pairing guard satisfied]
guard: 56 expectations checked, every one a literal from the answer sheet [honest-pairing guard satisfied]
probes: all 123 token probes fired  [zero-report law satisfied]

probes: all 84 token probes fired  [zero-report law satisfied]

callees: mishpatim_3, mishpatim, lev24, shelach, naso, second_census, journeys, borders, zelophehad, gad_reuben, chukat, bamidbar, primeval, sanctions, priesthood CALLED — every value asserted at import
guard: 97 expectations checked, every one a literal from the answer sheet [honest-pairing guard satisfied]
probes: all 164 token probes fired  [zero-report law satisfied]

callees: exodus_story, shelach, chukat, gad_reuben, zelophehad, journeys, borders, second_census, bamidbar, balak, primeval, mamre, joseph, ordinances, holiness, erection, beha, refuge CALLED — every value asserted at import
guard: 42 expectations checked, every one a literal from the answer sheet [honest-pairing guard satisfied]
OS.the_spies_read_back(the_murmuring) = "the murmuring (1:27-28) — two words (Shevuot 47b:5); the spies' words in the people's mouths, 'greater and taller than w" ['accepted']
guard: 55 expectations checked, every one a literal from the answer sheet [honest-pairing guard satisfied]
HI.the_gift_and_the_warning(lest_you_forget) = "lest you forget (6:12) — obey_horeb's forgetting census (thirteen seats, 6:12 among them); the prohibition's seat 4:9 (O" ['accepted'] — the ask without a write
guard: 59 expectations checked, every one a literal from the answer sheet [honest-pairing guard satisfied]
guard: 51 expectations checked, every one a literal from the answer sheet [honest-pairing guard satisfied]
ER.calf(saru_stiff) = (3, 6) — the stiff neck a state, no write; ER.calf(fourth_verb_decides) = a_test_not_a_nullification — the fourth verb the retelling drops
guard: 62 expectations checked, every one a literal from the answer sheet [honest-pairing guard satisfied]
THE READBACK (the census, printed before it is asserted): rows 31, grades {'VERBATIM': 6, 'VARIANT': 16, 'EXPANDED': 3, 'SUPPLIED': 6}, on the tape 11, by CALL 14, SUPPLIED ['Deut 12:4', 'Deut 12:7', 'Deut 12:9', 'Deut 12:17', 'Deut 12:19', 'Deut 12:30']
DATA rows (the count, printed before it is asserted): 46
THE DATA CHECKS (printed before they are asserted): {'levites_anywhere': True, 'second_tithe': True, 'counts': (5, 4, 3), 'cell_found': True, 'written_callee': True, 'name_in_clause': False, 'seats': ['Deut 12:21', 'Exod 23:15'], 'n_rows': 6, 'platform': [('before_the_Tabernacle', 'permitted'), ('the_Tabernacle', 'forbidden'), ('Gilgal', 'permitted'), ('Shiloh', 'forbidden'), ('Nob_and_Gibeon', 'permitted'), ('Jerusalem', 'forbidden_forever')], 'platform_agrees': True, 'journeys_agree': True, 'registry': True}
THE SCENE (printed before it is asserted): ((1, 1, 1, 1, 1, 1, 1, 1, 1, 1, 1, 1, 1, 1, 1, 1, 1, 1, 1, 1, 1, 1, 1, 1, 1, 1, 1, 1, 1), (1, 1, 1), 2, (0, 0, 0, 0), 29, 0)
THE NARRATIVE (printed before it is asserted): (8, 0, 2, (11, 1), 0, 0, 0, 0) ['name_erasure_barred', 'place_chosen_required', 'rejoicing_before_the_lord_commanded', 'profane_slaughter_permitted', 'holy_things_in_the_gates_barred', 'levite_forsaking_barred', 'foreign_rite_inquiry_barred'] ['high_places_banned']
guard: 26 expectations checked, every one a literal from the answer sheet [honest-pairing guard satisfied]
probes: all 17 token probes fired  [zero-report law satisfied]

THE INK (printed before it is asserted): PARSE {3: ([7], [], []), 4: ([7], [1], []), 5: ([1], [], []), 8: ([6], [7], []), 9: ([7, 7], [], ['שבעת*']), 13: ([7], [], []), 15: ([7], [], []), 16: ([3], [], [])}, NUMV [3, 4, 5, 8, 9, 13, 15, 16], ORDV [4, 8], STARV [9], TOKN 334
THE CLOCK (printed before it is asserted): {'counter': (40, 11, 1), 'passover': (1, 14), 'passover_1': (1, 15), 'passover_7': {'from': 'passover_1', 'plus': 6}, 'atzeret': {'from': 'omer', 'plus': 49}, 'sukkot_1': (7, 15), 'omer_day': (1, 16), 'leap': {'position': 'after_month_12', 'length': 30}, 'threshold': 16, 'grounds': ['spring_grain', 'tree_fruit', 'season'], 'leap_by': ['count'], 'slots': ['evening', 'night', 'midnight', 'dawn', 'morning', 'noon', 'between_the_evenings', 'sunset'], 'between_the_evenings_from': 6.5, 'no_marker': True}
THE SCANS (printed before they are asserted): holes ['devoted_thing_cleaving_barred', 'house_abomination_barred']; bribe []; burn ['aaron-and-sons']; place ['israel_people']; rejoice ['israel_people']; booths []; omer []; courts ['israel_people']; judges ['the_court']; appear ([], []); pillars (['the_pillar_of_bethel'], ['the_pillar_of_gilead']); pervert []
ASSERT FAIL [part1] line 219: ['devoted_thing_cleaving_barred', 'house_abomination_barred']
    assert HOLE_SCAN in ([], None), HOLE_SCAN
THE TWINS DIFFED (printed before they are asserted): {'16:1 vs Exod 34:18': 7, '16:1 vs Exod 23:15': 5, '16:4 vs Exod 13:7': 6, '16:4 vs Exod 34:25': 3, '16:6 vs Exod 12:6': 0, '16:8 vs Exod 13:6': 5, '16:9 vs Lev 23:15': 0, '16:11 vs 12:18': 13, '16:11 vs 16:14': 11, '16:12 vs 5:15': 5, '16:12 vs 24:18': 6, '16:16 vs Exod 34:23': 8, '16:16 vs Exod 23:17': 7, '16:17 vs 12:15': 6, '16:18 vs 1:16': 2, '16:19 vs Exod 23:8': 7, '16:20 vs 4:1': 6, '16:21 vs 7:5': 0, '16:22 vs 12:31': 2}
THE CALLEES (asserted from their prints): MO window after_midday, morrow festival, count 49, booths 7, the seventh servile_only; PS night only, until midnight / roasted only / burn on the 16th / invalid if not for its sake; CA male owes the three appearings; ER stand standing_liability_like_the_appearance_offering, amounts ('two_silver', 'maah'), made made_objects_not_the_ground; MU redress seven days of redress — Pesach's analogy; PN place the place which the LORD will ; OP charge the charge (1:16-17) — the six; ES sizes (71, 23); OR one-two merit_by_one_liability_by_two, bribe the_bribed_judges_eyes_dim / even_to_judge_truly; HO five 5; ST bribe takes no bribe (10:17) — Exodu; SN wood ['lashes']; CH keep keep and remember (5:12); JR three the three objects (33:52; PSH from Modi'im and beyond (fifteen mil)
fastcheck: part1 fails 1, part2 fails 0, part3 fails -1, part4 fails -1
