guard: 66 expectations checked, every one a literal from the answer sheet [honest-pairing guard satisfied]
guard: 56 expectations checked, every one a literal from the answer sheet [honest-pairing guard satisfied]
guard: 52 expectations checked, every one a literal from the answer sheet [honest-pairing guard satisfied]
guard: 105 expectations checked, every one a literal from the answer sheet [honest-pairing guard satisfied]
probes: all 96 fired [zero-report law satisfied]
censuses: every literal above measured against the whole Tanakh index and asserted [tripwires armed]
alignment: the second seat {'matzah': 0.7, 'firstborn_a': 0.26, 'firstborn_b': 0.5, 'rest': 0.26, 'feasts': 0.23, 'appear': 0.69, 'leaven_fat': 0.5, 'firstfruits_kid': 1.0}; the erection command->execution 5/14 matched, 7 unrun (their runs in Lev 8: ['8:10', '8:11', '8:13', '8:6']); the making's dropped clauses picked up 13 of 24; the donation 4/9; the craftsmen 4/11
routing receipts: calendar CALLED — matzah 'seven days of unleavened bread = 14th evening to 21st evening (CALLED pesach)', rest 'every seventh day' / 'ox, donkey, slave, resident stranger', pilgrimage 'owes the three appearings' / 'exempt' / 'exempt', windows 'the slaughterer with leaven transgresses' / 'disqualified at morning off the altar', first fruits 'bring to the house (seven kinds — fetched list)', kid {'cook': 'barred', 'eat': 'barred', 'benefit': 'barred'}, sabbatical 'land released in year 7'; pesach — window '14th evening to 21st evening', purge 'midday of the 14th', donkey 'redeem with a lamb, else break the neck', human 'redeem (five sela — fetched constant)', leftover 'burn on the 16th'; offerings — herd olah 'wholly_to_fires', shelamim 'two_that_are_four'; moadim — two loaves 2 x 'two_tenths'; ordinances — 'no_covenant_with_them_or_their_gods', 'lest_they_make_you_sin', 'demolish_demolish_break_break', 'not_bow_not_serve_not_do', 'temple_services_for_any_idol', 'serves_sacrifices_incense_libation_bows_accepts_says'; sanctuary — dropped 24 ('use_clauses_and_the_pattern'), staves 'never_removed', testimony 'dropped_in_run', fragments 'both_in_the_ark', bread 'lifnei_tamid', lamps 7, veil 20, trigger 'willing_heart', teaching 'to_teach_in_his_heart'; vestments — ['tunic', 'robe', 'ephod', 'breastplate', 'turban', 'sash', 'caps'] / ['tunic', 'sash', 'robe', 'ephod', 'breastplate', 'turban', 'plate', 'caps'], ken asu 15, kekhol [(39, 32), (39, 42)], manifest 35; incense-shekel — laver run ['Exod 40:31'], loci ['Exod 28:43', 'Exod 30:20', 'Num 4:19'], first incense 'Exod 40:27', burner 'aarons_seed', oil run [9, 10, 11] / [(8, 10), (8, 11), (8, 12)], initiations {'golden_altar': 'Exod 40:27', 'olah_altar': 'Exod 40:29', 'table': 'Exod 40:23', 'lampstand': 'Exod 40:25'}; eighth day — 'first_of_nisan', crowns ['priesthood', 'service', 'fire', 'presence', 'blessing'], switch 'high_places_banned_service_by_priests', inaugurated by 'morning_tamid'; priesthood — {'rows': 2, 'per_row': 6, 'pinned_by': 'three_verses'}, {'flame': 'rises_on_its_own', 'western': 'always_burning_begin_from_it_end_at_it', 'found_out': ['Sifra_relight_from_the_outer_altar', 'Tamid_from_the_burning_lamps']}; tzav — 'a seven-day confinement timer; the template for the generations' [IMPORT, live calls]
answer sheet: 48 Mishnah rows verified by their own tokens (Avodah Zarah 3-4, Rosh Hashanah 1, Bekhorot 1, Chagigah 1 whole with the link and topic rows — the erection-and-covenant docket)
guard: 287 test rows, every expected value a literal from the answer sheet [honest-pairing guard satisfied]

OK  Exod 34 — the cutting verb at four seats                                                         [INK] 
     effects: covenant_cut
OK  "wonders not created" — with Isaiah alone                                                        [INK] 
     effects: covenant_cut
OK  the nations at seven seats in seven orders                                                       [INK] 
     effects: nations_driven_out
OK  CALLED ordinances.land(no_covenant)                                                              [IMPORT] 
     effects: covenant_barred
OK  THE DEMOLITION LIST GROWS 3-4-5                                                                  [INK] 
     effects: demolished
OK  CALLED ordinances.land(break_pillars) — the first seat                                           [IMPORT] 
     effects: demolished
OK  "his asherim" spelled "happy is he" — four seats                                                 [INK] 
     effects: demolished
OK  the pillar-word in Exodus at three seats                                                         [INK] 
     effects: demolished
OK  "another god" a hapax                                                                            [INK] 
     effects: stoned
OK  Sanhedrin 60b:12 — the punished bow's warning                                                    [MOVE] 
     effects: stoned
OK  CALLED ordinances.land(no_bow)                                                                   [IMPORT] 
     effects: stoned
OK  Mishnah Horayot 1:3 — the bower exempted is a partial error                                      [ANSWER-SHEET] 
     effects: bears_sin
OK  three whoring clauses in two verses                                                              [INK] 
     effects: intermarriage_barred
OK  "and you eat of his sacrifice" a hapax                                                           [INK] 
     effects: barred_from_it
OK  Avodah Zarah 8a:17 — the invitation is the eating                                                [MOVE] 
     effects: barred_from_it
OK  Mishnah Avodah Zarah 2:3 — the sacrifices of the dead                                            [ANSWER-SHEET] 
     effects: barred_from_it
OK  "of their daughters for your sons" — two Torah seats                                             [INK] 
     effects: intermarriage_barred
OK  Avodah Zarah 36b:9 — the ban's two channels                                                      [MOVE] 
     effects: intermarriage_barred
OK  Mishnah Kiddushin 3:12 — the child as she is                                                     [ANSWER-SHEET] 
     effects: intermarriage_barred
OK  "molten gods" — 34:17 and Lev 19:4 with the vav                                                  [INK] 
     effects: molten_image_barred
OK  Makkot 23a:4 / Pesachim 118a:12 — the inserted neighbor legislates                               [MOVE] 
     effects: molten_image_barred
OK  the second seat's verses with no first seat                                                      [INK] 
     effects: molten_image_barred, pilgrim_land_guarded
OK  Mishnah Avodah Zarah 4:4 — an Israelite's idol forbidden once worshipped                         [ANSWER-SHEET] 
     effects: molten_image_barred
OK  Mishnah Avodah Zarah 4:2 — the altar class                                                       [ANSWER-SHEET] 
     effects: barred_from_it
OK  Mishnah Avodah Zarah 3:5 — made objects, not the ground                                          [ANSWER-SHEET] 
     effects: demolished
OK  Rosh Hashanah 17b:7 — the covenant with the thirteen                                             [MOVE] 
     effects: covenant_cut
OK  the eight clause-pairs aligned                                                                   [INK] 
     effects: —
OK  34:26 == 23:19 token for token                                                                   [INK] 
     effects: restores, barred_from_it
OK  CALLED calendar.kid_in_milk x3                                                                   [IMPORT] 
     effects: barred_from_it
OK  CALLED calendar.first_fruits                                                                     [IMPORT] 
     effects: restores
OK  34:22 against 23:16 — the feasts' delta                                                          [INK] 
     effects: appearance_owed
OK  "weeks" whose consonants are "seven"                                                             [INK] 
     effects: appearance_owed
OK  Menachot 84b:4 — the two loaves of wheat                                                         [MOVE] 
     effects: accepted
OK  CALLED moadim.two_loaves — count and flour                                                       [IMPORT] 
     effects: accepted
OK  "the turn of the year" — three forms                                                             [INK] 
     effects: appearance_owed
OK  Sanhedrin 13a:1 — the equinox rule                                                               [MOVE] 
     effects: appearance_owed
OK  34:18 against 23:15 — the matzah delta                                                           [INK] 
     effects: purge_deadline
OK  "as I commanded you" written without the kaf at the second seat                                  [INK] 
     effects: purge_deadline
OK  CALLED calendar.matzah and pesach.leaven_machine                                                 [IMPORT] 
     effects: purge_deadline
OK  "they shall not appear before Me empty" at exactly two seats                                     [INK] 
     effects: appearance_gift_owed
OK  Bekhorot 51b:8 — the moved clause read where it stands                                           [MOVE] 
     effects: appearance_gift_owed
OK  Kiddushin 17a:7 — "empty" exported to the severance gift                                         [MOVE] 
     effects: appearance_gift_owed
OK  Mishnah Chagigah 1:2 — the two amounts (data)                                                    [DATA] 
     effects: appearance_gift_owed
OK  Chagigah 6a:14 — the chagigah before the Utterance                                               [MOVE] 
     effects: appearance_gift_owed
OK  34:20 against 13:13 — the firstborn delta                                                        [INK] 
     effects: redeem_or_break
OK  "peter chamor" defective, plene with the vav, plene bare                                         [INK] 
     effects: redeem_or_break
OK  Bekhorot 5b:7 — peter chamor twice                                                               [MOVE] 
     effects: redeem_or_break
OK  Mishnah Bekhorot 1:2 — exempt                                                                    [ANSWER-SHEET] 
     effects: exempt
OK  Bekhorot 6a:6 — the general and its particulars                                                  [INK] 
     effects: consecrated_firstborn
OK  "remember-the-male" at nine seats, eight of them "remember"                                      [INK] 
     effects: consecrated_firstborn
OK  "tifdeh" six seats, three per verse                                                              [INK] 
     effects: redeem_or_break
OK  Bekhorot 10b:27 — tifdeh tifdeh                                                                  [MOVE] 
     effects: redeem_or_break
OK  Kiddushin 29a:17 — tipadeh                                                                       [MOVE] 
     effects: redeem_or_break
OK  Kiddushin 29b:5 — the clause order                                                               [MOVE] 
     effects: redeem_or_break
OK  Mishnah Bekhorot 1:7 — redemption precedes breaking                                              [ANSWER-SHEET] 
     effects: redeem_or_break
OK  CALLED pesach.firstborn(donkey)                                                                  [IMPORT] 
     effects: redeem_or_break
OK  "break its neck" at two seats                                                                    [INK] 
     effects: redeem_or_break
OK  Mishnah Bekhorot 1:4 — the seh class                                                             [ANSWER-SHEET] 
     effects: redeem_or_break
OK  34:21 against 23:12 — the rest delta                                                             [INK] 
     effects: rest_required
OK  CALLED calendar.weekly_rest x2                                                                   [IMPORT] 
     effects: rest_required
OK  THE ADDED TOKENS READ THREE WAYS                                                                 [MOVE] 
     effects: land_release, rest_required
OK  Mishnah Sheviit 1:4 — both readings inside the row                                               [ANSWER-SHEET] 
     effects: land_release
OK  CALLED calendar.sabbatical x2                                                                    [IMPORT] 
     effects: land_release
OK  34:23 against 23:17 — the appearing delta                                                        [INK] 
     effects: appearance_owed
OK  CALLED calendar.pilgrimage x3                                                                    [IMPORT] 
     effects: appearance_owed
OK  "no man shall covet" a hapax form                                                                [INK] 
     effects: pilgrim_land_guarded
OK  Pesachim 8b:7 — the warranty                                                                     [MOVE] 
     effects: pilgrim_land_guarded
OK  34:25 against 23:18 — the leaven delta                                                           [INK] 
     effects: purge_deadline, disqualified
OK  CALLED calendar.offering_windows x2 and pesach.paschal_procedure                                 [IMPORT] 
     effects: purge_deadline, disqualified
OK  Pesachim 64a:5-6 — "My sacrifice" at two seats                                                   [MOVE] 
     effects: purge_deadline
OK  Mishnah Pesachim 5:4 — a negative                                                                [ANSWER-SHEET] 
     effects: purge_deadline
OK  Pesachim 70a:5 — the chagigah's overnight rule                                                   [MOVE] 
     effects: disqualified
OK  Pesachim 59b:8 — "to the morning"                                                                [MOVE] 
     effects: disqualified
OK  Pesachim 5a:16 — the purge before the slaughter                                                  [MOVE] 
     effects: purge_deadline
OK  THE HEADLINE — the second seat's delta                                                           [MOVE] 
     effects: —
OK  "hew for yourself" at two seats                                                                  [INK] 
     effects: tablets_delivered
OK  Nedarim 38a:3-4 — the chips and the writing his                                                  [MOVE] 
     effects: tablets_delivered
OK  Yevamot 62a:4 — the breaking ratified                                                            [MOVE] 
     effects: tablets_delivered
OK  CALLED sanctuary_build.ark(tablets_and_fragments)                                                [IMPORT] 
     effects: tablets_delivered
OK  "and no man shall go up" a hapax                                                                 [INK] 
     effects: barred_from_it
OK  Taanit 21b:4 — the graze ban bound to the Presence                                               [MOVE] 
     effects: barred_from_it
OK  "called on the name of the LORD" — the patriarchs' verb                                          [INK] 
     effects: attributes_proclaimed
OK  "the LORD, the LORD" — with Psalm 104 alone                                                      [INK] 
     effects: attributes_proclaimed
OK  the formula's clauses censused                                                                   [INK] 
     effects: attributes_proclaimed
OK  Rosh Hashanah 17b:5 — the order of prayer                                                        [MOVE] 
     effects: attributes_proclaimed
OK  Yoma 86a:5 — the tension resolved by repentance                                                  [MOVE] 
     effects: atoned_forgiven
OK  Yoma 86a:3 — His Name not cleared                                                                [MOVE] 
     effects: atoned_forgiven
OK  Bava Kamma 50b:1 — the dual anger                                                                [MOVE] 
     effects: attributes_proclaimed
OK  "fathers upon children" seven, "shall not be put to death" two                                   [INK] 
     effects: attributes_proclaimed
OK  Berakhot 7a:26 — when they hold their fathers' deeds                                             [MOVE] 
     effects: attributes_proclaimed
OK  Makkot 24a:30 — Ezekiel annulled it                                                              [MOVE] 
     effects: attributes_proclaimed
OK  Mishnah Yoma 4:2 — the confession's order                                                        [ANSWER-SHEET] 
     effects: confessed
OK  34:9 a hapax                                                                                     [INK] 
     effects: atoned_forgiven
OK  "by the mouth of these words" — with Genesis alone                                               [INK] 
     effects: oral_law_unwritten
OK  Gittin 60b:5 — THE MEDIUM LAW                                                                    [MOVE] 
     effects: oral_law_unwritten
OK  Gittin 60b:2 — mostly oral / mostly written                                                      [MOVE] 
     effects: oral_law_unwritten
OK  "the ten words" at three seats                                                                   [INK] 
     effects: tablets_delivered
OK  forty days at nine seats; bread and water at two                                                 [INK] 
     effects: tablets_delivered
OK  the radiance and the veil, three each                                                            [INK] 
     effects: face_radiant
OK  Beitzah 16a:6 — the gift that reveals itself                                                     [MOVE] 
     effects: face_radiant
OK  "Sinai" thirteen times in Exodus                                                                 [INK] 
     effects: —
OK  Megillah 31a:16 — the intermediate Sabbath reads this span                                       [DATA] 
     effects: —
OK  "when He finished" defective at seven seats                                                      [INK] 
     effects: tablets_delivered
OK  the tablets-word's written forms                                                                 [INK] 
     effects: tablets_delivered
OK  Eruvin 54a:19 — engraved                                                                         [MOVE] 
     effects: tablets_delivered
OK  the seventy elders at three seats                                                                [INK] 
     effects: entered_the_covenant
OK  Mishnah Rosh Hashanah 2:9 — the unnamed elders                                                   [ANSWER-SHEET] 
     effects: majority_decides
OK  "one voice" — with the Chronicler alone                                                          [INK] 
     effects: entered_the_covenant
OK  "the book of the covenant" at four seats                                                         [INK] 
     effects: oral_law_unwritten
OK  "the blood of the covenant" a Torah hapax                                                        [INK] 
     effects: entered_the_covenant
OK  "the youths" a hapax                                                                             [INK] 
     effects: accepted
OK  Onkelos — the firstborn                                                                          [MOVE] 
     effects: accepted
OK  CALLED shemini_day.eras(switch)                                                                  [IMPORT] 
     effects: invested_office
OK  CALLED offerings.dispatch(olah:herd)                                                             [IMPORT] 
     effects: accepted
OK  Zevachim 116a:12 — the pre-Sinai table corrected                                                 [MOVE] 
     effects: accepted
OK  Chagigah 6b:12 — the parse question                                                              [MOVE] 
     effects: accepted
OK  THE FRONT END'S PARSE — the etnachta on the burnt offerings                                      [INK] 
     effects: accepted
OK  Chagigah 6b:13 — for the pausing of the accents                                                  [MOVE] 
     effects: accepted
OK  Chagigah 6b:14 — TEIKU                                                                           [MOVE] 
     effects: accepted
OK  Chagigah 6b:11 — no flaying before the tent                                                      [MOVE] 
     effects: accepted
OK  Chagigah 6a:15 — the tamid or the appearance                                                     [MOVE] 
     effects: accepted
OK  Keritot 9a:9 — THE CONVERT'S RITE                                                                [MOVE] 
     effects: entered_the_covenant, immersed
OK  Mishnah Keritot 2:1 — the convert lacking atonement                                              [ANSWER-SHEET] 
     effects: entered_the_covenant
OK  Zevachim 97b:8 — the basins' vessel rule                                                         [MOVE] 
     effects: accepted
OK  "sapphire brick" a hapax                                                                         [INK] 
     effects: —
OK  Menachot 43b:13 — the blue chain                                                                 [MOVE] 
     effects: takes_four_species
OK  Yoma 15b:1 — the exposed altar                                                                   [MOVE] 
     effects: accepted
OK  Megillah 9a:16 — the elect for the youths                                                        [MOVE] 
     effects: —
OK  Onkelos 24:8 — to atone for the people                                                           [MOVE] 
     effects: entered_the_covenant, atoned_forgiven
OK  Berakhot 17a:12 — the meal transposed                                                            [MOVE] 
     effects: —
OK  "the torah and the commandment" — with Kings alone                                               [INK] 
     effects: tablets_delivered
OK  Berakhot 5a:3 — THE CANON CHANNEL                                                                [MOVE] 
     effects: oral_law_unwritten
OK  "whoever has a case" a hapax                                                                     [INK] 
     effects: majority_decides
OK  Bava Kamma 46b:5 — the burden of proof                                                           [MOVE] 
     effects: majority_decides
OK  24:16 — six days and the seventh day                                                             [INK] 
     effects: —
OK  Taanit 28b:9-10 — the seventeenth of Tammuz computed                                             [MOVE] 
     effects: tablets_delivered
OK  Mishnah Taanit 4:6 — the tablets broken                                                          [ANSWER-SHEET] 
     effects: tablets_delivered
OK  "under the mountain" at three seats                                                              [INK] 
     effects: —
OK  Yoma 4b:9 — within-within                                                                        [MOVE] 
     effects: —
OK  forty days and forty nights at nine seats                                                        [INK] 
     effects: —
OK  "a molten calf" at four seats                                                                    [INK] 
     effects: molten_image_barred
OK  Sanhedrin 63a:17 — they desired many gods                                                        [MOVE] 
     effects: molten_image_barred
OK  "a feast to the LORD" at five seats                                                              [INK] 
     effects: accepted
OK  CALLED ordinances.capital(idolater_row)                                                          [IMPORT] 
     effects: stoned
OK  Sanhedrin 63a:14 — the bowing likened                                                            [MOVE] 
     effects: stoned
OK  "to play" at four seats                                                                          [INK] 
     effects: —
OK  "turned quickly" three, "stiff-necked" six                                                       [INK] 
     effects: —
OK  Berakhot 32a:16 — Moses seized Him                                                               [MOVE] 
     effects: decree_relented
OK  Berakhot 32a:17 — the one-legged chair                                                           [MOVE] 
     effects: decree_relented
OK  "and Moses beseeched" at fourteen seats                                                          [INK] 
     effects: decree_relented
OK  Berakhot 32a:19 — THE VOW ANNULLED                                                               [MOVE] 
     effects: decree_relented
OK  Berakhot 32a:24 — the oath by the Name                                                           [MOVE] 
     effects: decree_relented
OK  "and the LORD relented" five; "of the evil" five                                                 [INK] 
     effects: decree_relented
OK  "both their sides" and "engraved" — two hapaxes                                                  [INK] 
     effects: tablets_delivered
OK  Shabbat 89a:6 — the sixth hour came                                                              [MOVE] 
     effects: —
OK  32:20 — the four verbs                                                                           [INK] 
     effects: ground_and_scattered, made_to_drink
OK  the sotah's drinking verb in Numbers 5                                                           [INK] 
     effects: made_to_drink
OK  Mishnah Avodah Zarah 3:3 — the two arms                                                          [ANSWER-SHEET] 
     effects: ground_and_scattered
OK  Avodah Zarah 44a:2 — the fourth verb decides                                                     [MOVE] 
     effects: made_to_drink
OK  "let loose" spelled like Pharaoh                                                                 [INK] 
     effects: —
OK  "whoever is for the LORD" a hapax; the sword on the thigh with the Song                          [INK] 
     effects: slain_by_sword
OK  Yoma 66b:15 — all the sons of Levi                                                               [MOVE] 
     effects: slain_by_sword
OK  Yoma 66b:14 — THE THREE DEATHS AS A VERDICT TABLE                                                [MOVE] 
     effects: slain_by_sword, plague_struck, made_to_drink
OK  "fill your hand" a hapax; CALLED incense_shekel.persons(fill_hand)                               [INK] 
     effects: invested_office
OK  "a great sin" at four seats                                                                      [INK] 
     effects: confessed
OK  Yoma 86b:14 — specify the sin                                                                    [MOVE] 
     effects: confessed
OK  Rosh Hashanah 16b:14 — THE THREE BOOKS                                                           [MOVE] 
     effects: blotted_from_the_book
OK  32:33 — him I will blot                                                                          [INK] 
     effects: blotted_from_the_book
OK  Sanhedrin 102a:15 — one twenty-fourth                                                            [MOVE] 
     effects: blotted_from_the_book
OK  "and the LORD plagued" five; the plague-noun thirty-one                                          [INK] 
     effects: plague_struck
OK  Mishnah Megillah 4:10 — the second read, not translated                                          [ANSWER-SHEET] 
     effects: —
OK  "ornaments" spelled "witnesses"                                                                  [INK] 
     effects: —
OK  "Horeb" plene at one seat                                                                        [INK] 
     effects: —
OK  "outside the camp" twenty-eight; "seeker of the LORD" once                                       [INK] 
     effects: —
OK  Berakhot 63b:6 — the twelve mil                                                                  [MOVE] 
     effects: —
OK  Sanhedrin 5b:9 — THE RULING-DISTANCE                                                             [MOVE] 
     effects: majority_decides
OK  Kiddushin 33b:15 — praise or discredit                                                           [MOVE] 
     effects: —
OK  the pillar six, face to face five                                                                [INK] 
     effects: —
OK  "did not depart" at nine seats                                                                   [INK] 
     effects: —
OK  Menachot 99b:19 — a blessing, not a commandment                                                  [MOVE] 
     effects: —
OK  Temurah 16a:6 — three hundred forgotten                                                          [MOVE] 
     effects: oral_law_unwritten
OK  Mishnah Avot 1:1 — the chain                                                                     [ANSWER-SHEET] 
     effects: oral_law_unwritten
OK  "by name" twice; favor six times                                                                 [INK] 
     effects: —
OK  four hapaxes of the vision protocol                                                              [INK] 
     effects: —
OK  Menachot 35b:8 — THE KNOT OF THE TEFILLIN                                                        [MOVE] 
     effects: —
OK  Yevamot 49b:7 — Manasseh                                                                         [MOVE] 
     effects: —
OK  Onkelos 33:11 — speech with speech                                                               [MOVE] 
     effects: —
OK  "I have called by name" / "the LORD has called by name"                                          [INK] 
     effects: appointed_by_name
OK  Berakhot 55a:10 — a good leader announced                                                        [MOVE] 
     effects: appointed_by_name
OK  CALLED sanctuary_build.offering(named_by_name / consent)                                         [IMPORT] 
     effects: appointed_by_name
OK  "the spirit of God" thirteen; the triple a hapax                                                 [INK] 
     effects: spirit_filled
OK  Berakhot 55a:14 — wisdom to the wise                                                             [MOVE] 
     effects: spirit_filled
OK  31:2-4 against 35:30-32 — the deltas                                                             [INK] 
     effects: appointed_by_name
OK  THE RUN ADDS THE TEACHING CLAUSE                                                                 [INK] 
     effects: appointed_by_name
OK  THE INVENTORY AT FIVE SEATS                                                                      [INK] 
     effects: —
OK  Menachot 50b:2 — only what is stated                                                             [MOVE] 
     effects: strange_offering_barred
OK  the craftsmen's alignment                                                                        [INK] 
     effects: —
OK  "the finger of God" at three seats                                                               [INK] 
     effects: tablets_delivered
OK  the donation's alignment                                                                         [INK] 
     effects: —
OK  25:4-5 == 35:6-7 token for token                                                                 [INK] 
     effects: given_by_the_heart
OK  the materials' first verses in the run                                                           [INK] 
     effects: given_by_the_heart
OK  "the spice" singular at three seats                                                              [INK] 
     effects: —
OK  CALLED sanctuary_build.offering(trigger / set_apart / halt)                                      [IMPORT] 
     effects: given_by_the_heart
OK  the heart-tokens twelve times                                                                    [INK] 
     effects: given_by_the_heart
OK  Shevuot 26b:15 — THE HEART BINDS                                                                 [MOVE] 
     effects: given_by_the_heart
OK  Chagigah 10a:8 — the vows' release rests on it                                                   [MOVE] 
     effects: given_by_the_heart
OK  Mishnah Chagigah 1:8 — mountains by a hair                                                       [ANSWER-SHEET] 
     effects: —
OK  the spinning verb at two seats                                                                   [INK] 
     effects: given_by_the_heart
OK  Shabbat 74b:6 — extra wisdom                                                                     [MOVE] 
     effects: given_by_the_heart
OK  "a wave-offering of gold" / "the gold of the wave-offering"                                      [INK] 
     effects: given_by_the_heart
OK  Yoma 75a:19 — princes or clouds                                                                  [MOVE] 
     effects: given_by_the_heart
OK  CALLED sanctuary_build.offering(dwells_in)                                                       [IMPORT] 
     effects: presence_dwells
OK  40:2 — the command dated                                                                         [INK] 
     effects: tabernacle_erected
OK  the command's verbs and inventory                                                                [INK] 
     effects: —
OK  "and you shall screen" — with Ruth alone                                                         [INK] 
     effects: veil_divides
OK  Menachot 62a:13 — on means beside                                                                [MOVE] 
     effects: bread_set_weekly
OK  Sukkah 7b:8 — a partition called covering                                                        [MOVE] 
     effects: veil_divides
OK  40:9-15 — thirteen verbs of anointing and dressing                                               [INK] 
     effects: anointed
OK  CALLED incense_shekel.oil(run_exod40 / run_lev8)                                                 [IMPORT] 
     effects: anointed
OK  40:12 matches 29:4                                                                               [INK] 
     effects: immersed
OK  CALLED vestments.investiture x2                                                                  [IMPORT] 
     effects: invested_office
OK  40:15 — the INTERNAL pointer                                                                     [INK] 
     effects: anointed
OK  "for an everlasting priesthood" a hapax                                                          [INK] 
     effects: invested_office
OK  40:16 — the global stamp                                                                         [INK] 
     effects: inspected_as_commanded
OK  THE SEVEN STAMPS                                                                                 [INK] 
     effects: inspected_as_commanded
OK  CALLED vestments.completion x3                                                                   [IMPORT] 
     effects: inspected_as_commanded
OK  every "as" in the chapter                                                                        [INK] 
     effects: inspected_as_commanded
OK  the command against the execution, block by block                                                [INK] 
     effects: —
OK  the whole                                                                                        [INK] 
     effects: —
OK  THE RUN DROPS ITS OWN LAST SEVEN COMMANDS                                                        [INK] 
     effects: anointed, invested_office
OK  and Leviticus picks them up                                                                      [INK] 
     effects: anointed, invested_office
OK  "in the second year" at five seats                                                               [INK] 
     effects: tabernacle_erected
OK  "was erected" passive beside "erected" active                                                    [INK] 
     effects: tabernacle_erected
OK  Tanchuma Buber Pekudei 8:1 — rose of itself                                                      [MOVE] 
     effects: tabernacle_erected
OK  the erection day at three seats in two books                                                     [INK] 
     effects: tabernacle_erected
OK  CALLED shemini_day.day(date)                                                                     [IMPORT] 
     effects: tabernacle_erected
OK  Rosh Hashanah 3a:5 — Nisan the year's head                                                       [MOVE] 
     effects: tabernacle_erected
OK  CALLED shemini_day.fire(ten_crowns) — two written here                                           [IMPORT] 
     effects: tabernacle_erected
OK  Shabbat 87b:6 — a Sunday (data)                                                                  [DATA] 
     effects: tabernacle_erected
OK  Menachot 99a:10 — raise, never lower                                                             [MOVE] 
     effects: tabernacle_erected
OK  40:19 "the tent" — one token, three laws                                                         [INK] 
     effects: —
OK  Mishnah Shabbat 2:3 — flax only                                                                  [ANSWER-SHEET] 
     effects: —
OK  THE MAKING'S DROPPED USE CLAUSES RUN HERE — thirteen                                             [INK] 
     effects: staves_fixed, veil_divides, bread_set_weekly, lamp_arranged
OK  the eleven not picked up — the measures                                                          [INK] 
     effects: —
OK  CALLED sanctuary_build.ark(staves / staves_prohibition)                                          [IMPORT] 
     effects: staves_fixed
OK  CALLED sanctuary_build.ark(testimony / tablets_and_fragments)                                    [IMPORT] 
     effects: tablets_delivered
OK  the direction-words differ between spec and run                                                  [INK] 
     effects: —
OK  CALLED sanctuary_build.veil x2 and ark(meeting_dropped)                                          [IMPORT] 
     effects: veil_divides
OK  "and Moses finished the work" — the creation's verb                                              [INK] 
     effects: work_completed
OK  CALLED incense_shekel.tamid(initiations)                                                         [IMPORT] 
     effects: bread_set_weekly, lamp_arranged, incense_continual, tamid_owed
OK  Mishnah Menachot 4:4 — the four initiations                                                      [ANSWER-SHEET] 
     effects: bread_set_weekly, lamp_arranged, incense_continual, tamid_owed
OK  "an arrangement of bread" a hapax                                                                [INK] 
     effects: bread_set_weekly
OK  CALLED sanctuary_build.table(continually) and priesthood.lamp_table x2                           [IMPORT] 
     effects: bread_set_weekly
OK  the table initiated at the first Sabbath (data)                                                  [DATA] 
     effects: bread_set_weekly
OK  the lamp-raising seven; "the lamps" four                                                         [INK] 
     effects: lamp_arranged
OK  CALLED sanctuary_build.menorah / lamp and priesthood.lamp_table                                  [IMPORT] 
     effects: lamp_arranged
OK  CALLED incense_shekel.incense_altar(first_incense)                                               [IMPORT] 
     effects: incense_continual
OK  "and he burned" — Moses at 40:27 and Lev 8, Aaron at Lev 9                                       [INK] 
     effects: incense_continual
OK  Zevachim 101b:14 — Moses a high priest                                                           [MOVE] 
     effects: incense_continual, tamid_owed
OK  CALLED incense_shekel.tamid x2 and shemini_day.order                                             [IMPORT] 
     effects: tamid_owed
OK  Lev 9:17 "besides the morning burnt offering" — two seats                                        [INK] 
     effects: tamid_owed
OK  CALLED incense_shekel.laver(run / between)                                                       [IMPORT] 
     effects: hands_feet_sanctified
OK  40:32 — 30:20's two loci word for word                                                           [INK] 
     effects: hands_feet_sanctified
OK  40:31 matches 30:19 with one token added: MOSES                                                  [INK] 
     effects: hands_feet_sanctified
OK  Zevachim 21b:12 — THE LAVER'S MINIMUM OF FOUR                                                    [MOVE] 
     effects: hands_feet_sanctified
OK  Zevachim 19b:9 — what binds the sons binds him                                                   [MOVE] 
     effects: hands_feet_sanctified
OK  Zevachim 22a:4 — the base's a-fortiori                                                           [MOVE] 
     effects: hands_feet_sanctified
OK  Zevachim 58b:16 — the laver drawn south                                                          [MOVE] 
     effects: hands_feet_sanctified
OK  the glory filling at seven seats in four books                                                   [INK] 
     effects: presence_dwells, glory_appeared
OK  "could not enter" — Moses and the priests                                                        [INK] 
     effects: barred_from_it
OK  Yoma 4b:9 — within-within                                                                        [MOVE] 
     effects: barred_from_it
OK  CALLED incense_shekel.tamid(dwell) and sanctuary_build.offering(dwells_in)                       [IMPORT] 
     effects: presence_dwells
OK  CALLED incense_shekel.tamid(meeting) and shemini_day.fire x2                                     [IMPORT] 
     effects: meeting_appointed
OK  "in all their journeys" six; the lifting's three forms                                           [INK] 
     effects: camp_moves_by_the_cloud
OK  fire by night seven, cloud by day eight                                                          [INK] 
     effects: camp_moves_by_the_cloud
OK  40:36-37 — the protocol                                                                          [INK] 
     effects: camp_moves_by_the_cloud
OK  the protocol against Numbers 9                                                                   [INK] 
     effects: camp_moves_by_the_cloud
OK  Rosh Hashanah 3a:5 — the first lifting                                                           [MOVE] 
     effects: camp_moves_by_the_cloud
OK  THE SCENE — the erection on the world engine                                                     [INK] 
     effects: released, tabernacle_erected, high_places_banned, tablets_delivered, staves_fixed, veil_divides, bread_set_weekly, lamp_arranged, incense_continual, tamid_owed, hands_feet_sanctified, work_completed, presence_dwells, barred_from_it, meeting_appointed, camp_moves_by_the_cloud
OK  CALLED shemini_day.SCENE                                                                         [IMPORT] 
     effects: released
OK  THE W6 SCENE — the craftsmen and the donation on the world engine                                [ANSWER-SHEET] 
     effects: appointed_by_name, spirit_filled, given_by_the_heart
OK  THE W7 SCENE — the Sinai narrative's laws on the world engine                                    [ANSWER-SHEET] 
     effects: majority_decides, entered_the_covenant, oral_law_unwritten, accepted, invested_office, atoned_forgiven, immersed, tablets_delivered, face_radiant, molten_image_barred, barred_from_it, stoned, slain_by_sword, plague_struck, made_to_drink, bears_sin, decree_relented, confessed, blotted_from_the_book, ground_and_scattered, attributes_proclaimed, covenant_cut, nations_driven_out, covenant_barred, demolished, intermarriage_barred
OK  THE HEADLINE (1) — the second seat                                                               [MOVE] 
     effects: —
OK  THE HEADLINE (2) — the unrun commands                                                            [INK] 
     effects: —
OK  THE HEADLINE (3) — the pickup                                                                    [INK] 
     effects: —
OK  the stamps counted                                                                               [INK] 
     effects: inspected_as_commanded
OK  the inventory at five seats                                                                      [INK] 
     effects: —

MATRIX: 287/287 cells match the answer sheet
FRACTIONS: pure ink 131/287 (45%) · recorded moves 93/287 (32%) · answer-sheet 23/287 · data 4/287 · imports 36/287 · hypotheses 0/287
LEDGER OPS this span writes: block x43, body x15, debit x11, destroy x9, heaven x60, status x92, timer x34, transfer x43
effects: every cell carries REGISTERED effects — TWENTY-TWO discovered in these verses' own verbs: entered_the_covenant, covenant_cut, appointed_by_name, spirit_filled, face_radiant, tabernacle_erected, camp_moves_by_the_cloud (STATUS), tablets_delivered, given_by_the_heart, nations_driven_out (TRANSFER), decree_relented, blotted_from_the_book, plague_struck, attributes_proclaimed, pilgrim_land_guarded (HEAVEN), made_to_drink, slain_by_sword (BODY), ground_and_scattered (DESTROY), intermarriage_barred, molten_image_barred, oral_law_unwritten (BLOCK), appearance_gift_owed (DEBIT) [effects law satisfied]
SCENE: (1, 1, 1, 1, 1, 1, 1, 2, 2, 1, 3, 1, 1, 1, 1, 1, 5, 360) — the installation released into the first of Nisan; the four initiations; the Presence dwells and the meeting appointed (promised at E2 and E4, fired here)
SCENE (W6, the craftsmen and the donation): (2, 2, 5, 8, 1)
SCENE (W7, the Sinai narrative's laws): (3, 4, 3, 1, 2, 2, 1, 2, 1, 2, 3, 1, 2, 1, 2, 1, 1, 1, 1, 1, 3, 1, 1, 1, 1, 2, 3, 3, 105, 32, 186, (1, 4, 17), (1, 7, 10))
WATCH COVERAGE (the erection; the craftsmen and the donation — W6; the Sinai narrative — W7):
  WATCH law_installation       seen  15  fired   2  on: installation_commanded, milluim_blood_sprinkled
  WATCH law_erection           seen  15  fired  13  on: bread_arranged, called_from_the_tent, cloud_lifted, could_not_enter, erected, glory_filled, hands_feet_washed, incense_burned, lamps_raised, tamid_offered, testimony_placed, veil_hung, work_finished
  WATCH law_erection           seen   8  fired   8  on: craftsman_called, offering_brought
  WATCH law_erection           seen  32  fired  30  on: ascent_barred, attributes_proclaimed_at_sinai, bowed_to_another_god, calf_destroyed, calf_made, case_brought_to_deputies, covenant_blood_thrown, covenant_cut_at_sinai, daughters_taken, elders_ascended, entered_the_land, levites_gathered, moses_ascended, moses_interceded, people_answered, sacrifice_of_inhabitant_eaten, tent_pitched_outside, youths_offered
THE COVENANT WRITTEN A SECOND TIME, THE BLOOD COVENANT, THE CALF AND THE PRESENCE, THE CRAFTSMEN AND THE DONATION, AND THE ERECTION COMPILED — the second seat's delta is where the tradition argues; the run drops its own last seven commands and Leviticus picks them up; the making's dropped use clauses run here; the laver's four from the run's added Moses; the cantillation answers the sugya's parse; eleven engines CALLED.
honest-pairing guard: 113 tests checked, every expectation a literal
probes: 90 ink runs verified in their verses (Exod 1-19)
answer sheet: 12 Mishnah rows and 47 shelf rows verified by their own tokens (Pesachim 10, Avot 5, Sotah 1 and 5, Rosh Hashanah 3, Eduyot 2, Sanhedrin 1; Sotah 11a-13b, Nedarim 31b-32a, Sanhedrin 111a/91a/18a/56b/67b, Shabbat 86b-88a, Zevachim 116a/102a, Arakhin 15a-b, Kiddushin 38a, Sotah 30b, Berakhot 9a-b, Megillah 9a, Pesachim 116a; the Mekhilta)
guard: 155 expectations checked, every one a literal from the answer sheet [honest-pairing guard satisfied]
guard: 66 expectations checked, every one a literal from the answer sheet [honest-pairing guard satisfied]
probes: all 36 token probes fired  [zero-report law satisfied]

probes: all 39 ink-token probes fired (4 imports receipted) [zero-report law satisfied]
censuses: the FIFTH at [13, 15, 19, 27, 31] — forms ['חמישתו', 'חמישית', 'חמשית', 'חמשתו', 'חמשיתו'] (plene at 13 and 15, defective at 19, 27, 31) · the substitute clause at [10, 33] (the vow and the tithe) · holy tokens in 11 verses
routing receipt: cold_run_yovel.tithe_naming() CALLED (3 namings); cold_run_pesach.firstborn(donkey) CALLED -> 'redeem with a lamb, else break the neck'
answer sheet: 20 Mishnah rows token-verified in their own ink
guard: 41 test rows, every expected value a literal from the answer sheet [honest-pairing guard satisfied]

OK  THE SCENE — Temurah, Arakhin 8, Bekhorot 9 and the Sifra on the world engine (the daemon's w [INK] 
     effects: consecrated, substitution, lashes, redemption_right, adds_fifth, redeem_or_break, most_holy, due_to_priest, put_to_death
OK  Temurah 7:1 — an animal vowed to the altar: holy (the altar class)                           [INK] 
     effects: consecrated
OK  Temurah 7:1-2 — an unfit animal consecrated: the upkeep class, valued by the priest          [INK] 
     effects: consecrated
OK  Temurah 7:2 — unspecified consecrations go to the upkeep                                     [MOVE] 
     effects: consecrated
OK  Temurah 1:1 — substitution attempted: it takes, and forty                                    [INK] 
     effects: substitution, consecrated, lashes
OK  Temurah 1:2 — good for bad, bad for good: takes                                              [INK] 
     effects: substitution
OK  Temurah 1:2 — herd for flock, sheep for goats, blemished for whole: takes                    [INK] 
     effects: substitution
OK  Temurah 1:2 — one for two, one for a hundred (R. Shimon: one for one)                        [MOVE] 
     effects: substitution
OK  Temurah 1:6 — birds and meal offerings make no substitute                                    [INK] 
     effects: —
OK  Temurah 1:6 / 2:1 — the community and partners make no substitute                            [MOVE] 
     effects: —
OK  Temurah 1:3 — limbs and embryos make no substitute                                           [MOVE] 
     effects: —
OK  Temurah 1:5 / 2:3 — a substitute makes no substitute                                         [MOVE] 
     effects: —
OK  Temurah 2:3 — holiness lands on a permanently blemished substitute                           [MOVE] 
     effects: consecrated
OK  Temurah 2:3 — the inadvertent like the deliberate in substitution                            [MOVE] 
     effects: substitution
OK  Temurah 5:5 — "this instead of that": a substitute                                           [INK] 
     effects: substitution
OK  Temurah 5:5 — "the exchange of that": a substitute                                           [INK] 
     effects: substitution
OK  Temurah 5:5 — "this desanctified on that": not a substitute                                  [ANSWER-SHEET] 
     effects: redemption_right
OK  Temurah 7:1 — altar-holy substitute; upkeep-holy do not                                      [INK] 
     effects: —
OK  Menachot 9:7 — the heir substitutes                                                          [MOVE] 
     effects: substitution
OK  Arakhin 8:1 — the owner redeeming adds a fifth (the unfit beast)                             [INK] 
     effects: adds_fifth, redemption_right
OK  Arakhin 8:1-3 — the owner redeems his house with a fifth                                     [INK] 
     effects: adds_fifth, redemption_right
OK  Arakhin 8:2-3 — another redeems: the valuation, no fifth                                     [INK] 
     effects: redemption_right
OK  the five fifths of the chapter (27:13, 15, 19, 27, 31)                                       [INK] 
     effects: adds_fifth
OK  Menachot 12:1 — birds, wood, frankincense, vessels: no redemption, only a beast is said      [INK] 
     effects: —
OK  Bekhorot 1:7 (via the Passover engine) — the firstling donkey: a lamb, else the neck         [IMPORT] 
     effects: redeem_or_break
OK  Arakhin 8:7 — the firstborn: sanctify it for value, not for the altar                        [MOVE] 
     effects: consecrated
OK  Temurah 5:1 — outwitting the firstborn: "what is in her womb, if male, an olah"              [MOVE] 
     effects: consecrated
OK  Arakhin 8:6 — every devoted thing most holy, not sold, not redeemed                          [INK] 
     effects: most_holy
OK  Arakhin 8:6 — unspecified devotion: to the priests (Sages) / the upkeep (R. Yehuda b. Beteir [INK] 
     effects: due_to_priest
OK  Arakhin 8:4 — devoted ALL he has: not devoted                                                [INK] 
     effects: —
OK  Arakhin 8:5 — devoted his son, daughter, Hebrew slave, purchased field: not devoted          [INK] 
     effects: —
OK  Arakhin 8:6 — the priests' devotions: no redemption, given to the priests                    [ANSWER-SHEET] 
     effects: due_to_priest
OK  Arakhin 8:7 — the firstborn may be devoted                                                   [ANSWER-SHEET] 
     effects: consecrated
OK  Bekhorot 9:7 — the pen, the small gate, the count, the tenth marked                          [INK] 
     effects: consecrated
OK  Bekhorot 9:7 — not marked, counted lying or standing: tithed                                 [INK] 
     effects: consecrated
OK  Bekhorot 9:7 — a hundred and took ten: not a tithe                                           [INK] 
     effects: —
OK  Temurah 3:5 — the tithe substituted: both holy, not redeemed                                 [INK] 
     effects: substitution, consecrated
OK  Bekhorot 9:1 — herd and flock not tithed together                                            [INK] 
     effects: —
OK  Bekhorot 9:1 — sheep and goats tithed together ("and flock" — all flock one)                 [INK] 
     effects: consecrated
OK  Bekhorot 9:8 (via the Jubilee engine) — the ninth called tenth: sanctified, eaten blemished  [IMPORT] 
     effects: consecrated
OK  Bekhorot 9:8 (via the Jubilee engine) — the eleventh called tenth: a peace offering          [IMPORT] 
     effects: consecrated

MATRIX: 41/41 cells match the answer sheet
FRACTIONS: pure ink 25/41 (60%) · recorded moves 10/41 (24%) · answer-sheet 3/41 · data 0/41 · imports 3/41 · hypotheses 0/41
computed, not graded: the impure beast of 27:27 redeemed at valuation plus a fifth or sold (INK); the devoted person put to death, not ransomed (INK 27:29); the land tithe holy (INK 27:30) and redeemed with a fifth (INK 27:31); not examined good or bad (INK 27:33) — valuation_plus_fifth_or_sold, put_to_death_not_ransomed, holy_to_the_LORD, plus_fifth, not_examined_good_or_bad
LEDGER OPS this span writes: body x3, debit x14, status x22, transfer x5
effects: every cell carries REGISTERED effects — consecrated (STATUS) discovered from 27:9's own "shall be holy"; most_holy shared with the meal offering; substitution, adds_fifth, put_to_death, due_to_priest, redemption_right, lashes, redeem_or_break from the registry [effects law satisfied]
  WATCH law_temurah            seen  29  fired  22  on: consecrated_redeemed, herd_tithed, substitute_declared, thing_consecrated, thing_devoted

THE CONSECRATION, SUBSTITUTION, AND DEVOTION MACHINE COMPILES — the two substitution verbs, "beast for beast," "it and its substitute" at the vow and the tithe, the fifth censused five times, the partitive "from all that he has," the ordinal tenth under the rod; three calls into sister engines: the Jubilee engine's tithe naming and the Passover engine's firstling donkey.
guard: 274 expectations checked, every one a literal from the answer sheet [honest-pairing guard satisfied]
guard: 27 expectations checked, every one a literal from the answer sheet [honest-pairing guard satisfied]
guard: 159 expectations checked, every one a literal from the answer sheet [honest-pairing guard satisfied]
probes: all 142 token probes fired  [zero-report law satisfied]

probes: all 46 token probes fired  [zero-report law satisfied]

guard: 55 expectations checked, every one a literal from the answer sheet [honest-pairing guard satisfied]
probes: all 39 token probes fired  [zero-report law satisfied]

probes: all 100 token probes fired  [zero-report law satisfied]

guard: 34 expectations checked, every one a literal from the answer sheet [honest-pairing guard satisfied]
probes: all 17 token probes fired  [zero-report law satisfied]

honest-pairing guard: 222 tests checked, every expectation a literal
probes: 387 ink runs verified in their verses (Gen 18-31)
answer sheet: 7 Mishnah rows verified in their own ink; shelf: 62 rows (Babylonian and Bereshit Rabbah) verified by token
honest-pairing guard: 206 tests checked, every expectation a literal
probes: 137 ink runs verified in their verses (Gen 2-16)
answer sheet: 10 Mishnah rows and 130 shelf rows verified by their own tokens (Sanhedrin 10:3, 4:5, Avot 5:2-3, Eduyot 2:10, Yevamot 6:6, Megillah 1:8; Sanhedrin 107b-109b, 37b, 70a, Nedarim 32a-b, Sotah 14a, Megillah 9b, 14a, Berakhot 40a, Kiddushin 30b, Bava Batra 100a, Yevamot 64a, Chullin 89a, Eruvin 53a, Pesachim 118a, 6b, Rosh Hashanah 11b, Shabbat 55b; Bereshit Rabbah 16-45)
guard: 172 expectations checked, every one a literal from the answer sheet [honest-pairing guard satisfied]
probes: all 86 token probes fired  [zero-report law satisfied]

probes: all 102 token probes fired  [zero-report law satisfied]

callees live: the spec (Exod 34:15-16) 1 / [('Exod', 34, 16)]; the priesthood clause 1; the judges 78600; the incense; the twenty-four; the hanging; the addressees; the tellers; the total; Isaac's clauses 6; Judah's lion 2; the ladder; the idolatry principle
guard: 51 expectations checked, every one a literal from the answer sheet [honest-pairing guard satisfied]
honest-pairing guard: 43 tests checked, every expectation a literal
probes: all 36 token probes fired  [zero-report law satisfied]
answer sheet: 11 Mishnah rows + 28 Mekhilta/Talmud rows read whole from the shelf, each verified by a token in its own ink
guard: 70 expectations checked, every one a literal from the answer sheet [honest-pairing guard satisfied]
honest-pairing guard: 282 tests checked, every expectation a literal
probes: 442 ink runs verified in their verses (Gen 32-50)
answer sheet: 10 Mishnah rows verified in their own ink; shelf: 99 rows (Babylonian and Bereshit Rabbah) verified by token
probes: all 35 token probes fired  [zero-report law satisfied]

guard: 53 expectations checked, every one a literal from the answer sheet [honest-pairing guard satisfied]
guard: 154 expectations checked, every one a literal from the answer sheet [honest-pairing guard satisfied]
probes: all 79 token probes fired  [zero-report law satisfied]

guard: 74 expectations checked, every one a literal from the answer sheet [honest-pairing guard satisfied]
guard: 147 expectations checked, every one a literal from the answer sheet [honest-pairing guard satisfied]
guard: 110 expectations checked, every one a literal from the answer sheet [honest-pairing guard satisfied]
probes: all 54 token probes fired  [zero-report law satisfied]

probes: all 55 token probes fired  [zero-report law satisfied]

probes: all 121 token probes fired  [zero-report law satisfied]

probes: all 111 token probes fired  [zero-report law satisfied]

guard: 56 expectations checked, every one a literal from the answer sheet [honest-pairing guard satisfied]
probes: all 123 token probes fired  [zero-report law satisfied]

probes: all 84 token probes fired  [zero-report law satisfied]

callees: mishpatim_3, mishpatim, lev24, shelach, naso, second_census, journeys, borders, zelophehad, gad_reuben, chukat, bamidbar, primeval, sanctions, priesthood CALLED — every value asserted at import
guard: 97 expectations checked, every one a literal from the answer sheet [honest-pairing guard satisfied]
probes: all 164 token probes fired  [zero-report law satisfied]

callees: exodus_story, shelach, chukat, gad_reuben, zelophehad, journeys, borders, second_census, bamidbar, balak, primeval, mamre, joseph, ordinances, holiness, erection, beha, refuge CALLED — every value asserted at import
guard: 49 expectations checked, every one a literal from the answer sheet [honest-pairing guard satisfied]
guard: 42 expectations checked, every one a literal from the answer sheet [honest-pairing guard satisfied]
guard: 51 expectations checked, every one a literal from the answer sheet [honest-pairing guard satisfied]
OS.the_spies_read_back(the_murmuring) = "the murmuring (1:27-28) — two words (Shevuot 47b:5); the spies' words in the people's mouths, 'greater and taller than w" ['accepted']
guard: 55 expectations checked, every one a literal from the answer sheet [honest-pairing guard satisfied]
HI.the_gift_and_the_warning(lest_you_forget) = "lest you forget (6:12) — obey_horeb's forgetting census (thirteen seats, 6:12 among them); the prohibition's seat 4:9 (O" ['accepted'] — the ask without a write
guard: 51 expectations checked, every one a literal from the answer sheet [honest-pairing guard satisfied]
ER.calf(saru_stiff) = (3, 6) — the stiff neck a state, no write; ER.calf(fourth_verb_decides) = a_test_not_a_nullification — the fourth verb the retelling drops
guard: 62 expectations checked, every one a literal from the answer sheet [honest-pairing guard satisfied]
guard: 59 expectations checked, every one a literal from the answer sheet [honest-pairing guard satisfied]
guard: 65 expectations checked, every one a literal from the answer sheet [honest-pairing guard satisfied]
THE READBACK (the census, printed before it is asserted): rows 31, grades {'VERBATIM': 6, 'VARIANT': 16, 'EXPANDED': 3, 'SUPPLIED': 6}, on the tape 11, by CALL 14, SUPPLIED ['Deut 12:4', 'Deut 12:7', 'Deut 12:9', 'Deut 12:17', 'Deut 12:19', 'Deut 12:30']
DATA rows (the count, printed before it is asserted): 46
THE DATA CHECKS (printed before they are asserted): {'levites_anywhere': True, 'second_tithe': True, 'counts': (5, 4, 3), 'cell_found': True, 'written_callee': True, 'name_in_clause': False, 'seats': ['Deut 12:21', 'Exod 23:15'], 'n_rows': 6, 'platform': [('before_the_Tabernacle', 'permitted'), ('the_Tabernacle', 'forbidden'), ('Gilgal', 'permitted'), ('Shiloh', 'forbidden'), ('Nob_and_Gibeon', 'permitted'), ('Jerusalem', 'forbidden_forever')], 'platform_agrees': True, 'journeys_agree': True, 'registry': True}
THE SCENE (printed before it is asserted): ((1, 1, 1, 1, 1, 1, 1, 1, 1, 1, 1, 1, 1, 1, 1, 1, 1, 1, 1, 1, 1, 1, 1, 1, 1, 1, 1, 1, 1), (1, 1, 1), 2, (0, 0, 0, 0), 29, 0)
THE NARRATIVE (printed before it is asserted): (8, 0, 2, (11, 1), 0, 0, 0, 0) ['name_erasure_barred', 'place_chosen_required', 'rejoicing_before_the_lord_commanded', 'profane_slaughter_permitted', 'holy_things_in_the_gates_barred', 'levite_forsaking_barred', 'foreign_rite_inquiry_barred'] ['high_places_banned']
THE INK (printed before it is asserted): PARSED {(13, 13): [1]}, ORDS {}, MARKS {}, TOKN 328, LETN 1269, KINNUM {('Deut', 17, 6): [2, 3, 1], ('Deut', 19, 15): [1, 2, 3], ('Deut', 17, 7): [], ('Deut', 17, 2): [1], ('Deut', 12, 14): [1], ('Lev', 24, 16): [], ('Exod', 22, 19): []}
THE READBACK (the census, printed before it is asserted): rows 19, grades {'VERBATIM': 3, 'SUPPLIED': 8, 'VARIANT': 5, 'EXPANDED': 3}, on the tape 7, by CALL 17, SUPPLIED ['Deut 13:2', 'Deut 13:4', 'Deut 13:6', 'Deut 13:7', 'Deut 13:12', 'Deut 13:13', 'Deut 13:15', 'Deut 13:18'], writes ['false_prophet_hearing_barred', 'israel_hears_and_fears', 'condemned_city_inquiry_required', 'devoted_thing_cleaving_barred'], pointer ['Deut 13:18']
THE DATA ROWS (printed before they are asserted): 39 ['moses_unnamed', 'the_anger_keyed', 'the_benefit_ban', 'the_capital_courts_end', 'the_congruence_rule', 'the_counter_and_the_parameters', 'the_courts_rule_inverted', 'the_entrapment'] …
THE SCENE (printed before it is asserted): ((1, 1, 1, 1, 1, 1, 1, 2, 1, 1, 1, 1, 1, 1, 1, 1, 1, 1, 1, 2, 1, 1, 1, 1, 1, 1, 1, 1, 1, 1, 1, 1, 1, 1, 1, 1, 1, 1, 1, 1), (1, 1, 1, 1, 1, 1), 1, 1, 2, 2, 1, (0, 0, 0, 0), 40, 0)
THE NARRATIVE (printed before it is asserted): (8, 0, 1, (11, 1), 0, 0, 0, 0) ['adding_barred', 'false_prophet_hearing_barred', 'tested_by_the_lord', 'cleaving_commanded', 'pity_barred', 'israel_hears_and_fears', 'condemned_city_inquiry_required', 'devoted_thing_cleaving_barred']
guard: 53 expectations checked, every one a literal from the answer sheet [honest-pairing guard satisfied]
guard: 26 expectations checked, every one a literal from the answer sheet [honest-pairing guard satisfied]
probes: all 17 token probes fired  [zero-report law satisfied]

THE INK (printed before it is asserted): PARSE {3: ([7], [], []), 4: ([7], [1], []), 5: ([1], [], []), 8: ([6], [7], []), 9: ([7, 7], [], ['שבעת*']), 13: ([7], [], []), 15: ([7], [], []), 16: ([3], [], [])}, NUMV [3, 4, 5, 8, 9, 13, 15, 16], ORDV [4, 8], STARV [9], TOKN 334
THE CLOCK (printed before it is asserted): {'counter': (40, 11, 1), 'passover': (1, 14), 'passover_1': (1, 15), 'passover_7': {'from': 'passover_1', 'plus': 6}, 'atzeret': {'from': 'omer', 'plus': 49}, 'sukkot_1': (7, 15), 'omer_day': (1, 16), 'leap': {'position': 'after_month_12', 'length': 30}, 'threshold': 16, 'grounds': ['spring_grain', 'tree_fruit', 'season'], 'leap_by': ['count'], 'slots': ['evening', 'night', 'midnight', 'dawn', 'morning', 'noon', 'between_the_evenings', 'sunset'], 'between_the_evenings_from': 6.5, 'no_marker': True}
THE SCANS (printed before they are asserted): holes []; bribe ['israel_people']; burn ['aaron-and-sons']; place ['israel_people']; rejoice ['israel_people']; booths []; omer []; courts ['israel_people']; judges ['the_court']; appear ([], []); pillars (['the_pillar_of_bethel'], ['the_pillar_of_gilead']); pervert []
THE TWINS DIFFED (printed before they are asserted): {'16:1 vs Exod 34:18': 7, '16:1 vs Exod 23:15': 5, '16:4 vs Exod 13:7': 6, '16:4 vs Exod 34:25': 3, '16:6 vs Exod 12:6': 0, '16:8 vs Exod 13:6': 5, '16:9 vs Lev 23:15': 0, '16:11 vs 12:18': 13, '16:11 vs 16:14': 11, '16:12 vs 5:15': 5, '16:12 vs 24:18': 6, '16:16 vs Exod 34:23': 8, '16:16 vs Exod 23:17': 7, '16:17 vs 12:15': 6, '16:18 vs 1:16': 2, '16:19 vs Exod 23:8': 7, '16:20 vs 4:1': 6, '16:21 vs 7:5': 0, '16:22 vs 12:31': 2}
THE CALLEES (asserted from their prints): MO window after_midday, morrow festival, count 49, booths 7, the seventh servile_only; PS night only, until midnight / roasted only / burn on the 16th / invalid if not for its sake; CA male owes the three appearings; ER stand standing_liability_like_the_appearance_offering, amounts ('two_silver', 'maah'), made made_objects_not_the_ground; MU redress seven days of redress — Pesach's analogy; PN place the place which the LORD will ; OP charge the charge (1:16-17) — the six; ES sizes (71, 23); OR one-two merit_by_one_liability_by_two, bribe the_bribed_judges_eyes_dim / even_to_judge_truly; HO five 5; ST bribe takes no bribe (10:17) — Exodu; SN wood ['lashes']; CH keep keep and remember (5:12); JR three the three objects (33:52; PSH from Modi'im and beyond (fifteen mil)
THE READBACK (printed before it is asserted): rows 22, grades {'VARIANT': 9, 'EXPANDED': 2, 'SUPPLIED': 10, 'VERBATIM': 1}, on the tape 5, by CALL 22, supplied 10, with writes 14
THE NARRATIVE (printed before it is asserted): (16, 0, 1, (11, 1), 0, 0, 0, 0) ['passover_at_the_place_commanded', 'passover_in_the_gates_barred', 'leaven_with_the_passover_barred', 'flesh_till_morning_barred', 'seventh_day_assembly_commanded', 'weeks_at_the_place_commanded', 'booths_at_the_place_commanded', 'three_pilgrimages_commanded', 'empty_appearance_barred', 'judges_and_officers_commanded', 'judgment_wresting_barred', 'person_respecting_barred', 'bribe_barred', 'justice_pursuit_commanded', 'asherah_beside_the_altar_barred', 'pillar_barred']
guard: 91 expectations checked, every one a literal from the answer sheet [honest-pairing guard satisfied]
guard: 78 expectations checked, every one a literal from the answer sheet [honest-pairing guard satisfied]
THE INK (printed before it is asserted): PARSED {(14, 6): [2], (14, 28): [3]}, ORDS {}, MARKS {6: ['שתי^'], 22: ['עשר*'], 23: ['מעשר*'], 28: ['שנים*', 'מעשר*']}, TOKN 351, LETN 1344, KINNUM {('Deut', 15, 1): [7], ('Deut', 31, 10): [7], ('Exod', 23, 10): [6], ('Lev', 11, 3): [], ('Lev', 27, 30): [], ('Num', 18, 21): [], ('Deut', 26, 12): [], ('Deut', 12, 17): []}, STARRED [(12, 17, 'מעשר*'), (14, 22, 'עשר*'), (14, 23, 'מעשר*'), (14, 28, 'מעשר*'), (26, 12, 'מעשר*')]
THE DB'S OWN SEATS (printed before they are asserted): INF_ABS [(21, 'מכר'), (22, 'עשר')]; the kid ['Deut 14:21', 'Exod 23:19', 'Exod 34:26']; the holy people ['Deut 14:2', 'Deut 14:21', 'Deut 7:6']; portion and inheritance 6; the four at the gate ['Deut 14:29', 'Deut 16:11', 'Deut 16:14']; the place formula 11; the tithe tokens 17; rejoice 8; three years ['2Kgs 18:10', 'Deut 14:28']; seven years ['Deut 15:1', 'Deut 31:10', 'Jer 34:14']; TWIN {'14:6 vs 11:3': 9, '14:7 vs 11:4': 16, '14:8 vs 11:7': 10, '14:9 vs 11:9': 12, '14:15 vs 11:16': 10, '14:15 == 11:16': True, '14:2 vs 7:6': 18, '14:24 vs 12:21': 12, '14:29 vs 24:19': 7, '14:29 vs 14:27': 6, '14:21 vs 23:19': 6}
THE READBACK (the census, printed before it is asserted): rows 29, grades {'SUPPLIED': 8, 'VERBATIM': 6, 'VARIANT': 11, 'EXPANDED': 4}, on the tape 10, by CALL 29, SUPPLIED ['Deut 14:1', 'Deut 14:3', 'Deut 14:5', 'Deut 14:11', 'Deut 14:20', 'Deut 14:22', 'Deut 14:25', 'Deut 14:28'], writes [('Deut 14:1', 'cuttings_for_the_dead_barred'), ('Deut 14:3', 'abomination_eating_barred'), ('Deut 14:21', 'carcass_eating_barred'), ('Deut 14:22', 'second_tithe_owed'), ('Deut 14:28', 'poor_tithe_owed')], pointer []
THE VERSES NO ONE CITES (computed on the docket, printed before it is asserted): [9, 14, 15, 16, 17, 18]
THE DATA ROWS (printed before they are asserted): 56 ['ezras_penalty', 'for_the_dead', 'heavens_property', 'shiloh_and_the_house', 'the_altars_disqualified', 'the_animal_tithe_now', 'the_baldness_both_ways', 'the_benefit_counter_arm'] …
THE SCENE (printed before it is asserted): ((1, 1, 1, 1, 1, 1, 1, 1, 1, 1, 1, 1, 1, 1, 1, 1, 1, 1, 1, 1, 1, 1, 1, 1, 2, 1, 1, 1, 1, 1, 1, 1, 1, 1, 1, 1, 1, 1, 1, 1, 1, 1, 1, 1, 1, 1, 1, 1, 1, 1, 1, 1, 1, 1, 1, 1, 1, 1, 1, 1, 1, 1, 1, 1, 1, 1, 1, 1, 1, 1, 1), (1, 1, 1, 1, 1, 1, 1, 1), 10, 11, 2, 1, 1, (0, 0, 0, 0), 71, 0)
THE NARRATIVE (printed before it is asserted): (7, 0, 1, (11, 1), 0, 0, 0, 0) ['cuttings_for_the_dead_barred', 'abomination_eating_barred', 'carcass_eating_barred', 'second_tithe_owed', 'rejoicing_before_the_lord_commanded', 'levite_forsaking_barred', 'poor_tithe_owed']
THE INK (printed before it is asserted): PARSED {(15, 1): [7], (15, 7): [1], (15, 12): [6], (15, 18): [6]}, ORDS {9: [7]}, MARKS {1: ['שנים*'], 12: ['שנים*'], 18: ['שנים*']}, TOKN 354, LETN 1294, KINNUM {('Exod', 21, 2): [6], ('Exod', 23, 10): [6], ('Lev', 25, 3): [6, 6], ('Lev', 25, 8): [7, 7, 7, 7, 49], ('Deut', 31, 10): [7], ('Jer', 34, 14): [7, 6], ('Exod', 22, 29): [7], ('Lev', 22, 27): [7], ('Deut', 14, 28): [3], ('Deut', 16, 9): [7, 7]}, STARRED [(9, 15, 'ושני^'), (10, 3, 'ושני^'), (14, 28, 'שנים*'), (15, 1, 'שנים*'), (15, 12, 'שנים*'), (15, 18, 'שנים*'), (31, 10, 'שנים*')]
  PRINT the exaction verb by tokens (the lemma table collides at 5065): ['1Kgs 20:13', '1Sam 13:6', '1Sam 14:24', '2Kgs 23:35', 'Deut 15:2', 'Deut 15:3', 'Exod 20:21', 'Exod 24:14', 'Gen 33:7', 'Isa 14:4', 'Isa 29:13', 'Isa 50:8', 'Isa 53:7', 'Isa 65:5', 'Job 3:18', 'Job 40:19', 'Lev 21:21', 'Lev 21:23', 'Ps 91:7', 'Zech 9:8']
  PRINT "howbeit" (the lemma table has no 657 in the Torah): ['2Sam 12:14', 'Amos 6:10', 'Amos 9:8', 'Deut 15:4', 'Gen 47:15', 'Gen 47:16', 'Isa 16:4', 'Isa 29:20', 'Isa 34:12', 'Isa 41:29', 'Isa 45:14', 'Isa 45:6', 'Isa 54:15', 'Isa 5:8', 'Judg 4:9', 'Num 13:28', 'Num 23:13'] | "cease" in the book: [('Deut 15:11', 'יחדל'), ('Deut 23:23', 'תחדל')]
  PRINT "free" every seat in the Bible (the count): 17 [('1Sam 17:25', 'חפשי'), ('Deut 15:12', 'חפשי'), ('Deut 15:13', 'חפשי'), ('Deut 15:18', 'חפשי'), ('Exod 21:2', 'לחפשי'), ('Exod 21:5', 'חפשי'), ('Exod 21:26', 'לחפשי'), ('Exod 21:27', 'לחפשי'), ('Isa 58:6', 'חפשים'), ('Jer 34:9', 'חפשים'), ('Jer 34:10', 'חפשים'), ('Jer 34:11', 'חפשים'), ('Jer 34:14', 'חפשי'), ('Jer 34:16', 'חפשים'), ('Job 3:19', 'חפשי'), ('Job 39:5', 'חפשי'), ('Ps 88:6', 'חפשי')]
  PRINT "shear" every seat in the Bible: ['1Sam 25:2', '1Sam 25:4', '1Sam 25:7', '1Sam 25:11', '2Sam 13:23', '2Sam 13:24', 'Deut 15:19', 'Gen 31:19', 'Gen 38:12', 'Gen 38:13', 'Isa 53:7', 'Jer 7:29', 'Job 1:20', 'Mic 1:16', 'Nah 1:12']
THE CLOCK (printed before it is asserted): {'counter': (40, 11, 1), 'release_keys': ['the_end', 'the_onset', 'the_territory', 'the_year'], 'firstlings_year_keys': ['its_own_year', 'the_blemished', 'the_exiles_arm', 'the_tending_term', 'the_two_day_edge'], 'the_release_on_the_bare_world': 'no count', 'the_firstlings_year_days': 354, 'the_two_day_edge': True, 'no_marker': True}
THE DB'S OWN SEATS (printed before they are asserted): INF_ABS [(2, 'שמוט'), (4, 'ברך'), (5, 'שמוע'), (8, 'פתח'), (8, 'והעבט'), (10, 'נתון'), (11, 'פתח'), (14, 'העניק')]; seven years ['Deut 15:1', 'Deut 31:10', 'Jer 34:14']; the release noun 5; needy 9; the pledge verb 6; remember-a-slave ['Deut 15:15', 'Deut 16:12', 'Deut 24:18', 'Deut 24:22', 'Deut 5:15']; the awl [('Deut 15:17', 'המרצע'), ('Exod 21:6', 'במרצע')]; six years ['Deut 15:12', 'Deut 15:18', 'Exod 21:2', 'Lev 25:3']; for ever ['Deut 15:17']; year by year 11; the place formula 11; unclean-clean ['Deut 12:15', 'Deut 12:22', 'Deut 15:22']; as water ['Deut 12:16', 'Deut 12:24', 'Deut 15:23']; spoke-to-you ['Deut 12:20', 'Deut 15:6', 'Deut 26:18', 'Deut 29:12']; base [('Deut 13:14', 'בליעל'), ('Deut 15:9', 'בליעל')]; sin-in-you ['Deut 15:9', 'Deut 23:22', 'Deut 24:15']; TWIN {'15:12 vs Exod 21:2': 3, '15:12 vs Jer 34:14': 7, '15:16 vs Exod 21:5': 3, '15:17 vs Exod 21:6': 1, '15:15 vs 5:15': 11, '15:15 vs 24:18': 14, '15:5 vs 28:1': 14, '15:6 vs 28:12': 6, '15:9 vs 24:15': 7, '15:10 vs 14:29': 6, '15:21 vs 17:1': 6, '15:22 vs 12:15': 4, '15:22 vs 12:22': 4, '15:23 vs 12:16': 6, '15:23 vs 12:24': 5, '15:4 vs 15:11': 3, '15:1 vs 31:10': 3, '15:20 vs 12:18': 9}
THE CALLEES (printed before they are asserted): the Belial ask in the city cell ['belial_and_naboth'] -> Belial and Naboth (13:14) — the Torah's two seats (13:14, 15:9); the one who turns his eye; the release on the bare world no count; the firstling's year 354 days; MP F1 ['slave-release: FREE-YEAR-7', 'slave-release: DEDUCT', 'slave-release: FREE-AT-JUBILEE']; M2 slave_maimed True
THE READBACK (the census, printed before it is asserted): rows 23, grades {'TURNED': 2, 'SUPPLIED': 11, 'VARIANT': 2, 'VERBATIM': 3, 'SHORTENED': 1, 'DISAGREES': 2, 'EXPANDED': 2}, on the tape 11, by CALL 23, SUPPLIED ['Deut 15:3', 'Deut 15:4', 'Deut 15:6', 'Deut 15:7', 'Deut 15:8', 'Deut 15:9', 'Deut 15:10', 'Deut 15:11', 'Deut 15:13', 'Deut 15:14', 'Deut 15:18'], writes [('Deut 15:1', 'debt_release_owed'), ('Deut 15:2', 'exaction_barred'), ('Deut 15:7', 'hand_shutting_barred'), ('Deut 15:8', 'hand_opening_commanded'), ('Deut 15:9', 'base_thought_barred'), ('Deut 15:10', 'work_of_the_hand_blessed'), ('Deut 15:13', 'empty_sending_barred'), ('Deut 15:14', 'furnishing_commanded'), ('Deut 15:18', 'work_of_the_hand_blessed'), ('Deut 15:19', 'firstling_sanctification_commanded')], pointer ['Deut 15:6'], state ['Deut 15:4'], open ['Deut 15:17', 'Deut 15:19']
THE VERSES NO ONE CITES (computed on the docket, printed before it is asserted): [15]
THE DATA ROWS (printed before they are asserted): 71 ['egypt_the_model', 'lend_not_borrow', 'the_altars_bar', 'the_awl_tool', 'the_blemish_class', 'the_blemished_in_the_gates', 'the_blemished_thirty_days', 'the_blessing_in_the_land'] …; the parameters 27 on file 27 + 2
THE SCENE (printed before it is asserted): ((1, 1, 1, 1, 1, 1, 1, 1, 1, 1, 1, 1, 1, 1, 1, 1, 1, 1, 1, 1, 1, 1, 1, 1, 1, 1, 1, 1, 1, 1, 1, 1, 1, 1, 1, 1, 1, 1, 1, 1, 1, 1, 1, 1, 1, 1, 1, 1, 1, 1, 1, 1, 1, 1, 1, 1, 1, 1, 1, 1, 1, 1, 1, 1, 1, 1, 1, 1, 1, 1, 1, 1, 1, 1, 1, 1, 1, 1, 1, 1, 1, 1), (1, 1, 1, 1, 1, 1, 1, 1, 1, 1, 1), 2, 17, 3, 1, 1, 1, (0, 0, 0, 0), 82, 0)
THE NARRATIVE (printed before it is asserted): (15, 0, 1, (11, 1), 0, 0, 0, 0) ['debt_release_owed', 'exaction_barred', 'blessings_for_hearing', 'hand_opening_commanded', 'hand_shutting_barred', 'base_thought_barred', 'work_of_the_hand_blessed', 'cry_heard', 'bears_sin', 'furnishing_commanded', 'empty_sending_barred', 'work_of_the_hand_blessed', 'firstling_sanctification_commanded', 'firstling_work_and_shearing_barred', 'holy_things_in_the_gates_barred']
THE INK (printed before it is asserted): PARSE {(17, 2): ([1], [], []), (17, 6): ([2, 3, 1], [], [])}, NUMV [(17, 2), (17, 6)], ORDV [], STARV [], TOKN {17: 368, 18: 304}
THE NEGATIONS AND THE NAME (printed before they are asserted): {(17, 1): ['לא'], (17, 3): ['לא'], (17, 6): ['לא'], (17, 11): ['לא'], (17, 13): ['ולא'], (17, 15): ['לא', 'לא'], (17, 16): ['לא', 'ולא', 'לא'], (17, 17): ['ולא', 'ולא', 'לא'], (18, 1): ['לא'], (18, 2): ['לא'], (18, 9): ['לא'], (18, 10): ['לא'], (18, 14): ['לא'], (18, 16): ['לא', 'לא', 'ולא'], (18, 19): ['לא'], (18, 20): ['לא'], (18, 21): ['לא'], (18, 22): ['ולא', 'ולא', 'לא', 'לא']} 28
THE CLOCK (printed before it is asserted): {'counter': (40, 11, 1), 'no_marker': True, 'no_clock_datum': True}
THE SCANS (printed before they are asserted): holes []; hears ['israel_people']; false prophet ['israel_people']; inheritance ['aaron', 'the_levites']; kings ['jacob']; prophet ['abraham']; wholeness ['abraham']; courts ['israel_people']; judges ['the_court']; bribe ['israel_people']; stoned ['the_blasphemer', 'the_wood_gatherer']; put to death ['abiram', 'dathan', 'korach', 'the_lusters', 'the_ten_spies', 'the_two_hundred_fifty', 'the_wood_gatherer']; purged []; dues ['aaron']
THE TWINS DIFFED (printed before they are asserted): {'17:1 vs 15:21': 6, '17:4 vs 13:15': 9, '17:6 vs 19:15': 6, '17:7 vs 13:10': 7, '17:8 vs 1:17': 2, '17:11 vs 17:20': 1, '17:13 vs 13:12': 3, '17:17 vs 8:13': 3, '17:20 vs 8:14': 0, '18:2 vs 10:9': 8, '18:2 vs Num 18:20': 2, '18:5 vs 10:8': 3, '18:10 vs Lev 20:2': 0, '18:11 vs Lev 20:27': 1, '18:13 vs Gen 17:1': 1, '18:16 vs 5:25': 5, '18:17 vs 5:28': 5, '18:19 vs 13:4': 3, '18:22 vs 13:2': 0}
THE READBACK (printed before it is asserted): rows 42, grades {'SUPPLIED': 12, 'VARIANT': 22, 'EXPANDED': 5, 'VERBATIM': 2, 'SHORTENED': 1}, on the tape 11, by CALL 42, supplied 12, with writes 28
THE NARRATIVE (printed before it is asserted): (37, 0, 1, (11, 1), 0, 0, 0, 0) ['blemished_offering_barred', 'idolater_inquiry_required', 'two_witnesses_required', 'one_witness_barred', 'witnesses_hand_first_commanded', 'high_court_at_the_place_commanded', 'sentence_binding_commanded', 'turning_from_the_word_barred', 'king_from_the_brothers_commanded', 'foreign_king_barred', 'horses_multiplying_barred', 'return_to_egypt_barred', 'wives_multiplying_barred', 'silver_and_gold_multiplying_barred', 'law_copy_commanded', 'heart_lifting_barred', 'shoulder_cheeks_maw_owed', 'first_fleece_owed', 'priests_standing_chosen', 'levite_service_at_the_place_permitted', 'equal_portions_commanded', 'abominations_learning_barred', 'passing_through_fire_barred', 'diviner_barred', 'soothsayer_barred', 'augur_barred', 'sorcerer_barred', 'charmer_barred', 'ghost_consulting_barred', 'familiar_spirit_barred', 'necromancer_barred', 'wholeness_commanded', 'prophet_like_moses_promised', 'prophet_hearkening_commanded', 'word_required_of_the_hearer', 'false_word_test_declared', 'false_prophet_fear_barred']

PASS  [MOVE]  Deut 17:1; the Sifrei 147:1 — a dispute — the_south_and_the_blemish
        ->  blemished_offering_barred [block]  the blemished offering barred — the BLOCK the line blemished_sacrifice_barred writes on Israel: 'YOU SHALL NOT SACRIFICE TO THE LORD YOUR GOD AN OX OR A SHEEP WHICH HAS A BLEMISH, ANY EVIL THING, for it is an abomination to the LORD your God' (17:1) — the blemish transgresses, not the south (R. Judah; the sages: even the south — the Sifrei 147:1, a DATA row with both arms); one of the three true prohibitions of the place (147:2 — 12:17, 16:5, 17:1: place_name by CALL); born whole and made blemished, born blemished, the scabbed, the warted, the lichened, the old, the sick, the foul (147:3-4 — 15:21's class by CALL to release_firstborn, Leviticus 22's by CALL to priesthood); outside its time and place (147:5); the mounter, the mounted, the set-aside, the worshipped, the hire, the price, the mixed, the torn, the caesarean (147:6 — 'abomination' shared with 14:3 and 23:19); of the sacrifice, not the sacrificer (147:7)
PASS  [MOVE]  Deut 17:1; the Sifrei 147:2 (reread); place_name by CALL — the_three_true_prohibitions
        ->  accepted           [heaven]  accepted for him — the offering's acceptance state
PASS  [MOVE]  Deut 17:1; the Sifrei 147:3-4 (reread); release_firstborn and priesthood by CALL — born_blemished_and_any_evil_thing
        ->  barred_from_it     [block]  barred — a person class may not eat of it; a block on the eater, not the offering
PASS  [MOVE]  Deut 17:1; the Sifrei 147:5 — outside_its_time_and_place
        ->  barred_from_it     [block]  barred — a person class may not eat of it; a block on the eater, not the offering
PASS  [MOVE]  Deut 17:1; the Sifrei 147:6; 99:2, 261:2; seven_nations by CALL — the_mounter_and_the_harlots_hire
        ->  barred_from_it     [block]  barred — a person class may not eat of it; a block on the eater, not the offering
PASS  [MOVE]  Deut 17:1; the Sifrei 147:7 — the_sacrifice_not_the_sacrificer
        ->  accepted           [heaven]  accepted for him — the offering's acceptance state
PASS  [MOVE]  Deut 17:2-7; the Sifrei 148:1; refuge by CALL — found_means_witnesses
        ->  exempt             [status]  exempt — no entry opens; the ledger stays clean
PASS  [MOVE]  Deut 17:2-7; the Sifrei 148:2-4, 149:3-4; seducers by CALL — the_gate_and_the_stoning
        ->  stoned             [body]  stoned — the death mode named in ink; for the ox, the beast's own docket entry
        ->  evil_purged_from_the_midst [body]  the evil purged from the midst — THE PURGE FORMULA'S FIRST SEAT OF NINE: 'AND YOU SHALL PURGE THE EVIL FROM YOUR MIDST' (13:6 — the nine seats all in the book: 13:6 the first, then 17:7, 17:12, 19:19, 21:21, 22:21, 22:22, 22:24, 24:7 — each ahead a SECOND ENTRY, the compile's gain from naming the effect at its first seat): a BODY effect written on the condemned person at the exam's case (the false prophet put to death — the_prophets_death a parameter, stoning / strangling; the inciter stoned — 13:11's rite by CALL), never on the tape — 'purge the DOER of evils from Israel' (the Sifrei 86:10): the person removed, the evil with him; the homographs named, not counted — purge_deadline the leaven's timer, purge_commanded Jacob's removal of the foreign gods (Genesis 35:2); Onkelos 'ותפלי עביד דביש מבינך' (and you shall remove the doer of evil from among you)
PASS  [MOVE]  Deut 17:2-7; the Sifrei 148:6-8; covenant_at_horeb and obey_horeb by CALL — the_three_acts_and_the_associator
        ->  put_to_death       [body]  put to death — the court docket opens a capital entry (mode per the compiled law)
PASS  [MOVE]  Deut 17:2-7; THE WRITE idolater_inquiry_required; the Sifrei 149:1-2, 93:6, 190:7; seducers by CALL — the_seven_investigations
        ->  idolater_inquiry_required [status]  the idolater's inquiry required — the STATUS the line idolater_trial_declared writes on Israel: 'and it is told you AND YOU HEAR AND INQUIRE WELL, and behold it is true, the thing certain' (17:4) — 'well' 'well' the analogy with 13:15 at three verses (the Sifrei 149:1, 93:6, 190:7): THE SEVEN INVESTIGATIONS, the probes, the contradiction rule (149:2 — seducers' seven interrogations and congruence rule by CALL); condemned_city_inquiry_required 13:13's on Israel UNMOVED — the city's status, this the individual's
PASS  [MOVE]  Deut 17:2-7; the Sifrei 149:5-6 — the_three_exclusions
        ->  exempt             [status]  exempt — no entry opens; the ledger stays clean
PASS  [MOVE]  Deut 17:2-7; THE WRITE two_witnesses_required; the Sifrei 150:1, 190:3; refuge and ordinances by CALL — two_witnesses_for_every_death
        ->  two_witnesses_required [status]  two witnesses required — the STATUS the line idolater_trial_declared writes on Israel: 'BY THE MOUTH OF TWO WITNESSES OR THREE WITNESSES SHALL THE DEAD DIE' (17:6) — every capital case by the verse's repetition (the Sifrei 150:1); 'found' means witnesses (148:1 — 19:15's building from a father, ahead); men and not women (190:3 read whole — 'two' 'two' with 19:15); Numbers 35:30's bare plural two by the prototype (refuge's own row by CALL); the parser's [2, 3, 1] the reading's number verse
PASS  [MOVE]  Deut 17:2-7; THE WRITE one_witness_barred; the Sifrei 150:2-3; ordinances by CALL — one_witness_and_the_disciple_silent
        ->  one_witness_barred [block]  one witness barred — the BLOCK the line idolater_trial_declared writes on Israel: 'HE SHALL NOT DIE BY THE MOUTH OF ONE WITNESS' (17:6) — one witness argues no guilt, a disciple argues no guilt (the Sifrei 150:2-3 — the single witness barred from the prosecution's side; Mishnah Sanhedrin 5:4 by the English's note); acquit by one and convict by two, no execution without witnesses (ordinances' courts by CALL); Numbers 35:30's 'one witness shall not testify against a person to die' the twin (refuge by CALL)
PASS  [MOVE]  Deut 17:2-7; THE WRITE witnesses_hand_first_commanded; the Sifrei 149:7, 151:1-3, 306:9; seducers and mekoshesh by CALL — the_witnesses_hand_first
        ->  witnesses_hand_first_commanded [status]  the witnesses' hand first commanded — the STATUS the line idolater_trial_declared writes on Israel: 'THE HAND OF THE WITNESSES SHALL BE ON HIM FIRST to put him to death, and the hand of all the people afterward' (17:7) — a commandment on the witnesses to execute, any man's hand after (the Sifrei 151:1-2; 306:9 read whole — R. Benaiah's image); 13:10's 'your hand shall be on him first' the twin (seducers' hand-first by CALL); the stones from two verses — Leviticus 20:27's stone, here stones (149:7; mekoshesh's stones-and-a-stone by CALL — Mishnah Sanhedrin 6:4)
        ->  stoned             [body]  stoned — the death mode named in ink; for the ox, the beast's own docket entry
        ->  evil_purged_from_the_midst [body]  the evil purged from the midst — THE PURGE FORMULA'S FIRST SEAT OF NINE: 'AND YOU SHALL PURGE THE EVIL FROM YOUR MIDST' (13:6 — the nine seats all in the book: 13:6 the first, then 17:7, 17:12, 19:19, 21:21, 22:21, 22:22, 22:24, 24:7 — each ahead a SECOND ENTRY, the compile's gain from naming the effect at its first seat): a BODY effect written on the condemned person at the exam's case (the false prophet put to death — the_prophets_death a parameter, stoning / strangling; the inciter stoned — 13:11's rite by CALL), never on the tape — 'purge the DOER of evils from Israel' (the Sifrei 86:10): the person removed, the evil with him; the homographs named, not counted — purge_deadline the leaven's timer, purge_commanded Jacob's removal of the foreign gods (Genesis 35:2); Onkelos 'ותפלי עביד דביש מבינך' (and you shall remove the doer of evil from among you)
PASS  [MOVE]  Deut 17:8-13; the Sifrei 152:1-4; opening_speech by CALL — the_distinguished_judge_and_the_three_grades
        ->  accepted           [heaven]  accepted for him — the offering's acceptance state
PASS  [MOVE]  Deut 17:8-13; the Sifrei 152:5-10; exodus_story and ordinances by CALL — the_pairs
        ->  accepted           [heaven]  accepted for him — the offering's acceptance state
PASS  [MOVE]  Deut 17:8-13; the Sifrei 152:11-12, 152:15, 37:16, 317:2, 352:9; place_name by CALL — rise_at_once_in_court
        ->  accepted           [heaven]  accepted for him — the offering's acceptance state
PASS  [MOVE]  Deut 17:8-13; THE WRITE high_court_at_the_place_commanded; MISHNAH SANHEDRIN 11:2 — the exam row; the Sifrei 152:13-14; festivals_judges by CALL — the_three_courts
        ->  high_court_at_the_place_commanded [status]  the high court at the place commanded — the STATUS the line high_court_declared writes on Israel: 'when a matter is too hard for you in judgment … YOU SHALL RISE AND GO UP TO THE PLACE which the LORD your God will choose, and come to the priests the Levites and to the judge who shall be in those days' (17:8-9) — THE COURTS' SECOND DAEMON'S WRITE (16:18's daemon wrote judges_and_officers_commanded, the three tiers a parameter; the tiers' seats now THE THREE COURTS — the Temple Mount's entrance, the courtyard's entrance, the Chamber of Hewn Stone, the appeal's formula at each, 'from there Torah goes out to all Israel': the Sifrei 152:13-14, Mishnah Sanhedrin 11:2 the exam row); the distinguished judge (152:1), the three grades (152:2-4), the pairs (152:5-10), at once and in court and UP (152:11-12, 152:15 — 37:16, 317:2, 352:9 read whole), Yavneh included by 'come' (153:1), the priests a duty not a condition (153:2-3), the judge of those days (153:4); 1:17's hard matter by CALL (opening_speech), the sizes by CALL (exodus_story, ordinances), the place formula by CALL (place_name)
PASS  [MOVE]  Deut 17:8-13; the Sifrei 153:1-3, 154:1 — the_court_at_yavneh_and_the_priests
        ->  accepted           [heaven]  accepted for him — the offering's acceptance state
PASS  [MOVE]  Deut 17:8-13; the Sifrei 153:4-5 — the_judge_of_those_days
        ->  accepted           [heaven]  accepted for him — the offering's acceptance state
PASS  [MOVE]  Deut 17:8-13; THE WRITES sentence_binding_commanded, turning_from_the_word_barred; the Sifrei 154:2-5; obey_horeb by CALL — do_and_turn_not_right_or_left
        ->  sentence_binding_commanded [status]  the sentence binding commanded — the STATUS the line high_court_declared writes on Israel: 'AND YOU SHALL DO ACCORDING TO THE WORD which they tell you from that place … according to the law they teach you and according to the judgment they say to you, you shall do' (17:10-11) — a positive commandment (the Sifrei 154:3); for the ruling of the great court in Jerusalem they are liable to death, not for Yavneh's (154:1); for words of Torah, not of the scribes (154:2); the details of judgment the court's answer (153:5)
        ->  turning_from_the_word_barred [block]  the turning from the word barred — the BLOCK the line high_court_declared writes on Israel: 'YOU SHALL NOT TURN FROM THE WORD which they tell you, RIGHT OR LEFT' (17:11) — a negative commandment on the same act (the Sifrei 154:4 — the pair the compile's two effects); RIGHT THAT IS LEFT: even if they show you that right is left and left is right, obey them (154:5); 'right or left' spelled two ways in one chapter (17:11, 17:20 — the reading's assert); the rebel elder who acts against it (155:1-8 — the deed, presumptuously, from the court's own mouth; strangulation the unspecified death, 155:7) put to death — the case's body effect; 'and all the people shall hear and fear' israel_hears_and_fears 13:12's line the reference (the formula's second seat of four)
PASS  [MOVE]  Deut 17:8-13; the Sifrei 155:1-9; seducers by CALL — israel_hears_and_fears the tape's reference — the_rebel_elder
        ->  put_to_death       [body]  put to death — the court docket opens a capital entry (mode per the compiled law)
        ->  evil_purged_from_the_midst [body]  the evil purged from the midst — THE PURGE FORMULA'S FIRST SEAT OF NINE: 'AND YOU SHALL PURGE THE EVIL FROM YOUR MIDST' (13:6 — the nine seats all in the book: 13:6 the first, then 17:7, 17:12, 19:19, 21:21, 22:21, 22:22, 22:24, 24:7 — each ahead a SECOND ENTRY, the compile's gain from naming the effect at its first seat): a BODY effect written on the condemned person at the exam's case (the false prophet put to death — the_prophets_death a parameter, stoning / strangling; the inciter stoned — 13:11's rite by CALL), never on the tape — 'purge the DOER of evils from Israel' (the Sifrei 86:10): the person removed, the evil with him; the homographs named, not counted — purge_deadline the leaven's timer, purge_commanded Jacob's removal of the foreign gods (Genesis 35:2); Onkelos 'ותפלי עביד דביש מבינך' (and you shall remove the doer of evil from among you)
PASS  [MOVE]  Deut 17:14-20; the Sifrei 156:1-6 — two arms — the_disgrace_and_the_commandment
        ->  accepted           [heaven]  accepted for him — the offering's acceptance state
PASS  [MOVE]  Deut 17:14-20; THE WRITE king_from_the_brothers_commanded; the Sifrei 157:1-2, 157:7; pre_sinai and balak by CALL — set_you_shall_set
        ->  king_from_the_brothers_commanded [status]  the king from among the brothers commanded — the STATUS the line king_law_declared writes on Israel: 'SET, YOU SHALL SET A KING OVER YOU whom the LORD your God will choose; from among your brothers you shall set a king over you' (17:15) — a positive commandment (the Sifrei 157:7), if he died appoint another (157:1), a king and not a queen (157:2), by the mouth of a prophet (157:3 — F8's prophet the selector), from the land and a brother (157:4-5), that his awe be upon you (157:6 — Sanhedrin 2:5); a disgrace (R. Nehorai — 1 Samuel 8:7) and a commandment punished for its timing (R. Judah — 156:4-6): the condition 'when you come and say' a DATA row, NO KING ON THE TAPE until Samuel's day; kings_promised on jacob (Genesis 35:11 — a heaven entry) and the scepter of Genesis 49:10 the tape's references (pre_sinai's 'kings' at 17:6, 17:16; balak's Judah)
PASS  [MOVE]  Deut 17:14-20; the Sifrei 157:3 — chosen_by_a_prophet
        ->  accepted           [heaven]  accepted for him — the offering's acceptance state
PASS  [MOVE]  Deut 17:14-20; THE WRITE foreign_king_barred; MISHNAH SOTAH 7:8 — the exam row; the Sifrei 157:4-5, 157:8-10 — from_among_your_brothers_and_agrippas
        ->  foreign_king_barred [block]  the foreign king barred — the BLOCK the line king_law_declared writes on Israel: 'YOU MAY NOT SET OVER YOU A FOREIGNER who is not your brother' (17:15) — a negative commandment (the Sifrei 157:8), Onkelos 'you have no permission' (the book's four seats — the reading's assert); a man the community's provider, not a woman (157:9); AGRIPPAS WEEPING at this verse and all Israel's 'you are our brother, you are our brother' (157:10 — Mishnah Sotah 7:8 cited in the spine's Hebrew, the exam row read whole)
PASS  [MOVE]  Deut 17:14-20; MISHNAH SANHEDRIN 2:4 — the exam row; the Sifrei 157:6, 161:4 — the_awe_of_the_king
        ->  barred_from_it     [block]  barred — a person class may not eat of it; a block on the eater, not the offering
PASS  [MOVE]  Deut 17:14-20; THE WRITES horses_multiplying_barred, return_to_egypt_barred, wives_multiplying_barred, silver_and_gold_multiplying_barred; MISHNAH SANHEDRIN 2:4 — the exam row; the Sifrei 158:1-159:4; good_land by CALL — the_three_limits_for_himself
        ->  horses_multiplying_barred [block]  the multiplying of horses barred — the BLOCK the line king_law_declared writes on Israel: 'ONLY HE SHALL NOT MULTIPLY HORSES FOR HIMSELF' (17:16) — 'for himself' not, for his chariots and horsemen he may (the Sifrei 158:1 — Mishnah Sanhedrin 2:4: enough for his chariot); the singular 'horse' the idle beast (158:2); ONE IDLE HORSE enough to return the people to Egypt (158:3); the a fortiori to every land (158:4 — I1); Solomon's horses the run's future case (1 Kings 10:26-29)
        ->  return_to_egypt_barred [block]  the return to Egypt barred — the BLOCK the line king_law_declared writes on Israel: 'NOR RETURN THE PEOPLE TO EGYPT in order to multiply horse, since the LORD said to you: you shall not return that way again' (17:16) — even one idle horse returns the people (the Sifrei 158:3); 'since the LORD said to you' A RECEIPT whose referent is behind — Exodus 14:13's 'you shall not see them again for ever' (Sukkah 51b's reading, not read; the tape's Exodus 14 scene carries the verse inside its lines — no own line at 14:13, a run citation by scene); Deuteronomy 28:68's 'the way of which I said to you, you shall see it no more' ahead; returned_to_egypt on the-sons (Genesis 50:14 — Joseph's return) the homograph on the tape, named not counted
        ->  wives_multiplying_barred [block]  the multiplying of wives barred — the BLOCK the line king_law_declared writes on Israel: 'AND HE SHALL NOT MULTIPLY WIVES FOR HIMSELF, that his heart turn not' (17:17) — but EIGHTEEN (the Sifrei 159:1 — Mishnah Sanhedrin 2:4 cited in the spine's Hebrew: David's wives the count's ground); R. Judah: he may multiply provided they do not turn his heart; R. Simeon: even one who turns his heart he shall not marry, and 'he shall not multiply' even Abigail and her companions (159:2-3): THREE ARMS on the Mishnah's own line, a PARAMETER; Solomon's wives the run's future case (1 Kings 11:1-4)
        ->  silver_and_gold_multiplying_barred [block]  the multiplying of silver and gold barred — the BLOCK the line king_law_declared writes on Israel: 'AND SILVER AND GOLD HE SHALL NOT MULTIPLY GREATLY for himself' (17:17) — 'for himself' not, for the army he may (the Sifrei 159:4 — Mishnah Sanhedrin 2:4: enough for the soldiers' pay); DAVID KEPT IT (1 Chronicles 22:14) AND SOLOMON CHANGED IT — 'he made silver in Jerusalem as stones' (1 Kings 10:27 — the run's future case); 8:13's 'your silver and gold shall multiply' the twin (good_land's own row names 17:17 — by CALL)
PASS  [MOVE]  Deut 17:14-20; THE WRITE law_copy_commanded; MISHNAH SANHEDRIN 2:4 — the exam row; the Sifrei 160:1-8, 161:1-2 — the_copy_of_the_law
        ->  law_copy_commanded [status]  the copy of the law commanded — the STATUS the line king_law_declared writes on Israel: 'and when he sits on the throne of his kingdom, HE SHALL WRITE FOR HIMSELF A COPY OF THIS LAW ON A BOOK from before the priests the Levites; and it shall be with him and he shall read in it all the days of his life' (17:18-19) — worthy of the throne when he does all (the Sifrei 160:1); for his own name, never his fathers' (160:2); the whole Torah, the book's name for the change of script and the assembly's reading (160:3-4); on a scroll, not a tablet nor paper, of a clean beast's skin, CORRECTED FROM THE COURTYARD'S SCROLL BY THE SEVENTY-ONE (160:5-7); R. Elazar ben Arakh's prophecy of forgetting (160:8); with him going out, coming in, in judgment and at table (161:1 — Mishnah Sanhedrin 2:4), the nights too by 'all' (161:2 — Berakhot 1:5's move); the king's own ledger a FUTURE entity's
PASS  [MOVE]  Deut 17:14-20; THE WRITE heart_lifting_barred; the Sifrei 161:3, 161:5, 162:1-5; good_land by CALL — the_circle_of_learning_and_the_heart
        ->  heart_lifting_barred [block]  the lifting of the heart barred — the BLOCK the line king_law_declared writes on Israel: 'THAT HIS HEART BE NOT LIFTED ABOVE HIS BROTHERS, and that he turn not from the commandment right or left, that he may prolong days over his kingdom, he and his sons, in the midst of Israel' (17:20) — and not above the consecrated (the Sifrei 162:1); the archaic 'lest' in the sages' Hebrew (162:2); the days conditioned (162:3 — 160:1's trope); the son stands in his place for every office (162:4); Solomon's unasked riches against the conditioned days (162:5 — 1 Kings 3:13-14); THE CIRCLE OF LEARNING from fear to Scripture to translation to Mishnah to Talmud to deed to fear (161:3); 8:14's 'and your heart be lifted up' the twin (good_land's own row names 17:20 — by CALL; the arrogant as an idolater, Sotah 4b)
PASS  [MOVE]  Deut 18:1-5; the Sifrei 163:1-3, 164:1-3; korach and second_tablets by CALL — the receipt behind — no_portion_no_inheritance
        ->  barred_from_it     [block]  barred — a person class may not eat of it; a block on the eater, not the offering
PASS  [MOVE]  Deut 18:1-5; the Sifrei 163:4; korach by CALL — the_fire_offerings_and_the_boundarys_holy_things
        ->  accepted           [heaven]  accepted for him — the offering's acceptance state
PASS  [MOVE]  Deut 18:1-5; the Sifrei 165:1-3; korach by CALL — the_due_exacted_by_judges
        ->  exempt             [status]  exempt — no entry opens; the ledger stays clean
PASS  [MOVE]  Deut 18:1-5; THE WRITE shoulder_cheeks_maw_owed; MISHNAH CHULLIN 10:4 — the exam row; the Sifrei 165:4-5, 71:9 — the_claim_at_the_slaughter_and_the_proselytes_cow
        ->  shoulder_cheeks_maw_owed [status]  the shoulder, the cheeks and the maw owed — the STATUS the line priests_dues_declared writes on Israel: 'AND THIS SHALL BE THE DUE OF THE PRIESTS from the people, from those who slaughter the slaughter, whether ox or sheep: HE SHALL GIVE THE PRIEST THE SHOULDER AND THE CHEEKS AND THE MAW' (18:3) — the gifts exacted by judges (the Sifrei 165:1); on the common animal, not the consecrated (165:2 — the breast and thigh the consecrated's, korach by CALL); from the people, not from others nor the priests (165:3); the torn excluded (165:4); THE CLAIM BORN AT THE SLAUGHTER'S INSTANT — the proselyte's cow, the burden of proof on the claimant (165:5 — Mishnah Chullin 10:4 cited in the spine's Hebrew, the exam row read whole: the foreleg to the shoulder-blade, the jaw to the windpipe's ring); in and outside the land decided by the verse (165:6-9); to the priest himself (165:10); the right shoulder, the lower cheek, the maw as it sounds (165:11-13); Phinehas's three by the shared consonants (165:14 — a DATA row); the deer exempt (71:9 read whole)
PASS  [MOVE]  Deut 18:1-5; the Sifrei 165:6-9 — in_and_outside_the_land
        ->  accepted           [heaven]  accepted for him — the offering's acceptance state
PASS  [MOVE]  Deut 18:1-5; the Sifrei 165:10-14 — the_three_gifts_named
        ->  barred_from_it     [block]  barred — a person class may not eat of it; a block on the eater, not the offering
PASS  [MOVE]  Deut 18:1-5; THE WRITE first_fleece_owed; MISHNAH CHULLIN 11:2 — the exam row; the Sifrei 166:1-9; korach by CALL — the_first_fruits_and_the_fleece
        ->  first_fleece_owed  [status]  the first of the fleece owed — the STATUS the line priests_dues_declared writes on Israel: 'THE FIRST OF YOUR GRAIN, YOUR WINE AND YOUR OIL, AND THE FIRST OF THE FLEECE OF YOUR FLOCK YOU SHALL GIVE HIM' (18:4) — only from the choicest, kind for kind (the Sifrei 166:1 — the grain, wine and oil Numbers 18:12's grant by CALL to korach); the fleece not the washed-off, not the torn, everywhere (166:2-4); 'your flock' and not others' — the gentile's flock exempt, the seller who kept some liable else the buyer (166:5 — Mishnah Chullin 11:2 cited in the spine's Hebrew); 'you shall give him' enough for a gift — five selas in Judea, ten in Galilee, whitened not dyed, enough for a small garment (166:6 — 'ibid.'); TWO EWES (Shammai — Isaiah 7:21) OR FIVE (Hillel — 1 Samuel 25:18; 166:7-8); R. AKIVA'S FIVE counted out of the verse's own words (166:9): the threshold and the measure PARAMETERS with both houses' arms
PASS  [MOVE]  Deut 18:1-5; THE WRITE priests_standing_chosen; the Sifrei 167:1-2; second_tablets by CALL — chosen_to_stand
        ->  priests_standing_chosen [status]  the priests chosen to stand — the STATUS the line priests_dues_declared writes on Israel: 'FOR THE LORD YOUR GOD CHOSE HIM OF ALL YOUR TRIBES TO STAND AND MINISTER in the name of the LORD, he and his sons all the days' (18:5) — service valid only standing; if he sat and served, his service is invalid (the Sifrei 167:1 = 155:5 — Mishnah Zevachim 2:1's seated among the disqualified); he and his sons all the days — in and outside the land (167:2); 10:8's 'to stand before the LORD to minister to Him' the twin (second_tablets by CALL); priestly_dues_granted ONE on aaron (Numbers 18:8's line) the tape's reference
PASS  [MOVE]  Deut 18:6-8; the Sifrei 168:1-2, 208:1; place_name by CALL — the_levite_who_is_a_priest
        ->  barred_from_it     [block]  barred — a person class may not eat of it; a block on the eater, not the offering
PASS  [MOVE]  Deut 18:6-8; THE WRITE levite_service_at_the_place_permitted; the Sifrei 168:3-4; korach by CALL — all_the_desire_of_his_soul
        ->  levite_service_at_the_place_permitted [status]  the Levite's service at the place permitted — the STATUS the line levite_at_the_place_declared writes on Israel: 'AND WHEN THE LEVITE COMES FROM ONE OF YOUR GATES, from all Israel where he sojourns, and comes with all the desire of his soul to the place which the LORD will choose, HE SHALL MINISTER IN THE NAME OF THE LORD HIS GOD like all his brothers the Levites who stand there before the LORD' (18:6-7) — THE LEVITE HERE IS A PRIEST: those who took no gates elsewhere, one fit to minister (the Sifrei 168:1 — 208:1 the same at 21:5); from all the places of their dwellings (168:2); a priest lifts his hands at a watch not his own (168:3); THE WATCHES EQUAL only in the festival's own offerings, 'one of your gates' read as one gate for all Israel at the three feasts (168:4); ON THE FLOOR — the seated, the one on vessels, on a beast, on his fellow's feet invalid (169:1 — Mishnah Zevachim 2:1 cited in the spine's Hebrew, the exam row read whole); the watches' places and lots by CALL (korach); 12:12's Levite within your gates by CALL (place_name — levite_forsaking_barred UNMOVED)
PASS  [MOVE]  Deut 18:6-8; MISHNAH ZEVACHIM 2:1 — the exam row; the Sifrei 169:1 — on_the_floor
        ->  barred_from_it     [block]  barred — a person class may not eat of it; a block on the eater, not the offering
PASS  [MOVE]  Deut 18:6-8; THE WRITE equal_portions_commanded; MISHNAH SUKKAH 5:7 — the exam row; the Sifrei 169:2 — portion_as_portion
        ->  equal_portions_commanded [status]  equal portions commanded — the STATUS the line levite_at_the_place_declared writes on Israel: 'PORTION AS PORTION THEY SHALL EAT, besides his sales according to the fathers' (18:8) — a portion to eat, a portion to serve: the portion of eating as the portion of service (the Sifrei 169:2 — Mishnah Sukkah 5:7 cited in the spine's Hebrew: at three times in the year all the watches equal in the festival's limbs and the showbread's division; the exam row read whole); the festival's offerings that do not come because of the festival the fixed watch's (169:3); THE FATHERS' BARTER — 'you your Sabbath and I my Sabbath' — and ONKELOS WRITES IT INTO THE VERSE ('the watch that comes on the Sabbath, as the fathers ordained' — the reading's assert): a DATA row
PASS  [MOVE]  Deut 18:6-8; the Sifrei 169:3; Onkelos 18:8 — the_fathers_barter
        ->  barred_from_it     [block]  barred — a person class may not eat of it; a block on the eater, not the offering
PASS  [MOVE]  Deut 18:9-14; THE WRITE abominations_learning_barred; the Sifrei 170:1-3; place_name and seven_nations by CALL — learn_to_understand_not_to_do
        ->  abominations_learning_barred [block]  the learning of the abominations barred — the BLOCK the line diviners_barred writes on Israel: 'when you come into the land which the LORD your God gives you, YOU SHALL NOT LEARN TO DO THE ABOMINATIONS OF THOSE NATIONS' (18:9) — the entry formula (the Sifrei 170:1 — 156:1, 174:1 the same); 'to do' you may not learn, but you may learn to teach and understand (170:3 — THE CODE/DATA LAW'S OWN WARRANT: the diviners' arts read as data); 12:30-31's inquiry after their gods by CALL (place_name — foreign_rite_inquiry_barred UNMOVED); 7:25-26's abomination by CALL (seven_nations)
PASS  [MOVE]  Deut 18:9-14; THE WRITE passing_through_fire_barred; MISHNAH SANHEDRIN 7:7 — the exam row; the Sifrei 171:1-3; sanctions and place_name by CALL — the_court_warned_and_fire_with_molech
        ->  passing_through_fire_barred [block]  the passing through the fire barred — the BLOCK the line diviners_barred writes on Israel: 'THERE SHALL NOT BE FOUND AMONG YOU ONE WHO PASSES HIS SON OR HIS DAUGHTER THROUGH THE FIRE' (18:10) — 'found' warns the court (the Sifrei 171:1); the grandchildren from Leviticus 20:4 (171:2); FIRE AND MOLECH JOINED BY THE SHARED WORD 'passing' — not liable until he hands over AND passes through fire to Molech (171:3 — Mishnah Sanhedrin 7:7 the exam row read whole); the Aramean woman and the son hostile to the Place (171:6 reread — the calf cut in two, Jeremiah 34:18); Leviticus 20:2-5's Molech by CALL (sanctions — the seed's scope, the people of the land stone him); 12:31's sons and daughters in the fire by CALL (place_name)
PASS  [MOVE]  Deut 18:9-14; THE WRITES diviner_barred, augur_barred; the Sifrei 171:4-5, 171:9-10; balak by CALL — the_diviner_and_the_augur
        ->  diviner_barred     [block]  the diviner barred — the BLOCK the line diviners_barred writes on Israel: 'A DIVINER OF DIVINATIONS' (18:10) — one who divines much and one who divines little alike, liable for each divination (the Sifrei 171:4 — the doubled noun); one who holds his staff and says 'shall I go or not go?' — Hosea 4:12 (171:5); Numbers 23:23's 'no divination in Jacob' the diviner's word by CALL (balak); the diviners hearkened to by the nations (18:14 — 174:2: the Torah the oracle Israel was given)
        ->  augur_barred       [block]  the augur barred — the BLOCK the line diviners_barred writes on Israel: 'AN AUGUR' (18:10 — the omen-reader) — one who says 'my bread fell from my mouth, my staff from my hand, a snake passed on my right, a fox on my left, a deer cut the road before me' (the Sifrei 171:9); 'do not begin with me — it is morning, it is the new moon, it is the Sabbath's end' (171:10 — the calendar's three omens); Leviticus 19:26's 'nor practice augury' the warning's twin
PASS  [MOVE]  Deut 18:9-14; the Sifrei 171:6 (reread) — the_aramean_woman
        ->  accepted           [heaven]  accepted for him — the offering's acceptance state
PASS  [MOVE]  Deut 18:9-14; THE WRITE soothsayer_barred; the Sifrei 171:7-8 — three arms — the_soothsayer_three_ways
        ->  soothsayer_barred  [block]  the soothsayer barred — the BLOCK the line diviners_barred writes on Israel: 'A SOOTHSAYER' (18:10) — R. Ishmael: one who passes over the eye; R. Akiva: the givers of times ('the eve of the seventh years is fit for wheat'); the sages: the holders of the eyes (the Sifrei 171:7-8 — THREE ARMS by the word's two roots, a DATA row); Leviticus 19:26's 'you shall not practice soothsaying' the warning's twin
PASS  [MOVE]  Deut 18:9-14; THE WRITE sorcerer_barred; the Sifrei 171:11; ordinances by CALL — the_sorcerers_deed
        ->  sorcerer_barred    [block]  the sorcerer barred — the BLOCK the line diviners_barred writes on Israel: 'A SORCERER' (18:10) — one who does a deed, not one who holds the eyes: R. Akiva in R. Joshua's name, TWO GATHER CUCUMBERS — one gathers and is exempt, one gathers and is liable; the doer of a deed is liable, the holder of the eyes exempt (the Sifrei 171:11 — THE DEED AGAINST THE ILLUSION); Exodus 22:17's 'a sorceress you shall not let live' the punishment, this the warning (the Mekhilta — ordinances' capital by CALL: man and woman alike, stoning, the doer liable)
        ->  exempt             [status]  exempt — no entry opens; the ledger stays clean
PASS  [MOVE]  Deut 18:9-14; THE WRITES charmer_barred, ghost_consulting_barred, familiar_spirit_barred, necromancer_barred; MISHNAH SANHEDRIN 7:7 — the exam row; the Sifrei 172:1-5; sanctions and holiness_b by CALL — the_charmer_the_ghost_the_spirit_the_dead
        ->  charmer_barred     [block]  the charmer barred — the BLOCK the line diviners_barred writes on Israel: 'A CHARMER OF CHARMS' (18:11) — one who charms much and one who charms little alike; one who charms the snake and the scorpion alike (the Sifrei 172:1 — the doubled noun as 171:4's)
        ->  ghost_consulting_barred [block]  the consulting of a ghost barred — the BLOCK the line diviners_barred writes on Israel: 'ONE WHO ASKS A GHOST' (18:11) — this is the python who speaks from his armpit (the Sifrei 172:2 — MISHNAH SANHEDRIN 7:7 CITED IN THE HEBREW ITSELF, the exam row read whole); they themselves are stoned, and the one who asks them is under a warning (172:4 — the two penalties); Leviticus 19:31's 'turn not to the ghost-pits' the warning and 20:27's stoning the punishment by CALL (holiness_b, sanctions — the bearer stoned, the consulter warned)
        ->  familiar_spirit_barred [block]  the familiar spirit barred — the BLOCK the line diviners_barred writes on Israel: 'OR A FAMILIAR SPIRIT' (18:11) — one who speaks with his mouth (the Sifrei 172:3 — Sanhedrin 7:7's second definition); Onkelos 'zekhuru' one seat (the reading's assert); stoned, the asker warned (172:4); Leviticus 20:27's pair by CALL (sanctions, holiness_b)
        ->  necromancer_barred [block]  the necromancer barred — the BLOCK the line diviners_barred writes on Israel: 'OR ONE WHO INQUIRES OF THE DEAD' (18:11) — one who raises by his member and one who asks a skull alike; the raiser does not rise in its way and is not asked on the Sabbath, the skull rises in its way and is asked on the Sabbath (the Sifrei 172:5 — the two forms a DATA row)
        ->  stoned             [body]  stoned — the death mode named in ink; for the ox, the beast's own docket entry
PASS  [MOVE]  Deut 18:9-14; THE WRITE wholeness_commanded; the Sifrei 173:1-4, 174:1-2; pre_sinai by CALL — one_of_them_and_whole
        ->  wholeness_commanded [status]  wholeness commanded — the STATUS the line diviners_barred writes on Israel: 'WHOLE SHALL YOU BE WITH THE LORD YOUR GOD' (18:13) — one of the nine enough for liability (the Sifrei 173:1); the Canaanites warned (R. Simeon), R. Eliezer's pity (173:2); WHOLE AS INNOCENT — when you are whole your portion is with the LORD, David's 'I walk in my wholeness' (173:3 — Onkelos 'in the fear of the LORD'); conditioned on the whole passage (173:4 — 156:1's trope); Genesis 17:1's 'walk before Me and be whole' the twin (pre_sinai's own cell lists Deut 18:13 — by CALL: not whole until circumcised; wholeness_owed ONE on abraham, a DEBIT, the tape's reference)
PASS  [MOVE]  Deut 18:15-22; THE WRITE prophet_like_moses_promised; the Sifrei 175:1 — from_your_midst_of_your_brothers
        ->  prophet_like_moses_promised [heaven]  a prophet like Moses promised — the HEAVEN entry the line prophet_law_declared writes on Israel: 'A PROPHET FROM YOUR MIDST, OF YOUR BROTHERS, LIKE ME, THE LORD YOUR GOD WILL RAISE UP FOR YOU' (18:15), 'a prophet I will raise up for them from among their brothers like you, and I will put My words in his mouth' (18:18) — from the land, a brother, for you and not for the nations (the Sifrei 175:1 — Jeremiah 1:5 resolved); by this they merited prophets (176:1-2 — Horeb's request the cause); My words in his mouth but not face to face (176:3 — Numbers 12:8's Moses the contrast; Onkelos 'the words of My prophecy'); the LORD's own undertaking like kings_promised on jacob; prophet_declared ONE on abraham (Genesis 20:7) the tape's reference; the king chosen by the mouth of a prophet (157:3 — F4's selector)
PASS  [MOVE]  Deut 18:15-22; THE WRITE prophet_hearkening_commanded; the Sifrei 175:2; seducers by CALL — hear_him_even_for_the_hour
        ->  prophet_hearkening_commanded [status]  the hearkening to the prophet commanded — the STATUS the line prophet_law_declared writes on Israel: 'TO HIM YOU SHALL HEARKEN' (18:15) — even if he tells you to transgress one of the commandments, like Elijah on Mount Carmel, for the hour — obey him (the Sifrei 175:2; Onkelos 'you shall accept'); chapter 13's Elijah-at-Carmel and established-prophet rows by CALL (seducers); the prophet's order — first things first, no interpreter (176:4-5 — a DATA row)
PASS  [MOVE]  Deut 18:15-22; the Sifrei 176:1-2; covenant_at_horeb and obey_horeb by CALL — the tape's Deuteronomy 5 lines — horebs_request_the_cause
        ->  accepted           [heaven]  accepted for him — the offering's acceptance state
PASS  [MOVE]  Deut 18:15-22; the Sifrei 176:3-5; balak by CALL — my_words_in_his_mouth
        ->  barred_from_it     [block]  barred — a person class may not eat of it; a block on the eater, not the offering
PASS  [MOVE]  Deut 18:15-22; THE WRITE word_required_of_the_hearer; the Sifrei 177:1, 178:1; seducers by CALL — the_six_deaths
        ->  word_required_of_the_hearer [heaven]  the word required of the hearer — the HEAVEN entry the line prophet_law_declared writes on Israel: 'AND THE MAN WHO DOES NOT HEARKEN TO MY WORDS which he speaks in My name, I WILL REQUIRE IT OF HIM' (18:19) — THREE DIE BY HEAVEN'S HAND: who suppresses his prophecy like Jonah, who waives a prophet's words like Micah's fellow, a prophet who transgresses his own words like Iddo (the Sifrei 177:1; Onkelos 'My Memra will require of him' — the reading's assert); the three by the court from 18:20 the case's verdict, not this entry
        ->  put_to_death       [body]  put to death — the court docket opens a capital entry (mode per the compiled law)
PASS  [MOVE]  Deut 18:15-22; seducers by CALL — 13:2-6's cells — the_false_prophets_kin
        ->  put_to_death       [body]  put to death — the court docket opens a capital entry (mode per the compiled law)
        ->  evil_purged_from_the_midst [body]  the evil purged from the midst — THE PURGE FORMULA'S FIRST SEAT OF NINE: 'AND YOU SHALL PURGE THE EVIL FROM YOUR MIDST' (13:6 — the nine seats all in the book: 13:6 the first, then 17:7, 17:12, 19:19, 21:21, 22:21, 22:22, 22:24, 24:7 — each ahead a SECOND ENTRY, the compile's gain from naming the effect at its first seat): a BODY effect written on the condemned person at the exam's case (the false prophet put to death — the_prophets_death a parameter, stoning / strangling; the inciter stoned — 13:11's rite by CALL), never on the tape — 'purge the DOER of evils from Israel' (the Sifrei 86:10): the person removed, the evil with him; the homographs named, not counted — purge_deadline the leaven's timer, purge_commanded Jacob's removal of the foreign gods (Genesis 35:2); Onkelos 'ותפלי עביד דביש מבינך' (and you shall remove the doer of evil from among you)
PASS  [MOVE]  Deut 18:15-22; THE WRITE false_word_test_declared; the Sifrei 178:2 — the_test_by_the_event
        ->  false_word_test_declared [status]  the false word's test declared — the STATUS the line prophet_law_declared writes on Israel: 'and if you say in your heart, how shall we know the word which the LORD has not spoken? What the prophet speaks in the name of the LORD AND THE THING DOES NOT COME TO PASS — that is the word the LORD has not spoken; presumptuously the prophet spoke it' (18:21-22) — 'you will say it': Jeremiah's 'the vessels go to Babylon' against Hananiah's 'the vessels return' — whom shall I heed? THE TEST BY THE EVENT (the Sifrei 178:2 — Jeremiah 27-28); presumptuously, not in error (178:2 with 155:3 — the noun's two Torah seats 17:12 and 18:22, the reading's assert); THE PROPHET WHO PRESUMES shall die — strangulation, the unspecified death (178:1 = 155:7): three by the court — who prophesies what he did not hear, what was not said to him, in the name of an idol (177:1); the six deaths a PARAMETER; A LAW WHOSE VERDICT WAITS ON THE TAPE'S FUTURE — the rule compiled now, its exercise the readback's own question when the Prophets are on the tape (THE_LOOP step 6; the debt line)
PASS  [MOVE]  Deut 18:15-22; THE WRITE false_prophet_fear_barred; the Sifrei 178:3, 150:2 — no_fear_in_prosecuting
        ->  false_prophet_fear_barred [block]  the fear of the false prophet barred — the BLOCK the line prophet_law_declared writes on Israel: 'YOU SHALL NOT FEAR HIM' (18:22) — do not hold yourself back from arguing his guilt (the Sifrei 178:3 — the witness's duty, 150:2's rule inverted: one witness argues no guilt, the false prophet's witness must); 'you shall not fear' at one seat in this form (the reading's assert); false_prophet_hearing_barred 13:2's block on Israel the reference (seducers by CALL)
PASS  [DATA]  Deut 17:1-18:22 (the readback table); the readback table — forty-two rows — the_table
        ->  accepted           [heaven]  accepted for him — the offering's acceptance state
PASS  [DATA]  Deut 17:1-18:22 (the readback table); the eight SUPPLIED rows — the_supplied_rows
        ->  accepted           [heaven]  accepted for him — the offering's acceptance state
PASS  [DATA]  Deut 17:1-18:22 (the readback table); the tape's lines by kind and first verse — the_reference_rows
        ->  accepted           [heaven]  accepted for him — the offering's acceptance state
PASS  [DATA]  Deut 17:1-18:22 (the readback table); the two receipts behind — the_receipts
        ->  accepted           [heaven]  accepted for him — the offering's acceptance state
PASS  [DATA]  Deut 17:1-18:22 (the readback table); the forms on file — no_pointer_no_state_no_open
        ->  accepted           [heaven]  accepted for him — the offering's acceptance state
PASS  [DATA]  Deut 17:1-18:22 (the readback table); the reading's kin asserts (DI4) — the_twin_diffed
        ->  accepted           [heaven]  accepted for him — the offering's acceptance state
PASS  [DATA]  Deut 17:1-18:22 (the readback table); no narrative verb — no_retrograde_row
        ->  accepted           [heaven]  accepted for him — the offering's acceptance state

MATRIX: 66/66 cells match the answer sheet
FRACTIONS: pure ink 0/66 (0%) · named moves 59/66 (89%) · data 7/66 (11%) · hypotheses 0/66 (the H class, counted apart — never as compiled)
LEDGER OPS this span writes: block x30, body x11, heaven x22, status x19
THE INK: the number verses {(17, 2): [1], (17, 6): [2, 3, 1]} (no ordinal, no starred token; 18:6's one behind its prefix unread); the negations {(17, 1): ['לא'], (17, 3): ['לא'], (17, 6): ['לא'], (17, 11): ['לא'], (17, 13): ['ולא'], (17, 15): ['לא', 'לא'], (17, 16): ['לא', 'ולא', 'לא'], (17, 17): ['ולא', 'ולא', 'לא'], (18, 1): ['לא'], (18, 2): ['לא'], (18, 9): ['לא'], (18, 10): ['לא'], (18, 14): ['לא'], (18, 16): ['לא', 'לא', 'ולא'], (18, 19): ['לא'], (18, 20): ['לא'], (18, 21): ['לא'], (18, 22): ['ולא', 'ולא', 'לא', 'לא']}; the Name 28 bare tokens; the tokens {17: 368, 18: 304}
THE READBACK — THE FORMS ON FILE, NO NEW FORM: 42 rows — {'SUPPLIED': 12, 'VARIANT': 22, 'EXPANDED': 5, 'VERBATIM': 2, 'SHORTENED': 1}; on the tape 11, in the kin's cells by CALL 42 (every cell found True); the SUPPLIED rows ['Deut 17:1', 'Deut 17:2', 'Deut 17:8', 'Deut 17:10', 'Deut 17:14', 'Deut 18:1', 'Deut 18:3', 'Deut 18:6', 'Deut 18:8', 'Deut 18:9', 'Deut 18:15', 'Deut 18:21']; the rows with writes [('Deut 17:1', 'blemished_offering_barred'), ('Deut 17:2', 'idolater_inquiry_required'), ('Deut 17:4', 'idolater_inquiry_required'), ('Deut 17:6', 'two_witnesses_required'), ('Deut 17:7', 'witnesses_hand_first_commanded'), ('Deut 17:8', 'high_court_at_the_place_commanded'), ('Deut 17:10', 'sentence_binding_commanded'), ('Deut 17:11', 'turning_from_the_word_barred'), ('Deut 17:14', 'king_from_the_brothers_commanded'), ('Deut 17:15', 'foreign_king_barred'), ('Deut 17:16', 'horses_multiplying_barred'), ('Deut 17:17', 'wives_multiplying_barred'), ('Deut 17:18', 'law_copy_commanded'), ('Deut 17:20', 'heart_lifting_barred'), ('Deut 18:1', 'shoulder_cheeks_maw_owed'), ('Deut 18:3', 'shoulder_cheeks_maw_owed'), ('Deut 18:4', 'first_fleece_owed'), ('Deut 18:5', 'priests_standing_chosen'), ('Deut 18:6', 'levite_service_at_the_place_permitted'), ('Deut 18:7', 'levite_service_at_the_place_permitted'), ('Deut 18:8', 'equal_portions_commanded'), ('Deut 18:9', 'abominations_learning_barred'), ('Deut 18:10', 'passing_through_fire_barred'), ('Deut 18:11', 'charmer_barred'), ('Deut 18:13', 'wholeness_commanded'), ('Deut 18:15', 'prophet_like_moses_promised'), ('Deut 18:19', 'word_required_of_the_hearer'), ('Deut 18:22', 'false_word_test_declared')]; the pointer rows []; the state rows []; the OPEN rows []; the holes 0
THE COUNTER AND THE PARAMETERS: {'counter': (40, 11, 1), 'no_marker': True, 'no_clock_datum': True}; the thirty 33 (in the registry 0, in DATA 33)
THE SCANS on the one database: the thirty-seven on Israel []; hears-and-fears ['israel_people']; the false prophet ['israel_people']; the inheritance ['aaron', 'the_levites']; the kings ['jacob']; the prophet ['abraham']; the wholeness ['abraham']; the courts ['israel_people']; the judges ['the_court']; the bribe ['israel_people']; stoned ['the_blasphemer', 'the_wood_gatherer']; put to death 7; purged []
THE CALLEES: SE ['put_to_death', 'evil_purged_from_the_midst']; FJ ['accepted']; OP the court of three (Mish; ES (71, 23); OR merit_by_one_liability_by_two; SA the_pitom_speaking_from_the_armpit; HB stoning; PR included; RF ['barred_from_it']; KO 24; ST to stand before the LORD; PN ['place_chosen_required']; SN ['accepted']; CH ['accepted']; OH ['accepted']; RG two_by_the_prototype; MK both verses fulfilled: t; GL {'silver_and_gold': "8:1; BK ['word_put_in_mouth']; PS_ Deut 18:13
THE EXAM (lean): the eight Mishnah rows ['Sanhedrin 11:2', 'Sotah 7:8', 'Sanhedrin 2:4', 'Chullin 10:4', 'Chullin 11:2', 'Zevachim 2:1', 'Sukkah 5:7', 'Sanhedrin 7:7']; segments read 0
THE NARRATIVE: (37, 0, 1, (11, 1), 0, 0, 0, 0) (the thirty-seven on Israel ['blemished_offering_barred', 'idolater_inquiry_required', 'two_witnesses_required', 'one_witness_barred', 'witnesses_hand_first_commanded', 'high_court_at_the_place_commanded', 'sentence_binding_commanded', 'turning_from_the_word_barred', 'king_from_the_brothers_commanded', 'foreign_king_barred', 'horses_multiplying_barred', 'return_to_egypt_barred', 'wives_multiplying_barred', 'silver_and_gold_multiplying_barred', 'law_copy_commanded', 'heart_lifting_barred', 'shoulder_cheeks_maw_owed', 'first_fleece_owed', 'priests_standing_chosen', 'levite_service_at_the_place_permitted', 'equal_portions_commanded', 'abominations_learning_barred', 'passing_through_fire_barred', 'diviner_barred', 'soothsayer_barred', 'augur_barred', 'sorcerer_barred', 'charmer_barred', 'ghost_consulting_barred', 'familiar_spirit_barred', 'necromancer_barred', 'wholeness_commanded', 'prophet_like_moses_promised', 'prophet_hearkening_commanded', 'word_required_of_the_hearer', 'false_word_test_declared', 'false_prophet_fear_barred'])
THE PARAMETER ROWS: the_readback = 42 rows, 0 holes, 0 open rows; the_counter_and_the_parameters = {'counter': (40, 11, 1), 'no_marker': True, 'no_clock_datum': True}; the_twin_diffed = {'17:1 vs 15:21': 6, '17:4 vs 13:15': 9, '17:6 vs 19:15': 6, '17:7 vs 13:10': 7, '17:8 vs 1:17': 2, '17:11 vs 17:20': 1, '17:13 vs 13:12': 3, '17:17 vs 8:13': 3, '17:20 vs 8:14': 0, '18:2 vs 10:9': 8, '18:2 vs Num 18:20': 2, '18:5 vs 10:8': 3, '18:10 vs Lev 20:2': 0, '18:11 vs Lev 20:27': 1, '18:13 vs Gen 17:1': 1, '18:16 vs 5:25': 5, '18:17 vs 5:28': 5, '18:19 vs 13:4': 3, '18:22 vs 13:2': 0}; the_parsers_two_verses = {'deut_17_2': [1], 'deut_17_6': [2, 3, 1], 'the_ordinals': {}, 'the_marks': {}, 'deut_18_6_unread': "the number word behind its prefix — not read (the reading's assert)"} (the other settings recorded in DATA — 44 rows)

THE COMPILE OF CHAPTERS 17-18 (LEAN): the answer sheet REPRODUCED — 66/66
