guard: 94 expectations checked, every one a literal from the answer sheet [honest-pairing guard satisfied]
probes: 37/37 fired (the ink scan is trusted; the whole-Tanakh census holds 23213 verses)
censuses: gods of silver [('Exod', 20, 23)] · altar of earth [('Exod', 20, 24)] · in every place [('Exod', 20, 24)] · hewn (Torah) [('Exod', 20, 25)] · by steps [('Exod', 20, 26)] · sorceress [('Exod', 22, 17)] · "shall not live" 3 seats · devoted 4 · wrong / oppress each [('Exod', 22, 20), ('Exod', 22, 20)] · "you were strangers" 4 seats · widow and orphan [('Exod', 22, 21), ('Mal', 3, 5)] · creditor [('Exod', 22, 24), ('Isa', 24, 2)] · bite (Torah) 4 · "until the sun sets" [('Exod', 17, 12), ('Exod', 22, 25)] · curse-verb 4 · fullness [('Exod', 22, 28)] outflow [('Exod', 22, 28)] · "on the eighth day you shall give" [('Exod', 22, 29)] · WITH its mother [('Exod', 22, 29)] vs UNDER its mother [('Lev', 22, 27)] · torn 4 · false report [('Exod', 23, 1)] · witness of violence [('Deut', 19, 16), ('Exod', 23, 1)] · after the many [('Exod', 23, 2)] · glorify [('Exod', 23, 3), ('Lev', 19, 15)] · lying under its burden [('Exod', 23, 5)] · unload doubled [('Exod', 23, 5)] · from falsehood [('Exod', 23, 7)] · the innocent and righteous [('Exod', 23, 7)] · bribe (Torah) 4 · open-eyed [('Exod', 23, 8)] · soul of the stranger [('Exod', 23, 9)] · the conditional heads at [(20, 25), (22, 22), (22, 24), (22, 25), (22, 26), (23, 4), (23, 5), (23, 22), (23, 23)] · the doubled verbs at [(22, 22), (22, 25), (23, 5), (23, 22), (23, 24), (23, 30)]
routing receipts: cold_run_decalogue CALLED — hewn 'iron-touched stone disqualified', recipe 'whole stones, frame and lime', steps 'a ramp; and temperance beside it'; cold_run_offerings CALLED — olah:flock 'wholly_to_fires', shelamim window 'two_days_one_night'; cold_run_sanctions CALLED — beast warning 'Exod_22:18_freed_to_the_passive', court 23, woman '18:23_a_woman_shall_not_stand_before_a_beast', outside where 'anywhere_but_the_tent_door'; cold_run_holiness CALLED — deaf 'all_your_people_the_deaf_carves_the_living', bribe 'the_bribed_judges_eyes_dim'; cold_run_holiness_b CALLED — word wrong 'yesterday_an_idolater_banned', strangers 'know_the_strangers_soul_from_your_own', ger seats [10, 33, 34]; cold_run_yovel CALLED — both nouns 'barred', brother 'barred', foreigner 'permitted'; cold_run_pesach CALLED — human 'redeem (five sela — fetched constant)', donkey 'redeem with a lamb, else break the neck', caesarean 'not consecrated' [IMPORT, live calls]
answer sheet: 43 Mishnah rows verified by their own tokens (Sanhedrin 1, 3, 4, 7, Bava Metzia 2, 5, Bekhorot 8, Chullin 3, Terumot 3, Middot 3, Shevuot 4 read whole — the topic docket)
guard: 128 test rows, every expected value a literal from the answer sheet [honest-pairing guard satisfied]

OK  Exod 20:22 — "from heaven I spoke" a hapax                                                       [INK] 
     effects: —
OK  Exod 20:23 — no gods of silver or gold (a hapax phrase)                                          [INK] 
     effects: disqualified
OK  Mishnah Chagigah 3:8 — the altar of earth is like the ground                                     [ANSWER-SHEET] 
     effects: —
OK  Exod 20:24 — the burnt offering on it (offerings engine by call)                                 [IMPORT] 
     effects: smoked_to_the_lord
OK  Exod 20:24 — the peace offering on it (by call)                                                  [IMPORT] 
     effects: eating_window
OK  Exod 20:24 — "in every place... I cause My name to be mentioned" (two hapaxes)                   [INK] 
     effects: accepted
OK  Exod 20:25 — hewn: the decalogue runner's altar rule by call                                     [IMPORT] 
     effects: disqualified
OK  Exod 20:25 — the sword profanes (a hapax)                                                        [INK] 
     effects: disqualified
OK  Zevachim 54a:8 — the build recipe by call                                                        [IMPORT] 
     effects: —
OK  Mishnah Middot 3:4 — whole stones from Beit Kerem                                                [ANSWER-SHEET] 
     effects: —
OK  Exod 20:26 — steps: the decalogue runner's rule by call                                          [IMPORT] 
     effects: —
OK  Mishnah Middot 3:3 — the ramp's measures (data)                                                  [DATA] 
     effects: —
OK  Exod 20:26 — the nakedness clause, the ramp's reason                                             [INK] 
     effects: —
OK  Mekhilta 22:24 — "if an altar of stones" one of three obligatory ifs                             [MOVE] 
     effects: —
OK  Mekhilta 22:17 — the sorceress: man and woman alike                                              [MOVE] 
     effects: put_to_death
OK  Mishnah Sanhedrin 7:4 — the sorcerer stoned (the Mekhilta's three arms)                          [ANSWER-SHEET] 
     effects: stoned
OK  Mishnah Sanhedrin 7:11 — the doer liable, the deceiver of eyes exempt                            [ANSWER-SHEET] 
     effects: stoned
OK  Mekhilta 22:17 — the warning at Deut 18:10                                                       [MOVE] 
     effects: —
OK  Exod 22:18 — the beast: the sanctions engine holds this verse as the passive's warning (by call) [IMPORT] 
     effects: stoned
OK  Mishnah Sanhedrin 1:4 — the beast's court of twenty-three (by call)                              [IMPORT] 
     effects: —
OK  the woman's warning (by call)                                                                    [IMPORT] 
     effects: stoned
OK  Exod 22:19 — "devoted" at four Tanakh seats                                                      [INK] 
     effects: put_to_death
OK  Mekhilta 22:19 — the service architecture: Temple services for any idol                          [MOVE] 
     effects: stoned
OK  Mishnah Sanhedrin 7:6 — the idolater's row                                                       [ANSWER-SHEET] 
     effects: stoned
OK  Exod 22:19 — "save to the LORD alone"; the tent door by call                                     [INK] 
     effects: —
OK  Mekhilta 22:19 — joining His name with another                                                   [MOVE] 
     effects: put_to_death
OK  Exod 22:20 — wrong / oppress each a hapax                                                        [INK] 
     effects: exempt
OK  Mishnah Bava Metzia 4:10 — wronging by words (holiness_b by call)                                [IMPORT] 
     effects: —
OK  Exod 22:20 / 23:9 — "you were strangers" at four seats (by call)                                 [IMPORT] 
     effects: —
OK  the stranger's Lev 19 seats (by call)                                                            [IMPORT] 
     effects: —
OK  Mekhilta 22:20 — the beloved converts census                                                     [MOVE] 
     effects: —
OK  Mekhilta 22:21 — the scope fork: R. Yishmael all / R. Akiva the named                            [MOVE] 
     effects: cry_heard
OK  Mekhilta 22:21-23 — one affliction is liability                                                  [MOVE] 
     effects: cry_heard
OK  Exod 22:22 — three doubled verbs                                                                 [INK] 
     effects: cry_heard
OK  Exod 22:23 — measure for measure                                                                 [INK] 
     effects: cry_heard, put_to_death
OK  Mekhilta 22:24 — "if" is obligation                                                              [MOVE] 
     effects: —
OK  Mekhilta 22:24 — the priority ladder                                                             [MOVE] 
     effects: —
OK  Exod 22:24 — "as a creditor" (two Tanakh seats)                                                  [MOVE] 
     effects: —
OK  Exod 22:24 — the bite noun at four Torah seats                                                   [INK] 
     effects: interest_barred
OK  Lev 25:36-37 — the two nouns (jubilee engine by call)                                            [IMPORT] 
     effects: interest_barred
OK  Mishnah Bava Metzia 5:6 — the foreigner (by call)                                                [IMPORT] 
     effects: interest_barred
OK  Mishnah Bava Metzia 5:11 — the five prohibitions, two of them this verse's                       [ANSWER-SHEET] 
     effects: interest_barred
OK  Mishnah Bava Metzia 5:11 — who transgresses                                                      [ANSWER-SHEET] 
     effects: interest_barred
OK  Exod 22:25 — "until the sun sets" (with Exod 17:12 alone)                                        [INK] 
     effects: pledge_returned_by_sunset
OK  Mekhilta 22:25-26 — day garment by day, night garment by night                                   [MOVE] 
     effects: pledge_returned_by_sunset
OK  Mishnah Bava Metzia 9:13 — only through the court                                                [ANSWER-SHEET] 
     effects: pledge_returned_by_sunset
OK  Mishnah Bava Metzia 9:13 — the widow never pledged                                               [ANSWER-SHEET] 
     effects: pledge_returned_by_sunset
OK  Mekhilta 22:26 — the covering tokens                                                             [MOVE] 
     effects: pledge_returned_by_sunset
OK  Exod 22:26 — "for I am gracious" a hapax                                                         [INK] 
     effects: cry_heard
OK  Mekhilta 22:27 — elohim: judge or blasphemy's warning                                            [MOVE] 
     effects: lashes
OK  Lev 19:14 — the curse verb's other seat (holiness engine by call)                                [IMPORT] 
     effects: lashes
OK  Mishnah Sanhedrin 7:5, 7:8; Shevuot 4:13 — the Name gate                                         [ANSWER-SHEET] 
     effects: lashes
OK  Mekhilta 22:27 — four liabilities in one utterance                                               [MOVE] 
     effects: lashes
OK  Mekhilta 22:27 — "among your people"                                                             [MOVE] 
     effects: lashes
OK  Exod 22:28 — fullness and outflow (two hapaxes) = first fruits and terumah                       [MOVE] 
     effects: gift_order_barred
OK  Mekhilta 22:28 — "do not delay" = do not reorder                                                 [MOVE] 
     effects: gift_order_barred
OK  Mishnah Terumot 3:6 — the act stands though forbidden (this verse quoted)                        [ANSWER-SHEET] 
     effects: gift_order_barred
OK  Mishnah Terumot 3:7 — the count of names                                                         [ANSWER-SHEET] 
     effects: gift_order_barred
OK  Exod 22:28 — the firstborn son (Passover engine by call)                                         [IMPORT] 
     effects: consecrated_firstborn
OK  Mishnah Bekhorot 8:7 — five sela (data)                                                          [DATA] 
     effects: consecrated_firstborn
OK  Mishnah Bekhorot 8:6 — day thirty is the edge                                                    [ANSWER-SHEET] 
     effects: consecrated_firstborn
OK  Mekhilta 22:29 / Bekhorot 8:1 — stillbirths open the womb for both                               [MOVE] 
     effects: —
OK  Mishnah Bekhorot 8:2 — the Caesarean (Passover engine by call)                                   [IMPORT] 
     effects: —
OK  Mekhilta 22:29 — valid to any priest anywhere                                                    [MOVE] 
     effects: due_to_priest
OK  Exod 22:29 — "on the eighth day you shall give" a hapax                                          [INK] 
     effects: eighth_day_fit
OK  Exod 22:29 WITH its mother vs Lev 22:27 UNDER its mother (each a hapax)                          [MOVE] 
     effects: eighth_day_fit
OK  Mekhilta 22:29 — the eighth and onward (the priesthood runner fetches this)                      [MOVE] 
     effects: eighth_day_fit
OK  Mekhilta 22:29 — nursed from common funds                                                        [MOVE] 
     effects: —
OK  Exod 13:13 — the donkey by call                                                                  [IMPORT] 
     effects: redeem_or_break
OK  one timer at two seats                                                                           [INK] 
     effects: eighth_day_fit
OK  Exod 22:30 — "men of holiness" a hapax phrase                                                    [INK] 
     effects: —
OK  "torn" at four Tanakh seats (Jacob's first)                                                      [INK] 
     effects: torn_flesh_to_dogs
OK  Mekhilta 22:30 — "in the field" the common case                                                  [MOVE] 
     effects: torn_flesh_to_dogs
OK  Mishnah Chullin 3:1 — whatever cannot live is a terefah                                          [ANSWER-SHEET] 
     effects: torn_flesh_to_dogs
OK  Mishnah Chullin 3:2 — the fit list                                                               [ANSWER-SHEET] 
     effects: —
OK  Exod 22:30 — to the dog: benefit permitted (Kiddushin 2:9 silent)                                [MOVE] 
     effects: torn_flesh_to_dogs
OK  Mekhilta 22:30 — the dog's wage                                                                  [MOVE] 
     effects: torn_flesh_to_dogs
OK  Mishnah Makkot 3:2 — the terefah eater lashed                                                    [ANSWER-SHEET] 
     effects: lashes
OK  Exod 23:1 — "a false report" a hapax; "wicked" twice in Exodus                                   [INK] 
     effects: false_report_barred
OK  Mekhilta 23:1 — three warnings                                                                   [MOVE] 
     effects: false_report_barred
OK  Exod 23:1 / Deut 19:16 — the witness of violence; Sanhedrin 3:3's list                           [MOVE] 
     effects: false_report_barred
OK  Mishnah Shevuot 4:1 — the fit, not the disqualified                                              [ANSWER-SHEET] 
     effects: oath_imposed
OK  Exod 23:2 — three rare tokens                                                                    [INK] 
     effects: majority_decides
OK  Mekhilta 23:2 — the asymmetric majority                                                          [MOVE] 
     effects: majority_decides
OK  Mishnah Sanhedrin 1:6 — twenty-three from this verse                                             [ANSWER-SHEET] 
     effects: majority_decides
OK  Mishnah Sanhedrin 4:1 — merit by one, liability by two                                           [ANSWER-SHEET] 
     effects: majority_decides
OK  Mishnah Sanhedrin 4:2 — capital cases begin from the side                                        [ANSWER-SHEET] 
     effects: majority_decides
OK  Mishnah Sanhedrin 3:7 — the dissenter bound and silent                                           [ANSWER-SHEET] 
     effects: majority_decides
OK  Onkelos Exod 23:2 — teach what you see                                                           [MOVE] 
     effects: majority_decides
OK  Exod 23:3 / Lev 19:15 — "you shall not glorify" at two seats; the holiness engine by call        [MOVE] 
     effects: judgment_perverted
OK  Exod 23:4 — the enemy's ox returned                                                              [INK] 
     effects: restores
OK  Mekhilta 23:4 — who is your enemy (four readings)                                                [MOVE] 
     effects: —
OK  Mishnah Sanhedrin 3:5 — the enemy by a three-day clock                                           [ANSWER-SHEET] 
     effects: —
OK  Mekhilta 23:4 — straying = outside the boundary (Gen 37:15)                                      [MOVE] 
     effects: restores
OK  Mishnah Bava Metzia 2:9 — even four and five times                                               [ANSWER-SHEET] 
     effects: restores
OK  Mishnah Bava Metzia 2:5 — signs and claimants                                                    [ANSWER-SHEET] 
     effects: restores
OK  Mishnah Bava Metzia 2:7 — the deceiver examined                                                  [ANSWER-SHEET] 
     effects: restores
OK  Mishnah Bava Metzia 2:6 — how long to announce                                                   [ANSWER-SHEET] 
     effects: —
OK  Mishnah Bava Kamma 5:7 — ox or donkey names the common case                                      [ANSWER-SHEET] 
     effects: restores
OK  Exod 23:5 — "lying under its burden" a hapax                                                     [INK] 
     effects: unloading_owed
OK  Mishnah Bava Metzia 2:10 — unload even four and five times                                       [ANSWER-SHEET] 
     effects: unloading_owed
OK  Mishnah Bava Metzia 2:10 — "with him": the idle owner exempts                                    [ANSWER-SHEET] 
     effects: unloading_owed
OK  Mishnah Bava Metzia 2:10 — a load it can bear                                                    [ANSWER-SHEET] 
     effects: unloading_owed
OK  Mishnah Bava Metzia 2:10 — unloading Torah, loading disputed                                     [ANSWER-SHEET] 
     effects: unloading_owed
OK  Mekhilta 23:5 — the ris (data)                                                                   [DATA] 
     effects: —
OK  Mishnah Bava Metzia 2:10 — the father's word not obeyed                                          [ANSWER-SHEET] 
     effects: unloading_owed
OK  Onkelos Exod 23:5 — the grudge released                                                          [MOVE] 
     effects: unloading_owed
OK  Exod 23:6 — "your needy" a hapax; the wicked-and-worthy pair                                     [INK] 
     effects: judgment_perverted
OK  Exod 23:7 — "from a false matter" a hapax                                                        [INK] 
     effects: false_report_barred
OK  Mishnah Sanhedrin 4:1 — no retrial after acquittal (Onkelos 23:7)                                [ANSWER-SHEET] 
     effects: false_report_barred
OK  Mekhilta 23:7 — no execution without witnesses                                                   [MOVE] 
     effects: exempt
OK  Exod 23:8 — the bribe (holiness engine by call; Peah 8:9 quotes this verse)                      [IMPORT] 
     effects: bribe_barred, judgment_perverted
OK  Mekhilta 23:8 — bribery absolute                                                                 [MOVE] 
     effects: bribe_barred
OK  Exod 23:9 — the soul of the stranger (holiness_b by call)                                        [IMPORT] 
     effects: —
OK  Exod 23:20-21 — the angel; the Name in him (hapaxes; Onkelos's Memra)                            [INK] 
     effects: —
OK  Exod 23:21 / Josh 24:19 — "he will not bear your transgression"                                  [INK] 
     effects: —
OK  Exod 23:28 — the hornet at three seats                                                           [INK] 
     effects: —
OK  Exod 23:29-30 — not in one year; little by little                                                [INK] 
     effects: land_desolate
OK  Exod 23:31 — the four border terms (data)                                                        [DATA] 
     effects: —
OK  Exod 23:24 — not bow, not serve, not do                                                          [INK] 
     effects: covenant_barred
OK  Exod 23:24 — demolish and break (doubled verbs); Avodah Zarah 3:1                                [INK] 
     effects: demolished
OK  Onkelos Exod 23:25 — serve before the LORD                                                       [MOVE] 
     effects: bread_and_water_blessed
OK  Exod 23:25 — bread and water blessed                                                             [INK] 
     effects: bread_and_water_blessed
OK  Exod 23:26 — no miscarrying (a hapax) or barren                                                  [INK] 
     effects: bread_and_water_blessed
OK  Exod 23:32 — no covenant                                                                         [INK] 
     effects: covenant_barred
OK  Exod 23:33 — they shall not dwell; the snare                                                     [INK] 
     effects: covenant_barred
OK  the spine silent over 23:20-33 — Onkelos alone                                                   [INK] 
     effects: —
OK  THE SCENE on the world engine — the wrap (W1): twenty-one case heads on the recorded rows        [ANSWER-SHEET] 
     effects: pledge_returned_by_sunset, due_to_priest, eighth_day_fit, accepted, land_desolate

WATCH COVERAGE (the wrap):
  WATCH law_ordinances         seen  30  fired  30  on: acquitted_retried, altar_built, bribe_offered, court_split, donkey_under_burden, enemys_animal_met, entered_the_land, false_report_carried, firstborn_son, firstling_born, flesh_torn, fullness_delayed, garment_pledged, god_or_ruler_cursed, lay_with_beast, offered_on_altar, sacrificed_to_gods, served_the_lord, silver_lent, sorcery_done, stranger_wronged
MATRIX: 128/128 cells match the answer sheet
FRACTIONS: pure ink 34/128 (26%) · recorded moves 37/128 (28%) · answer-sheet 34/128 · data 4/128 · imports 19/128 · hypotheses 0/128
LEDGER OPS this span writes: block x22, body x16, debit x7, destroy x1, heaven x14, status x15, timer x12, transfer x14
effects: every cell carries REGISTERED effects — TEN discovered in these verses' own verbs: pledge_returned_by_sunset (TIMER), cry_heard, bread_and_water_blessed (HEAVEN), gift_order_barred, bribe_barred, false_report_barred, covenant_barred (BLOCK), torn_flesh_to_dogs (TRANSFER), majority_decides (STATUS), unloading_owed (DEBIT) [effects law satisfied]
THE REST OF THE ORDINANCES COMPILE — the altar rules by call, the capital triad against the sanctions engine, the stranger by the holiness engine's second half, the interest by the jubilee engine, the pledge's sunset timer, the curse's fork and Name gate, the gifts' order off two hapaxes, the firstborn by the Passover engine, the firstling's eighth day compiled as the callee the priesthood owed, the torn to the dog, the twenty-three built from "for evil", the enemy's load, the acquitted never retried, the bribe by call, the land's covenant barred; the decalogue, offering, sanctions, holiness, holiness_b, jubilee, and Passover engines CALLED.
guard: 13 expectations checked, every one a literal from the answer sheet [honest-pairing guard satisfied]
probes: all 6 fired  [zero-report law satisfied]

FUNCTION: the seducer's fine  (answer sheet: Mishnah Ketubot 3:4)
  a fine exists, paid to the father    FINE      [ok]  <- INK Exod 22:15-16: "he shall surely pay a dowry... weigh money"
  the AMOUNT: a pointer, not a number  FETCH-50  [ok]  <- INK holds only the pointer "like the dowry [4119] of the virgins"; the constant — fifty [2572] silver — lives in Deut 22:29; the link is recorded [Ketubot 29b:3 parsing the triple mention]
  the payments table: seducer 3, rapist 4 TABLE     [ok]  <- ANSWER-KEY [Mishnah Ketubot 3:4]: humiliation, degradation, fine; the rapist adds pain
  -> 3/3

FUNCTION: the freed slave's limbs  (answer sheet: Kiddushin 24a + Mishnah Negaim 6:7)
  EYE destroyed -> freedom             FREE      [ok]  <- INK Exod 21:26: eye [5869] + free [2670]
  TOOTH knocked out -> freedom         FREE      [ok]  <- INK Exod 21:27: tooth [8127] + free
  the CLASS: all limb-tips that do not regenerate CLASS-24  [ok]  <- RECORDED [Kiddushin 24a:6: "granted, a tooth and an eye are WRITTEN..." — the exemplars generalized]; the 24-member list enumerated at Mishnah Negaim 6:7
  -> 3/3

FUNCTION: the father's refusal (X5, O7 2026-09-07)  (answer sheet: Mekhilta Nezikin continuation 16; Mishnah Ketubot 3:4-5)
  the fine stands though the father refuses FINE-STANDS [ok]  <- INK Exod 22:16: "if her father utterly refuses to give her to him, he shall weigh silver like the dowry of the virgins" — the fine is not the marriage's
  the fatherless girl refuses for herself HERSELF-TOO [ok]  <- RECORDED [Mekhilta d'Rabbi Yishmael Nezikin continuation 16 1, Rabbi Yose HaGelili: "I have only where she has a father; where she has none? — if he UTTERLY refuses: in any case"]
  no refusal: to him as a wife — the rapist bound, the seducer free to send her away WIFE-UNLESS-REFUSED [ok]  <- INK Exod 22:15 "to be his wife" + ANSWER-KEY [Mishnah Ketubot 3:4-5: the rapist drinks from his vessel; the seducer, if he wishes to send her away, sends]
  -> 3/3

FUNCTION: the miscarriage valuation  (answer sheet: Mishnah Bava Kamma 5:4)
  assessment goes THROUGH THE COURT    JUDGES    [ok]  <- INK Exod 21:22: "he shall give by the judges [6414]"
  the valuation ALGORITHM: before/after DIFF-VALUE [ok]  <- ANSWER-KEY [Mishnah Bava Kamma 5:4]: appraise her worth before the birth and after, pay the difference — with Rabban Shimon ben Gamliel's objection recorded
  the actor class: a PERSON pays, an ox is exempt PERSON-ONLY [ok]  <- INK-PATTERN Exod 21:22 opens "when MEN strive" + ANSWER-KEY [same mishnah: the ox that struck her — exempt]
  -> 3/3

FUNCTION: THE WRAP — the daemon on the recorded cases  (answer sheet: Ketubot 3:4 + Kiddushin 24a + Bava Kamma 5:4)
  THE SCENE on the world engine (the wrap) (1, 2, 1, 3, 1, 1, 1, 1, 0, 1, 50, 1, 0, 4, 1, 0, 1, 0, 1, 1) [ok]  <- RECORDED — the answer sheet's rows as the tape: Ketubot 3:4 (the seducer three, the rapist four), Kiddushin 24a (eye, tooth; the regenerating limb no exemplar), Bava Kamma 5:4 (the difference; the ox exempt); X5 the refusal (the fine stands, no wife; the wife where no one refuses)
  -> 1/1

WATCH COVERAGE (the wrap):
  WATCH law_mishpatim_2        seen   9  fired   8  on: pregnant_woman_struck, slave_maimed, virgin_seduced

============================================================
PASS 2: 13/13 cells (X5 the father's refusal added at O7, 2026-09-07)
PASS-2 FRACTIONS: INK 7 | RECORDED 3 | ROUTED/IMPORT 3

EFFECTS — the state changes each cell writes:
  seducer: FINE to the father              ->  gives_fixed_sum    [debit]  gives a fixed sum — the ink states the number (thirty shekels; the lost-time payment)
  seducer: FETCH-50 (the pointer)          ->  — (no state change: classification, pending, or routed outside the span)
  seducer: payments TABLE                  ->  pays               [debit]  pays — a money debt opens against the liable party
  freed limbs: EYE -> freedom              ->  released           [status]  released by the master's hand — the sending itself
  freed limbs: EYE -> freedom              ->  goes_free          [status]  goes free — the slave's status ends; a person-status flip
  freed limbs: TOOTH -> freedom            ->  released           [status]  released by the master's hand — the sending itself
  freed limbs: TOOTH -> freedom            ->  goes_free          [status]  goes free — the slave's status ends; a person-status flip
  freed limbs: CLASS-24                    ->  — (no state change: classification, pending, or routed outside the span)
  miscarriage: JUDGES assess               ->  fined_by_assessment [debit]  fined as the court assesses — the amount is a computed parameter
  miscarriage: DIFF-VALUE algorithm        ->  — (no state change: classification, pending, or routed outside the span)
  miscarriage: PERSON-ONLY (ox actor exempt) ->  exempt             [status]  exempt — no entry opens; the ledger stays clean
  refusal: FINE-STANDS                     ->  gives_fixed_sum    [debit]  gives a fixed sum — the ink states the number (thirty shekels; the lost-time payment)
  refusal: HERSELF-TOO                     ->  gives_fixed_sum    [debit]  gives a fixed sum — the ink states the number (thirty shekels; the lost-time payment)
  refusal: WIFE-UNLESS-REFUSED             ->  wife_taken         [status]  the wife taken — the STATUS the marriage formula writes on the pair: 'and he took Rebekah and she became his wife, and he loved her' — 'as a wife' (le-ishah) the formula's closing token at thirty Torah seats, Gen 24:67 and 38:14 in this span (the second negated: 'she was not given to him as a wife'), Exod 22:15 the seduced virgin's Sinai seat (the Mishpatim engines by call); the four verbs of 24:67 the formula's whole (brought, took, became, loved)
  THE SCENE (the wrap)                     ->  gives_fixed_sum    [debit]  gives a fixed sum — the ink states the number (thirty shekels; the lost-time payment)
  THE SCENE (the wrap)                     ->  pays               [debit]  pays — a money debt opens against the liable party
  THE SCENE (the wrap)                     ->  released           [status]  released by the master's hand — the sending itself
  THE SCENE (the wrap)                     ->  goes_free          [status]  goes free — the slave's status ends; a person-status flip
  THE SCENE (the wrap)                     ->  fined_by_assessment [debit]  fined as the court assesses — the amount is a computed parameter
  THE SCENE (the wrap)                     ->  exempt             [status]  exempt — no entry opens; the ledger stays clean
  THE SCENE (the wrap)                     ->  wife_taken         [status]  the wife taken — the STATUS the marriage formula writes on the pair: 'and he took Rebekah and she became his wife, and he loved her' — 'as a wife' (le-ishah) the formula's closing token at thirty Torah seats, Gen 24:67 and 38:14 in this span (the second negated: 'she was not given to him as a wife'), Exod 22:15 the seduced virgin's Sinai seat (the Mishpatim engines by call); the four verbs of 24:67 the formula's whole (brought, took, became, loved)
LEDGER OPS this pass writes: debit x8, status x10
effects: all 13 cells carry a REGISTERED effect or an honest no-change [effects law satisfied]
guard: 24 expectations checked, every one a literal from the answer sheet [honest-pairing guard satisfied]
guard: 24 expectations checked, every one a literal from the answer sheet [honest-pairing guard satisfied]
probes: all 26 token probes fired  [zero-report law satisfied]

FUNCTION: slave-release  (answer sheet: Mishnah Kiddushin 1:2)
  release by YEARS (the timer)       FREE-YEAR-7 [ok]  <- INK 21:2: six [8337] + seventh [7637] + free [2670] all in the verse
  release by DEDUCTION (buy-out)     DEDUCT     [ok]  <- RECORDED [Kiddushin 16a:11]: from 21:8 "let her be redeemed" [6299], applied by comparison
  release by JUBILEE                 FREE-AT-JUBILEE [ok]  <- IMPORT [Leviticus 25; Kiddushin 15a:19: written even for the pierced "forever"]
  -> 3/3

FUNCTION: four-damages class map  (answer sheet: Mishnah Bava Kamma 1:1)
  class OX (case opener found)       MODULE     [ok]  <- INK: verse-initial KI + the class noun in its opener verse (21:28)
  class PIT (case opener found)      MODULE     [ok]  <- INK: verse-initial KI + the class noun in its opener verse (21:33)
  class GRAZING (case opener found)  MODULE     [ok]  <- INK: verse-initial KI + the class noun in its opener verse (22:4)
  class FIRE (case opener found)     MODULE     [ok]  <- INK: verse-initial KI + the class noun in its opener verse (22:5)
  common output: pay from the BEST   BEST-OF-LAND [ok]  <- INK 22:4 "best of his field, best of his vineyard" [4315 x2] + GENERALIZED [Bava Kamma 6b]
  -> 5/5

FUNCTION: goring-ox state machine  (answer sheet: Mishnah Bava Kamma 1:4 + 2:4)
  innocuous state: HALF, from the body HALF-FROM-BODY [ok]  <- INK 21:35: "divide" [2673] the live ox — the split is the payment and its cap
  forewarned state: FULL damages     FULL       [ok]  <- INK 21:36: "he shall pay [7999] ox for ox"
  transition threshold = 3 gorings   THREE      [ok]  <- RECORDED [Bava Kamma 23b:17-18]: yesterday [8543] + day-before [8032] + "not secured" = 3; two named tokenizations (Abaye/Rava)
  reverse transition (back to innocuous) REVERTS    [ok]  <- ANSWER-KEY [Mishnah Bava Kamma 2:4]: three days of restraint; semantics debate recorded at 24a:9
  human victim: stoning + ransom branch STONE+RANSOM [ok]  <- INK 21:29-30: stoned [5619], owner liable, IM-branch: ransom [3724]
  slave victim: fixed thirty shekels 30-SHEKELS [ok]  <- INK 21:32: thirty [7970] shekels [8255] — the fixed fine the Mishnah repeats
  -> 6/6

FUNCTION: injury indemnities  (answer sheet: Mishnah Bava Kamma 8:1)
  MEDICAL costs                      PAY        [ok]  <- INK 21:19: "and healing he shall heal" [7495]
  LOSS OF LIVELIHOOD                 PAY        [ok]  <- INK 21:19: "his idleness he shall give" [7674]
  DAMAGE (the tariff, as money)      PAY-MONEY  [ok]  <- CALLED cold_run_lev24.talion(): resolves THROUGH the call site [Bava Kamma 83b:10, 84a:1; move M-07c EXECUTED]
  PAIN                               PAY        [ok]  <- RECORDED [Bava Kamma 85a]: from "wound for wound" [6482], 21:25
  HUMILIATION                        PAY        [ok]  <- IMPORT [Deuteronomy 25:11-12, the recorded source in the sugya]
  -> 5/5

FUNCTION: theft multiples  (answer sheet: Mishnah Bava Kamma 7:1)
  DOUBLE payment (base)              X2         [ok]  <- INK 22:3: "he shall pay double" [8147]
  FIVEFOLD for the ox                X5         [ok]  <- INK 21:37: five [2568] cattle [1241] for the ox
  FOURFOLD for the sheep             X4         [ok]  <- INK 21:37: four [702] of the flock [6629] for the sheep
  scope: 4/5 ONLY ox and sheep       RESTRICTED [ok]  <- INK-PATTERN 21:37: the constants attach to those two nouns alone — Mishnah 7:1 states it "as it is stated"
  -> 4/4

FUNCTION: THE WRAP — the daemon on the recorded cases  (answer sheet: Kiddushin 1:2 + Bava Kamma 1:1, 1:4, 2:4, 4:5, 7:1, 8:1)
  THE SCENE on the world engine (the wrap) (1, 1, 1, 1, 0, 4, 250.0, 1, 1, 1, 30, 3, 1, 1, 1, 1, 1, 2, 90, 1, 20, 8) [ok]  <- RECORDED — the answer sheet's rows as the tape: Kiddushin 1:2 (years, then the buy-out CANCELS the year-7 timer — no fire), Bava Kamma 2:4 (three gorings: half, half, half + FOREWARNED), 1:4 (full), 4:5 (the slave: stoned + thirty), 8:1 (the five: three pays, the idleness sum, the tariff CALLED from Lev 24), 1:1 (pit, tooth, fire), 7:1 (five, four, double); the clock ABSOLUTE
  -> 1/1

WATCH COVERAGE (the wrap): the library daemons and the runner's own, on this scene's tape
  WATCH law_slave_term         seen  14  fired   1  on: acquire_hebrew_slave
  WATCH law_goring_ox          seen  14  fired   5  on: ox_gores
  WATCH law_mishpatim          seen  14  fired   8  on: animal_stolen, field_grazed, fire_spread, men_quarrel, pit_opened, redeemed_by_deduction

============================================================
MISHPATIM PASS: 24/24 cells across 5 functions
  + the guardians run (separate machine): 12/12
PROVENANCE FRACTIONS (this pass): INK 15 | RECORDED 6 | ROUTED/IMPORT 3

EFFECTS — the state changes each cell writes:
  slave-release: FREE-YEAR-7           ->  term_clock         [timer]  the term runs — six years of service, freedom fires in the seventh; the simulator's first timer
  slave-release: FREE-YEAR-7           ->  goes_free          [status]  goes free — the slave's status ends; a person-status flip
  slave-release: DEDUCT                ->  pays               [debit]  pays — a money debt opens against the liable party
  slave-release: DEDUCT                ->  goes_free          [status]  goes free — the slave's status ends; a person-status flip
  slave-release: FREE-AT-JUBILEE       ->  jubilee_release    [timer]  the jubilee frees — a world-clock timer that overrides even the pierced slave's "forever"
  slave-release: FREE-AT-JUBILEE       ->  goes_free          [status]  goes free — the slave's status ends; a person-status flip
  four-damages: class OX               ->  — (no state change: classification, pending, or routed outside the span)
  four-damages: class PIT              ->  — (no state change: classification, pending, or routed outside the span)
  four-damages: class GRAZING          ->  — (no state change: classification, pending, or routed outside the span)
  four-damages: class FIRE             ->  — (no state change: classification, pending, or routed outside the span)
  four-damages: BEST-OF-LAND           ->  pays               [debit]  pays — a money debt opens against the liable party
  goring-ox: HALF-FROM-BODY            ->  pays               [debit]  pays — a money debt opens against the liable party
  goring-ox: FULL                      ->  pays               [debit]  pays — a money debt opens against the liable party
  goring-ox: THREE (threshold)         ->  forewarned         [status]  the ox turns forewarned — the recidivism status flip that re-routes every later verdict
  goring-ox: REVERTS                   ->  forewarned         [status]  the ox turns forewarned — the recidivism status flip that re-routes every later verdict
  goring-ox: STONE+RANSOM              ->  stoned             [body]  stoned — the death mode named in ink; for the ox, the beast's own docket entry
  goring-ox: STONE+RANSOM              ->  ransom_imposed     [debit]  ransom — a life-debt redeemed in money when the court imposes it
  goring-ox: 30-SHEKELS                ->  gives_fixed_sum    [debit]  gives a fixed sum — the ink states the number (thirty shekels; the lost-time payment)
  injuries: MEDICAL                    ->  pays               [debit]  pays — a money debt opens against the liable party
  injuries: LIVELIHOOD                 ->  gives_fixed_sum    [debit]  gives a fixed sum — the ink states the number (thirty shekels; the lost-time payment)
  injuries: DAMAGE (talion-as-money)   ->  substitution       [debit]  in-place-of — the talion table's operator, carried as money per the compiled law
  injuries: PAIN                       ->  pays               [debit]  pays — a money debt opens against the liable party
  injuries: HUMILIATION                ->  pays               [debit]  pays — a money debt opens against the liable party
  multiples: DOUBLE                    ->  pays_double        [debit]  pays double — the theft multiple, two for one
  multiples: FIVEFOLD ox               ->  pays_four_five     [debit]  pays fourfold or fivefold — the slaughtered-or-sold multiple
  multiples: FOURFOLD sheep            ->  pays_four_five     [debit]  pays fourfold or fivefold — the slaughtered-or-sold multiple
  multiples: RESTRICTED scope          ->  — (no state change: classification, pending, or routed outside the span)
  THE SCENE (the wrap)                 ->  term_clock         [timer]  the term runs — six years of service, freedom fires in the seventh; the simulator's first timer
  THE SCENE (the wrap)                 ->  goes_free          [status]  goes free — the slave's status ends; a person-status flip
  THE SCENE (the wrap)                 ->  pays               [debit]  pays — a money debt opens against the liable party
  THE SCENE (the wrap)                 ->  forewarned         [status]  the ox turns forewarned — the recidivism status flip that re-routes every later verdict
  THE SCENE (the wrap)                 ->  stoned             [body]  stoned — the death mode named in ink; for the ox, the beast's own docket entry
  THE SCENE (the wrap)                 ->  gives_fixed_sum    [debit]  gives a fixed sum — the ink states the number (thirty shekels; the lost-time payment)
  THE SCENE (the wrap)                 ->  ransom_imposed     [debit]  ransom — a life-debt redeemed in money when the court imposes it
  THE SCENE (the wrap)                 ->  substitution       [debit]  in-place-of — the talion table's operator, carried as money per the compiled law
  THE SCENE (the wrap)                 ->  pays_four_five     [debit]  pays fourfold or fivefold — the slaughtered-or-sold multiple
  THE SCENE (the wrap)                 ->  pays_double        [debit]  pays double — the theft multiple, two for one
LEDGER OPS this pass writes: body x2, debit x20, status x7, timer x3
effects: all 24 cells carry a REGISTERED effect or an honest no-change [effects law satisfied]
probes: 58/58 fired (the ink scan is trusted; the whole-Tanakh census holds 23213 verses)
censuses: defile-verb at [1, 3, 4, 11] · six kin tokens ['לאמו', 'ולאביו', 'ולבנו', 'ולבתו', 'ולאחיו', 'ולאחתו'] · take-verb ([7], 2, [13, 14], 2) · profane root at [6, 7, 9, 12, 14, 15, 23] · burn token [('Lev', 6, 23), ('Lev', 13, 52), ('Lev', 21, 9)] · blemish 21 ([17, 18, 21, 23], [1, 1, 2, 1]) / 22 [20, 21, 25] · approach ([17, 18], [21, 23], 2, True) · bread ([6, 8, 17, 21, 22], [25], [7]) · whole at [19, 21] · acceptance at [19, 20, 21, 23, 25, 27, 29] · "I am the LORD" ([8, 12, 15, 23], [2, 3, 8, 9, 16, 30, 31, 32, 33]) · the sanctifier formula at [(21, 8), (21, 15), (21, 23), (22, 9), (22, 16), (22, 32)] · "name of My holiness" [('Lev', 20, 3), ('Lev', 22, 2), ('Lev', 22, 32)] · "I shall be sanctified" [('Ezek', 20, 41), ('Ezek', 28, 22), ('Ezek', 28, 25), ('Ezek', 39, 27), ('Lev', 22, 32)] · SHARED blemish tokens ['גרב', 'ילפת', 'שרוע'] · stranger at [10, 12, 13] · terumah tokens [(12, 'בתרומת'), (15, 'ירימו')] · "its fifth" [('Lev', 22, 14), ('Lev', 27, 31)] · sunset [('Eccl', 1, 5), ('Lev', 22, 7)] · zav ([4], [4], True) · eating x14 in Lev 22 · "and from the day" [('Lev', 22, 27)] · "on one day" (Torah) [('Lev', 22, 28)] · leftover [('Exod', 12, 10), ('Lev', 22, 30), ('Num', 33, 55)] · "to set apart" [('Lev', 22, 21), ('Num', 15, 3), ('Num', 15, 8)] · foreigner [('Lev', 22, 25)] · under/with (True, True, True) · continually ([2, 3, 4, 8], 2) · pure ([2, 7], [4, 6]) · Exod 27:20 restated (13, 14, True) · "and his sons" (True, False) · beaten [('1Kgs', 5, 25), ('Exod', 27, 20), ('Exod', 29, 40), ('Lev', 24, 2), ('Num', 28, 5)] · the table tokens ['שתים', 'עשרה', 'שני', 'עשרנים', 'שתים', 'מערכות', 'שש', 'המערכת', 'המערכת', 'לבנה', 'זכה', 'לאזכרה'] · memorial [(2, 2), (2, 9), (2, 16), (5, 12), (6, 8), (24, 7)] · the close ([9], [9], [(3, ['חקת', 'עולם']), (8, ['ברית', 'עולם']), (9, ['חק', 'עולם'])]) · generations ([17], [3], [3]) · "his people" [1, 4, 14, 15] · virgin [(3, ['הבתולה']), (13, ['בבתוליה']), (14, ['בתולה'])] · vows [(18, ['נדריהם', 'נדבותם']), (21, ['נדר', 'לנדבה']), (23, ['נדבה', 'ולנדר'])] · man-man (True, True, True, True)
routing receipts: cold_run_holiness_b.body CALLED — razor -> 'liable', scissors -> 'not_liable_no_destruction', corners -> {'head': 2, 'beard': 5}; cold_run_sanctions CALLED — adultery mode -> 'strangling', burned nine -> 9 names; cold_run_clocks.zav CALLED — tier(3) -> 'full_zav_with_offering', count_start -> 'when_the_flow_stops'; cold_run_vayikra5.sacrilege CALLED -> 'repay the principal to the fund struck; add the fifth (25.00); ram at the valuation floor (two sela (Mishnah Keritot 5:2; Zevachim 10:5 class))'; cold_run_offerings.dispatch CALLED — olah disposition -> 'wholly_to_fires', shelamim window -> 'two_days_one_night', todah window -> 'day_night_to_midnight'; cold_run_minchah CALLED — showbread remainder -> 'to_priests_none_to_altar', presentation -> 'neither', frankincense -> 'a_fistful', oil grade -> 'not_required_pure_beaten' [IMPORT, live calls]
answer sheet: 96 Mishnah rows verified by their own tokens (Bekhorot 6-7, Terumot 6-8, Yevamot 6-9, Zevachim 8-9, Temurah 6, Menachot 11, Tamid 3, Chullin 5 read whole — the topic docket)
guard: 252 test rows, every expected value a literal from the answer sheet [honest-pairing guard satisfied]

OK  THE SCENE — Yevamot 6-9, Bekhorot 6-7, Terumot 6-8, Chullin 5, Menachot 11, Tamid 3 on the world [INK] 
     effects: defiled_for_kin, service_profaned, lashes, profaned_seed, burned_by_court, invested_office, blemish_barred, due_to_priest, most_holy, accepted, karet_cut_off, death_by_heaven, impure_until_evening, immersed, stranger_barred, name_profaned, terumah_fed, adds_fifth, pays, pays_double, not_accepted, consecrated, exempt, forewarned, eating_window, eighth_day_fit, same_day_slaughter_barred, lamp_arranged, bread_set_weekly, azkarah_to_fire
OK  Sifra Emor Section 1 1 / Kiddushin 1:7 — the addressee census                                    [MOVE] 
     effects: defiled_for_kin
OK  Lev 21 — the defile-verb at four seats                                                           [INK] 
     effects: —
OK  Sifra Emor Section 1 2-3 — the soul's scope                                                      [MOVE] 
     effects: defiled_for_kin
OK  Sifra Emor Section 1 3 — the abandoned corpse                                                    [MOVE] 
     effects: defiled_for_kin
OK  Lev 21:2-3 — the seven relatives on six tokens                                                   [INK] 
     effects: defiled_for_kin
OK  Sifra Emor Section 1 4-10 — the relative table                                                   [MOVE] 
     effects: defiled_for_kin
OK  Sifra Emor Section 1 11-12 — the sister's predicate                                              [MOVE] 
     effects: defiled_for_kin
OK  Sifra Emor Section 1 12 — the forced defilement                                                  [MOVE] 
     effects: defiled_for_kin
OK  Sifra Emor Section 1 13 — the certain only                                                       [MOVE] 
     effects: —
OK  Sifra Emor Section 1 15 — the fit wife                                                           [MOVE] 
     effects: defiled_for_kin
OK  Sifra Emor Section 1 15 — the unfit wife                                                         [MOVE] 
     effects: —
OK  Onkelos Lev 21:4 — the fork on the token                                                         [MOVE] 
     effects: —
OK  Sifra Emor Section 1 16 — the toggling status                                                    [MOVE] 
     effects: defiled_for_kin
OK  Sifra Emor Chapter 1 1-5 — the three marks and the two-way transfer                              [MOVE] 
     effects: lashes
OK  Lev 21:5 + 19:27 — the razor (CALLED)                                                            [IMPORT] 
     effects: lashes
OK  Makkot 3:5 — the corners (CALLED)                                                                [IMPORT] 
     effects: lashes
OK  Makkot 3:5 — five gashes for one dead (CALLED)                                                   [IMPORT] 
     effects: lashes
OK  Sifra Emor Chapter 1 6 — holy by compulsion                                                      [MOVE] 
     effects: —
OK  Lev 21 — bread at five seats = the offerings                                                     [INK] 
     effects: —
OK  Sifra Emor Chapter 1 7 / Yevamot 6:5 — the zonah                                                 [MOVE] 
     effects: profaned_seed
OK  Sifra Emor Chapter 1 8 — the chalalah                                                            [MOVE] 
     effects: profaned_seed
OK  Sifra Emor Chapter 1 9-10 / Makkot 3:1 — the chalutzah                                           [MOVE] 
     effects: profaned_seed
OK  Sifra Emor Chapter 1 11 / Yevamot 10:3 — the husband's hand                                      [MOVE] 
     effects: —
OK  Lev 21:7 + 21:14 — the take-verb doubled / Yevamot 6:2                                           [INK] 
     effects: profaned_seed
OK  Sifra Emor Chapter 1 13 — sanctify him                                                           [MOVE] 
     effects: —
OK  Lev 21:9 — burning against strangling (CALLED)                                                   [INK] 
     effects: burned_by_court
OK  Sanhedrin 9:1 — the daughter in the burned list (CALLED)                                         [IMPORT] 
     effects: burned_by_court
OK  Sifra Emor Chapter 1 14-18 / Sanhedrin 11:1 — the daughter's predicate                           [MOVE] 
     effects: burned_by_court
OK  Onkelos Lev 21:9 — from her father's holiness                                                    [MOVE] 
     effects: —
OK  Sifra Emor Section 2 1 — the greatness                                                           [MOVE] 
     effects: invested_office
OK  Sifra Emor Section 2 2 / Horayot 3:4 — the one-hour rule                                         [MOVE] 
     effects: invested_office
OK  Sifra Emor Section 2 3 — the hair and the rending                                                [MOVE] 
     effects: —
OK  Sifra Emor Section 2 4 — the high priest and the dead                                            [MOVE] 
     effects: defiled_for_kin
OK  Sifra Emor Section 2 5 / Sanhedrin 2:1 — not out of the sanctuary                                [MOVE] 
     effects: —
OK  Sifra Emor Section 2 6 — the onen: the high priest                                               [MOVE] 
     effects: accepted
OK  Sifra Emor Section 2 6 — the onen: the commoner                                                  [MOVE] 
     effects: service_profaned
OK  Lev 21:12 — the crown of the oil                                                                 [MOVE] 
     effects: invested_office
OK  Sifra Emor Section 2 7 + Chapter 2 6 / Yevamot 6:4 — the virgin command                          [MOVE] 
     effects: —
OK  Lev 21:14 — the four barred                                                                      [INK] 
     effects: profaned_seed
OK  Sifra Emor Chapter 2 1-8 — the profaned seed                                                     [MOVE] 
     effects: profaned_seed
OK  Lev 21 — the profane root at seven seats                                                         [INK] 
     effects: —
OK  Yevamot 9:1 — commoner priest, widow, high-priest brother                                        [INK] 
     effects: profaned_seed
OK  Yevamot 9:2 — high priest betrothed a widow, commoner brother                                    [INK] 
     effects: profaned_seed
OK  Yevamot 9:2 — high priest, widow, high-priest brother                                            [INK] 
     effects: profaned_seed
OK  Yevamot 9:2 — a divorcee to any priest                                                           [INK] 
     effects: profaned_seed
OK  Yevamot 9:2 — the rest permitted to both                                                         [INK] 
     effects: profaned_seed
OK  Bekhorot 7:7 — the conduct bars                                                                  [ANSWER-SHEET] 
     effects: service_profaned
OK  Makkot 3:8-9 — the lash count                                                                    [ANSWER-SHEET] 
     effects: lashes
OK  Bava Metzia 2:10 — the lost object                                                               [ANSWER-SHEET] 
     effects: —
OK  Kiddushin 1:7 — the daughters of Aaron                                                           [ANSWER-SHEET] 
     effects: —
OK  Makkot 1:1 — not transferable                                                                    [ANSWER-SHEET] 
     effects: lashes
OK  Sotah 8:3 — the war front                                                                        [ANSWER-SHEET] 
     effects: —
OK  Lev 21 — "his people" at four seats                                                              [INK] 
     effects: —
OK  Yevamot 9:3 — the ketubah                                                                        [ANSWER-SHEET] 
     effects: —
OK  Sifra Emor Section 3 1 — the age ladder                                                          [MOVE] 
     effects: —
OK  Sifra Emor Section 3 2 — the future tense                                                        [MOVE] 
     effects: blemish_barred
OK  Lev 21 + 22 — the blemish tokens                                                                 [INK] 
     effects: —
OK  Lev 21:17-23 — the approach-verbs                                                                [INK] 
     effects: blemish_barred
OK  Sifra Emor Section 3 3-4 — the service census                                                    [MOVE] 
     effects: blemish_barred
OK  Sifra Emor Section 3 5 / Bekhorot 7:1 — Aaron himself, the passing blemish                       [MOVE] 
     effects: blemish_barred
OK  Lev 21:18-20 — the twelve class heads                                                            [INK] 
     effects: blemish_barred
OK  Sifra Emor Section 3 6 — blind                                                                   [MOVE] 
     effects: blemish_barred
OK  Sifra Emor Section 3 7 — charum                                                                  [MOVE] 
     effects: blemish_barred
OK  Sifra Emor Section 3 9 — sarua                                                                   [MOVE] 
     effects: blemish_barred
OK  Sifra Emor Section 3 12 / Bekhorot 7:2 — giben                                                   [MOVE] 
     effects: blemish_barred
OK  Sifra Emor Section 3 12 / Bekhorot 6:2 — dak                                                     [MOVE] 
     effects: blemish_barred
OK  Sifra Emor Section 3 13 / Bekhorot 6:2 — tevallul                                                [MOVE] 
     effects: blemish_barred
OK  Sifra Emor Section 3 15 / Bekhorot 7:5 + Onkelos 21:20 — the testicle reading                    [MOVE] 
     effects: blemish_barred
OK  Lev 21:18-20 vs 22:22-24 — the three shared tokens                                               [INK] 
     effects: —
OK  Sifra Emor Chapter 3 1 — the other blemishes                                                     [MOVE] 
     effects: blemish_barred
OK  Sifra Emor Chapter 3 2 / Bekhorot 7:6 — the Kushite class                                        [MOVE] 
     effects: blemish_barred
OK  Sifra Emor Chapter 3 3-5 / Bekhorot 7:7 — the beast's unfits in man                              [MOVE] 
     effects: —
OK  Sifra Emor Chapter 3 6-7 / Eruvin 10:13 — the passed blemish                                     [MOVE] 
     effects: accepted
OK  Sifra Emor Chapter 3 8-9 — the blemished eats                                                    [INK] 
     effects: due_to_priest
OK  Sifra Emor Chapter 3 10-11 — the veil and the altar                                              [MOVE] 
     effects: blemish_barred
OK  Sifra Emor Chapter 3 11 — the entry hierarchy                                                    [MOVE] 
     effects: —
OK  Sifra Emor Chapter 3 11 / Terumot 8:1 — served                                                   [MOVE] 
     effects: service_profaned
OK  Sifra Emor Chapter 3 12 — the transmission chain                                                 [MOVE] 
     effects: —
OK  Bekhorot 7:2 — the bald                                                                          [ANSWER-SHEET] 
     effects: blemish_barred
OK  Sifra Emor Section 3 14 / Bekhorot 7:3 — the eye positions                                       [MOVE] 
     effects: blemish_barred
OK  Bekhorot 7:4 — the proportions                                                                   [ANSWER-SHEET] 
     effects: blemish_barred
OK  Sifra Emor Section 3 11 / Bekhorot 7:6 — fingers joined to the joint                             [MOVE] 
     effects: accepted
OK  Sifra Emor Section 3 11 — fingers joined below                                                   [MOVE] 
     effects: blemish_barred
OK  Bekhorot 7:6 — the extra finger and the rest                                                     [ANSWER-SHEET] 
     effects: blemish_barred
OK  Lev 21:17, 22:3, 24:3 — the generations clause once per file                                     [INK] 
     effects: —
OK  Sifra Emor Section 4 1 + Onkelos 22:2 — the separation                                           [MOVE] 
     effects: —
OK  Sifra Emor Section 4 1 — whose holy things                                                       [MOVE] 
     effects: —
OK  Lev 22:2 + 22:32 — the Name frames the chapter                                                   [INK] 
     effects: name_profaned
OK  Sifra Emor Section 4 2 — the chillul triple import                                               [MOVE] 
     effects: —
OK  Sifra Emor Section 4 5 — the karet extension                                                     [MOVE] 
     effects: karet_cut_off
OK  Sifra Emor Section 4 7 — the readiness threshold                                                 [MOVE] 
     effects: —
OK  Sifra Emor Section 4 8 — body impurity                                                           [MOVE] 
     effects: —
OK  Lev 22:4 — the zav's tier (CALLED)                                                               [IMPORT] 
     effects: stranger_barred
OK  Sifra Emor Chapter 4 2 — until pure = sunset                                                     [MOVE] 
     effects: impure_until_evening
OK  Sifra Emor Chapter 4 1 — the tithe and the tevul yom                                             [MOVE] 
     effects: stranger_barred
OK  Sifra Emor Chapter 4 3-4 — the measures census                                                   [MOVE] 
     effects: stranger_barred
OK  Sifra Emor Chapter 4 5 — touch not move                                                          [MOVE] 
     effects: —
OK  Sifra Emor Chapter 4 5-10 — the mixture grid                                                     [MOVE] 
     effects: —
OK  Sifra Emor Chapter 4 7 — the whole body                                                          [MOVE] 
     effects: immersed
OK  Sifra Emor Chapter 4 8 / Chagigah 3:3 — the two gates                                            [MOVE] 
     effects: stranger_barred
OK  Sifra Emor Chapter 4 11 — his bread                                                              [MOVE] 
     effects: terumah_fed
OK  Sifra Emor Chapter 4 13 — the bird in the gullet                                                 [MOVE] 
     effects: impure_until_evening
OK  Sifra Emor Chapter 4 12 — the beast in the gullet                                                [MOVE] 
     effects: —
OK  Sifra Emor Chapter 4 14 + Onkelos 22:9 — the charge                                              [MOVE] 
     effects: death_by_heaven
OK  Sifra Emor Chapter 4 15 — die by it                                                              [MOVE] 
     effects: death_by_heaven
OK  Sifra Emor Chapter 4 16 — the stranger                                                           [MOVE] 
     effects: stranger_barred
OK  Sifra Emor Chapter 4 17 — resident and hireling                                                  [MOVE] 
     effects: stranger_barred
OK  Sifra Emor Chapter 4 18 / Yevamot 8:1 — the uncircumcised                                        [MOVE] 
     effects: stranger_barred
OK  Sifra Emor Section 5 1 / Yevamot 7:2 — the wife                                                  [MOVE] 
     effects: terumah_fed
OK  Sifra Emor Section 5 1 — the slaves' slave                                                       [MOVE] 
     effects: terumah_fed
OK  Sifra Emor Section 5 2 — the Hebrew slave                                                        [MOVE] 
     effects: —
OK  Sifra Emor Section 5 3 — the half-slave                                                          [MOVE] 
     effects: —
OK  Sifra Emor Section 5 4 — the worthless-born                                                      [MOVE] 
     effects: terumah_fed
OK  Sifra Emor Section 5 6 — the animal                                                              [MOVE] 
     effects: —
OK  Sifra Emor Section 5 6 — the dead priest                                                         [MOVE] 
     effects: —
OK  Sifra Emor Section 5 6 / Yevamot 7:5 — the son feeds the mother                                  [MOVE] 
     effects: terumah_fed
OK  Sifra Emor Section 5 7-10 / Yevamot 6:3 — the daughter to a stranger                             [MOVE] 
     effects: stranger_barred
OK  Sifra Emor Section 6 1 — terumah vs holy things                                                  [MOVE] 
     effects: —
OK  Sifra Emor Chapter 5 1-5 + Chapter 6 1 / Yevamot 9:6 — the return                                [MOVE] 
     effects: terumah_fed
OK  Sifra Emor Chapter 5 3 / Yevamot 7:6 — the grandson high priest                                  [MOVE] 
     effects: terumah_fed
OK  Yevamot 9:5 — married to a priest                                                                [INK] 
     effects: terumah_fed
OK  Yevamot 9:5 — married to a Levite                                                                [IMPORT] 
     effects: —
OK  Yevamot 9:5 — married to an Israelite                                                            [INK] 
     effects: stranger_barred
OK  Yevamot 9:6 — her son from the Israelite died: she returns                                       [INK] 
     effects: terumah_fed
OK  Yevamot 9:5 — her son from the Levite died: back to terumah                                      [INK] 
     effects: terumah_fed
OK  Yevamot 9:4 — the betrothed does not eat                                                         [MOVE] 
     effects: stranger_barred
OK  Yevamot 7:4 — the levirate-bound does not eat                                                    [MOVE] 
     effects: stranger_barred
OK  Yevamot 7:4 — the nine-and-a-day                                                                 [MOVE] 
     effects: stranger_barred
OK  Lev 22:11 — the married wife eats                                                                [MOVE] 
     effects: terumah_fed
OK  Yevamot 7:3-4 — the fetus                                                                        [MOVE] 
     effects: —
OK  Yevamot 7:1 — the forbidden wife's iron-flock slaves                                             [ANSWER-SHEET] 
     effects: terumah_fed
OK  Yevamot 7:1 — her usufruct slaves                                                                [ANSWER-SHEET] 
     effects: —
OK  Sifra Emor Chapter 5 4-5 / Yevamot 7:5 — rapist, seducer, fool, slave, mamzer                    [MOVE] 
     effects: —
OK  Yevamot 8:1 — the crushed priest                                                                 [ANSWER-SHEET] 
     effects: stranger_barred
OK  Yevamot 8:6 — the eunuch priest feeds                                                            [ANSWER-SHEET] 
     effects: terumah_fed
OK  Lev 22:14 — the fifth's algebra (CALLED)                                                         [IMPORT] 
     effects: adds_fifth
OK  Lev 22:14 + 27:31 — the spelling's two seats                                                     [INK] 
     effects: —
OK  Terumot 6:1, 7:4 — the erring eater                                                              [MOVE] 
     effects: adds_fifth, pays
OK  Terumot 7:1 — the deliberate eater (CALLED)                                                      [MOVE] 
     effects: pays
OK  Sifra Emor Chapter 6 2-3, 6 8 / Terumot 7:2-3 — the fifth's gates                                [MOVE] 
     effects: adds_fifth
OK  Sifra Emor Chapter 6 5 / Terumot 6:5 — the payment material                                      [MOVE] 
     effects: pays
OK  Sifra Emor Chapter 6 6 / Terumot 6:6 — kind for kind                                             [MOVE] 
     effects: pays
OK  Terumot 6:2 — the two payees                                                                     [ANSWER-SHEET] 
     effects: pays
OK  Terumot 6:3 — the workers                                                                        [ANSWER-SHEET] 
     effects: adds_fifth
OK  Terumot 6:4 — the thief                                                                          [ANSWER-SHEET] 
     effects: adds_fifth, pays_double
OK  Terumot 7:2 — the daughter who ate                                                               [ANSWER-SHEET] 
     effects: burned_by_court
OK  Terumot 8:1 — the eater who learns                                                               [ANSWER-SHEET] 
     effects: service_profaned
OK  Terumot 8:2 — terumah in the mouth                                                               [ANSWER-SHEET] 
     effects: stranger_barred
OK  Terumot 8:11 = Sifra Emor Chapter 6 10 — the warning's object                                    [MOVE] 
     effects: —
OK  Sifra Emor Chapter 6 9-10 + Onkelos 22:16 — the profaners                                        [MOVE] 
     effects: death_by_heaven
OK  Lev 22:16 — the asham homograph                                                                  [INK] 
     effects: —
OK  Lev 22 — the eating verb fourteen times                                                          [INK] 
     effects: —
OK  Sifra Emor Section 7 1-2 / Shekalim 1:5 — the vow class                                          [MOVE] 
     effects: accepted
OK  Sifra Emor Section 7 2 — whole and male: beasts not birds                                        [MOVE] 
     effects: accepted
OK  Lev 22:18 — the burnt offering's rite (CALLED)                                                   [IMPORT] 
     effects: accepted
OK  Lev 22:21 — the peace offering's window (CALLED)                                                 [IMPORT] 
     effects: eating_window
OK  Lev 22 — the acceptance root at seven seats                                                      [INK] 
     effects: not_accepted
OK  Sifra Emor Section 7 3 — the passing blemish                                                     [MOVE] 
     effects: not_accepted
OK  Sifra Emor Section 7 4, Chapter 7 1, 7 10 — one verb, three jobs                                 [MOVE] 
     effects: not_accepted
OK  Sifra Emor Section 7 5 — the five-count                                                          [MOVE] 
     effects: lashes
OK  Sifra Emor Section 7 6-7 — the individual, the partners, the public                              [MOVE] 
     effects: —
OK  Sifra Emor Section 7 8 + Onkelos 22:21 — the class sweep                                         [MOVE] 
     effects: not_accepted
OK  Sifra Emor Section 7 9 — positive and negative; fell and broke                                   [MOVE] 
     effects: lashes
OK  Sifra Emor Section 7 10 — the blood-rush firstling                                               [MOVE] 
     effects: —
OK  Lev 22:22 — the six class heads                                                                  [INK] 
     effects: not_accepted
OK  Sifra Emor Section 7 11 / Bekhorot 6:5 — broken = the tail                                       [MOVE] 
     effects: not_accepted
OK  Sifra Emor Section 7 12 / Bekhorot 6:1-4 + Onkelos 22:22 — charutz                               [MOVE] 
     effects: not_accepted
OK  Bekhorot 6:12 — garav the curable form                                                           [MOVE] 
     effects: not_accepted
OK  Sifra Emor Section 7 13 — the cross-list transfer                                                [MOVE] 
     effects: —
OK  Sifra Emor Chapter 7 2-3 — worked with: permitted                                                [MOVE] 
     effects: accepted
OK  Sifra Emor Chapter 7 4 — the four-token assignment                                               [MOVE] 
     effects: not_accepted
OK  Zevachim 8:5 — the blemished limb                                                                [ANSWER-SHEET] 
     effects: not_accepted
OK  Zevachim 8:8 — the blemished blood                                                               [ANSWER-SHEET] 
     effects: not_accepted
OK  Sifra Emor Chapter 7 6 + Onkelos 22:23 / Bekhorot 6:7 — sarua and kalut                          [MOVE] 
     effects: not_accepted
OK  Sifra Emor Chapter 7 6-8 / Shekalim 4:8 — for upkeep, not the altar                              [MOVE] 
     effects: consecrated
OK  Sifra Emor Chapter 7 9, 7 11-12 / Yevamot 8:2 — the castration ban                               [MOVE] 
     effects: lashes
OK  Sifra Emor Chapter 7 12 / Shekalim 1:5 — no shekels from gentiles                                [MOVE] 
     effects: not_accepted
OK  Lev 22:25 / Temurah 6:1 — the corruption class                                                   [MOVE] 
     effects: not_accepted
OK  Temurah 6:1 / Zevachim 8:1 — in any amount                                                       [ANSWER-SHEET] 
     effects: not_accepted
OK  Temurah 6:5 — the offspring                                                                      [ANSWER-SHEET] 
     effects: accepted
OK  Zevachim 9:3 — the blemished descends                                                            [ANSWER-SHEET] 
     effects: not_accepted
OK  Sifra Emor Section 8 1-2 — not a human                                                           [MOVE] 
     effects: —
OK  Sifra Emor Section 8 3 — the birth list                                                          [MOVE] 
     effects: eighth_day_fit
OK  Sifra Emor Section 8 4 — one hour with the mother                                                [MOVE] 
     effects: eighth_day_fit
OK  Sifra Emor Section 8 5 — the eighth-day join (the OWED of L5, closed at E1)                      [MOVE] 
     effects: eighth_day_fit
OK  Exod 22:29 by live call — the firstling's eighth day and onward (E1 compiled the callee)         [IMPORT] 
     effects: eighth_day_fit
OK  Sifra Emor Section 8 6 — accepted for the fire                                                   [MOVE] 
     effects: accepted
OK  Zevachim 14:2 — the under-age offered outside                                                    [ANSWER-SHEET] 
     effects: exempt
OK  Sifra Emor Section 8 8-10 — not wild, not bird, either one                                       [MOVE] 
     effects: —
OK  Sifra Emor Chapter 8 1 + Onkelos 22:28 — the female rule                                         [MOVE] 
     effects: same_day_slaughter_barred
OK  Sifra Emor Chapter 8 2 — it and its mother                                                       [MOVE] 
     effects: same_day_slaughter_barred
OK  Chullin 5:3 — the cow then her two young                                                         [MOVE] 
     effects: lashes
OK  Chullin 5:3 — her two young then the cow                                                         [MOVE] 
     effects: lashes
OK  Chullin 5:3 — her, her daughter, her granddaughter                                               [MOVE] 
     effects: lashes
OK  Chullin 5:3 — the middle one last                                                                [MOVE] 
     effects: lashes
OK  Chullin 5:1 — common outside                                                                     [INK] 
     effects: lashes, same_day_slaughter_barred
OK  Chullin 5:1 — consecrated outside                                                                [INK] 
     effects: lashes, same_day_slaughter_barred
OK  Chullin 5:1 — common inside                                                                      [INK] 
     effects: lashes, same_day_slaughter_barred
OK  Chullin 5:1 — consecrated inside                                                                 [INK] 
     effects: lashes, same_day_slaughter_barred
OK  Chullin 5:1 — everywhere                                                                         [INK] 
     effects: same_day_slaughter_barred
OK  Sifra Emor Chapter 8 5-6 / Chullin 5:3 — the slaughter verb                                      [MOVE] 
     effects: lashes
OK  Sifra Emor Chapter 8 8 / Chullin 5:3 — the four periods                                          [MOVE] 
     effects: forewarned
OK  Sifra Emor Chapter 8 9 / Chullin 5:4 — the compelled butcher                                     [MOVE] 
     effects: —
OK  Sifra Emor Chapter 8 9 / Chullin 5:5 — the day after the night                                   [MOVE] 
     effects: same_day_slaughter_barred
OK  Sifra Emor Chapter 9 1-2 — the reassignment                                                      [MOVE] 
     effects: eating_window
OK  Lev 22:30 — the thanksgiving's window (CALLED)                                                   [IMPORT] 
     effects: eating_window
OK  Sifra Emor Chapter 9 3 — keep and do                                                             [MOVE] 
     effects: —
OK  Sifra Emor Chapter 9 4-5 — the Name sanctified                                                   [MOVE] 
     effects: name_profaned
OK  Sifra Emor Chapter 9 6 — the Exodus condition                                                    [MOVE] 
     effects: —
OK  Lev 21-22 — "I am the LORD" at thirteen seats                                                    [INK] 
     effects: —
OK  Bekhorot 6:11-12 — the firstling's table                                                         [ANSWER-SHEET] 
     effects: not_accepted
OK  Bekhorot 6:3 — the cataract timer                                                                [DATA] 
     effects: —
OK  Bekhorot 6:1 — the ear                                                                           [DATA] 
     effects: not_accepted
OK  Bekhorot 6:6 — the testicles                                                                     [ANSWER-SHEET] 
     effects: not_accepted
OK  Bekhorot 6:8-9 — the recorded accretion                                                          [ANSWER-SHEET] 
     effects: not_accepted
OK  Exod 27:20 restated at Lev 24:2                                                                  [INK] 
     effects: lamp_arranged
OK  Sifra Emor Section 13 1 — command; you the treasurer                                             [MOVE] 
     effects: lamp_arranged
OK  Sifra Emor Section 13 1-3 / Menachot 8:4 — the three olives                                      [MOVE] 
     effects: lamp_arranged
OK  Sifra Emor Section 13 5 / Menachot 8:5 — the nine grades                                         [MOVE] 
     effects: —
OK  Sifra Emor Section 13 6 — beaten for the light only (CALLED)                                     [IMPORT] 
     effects: lamp_arranged
OK  Sifra Emor Section 13 4 — R. Yehuda's method                                                     [MOVE] 
     effects: —
OK  Lev 24 — pure written four times                                                                 [INK] 
     effects: lamp_arranged
OK  Sifra Emor Section 13 7 / Tamid 3:9 — the western lamp                                           [MOVE] 
     effects: lamp_arranged
OK  Lev 24 — continually four times                                                                  [INK] 
     effects: lamp_arranged
OK  Sifra Emor Section 13 8 — the position                                                           [MOVE] 
     effects: —
OK  Exod 27:21 vs Lev 24:3 — "and his sons" dropped                                                  [INK] 
     effects: lamp_arranged
OK  Sifra Emor Section 13 11 — evening to morning                                                    [MOVE] 
     effects: lamp_arranged
OK  Tamid 3:9 — found the two eastern lamps burning                                                  [ANSWER-SHEET] 
     effects: lamp_arranged
OK  Tamid 3:9 — found them out                                                                       [ANSWER-SHEET] 
     effects: lamp_arranged
OK  Sifra Emor Chapter 18 1 — wheat bought                                                           [MOVE] 
     effects: bread_set_weekly
OK  Lev 24:5 / Sifra Emor Chapter 18 2 / Menachot 11:1 — the loaves                                  [INK] 
     effects: bread_set_weekly
OK  Lev 24:6 / Sifra Emor Chapter 18 3 — two rows of six by three verses                             [INK] 
     effects: bread_set_weekly
OK  Sifra Emor Chapter 18 4, 18 8 / Menachot 11:6 — the props and reeds                              [MOVE] 
     effects: bread_set_weekly
OK  Sifra Emor Chapter 18 5 — both rows                                                              [MOVE] 
     effects: bread_set_weekly
OK  Sifra Emor Chapter 18 6 / Menachot 5:3, 3:6 — the frankincense                                   [MOVE] 
     effects: azkarah_to_fire
OK  Menachot 11:5 — the dishes' place disputed                                                       [ANSWER-SHEET] 
     effects: —
OK  Lev 24:7 — the memorial (CALLED)                                                                 [IMPORT] 
     effects: azkarah_to_fire
OK  Lev 24:9 / Zevachim 9:5, Menachot 5:6 — not the fire's (CALLED)                                  [IMPORT] 
     effects: due_to_priest
OK  Lev 24:8 / Sifra Emor Chapter 18 8-9 — the Sabbath exchange                                      [INK] 
     effects: bread_set_weekly
OK  Menachot 11:7 — the exchange protocol                                                            [ANSWER-SHEET] 
     effects: bread_set_weekly
OK  Menachot 11:8 — the invalid arrangements                                                         [ANSWER-SHEET] 
     effects: bread_set_weekly
OK  Menachot 11:9 — the window: nine                                                                 [ANSWER-SHEET] 
     effects: bread_set_weekly
OK  Menachot 11:9 — a festival on Friday: ten                                                        [ANSWER-SHEET] 
     effects: bread_set_weekly
OK  Menachot 11:9 — Rosh Hashanah's two days: eleven                                                 [ANSWER-SHEET] 
     effects: bread_set_weekly
OK  Sifra Emor Chapter 18 9 — the covenant                                                           [MOVE] 
     effects: bread_set_weekly
OK  Sifra Emor Chapter 18 10-11 / Menachot 11:2 — the eating                                         [MOVE] 
     effects: due_to_priest, most_holy
OK  Menachot 11:4-5 — the dimensions                                                                 [DATA] 
     effects: —
OK  Menachot 11:7 — the two tables                                                                   [ANSWER-SHEET] 
     effects: —
OK  Tamid 3:3 — the showbread chamber                                                                [DATA] 
     effects: —
OK  Menachot 6:7 — the sieves                                                                        [DATA] 
     effects: —
OK  Lev 24:3, 24:8, 24:9 — the three perpetual clauses                                               [INK] 
     effects: —

MATRIX: 252/252 cells match the answer sheet
FRACTIONS: pure ink 44/252 (17%) · recorded moves 151/252 (59%) · answer-sheet 38/252 · data 5/252 · imports 14/252 · hypotheses 0/252
LEDGER OPS this span writes: block x71, body x24, debit x14, heaven x22, status x54, timer x34, transfer x4
effects: every cell carries REGISTERED effects — NINE discovered in these verses' own verbs: defiled_for_kin, profaned_seed, terumah_fed (STATUS), blemish_barred, stranger_barred, same_day_slaughter_barred (BLOCK), eighth_day_fit, lamp_arranged, bread_set_weekly (TIMER) [effects law satisfied]
  WATCH law_priesthood         seen  49  fired  46  on: blemished_priest_approached, bread_arranged, firstling_born, head_anointed, lamps_raised, mother_and_young_slaughtered, offering_vowed, priest_body_marked, priest_daughter_whored, priest_defiled_for_dead, priest_impure_approached_holy, priest_married, terumah_eaten
THE PRIESTHOOD AND ITS DUES COMPILE — the six relatives on six tokens, the razor and the daughter's burning by call, the blemish census on twelve class heads with three tokens shared exactly by the animal's list, the zav and the fifth by call, the eaters' file on the feeder predicate, the acceptable animal with the hapax "and from the day" and the Torah's only "on one day", the lamp as Exod 27:20 restated with one token dropped, the table's memorial by call; the holiness, sanctions, clocks, Lev 5, offering, and meal-offering engines CALLED.
guard: 147 expectations checked, every one a literal from the answer sheet [honest-pairing guard satisfied]
guard: 274 expectations checked, every one a literal from the answer sheet [honest-pairing guard satisfied]
guard: 66 expectations checked, every one a literal from the answer sheet [honest-pairing guard satisfied]
probes: all 61 ink-token probes fired [zero-report law satisfied]
censuses: "this is the thing" 4 · "to serve Me as priest" 4+3 · the finger ['Exod 29:12'] (the base FIRST at ['Exod 29:12']) · the ridge 7 · "waved and lifted" ['Exod 29:27'] · the succession hapaxes (['Exod 29:29'], ['Exod 29:30'], ['Exod 29:30']) · "a stranger shall not eat" ['Exod 29:33'] · "whatever touches" ['Exod 29:37', 'Exod 30:29', 'Lev 6:11', 'Lev 6:20'] · "two lambs each day" ['Exod 29:38'] · "a continual burnt offering" ['Exod 29:42', 'Ezra 3:5', 'Num 28:6'] · "for your generations" ['29:42', '30:8', '30:10', '30:31', '31:13'] · "an altar for burning" ['Exod 30:1', 'Mal 1:11'] · "strange incense" ['Exod 30:9'] · "once a year" 2 in 30:10 · "a ransom for his soul" ['Exod 30:12'] · "twenty gerah" ['Exod 30:13', 'Ezek 45:12', 'Lev 27:25', 'Num 3:47', 'Num 18:16'] (the cud 8) · the laver 11 Torah seats · "their hands and their feet" ['2Sam 4:12', 'Exod 30:19', 'Exod 30:21', 'Exod 40:31', 'Judg 1:7'] · the spice hapaxes [1, 1, 1, 1, 2] · the doubled yod ['Exod 30:32'] · the formula-word ['2Chr 24:13', 'Exod 5:8', 'Exod 30:32', 'Exod 30:37', 'Ezek 45:11'] · crown/stranger forms ['29:33', '30:3', '30:4', '30:9', '30:33'] · "My Sabbaths" ['Exod 31:13', 'Lev 19:3', 'Lev 19:30', 'Lev 26:2'] · "its profaners" ['Exod 31:14'] · "you shall not kindle" ['Exod 35:3'] · the run's stamp ['8:9', '8:13', '8:17', '8:21', '8:29'] · tokens (649, 468, 134, 570)
alignment across books: spec 35 verses, run 32; spec matched 14, run matched 15, dropped 21 — ['29:1', '29:2', '29:3', '29:4', '29:5', '29:6', '29:7', '29:8', '29:9', '29:11', '29:12', '29:16', '29:17', '29:27', '29:28', '29:31', '29:33', '29:34', '29:35', '29:36', '29:37']; numerals equal in ['bull', 'meal', 'ram_olah', 'washing']; run verses outside every block ['8:1', '8:3', '8:4', '8:5', '8:10', '8:11']; spec verses outside every block ['29:29', '29:30', '29:38', '29:39', '29:40', '29:41', '29:42', '29:43', '29:44', '29:45', '29:46']
routing receipts: chatat CALLED — inner 'inside_tent', outer 'outer_altar_horns', carcass 'burned_outside_camp_ash_pour', karet census 36; minchah — oil grade 'not_required_pure_beaten', leaven 'transgression', salt 'required', libation 'oil_only'; offerings — the flock olah 'two_that_are_four', ox tail False, lamb tail True; tzav — atomicity 'atomic — all components or no sanctification', commit 'committed at the blood sprinkling', confinement 'a seven-day confinement timer; the template for the generations', leftover "the installation's own leftover clause", dues 'breast and thigh to the priests after the smoking', fire 'a standing never-extinguish duty'; priesthood — nezer 'the_crown_of_the_oil_the_many_garmented_included'; yoma — 16:12-13 'coals and incense — inside, the cloud', 16:18-19 'the inner altar: mixed bloods, the corners', 16:16-17 'the hall atoned; no person in the tent'; yovel — the shekel 20; vayikra5 — 'north, male_priests within the hangings (CALLED tzav.asham_law)'; mishpatim — the tariff probe True; sanctuary — base 'not_in_the_spec', horns 'from_it', veil at 20, talent 3000, census 603550; vestments — Exod 29 order ['tunic', 'robe', 'ephod', 'breastplate', 'turban', 'sash', 'caps'], Lev 8 order ['tunic', 'sash', 'robe', 'ephod', 'breastplate', 'turban', 'plate', 'caps'], flax 'linen_from_bad'; decalogue 'the whole household barred'; moadim 'all_work'; calendar 'every seventh day' / 'ox, donkey, slave, resident stranger'; metzora 'right_ear_ridge_right_thumb_right_toe'; guardians (unpaid, theft) (True, [6]) [IMPORT, live calls]
answer sheet: 45 Mishnah rows verified by their own tokens (Shekalim whole, Keritot 1, Yoma 4, Zevachim 5 and 9, Shabbat 7, Tamid 5-6, Menachot 4 with the topic and link rows — the incense-and-shekel docket)
guard: 301 test rows, every expected value a literal from the answer sheet [honest-pairing guard satisfied]

OK  Exod 29:1 — "this is the thing" at four seats                                                    [INK] 
     effects: invested_office
OK  "to serve Me as priest" four + three                                                             [INK] 
     effects: invested_office
OK  Exod 29:1-2 — a bull, two rams, three breads of wheat                                            [INK] 
     effects: —
OK  Lev 8:2 — the run's eleven marked items                                                          [INK] 
     effects: —
OK  Exod 29:4, 40:12 — wash them with water                                                          [INK] 
     effects: immersed
OK  Onkelos Exod 29:4 — immerse                                                                      [MOVE] 
     effects: immersed
OK  CALLED vestments.investiture(exod29_order)                                                       [IMPORT] 
     effects: invested_office
OK  CALLED vestments.investiture(lev8_order)                                                         [IMPORT] 
     effects: invested_office
OK  CALLED vestments.order_by_name on this span's tokens                                             [IMPORT] 
     effects: —
OK  THE SPLIT VERB — gird THEM once; girded HIM twice, THEM once                                     [INK] 
     effects: invested_office
OK  Yoma 5b:9 — the sash disputed from the split verb                                                [MOVE] 
     effects: invested_office
OK  "the holy crown" at three seats                                                                  [INK] 
     effects: plate_propitiates
OK  "pour on his head" — Aaron and Jehu                                                              [INK] 
     effects: anointed
OK  Lev 8:12 — the run pours after the tabernacle                                                    [INK] 
     effects: anointed
OK  the statute-token at four seats of the span                                                      [INK] 
     effects: invested_office
OK  "fill the hand" — 28:41 and 29:9                                                                 [INK] 
     effects: invested_office
OK  Onkelos — offer their offering                                                                   [MOVE] 
     effects: invested_office
OK  Zevachim 17b:6 — garments off, priesthood off                                                    [MOVE] 
     effects: invested_office
OK  Zevachim 18a:7 — the wrong set invalid                                                           [MOVE] 
     effects: disqualified
OK  Mishnah Zevachim 2:1 — one lacking garments                                                      [ANSWER-SHEET] 
     effects: disqualified
OK  the dressing block: none matched                                                                 [INK] 
     effects: —
OK  hands laid three times, spec and run                                                             [INK] 
     effects: hand_laid
OK  Onkelos — lean                                                                                   [MOVE] 
     effects: hand_laid
OK  Exod 29:12 — "with your finger" a hapax                                                          [INK] 
     effects: —
OK  Zevachim 24b:3 — the finger binds the placing                                                    [MOVE] 
     effects: —
OK  CALLED sanctuary_build.altar(base) — the base's first seat                                       [IMPORT] 
     effects: —
OK  CALLED chatat.blood(commoner) — the outer horns                                                  [IMPORT] 
     effects: accepted
OK  CALLED chatat.carcass(anointed) — burned outside                                                 [IMPORT] 
     effects: burned_outside_camp
OK  burn in fire outside the camp — one spec, two runs                                               [INK] 
     effects: burned_outside_camp
OK  "it is a sin offering" at five seats                                                             [INK] 
     effects: —
OK  CALLED offerings.dispatch(fat:ox) — no tail                                                      [IMPORT] 
     effects: smoked_to_the_lord
OK  Lev 8:15 — the run purges the altar at the bull                                                  [INK] 
     effects: altar_purged
OK  the bull block: three matched                                                                    [INK] 
     effects: —
OK  CALLED offerings.dispatch(olah:flock) — wholly to the fires                                      [IMPORT] 
     effects: accepted
OK  the cutting verb at five seats                                                                   [INK] 
     effects: —
OK  "it is a burnt offering" at four seats                                                           [INK] 
     effects: —
OK  Exod 29:18 — two ITs                                                                             [INK] 
     effects: accepted
OK  "a pleasing odor" thrice in the spec                                                             [INK] 
     effects: accepted
OK  Onkelos — accepted with favor                                                                    [MOVE] 
     effects: accepted
OK  "the ram of installation" at six seats                                                           [INK] 
     effects: invested_office
OK  CALLED tzav.installation(atomicity)                                                              [IMPORT] 
     effects: invested_office
OK  CALLED metzora.eighth(members) — the shared map                                                  [IMPORT] 
     effects: blood_on_extremities
OK  Lev 8:23-24 — the run splits the members                                                         [INK] 
     effects: blood_on_extremities
OK  Exod 29:21 / Lev 8:30 — the sprinkling relocated                                                 [INK] 
     effects: consecrated
OK  Onkelos — man and clothing one unit                                                              [MOVE] 
     effects: consecrated
OK  CALLED offerings.dispatch(fat:lamb) — the tail                                                   [IMPORT] 
     effects: smoked_to_the_lord
OK  "the right thigh" at six seats                                                                   [INK] 
     effects: due_to_priest
OK  "the basket of unleavened bread" at three seats                                                  [INK] 
     effects: —
OK  CALLED minchah.leaven — transgression                                                            [IMPORT] 
     effects: barred_from_it
OK  the wave at three verses                                                                         [INK] 
     effects: waved
OK  Exod 29:27 — "waved and lifted" a hapax                                                          [INK] 
     effects: waved
OK  Mishnah Menachot 5:6 — the two axes from the verse                                               [ANSWER-SHEET] 
     effects: waved
OK  Lev 8:29 — to Moses a portion                                                                    [INK] 
     effects: due_to_priest
OK  CALLED tzav.dues_machine(breast_thigh)                                                           [IMPORT] 
     effects: due_to_priest
OK  "for a perpetual statute" at six seats                                                           [INK] 
     effects: due_to_priest
OK  CALLED offerings.dispatch(shelamim) — the raised portion                                         [IMPORT] 
     effects: due_to_priest
OK  Avodah Zarah 10b:14 — half and half                                                              [MOVE] 
     effects: due_to_priest
OK  the installation-ram block: eight matched                                                        [INK] 
     effects: —
OK  Exod 29:29 — "to his sons after him" a hapax                                                     [INK] 
     effects: garments_inherited
OK  Exod 29:30 — "seven days shall... wear them" a hapax                                             [INK] 
     effects: garments_inherited
OK  Lev 16:32 — in his father's stead                                                                [INK] 
     effects: garments_inherited
OK  Yoma 5a:12 — anointing likened to filling: seven                                                 [MOVE] 
     effects: garments_inherited
OK  Yoma 72b:20 — whoever comes in greatness                                                         [MOVE] 
     effects: garments_inherited
OK  Yoma 73a:1 — one fit to enter                                                                    [MOVE] 
     effects: garments_inherited
OK  CALLED priesthood.family(nezer)                                                                  [IMPORT] 
     effects: garments_inherited
OK  Mishnah Yoma 1:1 — another priest prepared                                                       [ANSWER-SHEET] 
     effects: garments_inherited
OK  Num 20:28 — the run at Hor (with Esther's sackcloth)                                             [INK] 
     effects: garments_inherited
OK  29:29-30 outside every block of the run                                                          [INK] 
     effects: —
OK  "in a holy place" at eight seats                                                                 [INK] 
     effects: most_holy
OK  the door at four verses of the spec                                                              [INK] 
     effects: —
OK  Exod 29:33 — the atoned eaters a hapax                                                           [INK] 
     effects: eaten_to_atone
OK  Pesachim 59b:4 / Yevamot 40a:3 — the priests eat, the owners are atoned                          [MOVE] 
     effects: eaten_to_atone
OK  Exod 29:33 — "a stranger shall not eat"                                                          [INK] 
     effects: stranger_barred
OK  Makkot 18b:5 — the two clauses one conditional                                                   [MOVE] 
     effects: stranger_barred
OK  the stranger/crown forms at five verses                                                          [INK] 
     effects: —
OK  Exod 29:34 — the leftover to morning                                                             [INK] 
     effects: burn_remainder
OK  CALLED tzav.installation(leftover)                                                               [IMPORT] 
     effects: burn_remainder
OK  Zevachim 98a:4 — the installation the paradigm                                                   [MOVE] 
     effects: burn_remainder
OK  Mishnah Pesachim 8:8 — the onen                                                                  [ANSWER-SHEET] 
     effects: eaten_to_atone
OK  the meal block: one matched                                                                      [INK] 
     effects: —
OK  Exod 29:35 — "thus according to all" a hapax                                                     [INK] 
     effects: invested_office
OK  Yoma 5a:13 — thus is a limiter                                                                   [MOVE] 
     effects: invested_office
OK  Yoma 5b:2 — the run's two limiters                                                               [MOVE] 
     effects: confined_seven_days
OK  "seven days" — spec three, run two                                                               [INK] 
     effects: confined_seven_days
OK  CALLED tzav.installation(confinement)                                                            [IMPORT] 
     effects: confined_seven_days
OK  CALLED tzav.installation(commit_point)                                                           [IMPORT] 
     effects: invested_office
OK  Exod 29:36 — a bull of sin offering each day                                                     [INK] 
     effects: altar_purged
OK  the purge verb at five seats                                                                     [INK] 
     effects: altar_purged
OK  "most holy" at four verses of the span                                                           [INK] 
     effects: most_holy
OK  "whatever touches" at four seats                                                                 [INK] 
     effects: sanctified_by_contact
OK  Onkelos — whatever touches the altar becomes holy                                                [MOVE] 
     effects: sanctified_by_contact
OK  Zevachim 83b:12 — the scope from a neighbor verse                                                [MOVE] 
     effects: sanctified_by_contact
OK  Zevachim 87a:11 — the altar, the ramp, the vessels                                               [MOVE] 
     effects: sanctified_by_contact
OK  Mishnah Zevachim 9:1 — the altar sanctifies what is fit                                          [ANSWER-SHEET] 
     effects: sanctified_by_contact
OK  Mishnah Zevachim 9:7 — the ramp and the vessels                                                  [ANSWER-SHEET] 
     effects: sanctified_by_contact
OK  Mishnah Zevachim 9:5 — the incense comes down                                                    [ANSWER-SHEET] 
     effects: strange_offering_barred
OK  the run's stamp at five verses (the substring catch)                                             [INK] 
     effects: inspected_as_commanded
OK  Lev 8:36 — and Aaron and his sons did                                                            [INK] 
     effects: inspected_as_commanded
OK  Lev 8:34 — as he did this day                                                                    [INK] 
     effects: altar_purged
OK  the seven-days block: none matched                                                               [INK] 
     effects: —
OK  Menachot 29a:15 — slaughter shown by the finger                                                  [MOVE] 
     effects: tamid_owed
OK  Exod 29:38 — two lambs each day continually                                                      [INK] 
     effects: tamid_owed
OK  the plural's minimum two                                                                         [MOVE] 
     effects: tamid_owed
OK  Menachot 50a:6 — the second not the first                                                        [MOVE] 
     effects: tamid_owed
OK  "between the evenings" at three verses                                                           [INK] 
     effects: tamid_owed
OK  the measures — tenth, two quarter-hins, wine vs strong drink                                     [INK] 
     effects: tamid_owed
OK  CALLED minchah.oil_grade — beaten not required                                                   [IMPORT] 
     effects: tamid_owed
OK  Menachot 51a:4 — three log                                                                       [MOVE] 
     effects: tamid_owed
OK  Exod 29:41 / Num 28:8 — the internal pointer                                                     [INK] 
     effects: tamid_owed
OK  CALLED minchah.salt — required                                                                   [IMPORT] 
     effects: salted
OK  "a continual burnt offering" — with Ezra 3:5                                                     [INK] 
     effects: tamid_owed
OK  "for your generations" at five verses                                                            [INK] 
     effects: tamid_owed
OK  Yoma 33b:12 — the doubled token orders the service                                               [MOVE] 
     effects: incense_continual
OK  Mishnah Yoma 3:5 — the incense between blood and limbs                                           [ANSWER-SHEET] 
     effects: incense_continual
OK  Mishnah Menachot 4:4 — the morning missed                                                        [ANSWER-SHEET] 
     effects: tamid_owed
OK  Mishnah Menachot 4:4 — the four initiations are Exod 40                                          [ANSWER-SHEET] 
     effects: incense_continual
OK  Mishnah Shekalim 4:1 — the tamids from the terumah                                               [ANSWER-SHEET] 
     effects: tamid_owed
OK  Num 28:10 — the tamid on the Sabbath                                                             [INK] 
     effects: tamid_owed
OK  "where I will meet" — plural and singular                                                        [INK] 
     effects: meeting_appointed
OK  Onkelos — appoint My Word for you (pl.)                                                          [MOVE] 
     effects: meeting_appointed
OK  Zevachim 115b:12 — by My honored ones                                                            [MOVE] 
     effects: —
OK  "and I will dwell among" at three seats                                                          [INK] 
     effects: presence_dwells
OK  "and I will be their God" at four seats                                                          [INK] 
     effects: covenant_upheld
OK  Exod 29:46 — "to dwell" a hapax                                                                  [INK] 
     effects: presence_dwells
OK  29:38-46 outside every block of the run                                                          [INK] 
     effects: —
OK  "an altar for burning" — with Malachi                                                            [INK] 
     effects: incense_continual
OK  Exod 30:2 — one by one by two                                                                    [INK] 
     effects: —
OK  "square" at six Torah seats                                                                      [INK] 
     effects: —
OK  CALLED sanctuary_build.altar(horns)                                                              [IMPORT] 
     effects: —
OK  "a crown of gold" at eight seats                                                                 [INK] 
     effects: —
OK  CALLED sanctuary_build.veil(veil_at) — twenty                                                    [IMPORT] 
     effects: —
OK  CALLED sanctuary_build.veil(floor_plan)                                                          [IMPORT] 
     effects: —
OK  "where I will meet with you (sg.)" twice                                                         [INK] 
     effects: meeting_appointed
OK  "incense of spices" at nine seats                                                                [INK] 
     effects: incense_continual
OK  "morning by morning" at thirteen seats                                                           [INK] 
     effects: incense_continual
OK  Yoma 33b:8-10 — five then two                                                                    [MOVE] 
     effects: lamp_arranged
OK  CALLED priesthood.lamp_table(western_lamp)                                                       [IMPORT] 
     effects: lamp_arranged
OK  "raises" — the lamps and the cloud                                                               [INK] 
     effects: incense_continual
OK  Exod 30:8 — "a continual incense" a hapax; CALLED yoma 16:12-13                                  [INK] 
     effects: incense_continual
OK  Onkelos — the continual incense on the lamp's clock                                              [MOVE] 
     effects: incense_continual
OK  Exod 30:9 — four barred inputs                                                                   [INK] 
     effects: strange_offering_barred
OK  Onkelos — strange incense                                                                        [MOVE] 
     effects: strange_offering_barred
OK  Menachot 50a-b — no donated incense                                                              [MOVE] 
     effects: strange_offering_barred
OK  "once a year" twice in 30:10                                                                     [INK] 
     effects: horns_atoned_yearly
OK  Shevuot 10a-b — one atonement not two                                                            [MOVE] 
     effects: horns_atoned_yearly
OK  Shevuot 10b:6 — inner one, outer even two                                                        [MOVE] 
     effects: horns_atoned_yearly
OK  CALLED yoma.service_order 16:18-19                                                               [IMPORT] 
     effects: horns_atoned_yearly
OK  CALLED chatat.blood(anointed) — Lev 4:7 on the same horns                                        [IMPORT] 
     effects: accepted
OK  Mishnah Zevachim 5:1 — the golden altar, one gift indispensable                                  [ANSWER-SHEET] 
     effects: horns_atoned_yearly
OK  Mishnah Zevachim 5:2 — the burned bulls                                                          [ANSWER-SHEET] 
     effects: accepted
OK  Exod 30:10 — most holy to the LORD                                                               [INK] 
     effects: most_holy
OK  Mishnah Yoma 4:4 — a half-maneh morning and twilight                                             [ANSWER-SHEET] 
     effects: incense_continual
OK  CALLED tzav.altar_machine(extinguish) — the fire carried                                         [IMPORT] 
     effects: perpetual_fire_duty
OK  Num 17:5 — the burner Aaron's seed                                                               [INK] 
     effects: incense_continual
OK  Num 7:14 — twelve ladles full of incense                                                         [INK] 
     effects: incense_continual
OK  CALLED yoma.service_order 16:16-17 — the people withdraw                                         [IMPORT] 
     effects: incense_continual
OK  Exod 40:27 — the first incense (Menachot 4:4)                                                    [INK] 
     effects: incense_continual
OK  Yoma 45a:3 — fine of the fine                                                                    [MOVE] 
     effects: incense_continual
OK  Exod 30:12 — "when you lift" a hapax                                                             [INK] 
     effects: half_shekel_owed
OK  the ransom-word's six Torah seats                                                                [INK] 
     effects: half_shekel_owed
OK  CALLED mishpatim.has_lemma(21:32) — the thirty-shekel tariff                                     [IMPORT] 
     effects: half_shekel_owed
OK  Onkelos — the redemption of his soul; the sela                                                   [MOVE] 
     effects: half_shekel_owed
OK  Exod 30:12 — no plague when you count                                                            [INK] 
     effects: no_plague_at_counting
OK  2 Sam 24:15 — the negative branch executed                                                       [INK] 
     effects: no_plague_at_counting
OK  Exod 30:13 — "this they shall give"                                                              [INK] 
     effects: half_shekel_owed
OK  "passing over to the counted" — spec twice, run once                                             [INK] 
     effects: half_shekel_owed
OK  "half" the shekel at four tokens                                                                 [INK] 
     effects: half_shekel_owed
OK  "by the shekel of the sanctuary" at twenty-five seats                                            [INK] 
     effects: half_shekel_owed
OK  "twenty gerah the shekel" at five seats                                                          [INK] 
     effects: half_shekel_owed
OK  the gerah and the cud — thirteen, eight                                                          [INK] 
     effects: —
OK  CALLED yovel.field_valuation shekel — twenty                                                     [IMPORT] 
     effects: half_shekel_owed
OK  CALLED vayikra5.pointers(asham_procedure)                                                        [IMPORT] 
     effects: half_shekel_owed
OK  Mishnah Zevachim 10:5 — two years and silver shekels                                             [ANSWER-SHEET] 
     effects: half_shekel_owed
OK  the terumah-token thrice                                                                         [INK] 
     effects: half_shekel_owed
OK  "from twenty years and up" at twenty-three seats                                                 [INK] 
     effects: half_shekel_owed
OK  Exod 30:15 — the rich no more                                                                    [INK] 
     effects: half_shekel_owed
OK  Mishnah Shekalim 2:4 — all hands equal                                                           [ANSWER-SHEET] 
     effects: half_shekel_owed
OK  Mishnah Shekalim 1:3 — whom they pledge                                                          [ANSWER-SHEET] 
     effects: half_shekel_owed
OK  "to atone for your souls" — the shekel and the blood                                             [INK] 
     effects: half_shekel_owed
OK  Exod 30:16 — the silver of the atonements                                                        [INK] 
     effects: half_shekel_owed
OK  CALLED sanctuary_build.books(census, talent) — the sockets                                       [IMPORT] 
     effects: accounts_rendered
OK  Num 1 and 26 carry no shekel                                                                     [INK] 
     effects: half_shekel_owed
OK  Mishnah Shekalim 6:5 — the trigger parameter                                                     [ANSWER-SHEET] 
     effects: half_shekel_owed
OK  2 Chr 24:6, 9 — the levy of Moses                                                                [INK] 
     effects: half_shekel_owed
OK  Neh 10:33 — a third of a shekel yearly                                                           [INK] 
     effects: half_shekel_owed
OK  Mishnah Shekalim 4:1 — the tamids and all public offerings                                       [ANSWER-SHEET] 
     effects: tamid_owed
OK  Mishnah Shekalim 8:8 — only before the House                                                     [ANSWER-SHEET] 
     effects: half_shekel_owed
OK  CALLED guardians.para_outcome(unpaid, theft) — the oath at 22:6                                  [IMPORT] 
     effects: oath_imposed
OK  Megillah 29b:7 — the reading fork                                                                [MOVE] 
     effects: —
OK  Megillah 30a:7-8 — the paragraph re-read                                                         [MOVE] 
     effects: —
OK  Mishnah Megillah 3:4 — Adar on the Sabbath                                                       [ANSWER-SHEET] 
     effects: —
OK  Mishnah Shekalim 6:6 — Jehoiada's chest cited                                                    [ANSWER-SHEET] 
     effects: due_to_priest
OK  the laver-word at eleven Torah seats                                                             [INK] 
     effects: hands_feet_sanctified
OK  "for washing" at three seats                                                                     [INK] 
     effects: hands_feet_sanctified
OK  "between the tent and the altar" at three seats                                                  [INK] 
     effects: —
OK  Zevachim 21a:3 — from it, not inside it                                                          [MOVE] 
     effects: hands_feet_sanctified
OK  Zevachim 22a:5 — the base for the bronze only                                                    [MOVE] 
     effects: hands_feet_sanctified
OK  "their hands and their feet" — with two severed pairs                                            [INK] 
     effects: hands_feet_sanctified
OK  Arakhin 19b:5 — to the joint                                                                     [MOVE] 
     effects: hands_feet_sanctified
OK  "that they not die" twice                                                                        [INK] 
     effects: death_by_heaven
OK  Onkelos — wash rendered sanctify                                                                 [MOVE] 
     effects: hands_feet_sanctified
OK  the two loci — 28:43's pair                                                                      [INK] 
     effects: hands_feet_sanctified
OK  Zevachim 19b:19 — which verb                                                                     [MOVE] 
     effects: hands_feet_sanctified
OK  Zevachim 19b:8 — what binds the seed binds him                                                   [MOVE] 
     effects: hands_feet_sanctified
OK  Mishnah Yoma 4:5 — the laver and the pitcher                                                     [ANSWER-SHEET] 
     effects: hands_feet_sanctified
OK  Mishnah Zevachim 2:1 — unwashed invalid                                                          [ANSWER-SHEET] 
     effects: disqualified
OK  Mishnah Tamid 1:4, 2:1 — before touching a vessel                                                [ANSWER-SHEET] 
     effects: hands_feet_sanctified
OK  Mishnah Yoma 3:10 — ben Katin's twelve and the device                                            [DATA] 
     effects: hands_feet_sanctified
OK  Exod 40:31 — the run washes from it                                                              [INK] 
     effects: hands_feet_sanctified
OK  four spice-hapaxes and cassia                                                                    [INK] 
     effects: anointed
OK  the weights sum to 1500                                                                          [INK] 
     effects: anointed
OK  Keritot 5a:24 — the count excludes two thousand                                                  [MOVE] 
     effects: anointed
OK  the hin at eighteen seats                                                                        [INK] 
     effects: anointed
OK  Keritot 5b:2 — twelve log from "this"                                                            [MOVE] 
     effects: anointed
OK  Chullin 139b:12 — Mordechai through Onkelos                                                      [MOVE] 
     effects: —
OK  "anointing" thrice; the perfumer at five seats                                                   [INK] 
     effects: anointed
OK  seven anointed objects                                                                           [INK] 
     effects: anointed
OK  CALLED sanctuary_build.altar(run_names_it) — the name's first seat                               [IMPORT] 
     effects: —
OK  Exod 30:29 — the vessels' contagion                                                              [INK] 
     effects: sanctified_by_contact
OK  "you shall anoint" — with Elijah's commission                                                    [INK] 
     effects: anointed
OK  Horayot 11b-12a, Keritot 5b:10 — the oil endures, hidden                                         [MOVE] 
     effects: anointed
OK  Exod 30:32 — the flesh of a man; the doubled yod                                                 [INK] 
     effects: compounding_barred
OK  Keritot 6b:19 — the scope of adam                                                                [MOVE] 
     effects: compounding_barred
OK  the formula-word — the bricks' quota                                                             [INK] 
     effects: compounding_barred
OK  "like it" — the plagues' superlative                                                             [INK] 
     effects: compounding_barred
OK  Exod 30:33 — two subjects, one karet                                                             [INK] 
     effects: karet_cut_off
OK  Makkot 14b:2 — to divide                                                                         [MOVE] 
     effects: karet_cut_off
OK  Mishnah Keritot 1:1 — four of the thirty-six; CALLED chatat.karet_census                         [ANSWER-SHEET] 
     effects: karet_cut_off
OK  Mishnah Makkot 3:2 — three flogged                                                               [ANSWER-SHEET] 
     effects: lashes
OK  Keritot 5a:19-20 — the compounder's exemptions                                                   [MOVE] 
     effects: compounding_barred
OK  Keritot 5a:22, 6b:3 — the oil's half, the incense's any                                          [MOVE] 
     effects: compounding_barred
OK  Meilah 19a:5 — no stranger to the oil                                                            [MOVE] 
     effects: compounding_barred
OK  Keritot 6b:25 — any amount                                                                       [MOVE] 
     effects: compounding_barred
OK  Keritot 6a:17 — in the holy                                                                      [MOVE] 
     effects: anointed
OK  Lev 8:10-12 — the run of this spec inside Lev 8                                                  [INK] 
     effects: anointed
OK  Exod 40:9-11 — the erection's run                                                                [INK] 
     effects: anointed
OK  Mishnah Horayot 3:4 — the anointed                                                               [ANSWER-SHEET] 
     effects: anointed
OK  Yoma 3b:4 — take for yourself: general                                                           [MOVE] 
     effects: incense_continual
OK  three spice-hapaxes and the showbread's frankincense                                             [INK] 
     effects: incense_continual
OK  Keritot 6b:7 — the eleven                                                                        [MOVE] 
     effects: incense_continual
OK  Exod 30:34 — "part for part" a hapax                                                             [INK] 
     effects: incense_continual
OK  Zevachim 18b:15 — bad bevad defines linen; CALLED vestments.tunics(flax)                         [IMPORT] 
     effects: —
OK  CALLED minchah.salt — salted                                                                     [IMPORT] 
     effects: salted
OK  "fine" — with Josiah's altar                                                                     [INK] 
     effects: incense_continual
OK  "before the testimony" — with the manna jar                                                      [INK] 
     effects: meeting_appointed
OK  Exod 30:37 — not for yourselves                                                                  [INK] 
     effects: compounding_barred
OK  Exod 30:38 — "to smell it" a hapax                                                               [INK] 
     effects: karet_cut_off
OK  Keritot 6a:6 — the maker liable, the smeller sacrilege                                           [MOVE] 
     effects: karet_cut_off
OK  Keritot 6b:1 — the surplus in halves (data)                                                      [DATA] 
     effects: compounding_barred
OK  Keritot 6b:5 — three manehs ground again (data)                                                  [DATA] 
     effects: incense_continual
OK  Mishnah Shekalim 4:5 — the incense funded by the shekel                                          [ANSWER-SHEET] 
     effects: incense_continual
OK  Num 17:5 — Korach's run                                                                          [INK] 
     effects: strange_offering_barred
OK  2 Chr 26:18 — Uzziah's run                                                                       [INK] 
     effects: strange_offering_barred
OK  Mal 1:11 — the participle's second seat                                                          [INK] 
     effects: incense_continual
OK  Exod 31:13 — "but My Sabbaths" a hapax                                                           [INK] 
     effects: sign_between
OK  the work does not override, the service does                                                     [MOVE] 
     effects: labor_barred
OK  "My Sabbaths" at four Torah seats; Ezekiel quotes back                                           [INK] 
     effects: sign_between
OK  Shabbat 69b-70a — one per Sabbath                                                                [MOVE] 
     effects: labor_barred
OK  the two sign-hapaxes                                                                             [INK] 
     effects: sign_between
OK  Onkelos — between My Word and you                                                                [MOVE] 
     effects: sign_between
OK  Shabbat 10b / Beitzah 16a — a gift must be told                                                  [MOVE] 
     effects: sign_between
OK  Exod 31:14 — its profaners; death and karet                                                      [INK] 
     effects: put_to_death, karet_cut_off
OK  Onkelos — death and karet side by side                                                           [MOVE] 
     effects: put_to_death, karet_cut_off
OK  doubled at 31:14-15, single at 35:2                                                              [INK] 
     effects: put_to_death
OK  Num 15:35 — the death clause's run                                                               [INK] 
     effects: stoned
OK  one clause, four carve-outs                                                                      [MOVE] 
     effects: put_to_death
OK  Mishnah Sanhedrin 4:1 — no verdict on the eve                                                    [ANSWER-SHEET] 
     effects: put_to_death
OK  Chullin 115a vs Ketubot 34a — the products fork                                                  [MOVE] 
     effects: labor_barred
OK  three grammars for the six days                                                                  [INK] 
     effects: rest_required
OK  "a Sabbath of complete rest" at six seats                                                        [INK] 
     effects: rest_required
OK  CALLED moadim / decalogue / calendar — the class, the scope, the recurrence                      [IMPORT] 
     effects: labor_barred
OK  Exod 31:16 — "to make the Sabbath"                                                               [INK] 
     effects: sign_between
OK  "an everlasting covenant" at twelve seats                                                        [INK] 
     effects: sign_between
OK  "was refreshed" — the stranger, God, David; CALLED calendar                                      [INK] 
     effects: rest_required
OK  Beitzah 16a — the extra soul                                                                     [MOVE] 
     effects: rest_required
OK  the creation reason at two seats                                                                 [INK] 
     effects: sign_between
OK  "and he assembled" at nine seats — the calf's among them                                         [INK] 
     effects: —
OK  "these are the things" at five seats                                                             [INK] 
     effects: labor_barred
OK  the index by juxtaposition — the work-list before                                                [INK] 
     effects: labor_barred
OK  Mishnah Shabbat 7:2 — forty less one (data)                                                      [ANSWER-SHEET] 
     effects: labor_barred
OK  Exod 35:3 — "you shall not kindle" a hapax                                                       [INK] 
     effects: kindling_barred
OK  Shabbat 70a / Keritot 20b — the kindling fork                                                    [MOVE] 
     effects: kindling_barred
OK  Shabbat 20a:5 — the Hearth Chamber                                                               [MOVE] 
     effects: kindling_barred
OK  Mishnah Shabbat 2:7 — light the lamp before                                                      [ANSWER-SHEET] 
     effects: kindling_barred
OK  "on the Sabbath day" at thirteen seats                                                           [INK] 
     effects: labor_barred
OK  CALLED chatat.criterion — the great rule's tiers                                                 [IMPORT] 
     effects: labor_barred
OK  CALLED chatat.karet_census — thirty-six                                                          [IMPORT] 
     effects: karet_cut_off
OK  Mishnah Beitzah 5:2 — CALLED moadim.work_class                                                   [IMPORT] 
     effects: labor_barred
OK  Mishnah Menachot 11:3 — R. Akiva's rule                                                          [ANSWER-SHEET] 
     effects: labor_barred
OK  the alignment engine across books (35, 32, 14, 15, 21)                                           [INK] 
     effects: —
OK  the eight blocks                                                                                 [INK] 
     effects: —
OK  the twenty-one dropped                                                                           [INK] 
     effects: —
OK  the run's verses outside every block                                                             [INK] 
     effects: —
OK  the spec's verses outside every block                                                            [INK] 
     effects: —
OK  numerals equal in four blocks                                                                    [INK] 
     effects: —
OK  the person shift — eleven and eight                                                              [INK] 
     effects: —
OK  the spec's one citation token                                                                    [INK] 
     effects: inspected_as_commanded
OK  THE HEADLINE — the delta is where the tradition argues                                           [MOVE] 
     effects: —
OK  THE SCENE on the world engine — the four use-entries fired                                       [INK] 
     effects: names_borne, judgment_borne, entry_announced, plate_propitiates, hand_laid, blood_on_extremities, altar_purged, waved, due_to_priest, consecrated, invested_office, burn_remainder, confined_seven_days, anointed
OK  THE SABBATH SCENE on the world engine — the wrap (W2)                                            [ANSWER-SHEET] 
     effects: sign_between, put_to_death, stoned, karet_cut_off, kindling_barred
OK  THE LAW LAYER'S SCENE on the world engine — the wrap (W6)                                        [ANSWER-SHEET] 
     effects: garments_inherited, incense_continual, lamp_arranged, strange_offering_barred, horns_atoned_yearly, accepted, most_holy, half_shekel_owed, no_plague_at_counting, accounts_rendered, tamid_owed, due_to_priest, oath_imposed, compounding_barred, karet_cut_off, lashes, exempt, salted, meeting_appointed

WATCH COVERAGE (the investiture, the Sabbath clause, and the law layer — W6):
  WATCH law_installation       seen  16  fired   3  on: installation_commanded, milluim_blood_sprinkled, milluim_leftover
  WATCH law_investiture        seen  16  fired  12  on: bull_offered, did_all, dressed, hands_laid, head_anointed, milluim_blood_sprinkled, ram_miluim, ram_olah, vessels_anointed, washed
  WATCH law_sabbath            seen   4  fired   4  on: sabbath_kept_as_sign, sabbath_profaned
  WATCH law_investiture        seen  44  fired  38  on: anointing_oil_misused, atonement_silver_given, bailment_claim, head_counted, horns_atoned, incense_burned, incense_compounded, priest_succeeded, strange_input_offered
MATRIX: 301/301 cells match the answer sheet
FRACTIONS: pure ink 154/301 (51%) · recorded moves 69/301 (22%) · answer-sheet 35/301 · data 3/301 · imports 40/301 · hypotheses 0/301
LEDGER OPS this span writes: block x40, body x19, debit x41, destroy x2, heaven x31, status x107, timer x42, transfer x13
effects: every cell carries REGISTERED effects — FIFTEEN discovered in these verses' own verbs: hand_laid, blood_on_extremities (BODY), garments_inherited, altar_purged, no_plague_at_counting, hands_feet_sanctified, anointed, sign_between (STATUS), tamid_owed, incense_continual, horns_atoned_yearly (TIMER), strange_offering_barred, compounding_barred, kindling_barred (BLOCK), half_shekel_owed (DEBIT) [effects law satisfied]
SCENE: (1, 1, 1, 1, 3, 2, 1, 1, 1, 1, 1, 1, 1, 1, 2, 16) — Lev 8 through this spec's daemon: the four use-entries the vestments spec promised, fired at the dressing
SCENE (W6, the law layer): (6, 0, 3, 1, 6, 1, 2, 1, 7, 0, 4, 0, 1, 1, 1, 1, 4, 4, 2, 10, 1, 1, 4, 4, 44, 9)
THE INVESTITURE SPEC RUN AGAINST LEVITICUS 8, THE INCENSE ALTAR, THE SHEKEL, THE LAVER, THE OIL AND THE INCENSE, AND THE SABBATH COMPILED — the spec/run delta is where the tradition argues (the split verb of the girding); the two owed edges closed; the plague clause's run in Samuel; bad bevad defining linen; the unit defined in the verse; sixteen engines CALLED.
probes: all 36 token probes fired  [zero-report law satisfied]

guard: 27 expectations checked, every one a literal from the answer sheet [honest-pairing guard satisfied]
guard: 159 expectations checked, every one a literal from the answer sheet [honest-pairing guard satisfied]
probes: all 39 ink-token probes fired (4 imports receipted) [zero-report law satisfied]
censuses: the FIFTH at [13, 15, 19, 27, 31] — forms ['חמישתו', 'חמישית', 'חמשית', 'חמשתו', 'חמשיתו'] (plene at 13 and 15, defective at 19, 27, 31) · the substitute clause at [10, 33] (the vow and the tithe) · holy tokens in 11 verses
routing receipt: cold_run_yovel.tithe_naming() CALLED (3 namings); cold_run_pesach.firstborn(donkey) CALLED -> 'redeem with a lamb, else break the neck'
answer sheet: 20 Mishnah rows token-verified in their own ink
guard: 41 test rows, every expected value a literal from the answer sheet [honest-pairing guard satisfied]

OK  THE SCENE — Temurah, Arakhin 8, Bekhorot 9 and the Sifra on the world engine (the daemon's w [INK] 
     effects: consecrated, substitution, lashes, redemption_right, adds_fifth, redeem_or_break, most_holy, due_to_priest, put_to_death
OK  Temurah 7:1 — an animal vowed to the altar: holy (the altar class)                           [INK] 
     effects: consecrated
OK  Temurah 7:1-2 — an unfit animal consecrated: the upkeep class, valued by the priest          [INK] 
     effects: consecrated
OK  Temurah 7:2 — unspecified consecrations go to the upkeep                                     [MOVE] 
     effects: consecrated
OK  Temurah 1:1 — substitution attempted: it takes, and forty                                    [INK] 
     effects: substitution, consecrated, lashes
OK  Temurah 1:2 — good for bad, bad for good: takes                                              [INK] 
     effects: substitution
OK  Temurah 1:2 — herd for flock, sheep for goats, blemished for whole: takes                    [INK] 
     effects: substitution
OK  Temurah 1:2 — one for two, one for a hundred (R. Shimon: one for one)                        [MOVE] 
     effects: substitution
OK  Temurah 1:6 — birds and meal offerings make no substitute                                    [INK] 
     effects: —
OK  Temurah 1:6 / 2:1 — the community and partners make no substitute                            [MOVE] 
     effects: —
OK  Temurah 1:3 — limbs and embryos make no substitute                                           [MOVE] 
     effects: —
OK  Temurah 1:5 / 2:3 — a substitute makes no substitute                                         [MOVE] 
     effects: —
OK  Temurah 2:3 — holiness lands on a permanently blemished substitute                           [MOVE] 
     effects: consecrated
OK  Temurah 2:3 — the inadvertent like the deliberate in substitution                            [MOVE] 
     effects: substitution
OK  Temurah 5:5 — "this instead of that": a substitute                                           [INK] 
     effects: substitution
OK  Temurah 5:5 — "the exchange of that": a substitute                                           [INK] 
     effects: substitution
OK  Temurah 5:5 — "this desanctified on that": not a substitute                                  [ANSWER-SHEET] 
     effects: redemption_right
OK  Temurah 7:1 — altar-holy substitute; upkeep-holy do not                                      [INK] 
     effects: —
OK  Menachot 9:7 — the heir substitutes                                                          [MOVE] 
     effects: substitution
OK  Arakhin 8:1 — the owner redeeming adds a fifth (the unfit beast)                             [INK] 
     effects: adds_fifth, redemption_right
OK  Arakhin 8:1-3 — the owner redeems his house with a fifth                                     [INK] 
     effects: adds_fifth, redemption_right
OK  Arakhin 8:2-3 — another redeems: the valuation, no fifth                                     [INK] 
     effects: redemption_right
OK  the five fifths of the chapter (27:13, 15, 19, 27, 31)                                       [INK] 
     effects: adds_fifth
OK  Menachot 12:1 — birds, wood, frankincense, vessels: no redemption, only a beast is said      [INK] 
     effects: —
OK  Bekhorot 1:7 (via the Passover engine) — the firstling donkey: a lamb, else the neck         [IMPORT] 
     effects: redeem_or_break
OK  Arakhin 8:7 — the firstborn: sanctify it for value, not for the altar                        [MOVE] 
     effects: consecrated
OK  Temurah 5:1 — outwitting the firstborn: "what is in her womb, if male, an olah"              [MOVE] 
     effects: consecrated
OK  Arakhin 8:6 — every devoted thing most holy, not sold, not redeemed                          [INK] 
     effects: most_holy
OK  Arakhin 8:6 — unspecified devotion: to the priests (Sages) / the upkeep (R. Yehuda b. Beteir [INK] 
     effects: due_to_priest
OK  Arakhin 8:4 — devoted ALL he has: not devoted                                                [INK] 
     effects: —
OK  Arakhin 8:5 — devoted his son, daughter, Hebrew slave, purchased field: not devoted          [INK] 
     effects: —
OK  Arakhin 8:6 — the priests' devotions: no redemption, given to the priests                    [ANSWER-SHEET] 
     effects: due_to_priest
OK  Arakhin 8:7 — the firstborn may be devoted                                                   [ANSWER-SHEET] 
     effects: consecrated
OK  Bekhorot 9:7 — the pen, the small gate, the count, the tenth marked                          [INK] 
     effects: consecrated
OK  Bekhorot 9:7 — not marked, counted lying or standing: tithed                                 [INK] 
     effects: consecrated
OK  Bekhorot 9:7 — a hundred and took ten: not a tithe                                           [INK] 
     effects: —
OK  Temurah 3:5 — the tithe substituted: both holy, not redeemed                                 [INK] 
     effects: substitution, consecrated
OK  Bekhorot 9:1 — herd and flock not tithed together                                            [INK] 
     effects: —
OK  Bekhorot 9:1 — sheep and goats tithed together ("and flock" — all flock one)                 [INK] 
     effects: consecrated
OK  Bekhorot 9:8 (via the Jubilee engine) — the ninth called tenth: sanctified, eaten blemished  [IMPORT] 
     effects: consecrated
OK  Bekhorot 9:8 (via the Jubilee engine) — the eleventh called tenth: a peace offering          [IMPORT] 
     effects: consecrated

MATRIX: 41/41 cells match the answer sheet
FRACTIONS: pure ink 25/41 (60%) · recorded moves 10/41 (24%) · answer-sheet 3/41 · data 0/41 · imports 3/41 · hypotheses 0/41
computed, not graded: the impure beast of 27:27 redeemed at valuation plus a fifth or sold (INK); the devoted person put to death, not ransomed (INK 27:29); the land tithe holy (INK 27:30) and redeemed with a fifth (INK 27:31); not examined good or bad (INK 27:33) — valuation_plus_fifth_or_sold, put_to_death_not_ransomed, holy_to_the_LORD, plus_fifth, not_examined_good_or_bad
LEDGER OPS this span writes: body x3, debit x14, status x22, transfer x5
effects: every cell carries REGISTERED effects — consecrated (STATUS) discovered from 27:9's own "shall be holy"; most_holy shared with the meal offering; substitution, adds_fifth, put_to_death, due_to_priest, redemption_right, lashes, redeem_or_break from the registry [effects law satisfied]
  WATCH law_temurah            seen  29  fired  22  on: consecrated_redeemed, herd_tithed, substitute_declared, thing_consecrated, thing_devoted

THE CONSECRATION, SUBSTITUTION, AND DEVOTION MACHINE COMPILES — the two substitution verbs, "beast for beast," "it and its substitute" at the vow and the tithe, the fifth censused five times, the partitive "from all that he has," the ordinal tenth under the rod; three calls into sister engines: the Jubilee engine's tithe naming and the Passover engine's firstling donkey.
probes: all 142 token probes fired  [zero-report law satisfied]

probes: all 46 token probes fired  [zero-report law satisfied]

guard: 110 expectations checked, every one a literal from the answer sheet [honest-pairing guard satisfied]
guard: 172 expectations checked, every one a literal from the answer sheet [honest-pairing guard satisfied]
guard: 155 expectations checked, every one a literal from the answer sheet [honest-pairing guard satisfied]
guard: 55 expectations checked, every one a literal from the answer sheet [honest-pairing guard satisfied]
probes: all 112 fired [zero-report law satisfied]
CALLED thirteen engines: sanctions, priesthood, yovel, pesach, incense_shekel, sanctuary_build, ordinances, holiness_b, holiness, mishpatim, mishpatim_2, clocks, guardians [IMPORT, live]
censuses: every literal measured before it was typed; the deed restated at four seats; the ink's own counts hold [tripwires armed]
alignment: the commission against its retelling j=0.27; the prayer j=0.35; the deed at four seats j=0.34/0.21/0.47; the levirate, the firstborn, the adoption, the burial, the hollow, the renamings diffed
answer sheet: 44 Mishnah rows verified by their own tokens (Kiddushin 1-2, Ketubot 5, Chullin 7, Yevamot 1, 2, 4, Bava Batra 8, Bekhorot 8 whole with the link and topic rows — the family docket)
guard: 228 test rows, every expected value a literal from the answer sheet [honest-pairing guard satisfied]

OK  the three modes run in one chapter (Kiddushin 1:5)                                               [INK] 
     effects: field_acquired, grave_holding, buried
OK  the silver weighed: four hundred                                                                 [INK] 
     effects: pays, field_acquired
OK  the price stated twice                                                                           [INK] 
     effects: pays
OK  "current with the merchant" — the phrase's only seat                                             [INK] 
     effects: pays
OK  the currency grade: centenaria; the sanctuary shekel at 25 seats                                 [MOVE] 
     effects: pays
OK  no overreaching on land (Bava Metzia 4:9) by call                                                [HYPOTHESIS] 
     effects: pays
OK  the record before the gate at two seats; "established" at two                                    [INK] 
     effects: field_acquired
OK  the deed's boundary clauses (Bava Batra 69b)                                                     [MOVE] 
     effects: field_acquired
OK  possession by the burial                                                                         [INK] 
     effects: buried, grave_holding
OK  "a holding of a grave" at five seats                                                             [INK] 
     effects: grave_holding
OK  the tenure by call: three modes, forever                                                         [HYPOTHESIS] 
     effects: grave_holding
OK  the Sinai field sale by call: by harvest years, 400, returns                                     [HYPOTHESIS] 
     effects: returns_to_holding
OK  the holding persists: "which Abraham bought" at three seats                                      [INK] 
     effects: grave_holding
OK  "a stranger and a sojourner" — Gen 23:4 and the jubilee chapter                                  [INK] 
     effects: grave_holding
OK  Ephron's three "given" against Abraham's one                                                     [INK] 
     effects: field_acquired
OK  "take from me" — the tractate's opening token                                                    [INK] 
     effects: field_acquired
OK  taking is acquisition: three and two                                                             [INK] 
     effects: field_acquired
OK  the onen exempt (Berakhot 18a)                                                                   [MOVE] 
     effects: dead_before_him
OK  my dead, your dead, his dead                                                                     [INK] 
     effects: dead_before_him
OK  the eulogy's beneficiary (Sanhedrin 46b)                                                         [MOVE] 
     effects: dead_before_him
OK  Machpelah's geometry (Eruvin 53a)                                                                [MOVE] 
     effects: grave_holding
OK  Machpelah at six seats                                                                           [INK] 
     effects: grave_holding
OK  "a prince of God" — the phrase's only seat                                                       [INK] 
     effects: grave_holding
OK  the sanctuary shekel by call                                                                     [IMPORT] 
     effects: pays
OK  the deed restated: eleven and twelve tokens                                                      [INK] 
     effects: burial_owed, buried
OK  the deed aligned at four seats                                                                   [INK] 
     effects: buried
OK  the deed cited at the burial (Sotah 13a)                                                         [MOVE] 
     effects: buried
OK  the burial run's stamp "as he commanded them"                                                    [INK] 
     effects: buried
OK  "an everlasting holding" at three seats                                                          [INK] 
     effects: grave_holding
OK  the possession's three years (Bava Batra 3:1) — data                                             [DATA] 
     effects: grave_holding
OK  the agent for the son: six and four                                                              [INK] 
     effects: agent_commissioned
OK  Isaac first acts at 24:62                                                                        [INK] 
     effects: agent_commissioned
OK  the mandate's place clause (Kiddushin 2:4)                                                       [INK] 
     effects: agent_commissioned
OK  the court oath's formula is Abraham's (Shevuot 38b); the guardians' 22:10 by call                [MOVE] 
     effects: sworn_by_the_name
OK  the object in the hand at three seats                                                            [MOVE] 
     effects: sworn_by_the_name
OK  "and I will make you swear" — the hapax                                                          [INK] 
     effects: sworn_by_the_name
OK  "the God of heaven" at nine seats                                                                [INK] 
     effects: sworn_by_the_name
OK  R. Meir's double condition (Kiddushin 61b)                                                       [MOVE] 
     effects: sworn_by_the_name
OK  her consent: "ask her mouth" — "I will go"                                                       [MOVE] 
     effects: consent_given
OK  their consent: "take and go" at two seats                                                        [MOVE] 
     effects: consent_given
OK  from the LORD — the three canons (Moed Katan 18b)                                                [MOVE] 
     effects: consent_given
OK  the family's parties (Ketubot 4:4)                                                               [ANSWER-SHEET] 
     effects: consent_given
OK  the handover to the husband's agent (Ketubot 4:5)                                                [ANSWER-SHEET] 
     effects: handed_to_the_agent
OK  the two gift moments and the retold order                                                        [INK] 
     effects: gifts_given
OK  the sivlonot after the giving (Kiddushin 2:6, 50b)                                               [MOVE] 
     effects: gifts_given
OK  the beka by call: two Torah seats of five                                                        [IMPORT] 
     effects: gifts_given
OK  the bracelets: plene, defective, plene                                                           [INK] 
     effects: gifts_given
OK  ten camels and ten gold                                                                          [INK] 
     effects: gifts_given
OK  "perhaps" plene at the spec, defective at the retelling                                          [INK] 
     effects: agent_commissioned
OK  Rebekah written na'ar five times, na'arah never                                                  [INK] 
     effects: consent_given
OK  "the girl" retold as "the maiden"                                                                [INK] 
     effects: agent_commissioned
OK  the prayer against its retelling                                                                 [INK] 
     effects: agent_commissioned
OK  the commission against its retelling                                                             [INK] 
     effects: agent_commissioned
OK  the God clause retold with 17:1's walk                                                           [INK] 
     effects: agent_commissioned
OK  the well against its retelling                                                                   [INK] 
     effects: agent_commissioned
OK  the question against its retelling                                                               [INK] 
     effects: gifts_given
OK  the virgin's two predicates                                                                      [INK] 
     effects: wife_taken
OK  the bride-price by call: the verb and the noun                                                   [IMPORT] 
     effects: wife_taken
OK  "as a wife" at the Sinai seat by call; two in span, thirty in the Torah                          [HYPOTHESIS] 
     effects: wife_taken
OK  the marriage formula's five verbs                                                                [INK] 
     effects: wife_taken, comforted
OK  the comfort at two seats                                                                         [INK] 
     effects: comforted
OK  the bride's year: "days" = a year; the walled-city year by call                                  [MOVE] 
     effects: consent_given
OK  "days or a decade" — the phrase's only seat                                                      [INK] 
     effects: consent_given
OK  the scribes' adornment (Nedarim 37b)                                                             [MOVE] 
     effects: consent_given
OK  "they rode" — the modest-language exception (Pesachim 3a)                                        [MOVE] 
     effects: handed_to_the_agent
OK  "after the man" (Berakhot 61a)                                                                   [MOVE] 
     effects: handed_to_the_agent
OK  the sip's spelling (Shabbat 77a)                                                                 [MOVE] 
     effects: agent_commissioned
OK  Isaac instituted the afternoon prayer                                                            [MOVE] 
     effects: wife_taken
OK  "with everything" — the daughter dispute                                                         [MOVE] 
     effects: agent_commissioned
OK  the three "alls"                                                                                 [INK] 
     effects: agent_commissioned
OK  old age and illness — the two firsts                                                             [MOVE] 
     effects: agent_commissioned
OK  the improper request answered properly (Taanit 4a)                                               [MOVE] 
     effects: agent_commissioned
OK  "kindness and truth" — the two family oaths                                                      [INK] 
     effects: sworn_by_the_name
OK  three lands for marriage (Ketubot 13:10) — her consent                                           [ANSWER-SHEET] 
     effects: consent_given
OK  the steward's title (Yoma 28b)                                                                   [MOVE] 
     effects: agent_commissioned
OK  the father takes a wife for the son at two seats                                                 [INK] 
     effects: agent_commissioned, wife_taken
OK  no Sinai seat: the thigh-vein's only seat                                                        [INK] 
     effects: sinew_barred
OK  "said at Sinai, written in its place" (Chullin 7:6)                                              [MOVE] 
     effects: sinew_barred
OK  the first "sons of Israel" in the Bible                                                          [INK] 
     effects: sinew_barred
OK  named four verses before                                                                         [INK] 
     effects: sinew_barred, name_changed
OK  "to this day" at four Genesis seats                                                              [INK] 
     effects: sinew_barred
OK  "THE thigh" — the article's only seat                                                            [INK] 
     effects: sinew_barred
OK  the article as the distinguished member — exported to four                                       [MOVE] 
     effects: sinew_barred
OK  the right thigh (Chullin 7:1; 91a)                                                               [MOVE] 
     effects: sinew_barred
OK  the hollow twice and twice                                                                       [INK] 
     effects: sinew_barred
OK  the fowl excluded: no rounded hollow                                                             [MOVE] 
     effects: sinew_barred
OK  on the hollow alone (Shmuel)                                                                     [MOVE] 
     effects: sinew_barred
OK  the pure-only derivation (Rava)                                                                  [MOVE] 
     effects: sinew_barred
OK  eat, not benefit (Pesachim 22a; Chullin 7:2)                                                     [MOVE] 
     effects: sinew_barred
OK  the olive and the whole creature (Chullin 7:3) — data                                            [DATA] 
     effects: sinew_barred
OK  five lashes on one act (Makkot 21b)                                                              [MOVE] 
     effects: sinew_barred
OK  the wound against the ban aligned                                                                [INK] 
     effects: sinew_barred
OK  "touched" at the wound and at the ban                                                            [INK] 
     effects: sinew_barred
OK  Jacob still Jacob: fifty-six; Abram: zero                                                        [INK] 
     effects: name_changed
OK  "no more" at all three renamings                                                                 [INK] 
     effects: name_changed
OK  the renamings aligned                                                                            [INK] 
     effects: name_changed
OK  Jacob and Israel in the testament chapter                                                        [INK] 
     effects: name_changed
OK  the two princes hinted (Chullin 92a)                                                             [MOVE] 
     effects: scepter_held
OK  "the sun rose for him" — the phrase's only seat                                                  [INK] 
     effects: sinew_barred
OK  alone for the jars — the righteous do not rob                                                    [MOVE] 
     effects: sinew_barred
OK  a scholar not alone at night                                                                     [MOVE] 
     effects: sinew_barred
OK  "you have striven" at two seats                                                                  [INK] 
     effects: name_changed
OK  the order of the sons is the duty's order                                                        [INK] 
     effects: levirate_owed
OK  the command's three imperatives                                                                  [INK] 
     effects: levirate_owed
OK  seed at the first seat, name at the second                                                       [INK] 
     effects: levirate_owed
OK  the name is inheritance — from 48:6 (Yevamot 24a)                                                [MOVE] 
     effects: levirate_owed
OK  "the name of the dead on his inheritance" — Ruth                                                 [INK] 
     effects: levirate_owed
OK  "and he has no son" opens two institutions                                                       [INK] 
     effects: levirate_owed
OK  38:8 against Deut 25:5-6 aligned                                                                 [INK] 
     effects: levirate_owed
OK  the Sinai seat by call: the brother's wife                                                       [IMPORT] 
     effects: levirate_owed, karet_cut_off, childless
OK  the brother not in his world by call                                                             [IMPORT] 
     effects: levirate_owed, exempt
OK  the fifteen by call — the daughter-in-law among them                                             [IMPORT] 
     effects: levirate_owed, exempt
OK  the daughter-in-law at Sinai by call: stoning, karet                                             [IMPORT] 
     effects: stoned, karet_cut_off
OK  the daughter-in-law named three times                                                            [INK] 
     effects: levirate_owed
OK  the kin-scope narrowed at the second seat                                                        [MOVE] 
     effects: levirate_owed
OK  who is a mamzer (Yevamot 4:13)                                                                   [ANSWER-SHEET] 
     effects: —
OK  Perez counted before Zerach; the dead named                                                      [INK] 
     effects: levirate_owed
OK  "Canaanite" read merchant (Pesachim 50a)                                                         [MOVE] 
     effects: wife_taken
OK  the gentile mother's child (Kiddushin 3:12)                                                      [ANSWER-SHEET] 
     effects: levirate_owed
OK  the waiting widow: her acts stand (Yevamot 4:3)                                                  [ANSWER-SHEET] 
     effects: waits_for_the_levir
OK  the minor refused (Yevamot 4:6)                                                                  [ANSWER-SHEET] 
     effects: waits_for_the_levir
OK  the timer set and checked                                                                        [INK] 
     effects: waits_for_the_levir
OK  the two-husbands presumption (Yevamot 64b)                                                       [MOVE] 
     effects: waits_for_the_levir
OK  no release form before Sinai: no shoe; "formerly in Israel"                                      [INK] 
     effects: waits_for_the_levir
OK  Onan refused by act                                                                              [INK] 
     effects: slain_by_heaven
OK  slain by Heaven at two seats                                                                     [INK] 
     effects: slain_by_heaven
OK  Judah takes a wife for Er                                                                        [INK] 
     effects: wife_taken
OK  Er the firstborn at two verses                                                                   [INK] 
     effects: slain_by_heaven
OK  the firstborn's redemption by call                                                               [IMPORT] 
     effects: consecrated_firstborn
OK  the pledge's three tokens at two seats                                                           [INK] 
     effects: pledge_held
OK  the pledge by call: sunset; the widow never pledged                                              [HYPOTHESIS] 
     effects: pledge_held, pledge_returned_by_sunset
OK  "a pledge" — the noun's only seats                                                               [INK] 
     effects: pledge_held
OK  the widow's two Sinai seats by call                                                              [HYPOTHESIS] 
     effects: waits_for_the_levir
OK  widow-widow from Tamar refused (Yevamot 59a)                                                     [MOVE] 
     effects: waits_for_the_levir
OK  the harlot's definition by call                                                                  [IMPORT] 
     effects: profaned_seed
OK  the cult harlot at two verses                                                                    [INK] 
     effects: profaned_seed
OK  the modest bride (Megillah 10b)                                                                  [MOVE] 
     effects: profaned_seed
OK  three months — "no proof, a hint" (Niddah 8b)                                                    [MOVE] 
     effects: waits_for_the_levir
OK  the sentence: burning                                                                            [INK] 
     effects: sentence_pronounced
OK  the burn verb at five Torah seats                                                                [INK] 
     effects: sentence_pronounced
OK  the daughter's mode by call: burning; in the burned list                                         [IMPORT] 
     effects: sentence_pronounced, burned_by_court
OK  the act's mode by call: stoning; the burning clause                                              [IMPORT] 
     effects: stoned, burned_by_court
OK  Shem's court decreed on harlotry (Avodah Zarah 36b)                                              [MOVE] 
     effects: sentence_pronounced
OK  better the furnace — she did not name him                                                        [MOVE] 
     effects: sentence_pronounced
OK  "recognize please" at two seats                                                                  [INK] 
     effects: acquitted
OK  "she is more righteous than I"                                                                   [INK] 
     effects: acquitted
OK  the holy spirit in Shem's court (Makkot 23b)                                                     [MOVE] 
     effects: acquitted
OK  "and he did not continue" at four seats                                                          [INK] 
     effects: acquitted
OK  the confession's reward — the letters                                                            [INK] 
     effects: acquitted
OK  twins: plene here, defective at Rebekah's                                                        [INK] 
     effects: firstborn_by_the_head
OK  the hand first, the body first                                                                   [INK] 
     effects: firstborn_by_the_head
OK  the firstborn by the head: Perez (Bekhorot 8:1)                                                  [ANSWER-SHEET] 
     effects: firstborn_by_the_head
OK  the mother's clock by the hand (Niddah 28a) by call                                              [IMPORT] 
     effects: niddah_seven
OK  "the generations of Perez" — the run                                                             [INK] 
     effects: firstborn_by_the_head
OK  the kid at two verses                                                                            [INK] 
     effects: pledge_held
OK  Judah went down — demoted (Sotah 13b)                                                            [MOVE] 
     effects: comforted
OK  Tamar read and translated; Reuben not (Megillah 4:10)                                            [ANSWER-SHEET] 
     effects: acquitted
OK  Judah comforted                                                                                  [INK] 
     effects: comforted
OK  the adoption "as Reuben and Simeon"                                                              [INK] 
     effects: adopted_as_sons
OK  the fold-in by name in their inheritance                                                         [INK] 
     effects: adopted_as_sons
OK  "in their inheritance" at two seats                                                              [INK] 
     effects: adopted_as_sons
OK  the double as two tribes (Bava Batra 123a)                                                       [MOVE] 
     effects: portion_added
OK  "the born" fixes the tense (Nedarim 30b)                                                         [MOVE] 
     effects: adopted_as_sons
OK  a company is a tribe with a holding (Horayot)                                                    [MOVE] 
     effects: adopted_as_sons
OK  "this is my son" (Bava Batra 8:6)                                                                [INK] 
     effects: adopted_as_sons
OK  "he crossed his hands" — twelve seats, one crossed                                               [INK] 
     effects: younger_set_first
OK  the order at six seats                                                                           [INK] 
     effects: younger_set_first
OK  "he set Ephraim before Manasseh"                                                                 [INK] 
     effects: younger_set_first
OK  the firstborn plene and defective                                                                [INK] 
     effects: younger_set_first
OK  the firstborn by call: the womb-opener; the caesarean                                            [IMPORT] 
     effects: consecrated_firstborn
OK  the right called hand (Menachot 37a)                                                             [INK] 
     effects: younger_set_first
OK  the younger in two words                                                                         [INK] 
     effects: younger_set_first
OK  "one portion" at two seats                                                                       [INK] 
     effects: portion_added
OK  given as a gift (Bava Batra 8:5)                                                                 [INK] 
     effects: portion_added
OK  a gift in the jubilee — R. Meir and the sages (Bekhorot 8:10)                                    [ANSWER-SHEET] 
     effects: returns_to_holding
OK  the held, not the due (Bekhorot 8:9)                                                             [INK] 
     effects: portion_added
OK  sword and bow read as prayer (Bava Batra 123a)                                                   [MOVE] 
     effects: portion_added
OK  the birthright's run (1 Chr 5:1)                                                                 [INK] 
     effects: birthright_transferred
OK  illness first at 48:1 — one Genesis token                                                        [INK] 
     effects: adopted_as_sons
OK  Rachel on the road                                                                               [INK] 
     effects: buried
OK  the two agents of the blessing (Pesachim 118a)                                                   [INK] 
     effects: adopted_as_sons
OK  "like fish" — the hapax                                                                          [INK] 
     effects: adopted_as_sons
OK  honoring the aged father by call                                                                 [HYPOTHESIS] 
     effects: honor_owed, rise_owed
OK  the inheritance order owed to Numbers                                                            [INK] 
     effects: adopted_as_sons
OK  Zelophehad's three portions (Bava Batra 8:3)                                                     [ANSWER-SHEET] 
     effects: portion_added
OK  "the beginning of my vigor" at two seats alone                                                   [INK] 
     effects: birthright_transferred
OK  the excess named twice and denied once                                                           [INK] 
     effects: demoted, birthright_transferred
OK  49:3 against Deut 21:17 aligned                                                                  [INK] 
     effects: birthright_transferred
OK  "unstable" — the hapax                                                                           [INK] 
     effects: demoted
OK  "my couch" at five seats                                                                         [INK] 
     effects: demoted
OK  two beds — the revocalization (Shabbat 55b)                                                      [MOVE] 
     effects: demoted
OK  Reuben's confession paired with Judah's (Sotah 7b)                                               [MOVE] 
     effects: demoted
OK  "cursed" at the verse head; the ox ends 49:6                                                     [INK] 
     effects: demoted
OK  no decision among Issi's five (Yoma 52b)                                                         [MOVE] 
     effects: demoted
OK  the elders' change at 49:6 (Megillah 9a)                                                         [MOVE] 
     effects: demoted
OK  the council and the assembly (Sanhedrin 109b)                                                    [MOVE] 
     effects: demoted
OK  "I will divide them in Jacob"                                                                    [INK] 
     effects: scattered_in_israel
OK  the scepter and the lawgiver: two nouns, six seats                                               [INK] 
     effects: scepter_held
OK  two offices (Sanhedrin 5a; Horayot 11b)                                                          [MOVE] 
     effects: scepter_held
OK  the license to judge (Sanhedrin 5a)                                                              [MOVE] 
     effects: scepter_held
OK  "Shiloh" — this spelling alone                                                                   [INK] 
     effects: scepter_held
OK  the hand on the neck is the bow (Avodah Zarah 25a)                                               [MOVE] 
     effects: scepter_held
OK  two of the lion's six names (Sanhedrin 95a)                                                      [MOVE] 
     effects: scepter_held
OK  the animal census of the blessings                                                               [INK] 
     effects: scepter_held
OK  the ox from Deuteronomy (Sotah 11b)                                                              [INK] 
     effects: scepter_held
OK  the tribes' order in the testament                                                               [INK] 
     effects: scepter_held
OK  Zebulun before Issachar against the birth order                                                  [INK] 
     effects: scepter_held
OK  twelve, each his blessing                                                                        [INK] 
     effects: scepter_held
OK  the ass caused Issachar (Niddah 31a)                                                             [MOVE] 
     effects: scepter_held
OK  Dan judges as the One; Jacob's prophecy run at Samson                                            [MOVE] 
     effects: scepter_held
OK  "above the eye" — the revocalization (Bava Batra 118b)                                           [MOVE] 
     effects: scepter_held
OK  the crown of his brothers — no wine (Shabbat 139a)                                               [MOVE] 
     effects: scepter_held
OK  the altar's base from Benjamin's wolf (Zevachim 53b-54b)                                         [MOVE] 
     effects: scepter_held
OK  "bury me" — the debit                                                                            [INK] 
     effects: burial_owed
OK  the buried named; Rachel absent                                                                  [INK] 
     effects: buried
OK  the deed inside the command                                                                      [INK] 
     effects: burial_owed
OK  "gathered to his people" at five seats                                                           [INK] 
     effects: gathered_to_his_people
OK  "he expired" at five Genesis seats                                                               [INK] 
     effects: gathered_to_his_people
OK  the Shema's response at the deathbed (Pesachim 56a)                                              [MOVE] 
     effects: scepter_held
OK  the census's five homographs verified                                                            [INK] 
     effects: —
OK  the bite of interest at four seats                                                               [INK] 
     effects: —
OK  the parents' order by call                                                                       [HYPOTHESIS] 
     effects: honor_owed
OK  THE SCENE on the world engine                                                                    [INK] 
     effects: burial_owed, waits_for_the_levir
OK  HEADLINE: the purchase runs Kiddushin 1:5's three modes                                          [MOVE] 
     effects: field_acquired
OK  HEADLINE: the commission is a spec/run/retold triple                                             [MOVE] 
     effects: agent_commissioned
OK  HEADLINE: the sinew has no Sinai seat and the census shows it                                    [MOVE] 
     effects: sinew_barred
OK  HEADLINE: Tamar's wait is the answer sheet's refused plea                                        [MOVE] 
     effects: levirate_owed, waits_for_the_levir
OK  HEADLINE: Jacob's testament in the gift form                                                     [MOVE] 
     effects: portion_added, birthright_transferred

MATRIX: 228/228 cells match the answer sheet
FRACTIONS: pure ink 125/228 (54%) · recorded moves 69/228 (30%) · answer-sheet 11/228 · data 2/228 · imports 13/228 · hypotheses 8/228
LEDGER OPS this span writes: block x21, body x4, debit x38, heaven x6, status x144, timer x2, transfer x31
effects: every cell carries REGISTERED effects — TWENTY-EIGHT discovered in these verses' own verbs: field_acquired, gifts_given, handed_to_the_agent, portion_added, birthright_transferred (TRANSFER); grave_holding, buried, dead_before_him, sworn_by_the_name, agent_commissioned, consent_given, wife_taken, comforted, pledge_held, sentence_pronounced, acquitted, firstborn_by_the_head, adopted_as_sons, younger_set_first, demoted, scattered_in_israel, scepter_held, gathered_to_his_people (STATUS); sinew_barred (BLOCK); levirate_owed, waits_for_the_levir, burial_owed (DEBIT); slain_by_heaven (HEAVEN) [effects law satisfied]
SCENE: (1, 1, 1, 2, 1, 1, 1, 1, 1, 1, 1, 1, 1, 1, 0, 2, 1, 0, 1, 1, 1, 1, 1, 1, 2, 1, 1, 1, 1, 2, 1, 1, 0, 1, 0, 16) — the purchase, the match, the sinew, Judah's house with Tamar's timer fired and closed, the adoption and the testament, the burial owed and paid
THE FAMILY CODE COMPILED — the purchase runs the three modes of acquiring land; the commission a spec/run/retold triple whose deltas the sugyot read; the sinew the one law with no Sinai seat; the levirate's first seat carrying the answer sheet's refused plea and its name resolved from the adoption's verse; the testament in the gift form; THIRTEEN engines CALLED.
probes: all 39 token probes fired  [zero-report law satisfied]

probes: all 100 token probes fired  [zero-report law satisfied]

probes: all 86 token probes fired  [zero-report law satisfied]

probes: all 54 token probes fired  [zero-report law satisfied]

probes: all 55 token probes fired  [zero-report law satisfied]

guard: 154 expectations checked, every one a literal from the answer sheet [honest-pairing guard satisfied]
probes: all 79 token probes fired  [zero-report law satisfied]

guard: 105 expectations checked, every one a literal from the answer sheet [honest-pairing guard satisfied]
probes: all 96 fired [zero-report law satisfied]
censuses: every literal above measured against the whole Tanakh index and asserted [tripwires armed]
alignment: the second seat {'matzah': 0.7, 'firstborn_a': 0.26, 'firstborn_b': 0.5, 'rest': 0.26, 'feasts': 0.23, 'appear': 0.69, 'leaven_fat': 0.5, 'firstfruits_kid': 1.0}; the erection command->execution 5/14 matched, 7 unrun (their runs in Lev 8: ['8:10', '8:11', '8:13', '8:6']); the making's dropped clauses picked up 13 of 24; the donation 4/9; the craftsmen 4/11
routing receipts: calendar CALLED — matzah 'seven days of unleavened bread = 14th evening to 21st evening (CALLED pesach)', rest 'every seventh day' / 'ox, donkey, slave, resident stranger', pilgrimage 'owes the three appearings' / 'exempt' / 'exempt', windows 'the slaughterer with leaven transgresses' / 'disqualified at morning off the altar', first fruits 'bring to the house (seven kinds — fetched list)', kid {'cook': 'barred', 'eat': 'barred', 'benefit': 'barred'}, sabbatical 'land released in year 7'; pesach — window '14th evening to 21st evening', purge 'midday of the 14th', donkey 'redeem with a lamb, else break the neck', human 'redeem (five sela — fetched constant)', leftover 'burn on the 16th'; offerings — herd olah 'wholly_to_fires', shelamim 'two_that_are_four'; moadim — two loaves 2 x 'two_tenths'; ordinances — 'no_covenant_with_them_or_their_gods', 'lest_they_make_you_sin', 'demolish_demolish_break_break', 'not_bow_not_serve_not_do', 'temple_services_for_any_idol', 'serves_sacrifices_incense_libation_bows_accepts_says'; sanctuary — dropped 24 ('use_clauses_and_the_pattern'), staves 'never_removed', testimony 'dropped_in_run', fragments 'both_in_the_ark', bread 'lifnei_tamid', lamps 7, veil 20, trigger 'willing_heart', teaching 'to_teach_in_his_heart'; vestments — ['tunic', 'robe', 'ephod', 'breastplate', 'turban', 'sash', 'caps'] / ['tunic', 'sash', 'robe', 'ephod', 'breastplate', 'turban', 'plate', 'caps'], ken asu 15, kekhol [(39, 32), (39, 42)], manifest 35; incense-shekel — laver run ['Exod 40:31'], loci ['Exod 28:43', 'Exod 30:20', 'Num 4:19'], first incense 'Exod 40:27', burner 'aarons_seed', oil run [9, 10, 11] / [(8, 10), (8, 11), (8, 12)], initiations {'golden_altar': 'Exod 40:27', 'olah_altar': 'Exod 40:29', 'table': 'Exod 40:23', 'lampstand': 'Exod 40:25'}; eighth day — 'first_of_nisan', crowns ['priesthood', 'service', 'fire', 'presence', 'blessing'], switch 'high_places_banned_service_by_priests', inaugurated by 'morning_tamid'; priesthood — {'rows': 2, 'per_row': 6, 'pinned_by': 'three_verses'}, {'flame': 'rises_on_its_own', 'western': 'always_burning_begin_from_it_end_at_it', 'found_out': ['Sifra_relight_from_the_outer_altar', 'Tamid_from_the_burning_lamps']}; tzav — 'a seven-day confinement timer; the template for the generations' [IMPORT, live calls]
answer sheet: 48 Mishnah rows verified by their own tokens (Avodah Zarah 3-4, Rosh Hashanah 1, Bekhorot 1, Chagigah 1 whole with the link and topic rows — the erection-and-covenant docket)
guard: 287 test rows, every expected value a literal from the answer sheet [honest-pairing guard satisfied]

OK  Exod 34 — the cutting verb at four seats                                                         [INK] 
     effects: covenant_cut
OK  "wonders not created" — with Isaiah alone                                                        [INK] 
     effects: covenant_cut
OK  the nations at seven seats in seven orders                                                       [INK] 
     effects: nations_driven_out
OK  CALLED ordinances.land(no_covenant)                                                              [IMPORT] 
     effects: covenant_barred
OK  THE DEMOLITION LIST GROWS 3-4-5                                                                  [INK] 
     effects: demolished
OK  CALLED ordinances.land(break_pillars) — the first seat                                           [IMPORT] 
     effects: demolished
OK  "his asherim" spelled "happy is he" — four seats                                                 [INK] 
     effects: demolished
OK  the pillar-word in Exodus at three seats                                                         [INK] 
     effects: demolished
OK  "another god" a hapax                                                                            [INK] 
     effects: stoned
OK  Sanhedrin 60b:12 — the punished bow's warning                                                    [MOVE] 
     effects: stoned
OK  CALLED ordinances.land(no_bow)                                                                   [IMPORT] 
     effects: stoned
OK  Mishnah Horayot 1:3 — the bower exempted is a partial error                                      [ANSWER-SHEET] 
     effects: bears_sin
OK  three whoring clauses in two verses                                                              [INK] 
     effects: intermarriage_barred
OK  "and you eat of his sacrifice" a hapax                                                           [INK] 
     effects: barred_from_it
OK  Avodah Zarah 8a:17 — the invitation is the eating                                                [MOVE] 
     effects: barred_from_it
OK  Mishnah Avodah Zarah 2:3 — the sacrifices of the dead                                            [ANSWER-SHEET] 
     effects: barred_from_it
OK  "of their daughters for your sons" — two Torah seats                                             [INK] 
     effects: intermarriage_barred
OK  Avodah Zarah 36b:9 — the ban's two channels                                                      [MOVE] 
     effects: intermarriage_barred
OK  Mishnah Kiddushin 3:12 — the child as she is                                                     [ANSWER-SHEET] 
     effects: intermarriage_barred
OK  "molten gods" — 34:17 and Lev 19:4 with the vav                                                  [INK] 
     effects: molten_image_barred
OK  Makkot 23a:4 / Pesachim 118a:12 — the inserted neighbor legislates                               [MOVE] 
     effects: molten_image_barred
OK  the second seat's verses with no first seat                                                      [INK] 
     effects: molten_image_barred, pilgrim_land_guarded
OK  Mishnah Avodah Zarah 4:4 — an Israelite's idol forbidden once worshipped                         [ANSWER-SHEET] 
     effects: molten_image_barred
OK  Mishnah Avodah Zarah 4:2 — the altar class                                                       [ANSWER-SHEET] 
     effects: barred_from_it
OK  Mishnah Avodah Zarah 3:5 — made objects, not the ground                                          [ANSWER-SHEET] 
     effects: demolished
OK  Rosh Hashanah 17b:7 — the covenant with the thirteen                                             [MOVE] 
     effects: covenant_cut
OK  the eight clause-pairs aligned                                                                   [INK] 
     effects: —
OK  34:26 == 23:19 token for token                                                                   [INK] 
     effects: restores, barred_from_it
OK  CALLED calendar.kid_in_milk x3                                                                   [IMPORT] 
     effects: barred_from_it
OK  CALLED calendar.first_fruits                                                                     [IMPORT] 
     effects: restores
OK  34:22 against 23:16 — the feasts' delta                                                          [INK] 
     effects: appearance_owed
OK  "weeks" whose consonants are "seven"                                                             [INK] 
     effects: appearance_owed
OK  Menachot 84b:4 — the two loaves of wheat                                                         [MOVE] 
     effects: accepted
OK  CALLED moadim.two_loaves — count and flour                                                       [IMPORT] 
     effects: accepted
OK  "the turn of the year" — three forms                                                             [INK] 
     effects: appearance_owed
OK  Sanhedrin 13a:1 — the equinox rule                                                               [MOVE] 
     effects: appearance_owed
OK  34:18 against 23:15 — the matzah delta                                                           [INK] 
     effects: purge_deadline
OK  "as I commanded you" written without the kaf at the second seat                                  [INK] 
     effects: purge_deadline
OK  CALLED calendar.matzah and pesach.leaven_machine                                                 [IMPORT] 
     effects: purge_deadline
OK  "they shall not appear before Me empty" at exactly two seats                                     [INK] 
     effects: appearance_gift_owed
OK  Bekhorot 51b:8 — the moved clause read where it stands                                           [MOVE] 
     effects: appearance_gift_owed
OK  Kiddushin 17a:7 — "empty" exported to the severance gift                                         [MOVE] 
     effects: appearance_gift_owed
OK  Mishnah Chagigah 1:2 — the two amounts (data)                                                    [DATA] 
     effects: appearance_gift_owed
OK  Chagigah 6a:14 — the chagigah before the Utterance                                               [MOVE] 
     effects: appearance_gift_owed
OK  34:20 against 13:13 — the firstborn delta                                                        [INK] 
     effects: redeem_or_break
OK  "peter chamor" defective, plene with the vav, plene bare                                         [INK] 
     effects: redeem_or_break
OK  Bekhorot 5b:7 — peter chamor twice                                                               [MOVE] 
     effects: redeem_or_break
OK  Mishnah Bekhorot 1:2 — exempt                                                                    [ANSWER-SHEET] 
     effects: exempt
OK  Bekhorot 6a:6 — the general and its particulars                                                  [INK] 
     effects: consecrated_firstborn
OK  "remember-the-male" at nine seats, eight of them "remember"                                      [INK] 
     effects: consecrated_firstborn
OK  "tifdeh" six seats, three per verse                                                              [INK] 
     effects: redeem_or_break
OK  Bekhorot 10b:27 — tifdeh tifdeh                                                                  [MOVE] 
     effects: redeem_or_break
OK  Kiddushin 29a:17 — tipadeh                                                                       [MOVE] 
     effects: redeem_or_break
OK  Kiddushin 29b:5 — the clause order                                                               [MOVE] 
     effects: redeem_or_break
OK  Mishnah Bekhorot 1:7 — redemption precedes breaking                                              [ANSWER-SHEET] 
     effects: redeem_or_break
OK  CALLED pesach.firstborn(donkey)                                                                  [IMPORT] 
     effects: redeem_or_break
OK  "break its neck" at two seats                                                                    [INK] 
     effects: redeem_or_break
OK  Mishnah Bekhorot 1:4 — the seh class                                                             [ANSWER-SHEET] 
     effects: redeem_or_break
OK  34:21 against 23:12 — the rest delta                                                             [INK] 
     effects: rest_required
OK  CALLED calendar.weekly_rest x2                                                                   [IMPORT] 
     effects: rest_required
OK  THE ADDED TOKENS READ THREE WAYS                                                                 [MOVE] 
     effects: land_release, rest_required
OK  Mishnah Sheviit 1:4 — both readings inside the row                                               [ANSWER-SHEET] 
     effects: land_release
OK  CALLED calendar.sabbatical x2                                                                    [IMPORT] 
     effects: land_release
OK  34:23 against 23:17 — the appearing delta                                                        [INK] 
     effects: appearance_owed
OK  CALLED calendar.pilgrimage x3                                                                    [IMPORT] 
     effects: appearance_owed
OK  "no man shall covet" a hapax form                                                                [INK] 
     effects: pilgrim_land_guarded
OK  Pesachim 8b:7 — the warranty                                                                     [MOVE] 
     effects: pilgrim_land_guarded
OK  34:25 against 23:18 — the leaven delta                                                           [INK] 
     effects: purge_deadline, disqualified
OK  CALLED calendar.offering_windows x2 and pesach.paschal_procedure                                 [IMPORT] 
     effects: purge_deadline, disqualified
OK  Pesachim 64a:5-6 — "My sacrifice" at two seats                                                   [MOVE] 
     effects: purge_deadline
OK  Mishnah Pesachim 5:4 — a negative                                                                [ANSWER-SHEET] 
     effects: purge_deadline
OK  Pesachim 70a:5 — the chagigah's overnight rule                                                   [MOVE] 
     effects: disqualified
OK  Pesachim 59b:8 — "to the morning"                                                                [MOVE] 
     effects: disqualified
OK  Pesachim 5a:16 — the purge before the slaughter                                                  [MOVE] 
     effects: purge_deadline
OK  THE HEADLINE — the second seat's delta                                                           [MOVE] 
     effects: —
OK  "hew for yourself" at two seats                                                                  [INK] 
     effects: tablets_delivered
OK  Nedarim 38a:3-4 — the chips and the writing his                                                  [MOVE] 
     effects: tablets_delivered
OK  Yevamot 62a:4 — the breaking ratified                                                            [MOVE] 
     effects: tablets_delivered
OK  CALLED sanctuary_build.ark(tablets_and_fragments)                                                [IMPORT] 
     effects: tablets_delivered
OK  "and no man shall go up" a hapax                                                                 [INK] 
     effects: barred_from_it
OK  Taanit 21b:4 — the graze ban bound to the Presence                                               [MOVE] 
     effects: barred_from_it
OK  "called on the name of the LORD" — the patriarchs' verb                                          [INK] 
     effects: attributes_proclaimed
OK  "the LORD, the LORD" — with Psalm 104 alone                                                      [INK] 
     effects: attributes_proclaimed
OK  the formula's clauses censused                                                                   [INK] 
     effects: attributes_proclaimed
OK  Rosh Hashanah 17b:5 — the order of prayer                                                        [MOVE] 
     effects: attributes_proclaimed
OK  Yoma 86a:5 — the tension resolved by repentance                                                  [MOVE] 
     effects: atoned_forgiven
OK  Yoma 86a:3 — His Name not cleared                                                                [MOVE] 
     effects: atoned_forgiven
OK  Bava Kamma 50b:1 — the dual anger                                                                [MOVE] 
     effects: attributes_proclaimed
OK  "fathers upon children" seven, "shall not be put to death" two                                   [INK] 
     effects: attributes_proclaimed
OK  Berakhot 7a:26 — when they hold their fathers' deeds                                             [MOVE] 
     effects: attributes_proclaimed
OK  Makkot 24a:30 — Ezekiel annulled it                                                              [MOVE] 
     effects: attributes_proclaimed
OK  Mishnah Yoma 4:2 — the confession's order                                                        [ANSWER-SHEET] 
     effects: confessed
OK  34:9 a hapax                                                                                     [INK] 
     effects: atoned_forgiven
OK  "by the mouth of these words" — with Genesis alone                                               [INK] 
     effects: oral_law_unwritten
OK  Gittin 60b:5 — THE MEDIUM LAW                                                                    [MOVE] 
     effects: oral_law_unwritten
OK  Gittin 60b:2 — mostly oral / mostly written                                                      [MOVE] 
     effects: oral_law_unwritten
OK  "the ten words" at three seats                                                                   [INK] 
     effects: tablets_delivered
OK  forty days at nine seats; bread and water at two                                                 [INK] 
     effects: tablets_delivered
OK  the radiance and the veil, three each                                                            [INK] 
     effects: face_radiant
OK  Beitzah 16a:6 — the gift that reveals itself                                                     [MOVE] 
     effects: face_radiant
OK  "Sinai" thirteen times in Exodus                                                                 [INK] 
     effects: —
OK  Megillah 31a:16 — the intermediate Sabbath reads this span                                       [DATA] 
     effects: —
OK  "when He finished" defective at seven seats                                                      [INK] 
     effects: tablets_delivered
OK  the tablets-word's written forms                                                                 [INK] 
     effects: tablets_delivered
OK  Eruvin 54a:19 — engraved                                                                         [MOVE] 
     effects: tablets_delivered
OK  the seventy elders at three seats                                                                [INK] 
     effects: entered_the_covenant
OK  Mishnah Rosh Hashanah 2:9 — the unnamed elders                                                   [ANSWER-SHEET] 
     effects: majority_decides
OK  "one voice" — with the Chronicler alone                                                          [INK] 
     effects: entered_the_covenant
OK  "the book of the covenant" at four seats                                                         [INK] 
     effects: oral_law_unwritten
OK  "the blood of the covenant" a Torah hapax                                                        [INK] 
     effects: entered_the_covenant
OK  "the youths" a hapax                                                                             [INK] 
     effects: accepted
OK  Onkelos — the firstborn                                                                          [MOVE] 
     effects: accepted
OK  CALLED shemini_day.eras(switch)                                                                  [IMPORT] 
     effects: invested_office
OK  CALLED offerings.dispatch(olah:herd)                                                             [IMPORT] 
     effects: accepted
OK  Zevachim 116a:12 — the pre-Sinai table corrected                                                 [MOVE] 
     effects: accepted
OK  Chagigah 6b:12 — the parse question                                                              [MOVE] 
     effects: accepted
OK  THE FRONT END'S PARSE — the etnachta on the burnt offerings                                      [INK] 
     effects: accepted
OK  Chagigah 6b:13 — for the pausing of the accents                                                  [MOVE] 
     effects: accepted
OK  Chagigah 6b:14 — TEIKU                                                                           [MOVE] 
     effects: accepted
OK  Chagigah 6b:11 — no flaying before the tent                                                      [MOVE] 
     effects: accepted
OK  Chagigah 6a:15 — the tamid or the appearance                                                     [MOVE] 
     effects: accepted
OK  Keritot 9a:9 — THE CONVERT'S RITE                                                                [MOVE] 
     effects: entered_the_covenant, immersed
OK  Mishnah Keritot 2:1 — the convert lacking atonement                                              [ANSWER-SHEET] 
     effects: entered_the_covenant
OK  Zevachim 97b:8 — the basins' vessel rule                                                         [MOVE] 
     effects: accepted
OK  "sapphire brick" a hapax                                                                         [INK] 
     effects: —
OK  Menachot 43b:13 — the blue chain                                                                 [MOVE] 
     effects: takes_four_species
OK  Yoma 15b:1 — the exposed altar                                                                   [MOVE] 
     effects: accepted
OK  Megillah 9a:16 — the elect for the youths                                                        [MOVE] 
     effects: —
OK  Onkelos 24:8 — to atone for the people                                                           [MOVE] 
     effects: entered_the_covenant, atoned_forgiven
OK  Berakhot 17a:12 — the meal transposed                                                            [MOVE] 
     effects: —
OK  "the torah and the commandment" — with Kings alone                                               [INK] 
     effects: tablets_delivered
OK  Berakhot 5a:3 — THE CANON CHANNEL                                                                [MOVE] 
     effects: oral_law_unwritten
OK  "whoever has a case" a hapax                                                                     [INK] 
     effects: majority_decides
OK  Bava Kamma 46b:5 — the burden of proof                                                           [MOVE] 
     effects: majority_decides
OK  24:16 — six days and the seventh day                                                             [INK] 
     effects: —
OK  Taanit 28b:9-10 — the seventeenth of Tammuz computed                                             [MOVE] 
     effects: tablets_delivered
OK  Mishnah Taanit 4:6 — the tablets broken                                                          [ANSWER-SHEET] 
     effects: tablets_delivered
OK  "under the mountain" at three seats                                                              [INK] 
     effects: —
OK  Yoma 4b:9 — within-within                                                                        [MOVE] 
     effects: —
OK  forty days and forty nights at nine seats                                                        [INK] 
     effects: —
OK  "a molten calf" at four seats                                                                    [INK] 
     effects: molten_image_barred
OK  Sanhedrin 63a:17 — they desired many gods                                                        [MOVE] 
     effects: molten_image_barred
OK  "a feast to the LORD" at five seats                                                              [INK] 
     effects: accepted
OK  CALLED ordinances.capital(idolater_row)                                                          [IMPORT] 
     effects: stoned
OK  Sanhedrin 63a:14 — the bowing likened                                                            [MOVE] 
     effects: stoned
OK  "to play" at four seats                                                                          [INK] 
     effects: —
OK  "turned quickly" three, "stiff-necked" six                                                       [INK] 
     effects: —
OK  Berakhot 32a:16 — Moses seized Him                                                               [MOVE] 
     effects: decree_relented
OK  Berakhot 32a:17 — the one-legged chair                                                           [MOVE] 
     effects: decree_relented
OK  "and Moses beseeched" at fourteen seats                                                          [INK] 
     effects: decree_relented
OK  Berakhot 32a:19 — THE VOW ANNULLED                                                               [MOVE] 
     effects: decree_relented
OK  Berakhot 32a:24 — the oath by the Name                                                           [MOVE] 
     effects: decree_relented
OK  "and the LORD relented" five; "of the evil" five                                                 [INK] 
     effects: decree_relented
OK  "both their sides" and "engraved" — two hapaxes                                                  [INK] 
     effects: tablets_delivered
OK  Shabbat 89a:6 — the sixth hour came                                                              [MOVE] 
     effects: —
OK  32:20 — the four verbs                                                                           [INK] 
     effects: ground_and_scattered, made_to_drink
OK  the sotah's drinking verb in Numbers 5                                                           [INK] 
     effects: made_to_drink
OK  Mishnah Avodah Zarah 3:3 — the two arms                                                          [ANSWER-SHEET] 
     effects: ground_and_scattered
OK  Avodah Zarah 44a:2 — the fourth verb decides                                                     [MOVE] 
     effects: made_to_drink
OK  "let loose" spelled like Pharaoh                                                                 [INK] 
     effects: —
OK  "whoever is for the LORD" a hapax; the sword on the thigh with the Song                          [INK] 
     effects: slain_by_sword
OK  Yoma 66b:15 — all the sons of Levi                                                               [MOVE] 
     effects: slain_by_sword
OK  Yoma 66b:14 — THE THREE DEATHS AS A VERDICT TABLE                                                [MOVE] 
     effects: slain_by_sword, plague_struck, made_to_drink
OK  "fill your hand" a hapax; CALLED incense_shekel.persons(fill_hand)                               [INK] 
     effects: invested_office
OK  "a great sin" at four seats                                                                      [INK] 
     effects: confessed
OK  Yoma 86b:14 — specify the sin                                                                    [MOVE] 
     effects: confessed
OK  Rosh Hashanah 16b:14 — THE THREE BOOKS                                                           [MOVE] 
     effects: blotted_from_the_book
OK  32:33 — him I will blot                                                                          [INK] 
     effects: blotted_from_the_book
OK  Sanhedrin 102a:15 — one twenty-fourth                                                            [MOVE] 
     effects: blotted_from_the_book
OK  "and the LORD plagued" five; the plague-noun thirty-one                                          [INK] 
     effects: plague_struck
OK  Mishnah Megillah 4:10 — the second read, not translated                                          [ANSWER-SHEET] 
     effects: —
OK  "ornaments" spelled "witnesses"                                                                  [INK] 
     effects: —
OK  "Horeb" plene at one seat                                                                        [INK] 
     effects: —
OK  "outside the camp" twenty-eight; "seeker of the LORD" once                                       [INK] 
     effects: —
OK  Berakhot 63b:6 — the twelve mil                                                                  [MOVE] 
     effects: —
OK  Sanhedrin 5b:9 — THE RULING-DISTANCE                                                             [MOVE] 
     effects: majority_decides
OK  Kiddushin 33b:15 — praise or discredit                                                           [MOVE] 
     effects: —
OK  the pillar six, face to face five                                                                [INK] 
     effects: —
OK  "did not depart" at nine seats                                                                   [INK] 
     effects: —
OK  Menachot 99b:19 — a blessing, not a commandment                                                  [MOVE] 
     effects: —
OK  Temurah 16a:6 — three hundred forgotten                                                          [MOVE] 
     effects: oral_law_unwritten
OK  Mishnah Avot 1:1 — the chain                                                                     [ANSWER-SHEET] 
     effects: oral_law_unwritten
OK  "by name" twice; favor six times                                                                 [INK] 
     effects: —
OK  four hapaxes of the vision protocol                                                              [INK] 
     effects: —
OK  Menachot 35b:8 — THE KNOT OF THE TEFILLIN                                                        [MOVE] 
     effects: —
OK  Yevamot 49b:7 — Manasseh                                                                         [MOVE] 
     effects: —
OK  Onkelos 33:11 — speech with speech                                                               [MOVE] 
     effects: —
OK  "I have called by name" / "the LORD has called by name"                                          [INK] 
     effects: appointed_by_name
OK  Berakhot 55a:10 — a good leader announced                                                        [MOVE] 
     effects: appointed_by_name
OK  CALLED sanctuary_build.offering(named_by_name / consent)                                         [IMPORT] 
     effects: appointed_by_name
OK  "the spirit of God" thirteen; the triple a hapax                                                 [INK] 
     effects: spirit_filled
OK  Berakhot 55a:14 — wisdom to the wise                                                             [MOVE] 
     effects: spirit_filled
OK  31:2-4 against 35:30-32 — the deltas                                                             [INK] 
     effects: appointed_by_name
OK  THE RUN ADDS THE TEACHING CLAUSE                                                                 [INK] 
     effects: appointed_by_name
OK  THE INVENTORY AT FIVE SEATS                                                                      [INK] 
     effects: —
OK  Menachot 50b:2 — only what is stated                                                             [MOVE] 
     effects: strange_offering_barred
OK  the craftsmen's alignment                                                                        [INK] 
     effects: —
OK  "the finger of God" at three seats                                                               [INK] 
     effects: tablets_delivered
OK  the donation's alignment                                                                         [INK] 
     effects: —
OK  25:4-5 == 35:6-7 token for token                                                                 [INK] 
     effects: given_by_the_heart
OK  the materials' first verses in the run                                                           [INK] 
     effects: given_by_the_heart
OK  "the spice" singular at three seats                                                              [INK] 
     effects: —
OK  CALLED sanctuary_build.offering(trigger / set_apart / halt)                                      [IMPORT] 
     effects: given_by_the_heart
OK  the heart-tokens twelve times                                                                    [INK] 
     effects: given_by_the_heart
OK  Shevuot 26b:15 — THE HEART BINDS                                                                 [MOVE] 
     effects: given_by_the_heart
OK  Chagigah 10a:8 — the vows' release rests on it                                                   [MOVE] 
     effects: given_by_the_heart
OK  Mishnah Chagigah 1:8 — mountains by a hair                                                       [ANSWER-SHEET] 
     effects: —
OK  the spinning verb at two seats                                                                   [INK] 
     effects: given_by_the_heart
OK  Shabbat 74b:6 — extra wisdom                                                                     [MOVE] 
     effects: given_by_the_heart
OK  "a wave-offering of gold" / "the gold of the wave-offering"                                      [INK] 
     effects: given_by_the_heart
OK  Yoma 75a:19 — princes or clouds                                                                  [MOVE] 
     effects: given_by_the_heart
OK  CALLED sanctuary_build.offering(dwells_in)                                                       [IMPORT] 
     effects: presence_dwells
OK  40:2 — the command dated                                                                         [INK] 
     effects: tabernacle_erected
OK  the command's verbs and inventory                                                                [INK] 
     effects: —
OK  "and you shall screen" — with Ruth alone                                                         [INK] 
     effects: veil_divides
OK  Menachot 62a:13 — on means beside                                                                [MOVE] 
     effects: bread_set_weekly
OK  Sukkah 7b:8 — a partition called covering                                                        [MOVE] 
     effects: veil_divides
OK  40:9-15 — thirteen verbs of anointing and dressing                                               [INK] 
     effects: anointed
OK  CALLED incense_shekel.oil(run_exod40 / run_lev8)                                                 [IMPORT] 
     effects: anointed
OK  40:12 matches 29:4                                                                               [INK] 
     effects: immersed
OK  CALLED vestments.investiture x2                                                                  [IMPORT] 
     effects: invested_office
OK  40:15 — the INTERNAL pointer                                                                     [INK] 
     effects: anointed
OK  "for an everlasting priesthood" a hapax                                                          [INK] 
     effects: invested_office
OK  40:16 — the global stamp                                                                         [INK] 
     effects: inspected_as_commanded
OK  THE SEVEN STAMPS                                                                                 [INK] 
     effects: inspected_as_commanded
OK  CALLED vestments.completion x3                                                                   [IMPORT] 
     effects: inspected_as_commanded
OK  every "as" in the chapter                                                                        [INK] 
     effects: inspected_as_commanded
OK  the command against the execution, block by block                                                [INK] 
     effects: —
OK  the whole                                                                                        [INK] 
     effects: —
OK  THE RUN DROPS ITS OWN LAST SEVEN COMMANDS                                                        [INK] 
     effects: anointed, invested_office
OK  and Leviticus picks them up                                                                      [INK] 
     effects: anointed, invested_office
OK  "in the second year" at five seats                                                               [INK] 
     effects: tabernacle_erected
OK  "was erected" passive beside "erected" active                                                    [INK] 
     effects: tabernacle_erected
OK  Tanchuma Buber Pekudei 8:1 — rose of itself                                                      [MOVE] 
     effects: tabernacle_erected
OK  the erection day at three seats in two books                                                     [INK] 
     effects: tabernacle_erected
OK  CALLED shemini_day.day(date)                                                                     [IMPORT] 
     effects: tabernacle_erected
OK  Rosh Hashanah 3a:5 — Nisan the year's head                                                       [MOVE] 
     effects: tabernacle_erected
OK  CALLED shemini_day.fire(ten_crowns) — two written here                                           [IMPORT] 
     effects: tabernacle_erected
OK  Shabbat 87b:6 — a Sunday (data)                                                                  [DATA] 
     effects: tabernacle_erected
OK  Menachot 99a:10 — raise, never lower                                                             [MOVE] 
     effects: tabernacle_erected
OK  40:19 "the tent" — one token, three laws                                                         [INK] 
     effects: —
OK  Mishnah Shabbat 2:3 — flax only                                                                  [ANSWER-SHEET] 
     effects: —
OK  THE MAKING'S DROPPED USE CLAUSES RUN HERE — thirteen                                             [INK] 
     effects: staves_fixed, veil_divides, bread_set_weekly, lamp_arranged
OK  the eleven not picked up — the measures                                                          [INK] 
     effects: —
OK  CALLED sanctuary_build.ark(staves / staves_prohibition)                                          [IMPORT] 
     effects: staves_fixed
OK  CALLED sanctuary_build.ark(testimony / tablets_and_fragments)                                    [IMPORT] 
     effects: tablets_delivered
OK  the direction-words differ between spec and run                                                  [INK] 
     effects: —
OK  CALLED sanctuary_build.veil x2 and ark(meeting_dropped)                                          [IMPORT] 
     effects: veil_divides
OK  "and Moses finished the work" — the creation's verb                                              [INK] 
     effects: work_completed
OK  CALLED incense_shekel.tamid(initiations)                                                         [IMPORT] 
     effects: bread_set_weekly, lamp_arranged, incense_continual, tamid_owed
OK  Mishnah Menachot 4:4 — the four initiations                                                      [ANSWER-SHEET] 
     effects: bread_set_weekly, lamp_arranged, incense_continual, tamid_owed
OK  "an arrangement of bread" a hapax                                                                [INK] 
     effects: bread_set_weekly
OK  CALLED sanctuary_build.table(continually) and priesthood.lamp_table x2                           [IMPORT] 
     effects: bread_set_weekly
OK  the table initiated at the first Sabbath (data)                                                  [DATA] 
     effects: bread_set_weekly
OK  the lamp-raising seven; "the lamps" four                                                         [INK] 
     effects: lamp_arranged
OK  CALLED sanctuary_build.menorah / lamp and priesthood.lamp_table                                  [IMPORT] 
     effects: lamp_arranged
OK  CALLED incense_shekel.incense_altar(first_incense)                                               [IMPORT] 
     effects: incense_continual
OK  "and he burned" — Moses at 40:27 and Lev 8, Aaron at Lev 9                                       [INK] 
     effects: incense_continual
OK  Zevachim 101b:14 — Moses a high priest                                                           [MOVE] 
     effects: incense_continual, tamid_owed
OK  CALLED incense_shekel.tamid x2 and shemini_day.order                                             [IMPORT] 
     effects: tamid_owed
OK  Lev 9:17 "besides the morning burnt offering" — two seats                                        [INK] 
     effects: tamid_owed
OK  CALLED incense_shekel.laver(run / between)                                                       [IMPORT] 
     effects: hands_feet_sanctified
OK  40:32 — 30:20's two loci word for word                                                           [INK] 
     effects: hands_feet_sanctified
OK  40:31 matches 30:19 with one token added: MOSES                                                  [INK] 
     effects: hands_feet_sanctified
OK  Zevachim 21b:12 — THE LAVER'S MINIMUM OF FOUR                                                    [MOVE] 
     effects: hands_feet_sanctified
OK  Zevachim 19b:9 — what binds the sons binds him                                                   [MOVE] 
     effects: hands_feet_sanctified
OK  Zevachim 22a:4 — the base's a-fortiori                                                           [MOVE] 
     effects: hands_feet_sanctified
OK  Zevachim 58b:16 — the laver drawn south                                                          [MOVE] 
     effects: hands_feet_sanctified
OK  the glory filling at seven seats in four books                                                   [INK] 
     effects: presence_dwells, glory_appeared
OK  "could not enter" — Moses and the priests                                                        [INK] 
     effects: barred_from_it
OK  Yoma 4b:9 — within-within                                                                        [MOVE] 
     effects: barred_from_it
OK  CALLED incense_shekel.tamid(dwell) and sanctuary_build.offering(dwells_in)                       [IMPORT] 
     effects: presence_dwells
OK  CALLED incense_shekel.tamid(meeting) and shemini_day.fire x2                                     [IMPORT] 
     effects: meeting_appointed
OK  "in all their journeys" six; the lifting's three forms                                           [INK] 
     effects: camp_moves_by_the_cloud
OK  fire by night seven, cloud by day eight                                                          [INK] 
     effects: camp_moves_by_the_cloud
OK  40:36-37 — the protocol                                                                          [INK] 
     effects: camp_moves_by_the_cloud
OK  the protocol against Numbers 9                                                                   [INK] 
     effects: camp_moves_by_the_cloud
OK  Rosh Hashanah 3a:5 — the first lifting                                                           [MOVE] 
     effects: camp_moves_by_the_cloud
OK  THE SCENE — the erection on the world engine                                                     [INK] 
     effects: released, tabernacle_erected, high_places_banned, tablets_delivered, staves_fixed, veil_divides, bread_set_weekly, lamp_arranged, incense_continual, tamid_owed, hands_feet_sanctified, work_completed, presence_dwells, barred_from_it, meeting_appointed, camp_moves_by_the_cloud
OK  CALLED shemini_day.SCENE                                                                         [IMPORT] 
     effects: released
OK  THE W6 SCENE — the craftsmen and the donation on the world engine                                [ANSWER-SHEET] 
     effects: appointed_by_name, spirit_filled, given_by_the_heart
OK  THE W7 SCENE — the Sinai narrative's laws on the world engine                                    [ANSWER-SHEET] 
     effects: majority_decides, entered_the_covenant, oral_law_unwritten, accepted, invested_office, atoned_forgiven, immersed, tablets_delivered, face_radiant, molten_image_barred, barred_from_it, stoned, slain_by_sword, plague_struck, made_to_drink, bears_sin, decree_relented, confessed, blotted_from_the_book, ground_and_scattered, attributes_proclaimed, covenant_cut, nations_driven_out, covenant_barred, demolished, intermarriage_barred
OK  THE HEADLINE (1) — the second seat                                                               [MOVE] 
     effects: —
OK  THE HEADLINE (2) — the unrun commands                                                            [INK] 
     effects: —
OK  THE HEADLINE (3) — the pickup                                                                    [INK] 
     effects: —
OK  the stamps counted                                                                               [INK] 
     effects: inspected_as_commanded
OK  the inventory at five seats                                                                      [INK] 
     effects: —

MATRIX: 287/287 cells match the answer sheet
FRACTIONS: pure ink 131/287 (45%) · recorded moves 93/287 (32%) · answer-sheet 23/287 · data 4/287 · imports 36/287 · hypotheses 0/287
LEDGER OPS this span writes: block x43, body x15, debit x11, destroy x9, heaven x60, status x92, timer x34, transfer x43
effects: every cell carries REGISTERED effects — TWENTY-TWO discovered in these verses' own verbs: entered_the_covenant, covenant_cut, appointed_by_name, spirit_filled, face_radiant, tabernacle_erected, camp_moves_by_the_cloud (STATUS), tablets_delivered, given_by_the_heart, nations_driven_out (TRANSFER), decree_relented, blotted_from_the_book, plague_struck, attributes_proclaimed, pilgrim_land_guarded (HEAVEN), made_to_drink, slain_by_sword (BODY), ground_and_scattered (DESTROY), intermarriage_barred, molten_image_barred, oral_law_unwritten (BLOCK), appearance_gift_owed (DEBIT) [effects law satisfied]
SCENE: (1, 1, 1, 1, 1, 1, 1, 2, 2, 1, 3, 1, 1, 1, 1, 1, 5, 360) — the installation released into the first of Nisan; the four initiations; the Presence dwells and the meeting appointed (promised at E2 and E4, fired here)
SCENE (W6, the craftsmen and the donation): (2, 2, 5, 8, 1)
SCENE (W7, the Sinai narrative's laws): (3, 4, 3, 1, 2, 2, 1, 2, 1, 2, 3, 1, 2, 1, 2, 1, 1, 1, 1, 1, 3, 1, 1, 1, 1, 2, 3, 3, 105, 32, 186, (1, 4, 17), (1, 7, 10))
WATCH COVERAGE (the erection; the craftsmen and the donation — W6; the Sinai narrative — W7):
  WATCH law_installation       seen  15  fired   2  on: installation_commanded, milluim_blood_sprinkled
  WATCH law_erection           seen  15  fired  13  on: bread_arranged, called_from_the_tent, cloud_lifted, could_not_enter, erected, glory_filled, hands_feet_washed, incense_burned, lamps_raised, tamid_offered, testimony_placed, veil_hung, work_finished
  WATCH law_erection           seen   8  fired   8  on: craftsman_called, offering_brought
  WATCH law_erection           seen  32  fired  30  on: ascent_barred, attributes_proclaimed_at_sinai, bowed_to_another_god, calf_destroyed, calf_made, case_brought_to_deputies, covenant_blood_thrown, covenant_cut_at_sinai, daughters_taken, elders_ascended, entered_the_land, levites_gathered, moses_ascended, moses_interceded, people_answered, sacrifice_of_inhabitant_eaten, tent_pitched_outside, youths_offered
THE COVENANT WRITTEN A SECOND TIME, THE BLOOD COVENANT, THE CALF AND THE PRESENCE, THE CRAFTSMEN AND THE DONATION, AND THE ERECTION COMPILED — the second seat's delta is where the tradition argues; the run drops its own last seven commands and Leviticus picks them up; the making's dropped use clauses run here; the laver's four from the run's added Moses; the cantillation answers the sugya's parse; eleven engines CALLED.
honest-pairing guard: 113 tests checked, every expectation a literal
probes: 90 ink runs verified in their verses (Exod 1-19)
answer sheet: 12 Mishnah rows and 47 shelf rows verified by their own tokens (Pesachim 10, Avot 5, Sotah 1 and 5, Rosh Hashanah 3, Eduyot 2, Sanhedrin 1; Sotah 11a-13b, Nedarim 31b-32a, Sanhedrin 111a/91a/18a/56b/67b, Shabbat 86b-88a, Zevachim 116a/102a, Arakhin 15a-b, Kiddushin 38a, Sotah 30b, Berakhot 9a-b, Megillah 9a, Pesachim 116a; the Mekhilta)
guard: 34 expectations checked, every one a literal from the answer sheet [honest-pairing guard satisfied]
probes: all 17 token probes fired  [zero-report law satisfied]

honest-pairing guard: 222 tests checked, every expectation a literal
probes: 387 ink runs verified in their verses (Gen 18-31)
answer sheet: 7 Mishnah rows verified in their own ink; shelf: 62 rows (Babylonian and Bereshit Rabbah) verified by token
honest-pairing guard: 206 tests checked, every expectation a literal
probes: 137 ink runs verified in their verses (Gen 2-16)
answer sheet: 10 Mishnah rows and 130 shelf rows verified by their own tokens (Sanhedrin 10:3, 4:5, Avot 5:2-3, Eduyot 2:10, Yevamot 6:6, Megillah 1:8; Sanhedrin 107b-109b, 37b, 70a, Nedarim 32a-b, Sotah 14a, Megillah 9b, 14a, Berakhot 40a, Kiddushin 30b, Bava Batra 100a, Yevamot 64a, Chullin 89a, Eruvin 53a, Pesachim 118a, 6b, Rosh Hashanah 11b, Shabbat 55b; Bereshit Rabbah 16-45)
probes: all 102 token probes fired  [zero-report law satisfied]

callees live: the spec (Exod 34:15-16) 1 / [('Exod', 34, 16)]; the priesthood clause 1; the judges 78600; the incense; the twenty-four; the hanging; the addressees; the tellers; the total; Isaac's clauses 6; Judah's lion 2; the ladder; the idolatry principle
honest-pairing guard: 282 tests checked, every expectation a literal
probes: 442 ink runs verified in their verses (Gen 32-50)
answer sheet: 10 Mishnah rows verified in their own ink; shelf: 99 rows (Babylonian and Bereshit Rabbah) verified by token
guard: 56 expectations checked, every one a literal from the answer sheet [honest-pairing guard satisfied]
guard: 52 expectations checked, every one a literal from the answer sheet [honest-pairing guard satisfied]
guard: 51 expectations checked, every one a literal from the answer sheet [honest-pairing guard satisfied]
guard: 70 expectations checked, every one a literal from the answer sheet [honest-pairing guard satisfied]
probes: all 35 token probes fired  [zero-report law satisfied]

guard: 53 expectations checked, every one a literal from the answer sheet [honest-pairing guard satisfied]
guard: 74 expectations checked, every one a literal from the answer sheet [honest-pairing guard satisfied]
probes: all 121 token probes fired  [zero-report law satisfied]

probes: all 111 token probes fired  [zero-report law satisfied]

guard: 56 expectations checked, every one a literal from the answer sheet [honest-pairing guard satisfied]
probes: all 123 token probes fired  [zero-report law satisfied]

probes: all 84 token probes fired  [zero-report law satisfied]

callees: mishpatim_3, mishpatim, lev24, shelach, naso, second_census, journeys, borders, zelophehad, gad_reuben, chukat, bamidbar, primeval, sanctions, priesthood CALLED — every value asserted at import
guard: 97 expectations checked, every one a literal from the answer sheet [honest-pairing guard satisfied]
probes: all 164 token probes fired  [zero-report law satisfied]

callees: exodus_story, shelach, chukat, gad_reuben, zelophehad, journeys, borders, second_census, bamidbar, balak, primeval, mamre, joseph, ordinances, holiness, erection, beha, refuge CALLED — every value asserted at import
guard: 49 expectations checked, every one a literal from the answer sheet [honest-pairing guard satisfied]
guard: 42 expectations checked, every one a literal from the answer sheet [honest-pairing guard satisfied]
guard: 51 expectations checked, every one a literal from the answer sheet [honest-pairing guard satisfied]
OS.the_spies_read_back(the_murmuring) = "the murmuring (1:27-28) — two words (Shevuot 47b:5); the spies' words in the people's mouths, 'greater and taller than w" ['accepted']
guard: 55 expectations checked, every one a literal from the answer sheet [honest-pairing guard satisfied]
HI.the_gift_and_the_warning(lest_you_forget) = "lest you forget (6:12) — obey_horeb's forgetting census (thirteen seats, 6:12 among them); the prohibition's seat 4:9 (O" ['accepted'] — the ask without a write
guard: 51 expectations checked, every one a literal from the answer sheet [honest-pairing guard satisfied]
ER.calf(saru_stiff) = (3, 6) — the stiff neck a state, no write; ER.calf(fourth_verb_decides) = a_test_not_a_nullification — the fourth verb the retelling drops
guard: 62 expectations checked, every one a literal from the answer sheet [honest-pairing guard satisfied]
guard: 59 expectations checked, every one a literal from the answer sheet [honest-pairing guard satisfied]
guard: 65 expectations checked, every one a literal from the answer sheet [honest-pairing guard satisfied]
THE READBACK (the census, printed before it is asserted): rows 31, grades {'VERBATIM': 6, 'VARIANT': 16, 'EXPANDED': 3, 'SUPPLIED': 6}, on the tape 11, by CALL 14, SUPPLIED ['Deut 12:4', 'Deut 12:7', 'Deut 12:9', 'Deut 12:17', 'Deut 12:19', 'Deut 12:30']
DATA rows (the count, printed before it is asserted): 46
THE DATA CHECKS (printed before they are asserted): {'levites_anywhere': True, 'second_tithe': True, 'counts': (5, 4, 3), 'cell_found': True, 'written_callee': True, 'name_in_clause': False, 'seats': ['Deut 12:21', 'Exod 23:15'], 'n_rows': 6, 'platform': [('before_the_Tabernacle', 'permitted'), ('the_Tabernacle', 'forbidden'), ('Gilgal', 'permitted'), ('Shiloh', 'forbidden'), ('Nob_and_Gibeon', 'permitted'), ('Jerusalem', 'forbidden_forever')], 'platform_agrees': True, 'journeys_agree': True, 'registry': True}
THE SCENE (printed before it is asserted): ((1, 1, 1, 1, 1, 1, 1, 1, 1, 1, 1, 1, 1, 1, 1, 1, 1, 1, 1, 1, 1, 1, 1, 1, 1, 1, 1, 1, 1), (1, 1, 1), 2, (0, 0, 0, 0), 29, 0)
THE NARRATIVE (printed before it is asserted): (8, 0, 2, (11, 1), 0, 0, 0, 0) ['name_erasure_barred', 'place_chosen_required', 'rejoicing_before_the_lord_commanded', 'profane_slaughter_permitted', 'holy_things_in_the_gates_barred', 'levite_forsaking_barred', 'foreign_rite_inquiry_barred'] ['high_places_banned']
THE INK (printed before it is asserted): PARSED {(13, 13): [1]}, ORDS {}, MARKS {}, TOKN 328, LETN 1269, KINNUM {('Deut', 17, 6): [2, 3, 1], ('Deut', 19, 15): [1, 2, 3], ('Deut', 17, 7): [], ('Deut', 17, 2): [1], ('Deut', 12, 14): [1], ('Lev', 24, 16): [], ('Exod', 22, 19): []}
THE READBACK (the census, printed before it is asserted): rows 19, grades {'VERBATIM': 3, 'SUPPLIED': 8, 'VARIANT': 5, 'EXPANDED': 3}, on the tape 7, by CALL 17, SUPPLIED ['Deut 13:2', 'Deut 13:4', 'Deut 13:6', 'Deut 13:7', 'Deut 13:12', 'Deut 13:13', 'Deut 13:15', 'Deut 13:18'], writes ['false_prophet_hearing_barred', 'israel_hears_and_fears', 'condemned_city_inquiry_required', 'devoted_thing_cleaving_barred'], pointer ['Deut 13:18']
THE DATA ROWS (printed before they are asserted): 39 ['moses_unnamed', 'the_anger_keyed', 'the_benefit_ban', 'the_capital_courts_end', 'the_congruence_rule', 'the_counter_and_the_parameters', 'the_courts_rule_inverted', 'the_entrapment'] …
THE SCENE (printed before it is asserted): ((1, 1, 1, 1, 1, 1, 1, 2, 1, 1, 1, 1, 1, 1, 1, 1, 1, 1, 1, 2, 1, 1, 1, 1, 1, 1, 1, 1, 1, 1, 1, 1, 1, 1, 1, 1, 1, 1, 1, 1), (1, 1, 1, 1, 1, 1), 1, 1, 2, 2, 1, (0, 0, 0, 0), 40, 0)
THE NARRATIVE (printed before it is asserted): (8, 0, 1, (11, 1), 0, 0, 0, 0) ['adding_barred', 'false_prophet_hearing_barred', 'tested_by_the_lord', 'cleaving_commanded', 'pity_barred', 'israel_hears_and_fears', 'condemned_city_inquiry_required', 'devoted_thing_cleaving_barred']
guard: 63 expectations checked, every one a literal from the answer sheet [honest-pairing guard satisfied]
guard: 66 expectations checked, every one a literal from the answer sheet [honest-pairing guard satisfied]
guard: 53 expectations checked, every one a literal from the answer sheet [honest-pairing guard satisfied]
guard: 26 expectations checked, every one a literal from the answer sheet [honest-pairing guard satisfied]
probes: all 17 token probes fired  [zero-report law satisfied]

THE INK (printed before it is asserted): PARSE {3: ([7], [], []), 4: ([7], [1], []), 5: ([1], [], []), 8: ([6], [7], []), 9: ([7, 7], [], ['שבעת*']), 13: ([7], [], []), 15: ([7], [], []), 16: ([3], [], [])}, NUMV [3, 4, 5, 8, 9, 13, 15, 16], ORDV [4, 8], STARV [9], TOKN 334
THE CLOCK (printed before it is asserted): {'counter': (40, 11, 1), 'passover': (1, 14), 'passover_1': (1, 15), 'passover_7': {'from': 'passover_1', 'plus': 6}, 'atzeret': {'from': 'omer', 'plus': 49}, 'sukkot_1': (7, 15), 'omer_day': (1, 16), 'leap': {'position': 'after_month_12', 'length': 30}, 'threshold': 16, 'grounds': ['spring_grain', 'tree_fruit', 'season'], 'leap_by': ['count'], 'slots': ['evening', 'night', 'midnight', 'dawn', 'morning', 'noon', 'between_the_evenings', 'sunset'], 'between_the_evenings_from': 6.5, 'no_marker': True}
THE SCANS (printed before they are asserted): holes []; bribe ['israel_people']; burn ['aaron-and-sons']; place ['israel_people']; rejoice ['israel_people']; booths []; omer []; courts ['israel_people']; judges ['the_court']; appear ([], []); pillars (['the_pillar_of_bethel'], ['the_pillar_of_gilead']); pervert []
THE TWINS DIFFED (printed before they are asserted): {'16:1 vs Exod 34:18': 7, '16:1 vs Exod 23:15': 5, '16:4 vs Exod 13:7': 6, '16:4 vs Exod 34:25': 3, '16:6 vs Exod 12:6': 0, '16:8 vs Exod 13:6': 5, '16:9 vs Lev 23:15': 0, '16:11 vs 12:18': 13, '16:11 vs 16:14': 11, '16:12 vs 5:15': 5, '16:12 vs 24:18': 6, '16:16 vs Exod 34:23': 8, '16:16 vs Exod 23:17': 7, '16:17 vs 12:15': 6, '16:18 vs 1:16': 2, '16:19 vs Exod 23:8': 7, '16:20 vs 4:1': 6, '16:21 vs 7:5': 0, '16:22 vs 12:31': 2}
THE CALLEES (asserted from their prints): MO window after_midday, morrow festival, count 49, booths 7, the seventh servile_only; PS night only, until midnight / roasted only / burn on the 16th / invalid if not for its sake; CA male owes the three appearings; ER stand standing_liability_like_the_appearance_offering, amounts ('two_silver', 'maah'), made made_objects_not_the_ground; MU redress seven days of redress — Pesach's analogy; PN place the place which the LORD will ; OP charge the charge (1:16-17) — the six; ES sizes (71, 23); OR one-two merit_by_one_liability_by_two, bribe the_bribed_judges_eyes_dim / even_to_judge_truly; HO five 5; ST bribe takes no bribe (10:17) — Exodu; SN wood ['lashes']; CH keep keep and remember (5:12); JR three the three objects (33:52; PSH from Modi'im and beyond (fifteen mil)
THE READBACK (printed before it is asserted): rows 22, grades {'VARIANT': 9, 'EXPANDED': 2, 'SUPPLIED': 10, 'VERBATIM': 1}, on the tape 5, by CALL 22, supplied 10, with writes 14
THE NARRATIVE (printed before it is asserted): (16, 0, 1, (11, 1), 0, 0, 0, 0) ['passover_at_the_place_commanded', 'passover_in_the_gates_barred', 'leaven_with_the_passover_barred', 'flesh_till_morning_barred', 'seventh_day_assembly_commanded', 'weeks_at_the_place_commanded', 'booths_at_the_place_commanded', 'three_pilgrimages_commanded', 'empty_appearance_barred', 'judges_and_officers_commanded', 'judgment_wresting_barred', 'person_respecting_barred', 'bribe_barred', 'justice_pursuit_commanded', 'asherah_beside_the_altar_barred', 'pillar_barred']
guard: 91 expectations checked, every one a literal from the answer sheet [honest-pairing guard satisfied]
guard: 78 expectations checked, every one a literal from the answer sheet [honest-pairing guard satisfied]
THE INK (printed before it is asserted): PARSED {(14, 6): [2], (14, 28): [3]}, ORDS {}, MARKS {6: ['שתי^'], 22: ['עשר*'], 23: ['מעשר*'], 28: ['שנים*', 'מעשר*']}, TOKN 351, LETN 1344, KINNUM {('Deut', 15, 1): [7], ('Deut', 31, 10): [7], ('Exod', 23, 10): [6], ('Lev', 11, 3): [], ('Lev', 27, 30): [], ('Num', 18, 21): [], ('Deut', 26, 12): [], ('Deut', 12, 17): []}, STARRED [(12, 17, 'מעשר*'), (14, 22, 'עשר*'), (14, 23, 'מעשר*'), (14, 28, 'מעשר*'), (26, 12, 'מעשר*')]
THE DB'S OWN SEATS (printed before they are asserted): INF_ABS [(21, 'מכר'), (22, 'עשר')]; the kid ['Deut 14:21', 'Exod 23:19', 'Exod 34:26']; the holy people ['Deut 14:2', 'Deut 14:21', 'Deut 7:6']; portion and inheritance 6; the four at the gate ['Deut 14:29', 'Deut 16:11', 'Deut 16:14']; the place formula 11; the tithe tokens 17; rejoice 8; three years ['2Kgs 18:10', 'Deut 14:28']; seven years ['Deut 15:1', 'Deut 31:10', 'Jer 34:14']; TWIN {'14:6 vs 11:3': 9, '14:7 vs 11:4': 16, '14:8 vs 11:7': 10, '14:9 vs 11:9': 12, '14:15 vs 11:16': 10, '14:15 == 11:16': True, '14:2 vs 7:6': 18, '14:24 vs 12:21': 12, '14:29 vs 24:19': 7, '14:29 vs 14:27': 6, '14:21 vs 23:19': 6}
THE READBACK (the census, printed before it is asserted): rows 29, grades {'SUPPLIED': 8, 'VERBATIM': 6, 'VARIANT': 11, 'EXPANDED': 4}, on the tape 10, by CALL 29, SUPPLIED ['Deut 14:1', 'Deut 14:3', 'Deut 14:5', 'Deut 14:11', 'Deut 14:20', 'Deut 14:22', 'Deut 14:25', 'Deut 14:28'], writes [('Deut 14:1', 'cuttings_for_the_dead_barred'), ('Deut 14:3', 'abomination_eating_barred'), ('Deut 14:21', 'carcass_eating_barred'), ('Deut 14:22', 'second_tithe_owed'), ('Deut 14:28', 'poor_tithe_owed')], pointer []
THE VERSES NO ONE CITES (computed on the docket, printed before it is asserted): [9, 14, 15, 16, 17, 18]
THE DATA ROWS (printed before they are asserted): 56 ['ezras_penalty', 'for_the_dead', 'heavens_property', 'shiloh_and_the_house', 'the_altars_disqualified', 'the_animal_tithe_now', 'the_baldness_both_ways', 'the_benefit_counter_arm'] …
THE SCENE (printed before it is asserted): ((1, 1, 1, 1, 1, 1, 1, 1, 1, 1, 1, 1, 1, 1, 1, 1, 1, 1, 1, 1, 1, 1, 1, 1, 2, 1, 1, 1, 1, 1, 1, 1, 1, 1, 1, 1, 1, 1, 1, 1, 1, 1, 1, 1, 1, 1, 1, 1, 1, 1, 1, 1, 1, 1, 1, 1, 1, 1, 1, 1, 1, 1, 1, 1, 1, 1, 1, 1, 1, 1, 1), (1, 1, 1, 1, 1, 1, 1, 1), 10, 11, 2, 1, 1, (0, 0, 0, 0), 71, 0)
THE NARRATIVE (printed before it is asserted): (7, 0, 1, (11, 1), 0, 0, 0, 0) ['cuttings_for_the_dead_barred', 'abomination_eating_barred', 'carcass_eating_barred', 'second_tithe_owed', 'rejoicing_before_the_lord_commanded', 'levite_forsaking_barred', 'poor_tithe_owed']
THE INK (printed before it is asserted): PARSED {(15, 1): [7], (15, 7): [1], (15, 12): [6], (15, 18): [6]}, ORDS {9: [7]}, MARKS {1: ['שנים*'], 12: ['שנים*'], 18: ['שנים*']}, TOKN 354, LETN 1294, KINNUM {('Exod', 21, 2): [6], ('Exod', 23, 10): [6], ('Lev', 25, 3): [6, 6], ('Lev', 25, 8): [7, 7, 7, 7, 49], ('Deut', 31, 10): [7], ('Jer', 34, 14): [7, 6], ('Exod', 22, 29): [7], ('Lev', 22, 27): [7], ('Deut', 14, 28): [3], ('Deut', 16, 9): [7, 7]}, STARRED [(9, 15, 'ושני^'), (10, 3, 'ושני^'), (14, 28, 'שנים*'), (15, 1, 'שנים*'), (15, 12, 'שנים*'), (15, 18, 'שנים*'), (31, 10, 'שנים*')]
  PRINT the exaction verb by tokens (the lemma table collides at 5065): ['1Kgs 20:13', '1Sam 13:6', '1Sam 14:24', '2Kgs 23:35', 'Deut 15:2', 'Deut 15:3', 'Exod 20:21', 'Exod 24:14', 'Gen 33:7', 'Isa 14:4', 'Isa 29:13', 'Isa 50:8', 'Isa 53:7', 'Isa 65:5', 'Job 3:18', 'Job 40:19', 'Lev 21:21', 'Lev 21:23', 'Ps 91:7', 'Zech 9:8']
  PRINT "howbeit" (the lemma table has no 657 in the Torah): ['2Sam 12:14', 'Amos 6:10', 'Amos 9:8', 'Deut 15:4', 'Gen 47:15', 'Gen 47:16', 'Isa 16:4', 'Isa 29:20', 'Isa 34:12', 'Isa 41:29', 'Isa 45:14', 'Isa 45:6', 'Isa 54:15', 'Isa 5:8', 'Judg 4:9', 'Num 13:28', 'Num 23:13'] | "cease" in the book: [('Deut 15:11', 'יחדל'), ('Deut 23:23', 'תחדל')]
  PRINT "free" every seat in the Bible (the count): 17 [('1Sam 17:25', 'חפשי'), ('Deut 15:12', 'חפשי'), ('Deut 15:13', 'חפשי'), ('Deut 15:18', 'חפשי'), ('Exod 21:2', 'לחפשי'), ('Exod 21:5', 'חפשי'), ('Exod 21:26', 'לחפשי'), ('Exod 21:27', 'לחפשי'), ('Isa 58:6', 'חפשים'), ('Jer 34:9', 'חפשים'), ('Jer 34:10', 'חפשים'), ('Jer 34:11', 'חפשים'), ('Jer 34:14', 'חפשי'), ('Jer 34:16', 'חפשים'), ('Job 3:19', 'חפשי'), ('Job 39:5', 'חפשי'), ('Ps 88:6', 'חפשי')]
  PRINT "shear" every seat in the Bible: ['1Sam 25:2', '1Sam 25:4', '1Sam 25:7', '1Sam 25:11', '2Sam 13:23', '2Sam 13:24', 'Deut 15:19', 'Gen 31:19', 'Gen 38:12', 'Gen 38:13', 'Isa 53:7', 'Jer 7:29', 'Job 1:20', 'Mic 1:16', 'Nah 1:12']
THE CLOCK (printed before it is asserted): {'counter': (40, 11, 1), 'release_keys': ['the_end', 'the_onset', 'the_territory', 'the_year'], 'firstlings_year_keys': ['its_own_year', 'the_blemished', 'the_exiles_arm', 'the_tending_term', 'the_two_day_edge'], 'the_release_on_the_bare_world': 'no count', 'the_firstlings_year_days': 354, 'the_two_day_edge': True, 'no_marker': True}
THE DB'S OWN SEATS (printed before they are asserted): INF_ABS [(2, 'שמוט'), (4, 'ברך'), (5, 'שמוע'), (8, 'פתח'), (8, 'והעבט'), (10, 'נתון'), (11, 'פתח'), (14, 'העניק')]; seven years ['Deut 15:1', 'Deut 31:10', 'Jer 34:14']; the release noun 5; needy 9; the pledge verb 6; remember-a-slave ['Deut 15:15', 'Deut 16:12', 'Deut 24:18', 'Deut 24:22', 'Deut 5:15']; the awl [('Deut 15:17', 'המרצע'), ('Exod 21:6', 'במרצע')]; six years ['Deut 15:12', 'Deut 15:18', 'Exod 21:2', 'Lev 25:3']; for ever ['Deut 15:17']; year by year 11; the place formula 11; unclean-clean ['Deut 12:15', 'Deut 12:22', 'Deut 15:22']; as water ['Deut 12:16', 'Deut 12:24', 'Deut 15:23']; spoke-to-you ['Deut 12:20', 'Deut 15:6', 'Deut 26:18', 'Deut 29:12']; base [('Deut 13:14', 'בליעל'), ('Deut 15:9', 'בליעל')]; sin-in-you ['Deut 15:9', 'Deut 23:22', 'Deut 24:15']; TWIN {'15:12 vs Exod 21:2': 3, '15:12 vs Jer 34:14': 7, '15:16 vs Exod 21:5': 3, '15:17 vs Exod 21:6': 1, '15:15 vs 5:15': 11, '15:15 vs 24:18': 14, '15:5 vs 28:1': 14, '15:6 vs 28:12': 6, '15:9 vs 24:15': 7, '15:10 vs 14:29': 6, '15:21 vs 17:1': 6, '15:22 vs 12:15': 4, '15:22 vs 12:22': 4, '15:23 vs 12:16': 6, '15:23 vs 12:24': 5, '15:4 vs 15:11': 3, '15:1 vs 31:10': 3, '15:20 vs 12:18': 9}
THE CALLEES (printed before they are asserted): the Belial ask in the city cell ['belial_and_naboth'] -> Belial and Naboth (13:14) — the Torah's two seats (13:14, 15:9); the one who turns his eye; the release on the bare world no count; the firstling's year 354 days; MP F1 ['slave-release: FREE-YEAR-7', 'slave-release: DEDUCT', 'slave-release: FREE-AT-JUBILEE']; M2 slave_maimed True
THE READBACK (the census, printed before it is asserted): rows 23, grades {'TURNED': 2, 'SUPPLIED': 11, 'VARIANT': 2, 'VERBATIM': 3, 'SHORTENED': 1, 'DISAGREES': 2, 'EXPANDED': 2}, on the tape 11, by CALL 23, SUPPLIED ['Deut 15:3', 'Deut 15:4', 'Deut 15:6', 'Deut 15:7', 'Deut 15:8', 'Deut 15:9', 'Deut 15:10', 'Deut 15:11', 'Deut 15:13', 'Deut 15:14', 'Deut 15:18'], writes [('Deut 15:1', 'debt_release_owed'), ('Deut 15:2', 'exaction_barred'), ('Deut 15:7', 'hand_shutting_barred'), ('Deut 15:8', 'hand_opening_commanded'), ('Deut 15:9', 'base_thought_barred'), ('Deut 15:10', 'work_of_the_hand_blessed'), ('Deut 15:13', 'empty_sending_barred'), ('Deut 15:14', 'furnishing_commanded'), ('Deut 15:18', 'work_of_the_hand_blessed'), ('Deut 15:19', 'firstling_sanctification_commanded')], pointer ['Deut 15:6'], state ['Deut 15:4'], open ['Deut 15:17', 'Deut 15:19']
THE VERSES NO ONE CITES (computed on the docket, printed before it is asserted): [15]
THE DATA ROWS (printed before they are asserted): 71 ['egypt_the_model', 'lend_not_borrow', 'the_altars_bar', 'the_awl_tool', 'the_blemish_class', 'the_blemished_in_the_gates', 'the_blemished_thirty_days', 'the_blessing_in_the_land'] …; the parameters 27 on file 27 + 2
THE SCENE (printed before it is asserted): ((1, 1, 1, 1, 1, 1, 1, 1, 1, 1, 1, 1, 1, 1, 1, 1, 1, 1, 1, 1, 1, 1, 1, 1, 1, 1, 1, 1, 1, 1, 1, 1, 1, 1, 1, 1, 1, 1, 1, 1, 1, 1, 1, 1, 1, 1, 1, 1, 1, 1, 1, 1, 1, 1, 1, 1, 1, 1, 1, 1, 1, 1, 1, 1, 1, 1, 1, 1, 1, 1, 1, 1, 1, 1, 1, 1, 1, 1, 1, 1, 1, 1), (1, 1, 1, 1, 1, 1, 1, 1, 1, 1, 1), 2, 17, 3, 1, 1, 1, (0, 0, 0, 0), 82, 0)
THE NARRATIVE (printed before it is asserted): (15, 0, 1, (11, 1), 0, 0, 0, 0) ['debt_release_owed', 'exaction_barred', 'blessings_for_hearing', 'hand_opening_commanded', 'hand_shutting_barred', 'base_thought_barred', 'work_of_the_hand_blessed', 'cry_heard', 'bears_sin', 'furnishing_commanded', 'empty_sending_barred', 'work_of_the_hand_blessed', 'firstling_sanctification_commanded', 'firstling_work_and_shearing_barred', 'holy_things_in_the_gates_barred']
THE INK (printed before it is asserted): PARSE {(17, 2): ([1], [], []), (17, 6): ([2, 3, 1], [], [])}, NUMV [(17, 2), (17, 6)], ORDV [], STARV [], TOKN {17: 368, 18: 304}
THE NEGATIONS AND THE NAME (printed before they are asserted): {(17, 1): ['לא'], (17, 3): ['לא'], (17, 6): ['לא'], (17, 11): ['לא'], (17, 13): ['ולא'], (17, 15): ['לא', 'לא'], (17, 16): ['לא', 'ולא', 'לא'], (17, 17): ['ולא', 'ולא', 'לא'], (18, 1): ['לא'], (18, 2): ['לא'], (18, 9): ['לא'], (18, 10): ['לא'], (18, 14): ['לא'], (18, 16): ['לא', 'לא', 'ולא'], (18, 19): ['לא'], (18, 20): ['לא'], (18, 21): ['לא'], (18, 22): ['ולא', 'ולא', 'לא', 'לא']} 28
THE CLOCK (printed before it is asserted): {'counter': (40, 11, 1), 'no_marker': True, 'no_clock_datum': True}
THE SCANS (printed before they are asserted): holes []; hears ['israel_people']; false prophet ['israel_people']; inheritance ['aaron', 'the_levites']; kings ['jacob']; prophet ['abraham']; wholeness ['abraham']; courts ['israel_people']; judges ['the_court']; bribe ['israel_people']; stoned ['the_blasphemer', 'the_wood_gatherer']; put to death ['abiram', 'dathan', 'korach', 'the_lusters', 'the_ten_spies', 'the_two_hundred_fifty', 'the_wood_gatherer']; purged []; dues ['aaron']
THE TWINS DIFFED (printed before they are asserted): {'17:1 vs 15:21': 6, '17:4 vs 13:15': 9, '17:6 vs 19:15': 6, '17:7 vs 13:10': 7, '17:8 vs 1:17': 2, '17:11 vs 17:20': 1, '17:13 vs 13:12': 3, '17:17 vs 8:13': 3, '17:20 vs 8:14': 0, '18:2 vs 10:9': 8, '18:2 vs Num 18:20': 2, '18:5 vs 10:8': 3, '18:10 vs Lev 20:2': 0, '18:11 vs Lev 20:27': 1, '18:13 vs Gen 17:1': 1, '18:16 vs 5:25': 5, '18:17 vs 5:28': 5, '18:19 vs 13:4': 3, '18:22 vs 13:2': 0}
THE READBACK (printed before it is asserted): rows 42, grades {'SUPPLIED': 12, 'VARIANT': 22, 'EXPANDED': 5, 'VERBATIM': 2, 'SHORTENED': 1}, on the tape 11, by CALL 42, supplied 12, with writes 28
THE NARRATIVE (printed before it is asserted): (37, 0, 1, (11, 1), 0, 0, 0, 0) ['blemished_offering_barred', 'idolater_inquiry_required', 'two_witnesses_required', 'one_witness_barred', 'witnesses_hand_first_commanded', 'high_court_at_the_place_commanded', 'sentence_binding_commanded', 'turning_from_the_word_barred', 'king_from_the_brothers_commanded', 'foreign_king_barred', 'horses_multiplying_barred', 'return_to_egypt_barred', 'wives_multiplying_barred', 'silver_and_gold_multiplying_barred', 'law_copy_commanded', 'heart_lifting_barred', 'shoulder_cheeks_maw_owed', 'first_fleece_owed', 'priests_standing_chosen', 'levite_service_at_the_place_permitted', 'equal_portions_commanded', 'abominations_learning_barred', 'passing_through_fire_barred', 'diviner_barred', 'soothsayer_barred', 'augur_barred', 'sorcerer_barred', 'charmer_barred', 'ghost_consulting_barred', 'familiar_spirit_barred', 'necromancer_barred', 'wholeness_commanded', 'prophet_like_moses_promised', 'prophet_hearkening_commanded', 'word_required_of_the_hearer', 'false_word_test_declared', 'false_prophet_fear_barred']
guard: 99 expectations checked, every one a literal from the answer sheet [honest-pairing guard satisfied]
probes: all 112 token probes fired  [zero-report law satisfied]

THE INK (printed before it is asserted): PARSE {(19, 2): ([3], [], []), (19, 3): ([3], [], []), (19, 5): ([1], [], []), (19, 7): ([3], [], []), (19, 9): ([3], [], []), (19, 11): ([1], [], []), (19, 15): ([1, 2, 3], [], ['שני^']), (19, 17): ([2], [], ['שני^']), (21, 15): ([2, 1, 1], [], ['שתי^', 'האחת#', 'והאחת#']), (21, 17): ([2], [], [])}, NUMV [(19, 2), (19, 3), (19, 5), (19, 7), (19, 9), (19, 11), (19, 15), (19, 17), (21, 15), (21, 17)], ORDV [], STARV [(19, 15), (19, 17), (21, 15)], TOKN {19: 332, 20: 316, 21: 354}
THE NEGATIONS AND THE NAME (printed before they are asserted): {(19, 4): ['לא'], (19, 6): ['לא'], (19, 10): ['ולא'], (19, 13): ['לא'], (19, 14): ['לא'], (19, 15): ['לא'], (19, 20): ['ולא'], (19, 21): ['ולא'], (20, 1): ['לא'], (20, 5): ['ולא'], (20, 6): ['ולא'], (20, 7): ['ולא'], (20, 8): ['ולא'], (20, 12): ['לא'], (20, 15): ['לא'], (20, 16): ['לא'], (20, 18): ['לא'], (20, 19): ['לא', 'לא'], (20, 20): ['לא'], (21, 1): ['לא'], (21, 3): ['לא', 'לא'], (21, 4): ['לא', 'ולא'], (21, 7): ['לא', 'לא'], (21, 14): ['לא', 'לא', 'לא'], (21, 16): ['לא'], (21, 18): ['ולא'], (21, 23): ['לא', 'ולא']} 22
THE CLOCK (printed before it is asserted): {'counter': (40, 11, 1), 'no_marker': True, 'no_clock_datum': True}
THE SCANS (printed before they are asserted): holes []; cities ['israel_people']; pity ['israel_people']; hears ['israel_people']; one witness ['israel_people']; two witnesses ['israel_people']; hand first ['israel_people']; abominations ['israel_people']; fear not ['isaac', 'jacob', 'moses', 'yehoshua']; captive ['israel_people', 'lot', 'the_captives_of_midian']; spoil ['israel_people', 'the-sons']; boundary ['the_heap_and_pillar']; hanged ['the_baker']; buried ['aaron', 'abraham', 'deborah_the_nurse', 'isaac', 'jacob', 'miriam', 'rachel', 'sarah', 'the_lusters']; blood ['noach']; atoned ['aaron', 'israel_people', 'the-repentant', 'the_officers_of_the_host']; firstborn by the head ['esau', 'perez']; hated ['the-sons']; stoned ['the_blasphemer', 'the_wood_gatherer']; put to death ['abiram', 'dathan', 'korach', 'the_lusters', 'the_ten_spies', 'the_two_hundred_fifty', 'the_wood_gatherer']; purged []; flees []; dwells []; land polluted []; city devoted []; driven out []; lashes []
THE TWINS DIFFED (printed before they are asserted): {'19:1 vs 12:29': 8, '19:4 vs 4:42': 9, '19:4 vs Exod 21:13': 3, '19:6 vs Josh 20:5': 10, '19:8 vs 12:20': 6, '19:9 vs 11:22': 10, '19:13 vs 13:9': 4, '19:15 vs 17:6': 3, '19:15 vs Num 35:30': 1, '19:16 vs Exod 23:1': 2, '19:17 vs 17:9': 3, '19:19 vs 13:6': 3, '19:20 vs 13:12': 7, '19:21 vs Exod 21:24': 4, '20:1 vs 7:18': 6, '20:3 vs 6:4': 2, '20:3 vs 31:6': 5, '20:4 vs 1:30': 5, '20:5 vs 20:6': 11, '20:5 vs 20:7': 11, '20:17 vs Josh 9:1': 5, '21:1 vs 17:2': 7, '21:3 vs Num 19:2': 3, '21:4 vs Exod 13:13': 1, '21:5 vs 18:5': 7, '21:6 vs 21:4': 7, '21:9 vs 12:25': 5, '21:10 vs 20:1': 7, '21:11 vs Gen 29:17': 2, '21:14 vs 24:1': 4, '21:15 vs Gen 4:19': 3, '21:17 vs Gen 49:3': 0, '21:18 vs Jer 5:23': 2, '21:21 vs 13:12': 3, '21:21 vs 22:21': 5, '21:23 vs Gen 9:6': 3}
THE READBACK (printed before it is asserted): rows 64, grades {'SUPPLIED': 27, 'VARIANT': 30, 'EXPANDED': 6, 'SHORTENED': 1}, on the tape 17, by CALL 64, supplied 27, with writes 44
THE PARAMETERS AND THE DATA (printed before the count is typed): parameters 44, DATA rows 83
THE NARRATIVE (printed before it is asserted): (45, 0, 1, (11, 1), 0, 0, 0, 0) ['three_cities_separated_commanded', 'way_prepared_commanded', 'land_divided_in_three_commanded', 'three_more_cities_conditioned', 'manslayer_flight_permitted', 'murderer_extradition_commanded', 'murderer_pity_barred', 'innocent_blood_purge_commanded', 'landmark_removal_barred', 'two_or_three_witnesses_required', 'witnesses_inquiry_commanded', 'plotting_witness_talion_commanded', 'talion_pity_barred', 'war_fear_barred', 'priest_war_speech_commanded', 'officers_exemptions_commanded', 'fearful_exemption_commanded', 'captains_appointed_commanded', 'peace_call_commanded', 'tribute_service_commanded', 'siege_males_smitten_commanded', 'spoil_permitted', 'far_cities_scope_declared', 'nothing_alive_left_commanded', 'abominations_teaching_barred', 'fruit_tree_cutting_barred', 'siege_works_permitted', 'slain_found_measuring_commanded', 'heifer_neck_broken_commanded', 'priests_approach_commanded', 'elders_hands_washed_commanded', 'elders_declaration_commanded', 'innocent_blood_atoned', 'captive_wife_permitted', 'captive_mourning_month_commanded', 'captive_sale_barred', 'captive_release_commanded', 'firstborn_double_portion_commanded', 'firstborn_right_transfer_barred', 'rebellious_son_seized_commanded', 'rebellious_son_stoning_commanded', 'hanging_after_death_commanded', 'corpse_overnight_barred', 'same_day_burial_commanded', 'land_defilement_barred']
THE INK (printed before it is asserted): PARSE {(22, 12): ([4], [], []), (22, 19): ([100], [], []), (22, 22): ([2], [], ['שני#']), (22, 24): ([2], [], ['שני#']), (22, 29): ([50], [], []), (23, 3): ([], [10], []), (23, 4): ([], [10], []), (23, 9): ([], [3], []), (23, 17): ([1], [], []), (23, 19): ([2], [], ['שני#']), (24, 4): ([], [1], []), (24, 5): ([1], [], []), (25, 3): ([40], [], []), (25, 5): ([1], [], []), (25, 11): ([1], [], ['האחד#'])}, NUMV [(22, 12), (22, 19), (22, 22), (22, 24), (22, 29), (23, 17), (23, 19), (24, 5), (25, 3), (25, 5), (25, 11)], ORDV [(23, 3), (23, 4), (23, 9), (24, 4)], STARV [(22, 22), (22, 24), (23, 19), (25, 11)], TOKN {22: 437, 23: 339, 24: 327, 25: 260}
THE NEGATIONS AND THE NAME (printed before they are asserted): {(22, 1): ['לא'], (22, 2): ['לא', 'ולא'], (22, 3): ['לא'], (22, 4): ['לא'], (22, 5): ['לא', 'ולא'], (22, 6): ['לא'], (22, 8): ['ולא'], (22, 9): ['לא'], (22, 10): ['לא'], (22, 11): ['לא'], (22, 14): ['ולא'], (22, 17): ['לא'], (22, 19): ['לא'], (22, 20): ['לא'], (22, 24): ['לא'], (22, 26): ['לא'], (22, 28): ['לא'], (22, 29): ['לא'], (23, 1): ['לא', 'ולא'], (23, 2): ['לא'], (23, 3): ['לא', 'לא'], (23, 4): ['לא', 'לא'], (23, 5): ['לא'], (23, 6): ['ולא'], (23, 7): ['לא'], (23, 8): ['לא', 'לא'], (23, 11): ['לא', 'לא'], (23, 15): ['ולא'], (23, 16): ['לא'], (23, 17): ['לא'], (23, 18): ['לא', 'ולא'], (23, 19): ['לא'], (23, 20): ['לא'], (23, 21): ['לא'], (23, 22): ['לא'], (23, 23): ['לא'], (23, 25): ['לא'], (23, 26): ['לא'], (24, 1): ['לא'], (24, 4): ['לא', 'ולא'], (24, 5): ['לא', 'ולא'], (24, 6): ['לא'], (24, 10): ['לא'], (24, 12): ['לא'], (24, 14): ['לא'], (24, 15): ['ולא', 'ולא'], (24, 16): ['לא', 'לא'], (24, 17): ['לא', 'ולא'], (24, 19): ['לא'], (24, 20): ['לא'], (24, 21): ['לא'], (25, 3): ['לא'], (25, 4): ['לא'], (25, 5): ['לא'], (25, 6): ['ולא'], (25, 7): ['לא', 'לא'], (25, 8): ['לא'], (25, 9): ['לא'], (25, 12): ['לא'], (25, 13): ['לא'], (25, 14): ['לא'], (25, 18): ['ולא'], (25, 19): ['לא']} 26
THE CLOCK (printed before it is asserted): {'counter': (40, 11, 1), 'no_marker': True, 'no_clock_datum': True}
THE SCANS (printed before they are asserted): holes []; the kin counts {'pity_barred': 2, 'talion_pity_barred': 1, 'put_to_death': 7, 'stoned': 2, 'lashes': 0, 'pays': 1, 'exempt': 1, 'israel_hears_and_fears': 1, 'hanged': 1, 'buried': 9, 'sent_outside_the_camp': 2, 'firstborn_by_the_head': 2, 'inheritance_stayed_in_tribe': 1, 'blood_required': 1, 'bribe_barred': 1, 'judges_charged': 1, 'courts_established': 1, 'peace_call_commanded': 1, 'innocent_blood_purge_commanded': 1, 'evil_purged_from_the_midst': 0, 'levirate_owed': 2, 'waits_for_the_levir': 1, 'amalek_to_be_blotted': 1, 'amalek_weakened': 1, 'justice_pursuit_commanded': 1, 'judgment_wresting_barred': 1, 'person_respecting_barred': 1, 'forgetting_barred': 1, 'stricken_with_leprosy': 1, 'hand_opening_commanded': 1, 'cry_heard': 2, 'bears_sin': 1, 'work_of_the_hand_blessed': 2, 'blessings_for_hearing': 2, 'evil_speech_spoken': 2, 'cursing_barred': 1, 'house_abomination_barred': 1, 'interest_barred': 0, 'pledge_returned_by_sunset': 0, 'wage_due_by_morning': 0, 'left_for_the_poor': 0, 'mixture_barred': 0}; the entities {'pity_barred': ['israel_people'], 'talion_pity_barred': ['israel_people'], 'put_to_death': ['abiram', 'dathan', 'korach', 'the_lusters', 'the_ten_spies', 'the_two_hundred_fifty', 'the_wood_gatherer'], 'stoned': ['the_blasphemer', 'the_wood_gatherer'], 'lashes': [], 'pays': ['the_firstborn_of_israel'], 'exempt': ['the_levites', 'the_widow_of_zelophehad'], 'israel_hears_and_fears': ['israel_people'], 'hanged': ['the_baker'], 'buried': ['aaron', 'abraham', 'deborah_the_nurse', 'isaac', 'jacob', 'miriam', 'rachel', 'sarah', 'the_lusters'], 'sent_outside_the_camp': ['the_men_of_war', 'the_unclean_of_the_camp'], 'firstborn_by_the_head': ['esau', 'perez'], 'inheritance_stayed_in_tribe': ['the_daughters_of_zelophehad'], 'blood_required': ['noach'], 'bribe_barred': ['israel_people'], 'judges_charged': ['the_court'], 'courts_established': ['israel_people'], 'peace_call_commanded': ['israel_people'], 'innocent_blood_purge_commanded': ['israel_people'], 'evil_purged_from_the_midst': [], 'levirate_owed': ['onan', 'shelah'], 'waits_for_the_levir': ['tamar'], 'amalek_to_be_blotted': ['amaleq'], 'amalek_weakened': ['amaleq'], 'justice_pursuit_commanded': ['israel_people'], 'judgment_wresting_barred': ['israel_people'], 'person_respecting_barred': ['israel_people'], 'forgetting_barred': ['israel_people'], 'stricken_with_leprosy': ['miriam'], 'hand_opening_commanded': ['israel_people'], 'cry_heard': ['israel_people'], 'bears_sin': ['israel_people'], 'work_of_the_hand_blessed': ['israel_people'], 'blessings_for_hearing': ['israel_people'], 'evil_speech_spoken': ['aaron', 'miriam'], 'cursing_barred': ['balaam'], 'house_abomination_barred': ['israel_people'], 'interest_barred': [], 'pledge_returned_by_sunset': [], 'wage_due_by_morning': [], 'left_for_the_poor': [], 'mixture_barred': [], 'restores': [], 'unloading_owed': [], 'wife_taken': ['adah', 'asenath', 'basemath', 'bilhah', 'hagar', 'judith', 'keturah', 'leah', 'mahalath', 'milcah', 'rachel', 'rebekah', 'sarah', 'the_daughters_of_men', 'the_daughters_of_zelophehad', 'yokheved', 'zillah', 'zilpah', 'zipporah'], 'pledge_held': ['tamar'], 'loathed': ['the_moabites'], 'karet_cut_off': [], 'love_owed': ['israel_people']}
THE TWINS DIFFED (printed before they are asserted): {'24:16 vs 2Kgs 14:6': 12, '24:16 vs 2Chr 25:4': 10, '24:18 vs 15:15': 14, '24:22 vs 15:15': 13, '24:18 vs 24:22': 12, '24:1 vs 24:3': 8, '22:5 vs 25:16': 7, '23:3 vs 23:4': 11, '24:4 vs 21:23': 10, '25:15 vs 5:16': 8, '25:19 vs Exod 17:14': 6, '24:9 vs 25:17': 7, '23:5 vs 24:9': 4, '22:28 vs Exod 22:15': 7, '22:29 vs Exod 22:16': 1, '22:19 vs 22:29': 8, '22:1 vs 22:4': 7, '22:1 vs Exod 23:4': 3, '22:4 vs Exod 23:5': 3, '22:22 vs Lev 20:10': 1, '22:22 vs Gen 20:3': 2, '22:21 vs Gen 34:7': 1, '22:21 vs 21:21': 5, '22:24 vs 17:5': 5, '24:17 vs 16:19': 4, '24:17 vs Exod 23:6': 3, '24:15 vs 15:9': 7, '23:22 vs 15:9': 4, '23:22 vs Eccl 5:3': 5, '24:19 vs 14:29': 7, '24:19 vs Lev 19:9': 2, '24:21 vs Lev 19:10': 2, '24:14 vs Lev 19:13': 3, '25:5 vs Gen 38:8': 1, '25:5 vs Num 27:8': 4, '25:6 vs Gen 48:6': 3, '25:12 vs 19:21': 2, '25:12 vs 19:13': 3, '25:11 vs Exod 21:22': 2, '23:20 vs Exod 22:24': 2, '23:20 vs Lev 25:36': 1, '23:21 vs Lev 25:37': 1, '22:9 vs Lev 19:19': 3, '22:11 vs Lev 19:19': 2, '22:12 vs Num 15:38': 1, '23:1 vs Lev 18:8': 1, '23:2 vs Lev 21:20': 0, '23:2 vs Lev 22:24': 1, '23:18 vs Gen 38:21': 2, '23:19 vs 17:1': 6, '23:11 vs Lev 15:16': 1, '23:11 vs Num 5:2': 1, '23:17 vs Exod 22:20': 1, '24:5 vs 20:7': 3, '24:6 vs Exod 22:25': 1, '24:13 vs Exod 22:25': 1, '24:7 vs Exod 21:16': 2, '24:8 vs Lev 13:2': 1, '24:9 vs Num 12:10': 0, '25:3 vs Lev 19:20': 1, '25:4 vs Gen 13:7': 0, '25:13 vs Lev 19:35': 1, '25:15 vs Lev 19:36': 2, '25:17 vs Exod 17:8': 1, '25:19 vs 8:11': 3, '25:19 vs 25:6': 2, '24:1 vs 21:14': 4, '22:7 vs 5:16': 5, '22:10 vs 5:14': 1, '23:15 vs Lev 26:12': 0, '23:7 vs 20:10': 0, '23:4 vs 2:9': 1, '22:14 vs 19:16': 0, '25:1 vs 16:18': 1, '25:7 vs Ruth 4:1': 1, '25:9 vs Ruth 4:7': 1, '25:6 vs Ruth 4:10': 3, '25:19 vs 1Sam 15:2': 3, '25:9 vs 27:15': 1}
THE CALLEES (printed after they are asserted): OR return_it; M2 seducer: FETCH-50 (the pointer); HO ['corner', 'fallen_grapes']; HB routed_Deut_22_9; SA (15, 6); PR ['the_convert']; YV permitted; VW ['commanded']; NS no verdict in span; NG RELEASED; MT right_ear_ridge_righ; BH ['evil_speech_spoken']; BK ['cursing_barred']; ES open_to_deuteronomy_and_samuel; FA ['Deut 25:5', 'Num 27:8']; ZL ['levirate_owed']; JO ('FETCH-50', 4); PV abrahams_beasts_muzz; MK ['stoned']; SE ['accepted']; RW ['talion_pity_barred', 'pays']; CP ['barred_from_it']; FJ ['judgment_wresting_barred']; ST ['love_owed']; CH ['accepted']; SN ['accepted']; PN ['foreign_rite_inquiry_barred']; HI ['accepted']; L24 PAY-MONEY; GL [[], [], [], []]
THE READBACK (printed before it is asserted): rows 96, grades {'SUPPLIED': 39, 'EXPANDED': 26, 'VARIANT': 20, 'TURNED': 8, 'VERBATIM': 2, 'SHORTENED': 1}, on the tape 35, by CALL 96, supplied 39, with writes 20
THE EXAM ROWS (printed before they are asserted): 44 ['Bava Batra 5:10', 'Bava Batra 5:11', 'Bava Kamma 8:1', 'Bava Kamma 8:3', 'Bava Metzia 2:7', 'Bava Metzia 2:8', 'Bava Metzia 2:9', 'Bava Metzia 2:10', 'Bava Metzia 5:10', 'Bava Metzia 9:13', 'Berakhot 3:5', 'Chullin 12:2', 'Chullin 12:3', 'Gittin 2:4', 'Gittin 3:1', 'Gittin 8:1', 'Gittin 9:10', 'Ketubot 3:1', 'Ketubot 3:5', 'Ketubot 4:3', 'Kiddushin 1:1', 'Makkot 3:10', 'Makkot 3:15', 'Peah 4:6', 'Peah 6:6', 'Peah 7:2', 'Rosh Hashanah 1:1', 'Sanhedrin 3:4', 'Sanhedrin 11:1', 'Sotah 7:2', 'Sotah 8:4', 'Temurah 6:2', 'Temurah 6:3', 'Yevamot 1:1', 'Yevamot 2:1', 'Yevamot 3:9', 'Yevamot 4:13', 'Yevamot 8:2', 'Yevamot 8:3', 'Yevamot 10:1', 'Yevamot 12:1', 'Yevamot 12:3', 'Yevamot 12:6', 'Zavim 2:3']
THE DATA (printed before it is asserted): parameters 51 (with arms 21), rows 128
THE NARRATIVE (printed before it is asserted): (79, 0, 1, (11, 1), 0, 0, 0, 0) ['lost_thing_return_commanded', 'hiding_from_lost_thing_barred', 'fallen_beast_raising_commanded', 'cross_dressing_barred', 'mother_bird_sending_commanded', 'parapet_commanded', 'house_bloodguilt_barred', 'vineyard_mixed_seed_barred', 'ox_ass_plowing_barred', 'wool_linen_barred', 'tassels_commanded', 'slander_fine_commanded', 'slanderer_divorce_barred', 'unchaste_bride_stoning_commanded', 'adulterers_death_commanded', 'betrothed_girl_city_field_declared', 'rapist_fifty_commanded', 'rapist_divorce_barred', 'fathers_wife_barred', 'crushed_barred_from_assembly', 'forbidden_union_offspring_barred', 'ammon_moab_barred_forever', 'ammon_moab_peace_barred', 'edom_egypt_third_generation_admitted', 'camp_evil_thing_guarded', 'nocturnal_unclean_exit_commanded', 'camp_latrine_commanded', 'camp_holiness_required', 'escaped_slave_return_barred', 'slave_oppression_barred', 'cult_prostitution_barred', 'harlots_hire_dogs_price_barred', 'interest_to_brother_barred', 'interest_to_foreigner_permitted', 'vow_delay_barred', 'vow_refraining_permitted', 'lips_utterance_binding', 'laborer_eating_permitted', 'laborer_vessel_barred', 'sickle_swinging_barred', 'bill_of_divorce_commanded', 'divorced_wife_remarriage_permitted', 'first_husband_retaking_barred', 'land_caused_to_sin_barred', 'newlywed_year_exemption_commanded', 'millstone_pledge_barred', 'kidnapper_death_commanded', 'leprosy_priests_teaching_commanded', 'miriam_remembrance_commanded', 'pledge_entry_barred', 'poor_mans_pledge_return_commanded', 'righteousness_before_the_lord', 'hireling_oppression_barred', 'hireling_wage_same_day_commanded', 'fathers_for_sons_death_barred', 'stranger_orphan_justice_commanded', 'widows_garment_pledge_barred', 'forgotten_sheaf_commanded', 'olive_second_beating_barred', 'vineyard_gleaning_barred', 'court_justification_commanded', 'lashes_by_number_commanded', 'lashes_forty_cap_declared', 'brother_degradation_barred', 'ox_muzzling_barred', 'widow_outsider_marriage_barred', 'levirate_marriage_commanded', 'firstborn_on_dead_name_commanded', 'refusal_at_gate_declared', 'shoe_loosening_rite_declared', 'house_of_unshod_named', 'wife_seizing_hand_cut_commanded', 'hand_cutting_pity_barred', 'diverse_weights_barred', 'diverse_measures_barred', 'whole_just_weight_commanded', 'amalek_remembrance_commanded', 'amalek_memory_blotting_commanded', 'amalek_forgetting_barred']

PASS  [MOVE]  Deut 22:1-4; THE WRITE lost_thing_return_commanded; the Sifrei 222:1-8; ordinances by CALL — the Exodus cell's forward reading — your_brothers_ox_or_sheep_straying
        ->  lost_thing_return_commanded [status]  the lost thing's return commanded — the STATUS the line lost_thing_declared writes on Israel: 'RETURN, YOU SHALL RETURN THEM to your brother' (22:1) — returned and it fled, even four and five times (the Sifrei 222:8; Mishnah Bava Metzia 2:9 in the spine's own Hebrew at 222:6 — what is a lost thing); until your brother seeks it — until you examine whether he is a deceiver (223:1-4 — Bava Metzia 2:7); the scrolls, the garment, the vessels until Elijah comes (Bava Metzia 2:8); the finder's wage an idle laborer's (the parameter); Exodus 23:4's enemy's ox the Sinai seat (ordinances.courts by CALL — the Exodus cell read 22:1-4 forward)
PASS  [MOVE]  Deut 22:1-4; MISHNAH BAVA METZIA 2:9 — cited in the spine's own Hebrew (222:6), the exam row — what_is_a_lost_thing
        ->  accepted           [heaven]  accepted for him — the offering's acceptance state
PASS  [MOVE]  Deut 22:1-4; MISHNAH BAVA METZIA 2:7 — the exam row, two arms; the Sifrei 223:1-4; ordinances by CALL — until_your_brother_seeks_it
        ->  accepted           [heaven]  accepted for him — the offering's acceptance state
PASS  [MOVE]  Deut 22:1-4; MISHNAH BAVA METZIA 2:8 — the exam row; the Sifrei 224:1-4 — the_lost_things_keeping
        ->  accepted           [heaven]  accepted for him — the offering's acceptance state
PASS  [MOVE]  Deut 22:1-4; THE WRITE hiding_from_lost_thing_barred; MISHNAH BAVA METZIA 2:10 — the exam row; the Sifrei 222:7, 224:1-4; ordinances by CALL — you_may_not_hide
        ->  hiding_from_lost_thing_barred [block]  hiding from the lost thing barred — the BLOCK the line lost_thing_declared writes on Israel: 'YOU MAY NOT HIDE YOURSELF' (22:3) — sometimes you hide and sometimes not: the elder beneath his dignity, the priest in the graveyard, his own loss greater than his fellow's (the Sifrei 222:7, 224:1-4 — Mishnah Bava Metzia 2:10: in the stable no duty, in the public domain the duty; his father says do not return — he does not listen)
PASS  [MOVE]  Deut 22:1-4; THE WRITE fallen_beast_raising_commanded; MISHNAH BAVA METZIA 2:10 — the exam row; the Sifrei 222:1-3, 225:1-226:3; ordinances by CALL — his_ass_or_his_ox_fallen
        ->  fallen_beast_raising_commanded [status]  the fallen beast's raising commanded — the STATUS the line lost_thing_declared writes on Israel: 'RAISE, YOU SHALL RAISE with him' (22:4) — fallen in the way and not in the stable; with him — the owner who sits idle exempts, old or sick obliges (the Sifrei 225:1-4, 226:1-3 — Mishnah Bava Metzia 2:10: unloading a Torah duty, loading disputed, a load it can bear); the ox and the ass name the common case (Bava Kamma 5:7); Exodus 23:5's fallen ass the Sinai seat — the headless piska's opening (222:1-3; ordinances.courts by CALL, restores and unloading_owed the Exodus registrations)
PASS  [MOVE]  Deut 22:5-12; THE WRITE cross_dressing_barred; the Sifrei 226:4-7; Onkelos 22:5; seven_nations by CALL — a_mans_gear_on_a_woman
        ->  cross_dressing_barred [block]  cross-dressing barred — the BLOCK the line garments_nest_parapet_declared writes on Israel: 'A MAN'S GEAR SHALL NOT BE ON A WOMAN, and a man shall not put on a woman's garment' (22:5) — Onkelos the armament of a man: the woman not to bear arms, the man not to adorn himself as a woman (the Sifrei 226:4-7); an abomination — the formula's fifth seat (seven_nations by CALL — 7:25's first)
PASS  [MOVE]  Deut 22:5-12; THE WRITE mother_bird_sending_commanded; MISHNAH CHULLIN 12:3 — the exam row; the Sifrei 227:1-228:8 — the_nest_before_you
        ->  mother_bird_sending_commanded [status]  the mother bird's sending commanded — the STATUS the line garments_nest_parapet_declared writes on Israel: 'SEND, YOU SHALL SEND THE MOTHER, and the young you may take for yourself' (22:7) — the nest that chances, the prepared excluded; the hovering mother whose wings touch; even one fledgling or one egg; sent and returned even five times; the mother taken and the young sent still owed (the Sifrei 227:1-11, 228:1-8 — Mishnah Chullin 12:3); the unclean bird exempt, the male pheasant disputed (Chullin 12:2 — the parameter); R. Judah flogged and does not send, the sages send (228:8 — Makkot 3:4 by the English); that it may be well with you — the reward clause (covenant_at_horeb by CALL; blessings_for_hearing the tape's reference)
PASS  [MOVE]  Deut 22:5-12; MISHNAH CHULLIN 12:2 — the exam row, two arms; the Sifrei 227:5-6 — the_nests_kinds
        ->  accepted           [heaven]  accepted for him — the offering's acceptance state
PASS  [MOVE]  Deut 22:5-12; Makkot 3:4 by the English (228:8); the Sifrei 228:5-8; covenant_at_horeb by CALL — the_mother_taker_and_the_reward
        ->  accepted           [heaven]  accepted for him — the offering's acceptance state
PASS  [MOVE]  Deut 22:5-12; THE WRITES parapet_commanded, house_bloodguilt_barred; the Sifrei 229:1-11; Onkelos 22:8; refuge_war_family by CALL — the_parapet_and_the_blood
        ->  parapet_commanded  [status]  the parapet commanded — the STATUS the line garments_nest_parapet_declared writes on Israel: 'When you build a new house YOU SHALL MAKE A PARAPET FOR YOUR ROOF' (22:8) — the builder, the buyer, the heir alike; the roof ten handbreadths (the Sifrei 229:1-8); the four-by-four house shared by nine laws (229:10 — the data row)
        ->  house_bloodguilt_barred [block]  the house's bloodguilt barred — the BLOCK the line garments_nest_parapet_declared writes on Israel: 'AND YOU SHALL NOT PUT BLOOD IN YOUR HOUSE, if the faller falls from it' (22:8) — the faller was to fall from the six days of creation, yet the house's owner bears it (the Sifrei 229:9-10 — Onkelos a liability of a death sentence, the reading's find)
PASS  [MOVE]  Deut 22:5-12; THE WRITE vineyard_mixed_seed_barred; the Sifrei 230:1-9; holiness_b by CALL — routed_Deut_22_9 — the_vineyards_two_kinds
        ->  vineyard_mixed_seed_barred [block]  the vineyard's mixed seed barred — the BLOCK the line mixtures_tassels_declared writes on Israel: 'YOU SHALL NOT SOW YOUR VINEYARD WITH TWO KINDS, lest the fullness be forfeited' (22:9) — your vineyard, not another's; forfeited — the sanctification's homograph, the fire (the Sifrei 230:1-9); THE VINEYARD'S MIXTURE IS THIS VERSE'S INSTITUTION — Leviticus 19:19's cell routed it here at its own compile (holiness_b.mixtures by CALL: routed_Deut_22_9); the bald patch, the perimeter, the espalier Kilayim's parameters owed to the docket
PASS  [MOVE]  Deut 22:5-12; THE WRITE ox_ass_plowing_barred; the Sifrei 231:1-7; holiness_b and covenant_at_horeb by CALL — the_ox_and_the_ass
        ->  ox_ass_plowing_barred [block]  plowing with an ox and an ass barred — the BLOCK the line mixtures_tassels_declared writes on Israel: 'YOU SHALL NOT PLOW WITH AN OX AND AN ASS TOGETHER' (22:10) — every two kinds; plowing, drawing, leading (the Sifrei 231:1-7 — holiness_b.mixtures by CALL: routed_Deut_22_10, the pairs table); the ox and the ass the Sabbath's pair by the verbal analogy (covenant_at_horeb by CALL)
PASS  [MOVE]  Deut 22:5-12; THE WRITE wool_linen_barred; the Sifrei 232:1-233:9 (233:1 reread); holiness_b and covenant_at_horeb by CALL — the_mingled_stuff
        ->  wool_linen_barred  [block]  wool and linen together barred — the BLOCK the line mixtures_tassels_declared writes on Israel: 'YOU SHALL NOT WEAR MINGLED STUFF, WOOL AND LINEN TOGETHER' (22:11) — carded, spun and woven, the acronym's three predicates; wool and linen only (the Sifrei 232:1-6 — holiness_b.mixtures by CALL: Leviticus 19:19's mingled stuff resolved by this verse); remember and keep in one utterance (233:1-9 — the second piska heading on 22:11); mixture_barred zero on the running world — the reference
PASS  [MOVE]  Deut 22:5-12; THE WRITE tassels_commanded; the Sifrei 234:1-235:7; Menachot 4:1 by the English; hear_o_israel by CALL — the_tassels_on_the_four_corners
        ->  tassels_commanded  [status]  the tassels commanded — the STATUS the line mixtures_tassels_declared writes on Israel: 'TASSELS YOU SHALL MAKE FOR YOURSELF ON THE FOUR CORNERS OF YOUR COVERING with which you cover yourself' (22:12) — the twisted cords the tassels' Greek name; the four corners not three or five; the mingled stuff permitted in the tassels by the juxtaposition (the Sifrei 234:1-7); with which you cover — the night's garment and the blind man's excluded (235:1-7 — the parameter; Menachot 4:1 by the English); the third passage recited (hear_o_israel by CALL — Numbers 15:37-41 the tape's own)
PASS  [MOVE]  Deut 22:13-21; the Sifrei 235:1-237:3 (236 headless); refuge_war_family by CALL — the plotting witnesses — when_a_man_takes_a_wife_and_hates_her
        ->  accepted           [heaven]  accepted for him — the offering's acceptance state
PASS  [MOVE]  Deut 22:13-21; the Sifrei 238:1; family by CALL — Rebekah's five — the_girl_written_as_a_boy
        ->  accepted           [heaven]  accepted for him — the offering's acceptance state
PASS  [MOVE]  Deut 22:13-21; the Sifrei 238:1-239:1; festivals_judges by CALL — the_father_and_the_mother_and_the_elders
        ->  accepted           [heaven]  accepted for him — the offering's acceptance state
PASS  [MOVE]  Deut 22:13-21; THE WRITES slander_fine_commanded, slanderer_divorce_barred; MISHNAH KETUBOT 4:3 — the exam row; the Sifrei 239:1-5; Onkelos 22:19 — the_hundred_of_silver
        ->  slander_fine_commanded [status]  the slanderer's fine commanded — the STATUS the line slandered_bride_declared writes on Israel: 'and the elders of that city shall take the man and chastise him, AND FINE HIM A HUNDRED OF SILVER and give it to the father of the girl' (22:18-19) — chastise, lashes; a hundred sela (Onkelos; the Sifrei 239:1-3 — Mishnah Ketubot 4:3: the convert's daughter born in sanctity has the hundred and the father's door); the charge adultery under betrothal by witnesses, the plotting witnesses inside the bride's case (236-238 — refuge_war_family by CALL: as he plotted); the elders of the city the court (festivals_judges by CALL)
        ->  slanderer_divorce_barred [block]  the slanderer's divorce barred — the BLOCK the line slandered_bride_declared writes on Israel: 'and to him she shall be as a wife, HE MAY NOT SEND HER AWAY ALL HIS DAYS' (22:19) — even ugly; the sending without the lamed at 22:19 and 22:29 (the Sifrei 239:4-5 — the two forms of one clause; the rapist's twin)
PASS  [MOVE]  Deut 22:13-21; THE WRITE unchaste_bride_stoning_commanded; the Sifrei 240:1-241:4; mekoshesh, seducers and joseph by CALL — the purge's sixth seat — if_the_thing_was_true
        ->  unchaste_bride_stoning_commanded [status]  the unchaste bride's stoning commanded — the STATUS the line slandered_bride_declared writes on Israel: 'they shall bring out the girl to the door of her father's house and THE MEN OF HER CITY SHALL STONE HER WITH STONES AND SHE SHALL DIE, for she did a folly in Israel' (22:21) — the tokens not found by witnesses; see the growth you raised; the stoning rite, the witnesses' hand first (mekoshesh and seducers by CALL); folly in Israel Genesis 34:7's phrase, the tape's outraged (joseph by CALL); the father's house the place of the sin; THE PURGE FORMULA'S SIXTH SEAT of nine (the Sifrei 240:1-6, 241:1-4 — seducers by CALL); the bride's own verdict stoned (reused)
        ->  stoned             [body]  stoned — the death mode named in ink; for the ox, the beast's own docket entry
        ->  evil_purged_from_the_midst [body]  the evil purged from the midst — THE PURGE FORMULA'S FIRST SEAT OF NINE: 'AND YOU SHALL PURGE THE EVIL FROM YOUR MIDST' (13:6 — the nine seats all in the book: 13:6 the first, then 17:7, 17:12, 19:19, 21:21, 22:21, 22:22, 22:24, 24:7 — each ahead a SECOND ENTRY, the compile's gain from naming the effect at its first seat): a BODY effect written on the condemned person at the exam's case (the false prophet put to death — the_prophets_death a parameter, stoning / strangling; the inciter stoned — 13:11's rite by CALL), never on the tape — 'purge the DOER of evils from Israel' (the Sifrei 86:10): the person removed, the evil with him; the homographs named, not counted — purge_deadline the leaven's timer, purge_commanded Jacob's removal of the foreign gods (Genesis 35:2); Onkelos 'ותפלי עביד דביש מבינך' (and you shall remove the doer of evil from among you)
PASS  [MOVE]  Deut 22:22-29; THE WRITE adulterers_death_commanded; MISHNAH SANHEDRIN 11:1 — the exam row; the Sifrei 242:1-6; sanctions by CALL — a_man_found_lying_with_a_married_woman
        ->  adulterers_death_commanded [status]  the adulterers' death commanded — the STATUS the line adultery_betrothed_seducer_declared writes on Israel: 'When a man is found lying with a woman married to a husband, THEY SHALL BOTH DIE, the man who lay with the woman and the woman' (22:22) — married to a husband Sarah's phrase (Genesis 20:3 the tape's came_in_a_dream); both die — the strangling (Mishnah Sanhedrin 11:1 — sanctions.census by CALL: the bare death filled); the two alike, not the minor (the Sifrei 242:1-6); the purge formula's seventh seat, from Israel its second form; Leviticus 20:10 the Sinai seat (sanctions.grade by CALL); their own verdict put_to_death (reused)
        ->  put_to_death       [body]  put to death — the court docket opens a capital entry (mode per the compiled law)
PASS  [MOVE]  Deut 22:22-29; THE WRITE betrothed_girl_city_field_declared; the Sifrei 243:1-244:4; primeval by CALL — the_betrothed_girl_in_the_city_and_in_the_field
        ->  betrothed_girl_city_field_declared [status]  the betrothed girl's city and field declared — the STATUS the line adultery_betrothed_seducer_declared writes on Israel: 'When a girl, a virgin, is betrothed to a man and A MAN FINDS HER IN THE CITY AND LIES WITH HER, you shall bring them both out … and stone them … but if the man finds the betrothed girl IN THE FIELD … the man alone shall die' (22:23-27) — betrothed and a girl and a virgin three conditions; the city and the field two arms of the presumption of rescue; THE PURSUER'S LAW at 243:2 — the betrothed girl saved by the pursuer's life; the rapist and the seducer by three a fortiori arguments (the Sifrei 243:1-6, 244:1-4); he humbled her Hagar's word (primeval by CALL); the purge formula's eighth seat; Onkelos no liability of a death sentence
        ->  stoned             [body]  stoned — the death mode named in ink; for the ox, the beast's own docket entry
PASS  [MOVE]  Deut 22:22-29; the Sifrei 243:2, 244:1 (I1) — the_pursuers_law
        ->  accepted           [heaven]  accepted for him — the offering's acceptance state
PASS  [MOVE]  Deut 22:22-29; the Sifrei 245:1-4; mishpatim_2's PROBES row and joseph by CALL — Ketubot 3:4 — the_seducer_of_the_unbetrothed
        ->  accepted           [heaven]  accepted for him — the offering's acceptance state
PASS  [MOVE]  Deut 22:22-29; THE WRITES rapist_fifty_commanded, rapist_divorce_barred; MISHNAH KETUBOT 3:5 — the exam row; the Sifrei 245:5-7; Onkelos 22:29; joseph by CALL — the_fifty
        ->  rapist_fifty_commanded [status]  the rapist's fifty commanded — the STATUS the line adultery_betrothed_seducer_declared writes on Israel: 'the man who lay with her shall give to the girl's father FIFTY OF SILVER, and to him she shall be as a wife because he humbled her' (22:29) — fifty sela (Onkelos); Exodus 22:15-16's seducer by name: THE FIFTY A POINTER THERE AND A CONSTANT HERE (mishpatim_2's PROBES row — the Exodus runner read this verse at its compile; joseph.dinah's FETCH-50 by CALL); the seducer three and the rapist four; which girls have a fine (Mishnah Ketubot 3:1 — the parameter; sanctions.census by CALL for the karet-without-death class); the Sifrei 245:1-6
        ->  rapist_divorce_barred [block]  the rapist's divorce barred — the BLOCK the line adultery_betrothed_seducer_declared writes on Israel: 'he may not send her away all his days' (22:29) — a wife fit for him: the rapist drinks from his vessel even lame or blind, but a matter of licentiousness or unfit to enter Israel — he may not keep her (Mishnah Ketubot 3:5 — the data row with the exit); send her away without the lamed, the slanderer's twin (the Sifrei 245:6)
PASS  [MOVE]  Deut 22:22-29; MISHNAH KETUBOT 3:1 — the exam row; sanctions by CALL — the lash list — the_fines_girls
        ->  accepted           [heaven]  accepted for him — the offering's acceptance state
PASS  [MOVE]  Deut 23:1-9; THE WRITE fathers_wife_barred; the Sifrei 246:1; sanctions by CALL — his_fathers_wife_and_his_fathers_skirt
        ->  fathers_wife_barred [block]  the father's wife barred — the BLOCK the line fathers_wife_assembly_declared writes on Israel: 'A MAN SHALL NOT TAKE HIS FATHER'S WIFE, and shall not uncover his father's skirt' (23:1) — even after his death, Leviticus 18:8's seat (sanctions.grade by CALL — no ban for the brother's wife, 25:5's ordinary case named by the Leviticus cell itself); the father's skirt — the widow awaiting the levir of his father (the Sifrei 246:1)
PASS  [MOVE]  Deut 23:1-9; THE WRITE crushed_barred_from_assembly; MISHNAH YEVAMOT 8:2 — the exam row; the Sifrei 247:1-5; priesthood by CALL — the_crushed_and_the_cut
        ->  crushed_barred_from_assembly [status]  the crushed man barred from the assembly — the STATUS the line fathers_wife_assembly_declared writes on Israel: 'HE THAT IS CRUSHED OR CUT SHALL NOT ENTER THE ASSEMBLY OF THE LORD' (23:2) — even one testicle wounded; the cut member with a hair's breadth of the corona remaining fit (Mishnah Yevamot 8:2 — the parameter; the Sifrei 247:1-5); permitted to a convert and a freed slave, barred from the assembly alone; by heaven excluded (the data row); Leviticus 22:24's crushed beast (priesthood by CALL)
PASS  [MOVE]  Deut 23:1-9; THE WRITE forbidden_union_offspring_barred; MISHNAH YEVAMOT 4:13 — the exam row, three arms; the Sifrei 248:1-5 (I2); family by CALL — the_mamzer
        ->  forbidden_union_offspring_barred [status]  the forbidden union's offspring barred — the STATUS the line fathers_wife_assembly_declared writes on Israel: 'A MAMZER (one born of a forbidden union) SHALL NOT ENTER THE ASSEMBLY OF THE LORD, even the tenth generation' (23:3) — who is a mamzer: R. Akiva any prohibited kin, Shimon the Temanite karet by Heaven — the ruling, R. Yehoshua a court death (Mishnah Yevamot 4:13 — three arms, the parameter; family.levirate by CALL — Perez and Zerah pre-Sinai, not mamzerim); the tenth generation for ever by the verbal analogy with Ammon (the Sifrei 248:1-5, 249:4); the mamzeret too (Yevamot 8:3)
PASS  [MOVE]  Deut 23:1-9; THE WRITE ammon_moab_barred_forever; MISHNAH YEVAMOT 8:3 — the exam row; the Sifrei 249:1-250:5; balak by CALL — ammon_and_moab_for_ever
        ->  ammon_moab_barred_forever [status]  Ammon and Moab barred for ever — the STATUS the line fathers_wife_assembly_declared writes on Israel: 'AN AMMONITE OR A MOABITE SHALL NOT ENTER THE ASSEMBLY OF THE LORD, even the tenth generation … FOR EVER' (23:4) — the Ammonite and not the Ammonitess, the Moabite and not the Moabitess, the females permitted at once (Mishnah Yevamot 8:3 — the parameter; TRADITION OVER ARGUMENT at 253:2); because they met you not with bread and water — the way of the world; Balak's counsel by Micah 6:5, the hire, the curse turned to a blessing (the Sifrei 249:1-4, 250:1-5 — balak by CALL: the block never closed, Deut 23:6 the run; the tape's balak lines the readback's references); the Moabites loathed (the tape's loathed the reference)
PASS  [MOVE]  Deut 23:1-9; the Sifrei 250:4-5; balak by CALL — 'Deut 23:6 the run' — the_curse_turned_to_a_blessing
        ->  accepted           [heaven]  accepted for him — the offering's acceptance state
PASS  [MOVE]  Deut 23:1-9; THE WRITE ammon_moab_peace_barred; the Sifrei 251:1-3 (reread); refuge_war_family by CALL — you_shall_not_seek_their_peace
        ->  ammon_moab_peace_barred [block]  seeking Ammon's and Moab's peace barred — the BLOCK the line fathers_wife_assembly_declared writes on Israel: 'YOU SHALL NOT SEEK THEIR PEACE nor their good all your days for ever' (23:7) — the peace call barred for them (the Sifrei 251:1-3 — 20:10's peace call the reference, refuge_war_family by CALL; peace_call_commanded one on israel_people unmoved); Moab spared as a nation at 2:9, barred from the assembly (the tape's moab_spared_commanded the readback's reference)
PASS  [MOVE]  Deut 23:1-9; THE WRITE edom_egypt_third_generation_admitted; MISHNAH YEVAMOT 8:3 — the exam row; the Sifrei 252:1-253:3 (I1 refused — tradition over argument) — edom_and_egypt_the_third_generation
        ->  edom_egypt_third_generation_admitted [status]  Edom's and Egypt's third generation admitted — the STATUS the line fathers_wife_assembly_declared writes on Israel: 'YOU SHALL NOT ABHOR AN EDOMITE, FOR HE IS YOUR BROTHER; you shall not abhor an Egyptian, for you were a sojourner in his land; the sons born to them, THE THIRD GENERATION SHALL ENTER the assembly of the LORD' (23:8-9) — though he came against you with the sword, though they drowned your sons; the third generation a count (the parser's ordinals); R. Shimon's a fortiori on the females refused by the tradition (the Sifrei 252:1-2, 253:1-3 — Mishnah Yevamot 8:3's second clause); the tape's edom_refused and egypt_people the readback's references
PASS  [MOVE]  Deut 23:10-15; THE WRITE camp_evil_thing_guarded; the Sifrei 254:1-4 — when_the_camp_goes_out
        ->  camp_evil_thing_guarded [status]  the camp guarded from every evil thing — the STATUS the line camp_holiness_declared writes on Israel: 'When the camp goes out against your enemies, YOU SHALL KEEP YOURSELF FROM EVERY EVIL THING' (23:10) — against your enemies not your brothers; the three cardinal sins the evil thing, the Presence removed by lewdness (the Sifrei 254:1-4 — a heaven reading, no new entry); 254:4's chapter 25 the translator's error (the reading's find)
PASS  [MOVE]  Deut 23:10-15; THE WRITE nocturnal_unclean_exit_commanded; the Sifrei 255:1-3; naso by CALL — no verdict in Numbers 5's span — the_nights_chance
        ->  nocturnal_unclean_exit_commanded [status]  the nocturnally unclean man's exit commanded — the STATUS the line camp_holiness_declared writes on Israel: 'When there is among you a man who is not clean by a chance of the night, HE SHALL GO OUT OF THE CAMP, he shall not come into the midst of the camp; and toward evening he shall bathe in water, and when the sun sets he shall come in' (23:11-12) — THE NIGHT'S CHANCE IS THIS CHAPTER'S OWN LAW: the camp of Numbers 5 holds no seat for the emitter (naso.camp_purity by CALL: no verdict in span); the camp of the Presence, the three camps' ladder — the leper out of three, the zav out of two, the corpse-unclean out of one (the Sifrei 255:1-3 — the emitter's camp the parameter); the immersion by day, the entry at sunset (256:1-2 — Mishnah Berakhot 3:5; Zavim 2:3 the twenty-four hours); Leviticus 15:16's seed_emitted the tape's kind
PASS  [MOVE]  Deut 23:10-15; MISHNAH BERAKHOT 3:5 and ZAVIM 2:3 — the exam rows; the Sifrei 256:1-2 — toward_evening_he_bathes
        ->  accepted           [heaven]  accepted for him — the offering's acceptance state
PASS  [MOVE]  Deut 23:10-15; THE WRITE camp_latrine_commanded; the Sifrei 257:1-3; Onkelos 23:13-14 — a_place_outside_the_camp_and_a_spade
        ->  camp_latrine_commanded [status]  the camp's latrine commanded — the STATUS the line camp_holiness_declared writes on Israel: 'AND YOU SHALL HAVE A PLACE OUTSIDE THE CAMP and go out there; and you shall have A SPADE AMONG YOUR WEAPONS, and when you sit down outside you shall dig with it and turn back and cover what comes from you' (23:13-14) — a hand is a place (1 Samuel 15:12's hand cited — Onkelos a prepared place, the spine written in); a spade among your weapons — Onkelos on your weapons, the same Aramaic noun (the Sifrei 257:1-3)
PASS  [MOVE]  Deut 23:10-15; THE WRITE camp_holiness_required; the Sifrei 258:1-4 (258:1 reread); Onkelos 23:15; hear_o_israel by CALL — for_the_lord_walks_in_your_camp
        ->  camp_holiness_required [status]  the camp's holiness required — the STATUS the line camp_holiness_declared writes on Israel: 'For the LORD your God walks in the midst of your camp to deliver you and to give your enemies before you; AND YOUR CAMP SHALL BE HOLY, that He see no unseemly thing in you and turn away from you' (23:15) — Onkelos His Shekhinah (indwelling presence) walks, His Memra (word) turns from doing you good — the Presence's presence a condition (the data row); the Shema by the launderers' vat, not read before filth (the Sifrei 258:1-4 — hear_o_israel by CALL); sent_outside_the_camp two on the tape the references
PASS  [MOVE]  Deut 23:16-21; THE WRITES escaped_slave_return_barred, slave_oppression_barred; the Sifrei 259:1-8 (259:5 reread); ordinances by CALL — the_slave_who_escapes_to_you
        ->  escaped_slave_return_barred [block]  the escaped slave's return barred — the BLOCK the line slave_hire_interest_declared writes on Israel: 'YOU SHALL NOT DELIVER A SLAVE TO HIS MASTER who escapes to you from his master; he shall dwell with you in your midst in the place he chooses in one of your gates where it is good for him' (23:16-17) — the slave who fled from outside the land to the land, R. Judah the gentile's slave (the Sifrei 259:1-4 — the data row); the slave's gate his own choice, the good of the slave, not the sanctuary's city (259:5 — place_name's the_place a reference only); Onkelos a slave of the nations (259:8)
        ->  slave_oppression_barred [block]  the slave's oppression barred — the BLOCK the line slave_hire_interest_declared writes on Israel: 'YOU SHALL NOT OPPRESS HIM' (23:17) — with words: wronging is words, oppression is money (ordinances.stranger by CALL — Exodus 22:20's pair); he shall dwell with you — the slave's residence (the Sifrei 259:6-7 — the data row)
PASS  [MOVE]  Deut 23:16-21; THE WRITE cult_prostitution_barred; the Sifrei 260:1-2; Onkelos 23:18; family and priesthood by CALL — no_cult_harlot_of_the_daughters_of_israel
        ->  cult_prostitution_barred [block]  cult prostitution barred — the BLOCK the line slave_hire_interest_declared writes on Israel: 'THERE SHALL BE NO CULT HARLOT OF THE DAUGHTERS OF ISRAEL, and no cult prostitute of the sons of Israel' (23:18) — the cult harlot's Sinai seat, uncompiled at Genesis 38:21-22 (family.levirate by CALL — Tamar's word the tape's own; priesthood.family by CALL — the sages' definition of the harlot); Onkelos a woman of Israel to a slave man, a man of Israel a slave woman — the marriage with slaves, the other way (the Sifrei 260:1-2 — the parameter with both arms)
PASS  [MOVE]  Deut 23:16-21; THE WRITE harlots_hire_dogs_price_barred; MISHNAH TEMURAH 6:2, 6:3 — the exam rows; the Sifrei 261:1-6 (261:2 reread); courts_prophet by CALL — the_harlots_hire_and_the_dogs_price
        ->  harlots_hire_dogs_price_barred [block]  the harlot's hire and the dog's price barred — the BLOCK the line slave_hire_interest_declared writes on Israel: 'YOU SHALL NOT BRING THE HIRE OF A HARLOT OR THE PRICE OF A DOG into the house of the LORD your God for any vow, for an abomination to the LORD your God are both of them' (23:19) — here is this lamb as your fee, even a hundred (Mishnah Temurah 6:2 — the maidservant to a slave disputed); this lamb in place of a dog, the partners' nine and a dog; a dog's hire and a harlot's price permitted — both, two and not four; their offspring permitted (Temurah 6:3 — the parameter of two exclusions); the abomination one word with 17:1 (the Sifrei 261:1-6 — courts_prophet by CALL: nine disqualified by abomination); Onkelos the house of the sanctuary
PASS  [MOVE]  Deut 23:16-21; THE WRITE interest_to_brother_barred; MISHNAH BAVA METZIA 5:10 — the exam row; the Sifrei 262:1-3; ordinances and yovel by CALL — interest_to_your_brother
        ->  interest_to_brother_barred [block]  interest to your brother barred — the BLOCK the line slave_hire_interest_declared writes on Israel: 'YOU SHALL NOT LEND ON INTEREST TO YOUR BROTHER — interest of silver, interest of food, interest of anything that is lent on interest' (23:20) — the borrower warned; the five prohibitions — the lender, the borrower, the guarantor, the witnesses (the Sifrei 262:1-3 — ordinances.loan by CALL: Bava Metzia 5:11); both nouns barred, the money's bite and the produce's increase (yovel.interest by CALL); the verbal interest, the pre-paid and the delayed (Mishnah Bava Metzia 5:10 — the parameter); the bite of Numbers 21:9 the homograph (ordinances.loan's four seats); interest_barred Leviticus 25:36's zero on the running world — the reference
PASS  [MOVE]  Deut 23:16-21; THE WRITE interest_to_foreigner_permitted; the Sifrei 263:1-4; yovel by CALL — THE IMPORT EDGE M-07 — to_the_foreigner_you_may_lend
        ->  interest_to_foreigner_permitted [status]  interest to the foreigner permitted — the STATUS the line slave_hire_interest_declared writes on Israel: 'TO THE FOREIGNER YOU MAY LEND ON INTEREST, but to your brother you shall not, that the LORD your God may bless you in all you put your hand to' (23:21) — a positive command or a permission, two arms (the Sifrei 263:1-4 — the parameter); THE LEVITICUS CELL'S IMPORT EDGE M-07 NAMES THIS VERSE — yovel.interest_scope read it forward at its compile, this runner calls yovel for the definitions (the edge paid in the reverse direction); work_of_the_hand_blessed two on israel_people the tape's reference, no third write
PASS  [MOVE]  Deut 23:22-26; THE WRITE vow_delay_barred; MISHNAH ROSH HASHANAH 1:1 — the exam row; the Sifrei 264:1-7; vows and musafim by CALL — when_you_vow_a_vow_delay_not
        ->  vow_delay_barred   [block]  the vow's delay barred — the BLOCK the line vows_law_declared writes on Israel: 'When you vow a vow to the LORD your God, YOU SHALL NOT DELAY TO PAY IT, for the LORD your God will surely require it of you, and it shall be sin in you' (23:22) — three feasts (the Sifrei 264:1-7 — vows.the_man by CALL: two dues, the positive at the first festival, the prohibition at the third; Mishnah Rosh Hashanah 1:1 the first of Nisan the New Year for the feasts — the delay's clock the parameter; musafim's vow deadline read); the offering and the wife unmoved, the sin on the vower alone; sin in you — bears_sin 15:9's formula at its second seat, the tape's reference; Numbers 30's vows_law_spoken the readback's reference
PASS  [MOVE]  Deut 23:22-26; THE WRITE vow_refraining_permitted; the Sifrei 265:1-3; vows by CALL — if_you_refrain_from_vowing
        ->  vow_refraining_permitted [status]  refraining from vows permitted — the STATUS the line vows_law_declared writes on Israel: 'But IF YOU REFRAIN FROM VOWING, there shall be no sin in you' (23:23) — better not to vow at all; the vower called a sinner, Ecclesiastes 5:4 cited (the Sifrei 265:1-3 — vows.the_man by CALL)
PASS  [MOVE]  Deut 23:22-26; THE WRITE lips_utterance_binding; the Sifrei 266:1-4; vows by CALL — what_goes_out_of_your_lips
        ->  lips_utterance_binding [status]  the lips' utterance binding — the STATUS the line vows_law_declared writes on Israel: 'WHAT GOES OUT OF YOUR LIPS YOU SHALL KEEP AND DO, as you vowed to the LORD your God, a freewill offering which you spoke with your mouth' (23:24) — the lips required, the heart's vow the Sifrei's arm (vows.the_man by CALL: lips_or_heart); the vow and the gift distinguished — the vow's debit persists past its object (the Sifrei 266:1-4; Nedarim 1:1 by the English)
PASS  [MOVE]  Deut 23:22-26; THE WRITES laborer_eating_permitted, laborer_vessel_barred; the Sifrei 266:1; Onkelos 23:25-26; Bava Metzia 7 by the English — OWED — when_you_come_into_your_neighbors_vineyard
        ->  laborer_eating_permitted [status]  the laborer's eating permitted — the STATUS the line laborer_vineyard_grain_declared writes on Israel: 'When you come into your neighbor's vineyard, YOU MAY EAT GRAPES TO YOUR FILL as you desire' (23:25) — when you come as a hired man: Onkelos when you are hired at 23:25 and 23:26, the spine's reading written into the verse; the laborer, not the passerby (Bava Metzia 7:2-8 by the English — the laborer's eating a parameter OWED to the docket); the eating at the work (the Sifrei 266:1)
        ->  laborer_vessel_barred [block]  the laborer's vessel barred — the BLOCK the line laborer_vineyard_grain_declared writes on Israel: 'but INTO YOUR VESSEL YOU SHALL NOT PUT' (23:25) — the eating at the work, not the carrying (the Sifrei 266:1)
PASS  [MOVE]  Deut 23:22-26; THE WRITE sickle_swinging_barred; the Sifrei 267:1-4; Onkelos 23:26 — the_standing_grain_and_the_sickle
        ->  sickle_swinging_barred [block]  the sickle's swinging barred — the BLOCK the line laborer_vineyard_grain_declared writes on Israel: 'When you come into your neighbor's standing grain, you may pluck ears with your hand, but A SICKLE YOU SHALL NOT SWING over your neighbor's standing grain' (23:26) — the hired man in the standing grain; Onkelos a sickle, the same noun; the sickle the time of the reaping (the Sifrei 267:1-4 — the data row)
PASS  [MOVE]  Deut 24:1-4; MISHNAH GITTIN 9:10 — cited in the spine's own Hebrew (269:1-3), the exam row, three arms; the Sifrei 268:1-269:3 — when_a_man_takes_a_wife_and_she_finds_no_favor
        ->  accepted           [heaven]  accepted for him — the offering's acceptance state
PASS  [MOVE]  Deut 24:1-4; MISHNAH GITTIN 3:1 — cited in the Hebrew (269:4), and GITTIN 2:4 — the exam rows; the Sifrei 269:4-7 — for_her_name
        ->  accepted           [heaven]  accepted for him — the offering's acceptance state
PASS  [MOVE]  Deut 24:1-4; THE WRITE bill_of_divorce_commanded; MISHNAH GITTIN 8:1 — cited in the Hebrew (269:14), the exam row; the Sifrei 269:8-14; refuge_war_family by CALL — the_bill_in_her_hand
        ->  bill_of_divorce_commanded [status]  the bill of divorce commanded — the STATUS the line divorce_declared writes on Israel: 'HE SHALL WRITE HER A BILL OF CUTTING-OFF AND GIVE IT IN HER HAND AND SEND HER FROM HIS HOUSE' (24:1) — THE NEW FAMILY: no cell of the tape holds the bill (21:14's release the one earlier mention — refuge_war_family by CALL); THE GROUNDS — the school of Shammai a matter of unchastity, the school of Hillel even a burnt dish, R. Akiva even a fairer woman (Mishnah Gittin 9:10 in the spine's own Hebrew at 269:1-3 — three arms, the parameter Scripture leaves open); for her name — the scribes' copy invalid (Gittin 3:1 in the Hebrew at 269:4); a writing, not on what is attached to the ground (Gittin 2:4); a cutting between him and her, the condition that ends is a divorce, thirty days (269:7); whoever stipulates against the Torah his condition is void (269:8); into her house or her courtyard divorced, into his not even in the bed (Gittin 8:1 in the Hebrew at 269:14); Onkelos a bill of release (get piturin — the answer sheet's own word) and a transgression of a word for the unseemly thing (the Sifrei 268:1-3, 269:1-14)
PASS  [MOVE]  Deut 24:1-4; THE WRITE divorced_wife_remarriage_permitted; MISHNAH KIDDUSHIN 1:1 — the exam row; the Sifrei 270:1-8; priesthood by CALL — and_she_goes_and_becomes_another_mans
        ->  divorced_wife_remarriage_permitted [status]  the divorced wife's remarriage permitted — the STATUS the line divorce_declared writes on Israel: 'AND SHE GOES OUT OF HIS HOUSE AND GOES AND BECOMES ANOTHER MAN'S' (24:2) — the second husband's hate or death, the two exits of the second marriage (the Sifrei 270:1-4); a woman acquired by money, a document or intercourse and acquires herself by a bill or the husband's death; the levirate widow by intercourse, freed by the shoe or the levir's death — THE TWO INSTITUTIONS' EXITS ON ONE ROW (Mishnah Kiddushin 1:1 — the parameter: the school of Shammai a dinar, the school of Hillel a perutah); the priests' divorcee Leviticus 21:7's (priesthood.family by CALL — the divorcee and the released widow one name)
PASS  [MOVE]  Deut 24:1-4; THE WRITES first_husband_retaking_barred, land_caused_to_sin_barred; MISHNAH YEVAMOT 10:1 — the exam row; the Sifrei 270:9-271:1; seven_nations by CALL — her_first_husband_may_not_take_her_back
        ->  first_husband_retaking_barred [block]  the first husband's retaking barred — the BLOCK the line divorce_declared writes on Israel: 'HER FIRST HUSBAND WHO SENT HER AWAY MAY NOT TAKE HER AGAIN to be his wife after she has been defiled, for it is an abomination before the LORD' (24:4) — defiled to him, not to the priesthood's brother (the Sifrei 270:9-13 — the data row); Jeremiah 3:1 the law as known; the woman whose husband returned from overseas — out from both, a bill from both, the child a mamzer from both (Mishnah Yevamot 10:1 — the parameter with R. Yose's, R. Elazar's and R. Shimon's arms); the abomination's seventh seat (seven_nations by CALL)
        ->  land_caused_to_sin_barred [block]  causing the land to sin barred — the BLOCK the line divorce_declared writes on Israel: 'AND YOU SHALL NOT CAUSE THE LAND TO SIN which the LORD your God gives you for an inheritance' (24:4) — the land's sin a heaven reading, the block on the taker (the Sifrei 271:1); the gift formula's seat (the reading's find 9)
PASS  [MOVE]  Deut 24:5-9; THE WRITE newlywed_year_exemption_commanded; MISHNAH SOTAH 8:4 — the exam row; the Sifrei 271:2-7; refuge_war_family by CALL — a_new_wife_and_one_year
        ->  newlywed_year_exemption_commanded [status]  the newlywed's year of exemption commanded — the STATUS the line newlywed_millstone_kidnapper_declared writes on Israel: 'When a man takes a new wife, he shall not go out with the army nor shall any matter pass over him; HE SHALL BE FREE FOR HIS HOUSE ONE YEAR and cheer his wife whom he took' (24:5) — new to him, not the returning divorcee; nor supply water and food nor repair the roads: who do not even move from their places — the house dedicated, the vineyard used, the betrothed married, the levirate widow taken (Mishnah Sotah 8:4 — the parameter; refuge_war_family by CALL — 20:7's exemption widened to the year); the year a clock parameter; Onkelos rejoice with his wife (the Sifrei 271:2-7)
PASS  [MOVE]  Deut 24:5-9; THE WRITE millstone_pledge_barred; MISHNAH BAVA METZIA 9:13 — the exam row; the Sifrei 272:1-2; ordinances by CALL — the_millstone_and_the_upper_stone
        ->  millstone_pledge_barred [block]  the millstone's pledge barred — the BLOCK the line newlywed_millstone_kidnapper_declared writes on Israel: 'HE SHALL NOT TAKE IN PLEDGE THE MILL OR THE UPPER STONE, for he takes a life in pledge' (24:6) — two vessels, two prohibitions; not these alone but every vessel of food (Mishnah Bava Metzia 9:13 — the parameter; the Sifrei 272:1-2); the Exodus cell's own forward reading — the millstone not taken (ordinances.loan by CALL)
PASS  [MOVE]  Deut 24:5-9; THE WRITE kidnapper_death_commanded; MISHNAH SANHEDRIN 11:1 — the exam row; the Sifrei 273:1-9; sanctions and seducers by CALL — the purge's ninth seat — the_kidnapper_of_a_soul
        ->  kidnapper_death_commanded [status]  the kidnapper's death commanded — the STATUS the line newlywed_millstone_kidnapper_declared writes on Israel: 'When a man is found stealing a soul of his brothers, of the sons of Israel, and treats him as a slave and sells him, THAT THIEF SHALL DIE; and you shall purge the evil from your midst' (24:7) — found by witnesses; not liable until he brings him into his domain and uses him; his own son and the half-slave disputed (Mishnah Sanhedrin 11:1 — the parameter; the Sifrei 273:1-9); that thief shall die — strangling (sanctions.census by CALL); Exodus 21:16's the Sinai seat (mishpatim's TESTS row — a reference); THE PURGE FORMULA'S NINTH AND LAST SEAT — the formula closed, nine seats all in the book (seducers by CALL); Onkelos pali (search out, put away); the kidnapper's own verdict put_to_death with the evil purged (reused)
        ->  put_to_death       [body]  put to death — the court docket opens a capital entry (mode per the compiled law)
        ->  evil_purged_from_the_midst [body]  the evil purged from the midst — THE PURGE FORMULA'S FIRST SEAT OF NINE: 'AND YOU SHALL PURGE THE EVIL FROM YOUR MIDST' (13:6 — the nine seats all in the book: 13:6 the first, then 17:7, 17:12, 19:19, 21:21, 22:21, 22:22, 22:24, 24:7 — each ahead a SECOND ENTRY, the compile's gain from naming the effect at its first seat): a BODY effect written on the condemned person at the exam's case (the false prophet put to death — the_prophets_death a parameter, stoning / strangling; the inciter stoned — 13:11's rite by CALL), never on the tape — 'purge the DOER of evils from Israel' (the Sifrei 86:10): the person removed, the evil with him; the homographs named, not counted — purge_deadline the leaven's timer, purge_commanded Jacob's removal of the foreign gods (Genesis 35:2); Onkelos 'ותפלי עביד דביש מבינך' (and you shall remove the doer of evil from among you)
PASS  [MOVE]  Deut 24:5-9; THE WRITE leprosy_priests_teaching_commanded; the Sifrei 274:1-6; negaim, beha and metzora by CALL — take_heed_in_the_plague_of_leprosy
        ->  leprosy_priests_teaching_commanded [status]  the leprosy's charge by the priests' teaching commanded — the STATUS the line leprosy_miriam_declared writes on Israel: 'TAKE HEED IN THE PLAGUE OF LEPROSY to keep very carefully and to do ACCORDING TO ALL THAT THE LEVITE PRIESTS TEACH YOU; as I commanded them you shall keep to do' (24:8) — take heed a prohibition (the one imperative of the four chapters); the priest declares, even a learned Israelite instructs him (the Sifrei 274:1-6 — the priests' declaration the parameter; beha.miriam by CALL: only a priest declares; negaim.standing_verdict by CALL — the tracks' standing verdicts, the confinement weeks the Leviticus daemon's timers); as I commanded them — the whole law of the plagues, Leviticus 13-14 the seat
PASS  [MOVE]  Deut 24:5-9; THE WRITE miriam_remembrance_commanded; the Sifrei 275:1-3; beha by CALL — remember_what_the_lord_did_to_miriam
        ->  miriam_remembrance_commanded [status]  Miriam's remembrance commanded — the STATUS the line leprosy_miriam_declared writes on Israel: 'REMEMBER WHAT THE LORD YOUR GOD DID TO MIRIAM in the way when you came out of Egypt' (24:9) — remember with the mouth; Miriam the paradigm of evil speech (beha.miriam by CALL: evil_speech_spoken two on the tape the references, stricken_with_leprosy one on miriam); miriam_stricken_and_shut_out at Numbers 12:10-15 the readback's reference — a retelling, never a second act; on the way when you came out of Egypt the three remembrances' one phrase; Micah 6:4 cited (the Sifrei 275:1-3)
PASS  [MOVE]  Deut 24:10-15; THE WRITE pledge_entry_barred; MISHNAH BAVA METZIA 9:13 — the exam row; the Sifrei 276:1-3; ordinances by CALL — when_you_lend_your_neighbor_any_loan
        ->  pledge_entry_barred [block]  entering for the pledge barred — the BLOCK the line pledge_wage_declared writes on Israel: 'When you lend your neighbor any loan, YOU SHALL NOT GO INTO HIS HOUSE TO TAKE HIS PLEDGE; outside you shall stand, and the man to whom you lend shall bring out the pledge to you outside' (24:10-11) — only through the court's agent (Mishnah Bava Metzia 9:13: two vessels one taken one left, the pillow by night and the plow by day, the heirs not returned, thirty days then the sale; the Sifrei 276:1-3); the Exodus cell read 24:11 forward (ordinances.loan by CALL: court_only)
PASS  [MOVE]  Deut 24:10-15; THE WRITES poor_mans_pledge_return_commanded, righteousness_before_the_lord; the Sifrei 277:1-5; Onkelos 24:13; ordinances by CALL — the_poor_mans_pledge_at_sunset
        ->  poor_mans_pledge_return_commanded [status]  the poor man's pledge returned commanded — the STATUS the line pledge_wage_declared writes on Israel: 'And if he is a poor man, you shall not sleep with his pledge: RETURN, YOU SHALL RETURN HIM THE PLEDGE WHEN THE SUN SETS, that he sleep in his garment and bless you' (24:12-13) — the day vessel and the night vessel: a blanket at night, a plow by day (the Sifrei 277:1-4 — the data row); the sunset a clock parameter (ordinances.loan by CALL — the Exodus cell paired 24:13's sunset with its own; pledge_returned_by_sunset zero on the running world — Exodus 22:25's timer never set on a person, the reference)
        ->  righteousness_before_the_lord [heaven]  righteousness before the LORD — the HEAVEN entry the line pledge_wage_declared writes on Israel: 'AND IT SHALL BE RIGHTEOUSNESS TO YOU BEFORE THE LORD YOUR GOD' (24:13) — righteousness before the throne, Psalm 85:14 cited (the Sifrei 277:5 — the reading's find 9); Onkelos merit (zekhuta) for righteousness (the reading's find 15); the returned pledge's heaven
PASS  [MOVE]  Deut 24:10-15; THE WRITE hireling_oppression_barred; the Sifrei 278:1-3; holiness by CALL — you_shall_not_oppress_a_hired_man
        ->  hireling_oppression_barred [block]  the hireling's oppression barred — the BLOCK the line pledge_wage_declared writes on Israel: 'YOU SHALL NOT OPPRESS A HIRED MAN, POOR AND NEEDY, of your brothers or of your sojourner in your land in your gates' (24:14) — poor and needy once in the Torah; four prohibitions for one withheld wage — oppress not, rob not, the wage shall not stay overnight, on its day you shall give (the Sifrei 278:1-3 — the data row; holiness.wage by CALL — the Leviticus cell read 24:14 forward: of your convert yes, your neighbor no; wage_due_by_morning zero on the running world — the reference); the resident alien under on his day, not under until morning (Bava Metzia 9:12 by the English)
PASS  [MOVE]  Deut 24:10-15; THE WRITE hireling_wage_same_day_commanded; the Sifrei 279:1-4 (279:4 reread); holiness and release_firstborn by CALL — on_his_day_you_shall_give_his_wage
        ->  hireling_wage_same_day_commanded [status]  the hireling's wage on his day commanded — the STATUS the line pledge_wage_declared writes on Israel: 'ON HIS DAY YOU SHALL GIVE HIS WAGE, and the sun shall not set on it, for he is poor and lifts his soul to it, lest he cry against you to the LORD and it be sin in you' (24:15) — THE WAGE'S TWO WINDOWS: the night's wage all the day, the day's all the night (the Sifrei 279:1 — the parameter; holiness.wage by CALL); he climbed the ladder and hung from the tree for it (279:2); the two cries — 15:9's cry_heard two on israel_people the tape's reference, no third write (release_firstborn by CALL); sin in you — bears_sin the formula's third seat (279:4)
PASS  [MOVE]  Deut 24:16-22; THE WRITE fathers_for_sons_death_barred; MISHNAH SANHEDRIN 3:4 — the exam row; the Sifrei 280:1-3; Onkelos 24:16; refuge_war_family by CALL; 2 Kings 14:6 the pointer owed — fathers_shall_not_die_for_sons
        ->  fathers_for_sons_death_barred [block]  fathers' death for sons barred — the BLOCK the line fathers_sons_stranger_gleanings_declared writes on Israel: 'FATHERS SHALL NOT BE PUT TO DEATH FOR SONS, and sons shall not be put to death for fathers; each shall be put to death in his own sin' (24:16) — by the mouth of sons: by the testimony of sons, the relatives disqualified (Onkelos writing the spine in; Mishnah Sanhedrin 3:4 — the father, the brother, the uncles, the brothers-in-law, they and their sons and their sons-in-law, the stepson alone — the parameter; the Sifrei 280:1-3); each in his own sin — 2 KINGS 14:6 QUOTES THE VERSE WHOLE, a run citation ahead, a pointer row owed; the witnesses' law of 19:15 (refuge_war_family by CALL)
PASS  [MOVE]  Deut 24:16-22; THE WRITES stranger_orphan_justice_commanded, widows_garment_pledge_barred; the Sifrei 281:1-3 (281:1 reread); festivals_judges, ordinances and second_tablets by CALL — the_strangers_and_the_orphans_justice
        ->  stranger_orphan_justice_commanded [status]  the stranger's and the orphan's justice commanded — the STATUS the line fathers_sons_stranger_gleanings_declared writes on Israel: 'YOU SHALL NOT WREST THE JUDGMENT OF A SOJOURNER OR AN ORPHAN' (24:17) — 16:19's cell: Exodus 23:6's and 24:17's twins (festivals_judges by CALL; judgment_wresting_barred one on israel_people the tape's reference, no second write); two and three for the sojourner and the sojourner-orphan (the Sifrei 281:1-2 — the data row); the orphan and the widow 10:18's (second_tablets by CALL)
        ->  widows_garment_pledge_barred [block]  the widow's garment in pledge barred — the BLOCK the line fathers_sons_stranger_gleanings_declared writes on Israel: 'AND YOU SHALL NOT TAKE THE WIDOW'S GARMENT IN PLEDGE' (24:17) — a widow rich or poor (Mishnah Bava Metzia 9:13 — ordinances.loan by CALL, the Exodus cell's forward reading of 24:17; the Sifrei 281:3); the slave refrain at 24:18 — 15:15's line the reference (release_firstborn by CALL; covenant_at_horeb's exodus ground)
PASS  [MOVE]  Deut 24:16-22; the Sifrei 282:1; release_firstborn and covenant_at_horeb by CALL — the refrain — remember_that_you_were_a_slave
        ->  accepted           [heaven]  accepted for him — the offering's acceptance state
PASS  [MOVE]  Deut 24:16-22; THE WRITE forgotten_sheaf_commanded; MISHNAH PEAH 4:6 and 6:6 (cited in the Hebrew, 283:4) — the exam rows; the Sifrei 282:1-283:6; holiness by CALL — the_forgotten_sheaf
        ->  forgotten_sheaf_commanded [status]  the forgotten sheaf commanded — the STATUS the line fathers_sons_stranger_gleanings_declared writes on Israel: 'When you reap your harvest in your field AND FORGET A SHEAF IN THE FIELD, YOU SHALL NOT TURN BACK TO TAKE IT: for the sojourner, the orphan and the widow it shall be, that the LORD your God may bless you in all the work of your hands' (24:19) — forgetting only at the binding (Mishnah Peah 4:6 — the parameter); the sheaf of two seahs not forgotten, two sheaves Rabban Gamliel the owner's and the sages the poor's (Peah 6:6 in the spine's own Hebrew at 283:4 — the parameter with both arms; the burden of proof); two not three — sheaves, heaps, berries (the Sifrei 282:1-4, 283:1-6); THE LEVITICUS CELL READ THIS VERSE FORWARD — the forgotten sheaf and olive are Deut 24:19-20's (holiness.gifts by CALL; left_for_the_poor zero on the running world — the reference); work_of_the_hand_blessed two the tape's reference
PASS  [MOVE]  Deut 24:16-22; THE WRITES olive_second_beating_barred, vineyard_gleaning_barred; MISHNAH PEAH 7:2 — the exam row; the Sifrei 284:1-285:4 (I2); holiness by CALL — the_olive_and_the_vineyard
        ->  olive_second_beating_barred [block]  the olive's second beating barred — the BLOCK the line fathers_sons_stranger_gleanings_declared writes on Israel: 'When you beat your olive tree, YOU SHALL NOT GO OVER THE BOUGHS AFTER YOU: for the sojourner, the orphan and the widow it shall be' (24:20) — the second beating; the olive of two seahs and the one among three rows, R. Meir's beating-rod (Mishnah Peah 7:2 — the parameter); the shoulder and the pendant; the two seahs carried by the shared words (the Sifrei 284:1-6 — the verbal analogy); Proverbs 22:28 cited; Onkelos pali (search out) for the boughs — one Aramaic root for two Hebrew verbs (the reading's find 12)
        ->  vineyard_gleaning_barred [block]  the vineyard's gleaning barred — the BLOCK the line fathers_sons_stranger_gleanings_declared writes on Israel: 'When you gather your vineyard, YOU SHALL NOT GLEAN AFTER YOU: for the sojourner, the orphan and the widow it shall be; and you shall remember that you were a slave in the land of Egypt' (24:21-22) — Leviticus 19:10's small clusters and fallen grapes (holiness.gifts by CALL: olelet, peret); the three; the refrain's second seat at 24:22 — the reference row (the Sifrei 285:1-4)
PASS  [MOVE]  Deut 25:1-4; THE WRITE court_justification_commanded; the Sifrei 286:1-3 (286:1 reread); primeval and festivals_judges by CALL — when_there_is_a_dispute_between_men
        ->  court_justification_commanded [status]  the court's justification commanded — the STATUS the line lashes_declared writes on Israel: 'When there is a dispute between men and they come to judgment and they judge them, AND THEY JUSTIFY THE RIGHTEOUS AND CONDEMN THE WICKED' (25:1) — the strife of Abram's and Lot's herdsmen, no peace comes out of strife (the Sifrei 286:1 — primeval.separation by CALL: the tape's own act at Genesis 13:7); they come to judgment — the court (festivals_judges by CALL); the court's two verbs (286:2-3 — the data row)
PASS  [MOVE]  Deut 25:1-4; THE WRITE lashes_by_number_commanded; the Sifrei 286:4-7 (I3); sanctions and holiness_b by CALL — if_the_wicked_deserves_beating
        ->  lashes_by_number_commanded [status]  the lashes by number commanded — the STATUS the line lashes_declared writes on Israel: 'then if the wicked deserves beating, the judge shall make him lie down AND STRIKE HIM BEFORE HIM BY NUMBER ACCORDING TO HIS WICKEDNESS' (25:2) — a son of beating: THE FLOGGABLE CLASS BY THE MUZZLE'S PROTOTYPE — a prohibition like the muzzle's, an act, no death, no money (the Sifrei 286:4 — the prototype I3, the parameter); not standing, not sitting (Makkot 3:12 by the English); the judge's eyes on him; THE ONE-SANCTION RULE — a death and lashes never both, a payment and lashes never both (286:5-7 — the data row); the lash itself is Deut 25:2-3's — the Leviticus cell read it forward (sanctions.census by CALL: the karet-grade unions without a court death; holiness_b.maidservant's lashing procedure — Makkot 3:14's reader and the strap)
        ->  lashes             [body]  liable to lashes — the flogging entry on the court docket
PASS  [MOVE]  Deut 25:1-4; THE WRITE lashes_forty_cap_declared; MISHNAH MAKKOT 3:10 — the exam row, two arms; the Sifrei 286:8-12 — forty_he_shall_strike_him
        ->  lashes_forty_cap_declared [status]  the lashes' cap of forty declared — the STATUS the line lashes_declared writes on Israel: 'FORTY HE SHALL STRIKE HIM, HE SHALL NOT ADD, lest he add to strike him beyond these many stripes' (25:3) — FORTY AS THIRTY-NINE BY THE SEAM: by number forty, a number adjacent to forty (the Sifrei 286:8 — Mishnah Makkot 3:10: forty less one; R. Judah forty whole, the extra between the shoulders — two arms, the parameter); he shall not add — the extra lash the court's own liability; the estimate for what he can bear, in threes (286:9-12 — the data row)
PASS  [MOVE]  Deut 25:1-4; THE WRITE brother_degradation_barred; MISHNAH MAKKOT 3:15 — the exam row; the Sifrei 286:13-17 (286:16 reread); sanctions and place_name by CALL — and_your_brother_be_degraded_before_your_eyes
        ->  brother_degradation_barred [block]  the brother's degradation barred — the BLOCK the line lashes_declared writes on Israel: 'AND YOUR BROTHER BE DEGRADED BEFORE YOUR EYES' (25:3) — your brother: once lashed he is your brother — THE BROTHER RESTORED AND THE EXCISION LIFTED (Mishnah Makkot 3:15 — those liable to karet (excision) who were lashed are exempt from their karet, R. Chananya b. Gamliel; the Sifrei 286:13-17; sanctions.frame by CALL — the Leviticus cell read 25:3 forward; karet_cut_off the kin's heaven entry, the discharge a heaven reading — no new entry); R. Shimon b. Rabbi's a fortiori from the blood (286:16 — 12:23's cell, place_name by CALL); the degradation seen
PASS  [MOVE]  Deut 25:1-4; THE WRITE ox_muzzling_barred; the Sifrei 287:1-3; Bava Metzia 7:2 by the English; primeval by CALL — you_shall_not_muzzle_an_ox
        ->  ox_muzzling_barred [block]  the ox's muzzling barred — the BLOCK the line muzzle_declared writes on Israel: 'YOU SHALL NOT MUZZLE AN OX IN ITS TREADING' (25:4) — every beast, and the man too by the prototype (the Sifrei 287:1-2 — the muzzle's scope the parameter; Bava Metzia 7:2's laborer by the ox by the English); in its treading — the work of the ground, the finished and the unfinished (287:3 — the data row); Abraham's beasts muzzled and Lot's not — the muzzle's first act the tape's own at Genesis 13:7 (primeval.separation by CALL); lashes zero on the running world — no flogged person on the tape
PASS  [MOVE]  Deut 25:5-10; THE WRITE widow_outsider_marriage_barred; MISHNAH YEVAMOT 2:1, 3:9 — the exam rows; the Sifrei 288:1-5; sanctions and zelophehad by CALL — when_brothers_dwell_together
        ->  widow_outsider_marriage_barred [block]  the widow's marriage to an outsider barred — the BLOCK the line levirate_declared writes on Israel: 'When brothers dwell together and one of them dies and he has no son, THE WIFE OF THE DEAD SHALL NOT BE OUTSIDE TO A STRANGER'S MAN' (25:5) — THE CONDITIONS READ FROM THE WORDS: brothers by the father; dwell together in one world — the brother born after the death never binds (Mishnah Yevamot 2:1 — sanctions.levirate by CALL: not_in_world); one of them — one bond, not two (Yevamot 3:9 — sanctions.cowives by CALL); he has no son — a child of any kind, ONE CLAUSE OPENS TWO INSTITUTIONS with Numbers 27:8 (zelophehad by CALL; the Sifrei 288:1-3); the two exits only — the levirate and the shoe (288:4 — Kiddushin 1:1); the widow barred to the outsider until the shoe (288:5); Onkelos a stranger's man with the export's another-reading mark
PASS  [MOVE]  Deut 25:5-10; THE WRITE levirate_marriage_commanded; MISHNAH YEVAMOT 1:1 — cited in the spine's own Hebrew (288:6), the exam row; the Sifrei 288:5-6; family, sanctions and vows by CALL — THE OWED EDGE PAID — her_husbands_brother_shall_come_upon_her
        ->  levirate_marriage_commanded [status]  the levirate marriage commanded — the STATUS the line levirate_declared writes on Israel: 'HER HUSBAND'S BROTHER SHALL COME UPON HER AND TAKE HER TO HIM AS A WIFE AND PERFORM THE LEVIR'S DUTY' (25:5) — THE NEW FAMILY: Genesis 38's levirate the tape's own act at its first seat — levirate_commanded at 38:8 and widow_sent at 38:11 the readback's references, levirate_owed two (onan, shelah) and waits_for_the_levir one (tamar) the tape's debits (family.levirate by CALL: the_command, seed_vs_name, no_release_form, widow_waiting — the Genesis runner's reading of this chapter forward; THE OWED EDGE family -> deut_family paid REVERSE by this runner's existence); YEVAMOT 1:1 IN THE SPINE at 288:6 — the fifteen women who exempt their rivals and their rivals' rivals for ever (sanctions.levirate by CALL: THE FIFTEEN COMPUTED from Leviticus 18's list with one import — the parameter); Yevamot 4:13's mamzer from the rival
PASS  [MOVE]  Deut 25:5-10; THE WRITE firstborn_on_dead_name_commanded; the Sifrei 289:1-2, 289:9; family and zelophehad by CALL — the_firstborn_on_the_dead_brothers_name
        ->  firstborn_on_dead_name_commanded [status]  the firstborn on the dead brother's name commanded — the STATUS the line levirate_declared writes on Israel: 'And THE FIRSTBORN WHICH SHE BEARS SHALL STAND ON THE NAME OF HIS DEAD BROTHER, that his name be not blotted out from Israel' (25:6) — THE FIRSTBORN IS THE ELDEST BROTHER: the duty on the eldest (the Sifrei 289:1 — family.levirate by CALL: order_of_sons — Er, Onan, Shelah; Yevamot 2:8, 4:5 by the English); which she bears — the barren woman excluded (289:2 — the data row); THE NAME IS THE INHERITANCE AND THE SEED, not a literal naming — the verbal analogy with Genesis 48:6, Ruth 4:5 and 4:10 the run's citation ahead (289:9 — family and zelophehad by CALL: name_is_inheritance — the parameter); the first blotting, 25:19's twin
PASS  [MOVE]  Deut 25:5-10; THE WRITE refusal_at_gate_declared; MISHNAH YEVAMOT 12:1, 12:6 and SOTAH 7:2 — the exam rows; the Sifrei 289:3-290:4; festivals_judges by CALL — if_the_man_desires_not_to_take_her
        ->  refusal_at_gate_declared [status]  the refusal at the gate declared — the STATUS the line levirate_declared writes on Israel: 'And if the man desires not to take his brother's wife, HIS BROTHER'S WIFE SHALL GO UP TO THE GATE TO THE ELDERS and say: my husband's brother refuses to raise a name for his brother in Israel, he will not perform the levir's duty; and the elders of his city shall call him and speak to him; and he stands and says: I desire not to take her' (25:7-8) — the court of three, even laymen (Mishnah Yevamot 12:1; the Sifrei 289:3-5); THE THREE REFUSAL CLAUSES AGAINST THE THREE SANCTION CLASSES (289:6 — the data row); counsel fitting for him; her words, his words (Yevamot 12:6) — IN THE HOLY TONGUE (Sotah 7:2 — the shoe's recital among the seven; the parameter); standing (290:1-4 — the data row); the elders of his city the court (festivals_judges by CALL)
PASS  [MOVE]  Deut 25:5-10; THE WRITE shoe_loosening_rite_declared; MISHNAH YEVAMOT 12:1, 12:3, 12:6 — the exam rows; the Sifrei 291:1-5 (I2); metzora and family by CALL; 27:15 the pointer owed — the_shoe_and_the_spittle
        ->  shoe_loosening_rite_declared [status]  the shoe's loosening rite declared — the STATUS the line levirate_declared writes on Israel: 'Then his brother's wife shall come near to him before the eyes of the elders AND DRAW OFF HIS SHOE FROM HIS FOOT AND SPIT IN HIS FACE, and answer and say: so shall it be done to the man who does not build his brother's house' (25:9) — THE RITE'S THREE ACTS AND THE SHOE ESSENTIAL: drew off and spat but did not recite — valid; recited and spat but did not draw — invalid; drew and recited but did not spit — R. Eliezer invalid, R. Akiva valid (Mishnah Yevamot 12:3 — the parameter with both arms; the Sifrei 291:1-5); the shoe of soft leather valid, the cloth shoe invalid (Yevamot 12:1); from off his foot — the right foot from the leper (291:3 — the verbal analogy with Leviticus 14:14; metzora's foot the reference); spittle seen by the judges (Yevamot 12:6); THE RECITAL BY 27:15 AHEAD — answer and say at 27:14-15 the Levites' curse, in the holy tongue — a pointer row owed; the house of four by four (229:10's shared row); Ruth 4:7's former custom (family.levirate by CALL: no_release_form)
PASS  [MOVE]  Deut 25:5-10; THE WRITE house_of_unshod_named; MISHNAH YEVAMOT 12:6 — the exam row; the Sifrei 291:6-7; priesthood by CALL — the_house_of_him_whose_shoe_was_drawn_off
        ->  house_of_unshod_named [status]  the house of the unshod named — the STATUS the line levirate_declared writes on Israel: 'And his name shall be called in Israel: THE HOUSE OF HIM WHOSE SHOE WAS DRAWN OFF' (25:10) — the judges say it, R. Judah all who stand there (Mishnah Yevamot 12:6's close — the parameter with both arms; the Sifrei 291:6-7); the divorcee and the released widow one name for the priests (priesthood.family by CALL — chalutzah)
PASS  [MOVE]  Deut 25:11-16; MISHNAH BAVA KAMMA 8:1, 8:3 — the exam rows; the Sifrei 292:1-4 (292:1 reread); primeval and mishpatim by CALL — when_men_strive_together_and_the_wife_of_one_draws_near
        ->  pays               [debit]  pays — a money debt opens against the liable party
PASS  [MOVE]  Deut 25:11-16; THE WRITES wife_seizing_hand_cut_commanded, hand_cutting_pity_barred; the Sifrei 293:1-2 (293:2 reread); refuge_war_family and lev24 by CALL — cut_off_her_hand_read_twice
        ->  wife_seizing_hand_cut_commanded [status]  the seizing wife's hand cut off commanded — the STATUS the line wrestlers_weights_declared writes on Israel: 'When men strive together, a man and his brother, and the wife of the one draws near to deliver her husband from the hand of him who strikes him, and puts forth her hand and seizes his private parts: YOU SHALL CUT OFF HER HAND' (25:11-12) — the strife of 13:7 reread (the Sifrei 292:1 — primeval by CALL); the rescuer's license (292:2-3); the intent to humiliate — the five indemnities, THE VERSE THE MISHNAH'S OWN CITATION (Mishnah Bava Kamma 8:1 — the parameter; 8:3 the slave's humiliation disputed); CUT OFF HER HAND READ TWICE — 293:1 the rescue by another limb, 293:2 MONEY BY 19:21 (refuge_war_family by CALL: the talion in be; lev24.talion('hand') -> PAY-MONEY by CALL — the substitution operator); the hand's value by the slave-market assessment (the parameter); Exodus 21:22's strivers the twin (mishpatim's TESTS — the reference)
        ->  hand_cutting_pity_barred [block]  the hand-cutting's pity barred — the BLOCK the line wrestlers_weights_declared writes on Israel: 'YOUR EYE SHALL NOT PITY' (25:12) — the pity formula's fourth seat (7:16, 13:9, 19:13, 19:21 the tape's blocks on Israel — talion_pity_barred one and pity_barred two the references; a new block on the seizing wife's case); the Sifrei 293:2
PASS  [MOVE]  Deut 25:11-16; THE WRITES diverse_weights_barred, diverse_measures_barred; the Sifrei 294:1-4; holiness by CALL — a_stone_and_a_stone_an_ephah_and_an_ephah
        ->  diverse_weights_barred [block]  diverse weights barred — the BLOCK the line wrestlers_weights_declared writes on Israel: 'YOU SHALL NOT HAVE IN YOUR BAG A STONE AND A STONE, a great and a small' (25:13) — a weight and a weight (the Sifrei 294:1-2 — the data row); Leviticus 19:35-36's just balances the Sinai seat (holiness's statute — the reference); the false measure's sin like the forbidden unions (295:3)
        ->  diverse_measures_barred [block]  diverse measures barred — the BLOCK the line wrestlers_weights_declared writes on Israel: 'YOU SHALL NOT HAVE IN YOUR HOUSE A MEASURE AND A MEASURE, a great and a small' (25:14) — a measure and a measure in your house (the Sifrei 294:3-4); THE LOCAL CUSTOM BINDING EVEN TO THE BUYER'S GAIN — where they measure small one may not measure large, where they level one may not heap (294:6-7 — Mishnah Bava Batra 5:11: the extra handbreadth, the one-tenth for liquids and the one-twentieth for dry goods — the parameter)
PASS  [MOVE]  Deut 25:11-16; THE WRITE whole_just_weight_commanded; the Sifrei 294:5, 295:1-4 (295 headless); covenant_at_horeb and seven_nations by CALL — a_whole_and_just_weight
        ->  whole_just_weight_commanded [status]  a whole and just weight commanded — the STATUS the line wrestlers_weights_declared writes on Israel: 'A WHOLE AND JUST WEIGHT YOU SHALL HAVE, a whole and just measure you shall have, that your days may be long on the land which the LORD your God gives you' (25:15) — the whole against the diminished, the just against the false (the Sifrei 294:5); THE MARKET INSPECTOR AGRONOMOS, the Greek — the inspectors appointed over the measures (294:8 — Mishnah Bava Batra 5:10: the wholesaler cleans his measures once in thirty days, the householder once in twelve months, Rabban Shimon b. Gamliel reversed, the shopkeeper twice a week — the cleaning clocks the parameter); that your days may be long — the reward clause, 25:15's land formula a run of seven with 5:16 (covenant_at_horeb by CALL); the abomination's eighth seat at 25:16 (295:1-4 headless — seven_nations by CALL)
PASS  [MOVE]  Deut 25:11-16; MISHNAH BAVA BATRA 5:10, 5:11 — the exam rows; the Sifrei 294:6-8 — the_local_custom_and_the_inspector
        ->  accepted           [heaven]  accepted for him — the offering's acceptance state
PASS  [MOVE]  Deut 25:17-19; THE WRITE amalek_remembrance_commanded; the Sifrei 296:1; exodus_story by CALL — remember_what_amalek_did_to_you
        ->  amalek_remembrance_commanded [status]  Amalek's remembrance commanded — the STATUS the line amalek_remembrance_declared writes on Israel: 'REMEMBER WHAT AMALEK DID TO YOU in the way when you came out of Egypt: how he met you in the way and cut off your rear, all the stragglers behind you, when you were faint and weary, and he feared not God' (25:17-18) — remember with the mouth (the Sifrei 296:1); the three remembrances' one phrase (the reading's find 2); met you by chance, by cooling, by nocturnal uncleanness — the three homographs (296:2-3 — the data row); the stragglers (Onkelos); he feared not God — the one God of the four chapters; the tape's amalek_came at Exodus 17:8 the readback's reference — a retelling, never a second act (exodus_story.amalek by CALL; amalek_weakened one on amaleq)
PASS  [MOVE]  Deut 25:17-19; the Sifrei 296:2-4; Onkelos 25:18 — how_he_met_you
        ->  accepted           [heaven]  accepted for him — the offering's acceptance state
PASS  [MOVE]  Deut 25:17-19; THE WRITE amalek_memory_blotting_commanded; the Sifrei 296:5-8; exodus_story and courts_prophet by CALL; 1 Samuel 15 the pointer owed — when_the_lord_gives_you_rest
        ->  amalek_memory_blotting_commanded [status]  the blotting of Amalek's memory commanded — the STATUS the line amalek_remembrance_declared writes on Israel: 'And it shall be, when the LORD your God gives you rest from all your enemies around, in the land which the LORD your God gives you for an inheritance to possess it, YOU SHALL BLOT OUT THE MEMORY OF AMALEK FROM UNDER HEAVEN' (25:19) — the three commandments on entering: the king, Amalek, the house (the Sifrei 296:5-6 — the data row; courts_prophet by CALL: 17:14's king); the rest 1 Samuel 15's clock the run's citation AHEAD — a pointer row owed; the gift formula's seat (15:4 and 25:19's two seats); amalek_to_be_blotted Exodus 17:14's heaven entry on Amalek the tape's reference — the command on Israel written HERE, the run ahead (exodus_story.amalek by CALL: blotting — a heaven entry open at the three books' end); blotting_sworn at 17:14-16 the readback's reference; THE TWO BLOTTINGS — Amalek's memory and the dead brother's name (296:9; 25:6's twin)
PASS  [MOVE]  Deut 25:17-19; THE WRITE amalek_forgetting_barred; the Sifrei 296:9; 8:11's line the reference — you_shall_not_forget
        ->  amalek_forgetting_barred [block]  forgetting Amalek barred — the BLOCK the line amalek_remembrance_declared writes on Israel: 'YOU SHALL NOT FORGET' (25:19) — do not forget in the heart, remember with the mouth (the Sifrei 296:9 — the two organs the data row); you shall not forget twice in the Torah (25:19, 31:21 — the reading's find 10); forgetting_barred one on israel_people (8:11's line) the tape's reference — the formula's second seat a new block on Amalek's memory, not a second write
PASS  [DATA]  Deut 22:1-25:19 (the readback table); the readback table — ninety-six rows — the_table
        ->  accepted           [heaven]  accepted for him — the offering's acceptance state
PASS  [DATA]  Deut 22:1-25:19 (the readback table); the rows SUPPLIED with their writes — the_supplied_rows
        ->  accepted           [heaven]  accepted for him — the offering's acceptance state
PASS  [DATA]  Deut 22:1-25:19 (the readback table); the tape's lines by kind and first verse — the_reference_rows
        ->  accepted           [heaven]  accepted for him — the offering's acceptance state
PASS  [DATA]  Deut 22:1-25:19 (the readback table); no receipt in the four chapters; the three pointers ahead owed — the_receipts
        ->  accepted           [heaven]  accepted for him — the offering's acceptance state
PASS  [DATA]  Deut 22:1-25:19 (the readback table); the forms on file — no_state_no_open
        ->  accepted           [heaven]  accepted for him — the offering's acceptance state
PASS  [DATA]  Deut 22:1-25:19 (the readback table); the reading's kin asserts (DK4) — the_twin_diffed
        ->  accepted           [heaven]  accepted for him — the offering's acceptance state
PASS  [DATA]  Deut 22:1-25:19 (the readback table); no narrative verb — no_retrograde_row
        ->  accepted           [heaven]  accepted for him — the offering's acceptance state

MATRIX: 94/94 cells match the answer sheet
FRACTIONS: pure ink 0/94 (0%) · named moves 87/94 (93%) · data 7/94 (7%) · hypotheses 0/94 (the H class, counted apart — never as compiled)
LEDGER OPS this span writes: block x34, body x7, debit x1, heaven x26, status x44
THE INK: the number verses {'22:12': [4], '22:19': [100], '22:22': [2], '22:24': [2], '22:29': [50], '23:17': [1], '23:19': [2], '24:5': [1], '25:3': [40], '25:5': [1], '25:11': [1]}, the ordinals {'23:3': [10], '23:4': [10], '23:9': [3], '24:4': [1]} (the starred tokens at [(22, 22), (22, 24), (23, 19), (25, 11)]); the negations {'22:1': 1, '22:2': 2, '22:3': 1, '22:4': 1, '22:5': 2, '22:6': 1, '22:8': 1, '22:9': 1, '22:10': 1, '22:11': 1, '22:14': 1, '22:17': 1, '22:19': 1, '22:20': 1, '22:24': 1, '22:26': 1, '22:28': 1, '22:29': 1, '23:1': 2, '23:2': 1, '23:3': 2, '23:4': 2, '23:5': 1, '23:6': 1, '23:7': 1, '23:8': 2, '23:11': 2, '23:15': 1, '23:16': 1, '23:17': 1, '23:18': 2, '23:19': 1, '23:20': 1, '23:21': 1, '23:22': 1, '23:23': 1, '23:25': 1, '23:26': 1, '24:1': 1, '24:4': 2, '24:5': 2, '24:6': 1, '24:10': 1, '24:12': 1, '24:14': 1, '24:15': 2, '24:16': 2, '24:17': 2, '24:19': 1, '24:20': 1, '24:21': 1, '25:3': 1, '25:4': 1, '25:5': 1, '25:6': 1, '25:7': 2, '25:8': 1, '25:9': 1, '25:12': 1, '25:13': 1, '25:14': 1, '25:18': 1, '25:19': 1}; the Name 26 bare tokens; the tokens {22: 437, 23: 339, 24: 327, 25: 260}
THE READBACK — THE FORMS ON FILE, NO NEW FORM: 96 rows — {'SUPPLIED': 39, 'EXPANDED': 26, 'VARIANT': 20, 'TURNED': 8, 'VERBATIM': 2, 'SHORTENED': 1}; on the tape 35, in the kin's cells by CALL 96 (every cell found True); the SUPPLIED rows ['Deut 22:1', 'Deut 22:5', 'Deut 22:6', 'Deut 22:8', 'Deut 22:13', 'Deut 22:19', 'Deut 22:23', 'Deut 22:25', 'Deut 22:27', 'Deut 22:29', 'Deut 23:2', 'Deut 23:3', 'Deut 23:4', 'Deut 23:7', 'Deut 23:8', 'Deut 23:9', 'Deut 23:10', 'Deut 23:11', 'Deut 23:12', 'Deut 23:13', 'Deut 23:14', 'Deut 23:15', 'Deut 23:16', 'Deut 23:23', 'Deut 23:25', 'Deut 23:26', 'Deut 24:1', 'Deut 24:2', 'Deut 24:4', 'Deut 24:11', 'Deut 24:12', 'Deut 24:16', 'Deut 25:1', 'Deut 25:3', 'Deut 25:4', 'Deut 25:8', 'Deut 25:9', 'Deut 25:10', 'Deut 25:14']; the rows with writes [('Deut 22:1', 'lost_thing_return_commanded'), ('Deut 22:5', 'cross_dressing_barred'), ('Deut 22:9', 'vineyard_mixed_seed_barred'), ('Deut 22:13', 'slander_fine_commanded'), ('Deut 22:22', 'adulterers_death_commanded'), ('Deut 23:1', 'fathers_wife_barred'), ('Deut 23:10', 'camp_evil_thing_guarded'), ('Deut 23:16', 'escaped_slave_return_barred'), ('Deut 23:22', 'vow_delay_barred'), ('Deut 23:25', 'laborer_eating_permitted'), ('Deut 24:1', 'bill_of_divorce_commanded'), ('Deut 24:5', 'newlywed_year_exemption_commanded'), ('Deut 24:8', 'leprosy_priests_teaching_commanded'), ('Deut 24:10', 'pledge_entry_barred'), ('Deut 24:16', 'fathers_for_sons_death_barred'), ('Deut 25:1', 'court_justification_commanded'), ('Deut 25:4', 'ox_muzzling_barred'), ('Deut 25:5', 'widow_outsider_marriage_barred'), ('Deut 25:11', 'wife_seizing_hand_cut_commanded'), ('Deut 25:17', 'amalek_remembrance_commanded')]; the pointer rows []; the state rows []; the OPEN rows []; the holes 0
THE COUNTER AND THE PARAMETERS: {'counter': (40, 11, 1), 'no_marker': True, 'no_clock_datum': True}; the parameters 51 (in the registry 0, in DATA 51); DATA rows 128
THE SCANS on the one database: the seventy-nine on Israel []; the kin counts {'pity_barred': 2, 'talion_pity_barred': 1, 'put_to_death': 7, 'stoned': 2, 'lashes': 0, 'pays': 1, 'exempt': 1, 'israel_hears_and_fears': 1, 'hanged': 1, 'buried': 9, 'sent_outside_the_camp': 2, 'firstborn_by_the_head': 2, 'inheritance_stayed_in_tribe': 1, 'blood_required': 1, 'bribe_barred': 1, 'judges_charged': 1, 'courts_established': 1, 'peace_call_commanded': 1, 'innocent_blood_purge_commanded': 1, 'evil_purged_from_the_midst': 0, 'levirate_owed': 2, 'waits_for_the_levir': 1, 'amalek_to_be_blotted': 1, 'amalek_weakened': 1, 'justice_pursuit_commanded': 1, 'judgment_wresting_barred': 1, 'person_respecting_barred': 1, 'forgetting_barred': 1, 'stricken_with_leprosy': 1, 'hand_opening_commanded': 1, 'cry_heard': 2, 'bears_sin': 1, 'work_of_the_hand_blessed': 2, 'blessings_for_hearing': 2, 'evil_speech_spoken': 2, 'cursing_barred': 1, 'house_abomination_barred': 1, 'interest_barred': 0, 'pledge_returned_by_sunset': 0, 'wage_due_by_morning': 0, 'left_for_the_poor': 0, 'mixture_barred': 0}; the entities {'pity_barred': ['israel_people'], 'talion_pity_barred': ['israel_people'], 'put_to_death': 7, 'stoned': ['the_blasphemer', 'the_wood_gatherer'], 'lashes': [], 'pays': ['the_firstborn_of_israel'], 'exempt': ['the_levites', 'the_widow_of_zelophehad'], 'israel_hears_and_fears': ['israel_people'], 'hanged': ['the_baker'], 'buried': 9, 'sent_outside_the_camp': ['the_men_of_war', 'the_unclean_of_the_camp'], 'firstborn_by_the_head': ['esau', 'perez'], 'inheritance_stayed_in_tribe': ['the_daughters_of_zelophehad'], 'blood_required': ['noach'], 'bribe_barred': ['israel_people'], 'judges_charged': ['the_court'], 'courts_established': ['israel_people'], 'peace_call_commanded': ['israel_people'], 'innocent_blood_purge_commanded': ['israel_people'], 'evil_purged_from_the_midst': [], 'levirate_owed': ['onan', 'shelah'], 'waits_for_the_levir': ['tamar'], 'amalek_to_be_blotted': ['amaleq'], 'amalek_weakened': ['amaleq'], 'justice_pursuit_commanded': ['israel_people'], 'judgment_wresting_barred': ['israel_people'], 'person_respecting_barred': ['israel_people'], 'forgetting_barred': ['israel_people'], 'stricken_with_leprosy': ['miriam'], 'hand_opening_commanded': ['israel_people'], 'cry_heard': ['israel_people'], 'bears_sin': ['israel_people'], 'work_of_the_hand_blessed': ['israel_people'], 'blessings_for_hearing': ['israel_people'], 'evil_speech_spoken': ['aaron', 'miriam'], 'cursing_barred': ['balaam'], 'house_abomination_barred': ['israel_people'], 'interest_barred': [], 'pledge_returned_by_sunset': [], 'wage_due_by_morning': [], 'left_for_the_poor': [], 'mixture_barred': [], 'restores': [], 'unloading_owed': [], 'wife_taken': 19, 'pledge_held': ['tamar'], 'loathed': ['the_moabites'], 'karet_cut_off': [], 'love_owed': ['israel_people']}
THE CALLEES: OR return_it; M2 seducer: FETCH-50 (the pointer); MI True; HO ['corner', 'fallen_grapes']; HB routed_Deut_22_9; SA (15, 6); PR ['the_convert']; YV permitted; VW ['commanded']; MU True; NS no verdict in span; NG RELEASED; MT right_ear_ridge_righ; BH ['evil_speech_spoken']; BK ['cursing_barred']; ES open_to_deuteronomy_and_samuel; FA ['Deut 25:5', 'Num 27:8']; ZL ['levirate_owed']; JO ('FETCH-50', 4); PV abrahams_beasts_muzz; MK ['stoned']; SE ['accepted']; RW ['talion_pity_barred', 'pays']; CP ['barred_from_it']; FJ ['judgment_wresting_barred']; ST ['love_owed']; RF True; CH ['accepted']; SN ['accepted']; PN ['foreign_rite_inquiry_barred']; HI ['accepted']; L24 PAY-MONEY; GL [[], [], [], []]
THE EXAM (lean): the forty-four Mishnah rows ['Bava Batra 5:10', 'Bava Batra 5:11', 'Bava Kamma 8:1', 'Bava Kamma 8:3', 'Bava Metzia 2:7', 'Bava Metzia 2:8', 'Bava Metzia 2:9', 'Bava Metzia 2:10', 'Bava Metzia 5:10', 'Bava Metzia 9:13', 'Berakhot 3:5', 'Chullin 12:2', 'Chullin 12:3', 'Gittin 2:4', 'Gittin 3:1', 'Gittin 8:1', 'Gittin 9:10', 'Ketubot 3:1', 'Ketubot 3:5', 'Ketubot 4:3', 'Kiddushin 1:1', 'Makkot 3:10', 'Makkot 3:15', 'Peah 4:6', 'Peah 6:6', 'Peah 7:2', 'Rosh Hashanah 1:1', 'Sanhedrin 3:4', 'Sanhedrin 11:1', 'Sotah 7:2', 'Sotah 8:4', 'Temurah 6:2', 'Temurah 6:3', 'Yevamot 1:1', 'Yevamot 2:1', 'Yevamot 3:9', 'Yevamot 4:13', 'Yevamot 8:2', 'Yevamot 8:3', 'Yevamot 10:1', 'Yevamot 12:1', 'Yevamot 12:3', 'Yevamot 12:6', 'Zavim 2:3']; segments read 0
THE NARRATIVE: (79, 0, 1, (11, 1), 0, 0, 0, 0) (the seventy-nine on Israel ['lost_thing_return_commanded', 'hiding_from_lost_thing_barred', 'fallen_beast_raising_commanded', 'cross_dressing_barred', 'mother_bird_sending_commanded', 'parapet_commanded', 'house_bloodguilt_barred', 'vineyard_mixed_seed_barred', 'ox_ass_plowing_barred', 'wool_linen_barred', 'tassels_commanded', 'slander_fine_commanded', 'slanderer_divorce_barred', 'unchaste_bride_stoning_commanded', 'adulterers_death_commanded', 'betrothed_girl_city_field_declared', 'rapist_fifty_commanded', 'rapist_divorce_barred', 'fathers_wife_barred', 'crushed_barred_from_assembly', 'forbidden_union_offspring_barred', 'ammon_moab_barred_forever', 'ammon_moab_peace_barred', 'edom_egypt_third_generation_admitted', 'camp_evil_thing_guarded', 'nocturnal_unclean_exit_commanded', 'camp_latrine_commanded', 'camp_holiness_required', 'escaped_slave_return_barred', 'slave_oppression_barred', 'cult_prostitution_barred', 'harlots_hire_dogs_price_barred', 'interest_to_brother_barred', 'interest_to_foreigner_permitted', 'vow_delay_barred', 'vow_refraining_permitted', 'lips_utterance_binding', 'laborer_eating_permitted', 'laborer_vessel_barred', 'sickle_swinging_barred', 'bill_of_divorce_commanded', 'divorced_wife_remarriage_permitted', 'first_husband_retaking_barred', 'land_caused_to_sin_barred', 'newlywed_year_exemption_commanded', 'millstone_pledge_barred', 'kidnapper_death_commanded', 'leprosy_priests_teaching_commanded', 'miriam_remembrance_commanded', 'pledge_entry_barred', 'poor_mans_pledge_return_commanded', 'righteousness_before_the_lord', 'hireling_oppression_barred', 'hireling_wage_same_day_commanded', 'fathers_for_sons_death_barred', 'stranger_orphan_justice_commanded', 'widows_garment_pledge_barred', 'forgotten_sheaf_commanded', 'olive_second_beating_barred', 'vineyard_gleaning_barred', 'court_justification_commanded', 'lashes_by_number_commanded', 'lashes_forty_cap_declared', 'brother_degradation_barred', 'ox_muzzling_barred', 'widow_outsider_marriage_barred', 'levirate_marriage_commanded', 'firstborn_on_dead_name_commanded', 'refusal_at_gate_declared', 'shoe_loosening_rite_declared', 'house_of_unshod_named', 'wife_seizing_hand_cut_commanded', 'hand_cutting_pity_barred', 'diverse_weights_barred', 'diverse_measures_barred', 'whole_just_weight_commanded', 'amalek_remembrance_commanded', 'amalek_memory_blotting_commanded', 'amalek_forgetting_barred'])
THE PARAMETER ROWS: the_readback = 96 rows, 0 holes, 0 open rows; the_counter_and_the_parameters = {'counter': (40, 11, 1), 'no_marker': True, 'no_clock_datum': True}; the_twin_diffed = {'24:16 vs 2Kgs 14:6': 12, '24:16 vs 2Chr 25:4': 10, '24:18 vs 15:15': 14, '24:22 vs 15:15': 13, '24:18 vs 24:22': 12, '24:1 vs 24:3': 8, '22:5 vs 25:16': 7, '23:3 vs 23:4': 11, '24:4 vs 21:23': 10, '25:15 vs 5:16': 8, '25:19 vs Exod 17:14': 6, '24:9 vs 25:17': 7, '23:5 vs 24:9': 4, '22:28 vs Exod 22:15': 7, '22:29 vs Exod 22:16': 1, '22:19 vs 22:29': 8, '22:1 vs 22:4': 7, '22:1 vs Exod 23:4': 3, '22:4 vs Exod 23:5': 3, '22:22 vs Lev 20:10': 1, '22:22 vs Gen 20:3': 2, '22:21 vs Gen 34:7': 1, '22:21 vs 21:21': 5, '22:24 vs 17:5': 5, '24:17 vs 16:19': 4, '24:17 vs Exod 23:6': 3, '24:15 vs 15:9': 7, '23:22 vs 15:9': 4, '23:22 vs Eccl 5:3': 5, '24:19 vs 14:29': 7, '24:19 vs Lev 19:9': 2, '24:21 vs Lev 19:10': 2, '24:14 vs Lev 19:13': 3, '25:5 vs Gen 38:8': 1, '25:5 vs Num 27:8': 4, '25:6 vs Gen 48:6': 3, '25:12 vs 19:21': 2, '25:12 vs 19:13': 3, '25:11 vs Exod 21:22': 2, '23:20 vs Exod 22:24': 2, '23:20 vs Lev 25:36': 1, '23:21 vs Lev 25:37': 1, '22:9 vs Lev 19:19': 3, '22:11 vs Lev 19:19': 2, '22:12 vs Num 15:38': 1, '23:1 vs Lev 18:8': 1, '23:2 vs Lev 21:20': 0, '23:2 vs Lev 22:24': 1, '23:18 vs Gen 38:21': 2, '23:19 vs 17:1': 6, '23:11 vs Lev 15:16': 1, '23:11 vs Num 5:2': 1, '23:17 vs Exod 22:20': 1, '24:5 vs 20:7': 3, '24:6 vs Exod 22:25': 1, '24:13 vs Exod 22:25': 1, '24:7 vs Exod 21:16': 2, '24:8 vs Lev 13:2': 1, '24:9 vs Num 12:10': 0, '25:3 vs Lev 19:20': 1, '25:4 vs Gen 13:7': 0, '25:13 vs Lev 19:35': 1, '25:15 vs Lev 19:36': 2, '25:17 vs Exod 17:8': 1, '25:19 vs 8:11': 3, '25:19 vs 25:6': 2, '24:1 vs 21:14': 4, '22:7 vs 5:16': 5, '22:10 vs 5:14': 1, '23:15 vs Lev 26:12': 0, '23:7 vs 20:10': 0, '23:4 vs 2:9': 1, '22:14 vs 19:16': 0, '25:1 vs 16:18': 1, '25:7 vs Ruth 4:1': 1, '25:9 vs Ruth 4:7': 1, '25:6 vs Ruth 4:10': 3, '25:19 vs 1Sam 15:2': 3, '25:9 vs 27:15': 1}; the_parsers_fifteen_hits = {'the_numbers': {'22:12': [4], '22:19': [100], '22:22': [2], '22:24': [2], '22:29': [50], '23:17': [1], '23:19': [2], '24:5': [1], '25:3': [40], '25:5': [1], '25:11': [1]}, 'the_ordinals': {'23:3': [10], '23:4': [10], '23:9': [3], '24:4': [1]}, 'the_starred': {'22:22': 1, '22:24': 1, '23:19': 1, '25:11': 1}}; the_receipts = [[], [], [], []] (the other settings recorded in DATA — 128 rows)

THE COMPILE OF CHAPTERS 22-25 (LEAN): the answer sheet REPRODUCED — 94/94
