guard: 72 expectations checked, every one a literal from the answer sheet [honest-pairing guard satisfied]
guard: 52 expectations checked, every one a literal from the answer sheet [honest-pairing guard satisfied]
guard: 105 expectations checked, every one a literal from the answer sheet [honest-pairing guard satisfied]
probes: all 96 fired [zero-report law satisfied]
censuses: every literal above measured against the whole Tanakh index and asserted [tripwires armed]
alignment: the second seat {'matzah': 0.7, 'firstborn_a': 0.26, 'firstborn_b': 0.5, 'rest': 0.26, 'feasts': 0.23, 'appear': 0.69, 'leaven_fat': 0.5, 'firstfruits_kid': 1.0}; the erection command->execution 5/14 matched, 7 unrun (their runs in Lev 8: ['8:10', '8:11', '8:13', '8:6']); the making's dropped clauses picked up 13 of 24; the donation 4/9; the craftsmen 4/11
routing receipts: calendar CALLED — matzah 'seven days of unleavened bread = 14th evening to 21st evening (CALLED pesach)', rest 'every seventh day' / 'ox, donkey, slave, resident stranger', pilgrimage 'owes the three appearings' / 'exempt' / 'exempt', windows 'the slaughterer with leaven transgresses' / 'disqualified at morning off the altar', first fruits 'bring to the house (seven kinds — fetched list)', kid {'cook': 'barred', 'eat': 'barred', 'benefit': 'barred'}, sabbatical 'land released in year 7'; pesach — window '14th evening to 21st evening', purge 'midday of the 14th', donkey 'redeem with a lamb, else break the neck', human 'redeem (five sela — fetched constant)', leftover 'burn on the 16th'; offerings — herd olah 'wholly_to_fires', shelamim 'two_that_are_four'; moadim — two loaves 2 x 'two_tenths'; ordinances — 'no_covenant_with_them_or_their_gods', 'lest_they_make_you_sin', 'demolish_demolish_break_break', 'not_bow_not_serve_not_do', 'temple_services_for_any_idol', 'serves_sacrifices_incense_libation_bows_accepts_says'; sanctuary — dropped 24 ('use_clauses_and_the_pattern'), staves 'never_removed', testimony 'dropped_in_run', fragments 'both_in_the_ark', bread 'lifnei_tamid', lamps 7, veil 20, trigger 'willing_heart', teaching 'to_teach_in_his_heart'; vestments — ['tunic', 'robe', 'ephod', 'breastplate', 'turban', 'sash', 'caps'] / ['tunic', 'sash', 'robe', 'ephod', 'breastplate', 'turban', 'plate', 'caps'], ken asu 15, kekhol [(39, 32), (39, 42)], manifest 35; incense-shekel — laver run ['Exod 40:31'], loci ['Exod 28:43', 'Exod 30:20', 'Num 4:19'], first incense 'Exod 40:27', burner 'aarons_seed', oil run [9, 10, 11] / [(8, 10), (8, 11), (8, 12)], initiations {'golden_altar': 'Exod 40:27', 'olah_altar': 'Exod 40:29', 'table': 'Exod 40:23', 'lampstand': 'Exod 40:25'}; eighth day — 'first_of_nisan', crowns ['priesthood', 'service', 'fire', 'presence', 'blessing'], switch 'high_places_banned_service_by_priests', inaugurated by 'morning_tamid'; priesthood — {'rows': 2, 'per_row': 6, 'pinned_by': 'three_verses'}, {'flame': 'rises_on_its_own', 'western': 'always_burning_begin_from_it_end_at_it', 'found_out': ['Sifra_relight_from_the_outer_altar', 'Tamid_from_the_burning_lamps']}; tzav — 'a seven-day confinement timer; the template for the generations' [IMPORT, live calls]
answer sheet: 48 Mishnah rows verified by their own tokens (Avodah Zarah 3-4, Rosh Hashanah 1, Bekhorot 1, Chagigah 1 whole with the link and topic rows — the erection-and-covenant docket)
guard: 287 test rows, every expected value a literal from the answer sheet [honest-pairing guard satisfied]

OK  Exod 34 — the cutting verb at four seats                                                         [INK] 
     effects: covenant_cut
OK  "wonders not created" — with Isaiah alone                                                        [INK] 
     effects: covenant_cut
OK  the nations at seven seats in seven orders                                                       [INK] 
     effects: nations_driven_out
OK  CALLED ordinances.land(no_covenant)                                                              [IMPORT] 
     effects: covenant_barred
OK  THE DEMOLITION LIST GROWS 3-4-5                                                                  [INK] 
     effects: demolished
OK  CALLED ordinances.land(break_pillars) — the first seat                                           [IMPORT] 
     effects: demolished
OK  "his asherim" spelled "happy is he" — four seats                                                 [INK] 
     effects: demolished
OK  the pillar-word in Exodus at three seats                                                         [INK] 
     effects: demolished
OK  "another god" a hapax                                                                            [INK] 
     effects: stoned
OK  Sanhedrin 60b:12 — the punished bow's warning                                                    [MOVE] 
     effects: stoned
OK  CALLED ordinances.land(no_bow)                                                                   [IMPORT] 
     effects: stoned
OK  Mishnah Horayot 1:3 — the bower exempted is a partial error                                      [ANSWER-SHEET] 
     effects: bears_sin
OK  three whoring clauses in two verses                                                              [INK] 
     effects: intermarriage_barred
OK  "and you eat of his sacrifice" a hapax                                                           [INK] 
     effects: barred_from_it
OK  Avodah Zarah 8a:17 — the invitation is the eating                                                [MOVE] 
     effects: barred_from_it
OK  Mishnah Avodah Zarah 2:3 — the sacrifices of the dead                                            [ANSWER-SHEET] 
     effects: barred_from_it
OK  "of their daughters for your sons" — two Torah seats                                             [INK] 
     effects: intermarriage_barred
OK  Avodah Zarah 36b:9 — the ban's two channels                                                      [MOVE] 
     effects: intermarriage_barred
OK  Mishnah Kiddushin 3:12 — the child as she is                                                     [ANSWER-SHEET] 
     effects: intermarriage_barred
OK  "molten gods" — 34:17 and Lev 19:4 with the vav                                                  [INK] 
     effects: molten_image_barred
OK  Makkot 23a:4 / Pesachim 118a:12 — the inserted neighbor legislates                               [MOVE] 
     effects: molten_image_barred
OK  the second seat's verses with no first seat                                                      [INK] 
     effects: molten_image_barred, pilgrim_land_guarded
OK  Mishnah Avodah Zarah 4:4 — an Israelite's idol forbidden once worshipped                         [ANSWER-SHEET] 
     effects: molten_image_barred
OK  Mishnah Avodah Zarah 4:2 — the altar class                                                       [ANSWER-SHEET] 
     effects: barred_from_it
OK  Mishnah Avodah Zarah 3:5 — made objects, not the ground                                          [ANSWER-SHEET] 
     effects: demolished
OK  Rosh Hashanah 17b:7 — the covenant with the thirteen                                             [MOVE] 
     effects: covenant_cut
OK  the eight clause-pairs aligned                                                                   [INK] 
     effects: —
OK  34:26 == 23:19 token for token                                                                   [INK] 
     effects: restores, barred_from_it
OK  CALLED calendar.kid_in_milk x3                                                                   [IMPORT] 
     effects: barred_from_it
OK  CALLED calendar.first_fruits                                                                     [IMPORT] 
     effects: restores
OK  34:22 against 23:16 — the feasts' delta                                                          [INK] 
     effects: appearance_owed
OK  "weeks" whose consonants are "seven"                                                             [INK] 
     effects: appearance_owed
OK  Menachot 84b:4 — the two loaves of wheat                                                         [MOVE] 
     effects: accepted
OK  CALLED moadim.two_loaves — count and flour                                                       [IMPORT] 
     effects: accepted
OK  "the turn of the year" — three forms                                                             [INK] 
     effects: appearance_owed
OK  Sanhedrin 13a:1 — the equinox rule                                                               [MOVE] 
     effects: appearance_owed
OK  34:18 against 23:15 — the matzah delta                                                           [INK] 
     effects: purge_deadline
OK  "as I commanded you" written without the kaf at the second seat                                  [INK] 
     effects: purge_deadline
OK  CALLED calendar.matzah and pesach.leaven_machine                                                 [IMPORT] 
     effects: purge_deadline
OK  "they shall not appear before Me empty" at exactly two seats                                     [INK] 
     effects: appearance_gift_owed
OK  Bekhorot 51b:8 — the moved clause read where it stands                                           [MOVE] 
     effects: appearance_gift_owed
OK  Kiddushin 17a:7 — "empty" exported to the severance gift                                         [MOVE] 
     effects: appearance_gift_owed
OK  Mishnah Chagigah 1:2 — the two amounts (data)                                                    [DATA] 
     effects: appearance_gift_owed
OK  Chagigah 6a:14 — the chagigah before the Utterance                                               [MOVE] 
     effects: appearance_gift_owed
OK  34:20 against 13:13 — the firstborn delta                                                        [INK] 
     effects: redeem_or_break
OK  "peter chamor" defective, plene with the vav, plene bare                                         [INK] 
     effects: redeem_or_break
OK  Bekhorot 5b:7 — peter chamor twice                                                               [MOVE] 
     effects: redeem_or_break
OK  Mishnah Bekhorot 1:2 — exempt                                                                    [ANSWER-SHEET] 
     effects: exempt
OK  Bekhorot 6a:6 — the general and its particulars                                                  [INK] 
     effects: consecrated_firstborn
OK  "remember-the-male" at nine seats, eight of them "remember"                                      [INK] 
     effects: consecrated_firstborn
OK  "tifdeh" six seats, three per verse                                                              [INK] 
     effects: redeem_or_break
OK  Bekhorot 10b:27 — tifdeh tifdeh                                                                  [MOVE] 
     effects: redeem_or_break
OK  Kiddushin 29a:17 — tipadeh                                                                       [MOVE] 
     effects: redeem_or_break
OK  Kiddushin 29b:5 — the clause order                                                               [MOVE] 
     effects: redeem_or_break
OK  Mishnah Bekhorot 1:7 — redemption precedes breaking                                              [ANSWER-SHEET] 
     effects: redeem_or_break
OK  CALLED pesach.firstborn(donkey)                                                                  [IMPORT] 
     effects: redeem_or_break
OK  "break its neck" at two seats                                                                    [INK] 
     effects: redeem_or_break
OK  Mishnah Bekhorot 1:4 — the seh class                                                             [ANSWER-SHEET] 
     effects: redeem_or_break
OK  34:21 against 23:12 — the rest delta                                                             [INK] 
     effects: rest_required
OK  CALLED calendar.weekly_rest x2                                                                   [IMPORT] 
     effects: rest_required
OK  THE ADDED TOKENS READ THREE WAYS                                                                 [MOVE] 
     effects: land_release, rest_required
OK  Mishnah Sheviit 1:4 — both readings inside the row                                               [ANSWER-SHEET] 
     effects: land_release
OK  CALLED calendar.sabbatical x2                                                                    [IMPORT] 
     effects: land_release
OK  34:23 against 23:17 — the appearing delta                                                        [INK] 
     effects: appearance_owed
OK  CALLED calendar.pilgrimage x3                                                                    [IMPORT] 
     effects: appearance_owed
OK  "no man shall covet" a hapax form                                                                [INK] 
     effects: pilgrim_land_guarded
OK  Pesachim 8b:7 — the warranty                                                                     [MOVE] 
     effects: pilgrim_land_guarded
OK  34:25 against 23:18 — the leaven delta                                                           [INK] 
     effects: purge_deadline, disqualified
OK  CALLED calendar.offering_windows x2 and pesach.paschal_procedure                                 [IMPORT] 
     effects: purge_deadline, disqualified
OK  Pesachim 64a:5-6 — "My sacrifice" at two seats                                                   [MOVE] 
     effects: purge_deadline
OK  Mishnah Pesachim 5:4 — a negative                                                                [ANSWER-SHEET] 
     effects: purge_deadline
OK  Pesachim 70a:5 — the chagigah's overnight rule                                                   [MOVE] 
     effects: disqualified
OK  Pesachim 59b:8 — "to the morning"                                                                [MOVE] 
     effects: disqualified
OK  Pesachim 5a:16 — the purge before the slaughter                                                  [MOVE] 
     effects: purge_deadline
OK  THE HEADLINE — the second seat's delta                                                           [MOVE] 
     effects: —
OK  "hew for yourself" at two seats                                                                  [INK] 
     effects: tablets_delivered
OK  Nedarim 38a:3-4 — the chips and the writing his                                                  [MOVE] 
     effects: tablets_delivered
OK  Yevamot 62a:4 — the breaking ratified                                                            [MOVE] 
     effects: tablets_delivered
OK  CALLED sanctuary_build.ark(tablets_and_fragments)                                                [IMPORT] 
     effects: tablets_delivered
OK  "and no man shall go up" a hapax                                                                 [INK] 
     effects: barred_from_it
OK  Taanit 21b:4 — the graze ban bound to the Presence                                               [MOVE] 
     effects: barred_from_it
OK  "called on the name of the LORD" — the patriarchs' verb                                          [INK] 
     effects: attributes_proclaimed
OK  "the LORD, the LORD" — with Psalm 104 alone                                                      [INK] 
     effects: attributes_proclaimed
OK  the formula's clauses censused                                                                   [INK] 
     effects: attributes_proclaimed
OK  Rosh Hashanah 17b:5 — the order of prayer                                                        [MOVE] 
     effects: attributes_proclaimed
OK  Yoma 86a:5 — the tension resolved by repentance                                                  [MOVE] 
     effects: atoned_forgiven
OK  Yoma 86a:3 — His Name not cleared                                                                [MOVE] 
     effects: atoned_forgiven
OK  Bava Kamma 50b:1 — the dual anger                                                                [MOVE] 
     effects: attributes_proclaimed
OK  "fathers upon children" seven, "shall not be put to death" two                                   [INK] 
     effects: attributes_proclaimed
OK  Berakhot 7a:26 — when they hold their fathers' deeds                                             [MOVE] 
     effects: attributes_proclaimed
OK  Makkot 24a:30 — Ezekiel annulled it                                                              [MOVE] 
     effects: attributes_proclaimed
OK  Mishnah Yoma 4:2 — the confession's order                                                        [ANSWER-SHEET] 
     effects: confessed
OK  34:9 a hapax                                                                                     [INK] 
     effects: atoned_forgiven
OK  "by the mouth of these words" — with Genesis alone                                               [INK] 
     effects: oral_law_unwritten
OK  Gittin 60b:5 — THE MEDIUM LAW                                                                    [MOVE] 
     effects: oral_law_unwritten
OK  Gittin 60b:2 — mostly oral / mostly written                                                      [MOVE] 
     effects: oral_law_unwritten
OK  "the ten words" at three seats                                                                   [INK] 
     effects: tablets_delivered
OK  forty days at nine seats; bread and water at two                                                 [INK] 
     effects: tablets_delivered
OK  the radiance and the veil, three each                                                            [INK] 
     effects: face_radiant
OK  Beitzah 16a:6 — the gift that reveals itself                                                     [MOVE] 
     effects: face_radiant
OK  "Sinai" thirteen times in Exodus                                                                 [INK] 
     effects: —
OK  Megillah 31a:16 — the intermediate Sabbath reads this span                                       [DATA] 
     effects: —
OK  "when He finished" defective at seven seats                                                      [INK] 
     effects: tablets_delivered
OK  the tablets-word's written forms                                                                 [INK] 
     effects: tablets_delivered
OK  Eruvin 54a:19 — engraved                                                                         [MOVE] 
     effects: tablets_delivered
OK  the seventy elders at three seats                                                                [INK] 
     effects: entered_the_covenant
OK  Mishnah Rosh Hashanah 2:9 — the unnamed elders                                                   [ANSWER-SHEET] 
     effects: majority_decides
OK  "one voice" — with the Chronicler alone                                                          [INK] 
     effects: entered_the_covenant
OK  "the book of the covenant" at four seats                                                         [INK] 
     effects: oral_law_unwritten
OK  "the blood of the covenant" a Torah hapax                                                        [INK] 
     effects: entered_the_covenant
OK  "the youths" a hapax                                                                             [INK] 
     effects: accepted
OK  Onkelos — the firstborn                                                                          [MOVE] 
     effects: accepted
OK  CALLED shemini_day.eras(switch)                                                                  [IMPORT] 
     effects: invested_office
OK  CALLED offerings.dispatch(olah:herd)                                                             [IMPORT] 
     effects: accepted
OK  Zevachim 116a:12 — the pre-Sinai table corrected                                                 [MOVE] 
     effects: accepted
OK  Chagigah 6b:12 — the parse question                                                              [MOVE] 
     effects: accepted
OK  THE FRONT END'S PARSE — the etnachta on the burnt offerings                                      [INK] 
     effects: accepted
OK  Chagigah 6b:13 — for the pausing of the accents                                                  [MOVE] 
     effects: accepted
OK  Chagigah 6b:14 — TEIKU                                                                           [MOVE] 
     effects: accepted
OK  Chagigah 6b:11 — no flaying before the tent                                                      [MOVE] 
     effects: accepted
OK  Chagigah 6a:15 — the tamid or the appearance                                                     [MOVE] 
     effects: accepted
OK  Keritot 9a:9 — THE CONVERT'S RITE                                                                [MOVE] 
     effects: entered_the_covenant, immersed
OK  Mishnah Keritot 2:1 — the convert lacking atonement                                              [ANSWER-SHEET] 
     effects: entered_the_covenant
OK  Zevachim 97b:8 — the basins' vessel rule                                                         [MOVE] 
     effects: accepted
OK  "sapphire brick" a hapax                                                                         [INK] 
     effects: —
OK  Menachot 43b:13 — the blue chain                                                                 [MOVE] 
     effects: takes_four_species
OK  Yoma 15b:1 — the exposed altar                                                                   [MOVE] 
     effects: accepted
OK  Megillah 9a:16 — the elect for the youths                                                        [MOVE] 
     effects: —
OK  Onkelos 24:8 — to atone for the people                                                           [MOVE] 
     effects: entered_the_covenant, atoned_forgiven
OK  Berakhot 17a:12 — the meal transposed                                                            [MOVE] 
     effects: —
OK  "the torah and the commandment" — with Kings alone                                               [INK] 
     effects: tablets_delivered
OK  Berakhot 5a:3 — THE CANON CHANNEL                                                                [MOVE] 
     effects: oral_law_unwritten
OK  "whoever has a case" a hapax                                                                     [INK] 
     effects: majority_decides
OK  Bava Kamma 46b:5 — the burden of proof                                                           [MOVE] 
     effects: majority_decides
OK  24:16 — six days and the seventh day                                                             [INK] 
     effects: —
OK  Taanit 28b:9-10 — the seventeenth of Tammuz computed                                             [MOVE] 
     effects: tablets_delivered
OK  Mishnah Taanit 4:6 — the tablets broken                                                          [ANSWER-SHEET] 
     effects: tablets_delivered
OK  "under the mountain" at three seats                                                              [INK] 
     effects: —
OK  Yoma 4b:9 — within-within                                                                        [MOVE] 
     effects: —
OK  forty days and forty nights at nine seats                                                        [INK] 
     effects: —
OK  "a molten calf" at four seats                                                                    [INK] 
     effects: molten_image_barred
OK  Sanhedrin 63a:17 — they desired many gods                                                        [MOVE] 
     effects: molten_image_barred
OK  "a feast to the LORD" at five seats                                                              [INK] 
     effects: accepted
OK  CALLED ordinances.capital(idolater_row)                                                          [IMPORT] 
     effects: stoned
OK  Sanhedrin 63a:14 — the bowing likened                                                            [MOVE] 
     effects: stoned
OK  "to play" at four seats                                                                          [INK] 
     effects: —
OK  "turned quickly" three, "stiff-necked" six                                                       [INK] 
     effects: —
OK  Berakhot 32a:16 — Moses seized Him                                                               [MOVE] 
     effects: decree_relented
OK  Berakhot 32a:17 — the one-legged chair                                                           [MOVE] 
     effects: decree_relented
OK  "and Moses beseeched" at fourteen seats                                                          [INK] 
     effects: decree_relented
OK  Berakhot 32a:19 — THE VOW ANNULLED                                                               [MOVE] 
     effects: decree_relented
OK  Berakhot 32a:24 — the oath by the Name                                                           [MOVE] 
     effects: decree_relented
OK  "and the LORD relented" five; "of the evil" five                                                 [INK] 
     effects: decree_relented
OK  "both their sides" and "engraved" — two hapaxes                                                  [INK] 
     effects: tablets_delivered
OK  Shabbat 89a:6 — the sixth hour came                                                              [MOVE] 
     effects: —
OK  32:20 — the four verbs                                                                           [INK] 
     effects: ground_and_scattered, made_to_drink
OK  the sotah's drinking verb in Numbers 5                                                           [INK] 
     effects: made_to_drink
OK  Mishnah Avodah Zarah 3:3 — the two arms                                                          [ANSWER-SHEET] 
     effects: ground_and_scattered
OK  Avodah Zarah 44a:2 — the fourth verb decides                                                     [MOVE] 
     effects: made_to_drink
OK  "let loose" spelled like Pharaoh                                                                 [INK] 
     effects: —
OK  "whoever is for the LORD" a hapax; the sword on the thigh with the Song                          [INK] 
     effects: slain_by_sword
OK  Yoma 66b:15 — all the sons of Levi                                                               [MOVE] 
     effects: slain_by_sword
OK  Yoma 66b:14 — THE THREE DEATHS AS A VERDICT TABLE                                                [MOVE] 
     effects: slain_by_sword, plague_struck, made_to_drink
OK  "fill your hand" a hapax; CALLED incense_shekel.persons(fill_hand)                               [INK] 
     effects: invested_office
OK  "a great sin" at four seats                                                                      [INK] 
     effects: confessed
OK  Yoma 86b:14 — specify the sin                                                                    [MOVE] 
     effects: confessed
OK  Rosh Hashanah 16b:14 — THE THREE BOOKS                                                           [MOVE] 
     effects: blotted_from_the_book
OK  32:33 — him I will blot                                                                          [INK] 
     effects: blotted_from_the_book
OK  Sanhedrin 102a:15 — one twenty-fourth                                                            [MOVE] 
     effects: blotted_from_the_book
OK  "and the LORD plagued" five; the plague-noun thirty-one                                          [INK] 
     effects: plague_struck
OK  Mishnah Megillah 4:10 — the second read, not translated                                          [ANSWER-SHEET] 
     effects: —
OK  "ornaments" spelled "witnesses"                                                                  [INK] 
     effects: —
OK  "Horeb" plene at one seat                                                                        [INK] 
     effects: —
OK  "outside the camp" twenty-eight; "seeker of the LORD" once                                       [INK] 
     effects: —
OK  Berakhot 63b:6 — the twelve mil                                                                  [MOVE] 
     effects: —
OK  Sanhedrin 5b:9 — THE RULING-DISTANCE                                                             [MOVE] 
     effects: majority_decides
OK  Kiddushin 33b:15 — praise or discredit                                                           [MOVE] 
     effects: —
OK  the pillar six, face to face five                                                                [INK] 
     effects: —
OK  "did not depart" at nine seats                                                                   [INK] 
     effects: —
OK  Menachot 99b:19 — a blessing, not a commandment                                                  [MOVE] 
     effects: —
OK  Temurah 16a:6 — three hundred forgotten                                                          [MOVE] 
     effects: oral_law_unwritten
OK  Mishnah Avot 1:1 — the chain                                                                     [ANSWER-SHEET] 
     effects: oral_law_unwritten
OK  "by name" twice; favor six times                                                                 [INK] 
     effects: —
OK  four hapaxes of the vision protocol                                                              [INK] 
     effects: —
OK  Menachot 35b:8 — THE KNOT OF THE TEFILLIN                                                        [MOVE] 
     effects: —
OK  Yevamot 49b:7 — Manasseh                                                                         [MOVE] 
     effects: —
OK  Onkelos 33:11 — speech with speech                                                               [MOVE] 
     effects: —
OK  "I have called by name" / "the LORD has called by name"                                          [INK] 
     effects: appointed_by_name
OK  Berakhot 55a:10 — a good leader announced                                                        [MOVE] 
     effects: appointed_by_name
OK  CALLED sanctuary_build.offering(named_by_name / consent)                                         [IMPORT] 
     effects: appointed_by_name
OK  "the spirit of God" thirteen; the triple a hapax                                                 [INK] 
     effects: spirit_filled
OK  Berakhot 55a:14 — wisdom to the wise                                                             [MOVE] 
     effects: spirit_filled
OK  31:2-4 against 35:30-32 — the deltas                                                             [INK] 
     effects: appointed_by_name
OK  THE RUN ADDS THE TEACHING CLAUSE                                                                 [INK] 
     effects: appointed_by_name
OK  THE INVENTORY AT FIVE SEATS                                                                      [INK] 
     effects: —
OK  Menachot 50b:2 — only what is stated                                                             [MOVE] 
     effects: strange_offering_barred
OK  the craftsmen's alignment                                                                        [INK] 
     effects: —
OK  "the finger of God" at three seats                                                               [INK] 
     effects: tablets_delivered
OK  the donation's alignment                                                                         [INK] 
     effects: —
OK  25:4-5 == 35:6-7 token for token                                                                 [INK] 
     effects: given_by_the_heart
OK  the materials' first verses in the run                                                           [INK] 
     effects: given_by_the_heart
OK  "the spice" singular at three seats                                                              [INK] 
     effects: —
OK  CALLED sanctuary_build.offering(trigger / set_apart / halt)                                      [IMPORT] 
     effects: given_by_the_heart
OK  the heart-tokens twelve times                                                                    [INK] 
     effects: given_by_the_heart
OK  Shevuot 26b:15 — THE HEART BINDS                                                                 [MOVE] 
     effects: given_by_the_heart
OK  Chagigah 10a:8 — the vows' release rests on it                                                   [MOVE] 
     effects: given_by_the_heart
OK  Mishnah Chagigah 1:8 — mountains by a hair                                                       [ANSWER-SHEET] 
     effects: —
OK  the spinning verb at two seats                                                                   [INK] 
     effects: given_by_the_heart
OK  Shabbat 74b:6 — extra wisdom                                                                     [MOVE] 
     effects: given_by_the_heart
OK  "a wave-offering of gold" / "the gold of the wave-offering"                                      [INK] 
     effects: given_by_the_heart
OK  Yoma 75a:19 — princes or clouds                                                                  [MOVE] 
     effects: given_by_the_heart
OK  CALLED sanctuary_build.offering(dwells_in)                                                       [IMPORT] 
     effects: presence_dwells
OK  40:2 — the command dated                                                                         [INK] 
     effects: tabernacle_erected
OK  the command's verbs and inventory                                                                [INK] 
     effects: —
OK  "and you shall screen" — with Ruth alone                                                         [INK] 
     effects: veil_divides
OK  Menachot 62a:13 — on means beside                                                                [MOVE] 
     effects: bread_set_weekly
OK  Sukkah 7b:8 — a partition called covering                                                        [MOVE] 
     effects: veil_divides
OK  40:9-15 — thirteen verbs of anointing and dressing                                               [INK] 
     effects: anointed
OK  CALLED incense_shekel.oil(run_exod40 / run_lev8)                                                 [IMPORT] 
     effects: anointed
OK  40:12 matches 29:4                                                                               [INK] 
     effects: immersed
OK  CALLED vestments.investiture x2                                                                  [IMPORT] 
     effects: invested_office
OK  40:15 — the INTERNAL pointer                                                                     [INK] 
     effects: anointed
OK  "for an everlasting priesthood" a hapax                                                          [INK] 
     effects: invested_office
OK  40:16 — the global stamp                                                                         [INK] 
     effects: inspected_as_commanded
OK  THE SEVEN STAMPS                                                                                 [INK] 
     effects: inspected_as_commanded
OK  CALLED vestments.completion x3                                                                   [IMPORT] 
     effects: inspected_as_commanded
OK  every "as" in the chapter                                                                        [INK] 
     effects: inspected_as_commanded
OK  the command against the execution, block by block                                                [INK] 
     effects: —
OK  the whole                                                                                        [INK] 
     effects: —
OK  THE RUN DROPS ITS OWN LAST SEVEN COMMANDS                                                        [INK] 
     effects: anointed, invested_office
OK  and Leviticus picks them up                                                                      [INK] 
     effects: anointed, invested_office
OK  "in the second year" at five seats                                                               [INK] 
     effects: tabernacle_erected
OK  "was erected" passive beside "erected" active                                                    [INK] 
     effects: tabernacle_erected
OK  Tanchuma Buber Pekudei 8:1 — rose of itself                                                      [MOVE] 
     effects: tabernacle_erected
OK  the erection day at three seats in two books                                                     [INK] 
     effects: tabernacle_erected
OK  CALLED shemini_day.day(date)                                                                     [IMPORT] 
     effects: tabernacle_erected
OK  Rosh Hashanah 3a:5 — Nisan the year's head                                                       [MOVE] 
     effects: tabernacle_erected
OK  CALLED shemini_day.fire(ten_crowns) — two written here                                           [IMPORT] 
     effects: tabernacle_erected
OK  Shabbat 87b:6 — a Sunday (data)                                                                  [DATA] 
     effects: tabernacle_erected
OK  Menachot 99a:10 — raise, never lower                                                             [MOVE] 
     effects: tabernacle_erected
OK  40:19 "the tent" — one token, three laws                                                         [INK] 
     effects: —
OK  Mishnah Shabbat 2:3 — flax only                                                                  [ANSWER-SHEET] 
     effects: —
OK  THE MAKING'S DROPPED USE CLAUSES RUN HERE — thirteen                                             [INK] 
     effects: staves_fixed, veil_divides, bread_set_weekly, lamp_arranged
OK  the eleven not picked up — the measures                                                          [INK] 
     effects: —
OK  CALLED sanctuary_build.ark(staves / staves_prohibition)                                          [IMPORT] 
     effects: staves_fixed
OK  CALLED sanctuary_build.ark(testimony / tablets_and_fragments)                                    [IMPORT] 
     effects: tablets_delivered
OK  the direction-words differ between spec and run                                                  [INK] 
     effects: —
OK  CALLED sanctuary_build.veil x2 and ark(meeting_dropped)                                          [IMPORT] 
     effects: veil_divides
OK  "and Moses finished the work" — the creation's verb                                              [INK] 
     effects: work_completed
OK  CALLED incense_shekel.tamid(initiations)                                                         [IMPORT] 
     effects: bread_set_weekly, lamp_arranged, incense_continual, tamid_owed
OK  Mishnah Menachot 4:4 — the four initiations                                                      [ANSWER-SHEET] 
     effects: bread_set_weekly, lamp_arranged, incense_continual, tamid_owed
OK  "an arrangement of bread" a hapax                                                                [INK] 
     effects: bread_set_weekly
OK  CALLED sanctuary_build.table(continually) and priesthood.lamp_table x2                           [IMPORT] 
     effects: bread_set_weekly
OK  the table initiated at the first Sabbath (data)                                                  [DATA] 
     effects: bread_set_weekly
OK  the lamp-raising seven; "the lamps" four                                                         [INK] 
     effects: lamp_arranged
OK  CALLED sanctuary_build.menorah / lamp and priesthood.lamp_table                                  [IMPORT] 
     effects: lamp_arranged
OK  CALLED incense_shekel.incense_altar(first_incense)                                               [IMPORT] 
     effects: incense_continual
OK  "and he burned" — Moses at 40:27 and Lev 8, Aaron at Lev 9                                       [INK] 
     effects: incense_continual
OK  Zevachim 101b:14 — Moses a high priest                                                           [MOVE] 
     effects: incense_continual, tamid_owed
OK  CALLED incense_shekel.tamid x2 and shemini_day.order                                             [IMPORT] 
     effects: tamid_owed
OK  Lev 9:17 "besides the morning burnt offering" — two seats                                        [INK] 
     effects: tamid_owed
OK  CALLED incense_shekel.laver(run / between)                                                       [IMPORT] 
     effects: hands_feet_sanctified
OK  40:32 — 30:20's two loci word for word                                                           [INK] 
     effects: hands_feet_sanctified
OK  40:31 matches 30:19 with one token added: MOSES                                                  [INK] 
     effects: hands_feet_sanctified
OK  Zevachim 21b:12 — THE LAVER'S MINIMUM OF FOUR                                                    [MOVE] 
     effects: hands_feet_sanctified
OK  Zevachim 19b:9 — what binds the sons binds him                                                   [MOVE] 
     effects: hands_feet_sanctified
OK  Zevachim 22a:4 — the base's a-fortiori                                                           [MOVE] 
     effects: hands_feet_sanctified
OK  Zevachim 58b:16 — the laver drawn south                                                          [MOVE] 
     effects: hands_feet_sanctified
OK  the glory filling at seven seats in four books                                                   [INK] 
     effects: presence_dwells, glory_appeared
OK  "could not enter" — Moses and the priests                                                        [INK] 
     effects: barred_from_it
OK  Yoma 4b:9 — within-within                                                                        [MOVE] 
     effects: barred_from_it
OK  CALLED incense_shekel.tamid(dwell) and sanctuary_build.offering(dwells_in)                       [IMPORT] 
     effects: presence_dwells
OK  CALLED incense_shekel.tamid(meeting) and shemini_day.fire x2                                     [IMPORT] 
     effects: meeting_appointed
OK  "in all their journeys" six; the lifting's three forms                                           [INK] 
     effects: camp_moves_by_the_cloud
OK  fire by night seven, cloud by day eight                                                          [INK] 
     effects: camp_moves_by_the_cloud
OK  40:36-37 — the protocol                                                                          [INK] 
     effects: camp_moves_by_the_cloud
OK  the protocol against Numbers 9                                                                   [INK] 
     effects: camp_moves_by_the_cloud
OK  Rosh Hashanah 3a:5 — the first lifting                                                           [MOVE] 
     effects: camp_moves_by_the_cloud
OK  THE SCENE — the erection on the world engine                                                     [INK] 
     effects: released, tabernacle_erected, high_places_banned, tablets_delivered, staves_fixed, veil_divides, bread_set_weekly, lamp_arranged, incense_continual, tamid_owed, hands_feet_sanctified, work_completed, presence_dwells, barred_from_it, meeting_appointed, camp_moves_by_the_cloud
OK  CALLED shemini_day.SCENE                                                                         [IMPORT] 
     effects: released
OK  THE W6 SCENE — the craftsmen and the donation on the world engine                                [ANSWER-SHEET] 
     effects: appointed_by_name, spirit_filled, given_by_the_heart
OK  THE W7 SCENE — the Sinai narrative's laws on the world engine                                    [ANSWER-SHEET] 
     effects: majority_decides, entered_the_covenant, oral_law_unwritten, accepted, invested_office, atoned_forgiven, immersed, tablets_delivered, face_radiant, molten_image_barred, barred_from_it, stoned, slain_by_sword, plague_struck, made_to_drink, bears_sin, decree_relented, confessed, blotted_from_the_book, ground_and_scattered, attributes_proclaimed, covenant_cut, nations_driven_out, covenant_barred, demolished, intermarriage_barred
OK  THE HEADLINE (1) — the second seat                                                               [MOVE] 
     effects: —
OK  THE HEADLINE (2) — the unrun commands                                                            [INK] 
     effects: —
OK  THE HEADLINE (3) — the pickup                                                                    [INK] 
     effects: —
OK  the stamps counted                                                                               [INK] 
     effects: inspected_as_commanded
OK  the inventory at five seats                                                                      [INK] 
     effects: —

MATRIX: 287/287 cells match the answer sheet
FRACTIONS: pure ink 131/287 (45%) · recorded moves 93/287 (32%) · answer-sheet 23/287 · data 4/287 · imports 36/287 · hypotheses 0/287
LEDGER OPS this span writes: block x43, body x15, debit x11, destroy x9, heaven x60, status x92, timer x34, transfer x43
effects: every cell carries REGISTERED effects — TWENTY-TWO discovered in these verses' own verbs: entered_the_covenant, covenant_cut, appointed_by_name, spirit_filled, face_radiant, tabernacle_erected, camp_moves_by_the_cloud (STATUS), tablets_delivered, given_by_the_heart, nations_driven_out (TRANSFER), decree_relented, blotted_from_the_book, plague_struck, attributes_proclaimed, pilgrim_land_guarded (HEAVEN), made_to_drink, slain_by_sword (BODY), ground_and_scattered (DESTROY), intermarriage_barred, molten_image_barred, oral_law_unwritten (BLOCK), appearance_gift_owed (DEBIT) [effects law satisfied]
SCENE: (1, 1, 1, 1, 1, 1, 1, 2, 2, 1, 3, 1, 1, 1, 1, 1, 5, 360) — the installation released into the first of Nisan; the four initiations; the Presence dwells and the meeting appointed (promised at E2 and E4, fired here)
SCENE (W6, the craftsmen and the donation): (2, 2, 5, 8, 1)
SCENE (W7, the Sinai narrative's laws): (3, 4, 3, 1, 2, 2, 1, 2, 1, 2, 3, 1, 2, 1, 2, 1, 1, 1, 1, 1, 3, 1, 1, 1, 1, 2, 3, 3, 105, 32, 186, (1, 4, 17), (1, 7, 10))
WATCH COVERAGE (the erection; the craftsmen and the donation — W6; the Sinai narrative — W7):
  WATCH law_installation       seen  15  fired   2  on: installation_commanded, milluim_blood_sprinkled
  WATCH law_erection           seen  15  fired  13  on: bread_arranged, called_from_the_tent, cloud_lifted, could_not_enter, erected, glory_filled, hands_feet_washed, incense_burned, lamps_raised, tamid_offered, testimony_placed, veil_hung, work_finished
  WATCH law_erection           seen   8  fired   8  on: craftsman_called, offering_brought
  WATCH law_erection           seen  32  fired  30  on: ascent_barred, attributes_proclaimed_at_sinai, bowed_to_another_god, calf_destroyed, calf_made, case_brought_to_deputies, covenant_blood_thrown, covenant_cut_at_sinai, daughters_taken, elders_ascended, entered_the_land, levites_gathered, moses_ascended, moses_interceded, people_answered, sacrifice_of_inhabitant_eaten, tent_pitched_outside, youths_offered
THE COVENANT WRITTEN A SECOND TIME, THE BLOOD COVENANT, THE CALF AND THE PRESENCE, THE CRAFTSMEN AND THE DONATION, AND THE ERECTION COMPILED — the second seat's delta is where the tradition argues; the run drops its own last seven commands and Leviticus picks them up; the making's dropped use clauses run here; the laver's four from the run's added Moses; the cantillation answers the sugya's parse; eleven engines CALLED.
honest-pairing guard: 113 tests checked, every expectation a literal
probes: 90 ink runs verified in their verses (Exod 1-19)
answer sheet: 12 Mishnah rows and 47 shelf rows verified by their own tokens (Pesachim 10, Avot 5, Sotah 1 and 5, Rosh Hashanah 3, Eduyot 2, Sanhedrin 1; Sotah 11a-13b, Nedarim 31b-32a, Sanhedrin 111a/91a/18a/56b/67b, Shabbat 86b-88a, Zevachim 116a/102a, Arakhin 15a-b, Kiddushin 38a, Sotah 30b, Berakhot 9a-b, Megillah 9a, Pesachim 116a; the Mekhilta)
guard: 155 expectations checked, every one a literal from the answer sheet [honest-pairing guard satisfied]
guard: 66 expectations checked, every one a literal from the answer sheet [honest-pairing guard satisfied]
probes: all 36 token probes fired  [zero-report law satisfied]

probes: all 39 ink-token probes fired (4 imports receipted) [zero-report law satisfied]
censuses: the FIFTH at [13, 15, 19, 27, 31] — forms ['חמישתו', 'חמישית', 'חמשית', 'חמשתו', 'חמשיתו'] (plene at 13 and 15, defective at 19, 27, 31) · the substitute clause at [10, 33] (the vow and the tithe) · holy tokens in 11 verses
routing receipt: cold_run_yovel.tithe_naming() CALLED (3 namings); cold_run_pesach.firstborn(donkey) CALLED -> 'redeem with a lamb, else break the neck'
answer sheet: 20 Mishnah rows token-verified in their own ink
guard: 41 test rows, every expected value a literal from the answer sheet [honest-pairing guard satisfied]

OK  THE SCENE — Temurah, Arakhin 8, Bekhorot 9 and the Sifra on the world engine (the daemon's w [INK] 
     effects: consecrated, substitution, lashes, redemption_right, adds_fifth, redeem_or_break, most_holy, due_to_priest, put_to_death
OK  Temurah 7:1 — an animal vowed to the altar: holy (the altar class)                           [INK] 
     effects: consecrated
OK  Temurah 7:1-2 — an unfit animal consecrated: the upkeep class, valued by the priest          [INK] 
     effects: consecrated
OK  Temurah 7:2 — unspecified consecrations go to the upkeep                                     [MOVE] 
     effects: consecrated
OK  Temurah 1:1 — substitution attempted: it takes, and forty                                    [INK] 
     effects: substitution, consecrated, lashes
OK  Temurah 1:2 — good for bad, bad for good: takes                                              [INK] 
     effects: substitution
OK  Temurah 1:2 — herd for flock, sheep for goats, blemished for whole: takes                    [INK] 
     effects: substitution
OK  Temurah 1:2 — one for two, one for a hundred (R. Shimon: one for one)                        [MOVE] 
     effects: substitution
OK  Temurah 1:6 — birds and meal offerings make no substitute                                    [INK] 
     effects: —
OK  Temurah 1:6 / 2:1 — the community and partners make no substitute                            [MOVE] 
     effects: —
OK  Temurah 1:3 — limbs and embryos make no substitute                                           [MOVE] 
     effects: —
OK  Temurah 1:5 / 2:3 — a substitute makes no substitute                                         [MOVE] 
     effects: —
OK  Temurah 2:3 — holiness lands on a permanently blemished substitute                           [MOVE] 
     effects: consecrated
OK  Temurah 2:3 — the inadvertent like the deliberate in substitution                            [MOVE] 
     effects: substitution
OK  Temurah 5:5 — "this instead of that": a substitute                                           [INK] 
     effects: substitution
OK  Temurah 5:5 — "the exchange of that": a substitute                                           [INK] 
     effects: substitution
OK  Temurah 5:5 — "this desanctified on that": not a substitute                                  [ANSWER-SHEET] 
     effects: redemption_right
OK  Temurah 7:1 — altar-holy substitute; upkeep-holy do not                                      [INK] 
     effects: —
OK  Menachot 9:7 — the heir substitutes                                                          [MOVE] 
     effects: substitution
OK  Arakhin 8:1 — the owner redeeming adds a fifth (the unfit beast)                             [INK] 
     effects: adds_fifth, redemption_right
OK  Arakhin 8:1-3 — the owner redeems his house with a fifth                                     [INK] 
     effects: adds_fifth, redemption_right
OK  Arakhin 8:2-3 — another redeems: the valuation, no fifth                                     [INK] 
     effects: redemption_right
OK  the five fifths of the chapter (27:13, 15, 19, 27, 31)                                       [INK] 
     effects: adds_fifth
OK  Menachot 12:1 — birds, wood, frankincense, vessels: no redemption, only a beast is said      [INK] 
     effects: —
OK  Bekhorot 1:7 (via the Passover engine) — the firstling donkey: a lamb, else the neck         [IMPORT] 
     effects: redeem_or_break
OK  Arakhin 8:7 — the firstborn: sanctify it for value, not for the altar                        [MOVE] 
     effects: consecrated
OK  Temurah 5:1 — outwitting the firstborn: "what is in her womb, if male, an olah"              [MOVE] 
     effects: consecrated
OK  Arakhin 8:6 — every devoted thing most holy, not sold, not redeemed                          [INK] 
     effects: most_holy
OK  Arakhin 8:6 — unspecified devotion: to the priests (Sages) / the upkeep (R. Yehuda b. Beteir [INK] 
     effects: due_to_priest
OK  Arakhin 8:4 — devoted ALL he has: not devoted                                                [INK] 
     effects: —
OK  Arakhin 8:5 — devoted his son, daughter, Hebrew slave, purchased field: not devoted          [INK] 
     effects: —
OK  Arakhin 8:6 — the priests' devotions: no redemption, given to the priests                    [ANSWER-SHEET] 
     effects: due_to_priest
OK  Arakhin 8:7 — the firstborn may be devoted                                                   [ANSWER-SHEET] 
     effects: consecrated
OK  Bekhorot 9:7 — the pen, the small gate, the count, the tenth marked                          [INK] 
     effects: consecrated
OK  Bekhorot 9:7 — not marked, counted lying or standing: tithed                                 [INK] 
     effects: consecrated
OK  Bekhorot 9:7 — a hundred and took ten: not a tithe                                           [INK] 
     effects: —
OK  Temurah 3:5 — the tithe substituted: both holy, not redeemed                                 [INK] 
     effects: substitution, consecrated
OK  Bekhorot 9:1 — herd and flock not tithed together                                            [INK] 
     effects: —
OK  Bekhorot 9:1 — sheep and goats tithed together ("and flock" — all flock one)                 [INK] 
     effects: consecrated
OK  Bekhorot 9:8 (via the Jubilee engine) — the ninth called tenth: sanctified, eaten blemished  [IMPORT] 
     effects: consecrated
OK  Bekhorot 9:8 (via the Jubilee engine) — the eleventh called tenth: a peace offering          [IMPORT] 
     effects: consecrated

MATRIX: 41/41 cells match the answer sheet
FRACTIONS: pure ink 25/41 (60%) · recorded moves 10/41 (24%) · answer-sheet 3/41 · data 0/41 · imports 3/41 · hypotheses 0/41
computed, not graded: the impure beast of 27:27 redeemed at valuation plus a fifth or sold (INK); the devoted person put to death, not ransomed (INK 27:29); the land tithe holy (INK 27:30) and redeemed with a fifth (INK 27:31); not examined good or bad (INK 27:33) — valuation_plus_fifth_or_sold, put_to_death_not_ransomed, holy_to_the_LORD, plus_fifth, not_examined_good_or_bad
LEDGER OPS this span writes: body x3, debit x14, status x22, transfer x5
effects: every cell carries REGISTERED effects — consecrated (STATUS) discovered from 27:9's own "shall be holy"; most_holy shared with the meal offering; substitution, adds_fifth, put_to_death, due_to_priest, redemption_right, lashes, redeem_or_break from the registry [effects law satisfied]
  WATCH law_temurah            seen  29  fired  22  on: consecrated_redeemed, herd_tithed, substitute_declared, thing_consecrated, thing_devoted

THE CONSECRATION, SUBSTITUTION, AND DEVOTION MACHINE COMPILES — the two substitution verbs, "beast for beast," "it and its substitute" at the vow and the tithe, the fifth censused five times, the partitive "from all that he has," the ordinal tenth under the rod; three calls into sister engines: the Jubilee engine's tithe naming and the Passover engine's firstling donkey.
guard: 274 expectations checked, every one a literal from the answer sheet [honest-pairing guard satisfied]
guard: 27 expectations checked, every one a literal from the answer sheet [honest-pairing guard satisfied]
guard: 159 expectations checked, every one a literal from the answer sheet [honest-pairing guard satisfied]
probes: all 142 token probes fired  [zero-report law satisfied]

probes: all 46 token probes fired  [zero-report law satisfied]

guard: 55 expectations checked, every one a literal from the answer sheet [honest-pairing guard satisfied]
probes: all 39 token probes fired  [zero-report law satisfied]

probes: all 100 token probes fired  [zero-report law satisfied]

guard: 34 expectations checked, every one a literal from the answer sheet [honest-pairing guard satisfied]
probes: all 17 token probes fired  [zero-report law satisfied]

honest-pairing guard: 222 tests checked, every expectation a literal
probes: 387 ink runs verified in their verses (Gen 18-31)
answer sheet: 7 Mishnah rows verified in their own ink; shelf: 62 rows (Babylonian and Bereshit Rabbah) verified by token
honest-pairing guard: 206 tests checked, every expectation a literal
probes: 137 ink runs verified in their verses (Gen 2-16)
answer sheet: 10 Mishnah rows and 130 shelf rows verified by their own tokens (Sanhedrin 10:3, 4:5, Avot 5:2-3, Eduyot 2:10, Yevamot 6:6, Megillah 1:8; Sanhedrin 107b-109b, 37b, 70a, Nedarim 32a-b, Sotah 14a, Megillah 9b, 14a, Berakhot 40a, Kiddushin 30b, Bava Batra 100a, Yevamot 64a, Chullin 89a, Eruvin 53a, Pesachim 118a, 6b, Rosh Hashanah 11b, Shabbat 55b; Bereshit Rabbah 16-45)
guard: 172 expectations checked, every one a literal from the answer sheet [honest-pairing guard satisfied]
probes: all 86 token probes fired  [zero-report law satisfied]

probes: all 102 token probes fired  [zero-report law satisfied]

callees live: the spec (Exod 34:15-16) 1 / [('Exod', 34, 16)]; the priesthood clause 1; the judges 78600; the incense; the twenty-four; the hanging; the addressees; the tellers; the total; Isaac's clauses 6; Judah's lion 2; the ladder; the idolatry principle
guard: 51 expectations checked, every one a literal from the answer sheet [honest-pairing guard satisfied]
honest-pairing guard: 43 tests checked, every expectation a literal
probes: all 36 token probes fired  [zero-report law satisfied]
answer sheet: 11 Mishnah rows + 28 Mekhilta/Talmud rows read whole from the shelf, each verified by a token in its own ink
guard: 70 expectations checked, every one a literal from the answer sheet [honest-pairing guard satisfied]
honest-pairing guard: 282 tests checked, every expectation a literal
probes: 442 ink runs verified in their verses (Gen 32-50)
answer sheet: 10 Mishnah rows verified in their own ink; shelf: 99 rows (Babylonian and Bereshit Rabbah) verified by token
probes: all 35 token probes fired  [zero-report law satisfied]

guard: 53 expectations checked, every one a literal from the answer sheet [honest-pairing guard satisfied]
guard: 154 expectations checked, every one a literal from the answer sheet [honest-pairing guard satisfied]
probes: all 79 token probes fired  [zero-report law satisfied]

guard: 74 expectations checked, every one a literal from the answer sheet [honest-pairing guard satisfied]
guard: 147 expectations checked, every one a literal from the answer sheet [honest-pairing guard satisfied]
guard: 110 expectations checked, every one a literal from the answer sheet [honest-pairing guard satisfied]
probes: all 54 token probes fired  [zero-report law satisfied]

probes: all 55 token probes fired  [zero-report law satisfied]

probes: all 121 token probes fired  [zero-report law satisfied]

probes: all 111 token probes fired  [zero-report law satisfied]

guard: 56 expectations checked, every one a literal from the answer sheet [honest-pairing guard satisfied]
probes: all 123 token probes fired  [zero-report law satisfied]

probes: all 84 token probes fired  [zero-report law satisfied]

callees: mishpatim_3, mishpatim, lev24, shelach, naso, second_census, journeys, borders, zelophehad, gad_reuben, chukat, bamidbar, primeval, sanctions, priesthood CALLED — every value asserted at import
guard: 97 expectations checked, every one a literal from the answer sheet [honest-pairing guard satisfied]
probes: all 164 token probes fired  [zero-report law satisfied]

callees: exodus_story, shelach, chukat, gad_reuben, zelophehad, journeys, borders, second_census, bamidbar, balak, primeval, mamre, joseph, ordinances, holiness, erection, beha, refuge CALLED — every value asserted at import
guard: 95 expectations checked, every one a literal from the answer sheet [honest-pairing guard satisfied]
guard: 55 expectations checked, every one a literal from the answer sheet [honest-pairing guard satisfied]
guard: 42 expectations checked, every one a literal from the answer sheet [honest-pairing guard satisfied]
guard: 49 expectations checked, every one a literal from the answer sheet [honest-pairing guard satisfied]
guard: 51 expectations checked, every one a literal from the answer sheet [honest-pairing guard satisfied]
OS.the_spies_read_back(the_murmuring) = "the murmuring (1:27-28) — two words (Shevuot 47b:5); the spies' words in the people's mouths, 'greater and taller than w" ['accepted']
HI.the_gift_and_the_warning(lest_you_forget) = "lest you forget (6:12) — obey_horeb's forgetting census (thirteen seats, 6:12 among them); the prohibition's seat 4:9 (O" ['accepted'] — the ask without a write
guard: 62 expectations checked, every one a literal from the answer sheet [honest-pairing guard satisfied]
guard: 51 expectations checked, every one a literal from the answer sheet [honest-pairing guard satisfied]
ER.calf(saru_stiff) = (3, 6) — the stiff neck a state, no write; ER.calf(fourth_verb_decides) = a_test_not_a_nullification — the fourth verb the retelling drops
guard: 59 expectations checked, every one a literal from the answer sheet [honest-pairing guard satisfied]
guard: 56 expectations checked, every one a literal from the answer sheet [honest-pairing guard satisfied]
guard: 65 expectations checked, every one a literal from the answer sheet [honest-pairing guard satisfied]
THE READBACK (the census, printed before it is asserted): rows 31, grades {'VERBATIM': 6, 'VARIANT': 16, 'EXPANDED': 3, 'SUPPLIED': 6}, on the tape 11, by CALL 14, SUPPLIED ['Deut 12:4', 'Deut 12:7', 'Deut 12:9', 'Deut 12:17', 'Deut 12:19', 'Deut 12:30']
DATA rows (the count, printed before it is asserted): 46
THE DATA CHECKS (printed before they are asserted): {'levites_anywhere': True, 'second_tithe': True, 'counts': (5, 4, 3), 'cell_found': True, 'written_callee': True, 'name_in_clause': False, 'seats': ['Deut 12:21', 'Exod 23:15'], 'n_rows': 6, 'platform': [('before_the_Tabernacle', 'permitted'), ('the_Tabernacle', 'forbidden'), ('Gilgal', 'permitted'), ('Shiloh', 'forbidden'), ('Nob_and_Gibeon', 'permitted'), ('Jerusalem', 'forbidden_forever')], 'platform_agrees': True, 'journeys_agree': True, 'registry': True}
THE SCENE (printed before it is asserted): ((1, 1, 1, 1, 1, 1, 1, 1, 1, 1, 1, 1, 1, 1, 1, 1, 1, 1, 1, 1, 1, 1, 1, 1, 1, 1, 1, 1, 1), (1, 1, 1), 2, (0, 0, 0, 0), 29, 0)
THE NARRATIVE (printed before it is asserted): (8, 0, 2, (11, 1), 0, 0, 0, 0) ['name_erasure_barred', 'place_chosen_required', 'rejoicing_before_the_lord_commanded', 'profane_slaughter_permitted', 'holy_things_in_the_gates_barred', 'levite_forsaking_barred', 'foreign_rite_inquiry_barred'] ['high_places_banned']
THE INK (printed before it is asserted): PARSED {(13, 13): [1]}, ORDS {}, MARKS {}, TOKN 328, LETN 1269, KINNUM {('Deut', 17, 6): [2, 3, 1], ('Deut', 19, 15): [1, 2, 3], ('Deut', 17, 7): [], ('Deut', 17, 2): [1], ('Deut', 12, 14): [1], ('Lev', 24, 16): [], ('Exod', 22, 19): []}
THE READBACK (the census, printed before it is asserted): rows 19, grades {'VERBATIM': 3, 'SUPPLIED': 8, 'VARIANT': 5, 'EXPANDED': 3}, on the tape 7, by CALL 17, SUPPLIED ['Deut 13:2', 'Deut 13:4', 'Deut 13:6', 'Deut 13:7', 'Deut 13:12', 'Deut 13:13', 'Deut 13:15', 'Deut 13:18'], writes ['false_prophet_hearing_barred', 'israel_hears_and_fears', 'condemned_city_inquiry_required', 'devoted_thing_cleaving_barred'], pointer ['Deut 13:18']
THE DATA ROWS (printed before they are asserted): 39 ['moses_unnamed', 'the_anger_keyed', 'the_benefit_ban', 'the_capital_courts_end', 'the_congruence_rule', 'the_counter_and_the_parameters', 'the_courts_rule_inverted', 'the_entrapment'] …
THE SCENE (printed before it is asserted): ((1, 1, 1, 1, 1, 1, 1, 2, 1, 1, 1, 1, 1, 1, 1, 1, 1, 1, 1, 2, 1, 1, 1, 1, 1, 1, 1, 1, 1, 1, 1, 1, 1, 1, 1, 1, 1, 1, 1, 1), (1, 1, 1, 1, 1, 1), 1, 1, 2, 2, 1, (0, 0, 0, 0), 40, 0)
THE NARRATIVE (printed before it is asserted): (8, 0, 1, (11, 1), 0, 0, 0, 0) ['adding_barred', 'false_prophet_hearing_barred', 'tested_by_the_lord', 'cleaving_commanded', 'pity_barred', 'israel_hears_and_fears', 'condemned_city_inquiry_required', 'devoted_thing_cleaving_barred']
guard: 78 expectations checked, every one a literal from the answer sheet [honest-pairing guard satisfied]
THE INK (printed before it is asserted): PARSED {(14, 6): [2], (14, 28): [3]}, ORDS {}, MARKS {6: ['שתי^'], 22: ['עשר*'], 23: ['מעשר*'], 28: ['שנים*', 'מעשר*']}, TOKN 351, LETN 1344, KINNUM {('Deut', 15, 1): [7], ('Deut', 31, 10): [7], ('Exod', 23, 10): [6], ('Lev', 11, 3): [], ('Lev', 27, 30): [], ('Num', 18, 21): [], ('Deut', 26, 12): [], ('Deut', 12, 17): []}, STARRED [(12, 17, 'מעשר*'), (14, 22, 'עשר*'), (14, 23, 'מעשר*'), (14, 28, 'מעשר*'), (26, 12, 'מעשר*')]
THE DB'S OWN SEATS (printed before they are asserted): INF_ABS [(21, 'מכר'), (22, 'עשר')]; the kid ['Deut 14:21', 'Exod 23:19', 'Exod 34:26']; the holy people ['Deut 14:2', 'Deut 14:21', 'Deut 7:6']; portion and inheritance 6; the four at the gate ['Deut 14:29', 'Deut 16:11', 'Deut 16:14']; the place formula 11; the tithe tokens 17; rejoice 8; three years ['2Kgs 18:10', 'Deut 14:28']; seven years ['Deut 15:1', 'Deut 31:10', 'Jer 34:14']; TWIN {'14:6 vs 11:3': 9, '14:7 vs 11:4': 16, '14:8 vs 11:7': 10, '14:9 vs 11:9': 12, '14:15 vs 11:16': 10, '14:15 == 11:16': True, '14:2 vs 7:6': 18, '14:24 vs 12:21': 12, '14:29 vs 24:19': 7, '14:29 vs 14:27': 6, '14:21 vs 23:19': 6}
THE READBACK (the census, printed before it is asserted): rows 29, grades {'SUPPLIED': 8, 'VERBATIM': 6, 'VARIANT': 11, 'EXPANDED': 4}, on the tape 10, by CALL 29, SUPPLIED ['Deut 14:1', 'Deut 14:3', 'Deut 14:5', 'Deut 14:11', 'Deut 14:20', 'Deut 14:22', 'Deut 14:25', 'Deut 14:28'], writes [('Deut 14:1', 'cuttings_for_the_dead_barred'), ('Deut 14:3', 'abomination_eating_barred'), ('Deut 14:21', 'carcass_eating_barred'), ('Deut 14:22', 'second_tithe_owed'), ('Deut 14:28', 'poor_tithe_owed')], pointer []
THE VERSES NO ONE CITES (computed on the docket, printed before it is asserted): [9, 14, 15, 16, 17, 18]
THE DATA ROWS (printed before they are asserted): 56 ['ezras_penalty', 'for_the_dead', 'heavens_property', 'shiloh_and_the_house', 'the_altars_disqualified', 'the_animal_tithe_now', 'the_baldness_both_ways', 'the_benefit_counter_arm'] …
THE SCENE (printed before it is asserted): ((1, 1, 1, 1, 1, 1, 1, 1, 1, 1, 1, 1, 1, 1, 1, 1, 1, 1, 1, 1, 1, 1, 1, 1, 2, 1, 1, 1, 1, 1, 1, 1, 1, 1, 1, 1, 1, 1, 1, 1, 1, 1, 1, 1, 1, 1, 1, 1, 1, 1, 1, 1, 1, 1, 1, 1, 1, 1, 1, 1, 1, 1, 1, 1, 1, 1, 1, 1, 1, 1, 1), (1, 1, 1, 1, 1, 1, 1, 1), 10, 11, 2, 1, 1, (0, 0, 0, 0), 71, 0)
THE NARRATIVE (printed before it is asserted): (7, 0, 1, (11, 1), 0, 0, 0, 0) ['cuttings_for_the_dead_barred', 'abomination_eating_barred', 'carcass_eating_barred', 'second_tithe_owed', 'rejoicing_before_the_lord_commanded', 'levite_forsaking_barred', 'poor_tithe_owed']
guard: 91 expectations checked, every one a literal from the answer sheet [honest-pairing guard satisfied]
THE INK (printed before it is asserted): PARSED {(15, 1): [7], (15, 7): [1], (15, 12): [6], (15, 18): [6]}, ORDS {9: [7]}, MARKS {1: ['שנים*'], 12: ['שנים*'], 18: ['שנים*']}, TOKN 354, LETN 1294, KINNUM {('Exod', 21, 2): [6], ('Exod', 23, 10): [6], ('Lev', 25, 3): [6, 6], ('Lev', 25, 8): [7, 7, 7, 7, 49], ('Deut', 31, 10): [7], ('Jer', 34, 14): [7, 6], ('Exod', 22, 29): [7], ('Lev', 22, 27): [7], ('Deut', 14, 28): [3], ('Deut', 16, 9): [7, 7]}, STARRED [(9, 15, 'ושני^'), (10, 3, 'ושני^'), (14, 28, 'שנים*'), (15, 1, 'שנים*'), (15, 12, 'שנים*'), (15, 18, 'שנים*'), (31, 10, 'שנים*')]
  PRINT the exaction verb by tokens (the lemma table collides at 5065): ['1Kgs 20:13', '1Sam 13:6', '1Sam 14:24', '2Kgs 23:35', 'Deut 15:2', 'Deut 15:3', 'Exod 20:21', 'Exod 24:14', 'Gen 33:7', 'Isa 14:4', 'Isa 29:13', 'Isa 50:8', 'Isa 53:7', 'Isa 65:5', 'Job 3:18', 'Job 40:19', 'Lev 21:21', 'Lev 21:23', 'Ps 91:7', 'Zech 9:8']
  PRINT "howbeit" (the lemma table has no 657 in the Torah): ['2Sam 12:14', 'Amos 6:10', 'Amos 9:8', 'Deut 15:4', 'Gen 47:15', 'Gen 47:16', 'Isa 16:4', 'Isa 29:20', 'Isa 34:12', 'Isa 41:29', 'Isa 45:14', 'Isa 45:6', 'Isa 54:15', 'Isa 5:8', 'Judg 4:9', 'Num 13:28', 'Num 23:13'] | "cease" in the book: [('Deut 15:11', 'יחדל'), ('Deut 23:23', 'תחדל')]
  PRINT "free" every seat in the Bible (the count): 17 [('1Sam 17:25', 'חפשי'), ('Deut 15:12', 'חפשי'), ('Deut 15:13', 'חפשי'), ('Deut 15:18', 'חפשי'), ('Exod 21:2', 'לחפשי'), ('Exod 21:5', 'חפשי'), ('Exod 21:26', 'לחפשי'), ('Exod 21:27', 'לחפשי'), ('Isa 58:6', 'חפשים'), ('Jer 34:9', 'חפשים'), ('Jer 34:10', 'חפשים'), ('Jer 34:11', 'חפשים'), ('Jer 34:14', 'חפשי'), ('Jer 34:16', 'חפשים'), ('Job 3:19', 'חפשי'), ('Job 39:5', 'חפשי'), ('Ps 88:6', 'חפשי')]
  PRINT "shear" every seat in the Bible: ['1Sam 25:2', '1Sam 25:4', '1Sam 25:7', '1Sam 25:11', '2Sam 13:23', '2Sam 13:24', 'Deut 15:19', 'Gen 31:19', 'Gen 38:12', 'Gen 38:13', 'Isa 53:7', 'Jer 7:29', 'Job 1:20', 'Mic 1:16', 'Nah 1:12']
THE CLOCK (printed before it is asserted): {'counter': (40, 11, 1), 'release_keys': ['the_end', 'the_onset', 'the_territory', 'the_year'], 'firstlings_year_keys': ['its_own_year', 'the_blemished', 'the_exiles_arm', 'the_tending_term', 'the_two_day_edge'], 'the_release_on_the_bare_world': 'no count', 'the_firstlings_year_days': 354, 'the_two_day_edge': True, 'no_marker': True}
THE DB'S OWN SEATS (printed before they are asserted): INF_ABS [(2, 'שמוט'), (4, 'ברך'), (5, 'שמוע'), (8, 'פתח'), (8, 'והעבט'), (10, 'נתון'), (11, 'פתח'), (14, 'העניק')]; seven years ['Deut 15:1', 'Deut 31:10', 'Jer 34:14']; the release noun 5; needy 9; the pledge verb 6; remember-a-slave ['Deut 15:15', 'Deut 16:12', 'Deut 24:18', 'Deut 24:22', 'Deut 5:15']; the awl [('Deut 15:17', 'המרצע'), ('Exod 21:6', 'במרצע')]; six years ['Deut 15:12', 'Deut 15:18', 'Exod 21:2', 'Lev 25:3']; for ever ['Deut 15:17']; year by year 11; the place formula 11; unclean-clean ['Deut 12:15', 'Deut 12:22', 'Deut 15:22']; as water ['Deut 12:16', 'Deut 12:24', 'Deut 15:23']; spoke-to-you ['Deut 12:20', 'Deut 15:6', 'Deut 26:18', 'Deut 29:12']; base [('Deut 13:14', 'בליעל'), ('Deut 15:9', 'בליעל')]; sin-in-you ['Deut 15:9', 'Deut 23:22', 'Deut 24:15']; TWIN {'15:12 vs Exod 21:2': 3, '15:12 vs Jer 34:14': 7, '15:16 vs Exod 21:5': 3, '15:17 vs Exod 21:6': 1, '15:15 vs 5:15': 11, '15:15 vs 24:18': 14, '15:5 vs 28:1': 14, '15:6 vs 28:12': 6, '15:9 vs 24:15': 7, '15:10 vs 14:29': 6, '15:21 vs 17:1': 6, '15:22 vs 12:15': 4, '15:22 vs 12:22': 4, '15:23 vs 12:16': 6, '15:23 vs 12:24': 5, '15:4 vs 15:11': 3, '15:1 vs 31:10': 3, '15:20 vs 12:18': 9}
THE CALLEES (printed before they are asserted): the Belial ask in the city cell ['belial_and_naboth'] -> Belial and Naboth (13:14) — the Torah's two seats (13:14, 15:9); the one who turns his eye; the release on the bare world no count; the firstling's year 354 days; MP F1 ['slave-release: FREE-YEAR-7', 'slave-release: DEDUCT', 'slave-release: FREE-AT-JUBILEE']; M2 slave_maimed True
THE READBACK (the census, printed before it is asserted): rows 23, grades {'TURNED': 2, 'SUPPLIED': 11, 'VARIANT': 2, 'VERBATIM': 3, 'SHORTENED': 1, 'DISAGREES': 2, 'EXPANDED': 2}, on the tape 11, by CALL 23, SUPPLIED ['Deut 15:3', 'Deut 15:4', 'Deut 15:6', 'Deut 15:7', 'Deut 15:8', 'Deut 15:9', 'Deut 15:10', 'Deut 15:11', 'Deut 15:13', 'Deut 15:14', 'Deut 15:18'], writes [('Deut 15:1', 'debt_release_owed'), ('Deut 15:2', 'exaction_barred'), ('Deut 15:7', 'hand_shutting_barred'), ('Deut 15:8', 'hand_opening_commanded'), ('Deut 15:9', 'base_thought_barred'), ('Deut 15:10', 'work_of_the_hand_blessed'), ('Deut 15:13', 'empty_sending_barred'), ('Deut 15:14', 'furnishing_commanded'), ('Deut 15:18', 'work_of_the_hand_blessed'), ('Deut 15:19', 'firstling_sanctification_commanded')], pointer ['Deut 15:6'], state ['Deut 15:4'], open ['Deut 15:17', 'Deut 15:19']
THE VERSES NO ONE CITES (computed on the docket, printed before it is asserted): [15]
THE DATA ROWS (printed before they are asserted): 71 ['egypt_the_model', 'lend_not_borrow', 'the_altars_bar', 'the_awl_tool', 'the_blemish_class', 'the_blemished_in_the_gates', 'the_blemished_thirty_days', 'the_blessing_in_the_land'] …; the parameters 27 on file 27 + 2
THE SCENE (printed before it is asserted): ((1, 1, 1, 1, 1, 1, 1, 1, 1, 1, 1, 1, 1, 1, 1, 1, 1, 1, 1, 1, 1, 1, 1, 1, 1, 1, 1, 1, 1, 1, 1, 1, 1, 1, 1, 1, 1, 1, 1, 1, 1, 1, 1, 1, 1, 1, 1, 1, 1, 1, 1, 1, 1, 1, 1, 1, 1, 1, 1, 1, 1, 1, 1, 1, 1, 1, 1, 1, 1, 1, 1, 1, 1, 1, 1, 1, 1, 1, 1, 1, 1, 1), (1, 1, 1, 1, 1, 1, 1, 1, 1, 1, 1), 2, 17, 3, 1, 1, 1, (0, 0, 0, 0), 82, 0)
THE NARRATIVE (printed before it is asserted): (15, 0, 1, (11, 1), 0, 0, 0, 0) ['debt_release_owed', 'exaction_barred', 'blessings_for_hearing', 'hand_opening_commanded', 'hand_shutting_barred', 'base_thought_barred', 'work_of_the_hand_blessed', 'cry_heard', 'bears_sin', 'furnishing_commanded', 'empty_sending_barred', 'work_of_the_hand_blessed', 'firstling_sanctification_commanded', 'firstling_work_and_shearing_barred', 'holy_things_in_the_gates_barred']
guard: 53 expectations checked, every one a literal from the answer sheet [honest-pairing guard satisfied]
guard: 26 expectations checked, every one a literal from the answer sheet [honest-pairing guard satisfied]
probes: all 17 token probes fired  [zero-report law satisfied]

THE INK (printed before it is asserted): PARSE {3: ([7], [], []), 4: ([7], [1], []), 5: ([1], [], []), 8: ([6], [7], []), 9: ([7, 7], [], ['שבעת*']), 13: ([7], [], []), 15: ([7], [], []), 16: ([3], [], [])}, NUMV [3, 4, 5, 8, 9, 13, 15, 16], ORDV [4, 8], STARV [9], TOKN 334
THE CLOCK (printed before it is asserted): {'counter': (40, 11, 1), 'passover': (1, 14), 'passover_1': (1, 15), 'passover_7': {'from': 'passover_1', 'plus': 6}, 'atzeret': {'from': 'omer', 'plus': 49}, 'sukkot_1': (7, 15), 'omer_day': (1, 16), 'leap': {'position': 'after_month_12', 'length': 30}, 'threshold': 16, 'grounds': ['spring_grain', 'tree_fruit', 'season'], 'leap_by': ['count'], 'slots': ['evening', 'night', 'midnight', 'dawn', 'morning', 'noon', 'between_the_evenings', 'sunset'], 'between_the_evenings_from': 6.5, 'no_marker': True}
THE SCANS (printed before they are asserted): holes []; bribe ['israel_people']; burn ['aaron-and-sons']; place ['israel_people']; rejoice ['israel_people']; booths []; omer []; courts ['israel_people']; judges ['the_court']; appear ([], []); pillars (['the_pillar_of_bethel'], ['the_pillar_of_gilead']); pervert []
THE TWINS DIFFED (printed before they are asserted): {'16:1 vs Exod 34:18': 7, '16:1 vs Exod 23:15': 5, '16:4 vs Exod 13:7': 6, '16:4 vs Exod 34:25': 3, '16:6 vs Exod 12:6': 0, '16:8 vs Exod 13:6': 5, '16:9 vs Lev 23:15': 0, '16:11 vs 12:18': 13, '16:11 vs 16:14': 11, '16:12 vs 5:15': 5, '16:12 vs 24:18': 6, '16:16 vs Exod 34:23': 8, '16:16 vs Exod 23:17': 7, '16:17 vs 12:15': 6, '16:18 vs 1:16': 2, '16:19 vs Exod 23:8': 7, '16:20 vs 4:1': 6, '16:21 vs 7:5': 0, '16:22 vs 12:31': 2}
THE CALLEES (asserted from their prints): MO window after_midday, morrow festival, count 49, booths 7, the seventh servile_only; PS night only, until midnight / roasted only / burn on the 16th / invalid if not for its sake; CA male owes the three appearings; ER stand standing_liability_like_the_appearance_offering, amounts ('two_silver', 'maah'), made made_objects_not_the_ground; MU redress seven days of redress — Pesach's analogy; PN place the place which the LORD will ; OP charge the charge (1:16-17) — the six; ES sizes (71, 23); OR one-two merit_by_one_liability_by_two, bribe the_bribed_judges_eyes_dim / even_to_judge_truly; HO five 5; ST bribe takes no bribe (10:17) — Exodu; SN wood ['lashes']; CH keep keep and remember (5:12); JR three the three objects (33:52; PSH from Modi'im and beyond (fifteen mil)
THE READBACK (printed before it is asserted): rows 22, grades {'VARIANT': 9, 'EXPANDED': 2, 'SUPPLIED': 10, 'VERBATIM': 1}, on the tape 5, by CALL 22, supplied 10, with writes 14
THE NARRATIVE (printed before it is asserted): (16, 0, 1, (11, 1), 0, 0, 0, 0) ['passover_at_the_place_commanded', 'passover_in_the_gates_barred', 'leaven_with_the_passover_barred', 'flesh_till_morning_barred', 'seventh_day_assembly_commanded', 'weeks_at_the_place_commanded', 'booths_at_the_place_commanded', 'three_pilgrimages_commanded', 'empty_appearance_barred', 'judges_and_officers_commanded', 'judgment_wresting_barred', 'person_respecting_barred', 'bribe_barred', 'justice_pursuit_commanded', 'asherah_beside_the_altar_barred', 'pillar_barred']
guard: 66 expectations checked, every one a literal from the answer sheet [honest-pairing guard satisfied]
THE INK (printed before it is asserted): PARSE {(17, 2): ([1], [], []), (17, 6): ([2, 3, 1], [], [])}, NUMV [(17, 2), (17, 6)], ORDV [], STARV [], TOKN {17: 368, 18: 304}
THE NEGATIONS AND THE NAME (printed before they are asserted): {(17, 1): ['לא'], (17, 3): ['לא'], (17, 6): ['לא'], (17, 11): ['לא'], (17, 13): ['ולא'], (17, 15): ['לא', 'לא'], (17, 16): ['לא', 'ולא', 'לא'], (17, 17): ['ולא', 'ולא', 'לא'], (18, 1): ['לא'], (18, 2): ['לא'], (18, 9): ['לא'], (18, 10): ['לא'], (18, 14): ['לא'], (18, 16): ['לא', 'לא', 'ולא'], (18, 19): ['לא'], (18, 20): ['לא'], (18, 21): ['לא'], (18, 22): ['ולא', 'ולא', 'לא', 'לא']} 28
THE CLOCK (printed before it is asserted): {'counter': (40, 11, 1), 'no_marker': True, 'no_clock_datum': True}
THE SCANS (printed before they are asserted): holes []; hears ['israel_people']; false prophet ['israel_people']; inheritance ['aaron', 'the_levites']; kings ['jacob']; prophet ['abraham']; wholeness ['abraham']; courts ['israel_people']; judges ['the_court']; bribe ['israel_people']; stoned ['the_blasphemer', 'the_wood_gatherer']; put to death ['abiram', 'dathan', 'korach', 'the_lusters', 'the_ten_spies', 'the_two_hundred_fifty', 'the_wood_gatherer']; purged []; dues ['aaron']
THE TWINS DIFFED (printed before they are asserted): {'17:1 vs 15:21': 6, '17:4 vs 13:15': 9, '17:6 vs 19:15': 6, '17:7 vs 13:10': 7, '17:8 vs 1:17': 2, '17:11 vs 17:20': 1, '17:13 vs 13:12': 3, '17:17 vs 8:13': 3, '17:20 vs 8:14': 0, '18:2 vs 10:9': 8, '18:2 vs Num 18:20': 2, '18:5 vs 10:8': 3, '18:10 vs Lev 20:2': 0, '18:11 vs Lev 20:27': 1, '18:13 vs Gen 17:1': 1, '18:16 vs 5:25': 5, '18:17 vs 5:28': 5, '18:19 vs 13:4': 3, '18:22 vs 13:2': 0}
THE READBACK (printed before it is asserted): rows 42, grades {'SUPPLIED': 12, 'VARIANT': 22, 'EXPANDED': 5, 'VERBATIM': 2, 'SHORTENED': 1}, on the tape 11, by CALL 42, supplied 12, with writes 28
THE NARRATIVE (printed before it is asserted): (37, 0, 1, (11, 1), 0, 0, 0, 0) ['blemished_offering_barred', 'idolater_inquiry_required', 'two_witnesses_required', 'one_witness_barred', 'witnesses_hand_first_commanded', 'high_court_at_the_place_commanded', 'sentence_binding_commanded', 'turning_from_the_word_barred', 'king_from_the_brothers_commanded', 'foreign_king_barred', 'horses_multiplying_barred', 'return_to_egypt_barred', 'wives_multiplying_barred', 'silver_and_gold_multiplying_barred', 'law_copy_commanded', 'heart_lifting_barred', 'shoulder_cheeks_maw_owed', 'first_fleece_owed', 'priests_standing_chosen', 'levite_service_at_the_place_permitted', 'equal_portions_commanded', 'abominations_learning_barred', 'passing_through_fire_barred', 'diviner_barred', 'soothsayer_barred', 'augur_barred', 'sorcerer_barred', 'charmer_barred', 'ghost_consulting_barred', 'familiar_spirit_barred', 'necromancer_barred', 'wholeness_commanded', 'prophet_like_moses_promised', 'prophet_hearkening_commanded', 'word_required_of_the_hearer', 'false_word_test_declared', 'false_prophet_fear_barred']
guard: 88 expectations checked, every one a literal from the answer sheet [honest-pairing guard satisfied]
guard: 94 expectations checked, every one a literal from the answer sheet [honest-pairing guard satisfied]
guard: 63 expectations checked, every one a literal from the answer sheet [honest-pairing guard satisfied]
guard: 99 expectations checked, every one a literal from the answer sheet [honest-pairing guard satisfied]
probes: all 112 token probes fired  [zero-report law satisfied]

THE INK (printed before it is asserted): PARSE {(19, 2): ([3], [], []), (19, 3): ([3], [], []), (19, 5): ([1], [], []), (19, 7): ([3], [], []), (19, 9): ([3], [], []), (19, 11): ([1], [], []), (19, 15): ([1, 2, 3], [], ['שני^']), (19, 17): ([2], [], ['שני^']), (21, 15): ([2, 1, 1], [], ['שתי^', 'האחת#', 'והאחת#']), (21, 17): ([2], [], [])}, NUMV [(19, 2), (19, 3), (19, 5), (19, 7), (19, 9), (19, 11), (19, 15), (19, 17), (21, 15), (21, 17)], ORDV [], STARV [(19, 15), (19, 17), (21, 15)], TOKN {19: 332, 20: 316, 21: 354}
THE NEGATIONS AND THE NAME (printed before they are asserted): {(19, 4): ['לא'], (19, 6): ['לא'], (19, 10): ['ולא'], (19, 13): ['לא'], (19, 14): ['לא'], (19, 15): ['לא'], (19, 20): ['ולא'], (19, 21): ['ולא'], (20, 1): ['לא'], (20, 5): ['ולא'], (20, 6): ['ולא'], (20, 7): ['ולא'], (20, 8): ['ולא'], (20, 12): ['לא'], (20, 15): ['לא'], (20, 16): ['לא'], (20, 18): ['לא'], (20, 19): ['לא', 'לא'], (20, 20): ['לא'], (21, 1): ['לא'], (21, 3): ['לא', 'לא'], (21, 4): ['לא', 'ולא'], (21, 7): ['לא', 'לא'], (21, 14): ['לא', 'לא', 'לא'], (21, 16): ['לא'], (21, 18): ['ולא'], (21, 23): ['לא', 'ולא']} 22
THE CLOCK (printed before it is asserted): {'counter': (40, 11, 1), 'no_marker': True, 'no_clock_datum': True}
THE SCANS (printed before they are asserted): holes []; cities ['israel_people']; pity ['israel_people']; hears ['israel_people']; one witness ['israel_people']; two witnesses ['israel_people']; hand first ['israel_people']; abominations ['israel_people']; fear not ['isaac', 'israel_people', 'jacob', 'moses', 'yehoshua']; captive ['israel_people', 'lot', 'the_captives_of_midian']; spoil ['israel_people', 'the-sons']; boundary ['the_heap_and_pillar']; hanged ['the_baker']; buried ['aaron', 'abraham', 'deborah_the_nurse', 'isaac', 'jacob', 'miriam', 'rachel', 'sarah', 'the_lusters']; blood ['noach']; atoned ['aaron', 'israel_people', 'the-repentant', 'the_officers_of_the_host']; firstborn by the head ['esau', 'perez']; hated ['the-sons']; stoned ['the_blasphemer', 'the_wood_gatherer']; put to death ['abiram', 'dathan', 'korach', 'the_lusters', 'the_ten_spies', 'the_two_hundred_fifty', 'the_wood_gatherer']; purged []; flees []; dwells []; land polluted []; city devoted []; driven out []; lashes []
THE TWINS DIFFED (printed before they are asserted): {'19:1 vs 12:29': 8, '19:4 vs 4:42': 9, '19:4 vs Exod 21:13': 3, '19:6 vs Josh 20:5': 10, '19:8 vs 12:20': 6, '19:9 vs 11:22': 10, '19:13 vs 13:9': 4, '19:15 vs 17:6': 3, '19:15 vs Num 35:30': 1, '19:16 vs Exod 23:1': 2, '19:17 vs 17:9': 3, '19:19 vs 13:6': 3, '19:20 vs 13:12': 7, '19:21 vs Exod 21:24': 4, '20:1 vs 7:18': 6, '20:3 vs 6:4': 2, '20:3 vs 31:6': 5, '20:4 vs 1:30': 5, '20:5 vs 20:6': 11, '20:5 vs 20:7': 11, '20:17 vs Josh 9:1': 5, '21:1 vs 17:2': 7, '21:3 vs Num 19:2': 3, '21:4 vs Exod 13:13': 1, '21:5 vs 18:5': 7, '21:6 vs 21:4': 7, '21:9 vs 12:25': 5, '21:10 vs 20:1': 7, '21:11 vs Gen 29:17': 2, '21:14 vs 24:1': 4, '21:15 vs Gen 4:19': 3, '21:17 vs Gen 49:3': 0, '21:18 vs Jer 5:23': 2, '21:21 vs 13:12': 3, '21:21 vs 22:21': 5, '21:23 vs Gen 9:6': 3}
THE READBACK (printed before it is asserted): rows 64, grades {'SUPPLIED': 27, 'VARIANT': 30, 'EXPANDED': 6, 'SHORTENED': 1}, on the tape 17, by CALL 64, supplied 27, with writes 44
THE PARAMETERS AND THE DATA (printed before the count is typed): parameters 44, DATA rows 83
THE NARRATIVE (printed before it is asserted): (45, 0, 1, (11, 1), 0, 0, 0, 0) ['three_cities_separated_commanded', 'way_prepared_commanded', 'land_divided_in_three_commanded', 'three_more_cities_conditioned', 'manslayer_flight_permitted', 'murderer_extradition_commanded', 'murderer_pity_barred', 'innocent_blood_purge_commanded', 'landmark_removal_barred', 'two_or_three_witnesses_required', 'witnesses_inquiry_commanded', 'plotting_witness_talion_commanded', 'talion_pity_barred', 'war_fear_barred', 'priest_war_speech_commanded', 'officers_exemptions_commanded', 'fearful_exemption_commanded', 'captains_appointed_commanded', 'peace_call_commanded', 'tribute_service_commanded', 'siege_males_smitten_commanded', 'spoil_permitted', 'far_cities_scope_declared', 'nothing_alive_left_commanded', 'abominations_teaching_barred', 'fruit_tree_cutting_barred', 'siege_works_permitted', 'slain_found_measuring_commanded', 'heifer_neck_broken_commanded', 'priests_approach_commanded', 'elders_hands_washed_commanded', 'elders_declaration_commanded', 'innocent_blood_atoned', 'captive_wife_permitted', 'captive_mourning_month_commanded', 'captive_sale_barred', 'captive_release_commanded', 'firstborn_double_portion_commanded', 'firstborn_right_transfer_barred', 'rebellious_son_seized_commanded', 'rebellious_son_stoning_commanded', 'hanging_after_death_commanded', 'corpse_overnight_barred', 'same_day_burial_commanded', 'land_defilement_barred']
THE INK (printed before it is asserted): PARSE {(22, 12): ([4], [], []), (22, 19): ([100], [], []), (22, 22): ([2], [], ['שני#']), (22, 24): ([2], [], ['שני#']), (22, 29): ([50], [], []), (23, 3): ([], [10], []), (23, 4): ([], [10], []), (23, 9): ([], [3], []), (23, 17): ([1], [], []), (23, 19): ([2], [], ['שני#']), (24, 4): ([], [1], []), (24, 5): ([1], [], []), (25, 3): ([40], [], []), (25, 5): ([1], [], []), (25, 11): ([1], [], ['האחד#'])}, NUMV [(22, 12), (22, 19), (22, 22), (22, 24), (22, 29), (23, 17), (23, 19), (24, 5), (25, 3), (25, 5), (25, 11)], ORDV [(23, 3), (23, 4), (23, 9), (24, 4)], STARV [(22, 22), (22, 24), (23, 19), (25, 11)], TOKN {22: 437, 23: 339, 24: 327, 25: 260}
THE NEGATIONS AND THE NAME (printed before they are asserted): {(22, 1): ['לא'], (22, 2): ['לא', 'ולא'], (22, 3): ['לא'], (22, 4): ['לא'], (22, 5): ['לא', 'ולא'], (22, 6): ['לא'], (22, 8): ['ולא'], (22, 9): ['לא'], (22, 10): ['לא'], (22, 11): ['לא'], (22, 14): ['ולא'], (22, 17): ['לא'], (22, 19): ['לא'], (22, 20): ['לא'], (22, 24): ['לא'], (22, 26): ['לא'], (22, 28): ['לא'], (22, 29): ['לא'], (23, 1): ['לא', 'ולא'], (23, 2): ['לא'], (23, 3): ['לא', 'לא'], (23, 4): ['לא', 'לא'], (23, 5): ['לא'], (23, 6): ['ולא'], (23, 7): ['לא'], (23, 8): ['לא', 'לא'], (23, 11): ['לא', 'לא'], (23, 15): ['ולא'], (23, 16): ['לא'], (23, 17): ['לא'], (23, 18): ['לא', 'ולא'], (23, 19): ['לא'], (23, 20): ['לא'], (23, 21): ['לא'], (23, 22): ['לא'], (23, 23): ['לא'], (23, 25): ['לא'], (23, 26): ['לא'], (24, 1): ['לא'], (24, 4): ['לא', 'ולא'], (24, 5): ['לא', 'ולא'], (24, 6): ['לא'], (24, 10): ['לא'], (24, 12): ['לא'], (24, 14): ['לא'], (24, 15): ['ולא', 'ולא'], (24, 16): ['לא', 'לא'], (24, 17): ['לא', 'ולא'], (24, 19): ['לא'], (24, 20): ['לא'], (24, 21): ['לא'], (25, 3): ['לא'], (25, 4): ['לא'], (25, 5): ['לא'], (25, 6): ['ולא'], (25, 7): ['לא', 'לא'], (25, 8): ['לא'], (25, 9): ['לא'], (25, 12): ['לא'], (25, 13): ['לא'], (25, 14): ['לא'], (25, 18): ['ולא'], (25, 19): ['לא']} 26
THE CLOCK (printed before it is asserted): {'counter': (40, 11, 1), 'no_marker': True, 'no_clock_datum': True}
THE SCANS (printed before they are asserted): holes []; the kin counts {'pity_barred': 2, 'talion_pity_barred': 1, 'put_to_death': 7, 'stoned': 2, 'lashes': 0, 'pays': 1, 'exempt': 1, 'israel_hears_and_fears': 1, 'hanged': 1, 'buried': 9, 'sent_outside_the_camp': 2, 'firstborn_by_the_head': 2, 'inheritance_stayed_in_tribe': 1, 'blood_required': 1, 'bribe_barred': 1, 'judges_charged': 1, 'courts_established': 1, 'peace_call_commanded': 1, 'innocent_blood_purge_commanded': 1, 'evil_purged_from_the_midst': 0, 'levirate_owed': 2, 'waits_for_the_levir': 1, 'amalek_to_be_blotted': 1, 'amalek_weakened': 1, 'justice_pursuit_commanded': 1, 'judgment_wresting_barred': 1, 'person_respecting_barred': 1, 'forgetting_barred': 1, 'stricken_with_leprosy': 1, 'hand_opening_commanded': 1, 'cry_heard': 2, 'bears_sin': 1, 'work_of_the_hand_blessed': 2, 'blessings_for_hearing': 3, 'evil_speech_spoken': 2, 'cursing_barred': 1, 'house_abomination_barred': 1, 'interest_barred': 0, 'pledge_returned_by_sunset': 0, 'wage_due_by_morning': 0, 'left_for_the_poor': 0, 'mixture_barred': 0}; the entities {'pity_barred': ['israel_people'], 'talion_pity_barred': ['israel_people'], 'put_to_death': ['abiram', 'dathan', 'korach', 'the_lusters', 'the_ten_spies', 'the_two_hundred_fifty', 'the_wood_gatherer'], 'stoned': ['the_blasphemer', 'the_wood_gatherer'], 'lashes': [], 'pays': ['the_firstborn_of_israel'], 'exempt': ['the_levites', 'the_widow_of_zelophehad'], 'israel_hears_and_fears': ['israel_people'], 'hanged': ['the_baker'], 'buried': ['aaron', 'abraham', 'deborah_the_nurse', 'isaac', 'jacob', 'miriam', 'rachel', 'sarah', 'the_lusters'], 'sent_outside_the_camp': ['the_men_of_war', 'the_unclean_of_the_camp'], 'firstborn_by_the_head': ['esau', 'perez'], 'inheritance_stayed_in_tribe': ['the_daughters_of_zelophehad'], 'blood_required': ['noach'], 'bribe_barred': ['israel_people'], 'judges_charged': ['the_court'], 'courts_established': ['israel_people'], 'peace_call_commanded': ['israel_people'], 'innocent_blood_purge_commanded': ['israel_people'], 'evil_purged_from_the_midst': [], 'levirate_owed': ['onan', 'shelah'], 'waits_for_the_levir': ['tamar'], 'amalek_to_be_blotted': ['amaleq'], 'amalek_weakened': ['amaleq'], 'justice_pursuit_commanded': ['israel_people'], 'judgment_wresting_barred': ['israel_people'], 'person_respecting_barred': ['israel_people'], 'forgetting_barred': ['israel_people'], 'stricken_with_leprosy': ['miriam'], 'hand_opening_commanded': ['israel_people'], 'cry_heard': ['israel_people'], 'bears_sin': ['israel_people'], 'work_of_the_hand_blessed': ['israel_people'], 'blessings_for_hearing': ['israel_people'], 'evil_speech_spoken': ['aaron', 'miriam'], 'cursing_barred': ['balaam'], 'house_abomination_barred': ['israel_people'], 'interest_barred': [], 'pledge_returned_by_sunset': [], 'wage_due_by_morning': [], 'left_for_the_poor': [], 'mixture_barred': [], 'restores': [], 'unloading_owed': [], 'wife_taken': ['adah', 'asenath', 'basemath', 'bilhah', 'hagar', 'judith', 'keturah', 'leah', 'mahalath', 'milcah', 'rachel', 'rebekah', 'sarah', 'the_daughters_of_men', 'the_daughters_of_zelophehad', 'yokheved', 'zillah', 'zilpah', 'zipporah'], 'pledge_held': ['tamar'], 'loathed': ['the_moabites'], 'karet_cut_off': [], 'love_owed': ['israel_people']}
THE TWINS DIFFED (printed before they are asserted): {'24:16 vs 2Kgs 14:6': 12, '24:16 vs 2Chr 25:4': 10, '24:18 vs 15:15': 14, '24:22 vs 15:15': 13, '24:18 vs 24:22': 12, '24:1 vs 24:3': 8, '22:5 vs 25:16': 7, '23:3 vs 23:4': 11, '24:4 vs 21:23': 10, '25:15 vs 5:16': 8, '25:19 vs Exod 17:14': 6, '24:9 vs 25:17': 7, '23:5 vs 24:9': 4, '22:28 vs Exod 22:15': 7, '22:29 vs Exod 22:16': 1, '22:19 vs 22:29': 8, '22:1 vs 22:4': 7, '22:1 vs Exod 23:4': 3, '22:4 vs Exod 23:5': 3, '22:22 vs Lev 20:10': 1, '22:22 vs Gen 20:3': 2, '22:21 vs Gen 34:7': 1, '22:21 vs 21:21': 5, '22:24 vs 17:5': 5, '24:17 vs 16:19': 4, '24:17 vs Exod 23:6': 3, '24:15 vs 15:9': 7, '23:22 vs 15:9': 4, '23:22 vs Eccl 5:3': 5, '24:19 vs 14:29': 7, '24:19 vs Lev 19:9': 2, '24:21 vs Lev 19:10': 2, '24:14 vs Lev 19:13': 3, '25:5 vs Gen 38:8': 1, '25:5 vs Num 27:8': 4, '25:6 vs Gen 48:6': 3, '25:12 vs 19:21': 2, '25:12 vs 19:13': 3, '25:11 vs Exod 21:22': 2, '23:20 vs Exod 22:24': 2, '23:20 vs Lev 25:36': 1, '23:21 vs Lev 25:37': 1, '22:9 vs Lev 19:19': 3, '22:11 vs Lev 19:19': 2, '22:12 vs Num 15:38': 1, '23:1 vs Lev 18:8': 1, '23:2 vs Lev 21:20': 0, '23:2 vs Lev 22:24': 1, '23:18 vs Gen 38:21': 2, '23:19 vs 17:1': 6, '23:11 vs Lev 15:16': 1, '23:11 vs Num 5:2': 1, '23:17 vs Exod 22:20': 1, '24:5 vs 20:7': 3, '24:6 vs Exod 22:25': 1, '24:13 vs Exod 22:25': 1, '24:7 vs Exod 21:16': 2, '24:8 vs Lev 13:2': 1, '24:9 vs Num 12:10': 0, '25:3 vs Lev 19:20': 1, '25:4 vs Gen 13:7': 0, '25:13 vs Lev 19:35': 1, '25:15 vs Lev 19:36': 2, '25:17 vs Exod 17:8': 1, '25:19 vs 8:11': 3, '25:19 vs 25:6': 2, '24:1 vs 21:14': 4, '22:7 vs 5:16': 5, '22:10 vs 5:14': 1, '23:15 vs Lev 26:12': 0, '23:7 vs 20:10': 0, '23:4 vs 2:9': 1, '22:14 vs 19:16': 0, '25:1 vs 16:18': 1, '25:7 vs Ruth 4:1': 1, '25:9 vs Ruth 4:7': 1, '25:6 vs Ruth 4:10': 3, '25:19 vs 1Sam 15:2': 3, '25:9 vs 27:15': 1}
THE CALLEES (printed after they are asserted): OR return_it; M2 seducer: FETCH-50 (the pointer); HO ['corner', 'fallen_grapes']; HB routed_Deut_22_9; SA (15, 6); PR ['the_convert']; YV permitted; VW ['commanded']; NS no verdict in span; NG RELEASED; MT right_ear_ridge_righ; BH ['evil_speech_spoken']; BK ['cursing_barred']; ES open_to_deuteronomy_and_samuel; FA ['Deut 25:5', 'Num 27:8']; ZL ['levirate_owed']; JO ('FETCH-50', 4); PV abrahams_beasts_muzz; MK ['stoned']; SE ['accepted']; RW ['talion_pity_barred', 'pays']; CP ['barred_from_it']; FJ ['judgment_wresting_barred']; ST ['love_owed']; CH ['accepted']; SN ['accepted']; PN ['foreign_rite_inquiry_barred']; HI ['accepted']; L24 PAY-MONEY; GL [[], [], [], []]
THE READBACK (printed before it is asserted): rows 96, grades {'SUPPLIED': 39, 'EXPANDED': 26, 'VARIANT': 20, 'TURNED': 8, 'VERBATIM': 2, 'SHORTENED': 1}, on the tape 35, by CALL 96, supplied 39, with writes 20
THE EXAM ROWS (printed before they are asserted): 44 ['Bava Batra 5:10', 'Bava Batra 5:11', 'Bava Kamma 8:1', 'Bava Kamma 8:3', 'Bava Metzia 2:7', 'Bava Metzia 2:8', 'Bava Metzia 2:9', 'Bava Metzia 2:10', 'Bava Metzia 5:10', 'Bava Metzia 9:13', 'Berakhot 3:5', 'Chullin 12:2', 'Chullin 12:3', 'Gittin 2:4', 'Gittin 3:1', 'Gittin 8:1', 'Gittin 9:10', 'Ketubot 3:1', 'Ketubot 3:5', 'Ketubot 4:3', 'Kiddushin 1:1', 'Makkot 3:10', 'Makkot 3:15', 'Peah 4:6', 'Peah 6:6', 'Peah 7:2', 'Rosh Hashanah 1:1', 'Sanhedrin 3:4', 'Sanhedrin 11:1', 'Sotah 7:2', 'Sotah 8:4', 'Temurah 6:2', 'Temurah 6:3', 'Yevamot 1:1', 'Yevamot 2:1', 'Yevamot 3:9', 'Yevamot 4:13', 'Yevamot 8:2', 'Yevamot 8:3', 'Yevamot 10:1', 'Yevamot 12:1', 'Yevamot 12:3', 'Yevamot 12:6', 'Zavim 2:3']
THE DATA (printed before it is asserted): parameters 51 (with arms 21), rows 128
THE NARRATIVE (printed before it is asserted): (79, 0, 1, (11, 1), 0, 0, 0, 0) ['lost_thing_return_commanded', 'hiding_from_lost_thing_barred', 'fallen_beast_raising_commanded', 'cross_dressing_barred', 'mother_bird_sending_commanded', 'parapet_commanded', 'house_bloodguilt_barred', 'vineyard_mixed_seed_barred', 'ox_ass_plowing_barred', 'wool_linen_barred', 'tassels_commanded', 'slander_fine_commanded', 'slanderer_divorce_barred', 'unchaste_bride_stoning_commanded', 'adulterers_death_commanded', 'betrothed_girl_city_field_declared', 'rapist_fifty_commanded', 'rapist_divorce_barred', 'fathers_wife_barred', 'crushed_barred_from_assembly', 'forbidden_union_offspring_barred', 'ammon_moab_barred_forever', 'ammon_moab_peace_barred', 'edom_egypt_third_generation_admitted', 'camp_evil_thing_guarded', 'nocturnal_unclean_exit_commanded', 'camp_latrine_commanded', 'camp_holiness_required', 'escaped_slave_return_barred', 'slave_oppression_barred', 'cult_prostitution_barred', 'harlots_hire_dogs_price_barred', 'interest_to_brother_barred', 'interest_to_foreigner_permitted', 'vow_delay_barred', 'vow_refraining_permitted', 'lips_utterance_binding', 'laborer_eating_permitted', 'laborer_vessel_barred', 'sickle_swinging_barred', 'bill_of_divorce_commanded', 'divorced_wife_remarriage_permitted', 'first_husband_retaking_barred', 'land_caused_to_sin_barred', 'newlywed_year_exemption_commanded', 'millstone_pledge_barred', 'kidnapper_death_commanded', 'leprosy_priests_teaching_commanded', 'miriam_remembrance_commanded', 'pledge_entry_barred', 'poor_mans_pledge_return_commanded', 'righteousness_before_the_lord', 'hireling_oppression_barred', 'hireling_wage_same_day_commanded', 'fathers_for_sons_death_barred', 'stranger_orphan_justice_commanded', 'widows_garment_pledge_barred', 'forgotten_sheaf_commanded', 'olive_second_beating_barred', 'vineyard_gleaning_barred', 'court_justification_commanded', 'lashes_by_number_commanded', 'lashes_forty_cap_declared', 'brother_degradation_barred', 'ox_muzzling_barred', 'widow_outsider_marriage_barred', 'levirate_marriage_commanded', 'firstborn_on_dead_name_commanded', 'refusal_at_gate_declared', 'shoe_loosening_rite_declared', 'house_of_unshod_named', 'wife_seizing_hand_cut_commanded', 'hand_cutting_pity_barred', 'diverse_weights_barred', 'diverse_measures_barred', 'whole_just_weight_commanded', 'amalek_remembrance_commanded', 'amalek_memory_blotting_commanded', 'amalek_forgetting_barred']
THE INK (printed before it is asserted): PARSE {(26, 12): ([], [], ['לעשר*', 'מעשר*']), (28, 7): ([1, 7], [], []), (28, 25): ([1, 7], [], []), (28, 55): ([1], [], []), (28, 63): ([6], [], [])}, NUMV [(28, 7), (28, 25), (28, 55), (28, 63)], ORDV [], STARV [(26, 12)], TOKN {26: 319, 27: 326, 28: 994}
THE NEGATIONS AND THE NAME (printed before they are asserted): {(26, 13): ['לא', 'ולא'], (26, 14): ['לא', 'ולא', 'ולא'], (27, 5): ['לא'], (27, 26): ['לא'], (28, 12): ['לא'], (28, 13): ['ולא', 'ולא'], (28, 14): ['ולא'], (28, 15): ['לא'], (28, 27): ['לא'], (28, 29): ['ולא'], (28, 30): ['ולא', 'ולא'], (28, 31): ['ולא', 'ולא'], (28, 33): ['לא'], (28, 35): ['לא'], (28, 36): ['לא'], (28, 39): ['לא', 'ולא'], (28, 40): ['לא'], (28, 41): ['ולא'], (28, 44): ['לא'], (28, 45): ['לא'], (28, 47): ['לא'], (28, 49): ['לא'], (28, 50): ['לא', 'לא'], (28, 51): ['לא'], (28, 56): ['לא'], (28, 58): ['לא'], (28, 61): ['לא'], (28, 62): ['לא'], (28, 64): ['לא'], (28, 65): ['לא', 'ולא'], (28, 66): ['ולא'], (28, 68): ['לא']} 65
THE CLOCK (printed before it is asserted): {'counter': (40, 11, 1), 'no_marker': True, 'clock_data': ['the_first_fruits_window', 'the_confessions_hour', 'the_removal_date']}
THE SCANS (printed before they are asserted): holes []; the kin counts {'gerizim_ebal_ceremony_owed': 1, 'blessing_and_curse_set': 2, 'heavens_shut_for_turning': 1, 'treasured_people': 1, 'second_tithe_owed': 1, 'levite_forsaking_barred': 2, 'three_pilgrimages_commanded': 1, 'work_of_the_hand_blessed': 2, 'bribe_barred': 1, 'landmark_removal_barred': 1, 'stranger_orphan_justice_commanded': 1, 'fathers_wife_barred': 1, 'return_to_egypt_barred': 1, 'horses_multiplying_barred': 1, 'heaven_and_earth_witness': 5, 'forgetting_barred': 1, 'house_abomination_barred': 1, 'israel_hears_and_fears': 1, 'shema_commanded': 1, 'covenant_cut': 3, 'covenant_declared': 1, 'entered_the_covenant': 4, 'seed_as_stars': 3, 'enslaved': 2, 'cry_heard': 2, 'plague_struck': 13, 'molten_image_barred': 1, 'yoke_of_the_commandments_accepted': 1, 'bless_after_eating_commanded': 1, 'first_fleece_owed': 1, 'scattered_among_nations': 0, 'land_desolate': 0, 'chastised_sevenfold': 0, 'sabbath_debt': 0, 'put_to_death': 7, 'stoned': 2, 'terumah_of_the_tithe_owed': 1, 'tithe_granted': 1, 'confessed': 3, 'altar_built': 8}; the reuses {'rejoicing_before_the_lord_commanded': 4, 'poor_tithe_owed': 2, 'blessings_for_hearing': 3, 'rain_in_its_season': 2}; the entities {'gerizim_ebal_ceremony_owed': ['israel_people'], 'blessing_and_curse_set': ['israel_people'], 'heavens_shut_for_turning': ['israel_people'], 'treasured_people': ['israel_people'], 'second_tithe_owed': ['israel_people'], 'levite_forsaking_barred': ['israel_people'], 'three_pilgrimages_commanded': ['israel_people'], 'work_of_the_hand_blessed': ['israel_people'], 'rejoicing_before_the_lord_commanded': ['israel_people'], 'poor_tithe_owed': ['israel_people'], 'blessings_for_hearing': ['israel_people'], 'rain_in_its_season': ['israel_people'], 'covenant_offered': [], 'other_gods_barred': ['israel_people']}
THE TWINS DIFFED (printed before they are asserted): {'28:1 vs 28:15': 16, '28:1 vs 15:5': 14, '28:3 vs 28:16': 4, '28:4 vs 28:18': 8, '28:5 vs 28:17': 2, '28:6 vs 28:19': 4, '28:7 vs 28:25': 6, '28:36 vs 28:64': 8, '26:8 vs 5:15': 5, '26:9 vs Exod 3:8': 5, '27:3 vs 6:3': 8, '27:22 vs Lev 20:17': 6, '27:16 vs Exod 21:17': 2, '27:19 vs 24:17': 3, '27:20 vs 23:1': 4, '27:17 vs 19:14': 1, '28:53 vs 28:55': 7, '28:62 vs 26:5': 2, '28:63 vs 30:9': 2, '28:12 vs 15:6': 6, '28:30 vs 20:5': 2, '28:30 vs 20:6': 2, '28:30 vs 20:7': 3, '27:6 vs Josh 8:31': 4, '27:5 vs Exod 20:25': 3, '28:26 vs Jer 7:33': 7, '26:19 vs 28:1': 3, '28:69 vs Exod 34:28': 2, '28:22 vs Lev 26:16': 0, '28:23 vs Lev 26:19': 0}
THE CALLEES (sanctions.grade — the source's FORBIDDEN keys, printed before typed): ['menstruant', 'married_woman', 'neither_release_nor_levirate', 'exempt', 'second_degree', 'release_not_levirate', 'released', 'widow_to_high_priest', 'divorcee_to_priest', 'mamzeret', 'release_not_levirate', 'released', 'release_or_levirate']
THE CALLEES (holiness.conduct stumbling, printed before typed): {'v': 'the_blind_in_the_matter_banned', 'p': 'MOVE', 'why': '19:14 "before the BLIND put no stumbling block" — Sifra, Kedoshim, Section 2 14: the one blind IN THE MATTER — the corrupt-advice census', 'fx': ['given_to_the_heart']}
THE CALLEES (opening_speech began_to_expound, printed before typed): "began to expound (1:5) — the expound-root's two Torah seats (27:8's 'clearly' the other); the third teaching (Zevachim 115b:17); the king's reading (Sotah 7:8)"
THE CALLEES (printed after they are asserted): FT the removal's date (14:28) — t; RF the receipt's referent ahead (; BC ['gerizim_ebal_ceremony_owed']; SN ['accepted']; PN ['rejoicing_before_the_lord_commanded']; FJ ['three_pilgrimages_commanded']; PP ['stranger_orphan_justice_commanded', 'widows_garment_pledge_barred']; RW ['landmark_removal_barred']; SA neither_release_nor_levirate / stoning; M3 stoning; HO ['corner', 'fallen_grapes']; ST ['accepted']; CP ['law_copy_commanded']; OH serve wood and stone (4:28) — ; GL [[], [], []]; CH ['accepted']; HI ['accepted']; DC iron-touched stone disqualified; SB iron-touched stone disqualified; OR return_it; ES 4; KO ['due_to_priest']; CA bring to the house (; CK ['plea_made']; TC blessing / 5; NS the holy tongue (so/so); JO 70; PV 7; BR ['accepted']; PR [10, 12, 13]; CT touches_not_offers_not_shares; SE ['accepted']; JR ['commanded']; OS ['Deut 1:5', 'Deut 27:8']
THE READBACK (printed before it is asserted): rows 114, grades {'SUPPLIED': 39, 'EXPANDED': 11, 'VARIANT': 44, 'SHORTENED': 2, 'VERBATIM': 2, 'TURNED': 16}, on the tape 53, by CALL 114, supplied 39, with writes 59, state rows ['Deut 28:1', 'Deut 28:15'], pointer rows ['Deut 28:3', 'Deut 28:68']
THE EXAM ROWS (printed before they are asserted): 26 ['Bikkurim 1:1', 'Bikkurim 1:2', 'Bikkurim 1:3', 'Bikkurim 1:4', 'Bikkurim 1:5', 'Bikkurim 1:6', 'Bikkurim 1:8', 'Bikkurim 1:10', 'Bikkurim 2:4', 'Bikkurim 3:1', 'Bikkurim 3:4', 'Bikkurim 3:7', 'Bikkurim 3:8', 'Maaser Sheni 5:6', 'Maaser Sheni 5:10', 'Maaser Sheni 5:11', 'Maaser Sheni 5:12', 'Maaser Sheni 5:13', 'Maaser Sheni 5:14', 'Peah 1:1', 'Peah 4:11', 'Peah 8:5', 'Sotah 7:1', 'Sotah 7:2', 'Sotah 7:5', 'Terumot 11:3']
THE DATA (printed before it is asserted): parameters 19 (with arms 9), rows 36
THE NARRATIVE (printed before it is asserted): (96, 0, 1, (11, 1), 0, 0, 0, 0) ['first_fruits_basket_commanded', 'first_fruits_declaration_commanded', 'first_fruits_recital_commanded', 'first_fruits_set_before_altar_commanded', 'rejoicing_before_the_lord_commanded', 'tithe_removal_commanded', 'tithe_confession_commanded', 'tithe_in_mourning_barred', 'tithe_in_uncleanness_barred', 'tithe_for_the_dead_barred', 'poor_tithe_owed', 'statutes_this_day_commanded', 'israel_declared_the_lord_god', 'lord_declared_israel_treasure_people', 'high_above_all_nations_promised', 'holy_people_promised', 'great_stones_commanded', 'stones_plastered_written_commanded', 'whole_stones_altar_commanded', 'iron_on_altar_barred', 'ebal_offerings_commanded', 'law_written_very_plainly_commanded', 'rejoicing_before_the_lord_commanded', 'became_the_lords_people_this_day', 'hearken_and_do_commanded', 'six_tribes_on_gerizim_to_bless', 'six_tribes_on_ebal_for_the_curse', 'levites_loud_voice_commanded', 'image_maker_cursed', 'parent_dishonorer_cursed', 'landmark_mover_cursed', 'blind_misleader_cursed', 'judgment_perverter_cursed', 'fathers_wife_lier_cursed', 'beast_lier_cursed', 'sister_lier_cursed', 'mother_in_law_lier_cursed', 'secret_smiter_cursed', 'bribe_for_blood_taker_cursed', 'law_non_upholder_cursed', 'amen_answered_commanded', 'blessed_in_city_and_field', 'blessed_fruit_of_womb_ground_beast', 'blessed_basket_and_trough', 'blessed_coming_in_and_going_out', 'blessings_for_hearing', 'enemies_flee_seven_ways', 'storehouses_blessed', 'established_holy_people', 'peoples_fear_israel', 'heavens_good_treasure_opened', 'lend_not_borrow', 'head_not_tail', 'turning_aside_barred', 'rain_in_its_season', 'curses_for_not_hearkening', 'cursed_in_city_and_field', 'cursed_basket_and_trough', 'cursed_fruit_of_womb_ground_beast', 'cursed_coming_in_and_going_out', 'curse_confusion_rebuke_sent', 'pestilence_cleaving', 'consumption_fever_inflammation_sent', 'sword_blight_mildew_sent', 'heavens_brass_earth_iron', 'rain_turned_to_dust', 'smitten_before_enemies_seven_ways', 'carcass_food_for_birds', 'boil_of_egypt_hemorrhoids_scab_itch', 'madness_blindness_astonishment', 'wife_house_vineyard_taken', 'ox_ass_flock_taken', 'sons_daughters_given_to_another_people', 'fruit_eaten_by_unknown_nation', 'sore_boils_sole_to_crown', 'exiled_with_king_to_serve_wood_and_stone', 'astonishment_proverb_byword', 'seed_vines_olives_lost', 'sons_daughters_into_captivity', 'stranger_head_israel_tail', 'curses_pursue_until_destroyed', 'iron_yoke_on_neck', 'enemies_served_in_want', 'eagle_nation_devours', 'siege_in_all_gates_walls_fall', 'sons_flesh_eaten_in_siege', 'plagues_made_wonderful', 'diseases_of_egypt_returned', 'few_in_number_left', 'scattered_among_all_peoples', 'serving_wood_and_stone_among_nations', 'trembling_heart_no_rest', 'life_hanging_in_doubt', 'returned_to_egypt_in_ships', 'sold_and_none_buys', 'covenant_words_in_moab_declared']
THE TOKENS (printed before they are asserted): {29: 439, 30: 326, 31: 553}
THE INK (printed before it is asserted): PARSE {(29, 4): ([40], [], []), (29, 7): ([Fraction(1, 2)], [], ['ולחצי%']), (30, 9): ([6], [], []), (31, 2): ([120], [], []), (31, 10): ([7], [], ['שנים*']), (31, 20): ([], [], ['ושבע*'])}, NUMV [(29, 4), (29, 7), (30, 9), (31, 2), (31, 10)], ORDV [], STARV [(29, 7), (31, 10), (31, 20)], TOKN {29: 439, 30: 326, 31: 553}
THE NEGATIONS AND THE NAME (printed before they are asserted): {(29, 3): ['ולא'], (29, 4): ['לא', 'לא'], (29, 5): ['לא', 'לא'], (29, 13): ['ולא'], (29, 19): ['לא'], (29, 22): ['לא', 'ולא', 'ולא'], (29, 25): ['לא', 'ולא'], (30, 11): ['לא', 'ולא'], (30, 12): ['לא'], (30, 13): ['ולא'], (30, 17): ['ולא'], (30, 18): ['לא'], (31, 2): ['לא', 'לא'], (31, 6): ['לא', 'ולא'], (31, 8): ['לא', 'ולא', 'לא', 'ולא'], (31, 13): ['לא'], (31, 21): ['לא']} 53
THE CLOCK (printed before it is asserted): {'counter': (40, 11, 1), 'marker': (40, 12, 7), 'marker_verse': 'Deut 31:2', 'marker_at': 'Deut 31:1', 'days_walked': 36, 'clock_data': ['the_hakhel_time', 'the_death_date_of_moses', 'the_release_date']}
THE SCANS (printed before they are asserted): holes {'israel_people': [], 'yehoshua': [], 'moses': [], 'the_levites': []}; the kin counts {'other_gods_barred': 1, 'covenant_cut': 3, 'covenant_declared': 1, 'covenant_words_in_moab_declared': 1, 'confessed': 3, 'scattered_among_nations': 0, 'scattered_among_all_peoples': 1, 'land_desolate': 0, 'return_to_egypt_barred': 1, 'debt_release_owed': 1, 'three_pilgrimages_commanded': 1, 'appearance_owed': 0, 'booths_at_the_place_commanded': 1, 'law_copy_commanded': 1, 'king_from_the_brothers_commanded': 1, 'heart_circumcision_commanded': 1, 'stiffening_barred': 1, 'shema_commanded': 1, 'forgetting_barred': 1, 'israel_hears_and_fears': 1, 'song_sung': 1, 'love_owed': 1, 'blotted_from_the_book': 1, 'whored_after': 1, 'reprieve_of_a_hundred_and_twenty': 1, 'pillar_leads': 1, 'camp_moves_by_the_cloud': 2, 'fragments_in_the_ark': 1, 'tablets_delivered': 4, 'oath_sworn': 5, 'return_promised': 1, 'high_above_all_nations_promised': 1, 'blessings_for_hearing': 3, 'curses_for_not_hearkening': 1, 'few_in_number_left': 1, 'serving_wood_and_stone_among_nations': 1, 'exiled_with_king_to_serve_wood_and_stone': 1, 'plague_struck': 13, 'seed_as_stars': 3, 'witness_declared': 1, 'covenant_remembered': 1, 'great_nation_promised': 3, 'barred_from_the_land': 2}; the reuses {'entered_the_covenant': 4, 'became_the_lords_people_this_day': 2, 'heaven_and_earth_witness': 5, 'blessing_and_curse_set': 2, 'cleaving_commanded': 3, 'fear_not_promised': 6, 'glory_appeared': 7}; the entities {'other_gods_barred': ['israel_people'], 'covenant_cut': ['abraham', 'israel_people', 'the_earth'], 'covenant_declared': ['israel_people'], 'covenant_words_in_moab_declared': ['israel_people'], 'confessed': ['balaam', 'israel_people', 'moses'], 'scattered_among_nations': [], 'scattered_among_all_peoples': ['israel_people'], 'land_desolate': [], 'entered_the_covenant': ['israel_people'], 'became_the_lords_people_this_day': ['israel_people'], 'heaven_and_earth_witness': ['israel_people'], 'blessing_and_curse_set': ['israel_people'], 'cleaving_commanded': ['israel_people'], 'fear_not_promised': ['isaac', 'israel_people', 'jacob', 'moses', 'yehoshua'], 'glory_appeared': ['israel_people', 'the_tent_of_meeting'], 'barred_from_the_land': ['aaron', 'moses'], 'reprieve_of_a_hundred_and_twenty': ['the_generation_of_the_flood'], 'invested_office': ['aaron-and-sons', 'eleazar_son_of_aaron', 'pinchas', 'the-firstborn', 'the_levites', 'yehoshua'], 'plea_made': ['aaron', 'balak', 'caleb', 'hobab', 'israel_people', 'moses', 'the_sons_of_gad_and_reuben', 'yehoshua']}
THE TWINS DIFFED (printed before they are asserted): {'29:1 vs 5:1': 8, '29:23 vs 1 Kings 9:8': 9, '29:28 vs 28:58': 6, '29:28 vs 31:12': 6, '30:2 vs 4:30': 6, '30:6 vs 6:5': 7, '30:9 vs 28:11': 8, '30:9 vs 28:63': 2, '30:12 vs 30:13': 9, '30:15 vs 11:26': 2, '30:18 vs 4:26': 7, '30:19 vs 4:26': 7, '30:19 vs 31:28': 4, '31:2 vs 34:7': 5, '31:2 vs 3:27': 5, '31:2 vs Gen 6:3': 4, '31:6 vs 31:8': 7, '31:7 vs 31:23': 10, '31:7 vs 10:11': 7, '31:7 vs Josh 1:6': 11, '31:9 vs 31:22': 6, '31:10 vs 15:1': 3, '31:15 vs Num 12:5': 6, '31:15 vs Exod 33:9': 4, '31:16 vs Gen 47:30': 1, '31:23 vs Num 27:23': 1, '31:27 vs 9:13': 2, '31:29 vs 4:25': 5, '31:30 vs 32:44': 5, '29:22 vs Gen 19:24': 2, '29:4 vs 8:4': 2, '29:1 vs 31:1': 4, '31:1 vs Num 14:39': 7}
THE CALLEES' FACTS held: opening_speech, gad_reuben, good_land, exodus_story, covenant_at_horeb, hear_o_israel, seven_nations, obey_horeb, second_tablets, not_righteousness, blessing_and_curse, seducers, food_tithe, release_firstborn, festivals_judges, courts_prophet, firstfruits_ebal_curses, refuge_war_family, tochacha, yovel, calendar, moadim, musafim, mamre, primeval, family, erection, beha, chukat, journeys, vestments, shelach, place_name — thirty-three runners, every edge live at its cell
THE READBACK (printed before it is asserted): rows 78, grades {'SUPPLIED': 30, 'SHORTENED': 3, 'VARIANT': 40, 'TURNED': 2, 'EXPANDED': 2, 'VERBATIM': 1}, on the tape 58, by CALL 56, supplied 30, with writes 57, state rows ['Deut 30:15', 'Deut 30:17'], pointer rows ['Deut 31:10']
THE EXAM ROWS (printed before they are asserted): 7 ['Sotah 7:8', 'Berakhot 9:2', 'Avot 1:6', 'Sotah 11:3', 'Sotah 11:4', 'Sotah 11:2', 'Ketubot 5:8']
THE DATA (printed before it is asserted): parameters 13 (with arms 2), rows 37
THE NARRATIVE (printed before it is asserted): (68, 0, 5, (12, 7), 0, 0, 0, 1, [(11, 1), (12, 7)]) {'israel_people': ['covenant_words_keeping_commanded', 'standing_before_the_lord_this_day', 'covenant_oath_sworn_this_day', 'covenant_with_those_not_here', 'entered_the_covenant', 'became_the_lords_people_this_day', 'heart_turning_to_other_gods_barred', 'stubborn_self_blessing_barred', 'hidden_idolater_unpardoned', 'curses_of_the_book_on_the_idolater', 'name_blotted_from_under_heaven', 'separated_for_evil_from_all_tribes', 'land_brimstone_salt_like_sodom', 'nations_question_answered_covenant_forsaken', 'uprooted_and_cast_into_another_land', 'hidden_things_the_lords', 'revealed_things_ours_to_do', 'return_to_the_lord_the_condition', 'captivity_returned_on_return', 'gathered_from_all_the_peoples', 'gathered_from_the_end_of_heaven', 'brought_into_the_fathers_land_again', 'multiplied_above_the_fathers', 'heart_circumcised_by_the_lord', 'curses_put_on_the_enemies', 'return_and_hearken_and_do_commanded', 'abounding_in_fruit_of_body_cattle_ground', 'rejoiced_over_as_over_the_fathers', 'commandment_not_too_hard_nor_far', 'commandment_not_in_heaven_nor_beyond_the_sea', 'commandment_in_mouth_and_heart_to_do', 'life_and_death_set_before_israel', 'choose_life_commanded', 'living_and_multiplying_for_hearkening', 'perishing_for_turning_away', 'length_of_days_on_the_land_promised', 'heaven_and_earth_witness', 'blessing_and_curse_set', 'cleaving_commanded', 'joshua_to_cross_before_israel', 'nations_dispossessed_as_sihon_and_og_promised', 'be_strong_and_courageous_commanded', 'fear_not_promised', 'law_written_and_given_to_priests_and_elders', 'hakhel_reading_commanded', 'hakhel_assembly_of_all_commanded', 'hakhel_children_hear_and_learn_commanded', 'future_whoring_after_foreign_gods_foretold', 'covenant_breaking_foretold', 'face_hidden_and_forsaken_foretold', 'evils_and_troubles_befall_foretold', 'song_writing_commanded', 'song_taught_and_put_in_mouths_commanded', 'song_a_witness_against_israel', 'song_written_and_taught_by_moses', 'book_a_witness_against_israel', 'elders_and_officers_assembled_commanded', 'corruption_after_moses_death_foretold', 'song_spoken_to_the_assembly_to_its_end', 'heaven_and_earth_witness'], 'yehoshua': ['joshua_charged_to_bring_israel_in', 'fear_not_promised', 'joshua_commissioned_to_bring_israel_in', 'lord_with_joshua_promised'], 'moses': ['moses_days_approach_to_die', 'moses_to_sleep_with_the_fathers'], 'the_levites': ['book_of_the_law_beside_the_ark_commanded'], 'the_tent_of_meeting': ['glory_appeared']} [{'verse': 'Deut 31:1', 'value': 'a hundred and twenty years old this day (31:2) — the last day of Moses: the year from the ink (Exodus 7:7 — eighty at the exodus, plus the forty years), the month and the day from the answer sheet (the 7th of Adar — Tosefta Sotah 11:3); the counter moves from (40, 11, 1) at 1:3 for the first time in the book; positioned at 31:1 (Genesis 7:1 the precedent)', 'retrograde': False, 'placement': 'reading_placed'}]
THE TOKENS (printed before they are asserted): {32: 615}
THE INK (printed before it is asserted): PARSE {(32, 15): ([8], [], []), (32, 30): ([1, 1002], [], ['אחד|'])}, NUMV [(32, 15), (32, 30)], ORDV [], STARV [(32, 30)], TOKN {32: 615}
THE NEGATIONS AND THE NAME (printed before they are asserted): {(32, 5): ['לא'], (32, 6): ['ולא'], (32, 17): ['לא', 'לא', 'לא'], (32, 20): ['לא'], (32, 27): ['ולא'], (32, 30): ['לא'], (32, 31): ['לא'], (32, 47): ['לא'], (32, 51): ['לא'], (32, 52): ['לא']} 7
THE CLOCK (printed before it is asserted): {'counter': (40, 12, 7), 'marker': None, 'marker_verse': None, 'marker_at': None, 'days_walked': 0, 'the_day_by': "19b's marker at Deut 31:1 (the number's verse 31:2) — the_death_date_of_moses on the calendar's keys", 'clock_data': ['the_death_date_of_moses']}
THE SCANS (printed before they are asserted): holes {'israel_people': [], 'yehoshua': [], 'moses': []}; the kin counts {'barred_from_the_land': 2, 'gathered_to_his_people': 6, 'became_the_lords_people_this_day': 2, 'lord_declared_israel_treasure_people': 1, 'treasured_people': 1, 'other_gods_barred': 1, 'manna_provided': 1, 'water_from_the_rock': 2, 'eagle_nation_devours': 1, 'few_in_number_left': 1, 'scattered_among_all_peoples': 1, 'serving_wood_and_stone_among_nations': 1, 'sold_and_none_buys': 1, 'sons_flesh_eaten_in_siege': 1, 'pestilence_cleaving': 1, 'sword_blight_mildew_sent': 1, 'trembling_heart_no_rest': 1, 'plagues_made_wonderful': 1, 'innocent_blood_atoned': 1, 'two_witnesses_required': 1, 'two_or_three_witnesses_required': 1, 'one_witness_barred': 1, 'witnesses_inquiry_commanded': 1, 'plotting_witness_talion_commanded': 1, 'song_sung': 1, 'song_writing_commanded': 1, 'song_taught_and_put_in_mouths_commanded': 1, 'song_a_witness_against_israel': 1, 'song_written_and_taught_by_moses': 1, 'song_spoken_to_the_assembly_to_its_end': 1, 'book_a_witness_against_israel': 1, 'future_whoring_after_foreign_gods_foretold': 1, 'covenant_breaking_foretold': 1, 'evils_and_troubles_befall_foretold': 1, 'corruption_after_moses_death_foretold': 1, 'moses_to_sleep_with_the_fathers': 1, 'moses_days_approach_to_die': 1, 'joshua_commissioned_to_bring_israel_in': 1, 'land_brimstone_salt_like_sodom': 1, 'hidden_things_the_lords': 1, 'shema_commanded': 1, 'hakhel_children_hear_and_learn_commanded': 1, 'serpents_sent': 1, 'healed': 2, 'atoned_forgiven': 7, 'sevenfold_vengeance': 1, 'blood_required': 1, 'scattered': 1, 'building_ceased': 1, 'no_share_in_the_world_to_come': 3, 'only_noah_remained': 1, 'famine': 3, 'rain_in_its_season': 2, 'heavens_good_treasure_opened': 1, 'curses_of_the_book_on_the_idolater': 1, 'hidden_idolater_unpardoned': 1, 'heart_turning_to_other_gods_barred': 1, 'enemies_flee_seven_ways': 1, 'smitten_before_enemies_seven_ways': 1, 'nations_dispossessed_as_sihon_and_og_promised': 1, 'holy_people_promised': 1, 'established_holy_people': 1}; the reuses {'heaven_and_earth_witness': 5, 'face_hidden_and_forsaken_foretold': 2, 'length_of_days_on_the_land_promised': 2}; the entities {'barred_from_the_land': ['aaron', 'moses'], 'gathered_to_his_people': ['aaron', 'abraham', 'isaac', 'ishmael', 'jacob', 'moses'], 'became_the_lords_people_this_day': ['israel_people'], 'lord_declared_israel_treasure_people': ['israel_people'], 'treasured_people': ['israel_people'], 'other_gods_barred': ['israel_people'], 'manna_provided': ['israel_people'], 'water_from_the_rock': ['israel_people'], 'heaven_and_earth_witness': ['israel_people'], 'face_hidden_and_forsaken_foretold': ['israel_people'], 'length_of_days_on_the_land_promised': ['israel_people'], 'garments_transferred_and_aaron_died': [], 'invested_office': ['aaron-and-sons', 'eleazar_son_of_aaron', 'pinchas', 'the-firstborn', 'the_levites', 'yehoshua'], 'song_spoken_to_the_assembly_to_its_end': ['israel_people']}
THE TWINS DIFFED (printed before they are asserted): {'32:36 vs Ps 135:14': 7, '32:49 vs Num 27:12': 10, '32:45 vs 31:1': 7, '32:46 vs 31:12': 8, '32:47 vs 11:9': 5, '32:48 vs Gen 7:13': 3, '32:48 vs Exod 12:41': 3, '32:44 vs 31:30': 5, '32:44 vs Num 13:16': 4, '32:51 vs Num 27:14': 4, '32:51 vs Num 20:12': 4, '32:50 vs Num 20:28': 2, '32:1 vs 31:28': 2, '32:1 vs 4:26': 2, '32:1 vs Isa 1:2': 0, '32:11 vs Exod 19:4': 1, '32:15 vs 31:20': 0, '32:20 vs 31:17': 3, '32:17 vs 29:25': 3, '32:8 vs Gen 11:8': 0, '32:24 vs Lev 26:22': 0, '32:30 vs Lev 26:8': 1, '32:30 vs Josh 23:10': 3, '32:32 vs 29:22': 1, '32:39 vs 6:4': 0, '32:43 vs Num 35:33': 1, '32:52 vs 34:4': 3, '32:49 vs 3:27': 2, '32:13 vs 8:15': 0, '32:21 vs 28:49': 0, '32:27 vs 9:28': 3, '32:12 vs Num 23:9': 0, '32:6 vs Exod 15:16': 1}
THE CALLEES' FACTS (printed before they are asserted — 129):
  FACT OH_CHAIN = {'this_chapter': 'Deut 4:26', 'the_chain': ['Deut 4:26', 'Deut 30:19', 'Deut 31:28', 'Deut 32:1']}
  FACT OH_HOST = "the host apportioned (4:19) — with 29:25 by the Sifrei 148:8's pair; Rav's reading (Avodah Zarah 55a): a DATA note, no link of our own"
  FACT OH_WIT = "the case head (4:25) — THE CHAPTER'S ONE CASE: 'when' with the imperfect; the arms DATA; the exile hastened by two years (Gittin 88a)"
  FACT CR_SATED = "when they eat and are sated and grow fat and turn (31:20) — satiety before rebellion, 8:12-14's kin (good_land — the growth's list (8:12-13) — ), the
  FACT CR_HIDE = "My anger kindled, I will forsake them and hide My face (31:17) — Onkelos's Shekhinah removed, the face hidden the negative arm of the tent's glory (t
  FACT CR_SPOKE = "Moses spoke the words of this song in the ears of all the assembly, to their end (31:30) — the song's frame opened, 32:44's closing frame ahead with 
  FACT CR_LIFE = "choose life, love, hearken and cleave — the length of days (30:19-20) — the chapter's one imperative on the pair (the Sifrei 53:1's two ways), the cl
  FACT CR_AHEAD = {'the_text': "Deut 32:1-43 — sitting 20's reading and its compile", 'the_closing_frame': "Deut 32:44 — 'and Moses came and spoke all the words of this
  FACT CR_GIFTS = "THREE GIFTS BY THREE MERITS — the well by Miriam's, the pillar of cloud by Aaron's, the manna by Moses': Miriam died, the well ceased and returned by
  FACT CR_DEATH = "THE SEVENTH OF ADAR OF THE FORTIETH YEAR — the year the ink's (Exodus 7:7's eighty at the exodus + the forty years = the hundred and twentieth), the 
  FACT CR_STATE = {'the_settings_of_one_state': ['Deut 11:26-28 (a blessing and a curse)', "Deut 28:1 / 28:15 (the hearkening — 18b's state row)", 'Deut 30:15-18 (life 
  FACT CR_WITS = {'heaven_and_earth': ['Deut 4:26', 'Deut 30:19', 'Deut 31:28', 'Deut 32:1'], 'the_song': 'Deut 31:19, 31:21 — song_a_witness_against_israel', 'the_boo
  FACT GL_WILD = "the great and terrible wilderness (8:15) — 1:19's phrase (the two seats of the wilderness; five the God and the day): opening_speech's readback row 1
  FACT GL_FLINT = "the rock of flint (8:15) — 'who brought you water out of the rock of flint': Exodus' rock-word (17:6 — the tape's rock_struck) with the flint added (
  FACT GL_MANNA = "the manna to do you good (8:16) — 'who fed you manna … to humble you and to test you, to do you good in your end': 8:3's doublet with the purpose sup
  FACT GL_FORGET = "if you surely forget (8:19) — the infinitive absolute, the forget-lemma's one such form in the Bible; the case token 'if' with 'and it shall be'; the
  FACT GL_ROCKS = {'exodus': "Exodus 17:6 'you shall strike THE ROCK (tzur)' — 8:15's word, with the flint (the lemma 6697 at both)", 'numbers': "Numbers 20:8-11 'speak
  FACT GL_HONEY = {'the_verse': "'a land of olive oil and honey' (8:8) — 'flowing with milk and honey' twenty seats in the Bible, none in the chapter; the honey the FRU
  FACT GL_R = []
  FACT ES_TREASURE = 4
  FACT ES_TEN = 10
  FACT ES_BIRTH = (12, 7)
  FACT RW_ONE = "one witness for any iniquity (19:15) — the general rule from the particular (I3): in capital cases, money, offerings and lashes one witness stands no
  FACT PP_NEST = 'the hovering mother, even one fledgling, the return even five times, the mother taken and the young sent'
  FACT PP_VINE = "routed here from Leviticus 19:19's cell — the institution's seat; Kilayim's parameters owed"
  FACT CP_TWO = "two witnesses for every death (17:6) — 'shall the dead die' every capital case, men not women (the Sifrei 150:1, 190:3; refuge's two_by_the_prototype
  FACT CP_SEVEN = "the seven investigations (17:4) — 'well' 'well' the analogy with 13:15 at three verses: the seven investigations, the probes, the contradiction rule 
  FACT CP_ACTS = "the three acts and the associator (17:3) — the goer, the server, the bower each liable; the associator by 28:14; the host not apportioned (the Sifrei
  FACT RF_ONE = 'two_by_the_prototype'
  FACT RF_ATONE = 'by_the_shedders_blood'
  FACT RF_TABLE = 'computed_from_the_tokens'
  FACT RF_RANSOM = 'refused_twice'
  FACT OR_KEYS = []
  FACT CK_DATES = 'Aaron (40, 5, 1) by the ink, aged 123; Miriam the tenth of Nisan by the shelf; Moses the seventh of Adar (33:38-39; Seder Olam 10:2)'
  FACT CK_SUCC = 'the garments to Eleazar and the office with them — Exod 29:29-30 run at Mount Hor (20:26-28)'
  FACT CK_AGE = 'Aaron 123 at his death (33:39 — [123])'
  FACT CK_SENT = "barred from the land — Moses and Aaron; Aaron's closed at 20:28, Moses' at Deut 34 (20:12)"
  FACT CK_SEATS = 'Meribah at 6 seats — Exod 17:7 the first, Num 20:13 the second (computed)'
  FACT CK_KISS = 'Miriam too by the kiss — "there" / "there" with Deut 34:5 (Bava Batra 17a)'
  FACT CK_DIED = 'died for their sin — had they believed, their time had not come (Shabbat 55b; Yoma 87a)'
  FACT OS_MTN = "the mountain of Abarim (27:12) — Nebo and Pisgah its other names (34:1 one mountain): Deuteronomy 3:27's Pisgah the retelling of this command, READ B
  FACT OS_SENT = "Meribah cited (27:14) — 20:12's sentence pointed to, the barred entry on Moses OPEN read (CK by CALL); no second write"
  FACT OS_RECEIPT = "the receipt (27:22-23) — 'as the LORD commanded him': the commission's debit closed by its run, the register seat Num 27:22 CLOSE"
  FACT OS_DEBIT = 'the debit (27:12) — see the land from Abarim: commanded on Moses, OPEN to Deuteronomy 34:1-4; 3:27 reads it back with Pisgah'
  FACT OS_OG = 'Og turned (3:1-3) — 21:33-35 with the persons shifted (we for they; to me for to Moses): TURNED, the five shifts computed; fear_not_promised on Moses
  FACT JR_DATE = "Aaron died on (40, 5, 1) (33:38) — the tape's marker at 20:28, built from this verse; the ordinal reader's year and month"
  FACT JR_AGE = "Aaron 123 at his death (33:39) = Exodus 7:7's 83 + 40; Moses 120 = 80 + 40 — the brothers three years apart at both ends, the ink's checksum"
  FACT JR_NOWRITE = "no write for 33:38-40 — the death and the hearing are the tape's 20:28 and 21:1 lines, checkpointed, not rewritten"
  FACT JR_ADAR = "Moses' seventh of Adar — computed backward from the tenth of Nisan (Kiddushin 38a:5-6); born and died the same day, a hundred and twenty exact (38a:7
  FACT JR_KISS = "by the mouth of the LORD at the death (33:38) — the kiss (Bava Batra 17a:3); the chukat runner's row death_by_the_kiss by CALL"
  FACT JR_FOUR = ['Exod 24:4', 'Num 33:2', 'Deut 31:9', 'Deut 31:22']
  FACT JR_DD = (40, 5, 1)
  FACT JR_AARON = 123
  FACT ST_THERE = "there Aaron died (10:6) — the tape's garments_transferred_and_aaron_died (Num 20:28, date (40, 5, 1), age 123 — CK.edom_and_hor by CALL) by kind: the
  FACT ST_PLACE = "the place of the death — Moserah in the retelling (10:6), Mount Hor on the tape (Num 20:28, 33:38): an OPEN row inside the burial line's field; the r
  FACT PV_KEYS = []
  FACT PS_KEYS = []
  FACT MA_KEYS = []
  FACT FA_KEYS = []
  FACT BK_KEYS = ['altars_total', 'aramean_woman', 'atone_tense', 'balaam_and_the_ass', 'balaam_blind', 'balaam_death', 'balaam_disciples', 'balaam_share']
  FACT BH_GIFTS = 'the well, the cloud, the manna — three gifts by three shepherds'
  FACT BH_TASTE = 'by age — bread, oil, honey'
  FACT BH_FORM = 'by rank — baked, cakes, raw'
  FACT SH_NAME = 'Hoshea to Joshua at 13:16 — the new name at 8 seats before it, the old at Deut 32:44 (the same man)'
  FACT NR_LAND = "lest the land say (9:28) — THE TAUNT'S FOUR FORMS (Exod 32:12, Num 14:16, Deut 1:27, 9:28); 'not able' the feminine noun kept from Numbers 14:16 (Ber
  FACT NR_TRIALS = 'the ten trials (Avot 5:4; Arakhin 15a:14; ES.trials by CALL) — four of the ten in the chapter (Massah, Kibroth, the calf, Kadesh); Taberah outside th
  FACT SN_HOLY = "a holy people (7:6) — 19:5-6's treasure and holy nation read back with 14:2 the pair; treasured_people stands (ES by CALL); the readback row EXPANDED
  FACT SN_CHOSE = "chose you (7:6-7) — the choice of the people after 4:37's choice of the fathers' seed (OH by CALL); 'set his love' the captive's and Shechem's word"
  FACT SN_FEW = "the fewest (7:7) — 'not because you were more': the humblest, on the shelf (Chullin 89a); Onkelos 'the smallest': a DATA row, no write"
  FACT SN_OATH = 'the oath (7:8) — the noun starred by the parser, the swearing no number; the three lines on the tape (MA and JS by CALL); the pointers at 7:8, 7:12, 
  FACT HI_ONE = "the LORD is one (6:4) — the two seats of the pair (6:4, Zechariah 14:9); the numeral the parser's [1]; the large letters a parked hypothesis"
  FACT HI_TEACH = "teach your sons (6:7) — the father's duty to teach Torah, the disciples 'sons' (the Sifrei 34:1; Kiddushin 29a-30b); sharp in the mouth (30a)"
  FACT HI_TIMES = {'evening_from': 'when the priests enter to eat their terumah (the stars)', 'evening_until': {'r_eliezer': 'the end of the first watch', 'the_sages': 
  FACT BC_RAIN = {'mention_from': "the last festival day of Sukkot — the eighth day of assembly (R. Yehoshua; Mishnah Ta'anit 1:1-2 through Ta'anit 2a:1-3; R. Eliezer 
  FACT BC_ASKS = ['all_the_commandment', 'the_oath_to_the_fathers', 'not_like_egypt', 'drinks_by_the_rain_of_heaven', 'the_land_watered_first', 'the_eyes_from_the_year
  FACT FE_EAGLE = "a nation from the end of the earth as the eagle flies (28:49-50) — the eagle's three seats in the book; a tongue not understood: THE WRITE eagle_nati
  FACT FE_MEASURE = 'the corner, the first fruits, the appearing, the acts of kindness and the study of Torah — the five things without measure'
  FACT FE_SIX = {'28:63': "the parser's [6] is the verb 'rejoiced' — the numeral's consonants; the Aramaic 'rejoiced' settles it; 30:9's twin ahead"}
  FACT FE_FIRST_ASKS = ['when_you_come_into_the_land_and_dwell_in_it', 'the_first_of_all_the_fruit_in_a_basket_to_the_place', 'i_declare_this_day_to_the_priest', 'the_recita
  FACT TC_KEYS = []
  FACT SE_ASKS = ['the_inciters_kin', 'entice_two_senses', 'the_entrapment', 'the_fifteen_utterances', 'the_five_prohibitions', 'the_courts_rule_inverted']
  FACT DC_KEYS = []
  FACT CH_FOUR = "hear, learn, keep, do (5:1) — the second speech opened: Moses' call to all Israel, the four verbs in order; the frame's second seat, no write"
  FACT NS_ORDER = 'drink_then_offer'
  FACT IS_KEYS = []
  FACT FJ_WHO = "who appears (16:16) — all obligated except the twelve exempt, the minor by the father's shoulders (Shammai) or hand (Hillel) — Mishnah Chagigah 1:1 r
  FACT FJ_EMPTY = "not empty (16:16) — the appearance offering owed at the appearing (the Sifrei 143:8; erection.repeats standing_liability_like_the_appearance_offering
  FACT FJ_HAND = 'the gift of the hand (16:17) — many eaters and little property: many peace offerings and few burnt; the reverse reversed; both few the minimums; both
  FACT HL_ASKS = []
  FACT VW_SUBS = 'nations_words_yochanan'
  FACT VW_KONAM = 'any_amount'
  FACT VW_SAGE = 'expert_alone_or_three_laymen'
  FACT FT_SONS = {'r_yehuda': 'sons when you act as sons (the Sifrei 96:9; Kiddushin 36a:11)', 'r_meir': 'sons either way, by four verses (36a:12-14; Hosea 2:1)', 'avo
  FACT GR_GRAVE = 'reubens_nebo_gads_field'
  FACT BR_LAND = "the land of Canaan (34:2) read as a title claim (Sanhedrin 91a:6) — the tape's answer canaan's status since Genesis 9:25"
  FACT ER_KEYS = []
  FACT SA_ASKS = []
  FACT V5_KEYS = ['claim_forms', 'ram_floor']
  FACT MD_KEYS = []
  FACT MK_LABOR = 'detaching'
  FACT FA_TESTAMENT = 5
  FACT OR_WITNESS = 'robbers_disqualified'
  FACT PP_NEST_ASK = "the nest before you (22:6-7) — the chance nest, not the prepared; the mother hovering with her wings on the nest; even one fledgling or one egg; SEND
  FACT RF_WITNESSES = "the witnesses (35:30) — two by the prototype (the Sifrei 161:1); one witness not to convict, but to acquit (Sanhedrin 33b:15); the ninth commandment'
  FACT PV_ONE_LANGUAGE = 1
  FACT PV_PELEG = 'eber_a_great_prophet'
  FACT PV_FLOOD_150 = 150
  FACT PV_READING_ROW = 'reprieve'
  FACT PS_SEVEN = {'commanded': 'courts', 'the_LORD': 'blasphemy', 'God': 'idolatry', 'on_the_man': 'bloodshed', 'saying': 'unions', 'of_every_tree': 'not_robbery', 'su
  FACT MA_LOT = 'abrahams_house'
  FACT MA_THREE = 3
  FACT BK_MOST_HIGH = "'knows the knowledge of the Most High' = fixes the moment of God's anger (one 58,888th of an hour) — Berakhot 7a; Avodah Zarah 4b"
  FACT SH_DECREE_TRIALS = "10 — 'these ten times' (14:22; Pirkei Avot 5:4); the ledger's count graded at CF6"
  FACT BC_WATER_ASK = "drinks by the rain of heaven (11:11) — the one seat; THE SOURCE OF RAIN A DISPUTE on the shelf (R. Eliezer the ocean sweetened in the clouds; R. Yeho
  FACT TC_MEAS = None
  FACT SE_INCITER_KIN = "the inciter's kin (13:7) — the brother by the father, the mother's son, the son and the daughter of any kind, the betrothed and the married, the conv
  FACT DC_VAIN_OATH = 'lashes'
  FACT NS_SOTAH_CONDITIONS = 'six: lain with, hidden, secreted, defiled, no witness, not seized'
  FACT IS_RANSOM = ['Deut 21:8', 'Exod 21:30', 'Exod 29:33', 'Exod 30:12', 'Num 35:31', 'Num 35:32']
  FACT HL_KINDS = ['corner', 'fallen_grapes', 'gleanings', 'small_clusters']
  FACT VW_MAN = "a law relayed in Moses' voice — this is the thing which the LORD commanded, for all generations"
  FACT FT_SONS_ASK = "the sonship's arms (14:1) — R. Yehuda: sons when you act as sons; R. Meir: sons either way, by four verses (the Sifrei 96:9; Kiddushin 36a:11-14; Avo
  FACT GR_CHARGE = "our little ones, our wives, our cattle and all our beasts (32:26) — Moses' order held; the retellings 'your wives, your little ones, your cattle' (De
  FACT ER_MOLTEN = 4
  FACT ER_TWELVE_MIL = 'students_travel_a_fortiori'
  FACT SA_BURNED = ['R._Yishmael_him_and_one', 'R._Akiva_both', 'Onkelos_plural']
  FACT V5_MEILAH = 'no offering'
  FACT MD_SUKKOT = None
  FACT MK_LABOR_ASK = "detaching (the baraita; the Sifrei's own word) — capital"
THE READBACK (printed before it is asserted): rows 52, grades {'SUPPLIED': 16, 'VERBATIM': 23, 'SHORTENED': 8, 'VARIANT': 5}, on the tape 29, by CALL 40, supplied 16, with writes 40, state rows ['Deut 32:30'], pointer rows []
THE EXAM ROWS (printed before they are asserted): 26 ['Avodah Zarah 3:4', 'Avot 3:6', 'Avot 5:1', 'Avot 5:6', 'Avot 6:9', 'Avot 6:10', 'Berakhot 1:1', 'Berakhot 2:2', 'Berakhot 7:1', 'Berakhot 8:8', 'Chagigah 1:8', 'Kilayim 3:2', 'Nedarim 1:2', 'Peah 1:1', 'Peah 3:2', 'Sanhedrin 3:5', 'Sanhedrin 5:2', 'Sanhedrin 9:1', 'Shevuot 7:5', 'Sotah 1:7', 'Sotah 9:9', 'Arakhin 1:4', 'Avodah Zarah 9:4', 'Peah 1:1', 'Peah 1:2', 'Peah 1:3']
THE DATA (printed before it is asserted): parameters 25 (with arms 6), rows 45
THE NARRATIVE (printed before it is asserted): (45, 0, 3, (12, 7), 0, 0, 0, 0, [(12, 7)]) {'israel_people': ['doctrine_as_rain_and_dew_likened', 'name_of_the_lord_proclaimed_greatness_ascribed', 'the_rock_perfect_and_just_declared', 'heaven_and_earth_witness', 'generation_crooked_not_his_children', 'father_who_acquired_you_requited', 'days_of_old_remember_commanded', 'nations_bounds_set_by_number_of_israel', 'lords_portion_his_people_jacob', 'found_in_the_desert_encircled_and_kept', 'apple_of_his_eye_kept', 'as_an_eagle_stirring_its_nest_borne', 'the_lord_alone_led_no_foreign_god', 'heights_of_the_land_ridden_honey_from_the_rock', 'feast_of_curd_milk_fat_and_wine_given', 'jeshurun_fat_kicked_forsook_god', 'demons_and_new_gods_sacrificed', 'rock_that_begot_you_forgotten', 'jealousy_by_no_people_foolish_nation', 'fire_kindled_to_the_lowest_sheol', 'face_hidden_and_forsaken_foretold', 'evils_heaped_arrows_spent', 'hunger_beasts_serpents_sword_terror_sent', 'blotting_out_stayed_by_the_enemys_boast', 'nation_void_of_counsel', 'one_chasing_a_thousand_rock_sold_them', 'vine_of_sodom_gall_grapes', 'vengeance_laid_up_in_store_sealed', 'lord_judges_his_people_repents_himself', 'where_are_their_gods_asked', 'i_i_am_he_no_god_beside_me', 'i_kill_and_make_alive_none_delivers', 'hand_lifted_to_heaven_live_forever_sworn', 'sword_whetted_vengeance_rendered', 'nations_sing_with_his_people_land_atones', 'song_spoken_in_the_ears_of_the_people', 'set_your_heart_to_these_words_commanded', 'it_is_your_life_no_empty_matter', 'length_of_days_on_the_land_promised'], 'yehoshua': ['hoshea_speaks_the_song_beside_moses'], 'moses': ['go_up_to_nebo_see_the_land_commanded', 'die_in_the_mountain_gathered_to_your_people_commanded', 'as_aaron_died_in_hor_and_was_gathered', 'trespassed_at_meribath_kadesh_not_sanctified', 'see_the_land_from_afar_not_go_there']} []

PASS  [MOVE]  Deut 32:1-4; THE LINE song_witnesses_called_declared; heaven_and_earth_witness REUSED (the chain's fifth seat) — obey_horeb, courts_prophet, refuge_war_family by CALL; MISHNAH SANHEDRIN 5:2 — the exam row — give_ear_o_heavens_and_let_the_earth_hear
        ->  heaven_and_earth_witness [status]  heaven and earth called to witness — the STATUS the case's evidence clause writes on Israel: 'I call heaven and earth to witness against you this day that you shall surely perish quickly from the land … you shall not prolong your days upon it but shall be utterly destroyed' (Deut 4:26) — the witnesses of the exile case (4:25-31: corrupt → perish, scatter, few, serve wood and stone; seek → find; return → mercy); the Sifrei 306:1's CHAIN OF WITNESSES — 4:26 the third of eleven (30:19 'I call heaven and earth to witness against you this day', 31:28 'that I may call heaven and earth to witness against them', 32:1 'give ear, O heavens'; 30:19's first seven words identical, computed); 'the end of days' (4:30) a prophecy — no timer, no exile written; Gittin 88a:15-17 and Sanhedrin 38a:6 (the exile hastened by two years of 'grown old'); Megillah 31b:2 (the Ninth of Av's reading)
PASS  [MOVE]  Deut 32:1-4; THE WRITE doctrine_as_rain_and_dew_likened; blessing_and_curse by CALL; Eruvin 54a-b owed — my_doctrine_as_the_rain_my_speech_as_the_dew
        ->  doctrine_as_rain_and_dew_likened [status]  the doctrine likened to the rain and the dew — the STATUS the line song_witnesses_called_declared writes on Israel: 'MY DOCTRINE SHALL DROP AS THE RAIN, my speech distil as the dew, as the small rain upon the tender grass and as the showers upon the herb' (32:2) — the four rains every one words of Torah (the Sifrei 306:16-35); Onkelos the teaching sweet as rain, the latter rain named (blessing_and_curse's rain_dates by CALL — a reference); the heifer's verb at 306:23 a homograph noted; Eruvin 54a-b owed
PASS  [MOVE]  Deut 32:1-4; THE WRITE name_of_the_lord_proclaimed_greatness_ascribed; MISHNAH BERAKHOT 7:1, 8:8, 2:2, NEDARIM 1:2, AVOT 3:6 — the exam rows; vows by CALL — i_will_proclaim_the_name_of_the_lord_ascribe_greatness
        ->  name_of_the_lord_proclaimed_greatness_ascribed [status]  the Name proclaimed and greatness ascribed — the STATUS the line song_witnesses_called_declared writes on Israel: 'FOR I WILL PROCLAIM THE NAME OF THE LORD — ASCRIBE GREATNESS TO OUR GOD' (32:3) — the Name after twenty-one words, the response formula's source (306:36-37): MISHNAH BERAKHOT 7:1 THE CASE (three who ate as one are obligated to the zimmun — the parameter the_response_to_the_name; Berakhot 8:8's Amen after a Jew's blessing, 2:2's yoke of the kingdom first); Nedarim 1:2's substitutes (vows by CALL); Avot 3:6 (the Shekhinah among ten)
PASS  [MOVE]  Deut 32:1-4; THE WRITE the_rock_perfect_and_just_declared; MISHNAH SHEVUOT 7:5, SANHEDRIN 9:1, AVODAH ZARAH 3:4 — the exam rows; sanctions by CALL — the_rock_his_work_is_perfect_all_his_ways_justice
        ->  the_rock_perfect_and_just_declared [status]  the Rock whose work is perfect declared — the STATUS the line song_witnesses_called_declared writes on Israel: 'THE ROCK, HIS WORK IS PERFECT, for all His ways are justice, a God of faithfulness and without iniquity, just and right is He' (32:4) — Onkelos THE MIGHTY ONE (the first of the chapter's eight); the mourner's justification (Avodah Zarah 18a owed); Shevuot 7:5 at 307:7 (the storekeeper on his ledger — a parameter); Sanhedrin 9:1 at 307:14 (the burned and the beheaded — sanctions by CALL); Avodah Zarah 3:4 (the statue treated as a deity — a parameter); Taanit 11a owed
PASS  [MOVE]  Deut 32:5-6; the sonship referenced — food_tithe by CALL; no write — is_corruption_his_no_his_childrens_is_the_blemish
        ->  accepted           [heaven]  accepted for him — the offering's acceptance state
PASS  [MOVE]  Deut 32:5-6; THE WRITE generation_crooked_not_his_children; MISHNAH SOTAH 1:7 — the exam row; naso by CALL — a_perverse_and_crooked_generation
        ->  generation_crooked_not_his_children [status]  the crooked generation, not His children — the STATUS the line song_crooked_generation_declared writes on Israel: 'IS CORRUPTION HIS? NO — HIS CHILDREN'S IS THE BLEMISH, A PERVERSE AND CROOKED GENERATION' (32:5) — the broken syntax made a sentence by Onkelos (they corrupted themselves, the children who served idols); 'a perverse and crooked generation' ONCE in the Bible; Sotah 1:7 at 308:4 — the measure for measure (naso's sotah_order by CALL: the parameter the_measure_for_measure); the sonship a status the tape carries from 14:1 (food_tithe by CALL)
PASS  [MOVE]  Deut 32:5-6; a saying inside the line; no write — do_you_thus_requite_the_lord_o_foolish_people_and_unwise
        ->  accepted           [heaven]  accepted for him — the offering's acceptance state
PASS  [MOVE]  Deut 32:5-6; THE WRITE father_who_acquired_you_requited; MISHNAH AVOT 6:10 — the exam row; exodus_story, mamre by CALL — is_he_not_your_father_who_acquired_you_he_made_you_and_established_you
        ->  father_who_acquired_you_requited [status]  the Father who acquired you, requited — the STATUS the line song_crooked_generation_declared writes on Israel: 'DO YOU THUS REQUITE THE LORD, O FOOLISH PEOPLE AND UNWISE? IS HE NOT YOUR FATHER WHO ACQUIRED YOU? He made you and established you' (32:6) — Onkelos: a people that received the Torah and grew not wise; Genesis 14:19's possessor — Avot 6:10 at 309:6: THE FIVE ACQUISITIONS (the Torah, heaven and earth, Abraham, Israel, the Temple — the parameter the_five_acquisitions; 'the people You acquired' Exodus 15:16, exodus_story by CALL); the parables 309:1-4 the spine's
PASS  [MOVE]  Deut 32:7-9; THE WRITE days_of_old_remember_commanded; obey_horeb by CALL — remember_the_days_of_old_ask_your_father_and_your_elders
        ->  days_of_old_remember_commanded [status]  the days of old remembered, commanded — the STATUS the line song_nations_divided_lords_portion_declared writes on Israel: 'REMEMBER THE DAYS OF OLD, consider the years of many generations; ASK YOUR FATHER and he will tell you, YOUR ELDERS and they will say it to you' (32:7) — the tradition's own warrant: the fathers and the elders the channel; the song's call to the recorded past — THE TAPE'S OWN ENTRIES the answer (the readback's reference rows)
PASS  [HYP]  Deut 32:7-9; Genesis 11's division a reference row — primeval, obey_horeb by CALL; the hypothesis labeled; no write — when_the_most_high_gave_the_nations_their_inheritance_and_separated_the_sons_of_man
        ->  accepted           [heaven]  accepted for him — the offering's acceptance state
PASS  [MOVE]  Deut 32:7-9; THE WRITE nations_bounds_set_by_number_of_israel; family by CALL; no numeral in the verse — he_set_the_borders_of_the_peoples_by_the_number_of_the_children_of_israel
        ->  nations_bounds_set_by_number_of_israel [status]  the nations' bounds set by the number of Israel — the STATUS the line song_nations_divided_lords_portion_declared writes on Israel: 'WHEN THE MOST HIGH GAVE THE NATIONS THEIR INHERITANCE, WHEN HE SEPARATED THE SONS OF MAN, HE SET THE BORDERS OF THE PEOPLES BY THE NUMBER OF THE CHILDREN OF ISRAEL' (32:8) — ONCE in the Bible; no numeral in the verse (the parser silent) — the spine 310-311 reads seventy against Jacob's seventy souls (Genesis 46:27 by CALL to family); Genesis 11's division primeval.babel and primeval.nations by CALL — the builders scattered, the language confounded (a REFERENCE by the ink's 'separated the sons of man' — Genesis 10:25's Peleg; Genesis 11:8 the twin a labeled HYPOTHESIS); 4:19's host apportioned (obey_horeb by CALL)
PASS  [MOVE]  Deut 32:7-9; THE WRITE lords_portion_his_people_jacob; seven_nations by CALL; MISHNAH AVOT 5:1 — the exam row — the_lords_portion_is_his_people_jacob_the_lot_of_his_inheritance
        ->  lords_portion_his_people_jacob [status]  the LORD's portion His people, Jacob — the STATUS the line song_nations_divided_lords_portion_declared writes on Israel: 'FOR THE LORD'S PORTION IS HIS PEOPLE, JACOB THE LOT OF HIS INHERITANCE' (32:9) — Onkelos the lot: a NEW status beside the tape's treasured_people (Exodus 19:5 — exodus_story.sinai's treasure seats), lord_declared_israel_treasure_people (26:18) and became_the_lords_people_this_day (27:9, 29:12) — seven_nations.the_holy_people by CALL, the references UNMOVED; 311:1 Abraham chosen from the seventy (mamre by CALL); Avot 5:1 at 313:8 and 330:1 (the ten utterances — a parameter)
PASS  [MOVE]  Deut 32:10-12; THE WRITE found_in_the_desert_encircled_and_kept; good_land, exodus_story, beha by CALL — the tape's own lines — he_found_him_in_a_desert_land_and_in_the_howling_waste
        ->  found_in_the_desert_encircled_and_kept [status]  found in the desert, encircled and kept — the STATUS the line song_found_in_the_desert_declared writes on Israel: 'HE FOUND HIM IN A DESERT LAND, and in the waste, the howling wilderness; HE COMPASSED HIM ABOUT, HE CARED FOR HIM' (32:10) — Onkelos at its fullest: He supplied their needs, made them dwell round His Shekhinah, TAUGHT THEM THE WORDS OF THE TORAH — the desert the Torah's school (the Sifrei 313); the tape's own lines RUN CITATIONS by kind — the manna (exodus_story), the water from the rock (good_land's two rocks), the cloud and the well (beha's three gifts), the camp round the Presence; never a second act
PASS  [MOVE]  Deut 32:10-12; THE WRITE apple_of_his_eye_kept; TOSEFTA ARAKHIN 1:4 — the exam row; exodus_story by CALL — he_compassed_him_cared_for_him_kept_him_as_the_apple_of_his_eye
        ->  apple_of_his_eye_kept [status]  kept as the apple of His eye — the STATUS the line song_found_in_the_desert_declared writes on Israel: 'HE KEPT HIM AS THE APPLE OF HIS EYE' (32:10) — 313:9: TOSEFTA ARAKHIN 1:4 THE CASE (the ledger's 'Arakhin 1:10' the translator's number): Israel at Sinai pushed back twelve mil and brought forward twelve mil at every word — twenty-four mil; THE PARAMETER the_camps_twelve_mil, a DATA row beside exodus_story.sinai by CALL — the camp's size the answer sheet's number, the ink's 'as the apple of His eye' the measure of the keeping
PASS  [MOVE]  Deut 32:10-12; THE WRITE as_an_eagle_stirring_its_nest_borne; the twin taught at 314:3 — exodus_story by CALL — as_an_eagle_stirs_up_her_nest_hovers_spreads_her_wings_takes_and_bears
        ->  as_an_eagle_stirring_its_nest_borne [status]  borne as an eagle stirring its nest — the STATUS the line song_found_in_the_desert_declared writes on Israel: 'AS AN EAGLE STIRS UP HER NEST, hovers over her young, spreads her wings, takes them, bears them on her pinions' (32:11) — 'as an eagle' once in the Torah; Exodus 19:4's eagles' wings the twin TAUGHT at 314:3 (a transfer with its teacher — exodus_story.sinai by CALL); Onkelos the eagle that hastens; the parable 314:1-2 the spine's
PASS  [MOVE]  Deut 32:10-12; THE WRITE the_lord_alone_led_no_foreign_god; balak by CALL; Onkelos's world to come a note — the_lord_alone_led_him_and_no_strange_god_with_him
        ->  the_lord_alone_led_no_foreign_god [status]  the LORD alone led him, no foreign god — the STATUS the line song_found_in_the_desert_declared writes on Israel: 'THE LORD ALONE LED HIM, AND THERE WAS NO STRANGE GOD WITH HIM' (32:12) — 356:5's 'alone' against Numbers 23:9 (balak.the_stands by CALL: a people that dwells alone); Onkelos THE WORLD TO COME — the LORD alone is destined to make them dwell in the world that is to be renewed (the translator's eschatology, a DATA note, no write of it)
PASS  [MOVE]  Deut 32:13-14; the qere's fourteenth token — a variant; no write — he_made_him_ride_on_the_high_places_of_the_earth_and_eat_the_fruitage_of_the_field
        ->  accepted           [heaven]  accepted for him — the offering's acceptance state
PASS  [MOVE]  Deut 32:13-14; THE WRITE heights_of_the_land_ridden_honey_from_the_rock; good_land by CALL — the two rocks; Joshua's tape forward — honey_out_of_the_crag_and_oil_out_of_the_flinty_rock
        ->  heights_of_the_land_ridden_honey_from_the_rock [status]  the heights of the land ridden, honey from the rock — the STATUS the line song_heights_honey_rock_declared writes on Israel: 'HE MADE HIM RIDE ON THE HIGH PLACES OF THE EARTH, and he ate the fruitage of the field; HE MADE HIM SUCK HONEY OUT OF THE CRAG AND OIL OUT OF THE FLINTY ROCK' (32:13) — THE STORE'S ONE MISMATCH (the qere beside the ketiv, a fourteenth token — the readback row VARIANT); 'honey out of the crag' ONCE in the Bible; the flint's five seats (8:15 among them — good_land's the_rock_of_flint by CALL: the two rocks' two words); Onkelos the spoil of the rulers of cities — the conquest NOT ON THIS TAPE (Joshua's book cited never read)
PASS  [MOVE]  Deut 32:13-14; THE WRITE feast_of_curd_milk_fat_and_wine_given; MISHNAH KILAYIM 3:2, PEAH 3:2, AVOT 6:9 — the exam rows; opening_speech, persons_poor_court, holiness by CALL — curd_of_kine_milk_of_sheep_fat_of_lambs_rams_of_bashan_and_he_goats
        ->  feast_of_curd_milk_fat_and_wine_given [status]  the feast of curd, milk, fat and wine given — the STATUS the line song_heights_honey_rock_declared writes on Israel: 'CURD OF KINE AND MILK OF SHEEP, with FAT OF LAMBS AND RAMS OF BASHAN and he-goats, with the kidney-fat of wheat; and of THE BLOOD OF THE GRAPE YOU DRANK foaming wine' (32:14) — Bashan the tape's conquest (opening_speech.sihon_and_og by reference); THE FEAST DATED AND DIVIDED by the spine 317:2-6 — the altar's classes and the Torah's forms, the middot named at 317:3 (a DATA note); Kilayim 3:2 at 317:6 (the seed bed — a parameter; persons_poor_court by CALL for the vineyard's rule) and Peah 3:2 (the striped field — a parameter; holiness.gifts by CALL) THE CASES; Avot 6:9 (the place of Torah); Onkelos the blood of their mighty men poured like water
PASS  [MOVE]  Deut 32:13-14; the feast's last clause; no write — the_kidney_fat_of_wheat_and_the_blood_of_the_grape_you_drank
        ->  accepted           [heaven]  accepted for him — the offering's acceptance state
PASS  [MOVE]  Deut 32:15-18; THE WRITE jeshurun_fat_kicked_forsook_god; THE FALSE EIGHT guarded (a DATA row); covenant_return_charge, good_land by CALL — jeshurun_grew_fat_and_kicked_you_grew_fat_thick_and_gross
        ->  jeshurun_fat_kicked_forsook_god [status]  Jeshurun grew fat and kicked, forsook God — the STATUS the line song_jeshurun_fat_kicked_declared writes on Israel: 'BUT JESHURUN GREW FAT AND KICKED — YOU GREW FAT, YOU GREW THICK, YOU BECAME GROSS — and HE FORSOOK GOD WHO MADE HIM AND CONTEMNED THE ROCK OF HIS SALVATION' (32:15) — THE FALSE EIGHT: 'you grew fat' (shamanta) read by the parser as the number eight, a verb (Onkelos 'you prospered'; the Sifrei 318:4-5's dated reading — the fat of the generation before the exile): the DATA row the_false_eight, no count; 31:20's satiety the twin TAUGHT at 318:1 (covenant_return_charge by CALL); Onkelos: forsook THE SERVICE, provoked before the Mighty One who redeemed him — the status worded from the Aramaic; Sotah 1:7 at 318:8 the case's second seat
PASS  [MOVE]  Deut 32:15-18; Onkelos's rule — the service forsaken; naso by CALL; no second write — he_forsook_god_who_made_him_and_contemned_the_rock_of_his_salvation
        ->  accepted           [heaven]  accepted for him — the offering's acceptance state
PASS  [MOVE]  Deut 32:15-18; no kin by shared tokens; no write — they_roused_him_to_jealousy_with_strange_gods_and_provoked_him_with_abominations
        ->  accepted           [heaven]  accepted for him — the offering's acceptance state
PASS  [MOVE]  Deut 32:15-18; THE WRITE demons_and_new_gods_sacrificed; seducers, courts_prophet by CALL — they_sacrificed_to_demons_no_gods_new_ones_that_came_up_of_late
        ->  demons_and_new_gods_sacrificed [status]  demons and new gods sacrificed to — the STATUS the line song_jeshurun_fat_kicked_declared writes on Israel: 'THEY SACRIFICED TO DEMONS, NO-GODS, GODS THEY KNEW NOT, NEW ONES THAT CAME UP OF LATE, which your fathers dreaded not' (32:17) — the song's own accusation (no act on the tape at this day); 29:25's 'gods they knew not' the kin inside the book, 13:7's 'gods you have not known' seducers.the_inciter by CALL (the idolatry predicate's terms — other_gods_barred UNMOVED, courts_prophet's three acts); Onkelos the demons in whom there is no use, the gods mere fears; Psalm 106:37's demons the Writings' seat cited never read
PASS  [MOVE]  Deut 32:15-18; THE WRITE rock_that_begot_you_forgotten; good_land by CALL — of_the_rock_that_begot_you_you_were_unmindful_and_forgot_god_who_bore_you
        ->  rock_that_begot_you_forgotten [status]  the Rock that begot you forgotten — the STATUS the line song_jeshurun_fat_kicked_declared writes on Israel: 'OF THE ROCK THAT BEGOT YOU YOU WERE UNMINDFUL, AND FORGOT GOD WHO BORE YOU' (32:18) — the narrative form inside the song; Onkelos the fear of the Mighty One who created you forgotten (the translator's rule — the fear forgotten, never God Himself); 8:11-19's forgetting the kin (good_land's testimony by CALL); the parables 319:2 the spine's
PASS  [MOVE]  Deut 32:19-22; THE LINE song_face_hidden_foolish_nation_declared — the frame; no write — the_lord_saw_and_spurned_from_the_provoking_of_his_sons_and_daughters
        ->  accepted           [heaven]  accepted for him — the offering's acceptance state
PASS  [MOVE]  Deut 32:19-22; face_hidden_and_forsaken_foretold REUSED — the hidden face the third time; covenant_return_charge, good_land, erection by CALL — i_will_hide_my_face_from_them_i_will_see_what_their_end_shall_be
        ->  face_hidden_and_forsaken_foretold [heaven]  the face hidden and the forsaking foretold — the conditional HEAVEN entry the line apostasy_and_hidden_face_foretold writes on Israel: 'then My anger shall be kindled against them in that day and I WILL FORSAKE THEM AND HIDE MY FACE FROM THEM, and they shall be devoured' (31:17) — THE HIDDEN FACE: Onkelos 'I will remove My Shekhinah' at 31:17, 31:18 and 32:20 (the reading's crown); 'I will hide My face' the form's one seat (32:20 the song's); the face hidden the covenant's negative arm on Heaven's side (glory_appeared the positive — the two faces of one ledger); Leviticus 26:38's devouring the twin (tochacha by CALL); Chagigah 5a-b OWED; 31:18's infinitive absolute 'I will surely hide' (8:19's doubled warning — good_land by CALL)
PASS  [MOVE]  Deut 32:19-22; THE WRITE jealousy_by_no_people_foolish_nation; firstfruits_ebal_curses by CALL — i_will_rouse_them_to_jealousy_with_a_no_people_with_a_vile_nation_provoke_them
        ->  jealousy_by_no_people_foolish_nation [heaven]  jealousy by a no-people, a foolish nation — the HEAVEN entry the line song_face_hidden_foolish_nation_declared writes on Israel: 'THEY HAVE ROUSED ME TO JEALOUSY WITH A NO-GOD, provoked Me with their vanities — AND I WILL ROUSE THEM TO JEALOUSY WITH A NO-PEOPLE, WITH A VILE NATION I WILL PROVOKE THEM' (32:21) — the measure for measure (32:6's foolish people answered); the eagle nation of 28:49 the compiled kin (firstfruits_ebal_curses by CALL — eagle_nation_devours UNMOVED); Onkelos the no-god a no-fear, the nation foolish; a declared future — the Prophets' fulfilments cited never read
PASS  [MOVE]  Deut 32:19-22; THE WRITE fire_kindled_to_the_lowest_sheol; obey_horeb by CALL — a_fire_is_kindled_in_my_nostril_and_burns_to_the_depths_of_sheol
        ->  fire_kindled_to_the_lowest_sheol [heaven]  a fire kindled to the lowest Sheol — the HEAVEN entry the line song_face_hidden_foolish_nation_declared writes on Israel: 'FOR A FIRE IS KINDLED IN MY NOSTRIL AND BURNS TO THE DEPTHS OF SHEOL, devours the earth and her produce, sets ablaze the foundations of the mountains' (32:22) — Onkelos: a strong east wind like fire from before Me — no fire in God's nostril; 4:24's consuming fire the kin (obey_horeb by CALL); a declared future, the HEAVEN entry its record
PASS  [MOVE]  Deut 32:23-25; THE WRITE evils_heaped_arrows_spent; firstfruits_ebal_curses by CALL; the Sifrei 43:24 — i_will_heap_evils_upon_them_i_will_spend_my_arrows_upon_them
        ->  evils_heaped_arrows_spent [heaven]  evils heaped, the arrows spent — the HEAVEN entry the line song_evils_heaped_declared writes on Israel: 'I WILL HEAP EVILS UPON THEM, I WILL SPEND MY ARROWS UPON THEM' (32:23) — the Sifrei 43:24's outside row: My arrows are spent and they are not spent — the promise inside the curse; Onkelos the arrows plagues (28:59-61's blows on the tape — firstfruits_ebal_curses by CALL, plagues_made_wonderful UNMOVED)
PASS  [MOVE]  Deut 32:23-25; inside the line's second write; no write — the_wasting_of_hunger_the_devouring_of_the_fiery_bolt_and_bitter_destruction
        ->  accepted           [heaven]  accepted for him — the offering's acceptance state
PASS  [HYP]  Deut 32:23-25; THE WRITE hunger_beasts_serpents_sword_terror_sent; tochacha (the hypothesis labeled), firstfruits_ebal_curses, chukat by CALL — the_teeth_of_beasts_and_the_venom_of_crawling_things_of_the_dust
        ->  hunger_beasts_serpents_sword_terror_sent [heaven]  hunger, beasts, serpents, the sword and terror sent — the HEAVEN entry the line song_evils_heaped_declared writes on Israel: 'THE WASTING OF HUNGER, THE DEVOURING OF THE FIERY BOLT AND BITTER DESTRUCTION; THE TEETH OF BEASTS I WILL SEND UPON THEM, WITH THE VENOM OF CRAWLING THINGS OF THE DUST; WITHOUT THE SWORD SHALL BEREAVE, AND IN THE CHAMBERS TERROR' (32:24-25) — Leviticus 26:22's beasts and 26:25's sword the twins BY SENSE (a HYPOTHESIS; tochacha by CALL a REFERENCE by the ink's shared words); 28:53-57's siege (firstfruits_ebal_curses by CALL); the serpents Numbers 21:6's (chukat by reference); THE RULE OF WAR AND FAMINE (321:9 — the sword without, gather within; terror in the chambers, go out: the parameter the_rule_of_war_and_famine; Bava Kamma 60b owed)
PASS  [MOVE]  Deut 32:23-25; THE PARAMETER the_rule_of_war_and_famine (the Sifrei 321:9); Bava Kamma 60b owed — without_the_sword_shall_bereave_and_in_the_chambers_terror
        ->  accepted           [heaven]  accepted for him — the offering's acceptance state
PASS  [MOVE]  Deut 32:26-28; the decree not carried out — a counterfactual; no write — i_said_i_would_make_an_end_of_them_and_make_their_memory_cease
        ->  accepted           [heaven]  accepted for him — the offering's acceptance state
PASS  [MOVE]  Deut 32:26-28; THE WRITE blotting_out_stayed_by_the_enemys_boast; not_righteousness, erection, shelach by CALL; Gittin 56b owed — were_it_not_that_i_dreaded_the_enemys_provocation_lest_they_say_our_hand_is_exalted
        ->  blotting_out_stayed_by_the_enemys_boast [heaven]  the blotting out stayed by the enemy's boast — the HEAVEN entry the line song_enemys_boast_declared writes on Israel: 'I SAID: I WOULD MAKE AN END OF THEM, I WOULD MAKE THEIR MEMORY CEASE FROM AMONG MEN — WERE IT NOT THAT I DREADED THE ENEMY'S PROVOCATION, lest their adversaries misjudge, LEST THEY SAY: OUR HAND IS EXALTED, and not the LORD has wrought all this' (32:26-27) — THE DECREE NOT CARRIED OUT (a counterfactual — no write of the blotting; the reason clause the decree's stay); 9:28's 'lest the land say' the kin (not_righteousness by CALL), Exodus 32:12's and Numbers 14:16's the tape's own arguments (erection, shelach by CALL); Onkelos: God does not fear, the enemy's anger is gathered; Gittin 56b owed
PASS  [MOVE]  Deut 32:26-28; THE WRITE nation_void_of_counsel; TOSEFTA AVODAH ZARAH 9:4 — the exam row; pre_sinai by CALL — for_they_are_a_nation_void_of_counsel_and_there_is_no_understanding_in_them
        ->  nation_void_of_counsel [status]  a nation void of counsel — the STATUS the line song_enemys_boast_declared writes on Israel: 'FOR THEY ARE A NATION VOID OF COUNSEL, AND THERE IS NO UNDERSTANDING IN THEM' (32:28) — ONCE in the Bible; the spine 322:8-11 reads the nation as Israel and as the enemy both, Onkelos leaves it open (the two readings a DATA row — the compile writes the status on Israel by the spine's first reading, the second recorded): Israel's Torah, the nations' seven commandments — TOSEFTA AVODAH ZARAH 9:4 THE CASE at 322:11 (the ledger's '8:4' the translator's number; pre_sinai.noahide by CALL — Genesis 9's own law on the tape; the parameter the_seven_commandments_of_the_nations)
PASS  [MOVE]  Deut 32:29-33; 'their end' 8:16's kin — good_land by CALL; no write — if_they_were_wise_they_would_understand_this_and_discern_their_latter_end
        ->  accepted           [heaven]  accepted for him — the offering's acceptance state
PASS  [MOVE]  Deut 32:29-33; THE WRITE one_chasing_a_thousand_rock_sold_them; THE JOINED THOUSAND guarded; THE STATE ROW at 32:30; tochacha, firstfruits_ebal_curses by CALL — how_should_one_chase_a_thousand_and_two_put_ten_thousand_to_flight
        ->  one_chasing_a_thousand_rock_sold_them [status]  one chasing a thousand — their Rock sold them — the STATUS the line song_one_chasing_a_thousand_declared writes on Israel: 'HOW SHOULD ONE CHASE A THOUSAND, AND TWO PUT TEN THOUSAND TO FLIGHT, EXCEPT THEIR ROCK HAD SOLD THEM, AND THE LORD HAD DELIVERED THEM UP? FOR THEIR ROCK IS NOT AS OUR ROCK, AND OUR ENEMIES ARE JUDGES' (32:30-31) — THE JOINED THOUSAND (the parser's [1, 1002]: the Sifrei 322:10 reads the four numbers aloud, 322:12 the proverb's arithmetic — a proverb, no count; the DATA row the_joined_thousand); THE STATE ROW at 32:30 (323:5 — the Torah done, one chases a thousand: Leviticus 26:8 and 28:7, tochacha and firstfruits_ebal_curses by CALL; undone, the reversal 28:25); THE ENEMY NEITHER WITNESS NOR JUDGE (Numbers 35:23 — refuge by CALL; MISHNAH SANHEDRIN 3:5 THE CASE — the groomsman: the parameter the_enemy_disqualified); 'judges' Exodus 21:22's pelilim (ordinances by CALL); Sotah 9:9's clusters ceased (a parameter); Joshua 23:10 the Prophets' seat cited never read
PASS  [MOVE]  Deut 32:29-33; inside the line's first write; the leper's word (323:3); no write — except_their_rock_had_sold_them_and_the_lord_had_delivered_them_up
        ->  accepted           [heaven]  accepted for him — the offering's acceptance state
PASS  [MOVE]  Deut 32:29-33; THE PARAMETER the_enemy_disqualified; MISHNAH SANHEDRIN 3:5 — the exam row; refuge, ordinances by CALL — their_rock_is_not_as_our_rock_and_our_enemies_are_judges
        ->  accepted           [heaven]  accepted for him — the offering's acceptance state
PASS  [MOVE]  Deut 32:29-33; THE WRITE vine_of_sodom_gall_grapes; MISHNAH SOTAH 9:9 — the exam row; mamre by CALL — their_vine_is_of_the_vine_of_sodom_grapes_of_gall_and_bitter_clusters
        ->  vine_of_sodom_gall_grapes [status]  the vine of Sodom, grapes of gall — the STATUS the line song_one_chasing_a_thousand_declared writes on Israel: 'FOR THEIR VINE IS OF THE VINE OF SODOM, and of the fields of Gomorrah; THEIR GRAPES ARE GRAPES OF GALL, their clusters are bitter; THEIR WINE IS THE VENOM OF SERPENTS, and the cruel poison of asps' (32:32-33) — 29:22's four cities on the tape (covenant_return_charge — land_brimstone_salt_like_sodom UNMOVED); mamre.sodom by CALL — Genesis 19's own entry; Onkelos: like the punishment of Sodom is their punishment, the gall the serpents' heads, THE CUP OF THEIR PUNISHMENT (the translator's retribution); Job 20:16 the Writings' seat cited never read
PASS  [MOVE]  Deut 32:29-33; Onkelos's cup a note; Job 20:16 owed; no write — their_wine_is_the_venom_of_serpents_and_the_cruel_poison_of_asps
        ->  accepted           [heaven]  accepted for him — the offering's acceptance state
PASS  [MOVE]  Deut 32:34-38; THE WRITE vengeance_laid_up_in_store_sealed; TOSEFTA PEAH 1:1, 1:2, 1:3 — the exam rows; holiness by CALL — is_not_this_laid_up_in_store_with_me_sealed_up_in_my_treasuries
        ->  vengeance_laid_up_in_store_sealed [heaven]  vengeance laid up in store, sealed — the HEAVEN entry the line song_vengeance_in_store_declared writes on Israel: 'IS NOT THIS LAID UP IN STORE WITH ME, SEALED UP IN MY TREASURIES? VENGEANCE IS MINE, AND RECOMPENSE, AT THE TIME WHEN THEIR FOOT SHALL SLIP; for the day of their calamity is at hand' (32:34-35) — Onkelos: all their deeds revealed before Me, hidden away FOR THE DAY OF JUDGMENT (the translator's second eschatology); 324:2 THE FRUIT OF DEEDS — TOSEFTA PEAH 1:1-3 THE CASES (the parameter the_fruit_of_deeds; the peah from the beginning — holiness.gifts by CALL); 'vengeance is Mine' ONCE in the Bible, the first of the song's three; Onkelos the foot's slip the exile; 328's misprinted head cites 32:35 for 32:38's words
PASS  [MOVE]  Deut 32:34-38; the first vengeance; the misprinted head a note; no write — vengeance_is_mine_and_recompense_at_the_time_their_foot_shall_slip
        ->  accepted           [heaven]  accepted for him — the offering's acceptance state
PASS  [MOVE]  Deut 32:34-38; THE WRITE lord_judges_his_people_repents_himself; Psalm 135:14 owed — the_lord_will_judge_his_people_and_repent_himself_for_his_servants
        ->  lord_judges_his_people_repents_himself [heaven]  the LORD judges His people and repents Himself — the HEAVEN entry the line song_vengeance_in_store_declared writes on Israel: 'FOR THE LORD WILL JUDGE HIS PEOPLE, AND REPENT HIMSELF FOR HIS SERVANTS, when He sees that their stay is gone and there is none remaining, shut up or left at large' (32:36) — QUOTED WHOLE in Psalm 135:14 (seven in order — the Writings' seat cited never read); 1 Kings 14:10's shut up and left the pair; Onkelos: the judgment of His people, the punishment of His righteous servants avenged; 326:4-6 the pleaders' rank (like Moses, Aaron, Phinehas)
PASS  [MOVE]  Deut 32:34-38; THE WRITE where_are_their_gods_asked; THE PARAMETER the_name_profaned_at_once (328:4); decalogue by CALL; Yoma 86a owed — where_are_their_gods_the_rock_in_whom_they_trusted_let_them_rise_up_and_help_you
        ->  where_are_their_gods_asked [status]  where are their gods, asked — the STATUS the line song_vengeance_in_store_declared writes on Israel: 'AND HE WILL SAY: WHERE ARE THEIR GODS, THE ROCK IN WHOM THEY TRUSTED, who ate the fat of their sacrifices and drank the wine of their libation? let them rise up and help you, let them be your protection' (32:37-38) — THE MISPRINTED HEAD (piska 328 opens with 32:38's words under a marker reading 32:35 — the rows seated by their own words); the eighth takifa, the false rock given the true Rock's title; the libation the offering vocabulary turned on the idols (musafim by reference); 328:3's daily offering the compiled Numbers 28; 328:4 THE NAME PROFANED PUNISHED AT ONCE — a rule from the verse (the parameter the_name_profaned_at_once; decalogue.vain_name by CALL; Yoma 86a owed)
PASS  [MOVE]  Deut 32:39-43; THE WRITE i_i_am_he_no_god_beside_me; hear_o_israel, obey_horeb by CALL — see_now_that_i_even_i_am_he_and_there_is_no_god_with_me
        ->  i_i_am_he_no_god_beside_me [status]  I, I am He, no god beside Me — the STATUS the line song_i_am_he_declared writes on Israel: 'SEE NOW THAT I, EVEN I, AM HE, AND THERE IS NO GOD WITH ME' (32:39) — the imperative plural; THE SEVEN BLANK 'I' GLOSSES patched by reference at the reading's tail; 329:1 the unity — 6:4's status reaffirmed (hear_o_israel.the_creed by CALL, shema_commanded UNMOVED); Onkelos: no god apart from Me — the Speaker's declaration written on Israel's ledger as the song's creed
PASS  [MOVE]  Deut 32:39-43; THE WRITE i_kill_and_make_alive_none_delivers; THE DATA ROW the_no_ransom; ordinances, incense_shekel, refuge by CALL; Pesachim 68a and Sanhedrin 91b owed — i_kill_and_i_make_alive_i_have_wounded_and_i_heal_and_none_delivers_out_of_my_hand
        ->  i_kill_and_make_alive_none_delivers [status]  I kill and I make alive, none delivers — the STATUS the line song_i_am_he_declared writes on Israel: 'I KILL AND I MAKE ALIVE, I HAVE WOUNDED AND I HEAL, AND THERE IS NONE THAT CAN DELIVER OUT OF MY HAND' (32:39) — ONCE in the Bible; the resurrection's verse in the tradition (Pesachim 68a and Sanhedrin 91b owed, cited never read); 329:4 NO FATHER DELIVERS A SON, the soul beyond ransom — Exodus 21:30's kofer (ordinances.courts and incense_shekel.shekel by CALL; refuge's the_ransom_rows — no ransom for a murderer, Numbers 35:31): the DATA row the_no_ransom; healed and healer_promised the tape's (exodus_story by reference)
PASS  [MOVE]  Deut 32:39-43; THE WRITE hand_lifted_to_heaven_live_forever_sworn; seven_nations, mamre by CALL; MISHNAH AVOT 5:1 — i_lift_up_my_hand_to_heaven_and_say_as_i_live_forever
        ->  hand_lifted_to_heaven_live_forever_sworn [status]  the hand lifted to heaven, as I live forever sworn — the STATUS the line song_i_am_he_declared writes on Israel: 'FOR I LIFT UP MY HAND TO HEAVEN AND SAY: AS I LIVE FOREVER' (32:40) — ONCE in the Bible; the oath gesture; Onkelos: I have established in heaven the house of My Shekhinah, I endure forever — no hand raised; the oath by God's own life (the tape's oath_sworn lines by kind — seven_nations.the_holy_people by CALL, a reference); Avot 5:1 at 330:1 the ten utterances again
PASS  [MOVE]  Deut 32:39-43; THE WRITE sword_whetted_vengeance_rendered; tochacha by CALL — if_i_whet_my_glittering_sword_i_will_render_vengeance_to_my_adversaries
        ->  sword_whetted_vengeance_rendered [heaven]  the sword whetted, vengeance rendered — the HEAVEN entry the line song_i_am_he_declared writes on Israel: 'IF I WHET MY GLITTERING SWORD, and My hand take hold on judgment, I WILL RENDER VENGEANCE TO MY ADVERSARIES, and will recompense those who hate Me; I will make My arrows drunk with blood, My sword shall devour flesh' (32:41-42) — the second vengeance; Onkelos the sky-wide sword; 32:42 the arrows drunk with blood, the enemy's crowns; a declared future on the adversaries — the entry on Israel's ledger the song's own record
PASS  [MOVE]  Deut 32:39-43; THE WRITE nations_sing_with_his_people_land_atones; MISHNAH BERAKHOT 1:1 — the exam row; hear_o_israel, refuge, refuge_war_family by CALL — sing_aloud_o_nations_of_his_people_he_avenges_the_blood_of_his_servants_and_makes_expiation_for_the_land_of_his_people
        ->  nations_sing_with_his_people_land_atones [heaven]  the nations sing with His people, the land atones — the HEAVEN entry the line song_i_am_he_declared writes on Israel: 'SING ALOUD, O NATIONS, OF HIS PEOPLE, FOR HE AVENGES THE BLOOD OF HIS SERVANTS, renders vengeance to His adversaries, AND MAKES EXPIATION FOR THE LAND OF HIS PEOPLE' (32:43) — the imperative plural the song's last; the third vengeance; the verb of atonement closing the song — 333:4 THE LAND ATONES: R. Meir — whoever dwells in the land, recites the Shema morning and evening and speaks the holy tongue is of the world to come: MISHNAH BERAKHOT 1:1 THE CASE (the parameter the_shemas_evening_time — hear_o_israel's the_recitation_times by CALL); Numbers 35:33's atonement by the shedder's blood (refuge's the_lands_atonement by CALL, 21:8's innocent_blood_atoned UNMOVED); Onkelos: He will atone for His land and for His people; 333:5 the song's three times and two worlds
PASS  [MOVE]  Deut 32:44-45; THE LINE song_spoken_by_moses_and_hoshea (an ACT); THE WRITE song_spoken_in_the_ears_of_the_people; THE DATA ROW the_song_spoken_twice; covenant_return_charge, covenant_at_horeb by CALL — moses_came_and_spoke_all_the_words_of_this_song_in_the_ears_of_the_people
        ->  song_spoken_in_the_ears_of_the_people [status]  the song spoken in the ears of the people — the STATUS the line song_spoken_by_moses_and_hoshea writes on Israel: 'AND MOSES CAME AND SPOKE ALL THE WORDS OF THIS SONG IN THE EARS OF THE PEOPLE' (32:44) — THE SONG SPOKEN TWICE: 31:30's song_spoken_to_the_assembly_to_its_end on the tape (covenant_return_charge's line by CALL, UNMOVED) and 32:44's coming — 334:1 sets 31:1's 'went' against 32:44's 'came' and resolves it by THE SUCCESSOR'S COMING, a second act, not a retelling (the spine's own move); 'in the ears of the people' with Exodus 11:2 and 24:7; Onkelos THIS PRAISE
PASS  [MOVE]  Deut 32:44-45; THE WRITE hoshea_speaks_the_song_beside_moses on yehoshua; the old name — shelach by CALL — he_and_hoshea_the_son_of_nun
        ->  hoshea_speaks_the_song_beside_moses [status]  Hoshea speaks the song beside Moses — the STATUS the line song_spoken_by_moses_and_hoshea writes on Joshua (the entity yehoshua): 'HE AND HOSHEA THE SON OF NUN' (32:44) — THE OLD NAME KEPT (334:3): Hoshea of Numbers 13:16 (shelach.spies('joshua_name') by CALL — the new name at eight seats before 13:16, the old again here alone: a RUN CITATION of the tape's own naming; Tosefta Berakhot 1:15 on the callee's row: the same man); the successor come — his ledger's ninth entry (commissioned at 31:23, invested at Numbers 27:22)
PASS  [MOVE]  Deut 32:44-45; the act's close; covenant_return_charge by CALL; no write — moses_made_an_end_of_speaking_all_these_words_to_all_israel
        ->  accepted           [heaven]  accepted for him — the offering's acceptance state
PASS  [MOVE]  Deut 32:46-47; THE LINE set_your_heart_no_empty_matter_declared (the STATUTE); THE WRITE set_your_heart_to_these_words_commanded; MISHNAH CHAGIGAH 1:8 — the exam row; vows, mekoshesh, moadim, festivals_judges, vayikra5 by CALL — set_your_heart_to_all_the_words_which_i_testify_against_you_this_day
        ->  set_your_heart_to_these_words_commanded [status]  set your heart to these words, commanded — the STATUS the line set_your_heart_no_empty_matter_declared writes on Israel: 'SET YOUR HEART TO ALL THE WORDS WHICH I TESTIFY AGAINST YOU THIS DAY, THAT YOU MAY COMMAND YOUR CHILDREN TO OBSERVE TO DO ALL THE WORDS OF THIS LAW' (32:46) — 'set your heart' here and Haggai thrice; the witness verb of 4:26, 30:19, 31:28 (the chain by CALL); 31:12's six words in order (the hakhel's children by CALL, hakhel_children_hear_and_learn_commanded UNMOVED); 6:7's teaching (hear_o_israel.the_four_duties by CALL); Onkelos THIS TORAH; MISHNAH CHAGIGAH 1:8 THE CASE at 335:1 — the mountains by a hair (the parameter the_mountains_by_a_hair; vows' sage_release, mekoshesh's gatherers_labor, moadim, vayikra5.sacrilege by CALL — the four families named)
PASS  [MOVE]  Deut 32:46-47; 31:12's children, 6:7's teaching — covenant_return_charge, hear_o_israel by CALL; no second write — that_you_may_command_your_children_to_observe_to_do_all_the_words_of_this_law
        ->  accepted           [heaven]  accepted for him — the offering's acceptance state
PASS  [MOVE]  Deut 32:46-47; THE WRITE it_is_your_life_no_empty_matter; MISHNAH PEAH 1:1 and TOSEFTA PEAH 1:1 — the exam rows; holiness, firstfruits_ebal_curses, festivals_judges, persons_poor_court by CALL — for_it_is_no_vain_thing_for_you_because_it_is_your_life
        ->  it_is_your_life_no_empty_matter [status]  it is your life, no empty matter — the STATUS the line set_your_heart_no_empty_matter_declared writes on Israel: 'FOR IT IS NO VAIN THING FOR YOU, BECAUSE IT IS YOUR LIFE' (32:47) — ONCE in the Bible; the Sifrei 48:2 and 48:10 the outside rows — the thing you call empty is your life; 336:1 Esau's one commandment to Jacob's whole Torah; 336:2 MISHNAH PEAH 1:1 INSIDE THE SPINE — the things without measure each given its verse, THE NEST (22:7) ADDED by the spine: the peah (holiness.gifts by CALL), the first fruits and the parameter the_things_without_measure (firstfruits_ebal_curses's own row by CALL), the appearing (festivals_judges.the_three_pilgrimages by CALL), deeds of kindness (mamre by reference), the study of Torah (6:7), the nest (persons_poor_court's the_nests_sending by CALL); Tosefta Peah 1:1's minimum below, no maximum above
PASS  [MOVE]  Deut 32:46-47; length_of_days_on_the_land_promised REUSED; blessing_and_curse, covenant_return_charge by CALL; MISHNAH AVOT 6:9 — through_this_thing_you_shall_prolong_your_days_on_the_land_which_you_cross_the_jordan_to_possess
        ->  length_of_days_on_the_land_promised [heaven]  the length of days on the land promised — the conditional HEAVEN entry the line life_and_death_choice_declared writes on Israel: 'for HE IS YOUR LIFE AND THE LENGTH OF YOUR DAYS, that you may dwell in the land which the LORD swore to your fathers, to Abraham, to Isaac and to Jacob, to give them' (30:20) — the promise's own words; 4:40's, 5:16's, 11:9's prolonging the kin; the oath to the three fathers a relative clause, not the AS_WHEN form (hear_o_israel.the_gift_and_the_warning by CALL — no pointer predicted); the readback row 30:19 SUPPLIED with the writes and the two reuses
PASS  [MOVE]  Deut 32:48-50; THE LINE nebo_summons_die_as_aaron (a SPEECH of the LORD); NO MARKER — 19b's day; THE DATA ROW the_selfsame_day_seats; primeval, exodus_story, pre_sinai, covenant_return_charge, chukat, journeys by CALL — the_lord_spoke_to_moses_that_selfsame_day
        ->  accepted           [heaven]  accepted for him — the offering's acceptance state
PASS  [MOVE]  Deut 32:48-50; THE WRITE go_up_to_nebo_see_the_land_commanded on moses; the commission's debit OPEN — opening_speech, gad_reuben, borders by CALL; MISHNAH AVOT 5:6 — the exam row — go_up_into_this_mountain_of_abarim_mount_nebo_and_behold_the_land_of_canaan
        ->  go_up_to_nebo_see_the_land_commanded [status]  go up to Nebo and see the land, commanded — the STATUS the line nebo_summons_die_as_aaron writes on Moses: 'GO UP INTO THIS MOUNTAIN OF ABARIM, MOUNT NEBO, which is in the land of Moab, that is over against Jericho, AND BEHOLD THE LAND OF CANAAN which I give to the children of Israel for a possession' (32:49) — Numbers 27:12's five in order, ten tokens shared: THE COMMISSION'S MOUNTAIN (opening_speech.the_commission by CALL — one mountain, three names: Abarim, Nebo, Pisgah; the debit see_the_land_from_abarim OPEN BY DESIGN to 34:1-4 — the summons its second telling, a REFERENCE by the ink's own words, the debit not closed here); 355:6 Reuben's portion (gad_reuben's moses_grave by CALL — Reuben's Nebo, Gad's field); the land of Canaan (borders by reference); Avot 5:6 the twilight creations (a parameter)
PASS  [MOVE]  Deut 32:48-50; THE WRITE die_in_the_mountain_gathered_to_your_people_commanded on moses; THE DATA ROW moses_death_ahead; covenant_return_charge, beha, chukat by CALL — die_in_the_mount_where_you_go_up_and_be_gathered_to_your_people
        ->  die_in_the_mountain_gathered_to_your_people_commanded [status]  die in the mountain and be gathered to your people, commanded — the STATUS the line nebo_summons_die_as_aaron writes on Moses: 'AND DIE IN THE MOUNT WHERE YOU GO UP, AND BE GATHERED TO YOUR PEOPLE' (32:50) — the imperatives the chapter's eleventh and twelfth; 'be gathered to your people' in this form ONCE; Numbers 27:13's kin; THE DEATH COMMANDED, the death itself the tape's event AHEAD at 34:5 (a declared future under the retelling rules; the three gifts' daemon OWED there — covenant_return_charge's the_three_gifts_and_their_merits and beha's three_gifts by CALL); 339:1 the law of the tent read for its first words (chukat.corpse_tumah by reference); the death Moses coveted (339-341)
MISS  [MOVE]  Deut 32:48-50; THE WRITE as_aaron_died_in_hor_and_was_gathered on moses; THE POINTER 32:50 a run citation; THE DATA ROW aarons_death_the_receipt; chukat, journeys, second_tablets, family by CALL — as_aaron_your_brother_died_in_mount_hor_and_was_gathered_to_his_people
      expected: as Aaron your brother died in Mount Hor and was gathered to his people (32:50) — Aaron's death the receipt: the tape's Numbers 20:28 (chukat — Aaron (40, 5, 1) by the ink, a; journeys' retelling never a second write — no write for 33:38-40 — the de; gathered_to_his_people 5, barred_from_the_land 2 unmoved); the manner by the kiss: THE WRITE as_aaron_died_in_hor_and_was_gathered, a STATUS on Moses; the pointer a run citation
      got     : as Aaron your brother died in Mount Hor and was gathered to his people (32:50) — Aaron's death the receipt: the tape's Numbers 20:28 (chukat — Aaron (40, 5, 1) by the ink, a; journeys' retelling never a second write — no write for 33:38-40 — the de; gathered_to_his_people 6, barred_from_the_land 2 unmoved); the manner by the kiss: THE WRITE as_aaron_died_in_hor_and_was_gathered, a STATUS on Moses; the pointer a run citation
        ->  as_aaron_died_in_hor_and_was_gathered [status]  as Aaron died in Hor and was gathered — the STATUS the line nebo_summons_die_as_aaron writes on Moses: 'AS AARON YOUR BROTHER DIED IN MOUNT HOR AND WAS GATHERED TO HIS PEOPLE' (32:50) — ONCE in the Bible; AARON'S DEATH THE RECEIPT (339:3's retelling): the tape's Numbers 20:28 (garments_transferred_and_aaron_died at (40, 5, 1), aged 123 — chukat.edom_and_hor by CALL) and 33:38 (journeys.aarons_death_retold — ten asks, no_write: a retelling never writes an act twice), second_tablets's Moserah row; gathered_to_his_people and barred_from_the_land UNMOVED; the manner commanded — by the kiss (chukat.meribah('death_by_the_kiss')); THE POINTER 32:50 AS_WHEN a RUN_CITATION; family.testament by reference (Jacob's gathering the form's Genesis seat)
PASS  [MOVE]  Deut 32:51-52; THE LINE meribah_trespass_not_go_there_declared (a SPEECH of the LORD); THE WRITE trespassed_at_meribath_kadesh_not_sanctified on moses; chukat, opening_speech by CALL — because_you_trespassed_against_me_at_the_waters_of_meribath_kadesh_in_the_wilderness_of_zin
        ->  trespassed_at_meribath_kadesh_not_sanctified [status]  the trespass at Meribath-kadesh, not sanctified — the STATUS the line meribah_trespass_not_go_there_declared writes on Moses: 'BECAUSE YOU TRESPASSED AGAINST ME in the midst of the children of Israel AT THE WATERS OF MERIBATH-KADESH, IN THE WILDERNESS OF ZIN; BECAUSE YOU DID NOT SANCTIFY ME IN THE MIDST OF THE CHILDREN OF ISRAEL' (32:51) — the plural of Numbers 20:12 (Moses and Aaron both); Numbers 27:14's four in order; Meribath-kadesh here, 27:14 and Ezekiel 48:28 alone; THE REASON — Numbers 20:12's sentence read back (chukat.meribah by CALL — the barred_from_the_land entry on Moses OPEN since 20:12, read not rewritten; opening_speech's the_sentence_cited the same rule at 27:14; 340:1 'you caused them' THRICE — RUN CITATIONS): the sentence's second citing by the LORD's mouth, the sentence itself ONE entry UNMOVED; Onkelos: you dealt falsely with My Word, the strife of Rekem
PASS  [MOVE]  Deut 32:51-52; the sentence's own words; chukat by CALL; no second write — because_you_did_not_sanctify_me_in_the_midst_of_the_children_of_israel
        ->  accepted           [heaven]  accepted for him — the offering's acceptance state
PASS  [MOVE]  Deut 32:51-52; THE WRITE see_the_land_from_afar_not_go_there on moses; 34:4 ahead owed; opening_speech by CALL — you_shall_see_the_land_before_you_but_there_you_shall_not_go
        ->  see_the_land_from_afar_not_go_there [heaven]  see the land from afar, not go there — the HEAVEN entry the line meribah_trespass_not_go_there_declared writes on Moses: 'FOR YOU SHALL SEE THE LAND BEFORE YOU, BUT THERE YOU SHALL NOT GO, into the land which I give to the children of Israel' (32:52) — ONCE in this form; 34:4's 'there you shall not cross' the kin AHEAD (341:1 and 357:27 set 32:52's 'go' against 34:4's 'cross' — THE FOUR DENIALS: not as king nor commoner, not alive nor dead; 34:4 cited never read — READ THEN COMPILE PER PORTION, a pointer row OWED to the next sitting); the seeing granted and the entering denied — the sentence's positive arm with its bar; 3:27's Pisgah the retelling READ BACK by opening_speech; THE CHAPTER'S CLOSE
PASS  [DATA]  Deut 32:1-52 (the readback table); RB — the readback table, fifty-two rows — the_table
        ->  accepted           [heaven]  accepted for him — the offering's acceptance state
PASS  [DATA]  Deut 32:1-52 (the readback table); RB — the sixteen lines' first verses — the_supplied_rows
        ->  accepted           [heaven]  accepted for him — the offering's acceptance state
PASS  [DATA]  Deut 32:1-52 (the readback table); RB — the T1 rows against the tape's lines (the song's past) — the_reference_rows
        ->  accepted           [heaven]  accepted for him — the offering's acceptance state
PASS  [DATA]  Deut 32:1-52 (the readback table); RB — none in the chapter; the pointers ahead owed; 32:50's run citation — the_receipts
        ->  accepted           [heaven]  accepted for him — the offering's acceptance state
PASS  [DATA]  Deut 32:1-52 (the readback table); RB — the state row at 32:30; no pointer row — the_state_and_the_pointers
        ->  accepted           [heaven]  accepted for him — the offering's acceptance state
PASS  [DATA]  Deut 32:1-52 (the readback table); RB — the reading's kin asserts read again — the_twin_diffed
        ->  accepted           [heaven]  accepted for him — the offering's acceptance state
PASS  [DATA]  Deut 32:1-52 (the readback table); RB — the song's past retold as reference rows, its future the heaven entries; no marker — no_retrograde_row
        ->  accepted           [heaven]  accepted for him — the offering's acceptance state

MATRIX: 71/72 cells match the answer sheet
FRACTIONS: pure ink 0/72 (0%) · named moves 63/72 (88%) · data 7/72 (10%) · hypotheses 2/72 (the H class, counted apart — never as compiled)
LEDGER OPS this span writes: heaven x39, status x33
THE INK: the number verses {'32:15': [8], '32:30': [1, 1002]}, the ordinals {} (the starred tokens at [(32, 30)]); the negations {'32:5': 1, '32:6': 1, '32:17': 3, '32:20': 1, '32:27': 1, '32:30': 1, '32:31': 1, '32:47': 1, '32:51': 1, '32:52': 1}; the Name 7 bare tokens; the tokens {32: 615}
THE READBACK — THE FORMS ON FILE, NO NEW FORM: 52 rows — {'SUPPLIED': 16, 'VERBATIM': 23, 'SHORTENED': 8, 'VARIANT': 5}; on the tape 29, in the kin's cells by CALL 40 (every cell found True); the SUPPLIED rows ['Deut 32:1', 'Deut 32:5', 'Deut 32:7', 'Deut 32:10', 'Deut 32:13', 'Deut 32:15', 'Deut 32:19', 'Deut 32:23', 'Deut 32:26', 'Deut 32:29', 'Deut 32:34', 'Deut 32:39', 'Deut 32:44', 'Deut 32:46', 'Deut 32:48', 'Deut 32:51']; the rows with writes [('Deut 32:1', 'heaven_and_earth_witness'), ('Deut 32:2', 'doctrine_as_rain_and_dew_likened'), ('Deut 32:3', 'name_of_the_lord_proclaimed_greatness_ascribed'), ('Deut 32:4', 'the_rock_perfect_and_just_declared'), ('Deut 32:5', 'generation_crooked_not_his_children'), ('Deut 32:6', 'father_who_acquired_you_requited'), ('Deut 32:7', 'days_of_old_remember_commanded'), ('Deut 32:8', 'nations_bounds_set_by_number_of_israel'), ('Deut 32:9', 'lords_portion_his_people_jacob'), ('Deut 32:10', 'found_in_the_desert_encircled_and_kept'), ('Deut 32:11', 'as_an_eagle_stirring_its_nest_borne'), ('Deut 32:12', 'the_lord_alone_led_no_foreign_god'), ('Deut 32:13', 'heights_of_the_land_ridden_honey_from_the_rock'), ('Deut 32:14', 'feast_of_curd_milk_fat_and_wine_given'), ('Deut 32:15', 'jeshurun_fat_kicked_forsook_god'), ('Deut 32:17', 'demons_and_new_gods_sacrificed'), ('Deut 32:18', 'rock_that_begot_you_forgotten'), ('Deut 32:19', 'jealousy_by_no_people_foolish_nation'), ('Deut 32:20', 'face_hidden_and_forsaken_foretold'), ('Deut 32:22', 'fire_kindled_to_the_lowest_sheol'), ('Deut 32:23', 'evils_heaped_arrows_spent'), ('Deut 32:24', 'hunger_beasts_serpents_sword_terror_sent'), ('Deut 32:26', 'blotting_out_stayed_by_the_enemys_boast'), ('Deut 32:28', 'nation_void_of_counsel'), ('Deut 32:29', 'one_chasing_a_thousand_rock_sold_them'), ('Deut 32:32', 'vine_of_sodom_gall_grapes'), ('Deut 32:34', 'vengeance_laid_up_in_store_sealed'), ('Deut 32:36', 'lord_judges_his_people_repents_himself'), ('Deut 32:37', 'where_are_their_gods_asked'), ('Deut 32:39', 'i_i_am_he_no_god_beside_me'), ('Deut 32:40', 'hand_lifted_to_heaven_live_forever_sworn'), ('Deut 32:41', 'sword_whetted_vengeance_rendered'), ('Deut 32:43', 'nations_sing_with_his_people_land_atones'), ('Deut 32:44', 'song_spoken_in_the_ears_of_the_people'), ('Deut 32:46', 'set_your_heart_to_these_words_commanded'), ('Deut 32:47', 'length_of_days_on_the_land_promised'), ('Deut 32:48', 'go_up_to_nebo_see_the_land_commanded'), ('Deut 32:50', 'as_aaron_died_in_hor_and_was_gathered'), ('Deut 32:51', 'trespassed_at_meribath_kadesh_not_sanctified'), ('Deut 32:52', 'see_the_land_from_afar_not_go_there')]; the pointer rows []; the state rows ['Deut 32:30']; the OPEN rows []; the holes 0
THE COUNTER AND THE PARAMETERS: {'counter': (40, 12, 7), 'marker': None, 'marker_verse': None, 'marker_at': None, 'days_walked': 0, 'the_day_by': "19b's marker at Deut 31:1 (the number's verse 31:2) — the_death_date_of_moses on the calendar's keys", 'clock_data': ['the_death_date_of_moses']}; the parameters 25 (in the registry 0, in DATA 25); DATA rows 45
THE SCANS on the one database: the forty-two on their ledgers {'israel_people': [], 'yehoshua': [], 'moses': []}; the kin counts {'barred_from_the_land': 2, 'gathered_to_his_people': 6, 'became_the_lords_people_this_day': 2, 'lord_declared_israel_treasure_people': 1, 'treasured_people': 1, 'other_gods_barred': 1, 'manna_provided': 1, 'water_from_the_rock': 2, 'eagle_nation_devours': 1, 'few_in_number_left': 1, 'scattered_among_all_peoples': 1, 'serving_wood_and_stone_among_nations': 1, 'sold_and_none_buys': 1, 'sons_flesh_eaten_in_siege': 1, 'pestilence_cleaving': 1, 'sword_blight_mildew_sent': 1, 'trembling_heart_no_rest': 1, 'plagues_made_wonderful': 1, 'innocent_blood_atoned': 1, 'two_witnesses_required': 1, 'two_or_three_witnesses_required': 1, 'one_witness_barred': 1, 'witnesses_inquiry_commanded': 1, 'plotting_witness_talion_commanded': 1, 'song_sung': 1, 'song_writing_commanded': 1, 'song_taught_and_put_in_mouths_commanded': 1, 'song_a_witness_against_israel': 1, 'song_written_and_taught_by_moses': 1, 'song_spoken_to_the_assembly_to_its_end': 1, 'book_a_witness_against_israel': 1, 'future_whoring_after_foreign_gods_foretold': 1, 'covenant_breaking_foretold': 1, 'evils_and_troubles_befall_foretold': 1, 'corruption_after_moses_death_foretold': 1, 'moses_to_sleep_with_the_fathers': 1, 'moses_days_approach_to_die': 1, 'joshua_commissioned_to_bring_israel_in': 1, 'land_brimstone_salt_like_sodom': 1, 'hidden_things_the_lords': 1, 'shema_commanded': 1, 'hakhel_children_hear_and_learn_commanded': 1, 'serpents_sent': 1, 'healed': 2, 'atoned_forgiven': 7, 'sevenfold_vengeance': 1, 'blood_required': 1, 'scattered': 1, 'building_ceased': 1, 'no_share_in_the_world_to_come': 3, 'only_noah_remained': 1, 'famine': 3, 'rain_in_its_season': 2, 'heavens_good_treasure_opened': 1, 'curses_of_the_book_on_the_idolater': 1, 'hidden_idolater_unpardoned': 1, 'heart_turning_to_other_gods_barred': 1, 'enemies_flee_seven_ways': 1, 'smitten_before_enemies_seven_ways': 1, 'nations_dispossessed_as_sihon_and_og_promised': 1, 'holy_people_promised': 1, 'established_holy_people': 1}; the reuses {'heaven_and_earth_witness': 5, 'face_hidden_and_forsaken_foretold': 2, 'length_of_days_on_the_land_promised': 2}; the entities {'barred_from_the_land': ['aaron', 'moses'], 'gathered_to_his_people': 6, 'became_the_lords_people_this_day': ['israel_people'], 'lord_declared_israel_treasure_people': ['israel_people'], 'treasured_people': ['israel_people'], 'other_gods_barred': ['israel_people'], 'manna_provided': ['israel_people'], 'water_from_the_rock': ['israel_people'], 'heaven_and_earth_witness': ['israel_people'], 'face_hidden_and_forsaken_foretold': ['israel_people'], 'length_of_days_on_the_land_promised': ['israel_people'], 'garments_transferred_and_aaron_died': [], 'invested_office': 6, 'song_spoken_to_the_assembly_to_its_end': ['israel_people']}
THE CALLEES (the facts printed and asserted from the print): 129 facts — OH_CHAIN {'this_chapter': 'Deut 4:26', 'the_chain; CR_HIDE My anger kindled, I will forsa; GL_FLINT the rock of flint (8:15) — 'wh; ES_TREASURE 4; CP_TWO two witnesses for every death ; RF_ATONE by_the_shedders_blood; CK_DATES Aaron (40, 5, 1) by the ink, a; OS_MTN the mountain of Abarim (27:12); JR_NOWRITE no write for 33:38-40 — the de; SH_NAME Hoshea to Joshua at 13:16 — th; HI_ONE the LORD is one (6:4) — the tw; FE_EAGLE a nation from the end of the e; FJ_WHO who appears (16:16) — all obli; GR_GRAVE reubens_nebo_gads_field; BR_LAND the land of Canaan (34:2) read
THE EXAM (lean): the twenty-six Mishnah and Tosefta rows ['Avodah Zarah 3:4', 'Avot 3:6', 'Avot 5:1', 'Avot 5:6', 'Avot 6:9', 'Avot 6:10', 'Berakhot 1:1', 'Berakhot 2:2', 'Berakhot 7:1', 'Berakhot 8:8', 'Chagigah 1:8', 'Kilayim 3:2', 'Nedarim 1:2', 'Peah 1:1', 'Peah 3:2', 'Sanhedrin 3:5', 'Sanhedrin 5:2', 'Sanhedrin 9:1', 'Shevuot 7:5', 'Sotah 1:7', 'Sotah 9:9', 'Arakhin 1:4', 'Avodah Zarah 9:4', 'Peah 1:1', 'Peah 1:2', 'Peah 1:3']; segments read 0
THE NARRATIVE: (45, 0, 3, (12, 7), 0, 0, 0, 0, [(12, 7)]) (the forty-five on three ledgers — Israel ['doctrine_as_rain_and_dew_likened', 'name_of_the_lord_proclaimed_greatness_ascribed', 'the_rock_perfect_and_just_declared', 'heaven_and_earth_witness', 'generation_crooked_not_his_children', 'father_who_acquired_you_requited', 'days_of_old_remember_commanded', 'nations_bounds_set_by_number_of_israel', 'lords_portion_his_people_jacob', 'found_in_the_desert_encircled_and_kept', 'apple_of_his_eye_kept', 'as_an_eagle_stirring_its_nest_borne', 'the_lord_alone_led_no_foreign_god', 'heights_of_the_land_ridden_honey_from_the_rock', 'feast_of_curd_milk_fat_and_wine_given', 'jeshurun_fat_kicked_forsook_god', 'demons_and_new_gods_sacrificed', 'rock_that_begot_you_forgotten', 'jealousy_by_no_people_foolish_nation', 'fire_kindled_to_the_lowest_sheol', 'face_hidden_and_forsaken_foretold', 'evils_heaped_arrows_spent', 'hunger_beasts_serpents_sword_terror_sent', 'blotting_out_stayed_by_the_enemys_boast', 'nation_void_of_counsel', 'one_chasing_a_thousand_rock_sold_them', 'vine_of_sodom_gall_grapes', 'vengeance_laid_up_in_store_sealed', 'lord_judges_his_people_repents_himself', 'where_are_their_gods_asked', 'i_i_am_he_no_god_beside_me', 'i_kill_and_make_alive_none_delivers', 'hand_lifted_to_heaven_live_forever_sworn', 'sword_whetted_vengeance_rendered', 'nations_sing_with_his_people_land_atones', 'song_spoken_in_the_ears_of_the_people', 'set_your_heart_to_these_words_commanded', 'it_is_your_life_no_empty_matter', 'length_of_days_on_the_land_promised']; Joshua ['hoshea_speaks_the_song_beside_moses']; Moses ['go_up_to_nebo_see_the_land_commanded', 'die_in_the_mountain_gathered_to_your_people_commanded', 'as_aaron_died_in_hor_and_was_gathered', 'trespassed_at_meribath_kadesh_not_sanctified', 'see_the_land_from_afar_not_go_there'])
THE PARAMETER ROWS: the_readback = 52 rows, 0 holes, 0 open rows; the_counter_and_the_parameters = {'counter': (40, 12, 7), 'marker': None, 'marker_verse': None, 'marker_at': None, 'days_walked': 0, 'the_day_by': "19b's marker at Deut 31:1 (the number's verse 31:2) — the_death_date_of_moses on the calendar's keys", 'clock_data': ['the_death_date_of_moses']}; the_twin_diffed = {'32:36 vs Ps 135:14': 7, '32:49 vs Num 27:12': 10, '32:45 vs 31:1': 7, '32:46 vs 31:12': 8, '32:47 vs 11:9': 5, '32:48 vs Gen 7:13': 3, '32:48 vs Exod 12:41': 3, '32:44 vs 31:30': 5, '32:44 vs Num 13:16': 4, '32:51 vs Num 27:14': 4, '32:51 vs Num 20:12': 4, '32:50 vs Num 20:28': 2, '32:1 vs 31:28': 2, '32:1 vs 4:26': 2, '32:1 vs Isa 1:2': 0, '32:11 vs Exod 19:4': 1, '32:15 vs 31:20': 0, '32:20 vs 31:17': 3, '32:17 vs 29:25': 3, '32:8 vs Gen 11:8': 0, '32:24 vs Lev 26:22': 0, '32:30 vs Lev 26:8': 1, '32:30 vs Josh 23:10': 3, '32:32 vs 29:22': 1, '32:39 vs 6:4': 0, '32:43 vs Num 35:33': 1, '32:52 vs 34:4': 3, '32:49 vs 3:27': 2, '32:13 vs 8:15': 0, '32:21 vs 28:49': 0, '32:27 vs 9:28': 3, '32:12 vs Num 23:9': 0, '32:6 vs Exod 15:16': 1}; the_parsers_hits = {'the_numbers': {'32:15': [8], '32:30': [1, 1002]}, 'the_ordinals': {}, 'the_starred': {'32:30': 1}}; the_receipts = [] (the other settings recorded in DATA — 45 rows)
