modules imported: ['exodus_story', 'erection', 'decalogue', 'ordinances', 'mishpatim', 'mishpatim_3', 'sanctions', 'holiness', 'family', 'refuge', 'incense_shekel', 'pre_sinai', 'musafim', 'obey_horeb', 'opening_speech', 'lev24', 'vows', 'shelach', 'chukat', 'sanctuary_build']

==== (1) THE TEN WORDS' CELLS — every runner's refs to the first copy and the words' other seats, per def ====
  -- balak:
     murder               {'peor': 1, 'scene': 1, 'narrative': 1}
  -- beha:
     sabbath              {'prince_of': 1, 'trumpets': 3, 'narrative': 3}
  -- calendar:
     covet                {'law_calendar': 1}
  -- chatat:
     sabbath              {'emmaus': 1, 'mrow': 2}
  -- chukat:
     Exod 20 (ink)"       {'meribah': 9, 'edom_and_hor': 1}
     sabbath              {'sources': 1}
  -- decalogue:
     Exod 20              {'law_decalogue': 1, 'scene': 2}
     Exod 20 (ink)"       {'vain_name': 1, 'sabbath_clauses': 4, 'theft_commandment': 1, 'altar_rules': 2}
     adultery             {'theft_commandment': 1}
     murder               {'theft_commandment': 1}
     vain                 {'vain_name': 2, 'scene': 5}
     sabbath              {'MODULE': 1, 'sabbath_clauses': 2, 'law_decalogue': 3, 'scene': 8}
     decalogue            {'theft_commandment': 1, 'law_decalogue': 2, 'scene': 3}
  -- erection:
     covet                {'repeats': 1, 'mrow': 1}
     adultery             {'calf': 1}
     vain                 {'tablets': 1, 'presence': 1, 'law_erection': 1}
     other gods / image   {'covenant': 1}
     sabbath              {'shares': 2, 'repeats': 3, 'tablets': 2, 'donation': 2, 'initiations': 5, 'scene': 1, 'build': 1, 'mrow': 6}
     decalogue            {'MODULE': 1, 'repeats': 1, 'tablets': 2, 'mrow': 1}
     do and hear          {'MODULE': 1, 'fmt2': 6, 'blood_covenant': 3, 'law_erection': 2, 'scene': 2}
     face to face         {'presence': 1, 'mrow': 1}
     Horeb                {'fmt2': 1, 'tablets': 1, 'presence': 1, 'mrow': 1}
  -- exodus_story:
     Deut 5               {'marah': 1}
     honor parents        {'marah': 2, 'build': 1}
     sabbath              {'MODULE': 1, 'signs': 1, 'marah': 3, 'manna': 9, 'sinai': 3, 'build': 8}
     do and hear          {'sinai': 2, 'scene': 1, 'build': 1}
  -- family:
     Exod 20              {'testament': 2}
     Lev 19               {'testament': 2}
     Deut 5               {'MODULE': 1, 'fmt2': 2, 'levirate': 1, 'mrow': 1}
     vain                 {'levirate': 1}
     sabbath              {'commission': 1}
  -- holiness:
     Exod 20              {'anytok': 1, 'frame': 2}
     Lev 19               {'scene': 4, 'mrow': 4}
     honor parents        {'frame': 1}
     sabbath              {'MODULE': 1, 'anytok': 1, 'frame': 2}
  -- holiness_b:
     Lev 20:10            {'maidservant': 1}
     adultery             {'MODULE': 1, 'tzv': 1, 'maidservant': 1, 'law_holiness_b': 1}
     honor parents        {'mrow': 1}
     sabbath              {'MODULE': 1, 'tanakh': 1, 'mixtures': 1, 'daughter_sanctuary': 8, 'law_holiness_b': 3, 'scene': 3, 'mrow': 4}
  -- incense_shekel:
     Exod 20              {'sabbath': 1, 'mrow': 1}
     Lev 19               {'sabbath': 1, 'mrow': 1}
     murder               {'shekel': 1}
     sabbath              {'MODULE': 3, 'fmt2': 13, 'bag': 2, 'tamid': 6, 'shekel': 3, 'sabbath': 37, 'law_investiture': 1, 'law_sabbath': 11, 'scene': 8, 'mrow': 50}
     decalogue            {'MODULE': 1, 'bag': 2, 'sabbath': 3, 'mrow': 1}
  -- joseph:
     sabbath              {'dinah': 1}
  -- journeys:
     other gods / image   {'_lemmas': 1, 'the_command': 2, 'narrative': 1}
  -- korach:
     adultery             {'rebellion': 2, 'narrative': 1}
     sabbath              {'clause': 1}
  -- lev24:
     Exod 21:1x           {'law_lev24': 1}
     Lev 24:1x            {'law_lev24': 2, 'scene': 2, 'narrative': 6}
  -- mekoshesh:
     Lev 24:1x            {'out': 1, 'capital_procedure': 1}
     sabbath              {'MODULE': 1, 'verse_text': 1, 'capital_procedure': 1, 'the_gatherer': 6, 'law_mekoshesh': 5, 'scene': 4, 'narrative': 19}
  -- minchah:
     sabbath              {'salt': 2, 'mrow': 1}
  -- mishpatim_3:
     Exod 21:1x           {'maidservant': 1, 'parent_curser': 1, 'scene': 7}
     murder               {'killer': 1, 'law_mishpatim_3': 1, 'scene': 1}
     honor parents        {'toks': 2, 'parent_curser': 1, 'law_mishpatim_3': 1}
     sabbath              {'burglar': 2, 'law_mishpatim_3': 2, 'scene': 10}
  -- moadim:
     sabbath              {'MODULE': 2, 'count': 2, 'work_class': 1, 'omer': 1, 'sukkot': 2, 'sabbath_vs_festival': 3, 'law_moadim': 4, 'scene': 3, 'mishnah': 9}
  -- musafim:
     sabbath              {'MODULE': 3, 'words': 2, 'name_census': 9, 'the_tamid': 2, 'the_sabbath': 24, 'the_new_moon': 1, 'tishri': 2, 'sukkot': 4, 'the_calendar': 5, 'law_musafim': 5, 'scene': 12, 'narrative': 26}
  -- naso:
     Deut 5               {'voice': 1}
     adultery             {'prince_of': 1}
     false witness        {'sotah': 2, 'narrative': 2}
     sabbath              {'prince_of': 1, 'dedication': 5, 'scene': 6, 'narrative': 4}
  -- obey_horeb:
     Exod 20              {'MODULE': 2, 'out': 5, 'rb': 7, 'horeb_retold': 2, 'no_image': 6, 'the_one_god': 2, 'law_obey_horeb': 3, 'narrative': 5}
     Deut 5               {'out': 17}
     murder               {'rb': 3, 'the_cities_and_the_frame': 2}
     other gods / image   {'rb': 3, 'no_image': 6, 'the_exile_case': 1, 'law_obey_horeb': 2, 'narrative': 10}
     sabbath              {'rb': 1}
     decalogue            {'MODULE': 4, 'rb': 10, 'horeb_retold': 4, 'the_one_god': 1, 'the_cities_and_the_frame': 1, 'law_obey_horeb': 4, 'narrative': 4}
     do and hear          {'the_exhortation': 1, 'narrative': 1}
     Horeb                {'MODULE': 13, 'out': 1, 'rb': 5, 'horeb_retold': 9, 'no_image': 2, 'the_cities_and_the_frame': 1, 'law_obey_horeb': 11, 'scene': 24, 'narrative': 17}
  -- opening_speech:
     Exod 23:1            {'MODULE': 1}
     face to face         {'the_commission': 1, 'narrative': 1}
     Horeb                {'MODULE': 1, 'words': 2, 'lemma_seats': 3, 'rb': 4, 'the_frame': 1, 'the_officers_and_the_judges': 7, 'law_opening_speech': 6, 'narrative': 5}
  -- ordinances:
     Exod 20              {'MODULE': 2, 'law_ordinances': 1, 'scene': 11}
     Exod 23:1            {'MODULE': 2, 'scene': 2}
     Lev 24:1x            {'MODULE': 1, 'gifts': 1}
     Deut 19:1x           {'MODULE': 1, 'courts': 1, 'scene': 1}
     false witness        {'MODULE': 1, 'tanakh_phrase': 1, 'law_ordinances': 1, 'scene': 1}
     decalogue            {'MODULE': 2, 'tanakh_phrase': 2, 'altar': 5, 'mrow': 1, 'law_ordinances': 1, 'scene': 3}
  -- pesach_sheni:
     sabbath              {'second_passover': 4, 'narrative': 3}
  -- pre_sinai:
     Exod 20              {'MODULE': 1, 'sabbath': 8, 'noahide': 2, 'build': 1, 'mrow': 4}
     Exod 21:1x           {'MODULE': 1, 'noahide': 1}
     Lev 19               {'sabbath': 1, 'noahide': 1, 'mrow': 1}
     Lev 24:1x            {'MODULE': 1, 'verdict': 1, 'noahide': 2}
     Deut 5               {'noahide': 1}
     adultery             {'MODULE': 1, 'fmt2': 3, 'noahide': 8, 'mrow': 5}
     murder               {'verdict': 1, 'noahide': 1}
     honor parents        {'mrow': 1}
     other gods / image   {'noahide': 1}
     sabbath              {'MODULE': 8, 'fmt2': 21, 'verdict': 1, 'creation': 4, 'day_boundary': 3, 'sabbath': 46, 'covenant': 1, 'circumcision': 10, 'mrow': 49}
     decalogue            {'MODULE': 2, 'fmt2': 1, 'verdict': 1, 'sabbath': 6, 'mrow': 3}
  -- priesthood:
     Lev 19               {'family': 1}
     adultery             {'MODULE': 2, 'tanakh': 2, 'family': 1}
     honor parents        {'family': 1, 'law_priesthood': 1}
     sabbath              {'tanakh': 2, 'lamp_table': 14, 'law_priesthood': 3, 'scene': 1, 'mrow': 10}
  -- primeval:
     honor parents        {'breach': 1}
     other gods / image   {'babel': 1}
     sabbath              {'exit': 1}
  -- refuge:
     Exod 20              {'lemma_tokens': 1}
     Exod 21:1x           {'MODULE': 1, 'lemma_tokens': 4, 'the_refuge_law': 2, 'the_murderer': 1, 'the_manslayer': 1, 'narrative': 4}
     Deut 5               {'lemma_tokens': 1}
     murder               {'MODULE': 2, 'out': 1, 'lemma_tokens': 13, 'the_refuge_law': 1, 'the_murderer': 14, 'the_manslayer': 2, 'the_statute': 3, 'law_refuge': 6, 'scene': 4, 'narrative': 16}
     false witness        {'lemma_tokens': 1}
     sabbath              {'MODULE': 1, 'lemma_tokens': 3, 'the_levite_cities': 2, 'the_statute': 2, 'narrative': 2}
  -- sanctions:
     Exod 21:1x           {'three_are_one': 1, 'sanction': 1, 'curser': 1}
     Lev 20:10            {'mrow': 3}
     Lev 24:1x            {'MODULE': 1, 'curser': 1}
     adultery             {'anytok': 1, 'three_are_one': 1, 'locate20': 1, 'sanction': 4, 'census': 1, 'adultery': 3, 'law_sanctions': 9, 'scene': 11, 'mrow': 15}
     murder               {'severity': 2, 'mrow': 2}
     honor parents        {'anytok': 1, 'three_are_one': 1, 'curser': 1, 'mrow': 1}
  -- sanctuary_build:
     Exod 20              {'MODULE': 1, 'mrow': 1}
     Lev 24:1x            {'books': 1}
     sabbath              {'offering': 4, 'table': 1, 'mrow': 2}
  -- sequence:
     Exod 20              {'MODULE': 1, 'registry_map': 1, 'tape': 2}
     Lev 24:1x            {'tape': 7}
     Deut 5               {'registry_map': 1}
     murder               {'tape': 3}
     other gods / image   {'tape': 1}
     sabbath              {'MODULE': 2, 'tape': 9, 'checkpoints': 12}
     decalogue            {'MODULE': 4, 'tape': 3, 'checkpoints': 1}
     do and hear          {'tape': 3}
     Horeb                {'MODULE': 4, 'tape': 18, 'checkpoints': 7}
  -- shelach:
     Lev 24:1x            {'subsequence': 1}
     sabbath              {'libations': 3, 'high_hand': 1, 'narrative': 4}
  -- tochacha:
     sabbath              {'MODULE': 3, 'has': 2, 'has_run': 1, 'sabbath_debt': 9, 'seventy_timer': 3, 'law_tochacha': 8, 'scene': 5, 'sifra': 9}
  -- vayikra5:
     vain                 {'graded_offering': 1, 'scene': 3}
     sabbath              {'deposit_restitution': 1}
  -- vestments:
     sabbath              {'plate': 1}
  -- vows:
     Exod 20              {'hearing_due': 1}
     sabbath              {'hearing_due': 12, 'the_man': 2, 'the_affliction_oath': 6, 'scene': 5, 'narrative': 3}
  -- yovel:
     sabbath              {'MODULE': 1, 'count': 4, 'cycle': 3, 'field_kind_by_father': 1, 'law_yovel': 5, 'scene': 1, '_bavli': 1}
  -- zelophehad:
     Lev 24:1x            {'the_daughters': 2, 'narrative': 2}

==== (2) THE CALLEES' DEFS, ASKS, DATA KEYS ====
==== exodus_story: 25 defs ['strip', 'toks', 'cell', '_seats', '_load', 'mishnah', '_bavli', '_mekhilta', 'oppression', 'birth', 'bush', 'signs', 'bricks', 'plagues', 'night', 'sea', 'marah', 'manna', 'trials', 'amalek', 'jethro', 'sinai', 'law_exodus_story', 'scene', 'build']
   oppression                   asks ['disgrace_to_praise', 'embittered_reason', 'fruitful', 'houses', 'midwives', 'new_king', 'rigor_seats', 'three_decrees']
   birth                        asks ['ark_day', 'birthday', 'born_circumcised', 'jochebed_age', 'lax', 'lodging', 'marriage', 'pursuit_closed_at', 'three_months']
   bush                         asks ['cry_words', 'errand', 'holy_ground_seats', 'name', 'name_gloss']
   signs                        asks ['believed_seats', 'count', 'firstborn_call', 'leprous_as_snow', 'mark_of_anger', 'staff_twilight']
   bricks                       asks ['complaint_answered', 'expressions', 'kohath_bound', 'not_heard_reason', 'officers', 'refusal']
   plagues                      asks ['agents', 'darkness_days', 'first_divine', 'hardening_seats', 'lice_finger', 'one_more', 'removed', 'sea_count', 'seven_days', 'ten', 'tomorrows', 'twelve_months']
   night                        asks ['by_day', 'firstborn', 'garments', 'midnight', 'please', 'sent_formula', 'stations', 'transitions', 'wage']
   sea                          asks ['bones', 'faith_song', 'not_one', 'pillar_measure', 'saved_seat', 'serach', 'song_mode', 'song_mode_three', 'ten_at_sea', 'two_verses']
   marah                        asks ['healer_condition', 'murmur_seat', 'statute_list', 'three_days', 'tree']
   manna                        asks ['day_by_day', 'double', 'fifteenth_sabbath', 'forty_years', 'less_thirty', 'omer_before', 'sabbath', 'seventh_none', 'twilight']
   trials                       asks ['ascent_off_the_books', 'avot', 'count_by_exodus', 'first_quail', 'ten_list']
   amalek                       asks ['blotting', 'hands', 'jethro_heard', 'weakened_seat']
   jethro                       asks ['denominations', 'hard_cases', 'judges', 'olah', 'sanhedrin_sizes', 'timing']
   sinai                        asks ['added_day', 'bound_release', 'days_r_yose', 'days_rabbis', 'descents', 'giving_weekday', 'names_count', 'new_moon', 'one_heart', 'third_of_month_and_week', 'treasure_seats', 'tub', 'we_will_do_seats']
   law_exodus_story             asks []  kinds ['amalek_came', 'amalek_weakened', 'appeared_in_the_bush', 'believed', 'blotting_sworn', 'bones_taken', 'bounds_set', 'brought_out', 'covenant_offered', 'cry_went_up', 'decree_issued', 'decree_refused', 'double_gathered', 'drawn_from_the_water', 'driven_from_court', 'egyptian_struck', 'face_barred', 'firstborn_death_decreed', 'fled', 'hands_raised', 'healer_promised', 'heart_hardened', 'hidden', 'holy_ground_declared', 'houses_made', 'jethro_came', 'jethro_sacrificed', 'journeyed', 'judges_appointed', 'king_arose', 'king_died', 'lives_embittered', 'lord_descended', 'made_to_serve', 'manna_fell', 'married', 'moses_went_up', 'mouth_appointed', 'murmured', 'name_declared', 'named', 'not_heard', 'now_you_will_see', 'officers_beaten', 'omer_kept', 'people_answered', 'people_sanctified', 'pillar_set', 'placed_in_the_ark', 'plague_removed', 'plague_struck', 'pursued', 'redemption_promised', 'release_refused', 'rested_on_the_seventh', 'returned_to_egypt', 'rock_struck', 'sang', 'saved_at_the_sea', 'sea_returned']
   build                        asks ['headline_covenant_run', 'headline_plagues', 'headline_promises', 'headline_tables', 'headline_wage', 'world']
   uppercase names: ['A', 'D', 'DB', 'FA', 'FX', 'H', 'HARDENED', 'I', 'M', 'OF', 'P', 'PLAGUES', 'PS', 'PS_', 'REMOVED', 'SCENE', 'SHEET', 'SHEET2', 'SLOTS', 'STRUCK', 'TESTS', 'WE']
   imports: ['cold_run_family', 'cold_run_offerings', 'cold_run_pesach', 'cold_run_pre_sinai']
   lines with 'Deut 5'        : 1  e.g. ['if q == \'statute_list\': return cell((\'seven_of_the_sons_of_noah\', \'courts\', \'sabbath\', \'honoring_father_and_mother\'), M, "Sanhedrin 56b:15-16 — \'there He set for him a st']
   lines with 'tablet'        : 1  e.g. ['if q == \'staff_twilight\': return cell(True, A, "Mishnah Avot 5:6 — ten things created on the eve of the Sabbath at twilight: the mouth of the earth, the mouth of the well']
   lines with 'abbath'        : 14  e.g. ["the manna and the first Sabbath, Massah and Amalek, Jethro and the judges, Sinai's acts. The first of the four narrative", 'if q == \'staff_twilight\': return cell(True, A, "Mishnah Avot 5:6 — ten things created on the eve of the Sabbath at twilight: the mouth of the earth, the mouth of the well', 'if q == \'statute_list\': return cell((\'seven_of_the_sons_of_noah\', \'courts\', \'sabbath\', \'honoring_father_and_mother\'), M, "Sanhedrin 56b:15-16 — \'there He set for him a st']
   lines with 'remember'      : 4  e.g. ['if q == \'giving_weekday\': return cell(\'sabbath\', M, "Shabbat 86b:5 — all agree the Torah was given to Israel on the SABBATH (\'remember the Sabbath day\', 20:8, and \'rememb', "if k == 'cry_went_up': return [E_('cry_heard', subj, cp='HEAVEN'), E_('covenant_remembered', subj, value='with Abraham, with Isaac and with Jacob (2:24)')]", "('moses', 'sought_to_kill'), ('israel', 'cry_heard'), ('israel', 'covenant_remembered'), ('the-place-of-the-bush', 'holy_ground'), ('moses', 'sent_to_pharaoh'), ('god', '"]
   lines with 'keep'          : 3  e.g. ['if q == \'healer_condition\': return cell(4, I, "\'IF you will diligently listen to the voice of the LORD your God, and do what is right in His eyes, and give ear to His com', 'if q == \'sabbath\': return cell(PS_.creation(\'seventh_named\')[\'v\'], P, "CALLED cold_run_pre_sinai.creation(\'seventh_named\') -> \'the seventh day\' named three times at Gen 2', 'if q == \'omer_before\': return cell(\'the_testimony\', I, "\'and Aaron laid it before THE TESTIMONY in keeping\' (16:34) — the ark of 40:20 not yet made: the ink\'s own anachro']
   lines with 'honor'         : 2  e.g. ['if q == \'statute_list\': return cell((\'seven_of_the_sons_of_noah\', \'courts\', \'sabbath\', \'honoring_father_and_mother\'), M, "Sanhedrin 56b:15-16 — \'there He set for him a st', "('ten commandments at Marah (Sanhedrin 56b)', marah('statute_list'), ('seven_of_the_sons_of_noah', 'courts', 'sabbath', 'honoring_father_and_mother')),"]
   lines with 'witness'       : 2  e.g. ["its witness cut from the verse's consonants; (2) the answer sheet — the Mishnah's narrative rows read whole from the shelf,", "c_named = _seats(lambda ws: any(ws[i] in ('ויקרא', 'ותקרא', 'ויקראו', 'קרא') and any(x in ('שם', 'שמו', 'שמה') for x in ws[i + 1:i + 5]) for i in range(len(ws))), 1, 19) "]
   lines with 'thousands'     : 2  e.g. ['if q == \'judges\': return cell(600000 // 1000 + 600000 // 100 + 600000 // 50 + 600000 // 10, I, "the four denominations of 18:21 (%r — thousands, hundreds, fifties, tens) ', 'if q == \'denominations\': return cell(len(c_denominations), I, "\'rulers of THOUSANDS, rulers of HUNDREDS, rulers of FIFTIES and rulers of TENS\' (18:21, 18:25) — four denom']
   lines with 'servant'       : 2  e.g. ['if q == \'believed_seats\': return cell([(4, 31), (14, 31)], I, "\'and the people BELIEVED\' (4:31), \'and they BELIEVED in the LORD and in Moses His servant\' (14:31) — the fa', "w.submit({'kind': 'believed', 'subject': 'israel', 'in': 'the LORD and Moses His servant (14:31)', 'case_source': 'Exod 14:31'})"]
   lines with 'stranger'      : 1  e.g. ["w.submit({'kind': 'named', 'subject': 'gershom', 'name': 'Gershom (גרשם — a stranger there, 2:22)', 'by': 'moses', 'case_source': 'Exod 2:22'})"]
   lines with 'voice'         : 3  e.g. ['if q == \'refusal\': return cell(\'i_do_not_know_the_lord\', I, "\'who is the LORD that I should hear His voice to send Israel? I do not know the LORD, and Israel too I will n', 'if q == \'healer_condition\': return cell(4, I, "\'IF you will diligently listen to the voice of the LORD your God, and do what is right in His eyes, and give ear to His com', 'if q == \'treasure_seats\': return cell(4, I, "\'a treasure\' (סגלה) at 19:5 in Exodus; Deut 7:6, 14:2, 26:18 the Torah\'s other seats (measured): the offer\'s HEAVEN entry, co']
   lines with 'thick darkness': 1  e.g. ['if q == \'darkness_days\': return cell(3, I, "\'thick darkness in all the land of Egypt THREE DAYS\' (10:22)", [\'plague_struck\'])']
   lines with 'elders'        : 1  e.g. ['if q == \'kohath_bound\': return cell((133, 137, 80, 350), I, "the roster\'s lifespans (6:18 Kohath 133, 6:20 Amram 137) with Moses\' eighty (7:7) bound the years in Egypt fr']
   lines with 'heads'         : 1  e.g. ['if q == \'song_mode_three\': return cell((\'adult_reading_the_hallel\', \'minor_reading_the_hallel\', \'the_scribe_who_begins\'), M, "Sotah 30b:11-13 — how did they say the song?']
   lines with 'covenant'      : 14  e.g. ["engine's blessing, covenant and seventh day; the family engine's marriage formula; the offering engine's burnt offering;", "import cold_run_pre_sinai as PS_   # THE LIVE EDGES (dependency_dispositions.yaml): the blessing (1:7), the covenant's eighth day (4:25), the seventh day (16:23-29)", 'if q == \'lodging\': return cell(PS_.circumcision(\'eight_days\')[\'v\'], P, "CALLED cold_run_pre_sinai.circumcision(\'eight_days\') -> (\'a son of eight days\', Gen 21:4) [IMPORT,']
   lines with 'this day'      : 1  e.g. ['if q == \'giving_weekday\': return cell(\'sabbath\', M, "Shabbat 86b:5 — all agree the Torah was given to Israel on the SABBATH (\'remember the Sabbath day\', 20:8, and \'rememb']
   lines with '24:7'          : 1  e.g. ['if q == \'we_will_do_seats\': return cell(c_we_will_do, I, "\'we will do\' (נעשה) at %r — 19:8 the first answer, 24:3 and 24:7 the erection engine\'s (one type under two law l']
   lines with '24:3'          : 3  e.g. ['if q == \'two_verses\': return cell((\'Exod 13:19\', \'Josh 24:32\'), M, "Sotah 13b:5 — the verses contradict: \'and Moses took the bones of Joseph with him\' (13:19) and \'the bo', 'if q == \'we_will_do_seats\': return cell(c_we_will_do, I, "\'we will do\' (נעשה) at %r — 19:8 the first answer, 24:3 and 24:7 the erection engine\'s (one type under two law l', "('the two verses of the bones (Sotah 13b)', sea('two_verses'), ('Exod 13:19', 'Josh 24:32')),"]
   lines with '19:16'         : 2  e.g. ['if q == \'third_of_month_and_week\': return cell(True, M, "Shabbat 87a:6 — \'the third\' (19:16): the third of the month and the third of the week — hard for the rabbis; they', "w.submit({'kind': 'thunder_and_horn', 'subject': 'the-mountain', 'case_source': 'Exod 19:16'})"]
   lines with '19:17'         : 1  e.g. ['if q == \'tub\': return cell(\'the_mountain_held_over_them_like_a_tub\', M, "Shabbat 88a:5 — \'and they stood at the foot of the mountain\' (19:17): Rav Avdimi bar Chama bar Ch']
   lines with '19:18'         : 1  e.g. ["w.submit({'kind': 'lord_descended', 'subject': 'the-mountain', 'case_source': 'Exod 19:18; Exod 19:20'})"]
   lines with 'Kiddushin 3'   : 6  e.g. ['111a, 91a, 18a, 56b, 67b, Shabbat 86b-88a, Zevachim 116a, 102a, Arakhin 15a-b, Kiddushin 38a, Sotah 30b, Berakhot 9a-b,', "print('answer sheet: %d Mishnah rows and %d shelf rows verified by their own tokens (Pesachim 10, Avot 5, Sotah 1 and 5, Rosh Hashanah 3, Eduyot 2, Sanhedrin 1; Sotah 11a", 'if q == \'birthday\': return cell((12, 7), M, "Kiddushin 38a:5-7 — \'on the seventh of Adar Moses died and on the seventh of Adar he was born\' (from Deut 31:2 \'a hundred and']
   lines with 'Shabbat 88'    : 2  e.g. ['if q == \'tub\': return cell(\'the_mountain_held_over_them_like_a_tub\', M, "Shabbat 88a:5 — \'and they stood at the foot of the mountain\' (19:17): Rav Avdimi bar Chama bar Ch', "('the mountain like a tub (Shabbat 88a)', sinai('tub'), 'the_mountain_held_over_them_like_a_tub'),"]
==== erection: 43 defs ['strip', 'toks', 'raw', 'phrase', 'seats', 'has', 'anytok', 'tanakh', 'tanakh_any', 'tanakh_phrase', 'torah', 'torah_phrase', 'fmt', 'fmt2', 'nations', 'first_in', 'norm', 'bag', 'jac', 'align', 'delta', 'shares', 'cell', 'covenant', 'repeats', 'tablets', 'blood_covenant', 'ascent', 'calf', 'presence', 'craftsmen', 'donation', 'command', 'execution', 'initiations', 'cloud', 'law_erection', 'scene', 'scene_counts_w6', 'scene_counts_w7', 'build', 'load', 'mrow']
   covenant                     asks ['asherav_homograph', 'bow_warning', 'child_follows_mother', 'court_error_bow', 'covenant_thirteen', 'cut_four', 'daughters_two_seats', 'demolition_first_seat', 'demolition_grows', 'eat_sacrifice', 'el_acher', 'inserted_neighbor', 'inserted_verses', 'intermarriage_channels', 'invitation_is_eating', 'molten_two_seats', 'nations_seven_orders', 'no_bow_by_call', 'no_covenant_by_call', 'pillars_exod', 'sheet_az_2_3', 'sheet_az_3_5', 'sheet_az_4_2', 'sheet_az_4_4', 'whoring_three', 'wonders']
   repeats                      asks ['appear_delta', 'appearance_amounts', 'arafto', 'as_commanded_without_kaf', 'chagigah_older', 'chagigah_overnight', 'donkey_by_call', 'empty_exported', 'empty_two_seats', 'empty_where_it_stands', 'equinox', 'feasts_delta', 'first_fruits_by_call', 'firstborn_delta', 'headline', 'jaccard', 'kelal_prat', 'kid_by_call', 'kid_identical', 'leaven_by_call', 'leaven_delta', 'loaves_by_call', 'matzah_by_call', 'matzah_delta', 'order_of_clauses', 'peter_forms', 'peter_twice', 'pilgrimage_by_call', 'plowing_three_readings', 'purge_before_slaughter', 'rest_by_call', 'rest_delta', 'sabbatical_by_call', 'seh_class', 'sheet_bekhorot_1_2', 'sheet_bekhorot_1_7', 'sheet_pesachim_5_4', 'sheet_sheviit_1_4', 'tekufat', 'tifdeh_doubled', 'tifdeh_triple', 'tipadeh', 'tizakar_homograph', 'until_morning_forms', 'warranty', 'warranty_read', 'weeks_consonants', 'wheat_two_loaves', 'zivchi_two_seats']
   tablets                      asks ['al_pi', 'annulled_by_ezekiel', 'breaking_ratified', 'called_name', 'charut_freedom', 'chips_yours', 'confession_order', 'dual_anger', 'fathers_sons', 'finger_and_forms', 'forgive_triple', 'formula_seats', 'forty_nine', 'fragments_by_call', 'gift_unannounced', 'graze_ban_presence', 'kekhaloto', 'majority_fork', 'medium_law', 'name_not_cleared', 'no_ascend', 'pesal_two', 'prayer_leader', 'radiance', 'reading_map', 'reconciled', 'sinai_exod', 'ten_words', 'tension_resolved', 'yhwh_yhwh']
   blood_covenant               asks ['basins_rule', 'blood_of_covenant', 'blue_chain', 'book_of_covenant', 'cantillation', 'convert_rite', 'eras_by_call', 'lxx_change', 'mar_zutra', 'no_eating_transposed', 'olah_before_tent', 'olah_by_call', 'olah_which', 'one_voice', 'onkelos_atone', 'parse_question', 'pre_sinai_table', 'purity_altar_top', 'sapphire', 'seventy', 'sheet_keritot_2_1', 'teiku', 'unnamed_elders', 'youths', 'youths_firstborn']
   ascent                       asks ['baal_devarim', 'burden_of_proof', 'canon_channel', 'forty', 'seventeenth_tammuz', 'sheet_taanit_4_6', 'six_seventh', 'torah_mitzvah', 'under_mountain', 'within_within']
   calf                         asks ['boshesh', 'both_sides_charut', 'bow_likened', 'chag_layhwh', 'confess_specify', 'fill_your_hand', 'four_verbs', 'fourth_verb_decides', 'great_sin', 'individual_rule', 'letzachek', 'levi_all', 'mi_layhwh', 'molten_calf', 'nullification_dispute', 'oath_endures', 'para_pharaoh', 'plague', 'reading_law', 'relent', 'saru_stiff', 'seized', 'services_by_call', 'sotah_verb', 'surcharge', 'three_books', 'three_deaths', 'three_legged', 'vav_plural', 'vayechal', 'vow_annulled']
   presence                     asks ['blessing_not_duty', 'by_name_favor', 'hapaxes', 'horev_plene', 'knot', 'looked_after', 'manasseh', 'ornaments_homograph', 'pillar_face', 'ruling_distance', 'sheet_avot_1_1', 'speech_with_speech', 'tent_outside', 'three_hundred', 'twelve_mil', 'yamish_chain']
   craftsmen                    asks ['announced_leader', 'called', 'craft_alignment', 'craft_delta', 'finger', 'inventory_five', 'named_by_call', 'restrictor', 'spirit_triple', 'teach_added', 'wisdom_to_wise']
   donation                     asks ['alignment', 'dwells_in', 'habosem', 'heart_binds', 'heart_twelve', 'identical_pairs', 'material_order', 'princes_revocalized', 'sheet_chagigah_1_8', 'spinning', 'spinning_labor', 'trigger_by_call', 'vows_release', 'wave_gold']
   command                      asks ['anoint_verbs', 'as_their_father', 'date', 'dressing_orders_by_call', 'dressing_spec', 'everlasting_priesthood', 'oil_run_by_call', 'on_means_beside', 'partition_as_roof', 'screen_on', 'verbs']
   execution                    asks ['alignment_blocks', 'date_by_call', 'directions', 'erection_day_three', 'global_stamp', 'hukam', 'kaasher_all', 'nisan_for_kings', 'not_picked', 'pickup', 'raise_never_lower', 'rose_of_itself', 'second_year', 'seven_stamps', 'sheet_shabbat_2_3', 'stamps_by_call', 'staves_by_call', 'sunday', 'ten_crowns', 'tent_spread', 'testimony_by_call', 'unrun', 'unrun_in_leviticus', 'vayekhal', 'veil_by_call', 'whole']
   initiations                  asks ['base_a_fortiori', 'bread_by_call', 'burner_delta', 'erekh_lechem', 'first_incense_by_call', 'four_by_call', 'four_priests', 'indispensable_rule', 'lamps_by_call', 'laver_offset', 'laver_run_by_call', 'milvad', 'moses_added', 'moses_priest', 'raise_lamps', 'sabbath_initiation', 'sheet_menachot_4_4', 'tamid_by_call', 'two_loci']
   cloud                        asks ['could_not', 'dwell_by_call', 'fire_night', 'first_lifting', 'glory_filled', 'journeys', 'meeting_by_call', 'numbers_9', 'protocol', 'within_within']
   law_erection                 asks []  kinds ['ascent_barred', 'attributes_proclaimed_at_sinai', 'bowed_to_another_god', 'bread_arranged', 'calf_destroyed', 'calf_made', 'called_from_the_tent', 'case_brought_to_deputies', 'cloud_lifted', 'could_not_enter', 'covenant_blood_thrown', 'covenant_cut_at_sinai', 'craftsman_called', 'daughters_taken', 'elders_ascended', 'entered_the_land', 'erected', 'glory_filled', 'hands_feet_washed', 'incense_burned', 'lamps_raised', 'levites_gathered', 'moses_ascended', 'moses_interceded', 'offering_brought', 'people_answered', 'sacrifice_of_inhabitant_eaten', 'tablets_broken', 'tamid_offered', 'tent_pitched_outside', 'testimony_placed', 'veil_hung', 'work_finished', 'youths_offered']
   build                        asks ['eighth_day_scene_by_call', 'headline_pickup', 'headline_second_seat', 'headline_unrun', 'inventory', 'stamps_total', 'world', 'world_w6', 'world_w7']
   uppercase names: ['A', 'ACC', 'CAL', 'CALIGN', 'CAL_FAT', 'CAL_FF', 'CAL_KID', 'CAL_LAME', 'CAL_LEAVEN', 'CAL_MALE', 'CAL_MATZAH', 'CAL_REC', 'CAL_SAB', 'CAL_SAB_HOME', 'CAL_SAB_SCOPE', 'CAL_WHO', 'CAL_WOMAN', 'CLB', 'CPB', 'CVB', 'D', 'DALIGN', 'DB', 'DEMOL', 'DIRS', 'E', 'E24', 'E31', 'E32', 'E33', 'E34', 'E35', 'E40', 'EALIGN', 'EB', 'EWHOLE', 'E_40_12_SPEC', 'E_40_31_SPEC', 'E_MATCHED', 'E_UNRUN', 'E_UNRUN_BEST', 'E_UNRUN_LEV8', 'FIRST', 'FSB', 'FX', 'GALIGN', 'H', 'HEADS', 'I', 'INV', 'INV_N', 'IS', 'IS_BETWEEN', 'IS_BURNER', 'IS_DWELL', 'IS_FILL', 'IS_FIRST_INC', 'IS_GIFT_TOLD', 'IS_HANDS', 'IS_INIT', 'IS_LAVER_RUN', 'IS_LOCI', 'IS_MEETING', 'IS_OIL_40', 'IS_OIL_L8', 'IS_OLAT', 'IS_PERSONS', 'IS_SEVEN', 'IS_TWO', 'IS_WASHING', 'IS_WASH_DIE', 'L8', 'M', 'MATS', 'MO', 'MO_COUNT', 'MO_FF_LINK', 'MO_FLOUR', 'MO_LOAVES', 'NATIONS', 'NOT_PICKED', 'NUM', 'N_VERSES', 'OFF', 'OFF_OLAH_F', 'OFF_OLAH_H', 'OFF_SHEL', 'ORD', 'ORD_ANGEL', 'ORD_BREAK', 'ORD_DONKEY', 'ORD_NOBOW', 'ORD_NOCOV', 'ORD_NOTDWELL', 'ORD_ONLY', 'ORD_ROW', 'ORD_SERV', 'P', 'PICKED', 'PICKUP', 'PR', 'PR_ARR', 'PR_EVE', 'PR_LOAVES', 'PR_ONE', 'PR_SAB', 'PR_TWO', 'PR_WEST', 'PS', 'PS_DONKEY', 'PS_HUMAN', 'PS_LEFT', 'PS_PURGE', 'PS_WIN', 'REPEAT', 'R_DELTA', 'R_INSERTED', 'R_JAC', 'SB', 'SB_BREAD']
   imports: ['cold_run_calendar', 'cold_run_incense_shekel', 'cold_run_moadim', 'cold_run_offerings', 'cold_run_ordinances', 'cold_run_pesach', 'cold_run_priesthood', 'cold_run_sanctuary_build', 'cold_run_shemini_day', 'cold_run_tzav', 'cold_run_vestments']
   lines with 'Horeb'         : 4  e.g. ["('their ORNAMENTS from Mount Horeb',                       'Exod', 33, 6, 'עדים'),", 'return cell(\'His_name_not_cleared\', M, "Yoma 86a:3 (opened) — \'since it says at Horeb repentance and clearing, one might think even the vain oath; the verse says He will ', 'return cell(1, I, "33:6 \'from Mount HOREB\' — the name written plene (חורב) at this seat alone in the Tanakh (17:6 \'in Horeb\' with a prefix; the bare form is \'sword\')", [F']
   lines with 'face to face'  : 2  e.g. ['return cell(\'speech_with_speech\', M, "Onkelos Exod 33:9-11 — \'face to face\' rendered SPEECH WITH SPEECH, \'as a man speaks with his friend\' — the reflexive guarding transc', "('the pillar six, face to face five', presence('pillar_face'), (6, 5)),"]
   lines with 'ten words'     : 2  e.g. ["23:19 token for token; 'by the mouth of these words' with Genesis alone; 'the ten words' at three; the radiance", '(\'"the ten words" at three seats\', tablets(\'ten_words\'), 3),']
   lines with 'Decalogue'     : 2  e.g. ['return cell(1, I, "34:24 \'and no man shall COVET your land when you go up\' — the covet-verb in this form (יחמד) at %s alone in the Tanakh: the Decalogue\'s last word turne', 'return cell(3, I, "34:28 \'the words of the covenant, THE TEN WORDS\' — the Decalogue\'s own name at %s: written only here in Exodus (not at chapter 20), twice in Deuteronom']
   lines with 'tablet'        : 80  e.g. ['34:1-9, 27-35 the second tablets, the attributes as a standing formula with their tension resolved by a condition (Yoma', "('the tablets of stone, the TORAH and the COMMANDMENT',    'Exod', 24, 12, 'והמצוה'),", "('ENGRAVED on the tablets',                                'Exod', 32, 16, 'חרות'),"]
   lines with 'abbath'        : 15  e.g. ["IS_MEETING = IS.tamid('meeting')['v']; IS_FILL = IS.persons('fill_hand')['v']; IS_GIFT_TOLD = IS.sabbath('gift_told')['v']", "PR_SAB = PR.lamp_table('sabbath_exchange')['v']; PR_ONE = PR.lamp_table('one_priest')['v']", 'return cell((\'added_sabbatical\', \'omer_harvest_excluded\', \'labors_divided\'), M, "THE ADDED TOKENS READ THREE WAYS — Makkot 8b:3 (opened): R. Akiva — the plowing of the ev']
   lines with 'remember'      : 3  e.g. ['return cell(c_tizakar_kelal, I, "34:19-20 \'ALL your cattle you shall remember-the-male — the firstling of OX and SHEEP, and the firstling of a DONKEY\': a generalization a', 'return cell(9, I, "\'you shall remember-the-male\' (תזכר, 34:19) — the token at %d seats of the Tanakh, eight of them \'you shall REMEMBER\' (Deut 7:18, 16:3...): the male-ve', '(\'"remember-the-male" at nine seats, eight of them "remember"\', repeats(\'tizakar_homograph\'), 9),']
   lines with 'keep'          : 7  e.g. ['return cell(ORD_NOBOW, P, "23:24 \'you shall not bow to their gods nor serve them nor do after their deeds\' — the first seat\'s three: cold_run_ordinances.land(no_bow) -> %', 'return cell(\'despising_the_festivals_as_idolatry_by_adjacency\', M, "Makkot 23a:4 and Pesachim 118a:12 (opened) — R. Elazar b. Azaryah: \'whoever despises the festivals is ', 'return cell(\'he_redeems_himself_sons_not_daughters\', M, "Kiddushin 29a:17 (opened) — \'tifdeh\' read \'TIPADEH\' (you shall BE redeemed): one whom others are commanded to red']
   lines with 'honor'         : 3  e.g. ['return cell(\'sanctity_while_the_presence\', M, "Taanit 21b:4 (opened) — R. Yosei: the place does not honor the man; while the Presence rested on Sinai \'the flock and herd ', 'return cell((\'praise\', \'discredit\'), M, "Kiddushin 33b:15 (opened) — 33:8 \'and they looked after Moses until he came into the tent\' (a hapax): R. Ami and R. Yitzchak Napp', 'if not event.get(\'presence_resting\', True): return []     # Taanit 21b:4 — when the Presence departed, "they may go up" (19:13): the place does not honor the man — the bo']
   lines with 'adulter'       : 1  e.g. ['return cell(4, I, "\'a GREAT SIN\' at %s — three times in this chapter (Moses to Aaron, Moses to the people, Moses to God) and Abimelech\'s (Gen 20:9): the token shared by i']
   lines with 'witness'       : 13  e.g. ["'great sin' with Abimelech; the sword on the thigh with the Song; the ornaments spelled like witnesses; 'face to", 'return cell({\'sword\': \'witnesses_and_warning\', \'plague\': \'witnesses_no_warning\', \'dropsy\': \'neither\'}, M, "Yoma 66b:14 (opened) — \'witnesses and warning — by the SWORD (3', 'return cell(([(\'Exod\', 33, 4)], [(\'Exod\', 33, 5)], 4), I, "33:4-6 \'his ornaments\', \'your ornaments\', \'their ornaments\' — in the Torah at %s, %s, and the plural at four se']
   lines with 'covet'         : 2  e.g. ['return cell(1, I, "34:24 \'and no man shall COVET your land when you go up\' — the covet-verb in this form (יחמד) at %s alone in the Tanakh: the Decalogue\'s last word turne', '(\'"no man shall covet" a hapax form\', repeats(\'warranty\'), 1),']
   lines with 'desire'        : 3  e.g. ['return cell(\'forbidden_once_worshipped\', A, "Mishnah Avodah Zarah 4:4 — \'an Israelite\'s idol is not forbidden until it is WORSHIPPED\' — the calf: made at 32:4, worshipped', 'return cell(\'they_desired_many_gods\', M, CPB + "Sanhedrin 63a:17 — R. Shimon b. Yochai: \'which brought you UP\' (plural) — they desired many gods; Avodah Zarah 53b:10 (ope', "('Sanhedrin 63a:17 — they desired many gods', calf('vav_plural'), 'they_desired_many_gods'),"]
   lines with 'vain'          : 6  e.g. ['return cell(\'His_name_not_cleared\', M, "Yoma 86a:3 (opened) — \'since it says at Horeb repentance and clearing, one might think even the vain oath; the verse says He will ', 'return cell(\'moses_joshua_elders_prophets_great_assembly\', A, "Mishnah Avot 1:1 — \'Moses received Torah from Sinai and handed it to JOSHUA\' — the chain\'s first link is th', "if event.get('repented') and event.get('sin_kind') != 'vain_oath':"]
   lines with 'other gods'    : 1  e.g. ['return cell(1, I, "34:14 \'you shall not bow to ANOTHER GOD\' (לאל אחר) — the singular \'another god\' a hapax (the Torah elsewhere writes \'other gods\'); \'for the LORD, JEALO']
   lines with 'jealous'       : 2  e.g. ['return cell(1, I, "34:14 \'you shall not bow to ANOTHER GOD\' (לאל אחר) — the singular \'another god\' a hapax (the Torah elsewhere writes \'other gods\'); \'for the LORD, JEALO', 'return cell(ORD_NOBOW, P, "23:24 \'you shall not bow to their gods nor serve them nor do after their deeds\' — the first seat\'s three: cold_run_ordinances.land(no_bow) -> %']
   lines with 'thousands'     : 1  e.g. ['return cell((4, 3, 3, 12), I, "\'keeping kindness to thousands\' at %d seats, \'visiting the iniquity of fathers\' at %d, \'and clearing He will not clear\' at %d (%s), \'will n']
   lines with 'servant'       : 8  e.g. ['return cell(\'the_invitation_is_the_eating\', M, "Avodah Zarah 8a:17 (opened) — R. Yishmael: a gentile\'s feast for his son with all the Jews of his town invited — \'though t', 'return cell(\'as_she_is\', A, "Mishnah Kiddushin 3:12 — \'whoever has no betrothal with him or with others, the child is AS SHE IS: the child of a maidservant or of a gentil', 'return cell(R_DELTA[\'rest\'], I, "34:21 against 23:12 — ADDS %s (\'you shall WORK\', \'in PLOWING and in HARVEST\') and DROPS %s (the ox, the donkey, the maidservant\'s son, th']
   lines with 'stranger'      : 3  e.g. ['of 34:24; the molten-gods clause 34:17 before the feast), DROPS (the beasts, the slave, and the stranger of the rest; the', 'return cell(R_DELTA[\'rest\'], I, "34:21 against 23:12 — ADDS %s (\'you shall WORK\', \'in PLOWING and in HARVEST\') and DROPS %s (the ox, the donkey, the maidservant\'s son, th', "('CALLED calendar.weekly_rest x2', repeats('rest_by_call'), ('every seventh day', 'ox, donkey, slave, resident stranger')),"]
   lines with 'voice'         : 8  e.g. ["(1) code from the BARE INK — the censuses below (the seventy elders at three seats; 'one voice'; the acceptance", "c_one_voice = tanakh_phrase(['קול', 'אחד']);                          assert c_one_voice == [('2Chr', 5, 13), ('Exod', 24, 3)], c_one_voice", "if q == 'one_voice':"]
   lines with 'two tablets'   : 3  e.g. ["('HEW for yourself two tablets',                           'Exod', 34, 1, 'פסל'),", 'return cell(c_tablets_forms, I, "\'the finger of God\' at %s; \'two tablets of the testimony\' a hapax; the tablets-word\'s written forms in the Torah — %s: \'luchot\' written d', 'return cell(3, I, "31:18 \'written with THE FINGER OF GOD\' — at %s (the magicians\' \'the finger of God\' at 8:15 the first); \'two tablets of the testimony\' a hapax; Onkelos ']
   lines with 'elders'        : 13  e.g. ["(1) code from the BARE INK — the censuses below (the seventy elders at three seats; 'one voice'; the acceptance", "('SEVENTY of the elders of Israel',                        'Exod', 24, 1, 'ושבעים'),", 'return cell(3, I, "\'seventy of the elders of Israel\' at %s — the covenant\'s two seats and the seventy Moses gathers at Num 11:16 (Mishnah Sanhedrin 1:6\'s seventy-one from']
   lines with 'heads'         : 2  e.g. ['return cell(INV_N, I, "THE INVENTORY AT FIVE SEATS — %s: the work-list to Bezalel (31:7-11) names ten heads, the call to the wise-hearted (35:11-19) seventeen, the delive', 'return cell((14, 12), I, "the command\'s placement verbs %d (erect, put, screen, bring, arrange, raise, give); the order\'s inventory %d heads (%s) — the testimony named in']
   lines with 'we will hear'  : 3  e.g. ["formula at three seats and 'we will do and we will hear' once; 'the book of the covenant' at four; 'the blood of", 'out = [E_(\'entered_the_covenant\', event.get(\'people\', subj), cp=\'HEAVEN\', value=blood_covenant(\'one_voice\')[\'v\'], law=\'F4 [INK 24:3 "all the people answered with ONE VOIC', "ws.submit({'kind': 'people_answered', 'subject': 'the-people', 'people': 'the-people', 'book_read': True, 'case_source': 'Exod 24:7 — the book of the covenant read: we wi"]
   lines with 'covenant'      : 134  e.g. ["covenant (the youths' two offerings and their PARSE — the cantillation the sugya itself names as the difference, Chagigah", "formula at three seats and 'we will do and we will hear' once; 'the book of the covenant' at four; 'the blood of", "the covenant' once; the basins once with the Song; the youths once; 'whoever has a case' once; the nations' lists"]
   lines with '24:7'          : 7  e.g. ['return cell(2, I, "24:3 \'all the people answered with ONE VOICE\' — the phrase at %s (the Chronicler\'s singers the other); the acceptance formula \'all that the LORD has sp', 'return cell(4, I, "24:7 \'the BOOK of the covenant\' at %s — Moses\' at Sinai, Josiah\'s at the Temple twice (2 Kgs 23:2, 23:21), and the Chronicler\'s: the run of the reading', 'return cell(\'on_means_beside\', M, "Menachot 62a:13 (opened; 98a:19, Sotah 37a:10 credited) — Rabbi on Lev 24:7 \'you shall put ON the row pure frankincense\': \'on means BES']
   lines with '24:3'          : 4  e.g. ['return cell(2, I, "24:3 \'all the people answered with ONE VOICE\' — the phrase at %s (the Chronicler\'s singers the other); the acceptance formula \'all that the LORD has sp', "if WE.seat(src) != ('Exod', 24): return []   # O8 S1 (2026-09-08): this daemon's seats 24:3, 24:7; the first answer at 19:8 is the story engine's (rule 11 enforced: one a", 'out = [E_(\'entered_the_covenant\', event.get(\'people\', subj), cp=\'HEAVEN\', value=blood_covenant(\'one_voice\')[\'v\'], law=\'F4 [INK 24:3 "all the people answered with ONE VOIC']
   lines with '19:16'         : 1  e.g. ['return cell(\'internal_40_13\', I, "40:15 \'and anoint them AS you anointed their father\' — the pointer INTERNAL (40:13, two verses up); the persons\' anointing at %s alone i']
   lines with 'Shevuot'       : 6  e.g. ['return cell(\'His_name_not_cleared\', M, "Yoma 86a:3 (opened) — \'since it says at Horeb repentance and clearing, one might think even the vain oath; the verse says He will ', 'return cell(\'resolved_in_the_heart_binds\', M, "Shevuot 26b:15 (opened) — Deut 23:24 \'what comes out of your lips\' — \'resolved in his heart from where? the verse says (35:', 'return [E_(\'given_by_the_heart\', g, cp=\'the-sanctuary\', value=ground, law=\'F9 [INK 35:5 "everyone WILLING OF HEART shall bring it"; 35:21 "every man whose HEART LIFTED HI']
   lines with 'Kiddushin 3'   : 5  e.g. ['return cell(\'as_she_is\', A, "Mishnah Kiddushin 3:12 — \'whoever has no betrothal with him or with others, the child is AS SHE IS: the child of a maidservant or of a gentil', 'return cell((\'praise\', \'discredit\'), M, "Kiddushin 33b:15 (opened) — 33:8 \'and they looked after Moses until he came into the tent\' (a hapax): R. Ami and R. Yitzchak Napp', 'return [E_(\'intermarriage_barred\', event.get(\'taker\', subj), value=(\'by_torah\' if event.get(\'nation\') == \'seven\' else \'by_decree\'), law=\'F1 [INK 34:16 "and you take of th']
   lines with 'Makkot 24'     : 3  e.g. ['86a) and a clause annulled by a later prophet (Makkot 24a), the medium law of the two channels (Gittin 60b), the radiance.', 'return cell(\'the_soul_that_sins_it_shall_die\', M, "Makkot 24a:30 (opened) — \'Moses said (34:7) visits the iniquity of fathers on children; Ezekiel came and ANNULLED it: t', "('Makkot 24a:30 — Ezekiel annulled it', tablets('annulled_by_ezekiel'), 'the_soul_that_sins_it_shall_die'),"]
   lines with 'Yoma 4'        : 7  e.g. ['return cell((\'wronged\', \'rebelled\', \'sinned\'), A, "Mishnah Yoma 4:2 (the link row at 34:7) — the high priest\'s confession \'I have wronged, rebelled, sinned\' against 34:7\'', 'return cell(\'17_tammuz\', M, CVB + "Taanit 28b:9-10 (via Yoma 4b) — 24:16\'s seventh day (Sivan 7) plus 24:18\'s forty days and nights = the SEVENTEENTH OF TAMMUZ, \'he came ', 'return cell(\'within_within\', M, CVB + "Yoma 4b:9 — 24:18 \'Moses came INTO the cloud\' against 40:35 \'Moses could NOT enter the tent for the cloud dwelt on it\': the school ']
   lines with 'Sotah 37'      : 1  e.g. ['return cell(\'on_means_beside\', M, "Menachot 62a:13 (opened; 98a:19, Sotah 37a:10 credited) — Rabbi on Lev 24:7 \'you shall put ON the row pure frankincense\': \'on means BES']
==== decalogue: 11 defs ['strip', 'verse_text', 'ink', 'move', 'out', 'vain_name', 'sabbath_clauses', 'theft_commandment', 'altar_rules', 'law_decalogue', 'scene']
   vain_name                    asks ['false_future_oath', 'vain_and_false_utterance', 'vain_oath']
   sabbath_clauses              asks ['causing', 'labor_scope', 'laden_beast', 'remember']
   theft_commandment            asks ['kidnapper', 'money_theft_here']
   altar_rules                  asks ['build_recipe', 'hewn_stones', 'steps']
   law_decalogue                asks []  kinds ['name_sworn_in_vain', 'person_stolen', 'sabbath_labor', 'sabbath_remembered']
   DATA keys (0): []
   uppercase names: ['FX', 'P', 'SCENE', 'WE']
   imports: []
   lines with 'Decalogue'     : 3  e.g. ["'the Decalogue\\'s theft is the theft of PERSONS; money-theft '", "w = WE.World(era='the Decalogue\\'s law layer: Shevuot 3, Shabbat 120b, 153b, Sanhedrin 11:1 on the engine (clock unit: days)')", "('Mishnah Sanhedrin 11:1 — the Decalogue\\'s theft is of persons',"]
   lines with 'abbath'        : 14  e.g. ["# this span's own ink: the vain name, the Sabbath clauses, the theft", 'def sabbath_clauses(case, data):', 'ink(\'20:8\', \'"REMEMBER the Sabbath day TO SANCTIFY IT \'']
   lines with 'remember'      : 8  e.g. ["'SPOKEN AS ONE UTTERANCE — like remember and observe: a '", "if case['ask'] == 'remember':", "move('Pesachim 106a:5 (triage LAW row)', 'remember it OVER '"]
   lines with 'honor'         : 2  e.g. ["# already compiled; the parents' honor case-law lives outside this", "'recipe honoring the iron ban')"]
   lines with 'murder'        : 1  e.g. ['\'"you shall not murder" and "you shall not commit adultery": \'']
   lines with 'adulter'       : 1  e.g. ['\'"you shall not murder" and "you shall not commit adultery": \'']
   lines with 'steal'         : 2  e.g. ["('תגנב',  20, 15, 'you shall not steal'),", 'return [E_(\'put_to_death\', event[\'thief\'], value=\'strangled\', law="F3 [INK 20:15 in its context, Sanhedrin 86a:15-16; 21:16 \'steals a man and sells him... shall surely be']
   lines with 'theft'         : 9  e.g. ["# this span's own ink: the vain name, the Sabbath clauses, the theft", '# (theft = 20:15, altar clauses = 20:25-26); the probes pin the', 'def theft_commandment(case, data):']
   lines with 'vain'          : 16  e.g. ["# this span's own ink: the vain name, the Sabbath clauses, the theft", 'def vain_name(case, data):', "'vain, for the LORD WILL NOT HOLD GUILTLESS (לא ינקה) him who '"]
   lines with 'servant'       : 1  e.g. ['return [E_(\'labor_barred\', event[\'household\'], value=event[\'actor\'], law="F2 [INK 20:10 \'you shall not do any labor — you, your son and your daughter, your slave and your']
   lines with 'stranger'      : 2  e.g. ['\'stranger within your gates" — the household enumerated\')', 'return [E_(\'labor_barred\', event[\'household\'], value=event[\'actor\'], law="F2 [INK 20:10 \'you shall not do any labor — you, your son and your daughter, your slave and your']
   lines with 'heads'         : 1  e.g. ['# The four case heads of the law layer (20:7, 20:8, 20:10, 20:15 with 21:16), each a case-form type']
   lines with 'Exod 20'       : 4  e.g. ["# THE DECALOGUE'S LAW LAYER (Exod 20) — the third span compiled under", '"""Exod 20:7, 20:8-10, 20:15 (cold_run_decalogue.py F1-F3)."""', 'w.submit({\'kind\': \'sabbath_labor\', \'subject\': \'the-household\', \'household\': \'the-household\', \'actor\': \'self\', \'act\': \'do\', \'case_source\': "Exod 20:10 — the ink\'s own list']
   lines with 'Shevuot'       : 10  e.g. ["move('Shevuot 21a:6 (triage LAW row)', 'R. Yochanan in the '", "move('Shevuot 20b:6 (triage LAW row)', 'the broken I-will-eat '", "move('Shevuot 20b:9 (triage LAW row)', 'vain and false were '"]
   lines with 'Sanhedrin 86'  : 2  e.g. ["move('Sanhedrin 86a:15-16 (triage LAW rows)', 'a matter learned '", 'return [E_(\'put_to_death\', event[\'thief\'], value=\'strangled\', law="F3 [INK 20:15 in its context, Sanhedrin 86a:15-16; 21:16 \'steals a man and sells him... shall surely be']
==== ordinances: 21 defs ['strip', 'toks', 'seats', 'has', 'anytok', 'tanakh', 'tanakh_phrase', 'cell', 'altar', 'capital', 'stranger', 'loan', 'gifts', 'firstling', 'torn', 'courts', 'land', 'load', 'mrow', 'law_ordinances', 'scene']
   altar                        asks ['earth_altar', 'every_place', 'from_heaven', 'hewn', 'nakedness', 'obligatory_if', 'olah_on_it', 'ramp', 'recipe', 'shelamim_on_it', 'silver_gold', 'steps', 'stones_source', 'sword_profanes']
   capital                      asks ['beast_court', 'beast_mode', 'beast_woman', 'devoted_seats', 'idolater_row', 'joining', 'service_architecture', 'sorceress_deed', 'sorceress_gender', 'sorceress_mode', 'sorceress_warning']
   stranger                     asks ['beloved_census', 'cry_doubled', 'ger_seats', 'measure_for_measure', 'one_affliction', 'two_verbs', 'widow_orphan_scope', 'words_vs_money', 'you_were_strangers']
   loan                         asks ['bite_noun', 'court_only', 'covering_tokens', 'creditor_manner', 'day_night_garments', 'five_prohibitions', 'foreigner', 'gracious', 'im_obligation', 'interest_spec', 'pledge_sunset', 'priority_ladder', 'who_transgresses', 'widow_not_pledged']
   gifts                        asks ['among_your_people', 'caesarean', 'curse_verb_seats', 'delay_is_reorder', 'elohim_fork', 'firstborn_son', 'five_sela', 'four_liabilities', 'fullness_outflow', 'name_gate', 'names_count', 'order_sheet', 'stillbirth', 'thirty_days', 'to_any_priest']
   firstling                    asks ['donkey_by_call', 'eighth_and_onward', 'nursed_from_chullin', 'run_phrase', 'two_seats_one_timer', 'with_its_mother']
   torn                         asks ['cannot_live', 'dogs_wage', 'field_common_case', 'fit_list', 'holy_men', 'lashes', 'to_the_dog', 'torn_seats']
   courts                       asks ['announce_duration', 'asymmetry', 'begin_from_side', 'bribe', 'bribe_absolute', 'circumstantial', 'common_case_animals', 'deceiver', 'dissenter', 'enemy_ox', 'enemy_three_days', 'false_report', 'father_says_no', 'grudge', 'keep_far', 'lying_under', 'majority_hapax', 'measure', 'needy_in_his_cause', 'no_retrial_acquitted', 'oath_class', 'one_vs_two', 'onkelos_teaching', 'poor_not_glorified', 'return_doubled', 'ris', 'sign_and_claimant', 'stranger_repeat', 'straying', 'three_warnings', 'twenty_three', 'unload_doubled', 'unload_load', 'who_is_enemy', 'with_him', 'witness_of_violence']
   land                         asks ['angel', 'borders', 'bread_water', 'break_pillars', 'hornet', 'little_by_little', 'no_barren', 'no_bow', 'no_covenant', 'not_dwell', 'not_forgive', 'serve_before', 'spine_silent']
   law_ordinances               asks []  kinds ['acquitted_retried', 'altar_built', 'bribe_offered', 'court_split', 'donkey_under_burden', 'enemys_animal_met', 'entered_the_land', 'false_report_carried', 'firstborn_son', 'firstling_born', 'flesh_torn', 'fullness_delayed', 'garment_pledged', 'god_or_ruler_cursed', 'lay_with_beast', 'offered_on_altar', 'sacrificed_to_gods', 'served_the_lord', 'silver_lent', 'sorcery_done', 'stranger_wronged']
   uppercase names: ['A', 'D', 'DB', 'DEC', 'DEC_HEWN', 'DEC_RECIPE', 'DEC_STEPS', 'FX', 'H', 'HB', 'HB_GER_SEATS', 'HB_STRANGERS', 'HB_WORD', 'HL', 'HL_BRIBE', 'HL_DEAF', 'HL_EQUAL', 'I', 'M', 'MK', 'N_VERSES', 'OFF', 'OLAH_F', 'OLAH_H', 'P', 'PS', 'PS_CAES', 'PS_DONKEY', 'PS_HUMAN', 'SA', 'SA_BEAST_COURT', 'SA_BEAST_WARN', 'SA_OUT_WHERE', 'SA_OUT_WHO', 'SA_WOMAN', 'SCENE', 'SHEET', 'SHEL', 'SHELF', 'SPAN', 'TESTS', 'TORAH', 'WE', 'YV', 'YV_BROTHER', 'YV_FOREIGN', 'YV_INT']
   imports: ['cold_run_decalogue', 'cold_run_holiness', 'cold_run_holiness_b', 'cold_run_offerings', 'cold_run_pesach', 'cold_run_sanctions', 'cold_run_yovel']
   lines with 'Decalogue'     : 1  e.g. ['"alone; the decalogue runner\'s image-scope machine (the Decalogue\'s second utterance) by name", [\'disqualified\'])']
   lines with 'remember'      : 1  e.g. ['return cell(HB_WORD, P, MK + "22:20: the two verbs split — wronging = WORDS, oppression = MONEY; Mishnah Bava Metzia 4:10 quotes this verse for wronging by words (\'rememb']
   lines with 'keep'          : 4  e.g. ["if q == 'keep_far':", 'return cell(\'hapax\', I, f"23:7 \'from a FALSE MATTER keep far\' — the phrase at {c_falsehood} alone; " + MK + ": no ignorant colleague on the bench, no advocates beside "', '"Onkelos keeps both doubled verbs; Mishnah Avodah Zarah 3:1: the images\' test (a staff, a bird, a ball — the sages)", [\'demolished\'])']
   lines with 'honor'         : 1  e.g. ['return cell(DEC_RECIPE, P, f"the build that honors the ban — CALLED cold_run_decalogue.altar_rules(build_recipe) -> {DEC_RECIPE!r} (Zevachim 54a:8, Levi\'s baraita) [IMPOR']
   lines with 'witness'       : 17  e.g. ["report's three warnings, the witness of violence, the asymmetric majority and", "Philistines', 'miscarrying' each a hapax; 'a witness of violence' at", '\'"on the eighth day you shall give" %s · WITH its mother %s vs UNDER its mother %s · torn %d · false report %s · witness of violence %s · after the many %s · glorify %s ·']
   lines with 'servant'       : 2  e.g. ['return cell(\'every_title_israel_carries\', M, MK + "22:20: converts carry every title Israel carries — servants, ministers, lovers, covenant, acceptance, guarding (the "', 'f"{c_covering}: the maidservant\'s covering (21:10) and this; " + MK + ": covering = the cloak, garment = the shirt, \'in what shall he lie\' brings the hide mattress; "']
   lines with 'your ox'       : 1  e.g. ['return cell(\'hapax\', I, f"22:29 \'so shall you do with your ox and your sheep: seven days it shall be with its mother, ON THE EIGHTH DAY YOU SHALL GIVE IT TO ME\' — "']
   lines with 'stranger'      : 38  e.g. ["the bribe by the holiness engine, the stranger by the holiness engine's second", "righteous', 'the open-eyed', 'the soul of the stranger', 'the sea of the", "strangers' at four seats; 'shall not live' at three; 'devoted' at four;"]
   lines with 'Memra'         : 2  e.g. ['"alone; Onkelos 23:21: \'for his WORD is in My name\' — the verse re-seated on the Memra layer", [FX.NONE])', "('Exod 23:20-21 — the angel; the Name in him (hapaxes; Onkelos\\'s Memra)', land('angel'), 'hapax_the_Name_in_him'),"]
   lines with 'heads'         : 4  e.g. ["'the conditional heads at %s · the doubled verbs at %s'", 'f"offering, and \'IF an altar of stones\' (20:25); the conditional heads in this runner\'s spans at {c_ifs}", [FX.NONE])', '# Twenty-one case heads of the four spans (20:22-26, 22:17-30, 23:1-9, 23:20-33), each a case-form']
   lines with 'covenant'      : 15  e.g. ['bread and water blessed, no covenant, the snare).', 'return cell(\'every_title_israel_carries\', M, MK + "22:20: converts carry every title Israel carries — servants, ministers, lovers, covenant, acceptance, guarding (the "', '"Joshua 24:19\'s \'He will not bear your transgression and your sins\' — the same clause at the covenant\'s renewal", [FX.NONE])']
   lines with 'Exod 20'       : 14  e.g. ['"""cold_run_ordinances.py — THE REST OF THE ORDINANCES (Exod 20:19-26; 22:17-30; 23:1-9; 23:20-33)', 'Span: Exod 20:19-26 — THE ALTAR LAW (no gods of silver and gold; the altar of', '"""Exod 20:22-26, 22:17-30, 23:1-9, 23:20-33 (cold_run_ordinances.py F1-F9)."""']
   lines with '19:16'         : 5  e.g. ["Exod 23:1 and Deut 19:16 alone; 'until the sun sets' at 22:25 and Exod", '(the son redeemed, the donkey, the Caesarean). Deut 22:1-4, 24:10-17, 19:16,', '"19:16\'s scheming witness; " + MK + " (R. Natan): the violent and the robbers disqualified as witnesses; Mishnah Sanhedrin 3:3\'s list — the dice player, the "']
   lines with '19:17'         : 1  e.g. ['"the judge not hearing one litigant before the other stands; the litigant not arguing to the judge alone (Deut 19:17\'s \'the two men shall stand\'); Abba "']
   lines with '20:19'         : 4  e.g. ['"""cold_run_ordinances.py — THE REST OF THE ORDINANCES (Exod 20:19-26; 22:17-30; 23:1-9; 23:20-33)', 'Span: Exod 20:19-26 — THE ALTAR LAW (no gods of silver and gold; the altar of', '# ---- F1: THE ALTAR LAW (20:19-26) ------------------------------------']
   lines with '20:21'         : 1  e.g. ['return cell(\'attached_to_the_ground\', A, f"20:24 \'an altar of EARTH you shall make Me\' — the phrase at {c_earth} alone; Mishnah Chagigah 3:8 (linked at 20:21): the golden']
   lines with 'Shevuot'       : 13  e.g. ['7, Bava Metzia 2 and 5, Bekhorot 8, Chullin 3, Terumot 3, Middot 3, Shevuot 4', '"curses by the Name — by an epithet R. Meir liable, the sages exempt; Shevuot 4:13: \'the one who curses by all of these\' (the epithets) — R. Meir liable, the "', 'return cell(\'fit_not_disqualified\', A, "Mishnah Shevuot 4:1: the oath of testimony applies to the fit and not the disqualified, to men not women, to the distant not the "']
   lines with 'Bava Metzia 5' : 9  e.g. ['f"definitions {YV_INT[\'definitions\'][\'v\']!r} (Mishnah Bava Metzia 5:1) [IMPORT, live call]; this verse writes the BITE noun alone", [\'interest_barred\'])', '"live call]; Mishnah Bava Metzia 5:6: iron sheep from gentiles, lending to and borrowing from them at interest", [\'interest_barred\'])', 'return cell([\'lo_titen_Lev_25_37\', \'al_tikach_Lev_25_36\', \'ke_nosheh_Exod_22_24\', \'neshekh_Exod_22_24\', \'lifnei_iver_Lev_19_14\'], A, "Mishnah Bava Metzia 5:11: the "']
==== mishpatim: 6 defs ['strip', 'words', 'has_lemma', 'grade', 'law_mishpatim', 'scene']
   law_mishpatim                asks []  kinds ['animal_stolen', 'field_grazed', 'fire_spread', 'men_quarrel', 'pit_opened', 'redeemed_by_deduction']
   uppercase names: ['DB', 'EFFECTS', 'FX', 'SCENE', 'TOTAL', 'WE']
   imports: []
   lines with 'theft'         : 5  e.g. ['# ---- F5: the theft multiples (code: 21:37, 22:3) --------------------', "results.append(grade('theft multiples', 'Mishnah Bava Kamma 7:1', cells))", '# grazing (22:4), the fire (22:5), the theft multiples (21:37, 22:3), and the buy-out (21:8 by']
   lines with 'heads'         : 1  e.g. ["# registered on this scene beside the runner's own daemon, which takes the case heads the library"]
==== mishpatim_3: 14 defs ['strip', 'toks', 'cell', 'maidservant', 'killer', 'parent_striker', 'parent_curser', 'slave_struck', 'burglar', 'mishnah', '_mekhilta', '_bavli', 'law_mishpatim_3', 'scene']
   maidservant                  asks ['designation', 'exits', 'foreign_sale', 'her_age', 'money_for_another', 'redemption', 'the_three', 'the_two_exits', 'these_three', 'who_sells']
   killer                       asks ['father_and_son', 'forewarning', 'guile_excludes', 'his_fellow', 'mode', 'refuge_by_descent', 'the_altar', 'the_place']
   parent_striker               asks ['after_death', 'either_parent', 'mode', 'wound']
   parent_curser                asks ['the_woman']
   slave_struck                 asks ['a_day_or_two', 'avenged_is', 'his_money_arms', 'the_rod', 'under_his_hand', 'whose_slave']
   burglar                      asks ['judged_by_his_end', 'struck_by_whom', 'the_barrel', 'the_doubt', 'the_father', 'the_sabbath', 'the_sale', 'the_sun', 'the_woman']
   law_mishpatim_3              asks []  kinds ['burglar_found', 'daughter_sold', 'man_struck_dead', 'parent_struck', 'slave_struck_by_master']
   uppercase names: ['A', 'D', 'FX', 'H', 'I', 'M', 'MK', 'SA', 'SCENE', 'SHEET', 'SHEET2', 'T', 'TESTS', 'WE']
   imports: ['cold_run_sanctions']
   lines with 'abbath'        : 7  e.g. ["if q == 'the_sabbath':", "return cell('the_same_and_the_pile_cleared', M, 'Sanhedrin 72b:3-5 — blood and no blood alike on the Sabbath; '", 'out.append(E_(\'has_blood\', th, cp=hh, value=blood + \' — \' + why, law=\'X4 [INK 22:1 "he has no blood" / 22:2 "he has blood" — %s%s]\' % (why, \'; the Sabbath the same\' if ev']
   lines with 'murder'        : 3  e.g. ["return cell('the_sword', M, 'Mishnah Sanhedrin 9:1 — the murderer among the beheaded; Sanhedrin 52b:13 = ' + MK +", 'out.append(E_(\'put_to_death\', hh, value=\'as_a_murderer\', law=\'X4 [INK 22:2 "he has blood" — Mekhilta Nezikin continuation 2 1-2: he knew he was at peace with him and kill', "('Mishnah Sanhedrin 9:1; Sanhedrin 52b:13 — the murderer\\'s mode: the sword', killer('mode'), 'the_sword'),"]
   lines with 'steal'         : 2  e.g. ["return cell('came_to_steal_or_to_kill', M, MK + 'continuation 1 1; Sanhedrin 72a:4 (Rava): a man does not stand '", "('Sanhedrin 72a:4 — the doubt: to steal or to kill', burglar('the_doubt'), 'came_to_steal_or_to_kill'),"]
   lines with 'theft'         : 16  e.g. ["sale for the theft; (2) the Mishnah's rows as TEST DATA read whole from the shelf, each verified by a token in its own", "('SOLD for his theft',                     22, 2, 'ונמכר'),", "'woman does not (Mishnah Sotah 3:8); not his son (7 3); not herself, nor is she sold for her theft or '"]
   lines with 'servant'       : 21  e.g. ['maidservant (X1), 21:13-15 and 21:17 the capital clauses (X2), 21:20-21 the slave struck (X3), 22:1-2 the burglar (X4);', 'def maidservant(q, **k):', "return cell(['years', 'jubilee', 'deduction', 'signs'], A, 'Mishnah Kiddushin 1:2 — the Hebrew maidservant acquires '"]
   lines with 'stranger'      : 2  e.g. ["w.submit({'kind': 'burglar_found', 'subject': 'the-stranger-thief', 'householder': 'the-householder', 'thief': 'the-stranger-thief', 'in_tunnel': True, 'struck_dead': Tru", "n('the-stranger-thief', 'has_blood'), n('the-householder', 'exempt'), n('the-stranger-thief', 'exempt'),"]
   lines with 'heads'         : 2  e.g. ['The six motions: (1) the code from the BARE INK of the five heads — the sale of a daughter, the designation, the three,', "w = WE.World(era='Mishpatim pass 3: the five case heads on the engine (the count epoch: the day the base unit, the year derived)', epoch='count')"]
   lines with 'Kiddushin 3'   : 3  e.g. ['continuation 1-2, Kiddushin 3b-4a, 18a-19a, Sanhedrin 41a, 52b, 72a-b, 85b, Yoma 85a, Bava Kamma 90a, Ketubot 47b-48a,', "return cell('the_father', M, 'Kiddushin 3b:5, 4a:4 — אין כסף לאדון זה אבל יש כסף לאדון אחר (no money for THIS master, '", "('Kiddushin 3b:5 — no money for this master, money for the father', maidservant('money_for_another'), 'the_father'),"]
==== sanctions: 41 defs ['strip', 'toks', 'nverses', 'phrase', 'seats', 'has', 'anytok', 'cell', 'from_paternal_brother', 'levirate', 'grade', 'cowives', 'names', 'three_are_one', 'locate20', 'read_sanction', 'mode', 'sanction', 'census', 'burned_nine', 'burning_scope', 'double_count', 'beast', 'severity', 'molech', 'ov', 'curser', 'adultery', 'unions_misc', 'outside', 'platform', 'blood', 'covering', 'carcass', 'frame', '_fx_union', 'law_sanctions', 'fx_of', 'scene', 'load', 'mrow']
   levirate                     asks ['count', 'fifteen', 'houses', 'not_in_world', 'not_in_world_maamar', 'release_timing', 'rival_chain', 'six']
   cowives                      asks ['cross', 'divorced_before', 'ervah_sister_free', 'maamar_houses', 'one_hour', 'pair_bans_bound', 'stranger_cases', 'swapped_aftermath', 'swapped_names', 'two_bonds', 'zikah_sisters']
   census                       asks ['burned', 'formula_grounding', 'karet_count', 'lashes', 'stoned', 'strangled']
   beast                        asks ['court', 'passive_warning', 'why', 'woman_warning']
   severity                     asks ['mixed', 'murderer_mixed', 'orders', 'procedure', 'two_deaths']
   molech                       asks ['all_who_stray', 'concealed', 'effects_chain', 'family', 'gentile_court', 'ladder', 'predicate', 'seed_scope', 'translation_gate', 'who_stones']
   ov                           asks ['bearer', 'consulter', 'definitions', 'persons', 'three_verses']
   curser                       asks ['after_death', 'by_the_name', 'mode', 'one_parent', 'son_from_anywhere', 'warning_source', 'which_parent']
   adultery                     asks ['both', 'deliberate_unwitnessed', 'doubt', 'mode', 'second_partner', 'threshold', 'unwitting', 'whose_wife']
   unions_misc                  asks ['aunts_both_sides', 'brother_wife_window', 'chesed', 'father_clause', 'gentile_and_woman_warned', 'no_inference', 'partial_act', 'sister_both_deliberate', 'sister_scope', 'uncle_wife_bound', 'void_betrothal']
   outside                      asks ['agency', 'bird', 'common_inside', 'cross_cases', 'dispatched_goat', 'fitness_path', 'flesh_list', 'for_commoner', 'handful_frankincense_one', 'individual', 'lacking_any', 'lacking_time_owner', 'left_an_olive', 'no_service_offenses', 'olive', 'part_of_blood', 'per_raising', 'receivable', 'red_cow', 'scooped_returned', 'temple_upkeep', 'ten_acts', 'time_deferred', 'two_cups', 'two_offenses', 'two_raise', 'two_slaughter', 'unfit_list', 'unscooped', 'where', 'who']
   platform                     asks ['classes', 'consecrated_offered', 'demons', 'differences', 'eras', 'no_fragrance', 'no_karet_for_platform', 'no_priest', 'rock', 'service_by']
   blood                        asks ['atones', 'ban', 'convert', 'eater_not_feeder', 'karet_own_eating', 'lashes', 'which_blood']
   covering                     asks ['another_saw', 'consecrated', 'deaf_imbecile_minor', 'failed_slaughter', 'festival', 'hundred', 'hunted_of_any_kind', 'materials', 'mixed', 'not_with_the_foot', 'species', 'splashed_knife', 'state', 'unfit_slaughter', 'where']
   carcass                      asks ['beast_carcass', 'effect', 'equality_test', 'failure', 'garments_boundary', 'impure_species', 'lashes_for_eating', 'minimum', 'pinching', 'slaughtered', 'where_defiles', 'who']
   frame                        asks ['all_or_any', 'amorite_ways', 'canon_channel', 'compliance', 'court_warned', 'disqualified', 'festival_reading', 'karet_persons', 'land', 'lashes_discharge_karet', 'live_by_them', 'majority_threshold', 'nomoi', 'sanctify_yourselves', 'separate_species', 'sit_and_abstain', 'two_classes']
   law_sanctions                asks []  kinds ['blood_eaten', 'carcass_eaten', 'forbidden_union', 'game_blood_poured', 'ghost_pit_consulted', 'land_defiled', 'lay_with_beast', 'lay_with_menstruant', 'offering_slaughtered_outside', 'parent_cursed', 'platform_offering_brought', 'rival_wife_taken', 'seed_given_to_molech']
   uppercase names: ['A', 'CH', 'CL', 'COWIVES_Q', 'D', 'DB', 'DELIBERATE_UNION', 'DOUBT_UNION', 'FORBIDDEN', 'FX', 'H', 'I', 'IMPURE_BEAST', 'KIN', 'LABEL', 'LOC', 'M', 'OFF', 'OLAH_ROW', 'P', 'PURE_BEAST', 'SA', 'SCENE', 'SH', 'SHEET', 'SHELF', 'SHEL_ROW', 'SK', 'SPAN', 'TESTS', 'UNIONS', 'UNWITTING_UNION', 'VERSE', 'WE', 'ZAV_PAIR']
   imports: ['cold_run_chatat', 'cold_run_clocks', 'cold_run_offerings', 'cold_run_shemini']
   lines with 'keep'          : 12  e.g. ["('keep My CHARGE',                              'Lev', 18, 30, 'משמרתי'),", "'Shammai let them keep, Hillel put out)', ['released'])", "'intermarriage reading) is silenced: the four-condition predicate refuses it; Onkelos keeps the '"]
   lines with 'murder'        : 3  e.g. ["if q == 'murderer_mixed':", "return cell(['all_exempt', 'R._Yehuda_confined'], A, 'Sanhedrin 9:3 — a murderer mixed among others', ['exempt'])", "('Sanhedrin 9:3 — a murderer mixed among others', severity('murderer_mixed'), ['all_exempt', 'R._Yehuda_confined']),"]
   lines with 'adulter'       : 28  e.g. ["('the ADULTERER and the adulteress',            'Lev', 20, 10, 'הנאף'),", '\'adultery\':         (20, (\'אשת\', \'רעהו\'),     "a man\'s wife"),', "'woman_and_mother': 14, 'adultery': 10, 'sister': 17, 'menstruant': 18, 'father_sister': 19,"]
   lines with 'theft'         : 1  e.g. ["SA + 'Chapter 13 9 — 18:4-5: theft, the unions, idolatry, blasphemy, bloodshed vs pig, mixed '"]
   lines with 'witness'       : 7  e.g. ["if q == 'deliberate_unwitnessed':", "return cell(DELIBERATE_UNION, P, 'Keritot 1:2 — deliberate without witnesses: CALLED -> karet, no offering',", "elif event.get('witnessed') is False:"]
   lines with 'servant'       : 10  e.g. ["return cell('liable_except_from_maidservant_or_gentile', M, 'Yevamot 2:5 — a son from anywhere is liable for '", "'his blow and his curse, except the maidservant\\'s and the gentile woman\\'s (no Israelite '", "return cell({'paternal_or_maternal': 'both', 'born_home_or_outside': 'keep_her_or_send_her', 'maidservant_or_gentile_daughter': 'excluded'},"]
   lines with 'stranger'      : 9  e.g. ["if q == 'stranger_cases':", "return cell('wifes_sister_exits_and_her_rival', I, 'Yevamot 3:6 — the stranger-married brother took a '", "COWIVES_Q = ('cross', 'divorced_before', 'ervah_sister_free', 'maamar_houses', 'one_hour', 'pair_bans_bound', 'stranger_cases', 'swapped_aftermath', 'swapped_names', 'two"]
   lines with 'covenant'      : 1  e.g. ["'Chapter 12 1 (the covenant member)') % (c_ger[4],), ['impure_until_evening'])"]
   lines with '20:18'         : 5  e.g. ['\'menstruant\': \'20:18 "both shall be cut off from among their people"\',', 'return cell(\'partial_counts_as_complete_for_all\', M, SK + \'Chapter 12 2 — "her fountain he laid bare" (20:18) \'', 'return [E_(\'karet_cut_off\', event[\'man\'], cp=\'HEAVEN\', value=s1[\'v\'], law=\'F2 [INK 20:18 "both of them shall be cut off from the midst of their people" — the matrix row (']
   lines with '20:19'         : 7  e.g. ['\'father_sister\': \'20:19 "their iniquity they shall bear" — bear-iniquity = karet (\' + SA + \'Chapter 12 15, the \'', "'mother_sister': '20:19 — the same clause names both aunts',", '\'extended to all the unions by the two-source building block (with 20:19\\\'s "his kin he laid bare")\',']
   lines with '20:21'         : 3  e.g. ['\'brother_wife\': \'20:21 "it is niddah (set apart)... childless they shall be" (Keritot 1:1 lists her)\',', '\'niddah": LIKE THE MENSTRUANT, a prohibition with a permitted state (Deut 25:5 [IMPORT]); 20:21 \'', "('Lev 18:16 / 20:21 — the brother\\'s wife: niddah, childless', sanction('brother_wife'), (16, 21, None, True)),"]
==== holiness: 23 defs ['strip', 'toks', 'phrase', 'seats', 'has', 'anytok', 'deposit', 'tzv', 'cell', 'frame', 'shelamim', 'classify', 'gifts', 'warning', 'theft', 'deposit_case', 'robbery', 'wage', 'conduct', 'law_holiness', 'scene', 'load', 'mrow']
   frame                        asks ['assembly', 'fear_defined', 'holy', 'honor_defined', 'idols_look', 'molten_warnings', 'override', 'parents_order', 'persons_all', 'three_partners', 'woman_included']
   shelamim                     asks ['eater_lashes', 'intent_at_slaughter', 'karet_building_block', 'leftover', 'not_two_heads', 'pigul_place', 'pigul_time', 'window']
   gifts                        asks ['all_small', 'ant_holes', 'attached', 'consecrated_before_known', 'contractor', 'copy_23_22', 'count', 'divides', 'doubt', 'ear_reaching', 'field_minimum', 'floor', 'for_named_poor', 'four_reasons', 'gentile_gifts_tithed', 'heap', 'identity', 'implication_tithes', 'kinds', 'leket', 'measure', 'moment', 'no_sickles', 'olelet', 'olelet_edges', 'owners', 'patches', 'peret', 'poor_at_the_hour', 'poor_defined', 'position', 'reaped_by', 'recipients', 'renunciation', 'robs_the_poor', 'seizing', 'thinning', 'three_times', 'trees', 'trellis', 'trusted', 'window_end', 'window_open_to_all']
   theft                        asks ['benign', 'by_my_name', 'escalation', 'fellow', 'profanation', 'steal_back_own']
   deposit_case                 asks ['even_to_media', 'false_oath_predicate', 'father', 'fifth_on_fifth', 'fine_class', 'judges_oath', 'market_thief', 'money_class', 'no_oath', 'oath_count', 'oath_form', 'oath_track', 'scope', 'stolen_claim', 'suspect', 'swear_and_take']
   robbery                      asks ['collectors', 'convert', 'desert', 'despair', 'doubt', 'field_usurped', 'here_is_yours', 'lamb_returned', 'perutah_floor', 'sons_fed', 'value_at_time']
   wage                         asks ['assigned', 'claimed', 'clock', 'first_morning', 'hire_kinds', 'in_kind', 'oppression_class', 'resident_alien', 'shopkeeper_ledger', 'who_swears']
   conduct                      asks ['blood', 'bribe', 'curse_deaf', 'equal_treatment', 'five_effects', 'great_rule', 'grudge', 'hate', 'heart', 'judge_is_measurer', 'no_favor', 'parents_equal', 'protocol', 'rebuke', 'revenge', 'scale_of_merit', 'secrecy', 'stumbling', 'talebearer', 'vow_opening', 'your_people']
   law_holiness                 asks []  kinds ['harvest_reaped', 'judgment_rendered', 'neighbor_endangered', 'neighbor_robbed', 'shelamim_slaughtered_for_acceptance', 'sworn_denial_admitted', 'wage_withheld']
   uppercase names: ['A', 'CHAP', 'D', 'DB', 'FIVE', 'FX', 'GIFTS_IMPORT', 'GIFTS_INK', 'H', 'HALF', 'I', 'INTEREST', 'LEFTOVER', 'M', 'P', 'PIGUL', 'PLACE', 'SCENE', 'SHEET', 'SHELF', 'SK', 'TESTS', 'TZ', 'V5', 'WE', 'WINDOW', 'YV']
   imports: ['cold_run_tzav', 'cold_run_vayikra5', 'cold_run_yovel']
   lines with 'abbath'        : 3  e.g. ['Span: Lev 19:1-18 — the charge (holy = separate), parents and Sabbaths,', "'opens %s · Sabbaths at %s · 23:22 vs 19:9-10 token diff %s'", '\'Sabbaths you shall keep" (the Sabbaths at %s): \' + SK + \'Section 1 10 — "ALL of you owe MY honor" \'']
   lines with 'keep'          : 19  e.g. ["('My SABBATHS you shall keep',                   'Lev', 19, 3, 'שבתתי'),", '\'Sabbaths you shall keep" (the Sabbaths at %s): \' + SK + \'Section 1 10 — "ALL of you owe MY honor" \'', "SK + 'Chapter 1 7 VERBATIM: food, guarded, land-grown, gathered as one, stored for keeping; the failed: '"]
   lines with 'honor'         : 9  e.g. ["('honor not the face of the GREAT',              'Lev', 19, 15, 'גדול'),", "'the father\\'s honor)') % (c_parents,), [FX.NONE])", "if q == 'honor_defined':"]
   lines with 'steal'         : 7  e.g. ["m = {'theft': ('19:11 you shall not steal', 'Exod 22:3 double [IMPORT]'),", "return cell('banned_even_to_vex_or_to_repay_double', M, SK + 'Section 2 2 — no stealing to vex, no stealing to '", "if q == 'steal_back_own':"]
   lines with 'theft'         : 17  e.g. ['fallen grapes — left for the poor and the convert), theft-denial-lying-', "m = {'theft': ('19:11 you shall not steal', 'Exod 22:3 double [IMPORT]'),", 'def theft(q, **k):']
   lines with 'witness'       : 9  e.g. ["return cell('double_by_witnesses_principal_fifth_ram_by_confession', P, 'Bava Kamma 9:8 / Shevuot 8:3 — the '", "return cell({'denied_witnesses': 'double', 'slaughtered_or_sold': 'four_and_five', 'confessed_seeing_witnesses': 'principal_only'},", "'reverses the oath\\'s direction; past his time not, unless witnesses saw him claim; R. Yehuda: with '"]
   lines with 'heads'         : 4  e.g. ["if q == 'not_two_heads':", "return cell(['Shammai_each', 'Hillel_one_for_all', 'both_one_if_row_heads_mixed'], A, 'Peah 3:1', ['left_for_the_poor'])", "('Sifra Kedoshim 1 3 — not two heads', shelamim('not_two_heads'), 'one_at_a_time'),"]
   lines with 'given_at'      : 2  e.g. ['return cell(\'given_attached_to_the_ground_the_poor_scramble\', M, \'19:10 "you shall LEAVE them" — \' + SK +', "('Peah 4:1 — given attached, the poor scramble', gifts('attached'), 'given_attached_to_the_ground_the_poor_scramble'),"]
   lines with 'covenant'      : 1  e.g. ['\'leave them" (%s) — \' + SK + \'Chapter 3 4: the convert a covenant member, not the resident alien\') % (c_poor,), [\'left_for_the_poor\'])']
   lines with 'Exod 20'       : 3  e.g. ["assert c_parents == ['איש', 'אמו', 'ואביו'], c_parents          # the MOTHER first here; Exod 20:12 the father first", "'father, the reverse of Exod 20:12 [IMPORT]: the two orders cancel to EQUALITY (' + SK +", "'defined by six services (Exod 20:12\\'s honor [IMPORT])', [FX.NONE])"]
   lines with '19:16'         : 4  e.g. ['return cell(\'the_leaving_judge_may_not_reveal_the_vote\', M, \'19:16 "go not TALEBEARING among your people" — \' +', "return cell('not_soft_to_one_and_harsh_to_the_other_not_the_peddler', M, '19:16 — ' + SK + 'Chapter 4 5; Onkelos '", 'return cell(\'may_not_stay_silent\', M, \'19:16 "stand not on the blood of your neighbor" — \' + SK + \'Chapter 4 8: \'']
   lines with '19:17'         : 10  e.g. ["'· love-as-yourself at %s · 19:17 five · 19:18 five · shelamim (pigul, leftover, karet, not-accepted) at %s · 19:3 '", 'return cell(\'in_the_heart_only_is_the_ban\', I, \'19:17 "hate not your brother IN YOUR HEART" (%s)\' % (c_17[:2],),', 'return cell(\'even_four_and_five_times_not_until_his_face_changes\', M, \'19:17 "REBUKE, you shall rebuke... and \'']
   lines with '19:18'         : 9  e.g. ["seats of the half; 'love as yourself' at 19:18 and 19:34; every", "'· love-as-yourself at %s · 19:17 five · 19:18 five · shelamim (pigul, leftover, karet, not-accepted) at %s · 19:3 '", 'return cell(\'refuse_because_he_refused\', M, \'19:18 "take no revenge" — \' + SK + \'Chapter 4 10: the sickle-and-\'']
   lines with 'Shevuot'       : 57  e.g. ['Bava Metzia 9 whole, Bava Kamma 9-10 whole, Shevuot 5-8 whole — 130', "'Shevuot 4:13: the substitute names bind)', ['name_profaned'])", "'(Bava Kamma 9:7; Shevuot 8:3: confessed — principal, fifth, guilt offering)' % s, ['restores', 'adds_fifth', 'atoned_forgiven'])"]
   lines with 'Bava Metzia 5' : 4  e.g. ["return cell(['interest_barred', 'the_lender_under_the_stumbling_block'], P, 'Mishnah Bava Metzia 5:11 — the '", "out.append(E_('interest_barred', p, cp=nb, value=c['v'], law='F4 [Mishnah Bava Metzia 5:11 — the lender under the stumbling block: CALLED cold_run_yovel.interest]'))", "w.submit({'kind': 'neighbor_endangered', 'subject': 'the-lender', 'person': 'the-lender', 'neighbor': 'the-borrower', 'stumbling': 'lender_at_interest', 'day': 1, 'case_s"]
==== family: 30 defs ['strip', 'toks', 'phrase', 'seats', 'has', 'anytok', 'cnt', 'tanakh', 'tanakh_any', 'tanakh_phrase', 'torah', 'gen', 'fmt', 'fmt2', 'norm', 'bagt', 'jact', 'delta', 'cell', 'purchase', 'commission', 'sinew', 'levirate', 'inheritance', 'testament', 'law_family', 'scene', 'build', 'load', 'mrow']
   purchase                     asks ['burial_run_stamp', 'chazakah_years', 'currency_grade', 'deed_alignment', 'deed_cited_at_burial', 'deed_clauses', 'deed_restated', 'eulogy_beneficiary', 'field_price_rule_by_call', 'ger_vetoshav', 'holding_everlasting', 'holding_of_a_grave', 'holding_persists', 'machpelah_geometry', 'machpelah_seats', 'merchant_phrase', 'money_weighed', 'my_dead_your_dead', 'no_overreaching_on_land', 'onen_exempt', 'possession_by_burial', 'price_twice', 'prince_of_god', 'record_before_the_gate', 'sanctuary_shekel_by_call', 'speech_vs_act', 'take_from_me', 'taking_is_acquisition', 'tenure_by_call', 'three_modes']
   commission                   asks ['afternoon_prayer', 'agent_for_the_son', 'bakol_daughter', 'behind_the_man', 'beka_by_call', 'bracelets_spelling', 'bride_price_by_call', 'bride_year', 'comfort_two_seats', 'days_or_ten', 'double_condition', 'family_parties', 'father_takes_for_the_son', 'from_the_lord_three_canons', 'gifts_two_moments', 'girl_vs_maiden', 'god_of_heaven_seats', 'handover_domain', 'her_consent', 'improper_request', 'isaac_absent', 'kindness_and_truth', 'mandate_place', 'marriage_formula', 'naar_ketiv', 'oath_formula', 'oath_verb_hapax', 'object_in_hand', 'old_age_and_illness', 'perhaps_two_spellings', 'retold_commission', 'retold_god_clause', 'retold_prayer', 'retold_question', 'retold_well', 'rode_modest_language', 'scribes_adornment', 'sip_spelling', 'sivlonot', 'steward_title', 'ten_and_ten', 'their_consent', 'three_alls', 'three_lands', 'virgin_two_predicates', 'wife_taken_sinai_seat']
   sinew                        asks ['alone_for_jars', 'article_as_distinguished', 'eat_not_benefit', 'five_lashes', 'fowl_excluded', 'hollow_four', 'jacob_israel_49', 'jacob_still_jacob', 'kaf_alignment', 'named_four_verses_before', 'no_sinai_seat', 'not_alone_at_night', 'olive_and_whole', 'on_the_hollow_only', 'pure_only_derivation', 'rename_alignment', 'rename_forms', 'right_thigh', 'said_at_sinai_written_here', 'sons_of_israel_first', 'strove_hapax', 'sun_rose_for_him', 'the_thigh_articled', 'to_this_day', 'touched_twice', 'two_princes']
   levirate                     asks ['acquitted', 'act_mode_by_call', 'better_the_furnace', 'burn_verb_seats', 'canaanite_reread', 'comforted_judah', 'confession_reward', 'daughter_in_law_sinai', 'daughter_in_law_tokens', 'daughter_mode_by_call', 'did_not_cease', 'eravon_seats', 'father_takes_for_er', 'fifteen_by_call', 'firstborn_by_call', 'firstborn_by_the_head', 'firstborn_er', 'from_me_voice', 'gentile_mother_rule', 'hand_first_head_first', 'harlot_by_call', 'judah_demoted_descent', 'kedesha', 'kid_price', 'kin_scope_narrowed', 'levirate_alignment', 'mamzer_definition', 'minor_refused', 'modest_bride', 'mothers_clock_by_hand', 'name_is_inheritance', 'name_on_inheritance_ruth', 'no_release_form', 'no_son_clause', 'not_in_world_by_call', 'onan_refused', 'order_of_sons', 'perez_counted', 'pledge_by_call', 'pledge_three_tokens', 'read_and_translated', 'recognize_two_seats', 'seed_vs_name', 'sentence_burning', 'shem_court', 'sinai_seat_by_call', 'slain_by_heaven', 'the_command', 'three_months_hint', 'timer_set_and_checked', 'toledot_peretz', 'twins_two_spellings', 'two_husbands_presumption', 'widow_analogy_refused', 'widow_by_call', 'widow_waiting']
   inheritance                  asks ['adoption', 'benachalatam_seats', 'birthright_run', 'crossed_hands', 'double_as_two_tribes', 'firstborn_by_call', 'firstborn_plene_defective', 'fish_no_eye', 'fold_in_by_name', 'gift_returns_dispute', 'given_as_gift', 'held_not_due', 'honor_the_aged_by_call', 'illness_first', 'inheritance_order_owed', 'kahal_by_credit', 'one_portion', 'order_six_seats', 'rachel_on_the_road', 'right_called_hand', 'set_before', 'sword_and_bow', 'the_born_tense', 'this_is_my_son', 'two_agents', 'younger_two_words', 'zelophehad_three']
   testament                    asks ['altar_base_wolf', 'animal_census', 'burial_command', 'buried_named', 'couch_seats', 'council_assembly', 'cursed_undecided', 'dan_judges_as_one', 'deed_in_command', 'divide_and_scatter', 'elders_change_49_6', 'evil_eye_read', 'excess_named_denied', 'expired', 'firstborn_alignment', 'firstborn_my_strength', 'gathered', 'hand_on_the_neck', 'homographs_named', 'interest_bite', 'issachar_ass_caused', 'license_to_judge', 'lions_six_names', 'nazir_no_wine', 'no_decision_among_five', 'ox_from_deuteronomy', 'parents_order_by_call', 'reuben_confessed', 'scepter_lawgiver', 'shema_response', 'shiloh_spelling', 'tribe_order', 'twelve_each_his_blessing', 'two_beds', 'two_offices', 'unstable_hapax', 'zebulun_before_issachar']
   law_family                   asks []  kinds ['adopted', 'born_twins', 'burial_commanded', 'buried', 'commissioned', 'consented', 'crossed', 'died', 'gathered', 'gifts_given', 'handed', 'levirate_commanded', 'married', 'pledge_given', 'portion_given', 'purchased', 'recognized', 'renamed', 'sentenced', 'shelah_grown', 'sinew_barred', 'slain', 'testament', 'widow_sent']
   build                        asks ['headline_agent_retold', 'headline_levirate_first_seat', 'headline_sinew_exception', 'headline_testament_gift', 'headline_three_modes', 'world']
   uppercase names: ['A', 'A_ADOPTION', 'A_BURIAL', 'A_COMMISSION', 'A_DEED_49', 'A_FIRSTBORN', 'A_KAF', 'A_LEVIRATE', 'A_PLEDGE', 'A_PRAYER', 'A_QUESTION', 'A_RENAME_17_32', 'A_RENAME_32_35', 'A_WELL', 'BET', 'BR', 'CL', 'CL_FOURTEEN', 'CL_SEVEN', 'COM', 'CRO', 'D', 'DB', 'FX', 'G', 'GD', 'GD_OATH_10', 'H', 'HB', 'HB_DAUGHTER', 'HB_ELDER', 'HB_HONOR', 'HB_RISE', 'HO', 'HO_PARENTS', 'I', 'INH', 'IS', 'IS_GERAH', 'IS_GUARD', 'IS_SHEKEL', 'J_COMMISSION', 'J_DEED_25', 'J_DEED_49', 'J_DEED_50', 'J_PRAYER', 'LEV', 'M', 'MP', 'MP2', 'MP2_MOHAR', 'MP_22_15', 'ORD', 'ORD_COURT', 'ORD_CRY', 'ORD_DAYNIGHT', 'ORD_ONE', 'ORD_PLEDGE', 'ORD_WIDOW', 'ORD_WSCOPE', 'P', 'PR', 'PR_CHALUTZAH', 'PR_DLIST', 'PR_DMODE', 'PR_DPRED', 'PR_FOUR', 'PR_KETUBAH', 'PR_SEED', 'PR_TAKE2', 'PR_VIRGIN', 'PR_ZONAH', 'PS', 'PS_CAESAREAN', 'PS_HUMAN', 'PS_HUMAN_FX', 'PUR', 'R_', 'SAN', 'SAN_BSCOPE', 'SAN_BURNED', 'SAN_BW', 'SAN_COUNT', 'SAN_DIL', 'SAN_FIFTEEN', 'SAN_GRADE_BW', 'SAN_HOUSES', 'SAN_NINE', 'SAN_NIW', 'SAN_RELEASE', 'SAN_RIVAL', 'SAN_SIX', 'SAN_STONED', 'SAN_WM', 'SB', 'SB_BEKA', 'SCENE', 'SHEET', 'SHELF', 'SIN', 'SPAN', 'T', 'TAB', 'TAM', 'TES', 'TESTS', 'V_', 'WE', 'YV', 'YV_FIELD', 'YV_HOUSE_WALLED', 'YV_JUB_CYCLE', 'YV_JUB_DAY', 'YV_OVERREACH', 'YV_SLAVE']
   imports: ['cold_run_mishpatim_2', 'cold_run_sanctions', 'cold_run_sanctuary_build']
   lines with 'Deut 5'        : 4  e.g. ['25:29, 25:34-35, 25:46-47, Num 27:8-11, Deut 5:22, 21:15-17, 25:5-10, 33:12, 33:17, Josh 24:32, Judg 3:15, Ruth 1:15, 4:1-18,', "c_velo_yasaf = fmt(tanakh_phrase(['ולא', 'יסף']));                                              assert c_velo_yasaf == ['1Sam 15:35', 'Deut 5:22', 'Gen 38:26', 'Judg 13:2", 'return cell(c_velo_yasaf, I, "\'and he did not CONTINUE to know her\' (38:26) — the phrase at %s: Sotah 10b:12 (opened) — Shmuel the elder: he did not CEASE from her, by th']
   lines with 'abbath'        : 1  e.g. ['return cell(\'gemiah_with_aleph\', M, "Shabbat 77a:6 (opened): the Sabbath carrying-measure for milk — \'enough for a SIP\': aleph or ayin? Rav Nachman bar Yitzchak: \'let me ']
   lines with 'keep'          : 2  e.g. ['return cell((len(A_QUESTION[0]), len(A_QUESTION[1])), I, "the question and the lodging (24:22-24) against 24:47: %d added, %d dropped — the beka, the ten gold, the lodgin', 'return cell((c_yaakov_after, c_avram_after), I, "JACOB IS STILL CALLED JACOB after 32:29 — %d times in Genesis (measured) — where ABRAM never returns after 17:5 (%d): Ber']
   lines with 'honor'         : 8  e.g. ["affliction scope); the holiness engines (the daughter's handover, the rising before the aged, the honor protocol, the", "HB_DAUGHTER = V_(HB.daughter_sanctuary('daughter')); HB_RISE = V_(HB.daughter_sanctuary('rise_reach')); HB_ELDER = V_(HB.daughter_sanctuary('elder_sage')); HB_HONOR = V_(", 'return cell(\'the_dead_sarah_pleased\', M, "Sanhedrin 46b:21 (opened): is the eulogy for the honor of the dead or the living? — \'Abraham came to EULOGIZE Sarah\' (23:2; \'to ']
   lines with 'witness'       : 1  e.g. ['return cell((c_baei_shaar, [v for v, n in c_vayakam_23 if v >= 17]), I, "the RECORD: \'all who entered the gate of his city\' at %s and the field \'ESTABLISHED\' at %s — the ']
   lines with 'vain'          : 1  e.g. ['return cell(c_ra_beeinei, I, "\'evil in the eyes of the LORD\' at %s alone in Genesis — Er (38:7 \'and the LORD killed him\') and Onan (38:10 \'and He killed him too\'): two de']
   lines with 'servant'       : 17  e.g. ["the commission (24:2-9) against its run at the well (24:10-27) against the servant's RETELLING (24:34-49), aligned by", "c_hesed_emet_gen = fmt([k for k in tanakh_phrase(['חסד', 'ואמת']) if k[0] == 'Gen']);            assert c_hesed_emet_gen == ['Gen 24:49', 'Gen 47:29'], c_hesed_emet_gen  ", 'return cell((len(c_isha_levni), len(c_velakachta_isha)), I, "\'a wife FOR MY SON\' at %s (six seats) and \'and you shall TAKE a wife\' at %s (four) — the servant acts for the']
   lines with 'stranger'      : 6  e.g. ["('a stranger and a SOJOURNER',                      'Gen', 23, 4, 'ותושב'),", "ORD_WSCOPE = V_(ORD.stranger('widow_orphan_scope')); ORD_ONE = V_(ORD.stranger('one_affliction')); ORD_CRY = V_(ORD.stranger('cry_doubled'))", 'return cell(c_ger_vetoshav, I, "\'a STRANGER AND A SOJOURNER am I with you\' (23:4) — the phrase at %s alone: Abraham\'s self-description is the jubilee chapter\'s own class ']
   lines with 'voice'         : 5  e.g. ["c_velo_yasaf = fmt(tanakh_phrase(['ולא', 'יסף']));                                              assert c_velo_yasaf == ['1Sam 15:35', 'Deut 5:22', 'Gen 38:26', 'Judg 13:2", "if q == 'from_me_voice':", 'return cell(\'holy_spirit_in_shems_court\', M, "Makkot 23b:12 (opened): in three places the holy spirit appeared in a court — Shem\'s: \'Judah recognized and said, she is mor']
   lines with 'elders'        : 4  e.g. ['return cell((c_baei_shaar, [v for v, n in c_vayakam_23 if v >= 17]), I, "the RECORD: \'all who entered the gate of his city\' at %s and the field \'ESTABLISHED\' at %s — the ', "if q == 'elders_change_49_6':", 'return cell(\'ox_and_manger_for_ptolemy\', M, "Megillah 9a:15 (opened): the elders\' change for Ptolemy — \'for in their anger they killed an OX and in their will they uproot']
   lines with 'covenant'      : 1  e.g. ['return cell((\'לקחני\' in toks(\'Gen\', 24, 7), \'התהלכתי\' in toks(\'Gen\', 24, 40)), I, "\'the LORD, the God of heaven, who TOOK ME from my father\'s house\' (24:7) retold as \'the']
   lines with 'this day'      : 2  e.g. ['return cell((len(A_KAF[0]), len(A_KAF[1]), \'גיד\' in A_KAF[0], \'ירכו\' in A_KAF[1]), I, "the alignment engine on the wound (32:26) against the ban (32:33): %d added (\'the s', '(\'"to this day" at four Genesis seats\', sinew(\'to_this_day\'), [\'Gen 26:33\', \'Gen 32:33\', \'Gen 47:26\', \'Gen 48:15\']),']
   lines with 'Exod 20'       : 1  e.g. ['return cell(HO_PARENTS, H, "CALLED cold_run_holiness.frame(\'parents_order\') -> %r [IMPORT, live]: \'gather and listen, sons of Jacob, and listen to ISRAEL YOUR FATHER\' (49']
   lines with '24:7'          : 4  e.g. ["assert c_elohei_hashamayim == ['2Chr 36:23', 'Ezra 1:2', 'Gen 24:3', 'Gen 24:7', 'Jonah 1:9', 'Neh 1:4', 'Neh 1:5', 'Neh 2:4', 'Neh 2:20'], c_elohei_hashamayim", 'return cell(v, I, "THE MANDATE\'S PLACE CLAUSE — \'to my land and to my birthplace\' (24:4), \'from THERE\' (24:7), \'my family\' (24:38), \'from my family\' (24:40); the servant ', 'return cell(len(c_elohei_hashamayim), I, "\'the God of HEAVEN\' at %d seats — Gen 24:3 and 24:7 the first two (the oath and the promise), then Jonah, Ezra, Nehemiah, Chroni']
   lines with '24:3'          : 19  e.g. ["the commission (24:2-9) against its run at the well (24:10-27) against the servant's RETELLING (24:34-49), aligned by", "retelling (24:39 — read 'to me': the agent's own daughter, the spine's reading; Mishnah Kiddushin 3:1's agent who takes", "heaven', 24:3 — Shevuot 38b: 'we administer the oath stated in the Torah'; the guardians engine's oath route by call), the"]
   lines with '20:21'         : 1  e.g. ['return cell((SAN_GRADE_BW, SAN_BW), P, "CALLED cold_run_sanctions.grade(\'brother_wife\') -> %r; sanction(\'brother_wife\') -> %r [IMPORT, live]: the brother\'s wife is an erv']
   lines with 'Shevuot'       : 4  e.g. ["heaven', 24:3 — Shevuot 38b: 'we administer the oath stated in the Torah'; the guardians engine's oath route by call), the", 'return cell((\'by_the_LORD_God_of_heaven\', GD_OATH_10), M, "Shevuot 38b:20 (opened): \'HOW do we administer the oath? Rav Yehuda citing Rav: with the oath stated in the Tor', 'return cell(len(c_tachat_yerekh), M, "Shevuot 38b:22 (opened): the sworn \'must hold an OBJECT in his hand\' — \'put your hand under my thigh\' at %s: Abraham\'s commission (2']
   lines with 'Kiddushin 3'   : 5  e.g. ["retelling (24:39 — read 'to me': the agent's own daughter, the spine's reading; Mishnah Kiddushin 3:1's agent who takes", 'return cell(v, I, "\'PERHAPS the woman will not follow me\' — written PLENE at the commission (24:5, with the vav; eleven Genesis seats of the word) and DEFECTIVE at the re', 'return cell(\'the_child_follows_her\', A, "Mishnah Kiddushin 3:12 — the child of a gentile woman is as she is; Yevamot 2:5 — a brother \'from a gentile woman\' is no brother ']
   lines with 'Bava Metzia 5' : 1  e.g. ['return cell(\'she_did_not_name_him\', M, "Bava Metzia 59a:3, Ketubot 67b:14, Berakhot 43b:8, Sotah 10b:6 (opened): \'better to throw oneself into a fiery furnace than to whi']
==== refuge: 20 defs ['strip', 'verse_text', 'words', 'ink', 'move', 'dat', 'hyp', 'out', 'seats', 'tok', 'lemma_seats', 'lemma_tokens', 'the_levite_cities', 'the_refuge_law', 'the_murderer', 'the_manslayer', 'the_statute', 'law_refuge', 'scene', 'narrative']
   the_levite_cities            asks ['cities_to_dwell_in', 'no_inheritance', 'six_and_forty_two', 'the_city_in_the_midst', 'the_command', 'the_debit', 'the_four_sides', 'the_pasture_land', 'the_rule', 'the_thousand', 'the_two_thousand', 'their_beasts']  kinds ['cities_to_dwell_in', 'no_inheritance', 'six_and_forty_two', 'the_city_in_the_midst', 'the_command', 'the_debit', 'the_four_sides', 'the_pasture_land', 'the_rule', 'the_thousand', 'the_two_thousand', 'their_beasts']
   the_refuge_law               asks ['appoint', 'for_whom', 'six_cities', 'the_debit', 'the_place_become_cities', 'until_he_stands', 'unwittingly', 'when_you_cross']  kinds ['appoint', 'for_whom', 'six_cities', 'the_debit', 'the_place_become_cities', 'until_he_stands', 'unwittingly', 'when_you_cross']
   the_murderer                 asks ['he_is_a_murderer', 'the_avengers_hand', 'the_intents', 'the_iron', 'the_manners', 'the_mode', 'the_smiter', 'the_stone_and_the_wood', 'the_table']  kinds ['he_is_a_murderer', 'the_avengers_hand', 'the_intents', 'the_iron', 'the_manners', 'the_mode', 'the_smiter', 'the_stone_and_the_wood', 'the_table']
   the_manslayer                asks ['father_and_son', 'not_his_enemy', 'suddenly', 'the_border', 'the_congregation_judges', 'the_deliverance', 'the_downward_motion', 'the_honor', 'the_levite_exiled', 'the_return', 'the_term', 'the_uncertainty', 'without_seeing']  kinds ['father_and_son', 'not_his_enemy', 'suddenly', 'the_border', 'the_congregation_judges', 'the_deliverance', 'the_downward_motion', 'the_honor', 'the_levite_exiled', 'the_return', 'the_term', 'the_uncertainty', 'without_seeing']
   the_statute                  asks ['a_statute_of_judgment', 'in_whose_midst_i_dwell', 'no_ransom', 'no_ransom_for_the_fugitive', 'not_defile', 'the_closer', 'the_land_polluted', 'the_shedders_blood', 'the_witnesses']  kinds ['a_statute_of_judgment', 'in_whose_midst_i_dwell', 'no_ransom', 'no_ransom_for_the_fugitive', 'not_defile', 'the_closer', 'the_land_polluted', 'the_shedders_blood', 'the_witnesses']
   law_refuge                   asks []  kinds ['high_priest_died', 'killer_case', 'levite_cities_case', 'levite_cities_commanded', 'refuge_law_given', 'refuge_statute_case']
   DATA keys (19): ['size_that_can_kill', 'the_avengers_hand', 'the_blind_killer', 'the_border_rows', 'the_case_table', 'the_court_of_twenty_three', 'the_exiles_rows', 'the_forty_eight', 'the_four_sides_order', 'the_lands_atonement', 'the_measures', 'the_one_witness', 'the_presence_rows', 'the_ransom_rows', 'the_six_cities', 'the_stranger_and_sojourner', 'the_terms_rows', 'the_three_high_priests', 'the_uncertainty']
   uppercase names: ['AARON_DIED', 'ABOUT_TWO_THOUSAND', 'ANOINTED', 'APPOINT', 'ATONE_STEM', 'AVENGER_BARE', 'AVENGER_BLOOD', 'AVENGER_PUT', 'BEASTS', 'BO', 'BORDER_REFUGE', 'BO_CMD', 'BO_SIDEWORD', 'BO_SOUTH', 'BY_HAND', 'C2', 'C2_LOT', 'C2_NOINH', 'C2_RULE', 'CAMP_SIDES', 'CANAANWARD', 'CASE_TOKENS', 'CB', 'CB_DIST', 'CB_SIDES', 'CITIES_DWELL', 'CITIES_REFUGE', 'CITY_MIDST', 'CK', 'CK_DATES', 'CK_HPX', 'CK_SUCC', 'CLOSES', 'COMMAND', 'CONG_DELIVER', 'CONG_JUDGE', 'CONG_TOKENS', 'CROSSING', 'DROPPED', 'DWELLINGS', 'EACH', 'EAST_SIDE', 'ELEAZAR_DIED', 'ELEAZAR_PRIEST', 'ENMITY_IN', 'ENMITY_T', 'EXCEPT_BLOOD', 'FLEE_THERE', 'FORTY_EIGHT', 'FORTY_EIGHT_ALL', 'FORTY_EIGHT_CITIES', 'FORTY_TWO', 'FOR_I_LORD', 'FRAME_MOAB', 'FRAME_VERBS', 'FX', 'GEN9_6', 'GENERATIONS', 'GIVE', 'GIVE_LEVITES', 'GOING_OUT', 'GR', 'GR_HELD', 'GR_SPLIT', 'GR_THREE', 'HATRED', 'HE_IS_MURDERER', 'HE_SHALL_FLEE', 'HP_DEF', 'HP_DEF_TOK', 'HP_PLENE', 'INCLUSIO', 'INTS', 'IRON', 'I_DWELL_MIDST', 'JO', 'JOSH20_6', 'JOSH20_9', 'JOSH21_LOTS', 'JOSH21_TALLY', 'JO_LOT', 'JO_PASS', 'L24', 'L24_KILL', 'LAND_POSS', 'LESS', 'LESS_SG', 'LEV18_25', 'LEVITES_NUM', 'LINES', 'LYING', 'LYING_LEMMA', 'M1', 'M1_RANSOM_ROW', 'M1_RANSOM_SEAT', 'M3', 'M3_ALTAR', 'M3_DESCENT', 'M3_END', 'M3_FATHER', 'M3_FELLOW', 'M3_FOREWARN', 'M3_GUILE', 'M3_MODE', 'M3_PLACE', 'M3_SUN', 'MEASURE', 'MEASURE_LEMMA_T', 'MEETS', 'MIDST_DWELL', 'MORE', 'MOUTH_WIT', 'MURDERER_DIE', 'MURDER_B', 'MURDER_PLENE', 'MURDER_T', 'MURDER_TOK_35', 'NARR', 'NARRATIVE', 'NARRATIVE_PREDICTED']
   imports: ['cold_run_bamidbar', 'cold_run_borders', 'cold_run_chukat', 'cold_run_gad_reuben', 'cold_run_journeys', 'cold_run_lev24', 'cold_run_mishpatim', 'cold_run_mishpatim_3', 'cold_run_naso', 'cold_run_priesthood', 'cold_run_primeval', 'cold_run_sanctions', 'cold_run_second_census', 'cold_run_shelach', 'cold_run_zelophehad']
   lines with 'Deut 5'        : 1  e.g. ["assert STATUTE_JUDG == ['Num 27:11', 'Num 35:29'] and GENERATIONS == ['Lev 3:17', 'Num 35:29'] and len(DWELLINGS) == 6 and 'Lev 7:26' in DWELLINGS and MOUTH_WIT == ['Num "]
   lines with 'abbath'        : 10  e.g. ["# exam's three settings (R. Akiva's open land and Sabbath limit; R. Eliezer ben R. Yosei HaGelili's fields and vineyards; the Mishnah's thousand", '\'the_measures\': {\'value\': {\'thousand\': THOUSAND, \'two_thousand\': TWO_THOUSANDS[0]}, \'settings\': {\'r_akiva\': "R. AKIVA\'S DAY (Mishnah Sotah 5:3; Sotah 27b:8-9): 35:4\'s tho', '\'source\': "35:4 [1000] and 35:5 [2000] x4 — the parser\'s reads (rule 29 THE BARE DUAL THOUSAND, this sitting); Onkelos supplies \'two\' four times; the Sabbath block\'s ledg']
   lines with 'keep'          : 1  e.g. ['move(\'Arakhin 33b:15 (R. Elazar)\', "Leviticus 25:34\'s \'may not be sold\' = may not be CHANGED — the field, the lot, the city keep their status (Mishnah Arakhin 9:8)")']
   lines with 'honor'         : 7  e.g. ['\'the_terms_rows\': {\'value\': \'an_open_entry_closed_by_the_death_act\', \'settings\': {\'after_the_verdict\': "the high priest died after the verdict — he is NOT exiled (Abaye\'s', '\'the_exiles_rows\': {\'value\': \'the_shelfs_rows_as_data\', \'settings\': {\'the_levite_exiled\': "a Levite from district to district; the exile who killed in the city to another', 'move(\'Sifrei 161:5; Makkot 13a:4-6; 11b:12\', "\'he will return\', not \'bring back\' — the stem read; to his land, not his fathers\' honor (R. Yehuda) or even to it (R. Meir);']
   lines with 'murder'        : 48  e.g. ["# appoint_six_cities_of_refuge, OPEN BY DESIGN to Deuteronomy 4:41 and Joshua 20:7-8 — and compiles the statute's cells: the murderer's and the", "import cold_run_mishpatim as M1               # THE EDGE: refuge -> mishpatim CALL, reference (21:30's ransom — the goring ox's, the noun 35:31 refuses for the murderer)", "assert CASE_TOKENS == {10: ['כי'], 16: ['ואם'], 17: ['ואם'], 18: ['או'], 20: ['ואם', 'או'], 21: ['או'], 22: ['ואם', 'או'], 23: ['או'], 26: ['ואם'], 28: ['כי'], 31: ['כי']"]
   lines with 'witness'       : 19  e.g. ["# the border (has_blood reused), the witnesses (two by the prototype), no ransom twice against the ox's cell, the land polluted (a status on the", "('עדים',      35, 30, 'witnesses — the bare plural, two by the prototype'),", "('ועד',       35, 30, 'and a witness [one]'),"]
   lines with 'servant'       : 1  e.g. ['ink(\'35:11\', \'"and you shall appoint for yourselves cities" — %s one seat; the root Balaam\\\'s "meet" (23:4, 16) and the servant\\\'s "cause it to happen" (Genesis 24:12; 27']
   lines with 'stranger'      : 7  e.g. ["('ולגר',      35, 15, 'and for the stranger'),", '\'the_stranger_and_sojourner\': {\'value\': \'the_sojourner_for_a_sojourner_only\', \'settings\': {\'rav_kahana\': "35:15 \'for the stranger and the sojourner\' (exiled) against 35:1', 'ink(\'35:15\', \'"for the children of Israel and for the stranger and for the sojourner among them" — %s one seat; against 35:12\\\'s "for you"; Joshua 20:9 drops the sojourne']
   lines with 'elders'        : 2  e.g. ["assert MEASURE_LEMMA_T == ['Deut 21:2', 'Exod 16:18', 'Num 35:5'], MEASURE_LEMMA_T                                                          # THE MEASURE-VERB'S THREE TOR", "'the_six_cities': {'value': {'beyond_the_jordan': ['Bezer (Reuben)', 'Ramoth in Gilead (Gad)', 'Golan in Bashan (Manasseh)'], 'in_canaan': ['Kedesh in Galilee (Naphtali)'"]
   lines with 'heads'         : 1  e.g. ["ink('36:1', 'the next chapter opens on the heads of Gilead (36:1, frozen at THE TENT) — 35:34 the last verse of the last law-chapter; 36:13 the book\\'s footer with the pl"]
   lines with 'installed_by'  : 1  e.g. ['"""Num 35:1-34 (cold_run_refuge.py F1-F5). given_at Num 35:1; installed_by boot — A LAW IN THE DIVINE VOICE IN THE PLAINS OF MOAB (35:1\'s']
   lines with 'given_at'      : 1  e.g. ['"""Num 35:1-34 (cold_run_refuge.py F1-F5). given_at Num 35:1; installed_by boot — A LAW IN THE DIVINE VOICE IN THE PLAINS OF MOAB (35:1\'s']
   lines with 'Exod 20'       : 1  e.g. ["assert STATUTE_JUDG == ['Num 27:11', 'Num 35:29'] and GENERATIONS == ['Lev 3:17', 'Num 35:29'] and len(DWELLINGS) == 6 and 'Lev 7:26' in DWELLINGS and MOUTH_WIT == ['Num "]
   lines with '24:3'          : 7  e.g. ["assert len(ELEAZAR_PRIEST) == 20 and AARON_DIED == ['Num 20:28'] and ELEAZAR_DIED == ['Josh 24:33'], (len(ELEAZAR_PRIEST), AARON_DIED, ELEAZAR_DIED)   # THE OFFICE'S HOLD", '\'the_terms_rows\': {\'value\': \'an_open_entry_closed_by_the_death_act\', \'settings\': {\'after_the_verdict\': "the high priest died after the verdict — he is NOT exiled (Abaye\'s', '\'source\': "35:25, 28, 32 — \'until the death of\'; Joshua 24:33 Eleazar\'s death (computed: the one seat)"},']
   lines with 'Shevuot'       : 7  e.g. ['\'the_one_witness\': {\'value\': \'two_by_the_prototype\', \'settings\': {\'the_prototype\': "\'by the mouth of witnesses\' (35:30) — the bare plural: TWO unless \'one\' is written (th', '\'the_lands_atonement\': {\'value\': \'by_the_shedders_blood\', \'settings\': {\'no_atonement_until_he_dies\': "the killer known — no atonement for the community until he is put to', 'move(\'Sifrei 161:1; Sanhedrin 33b:15; Mishnah Shevuot 4:1\', "witness means two unless \'one\' is written — the prototype; the one witness may answer to acquit (R. Yosei son']
==== incense_shekel: 35 defs ['strip', 'toks', 'phrase', 'seats', 'has', 'anytok', 'tanakh', 'tanakh_any', 'tanakh_phrase', 'torah', 'fmt', 'fmt2', 'norm', 'bag', 'cell', 'persons', 'bull', 'rams', 'succession', 'meal', 'seven_days', 'tamid', 'incense_altar', 'shekel', 'laver', 'oil', 'incense', 'sabbath', 'law_investiture', 'law_sabbath', 'scene', 'scene_counts_w6', 'build', 'load', 'mrow']
   persons                      asks ['alignment', 'crown', 'delta_is_dispute', 'dressing_order', 'fill_hand', 'fill_hand_onkelos', 'girding_delta', 'immersion_onkelos', 'inventory', 'order_by_name_call', 'perpetual_statute', 'pouring', 'pouring_run', 'priest_phrase', 'priesthood_worn', 'run_inventory', 'run_order', 'sheet_lacking_garments', 'this_the_thing', 'washing', 'wrong_set']
   bull                         asks ['alignment', 'base_first', 'burn_forms', 'carcass', 'fats', 'finger', 'finger_parse', 'hands_laid', 'hands_onkelos', 'label', 'outer_horns', 'run_purge']
   rams                         asks ['alignment', 'basket', 'breast_to_moses', 'cut_pieces', 'doubled_it', 'dues', 'dues_statute', 'extremities', 'extremities_run', 'fat_and_tail', 'garments_onkelos', 'half_half', 'installation_ram', 'leaven_by_call', 'odor', 'odor_onkelos', 'olah_label', 'olah_whole', 'right_thigh', 'shelamim_by_call', 'sprinkle_garments', 'two_axes', 'tzav_atomicity', 'wave', 'waved_and_lifted']
   succession                   asks ['after_him', 'anointing_likened', 'fit_to_come', 'greatness', 'lev16_stead', 'many_garmented', 'no_run_lev8', 'seven_wear', 'substitute_sheet', 'the_run']
   meal                         asks ['alignment', 'atoned_eaters', 'conditional_pair', 'door', 'holy_place', 'leftover', 'leftover_by_call', 'paradigm', 'priests_eat_owners_atoned', 'sheet_pesachim', 'stranger_ban', 'zar_forms']
   seven_days                   asks ['alignment', 'as_this_day', 'commit', 'confinement', 'contagion_onkelos', 'contagion_scope', 'contagion_seats', 'contagion_vessels', 'daily_bull', 'incense_comes_down', 'most_holy', 'purge_verb', 'run_closes', 'run_limiters', 'run_stamp', 'seven_seats', 'sheet_9_1', 'sheet_9_7', 'thus', 'thus_indispensable']
   tamid                        asks ['beaten_oil', 'clocks', 'doubled_morning_order', 'dwell', 'exodus_purpose', 'generations', 'glory_revocalized', 'god_formula', 'initiations', 'measures', 'meeting', 'meeting_onkelos', 'no_run_lev8', 'olat_tamid', 'ordinals', 'plural_minimum', 'pointer', 'sabbath_overrides', 'salt_by_call', 'sheet_4_4', 'sheet_shekalim_4_1', 'sheet_yoma_3_5', 'this_demonstrative', 'three_log', 'two_lambs']
   incense_altar                asks ['appoint', 'burner', 'continual', 'crown_rim', 'daily_halves', 'dimensions', 'divide_the_morning', 'fine_of_fine', 'fire_carried', 'first_incense', 'floor_plan', 'horns_from_it', 'incense_of_spices', 'incense_onkelos', 'inner_vs_outer', 'input_ban', 'input_onkelos', 'ladle', 'lev4_horns', 'morning_morning', 'most_holy_to_the_lord', 'name', 'no_donation', 'once_a_year', 'one_atonement', 'people_withdraw', 'placement', 'raising', 'sheet_5_1', 'sheet_5_2', 'square', 'tending', 'yoma_step']
   shekel                       asks ['age', 'atone_souls', 'flat_rate', 'gerah_homograph', 'guardians_by_call', 'half_tokens', 'lift_head', 'numbers_no_shekel', 'paragraph_unit', 'passing_over', 'plague_clause', 'plague_run', 'ransom', 'ransom_onkelos', 'reading_fork', 'run_chronicles', 'run_nehemiah', 'run_sockets', 'sanctuary_shekel', 'sheet_10_5', 'sheet_1_3', 'sheet_2_4', 'sheet_4_1', 'sheet_6_6_run', 'sheet_8_8', 'sheet_megillah', 'silver_of_atonements', 'tariff_by_call', 'terumah', 'this_they_shall_give', 'trigger_parameter', 'twenty_gerah', 'vayikra5_by_call', 'yovel_by_call']
   laver                        asks ['base_metal_only', 'between', 'device', 'extent', 'for_washing', 'from_it', 'hands_feet', 'laver_word', 'run', 'seed_transfer', 'sheet_2_1', 'sheet_4_5', 'sheet_tamid', 'two_loci', 'wash_onkelos', 'wash_or_die', 'which_verb']
   oil                          asks ['adam_scope', 'any_amount', 'compounder_exemptions', 'contagion_vessels', 'divided', 'flesh_of_adam', 'for_generations', 'formula_word', 'half_ok', 'hin', 'hin_by_letters', 'holy_anointing_oil', 'in_the_holy', 'its_half', 'like_it', 'mor_dror_onkelos', 'olah_altar_named', 'on_a_stranger', 'persons', 'run_exod40', 'run_lev8', 'seven_anointed', 'sheet_horayot', 'sheet_keritot_1_1', 'sheet_makkot_3_2', 'spices_head', 'two_karets', 'weights']
   incense                      asks ['bad_bevad', 'bad_defines_linen', 'beat_fine', 'before_testimony', 'eleven', 'fine_of_fine_day', 'formula_for_yourselves', 'four_named', 'korach_run', 'maker_vs_smeller', 'malachi', 'salted', 'sheet_shekalim_4_5', 'surplus_halves', 'take_for_yourself', 'to_smell', 'uzziah_run']
   sabbath                      asks ['akh', 'all_work_by_call', 'assembly', 'carve_outs', 'court_fire', 'covenant', 'creation_reason', 'death_run', 'doubled_vs_single', 'extra_soul', 'gift_told', 'great_rule', 'hearth_chamber', 'index_by_juxtaposition', 'karet_census', 'kindling', 'kindling_fork', 'light_before', 'make_the_sabbath', 'my_sabbaths', 'plural_counts', 'products_fork', 'profaners', 'refreshed', 'sabbath_day_runs', 'shabbaton', 'sheet_beitzah', 'sheet_menachot_11_3', 'sign', 'sign_onkelos', 'six_days', 'these_the_things', 'thirty_nine', 'two_sanctions', 'work_not_override']
   law_investiture              asks []  kinds ['anointing_oil_misused', 'atonement_silver_given', 'bailment_claim', 'bull_offered', 'confined', 'did_all', 'dressed', 'hands_laid', 'head_anointed', 'head_counted', 'horns_atoned', 'incense_burned', 'incense_compounded', 'milluim_blood_sprinkled', 'milluim_leftover', 'priest_succeeded', 'ram_miluim', 'ram_olah', 'sons_dressed', 'strange_input_offered', 'vessels_anointed', 'washed']
   law_sabbath                  asks []  kinds ['gathered_wood_on_the_sabbath', 'sabbath_kept_as_sign', 'sabbath_profaned']
   build                        asks ['alignment', 'blocks', 'dropped', 'headline', 'numerals_equal', 'person_shift', 'run_unblocked', 'spec_cites_itself', 'spec_unblocked', 'world']
   uppercase names: ['A', 'ALIGN', 'A_BLOCK_PAIRS', 'A_DROPPED', 'A_NUM_EQ', 'A_TOTAL', 'BLOCKS', 'CAL', 'CAL_REST', 'CAL_WHO', 'CH', 'CH_CARCASS', 'CH_CRIT', 'CH_INNER', 'CH_KARET', 'CH_OUTER', 'D', 'DB', 'DEC', 'DEC_SCOPE', 'E29', 'E30', 'FX', 'GU', 'GU_THEFT_VERSES', 'GU_UNPAID_THEFT', 'H', 'I', 'L8', 'M', 'MIN', 'MIN_GRADE', 'MIN_LEAVEN', 'MIN_LIB', 'MIN_SALT', 'MO', 'MO_CLASS', 'MP', 'MP_TARIFF', 'MP_THIRTY', 'MZ', 'MZ_MEMBERS', 'NUM', 'N_VERSES', 'OFF', 'OFF_FAT_LAMB', 'OFF_FAT_OX', 'OFF_OLAH', 'OFF_SHEL', 'P', 'PR', 'PR_NEZER', 'PR_WEST', 'RUN_UNBLOCKED', 'SAB', 'SB', 'SB_ARK', 'SB_BASE', 'SB_CENSUS', 'SB_DIMS', 'SB_HORNS', 'SB_NAMED', 'SB_PLAN', 'SB_TALENT', 'SB_VEIL', 'SCENE', 'SCENE_LAW', 'SCENE_SAB', 'SHB', 'SHEET', 'SHELF', 'SPAN', 'SPEC_UNBLOCKED', 'SVC', 'TESTS', 'TORAH', 'TT', 'TZ', 'TZ_ATOM', 'TZ_COMMIT', 'TZ_CONF', 'TZ_DUES', 'TZ_EXT', 'TZ_LEFT', 'V5', 'V5_ASHAM', 'VB', 'VS', 'VS_E29', 'VS_FLAX', 'VS_LEV8', 'VS_ORDER_29', 'WE', 'YOMA', 'YOMA_SEQ', 'YOMA_STEP', 'YV', 'YV_SHEKEL']
   imports: ['cold_run_calendar', 'cold_run_chatat', 'cold_run_decalogue', 'cold_run_guardians', 'cold_run_metzora', 'cold_run_minchah', 'cold_run_mishpatim', 'cold_run_moadim', 'cold_run_offerings', 'cold_run_priesthood', 'cold_run_sanctuary_build', 'cold_run_tzav', 'cold_run_vayikra5', 'cold_run_vestments', 'cold_run_yoma', 'cold_run_yovel']
   lines with 'Decalogue'     : 3  e.g. ["the vestments engine (the dressing orders; linen from 'bad'); the Decalogue, appointed-times, calendar", 'return cell(([\'Exod 31:15\'], [\'Exod 35:2\', \'Lev 23:3\']), I, "31:15 \'six days work SHALL BE DONE\' (יעשה, the passive form once %s) against 35:2 and Lev 23:3\'s \'shall be do', 'return cell([\'Exod 20:11\', \'Exod 31:17\'], I, "\'for in six days the LORD made the heavens and the earth\' at %s — the Decalogue\'s reason clause and this verse: the sign\'s c']
   lines with 'tablet'        : 3  e.g. ['return cell([\'Exod 29:12\'], I, "29:12 \'put it on the horns of the altar WITH YOUR FINGER\' — the second-person form at %s alone in the Tanakh; the finger-word at %d Torah ', 'return cell([\'Exod 31:13\'], I, "31:13 \'BUT (אך) My Sabbaths you shall keep\' — \'but My Sabbaths\' once (%s): the restrictor planted in the middle of the build orders (31:7-', 'return cell([\'31:7\', \'31:8\', \'31:9\', \'31:11\'], I, "THE LIST DEFINED BY REFERENCE: 31:12-17 planted between the WORK-LIST (31:7-11 — the ark, the table, the lampstand, the']
   lines with 'abbath'        : 95  e.g. ["dror', Chullin 139b; the hin from 'this' by letters, Keritot 5b). Then the Sabbath's law layer: the", "30:3 and 30:33; 'My Sabbaths' at four Torah seats quoted back by Ezekiel; 'its profaners' a hapax;", "engines (the Sabbath's classes and rest); the cleansing engine (the three members); the guardians"]
   lines with 'keep'          : 18  e.g. ["the alignment engine of E2/E3 reused with a BOOK field per block: the run keeps the spec's persons,", "spec, 30:26-29, inserted into this one's run), a limiter of its own (8:35 'keep the LORD's charge... for", "('BUT My Sabbaths you shall keep',                         'Exod', 31, 13, 'שבתתי'),"]
   lines with 'honor'         : 2  e.g. ['return cell(\'bimkhubadai\', M, "Zevachim 115b:12 (opened) — 29:43 \'and it shall be sanctified BY MY GLORY\' (%s alone): \'read not bikhvodi but bi-MKHUBADAI (by My honored o', "('Zevachim 115b:12 — by My honored ones', tamid('glory_revocalized'), 'bimkhubadai'),"]
   lines with 'murder'        : 1  e.g. ['return cell([\'Deut 21:8\', \'Exod 21:30\', \'Exod 29:33\', \'Exod 30:12\', \'Num 35:31\', \'Num 35:32\'], I, "30:12 \'each shall give A RANSOM FOR HIS SOUL to the LORD\' — the phrase ']
   lines with 'theft'         : 6  e.g. ["'metzora %r; guardians (unpaid, theft) %r [IMPORT, live calls]'", 'return cell(GU_UNPAID_THEFT, P, "Mishnah Shekalim 2:1 — the townsmen\'s messengers whose shekels were STOLEN swear to the treasurers: the unpaid keeper\'s oath of Exod 22:7', "if event.get('keeper_role') != 'unpaid' or event.get('happening') != 'theft': return []"]
   lines with 'witness'       : 15  e.g. ['return cell(\'death_with_witnesses_karet_without\', M, "Onkelos Exod 31:14-15 — \'shall surely be PUT TO DEATH\' and \'shall be CUT OFF\' side by side: the deliberate-with-witn', "# investiture's: two case heads — the profanation (death with witnesses and the mode supplied at the", "if event['witnessed']:"]
   lines with 'servant'       : 1  e.g. ['return cell([\'2Chr 24:6\', \'2Chr 24:9\'], I, "THE RUN IN CHRONICLES: 2 Chr 24:6, 24:9 [IMPORT by name] \'THE LEVY OF MOSES the servant of the LORD... in the wilderness\' (%s)']
   lines with 'stranger'      : 27  e.g. ["hapaxes of the succession; 'a stranger shall not eat' once; the notar clause of Exod 12's shape;", "not be poured'; 'its formula' the bricks' quota-word; 'crown' and 'stranger' one written form at", '\'"a stranger shall not eat" %s · "whatever touches" %s · "two lambs each day" %s · "a continual burnt offering" %s · "for your generations" %s · "an altar for burning" %s']
   lines with 'Memra'         : 2  e.g. ['return cell(\'sign_between_my_word_and_you\', M, "Onkelos Exod 31:13 — \'it is a sign between MY WORD and you\' — the Memra as the covenant\'s party (the exo_31 ledger\'s crown', 'return [E_(\'sign_between\', event[\'keeper\'], cp=\'HEAVEN\', value=\'between_My_Word_and_you\', law=\'F13 [INK 31:13 "a sign between Me and you", 31:17 "a sign forever"; Onkelos']
   lines with 'heads'         : 2  e.g. ['return cell(2, I, "29:7 \'and POUR (the oil) on his head\' — the phrase at %s: Aaron and Jehu (2 Kgs 9:3, the king anointed by the prophet\'s disciple); the pouring verb on ', "# investiture's: two case heads — the profanation (death with witnesses and the mode supplied at the"]
   lines with 'covenant'      : 7  e.g. ['return cell([\'Exod 29:45\', \'Ezek 37:27\', \'Gen 17:8\', \'Jer 31:33\'], I, "\'and I will be their God\' at %s — Abraham\'s covenant (Gen 17:8), this spec, Jeremiah\'s new covenant', 'return cell(\'what_binds_the_seed_binds_him\', M, "Zevachim 19b:8 (opened) — Chizkiyah: 30:21 \'a perpetual statute to him AND TO HIS SEED for their generations\' (the pair a', 'return cell(\'sign_between_my_word_and_you\', M, "Onkelos Exod 31:13 — \'it is a sign between MY WORD and you\' — the Memra as the covenant\'s party (the exo_31 ledger\'s crown']
   lines with 'this day'      : 1  e.g. ["('Lev 8:34 — as he did this day', seven_days('as_this_day'), ['Lev 8:34']),"]
   lines with 'Exod 20'       : 2  e.g. ['return cell([\'Exod 20:11\', \'Exod 31:17\'], I, "\'for in six days the LORD made the heavens and the earth\' at %s — the Decalogue\'s reason clause and this verse: the sign\'s c', "('the creation reason at two seats', sabbath('creation_reason'), ['Exod 20:11', 'Exod 31:17']),"]
   lines with '24:7'          : 1  e.g. ['return cell([1, 1, 1, 2], I, "30:34 \'STACTE, ONYCHA, GALBANUM — spices — and pure FRANKINCENSE\' — three hapaxes and \'pure frankincense\' at two seats (this verse and the S']
   lines with '19:16'         : 3  e.g. ["engine (the townsmen's messengers' oath). Num 7:14, 17:5, 28:3-10, 2 Sam 24:15, 1 Kgs 19:16, 2 Kgs", 'return cell([\'1Kgs 19:16\', \'Exod 30:30\'], I, "30:30 \'and Aaron and his sons YOU SHALL ANOINT and sanctify them to serve Me as priests\' — the form at %s: this verse and El', '(\'"you shall anoint" — with Elijah\\\'s commission\', oil(\'persons\'), [\'1Kgs 19:16\', \'Exod 30:30\']),']
   lines with 'Shevuot'       : 5  e.g. ['return cell(\'one_atonement_not_two\', M, "Shevuot 10a:15 + 10a:20 + 10b:4 (opened) — \'once a year — this atonement shall be only once a year\' (the Day\'s goat does not aton', 'return cell(\'inner_horns_one_atonement_outer_even_two\', M, "Shevuot 10b:6 (opened) — \'and Aaron shall atone ON ITS HORNS once a year — it is the INNER altar\'s horns that ', 'return [E_(\'horns_atoned_yearly\', \'the-golden-altar\', cp=p, value=incense_altar(\'one_atonement\')[\'v\'], law=\'F8 [INK 30:10 "ONCE A YEAR... once a year he shall atone on it']
   lines with 'Yoma 4'        : 12  e.g. ['Answer sheet ROUTED BY TOPIC under the union rule: Mishnah Shekalim WHOLE, Keritot 1, Yoma 4, Zevachim', 'return cell(\'half_maneh_morning_half_twilight\', A, "Mishnah Yoma 4:4 — \'every day he offers a half-maneh in the morning and a half-maneh at twilight, today he adds his fi', 'return cell(YOMA_STEP[\'16:16-17\'], P, "Tamid 6:3 \'the people withdrew\' before the burning — Lev 16:17 \'no man shall be in the tent of meeting when he enters to atone\' ext']
==== pre_sinai: 31 defs ['strip', 'toks', 'raw', 'phrase', 'seats', 'has', 'anytok', 'cnt', 'tanakh', 'tanakh_any', 'tanakh_phrase', 'torah', 'fmt', 'fmt2', 'verdict', 'norm', 'bagt', 'jact', 'delta', 'cell', 'creation', 'day_boundary', 'sabbath', 'noahide', 'covenant', 'circumcision', 'law_pre_sinai', 'scene', 'build', 'load', 'mrow']
   creation                     asks ['align_light', 'and_it_was_so', 'bereshit_seats', 'created_made', 'delta_beasts', 'delta_lights', 'delta_lights_read', 'delta_man', 'delta_man_read', 'delta_plants', 'delta_plants_read', 'delta_swarms_read', 'delta_waters', 'elders_changes', 'elohim_35', 'et_nachum', 'evening_morning_six', 'exposition_fence', 'finished_two_forms', 'good_by_day', 'good_is_righteous', 'good_seven', 'heaven_first', 'his_work_thrice', 'image_seats', 'kinds_grasses', 'kinds_sea', 'kinds_ten', 'light_two_days', 'male_female_six', 'nefesh_chayah', 'nine_plus_one', 'no_more_flood_tens', 'openers', 'ordinals', 'paragraph_sizes', 'partner', 'psalms', 'reading_table', 'rule_two_forms', 'sanctified_it_two', 'seas_mikveh', 'seasons_by_call', 'seventh_named', 'seventh_no_evening', 'subdue_defective', 'subdue_read', 'ten_things_day_one', 'ten_utterances', 'the_sixth_article', 'them_twice', 'three_blessings', 'travel_rule', 'yehi_or']
   day_boundary                 asks ['dawn_rite', 'day_follows_night_by_call', 'eighth_day_dated', 'evening_to_evening_by_call', 'ingathering', 'mothers_seven_by_call', 'nazir_unit', 'night_until_stars', 'one_day_cardinal', 'shema_evening_first', 'twilight_ninth', 'vayehi_not_grief', 'vow_window']
   sabbath                      asks ['all_work_by_call', 'bread_by_call', 'carve_outs_by_call', 'covenant_sabbaths_by_call', 'covenant_twelve_by_call', 'creation_reason_by_call', 'day_by_call', 'delta_20_11', 'delta_31_17', 'extra_soul_by_call', 'kiddush_text', 'kindling_sign_make_by_call', 'labor_scope_by_call', 'laden_beast_by_call', 'land_by_call', 'my_sabbaths_by_call', 'noahide_sabbath', 'parents_by_call', 'recurrence_by_call', 'refreshed_by_call', 'remember_by_call', 'sabbath_psalm', 'sanctified_him_two', 'sanctuary_by_call', 'shabbaton_six_by_call', 'those_who_rest', 'three_seats_bless', 'three_seats_verbs', 'verb_only', 'who_rests_by_call']
   noahide                      asks ['adjacency_9_6_9_7', 'adulteress', 'adultery_by_call', 'aunts_by_call', 'beast_by_call', 'blasphemy_seat', 'blessing_delta', 'blessing_noah', 'blood_ban_by_call', 'blood_scope_by_call', 'bloodshed_chiasm', 'bloodshed_seats', 'by_man', 'convert_rite_by_call', 'court_word_by_word', 'courts_by_call', 'dominion_labor', 'execution_ladder', 'fear_scope', 'grant_delta', 'grant_read', 'grant_two_eras', 'idolatry_by_call', 'image_reason', 'inversion', 'karet_count_by_call', 'life_blood_two_seats', 'limb_akh', 'limb_read', 'menashe_variant', 'multiply_twice', 'noahide_boundary_by_call', 'outside_blood_reckoned', 'pesach_8_8', 'pesach_gate_by_call', 'procreation_israel', 'procreation_sheet', 'repeated_at_sinai', 'require_three', 'retold_adds', 'retold_delta', 'robbery_by_call', 'robbery_root', 'root_tokens', 'self_injury', 'seven_from_root', 'seven_list', 'shed_homograph', 'sister_by_call', 'stoned_by_call', 'suspected_three', 'unions_by_call', 'unions_read', 'unions_root', 'unnatural']
   covenant                     asks ['bow_blessing', 'bow_three', 'bow_twilight', 'brit_olam_twelve', 'covenant_heads', 'covenant_seven', 'flood_seats', 'generations_defective', 'generations_read', 'living_soul_parties', 'no_more_doubled', 'oath_read', 'remember_two_seats', 'sworn_fire_too']
   circumcision                 asks ['adult_flesh', 'ages', 'and_you', 'arakhin_2_2', 'broken_read', 'broken_the_bull', 'cascade', 'day_not_night', 'doubled_verb', 'dusk_wound', 'eight_days', 'eighth_by_call', 'every_male', 'foreskin_six', 'four_cases', 'gentile_agent', 'home_born_bought', 'karet_first', 'karet_sheet', 'kings', 'laugh_name', 'mother_exempt', 'multitude', 'names', 'names_read', 'nedarim_3_11', 'orlah_site_by_call', 'override_analogies', 'repeated_sabbath', 'run_stamp', 'sabbath_sheet', 'scope_lines', 'seed_after_you', 'set_time_by_call', 'six_and_five', 'spec_run_align', 'thirteen', 'very_day', 'walk_whole', 'whole_read']
   law_pre_sinai                asks []  kinds ['blessed_be_fruitful', 'blood_required', 'born', 'bow_set', 'ceased_and_blessed', 'circumcised', 'circumcision_commanded', 'evening_and_morning', 'fear_set', 'flood_sworn_off', 'limb_barred', 'meat_granted', 'renamed', 'walk_commanded']
   build                        asks ['headline_edges', 'headline_spec_run', 'headline_ten', 'headline_thirteen', 'headline_three_seats', 'world']
   uppercase names: ['A', 'ABR', 'A_17_RUN', 'A_BLESS_9', 'A_GRANT', 'A_LIGHT', 'A_MAN', 'A_PLANTS', 'A_REST_20', 'A_REST_31', 'A_RETOLD', 'BR', 'CAL', 'CAL_REC', 'CAL_WHO', 'CIB', 'CL', 'CL_F', 'CL_M', 'CMD', 'CRE', 'D', 'DAY_RANGES', 'DB', 'DEC', 'DEC_BEAST', 'DEC_REM', 'DEC_SCOPE', 'ER', 'ER_RITE', 'ER_TABLE', 'FX', 'G', 'H', 'HB', 'HB_ORLAH', 'HB_TEMPLE', 'HB_TIMER', 'HB_TWIN', 'HO', 'HO_BENIGN', 'HO_ESC', 'HO_OVER', 'HO_PAR', 'HO_ROB', 'I', 'IS', 'IS_CARVE', 'IS_COVENANT', 'IS_CREATION', 'IS_GIFT', 'IS_KINDLING', 'IS_MAKE', 'IS_MYSAB', 'IS_REFRESHED', 'IS_SHABBATON', 'IS_SIGN', 'IS_SOUL', 'M', 'MO', 'MO_ADD', 'MO_CLASS', 'MO_PASS', 'MO_RH', 'MO_VS', 'MP', 'MP_21_12', 'MUL', 'NOA', 'NOAH', 'OFF', 'OFF_BLOOD', 'OFF_SANC', 'OPENERS', 'ORD', 'ORD_23', 'ORD_BEAST', 'ORD_EIGHTH', 'ORD_ELOHIM', 'ORD_HAPAX', 'ORD_NAME', 'ORD_ONE_TWO', 'ORD_ONLY', 'ORD_ROW', 'ORD_SERV', 'ORD_TIMER', 'ORD_TORN', 'P', 'PARAS', 'PR', 'PRB', 'PR_DAY', 'PR_EIGHTH', 'PR_EX', 'PR_EXCH', 'PS', 'PS_CONV', 'PS_OWNER', 'PS_SLAVE', 'PS_SLAVE_N', 'PS_UNC', 'SAN', 'SAN_ADULT', 'SAN_ADULT_G', 'SAN_AUNTS', 'SAN_BAN', 'SAN_BEAST', 'SAN_CONV', 'SAN_KARET_N', 'SAN_OUT', 'SAN_ROWS', 'SAN_SIS', 'SAN_STONED', 'SAN_WHICH', 'SCENE', 'SHEET', 'SHELF', 'SPAN', 'T', 'TESTS']
   imports: ['cold_run_clocks', 'cold_run_decalogue', 'cold_run_holiness_b']
   lines with 'Deut 5'        : 1  e.g. ['return cell(\'israel_only_by_the_framework\', M, "Sanhedrin 59b:3-4 (" + NOA + "SINAI_procreation): said to Noah (9:7) and repeated at Sinai (Deut 5:27 \'return to your tent']
   lines with 'Decalogue'     : 5  e.g. ["is the extra soul (Beitzah 16a); the seventh day's seats across the whole code fetched by live call (the Decalogue's", 'LEAF CALLER of eighteen engines): the Decalogue (remember, the labor scope, the laden beast); the sign chapter (the', 'return cell(c_rest_verbs, I, "THE CREATION-REST CLAUSE AT THREE SEATS — Gen 2:2-3 \'ceased\' (twice), Exod 20:11 \'RESTED\' (the Decalogue\'s reason clause: \'vayanach\' in Exod']
   lines with 'abbath'        : 96  e.g. ["type tokens added to the census's vocabulary (sabbath, circumcision, life_blood, shed, fruitful, appointed_time), seventeen", "stranger, the appointed times' all-work class and evening-to-evening, the holiness chapters' 'My Sabbaths' beside the", "parents and the sanctuary, the bread arranged on the Sabbath, the land's sabbath, the covenant's sabbaths repaid, the Day's"]
   lines with 'remember'      : 18  e.g. ["remember and labor scope, the sign chapter's carve-outs with circumcision first, the calendar's rest for the ox and the", "Ketubot 77b), 'I will remember My covenant' at Gen 9:15 and Lev 26:42 alone (the covenant-cascade engine by call), the bow's", 'LEAF CALLER of eighteen engines): the Decalogue (remember, the labor scope, the laden beast); the sign chapter (the']
   lines with 'keep'          : 12  e.g. ["'and YOU shall keep' (the gentile circumciser — Avodah Zarah 27a's two derivations), 'he has BROKEN' spelled as THE BULL,", "('and YOU shall keep',                              'Gen', 17, 9, 'ואתה'),", 'return cell(MO_ADD, P, "Lev 23:32 \'from evening to evening you shall keep your sabbath\' — the day boundary of 1:5 written as law at the Day of Atonement: CALLED cold_run_']
   lines with 'murder'        : 2  e.g. ["c_21_12 = MP_21_12;                                                              assert c_21_12 == ['מכה', 'איש', 'ומת', 'מות', 'יומת'], c_21_12       # the murder law's ", 'return cell(SAN_OUT, P, "Lev 17:4 \'blood shall be RECKONED to that man — he has SHED blood\' (9:6\'s murder formula on the outside-slaughterer): CALLED cold_run_sanctions.o']
   lines with 'adulter'       : 11  e.g. ['which-blood, the convert, the adulterer, the beast, the sister, the stoned census, the karet count, the outside', "SAN_ADULT = SAN.adultery('whose_wife')['v']; SAN_ADULT_G = SAN.adultery('whose_wife', wife_of='gentile')['v']; SAN_BEAST = SAN.beast('why')['v']", "SAN_ROWS = {u: SAN.sanction(u)['v'] for u in ('mother', 'father_wife', 'male', 'man_beast', 'sister', 'adultery', 'father_sister', 'mother_sister')}"]
   lines with 'steal'         : 1  e.g. ["('CALLED holiness — the robbery leg', noahide('robbery_by_call'), (['steal', 'deny', 'lie', 'swear_falsely', 'profane'], 'pays_as_at_the_time_of_the_robbery', 'banned_eve"]
   lines with 'theft'         : 2  e.g. ["HO_OVER = HO.frame('override')['v']; HO_PAR = HO.frame('parents_order')['v']; HO_ESC = HO.theft('escalation')['v']; HO_ROB = HO.robbery('value_at_time')['v']; HO_BENIGN =", 'return cell((HO_ESC, HO_ROB, HO_BENIGN), P, "the ROBBERY leg\'s Sinai seat — Lev 19:11-13: CALLED cold_run_holiness.theft(escalation) -> %r, robbery(value_at_time) -> %r, ']
   lines with 'witness'       : 4  e.g. ["hand-tokens as the court (one judge, one witness, no forewarning, the fetus); 9:3 against 1:29 the two-era grant; 9:2's", "return cell({'one_judge': 'I_will_require', 'no_forewarning': 'from_the_hand_of_every_beast', 'one_witness': 'from_the_hand_of_man', 'not_a_woman': 'from_the_hand_of_a_MA", '"Sanhedrin 57b:2-4 (" + NOA + "NOA_PROC rows): the Noahide court from 9:5\'s tokens — one judge, no forewarning, one witness, a man\'s testimony, even a relative", [\'blood_']
   lines with 'other gods'    : 1  e.g. ['return cell((ORD_SERV, ORD_ONLY, ORD_ROW), P, "the IDOLATRY leg (2:16 \'God\' — Exod 20:3 \'no other gods\' by name): the service paradigm — CALLED cold_run_ordinances.capita']
   lines with 'servant'       : 2  e.g. ['return cell(verdict(CAL_WHO), P, "Exod 23:12 \'that your ox and your donkey may rest, and the son of your maidservant and the stranger be refreshed\' — CALLED cold_run_cale', "('CALLED sanctions — the sister', noahide('sister_by_call'), ({'paternal_or_maternal': 'both', 'born_home_or_outside': 'keep_her_or_send_her', 'maidservant_or_gentile_dau"]
   lines with 'your ox'       : 1  e.g. ['return cell(verdict(CAL_WHO), P, "Exod 23:12 \'that your ox and your donkey may rest, and the son of your maidservant and the stranger be refreshed\' — CALLED cold_run_cale']
   lines with 'stranger'      : 6  e.g. ["stranger, the appointed times' all-work class and evening-to-evening, the holiness chapters' 'My Sabbaths' beside the", '"REFRESHED\', with 23:12\'s \'you shall cease... rest... be refreshed\' for the ox and the stranger — the verb changes at every seat" % (fmt(c_vayanach_exod),), [\'seventh_day', 'return cell(IS_REFRESHED, P, "\'and was refreshed\' at three seats of the Tanakh — CALLED cold_run_incense_shekel.sabbath(refreshed) -> %r [IMPORT, live call]: the stranger']
   lines with 'elders'        : 6  e.g. ['return cell(c_seventh, I, "\'the seventh day\' three times in 2:1-3 — twice in 2:2 (finished on it, ceased on it), once in 2:3 (blessed it); Megillah 9a:13 (opened): the el', '"1:1\'s order, Beit Hillel on 2:4\'s; Tamid 32a:3: the elders of the south answer Alexander from 1:1", [FX.NONE])', "if q == 'elders_changes':"]
   lines with 'heads'         : 3  e.g. ["if q == 'covenant_heads':", 'return cell(\'you_and_your_seed_after_you\', I, "9:9 \'with you and with your seed after you\' — the covenant\'s addressees; 17:7 the same head for Abraham\'s: Mishnah Nedarim ', "('the two covenant heads', covenant('covenant_heads'), 'you_and_your_seed_after_you'),"]
   lines with 'covenant'      : 67  e.g. ["parents and the sanctuary, the bread arranged on the Sabbath, the land's sabbath, the covenant's sabbaths repaid, the Day's", "fear; 9:7's doubled 'multiply' and 'swarm' (castration); the pursuer; self-injury; and THE COVENANT: 'covenant' seven times", "Ketubot 77b), 'I will remember My covenant' at Gen 9:15 and Lev 26:42 alone (the covenant-cascade engine by call), the bow's"]
   lines with 'Exod 20'       : 16  e.g. ["2:2-3, Exod 20:11, Exod 31:17 — diffed: 'ceased' / 'rested' / 'ceased and was REFRESHED', and the third seat's added token", 'return cell(c_rest_verbs, I, "THE CREATION-REST CLAUSE AT THREE SEATS — Gen 2:2-3 \'ceased\' (twice), Exod 20:11 \'RESTED\' (the Decalogue\'s reason clause: \'vayanach\' in Exod', 'return cell(c_bless_seats, I, "the blessing and the sanctification at the three seats: Gen 2:3 \'blessed... sanctified IT\', Exod 20:11 \'blessed... sanctified IT (him)\', Ex']
   lines with 'Shevuot'       : 4  e.g. ["in 9:8-17, 'no more' doubled as an oath (Shevuot 36a), 'for generations' DEFECTIVE (the two generations without a bow,", "c_od = [(k[2], cnt(k, 'עוד')) for k in NOAH if 'עוד' in toks(*k)];                assert c_od == [(11, 2), (15, 1)], c_od                              # 'no more' DOUBLED", 'return cell(\'no_twice_is_an_oath\', M, "Shevuot 36a:13-14 (opened): \'no\' is an oath — 9:15\'s \'no more\' with Isa 54:9 \'as I have SWORN\' (twice, measured %r); Rava: only whe']
   lines with 'Kiddushin 3'   : 3  e.g. ['return cell(\'a_mans_way_not_a_womans\', M, "Yevamot 65b:4, Kiddushin 35a:2 (opened): \'and subdue IT\' read \'subdue HER\' — \'a man\'s way to subdue, not a woman\'s\': the woman ', 'return cell((c_them_27, c_them_28), I, "1:27 \'created HIM... created THEM\' (the number shift inside the verse); 1:28 \'blessed THEM... said to THEM\' — R. Yochanan b. Berok', '"for R. Yochanan b. Beroka and 5:2\'s \'male and female\' for Hillel; the exemption\'s ink \'subdue\' defective (Yevamot 65b:4); Kiddushin 34a:3: the time-bound rule\'s exceptio']
   lines with 'Makkot 24'     : 2  e.g. ["letter's five (Nedarim 32b), 'walk before Me and be whole' (Nedarim 31b-32a; Makkot 24a), 'at this set time' (the", '"Nedarim 31b:11, 32a:5, 32a:8, 32a:11 (opened): Rabbi — not called whole until he circumcised; trembled until 17:2\'s \'I will give My covenant\' answered; Chagigah 12a:15: ']
   lines with 'Shabbat 88'    : 4  e.g. ["(Shabbat 88a's condition); 'after its kind' ten times at five verses; the seven section-openers the maamad reads (Taanit", "c_articled = [w for v, w in c_ordinals if w.startswith('ה')];                    assert c_articled == ['הששי'], c_articled                            # THE sixth alone ar", 'return cell(c_articled, I, "THE sixth alone articled among the six (%s) — Shabbat 88a:6, Avodah Zarah 3a:6, 5a:12 (opened): Resh Lakish — \'the extra heh: the Holy One sti']
==== musafim: 22 defs ['strip', 'verse_text', 'words', 'ink', 'move', 'dat', 'hyp', 'out', 'seats', 'name_census', 'watches_day', 'the_tamid', 'the_sabbath', 'the_new_moon', 'pesach_shavuot', 'tishri', 'sukkot', 'the_watches', 'the_calendar', 'law_musafim', 'scene', 'narrative']
   the_tamid                    asks ['appointed_time', 'frame', 'impurity_of_the_deep', 'lamb_stock', 'made_at_sinai', 'morning_missed', 'possessives', 'sinai_olah', 'strong_drink', 'surplus_lambs', 'tamid_read', 'the_name', 'the_one_lamb', 'the_second_lamb', 'the_tenth', 'two_per_day']  kinds ['appointed_time', 'frame', 'impurity_of_the_deep', 'lamb_stock', 'made_at_sinai', 'morning_missed', 'possessives', 'sinai_olah', 'strong_drink', 'surplus_lambs', 'tamid_read', 'the_name', 'the_one_lamb', 'the_second_lamb', 'the_tenth', 'two_per_day']
   the_sabbath                  asks ['between_the_temidim', 'hillel_two_hundred', 'licensed_slaughter', 'on_its_sabbath', 'overrides', 'two_lambs', 'work_class']  kinds ['between_the_temidim', 'hillel_two_hundred', 'licensed_slaughter', 'on_its_sabbath', 'overrides', 'two_lambs', 'work_class']
   the_new_moon                 asks ['absent_from_lev23', 'availability', 'in_its_month', 'labor_permitted', 'master_row', 'month_sanctified', 'the_goat_to_the_lord', 'the_table']  kinds ['absent_from_lev23', 'availability', 'in_its_month', 'labor_permitted', 'master_row', 'month_sanctified', 'the_goat_to_the_lord', 'the_table']
   pesach_shavuot               asks ['as_these', 'availability_libations', 'day_of_slaughter', 'firstfruits_day', 'food_work', 'libations_likened', 'loaves_and_lambs', 'loaves_baking', 'redress_days', 'the_dates', 'the_second_set', 'the_seventh', 'the_table', 'wilderness_set']  kinds ['as_these', 'availability_libations', 'day_of_slaughter', 'firstfruits_day', 'food_work', 'libations_likened', 'loaves_and_lambs', 'loaves_baking', 'redress_days', 'the_dates', 'the_second_set', 'the_seventh', 'the_table', 'wilderness_set']
   tishri                       asks ['atonements_goat', 'by_day', 'convocation', 'day_of_blowing', 'musaf_order', 'shofar_on_sabbath', 'teruah_count', 'the_stack', 'the_tenth', 'the_tishri_table', 'yk_rams']  kinds ['atonements_goat', 'by_day', 'convocation', 'day_of_blowing', 'musaf_order', 'shofar_on_sabbath', 'teruah_count', 'the_stack', 'the_tenth', 'the_tishri_table', 'yk_rams']
   sukkot                       asks ['dotted_tenth', 'eighth_head', 'rain_mention', 'seventy_nations', 'stay', 'sukkot_sabbath', 'the_dates', 'the_declining_bulls', 'the_eighth', 'the_multiplied_table', 'the_pointer_line', 'the_rite', 'the_water_libation', 'water_days']  kinds ['dotted_tenth', 'eighth_head', 'rain_mention', 'seventy_nations', 'stay', 'sukkot_sabbath', 'the_dates', 'the_declining_bulls', 'the_eighth', 'the_multiplied_table', 'the_pointer_line', 'the_rite', 'the_water_libation', 'water_days']
   the_watches                  asks ['watches_division', 'watches_eighth', 'watches_institution', 'watches_seventh']  kinds ['watches_division', 'watches_eighth', 'watches_institution', 'watches_seventh']
   the_calendar                 asks ['ben_azzai_census', 'besides_twelve', 'goat_vav', 'interchange', 'its_day_passed', 'peace_offerings', 'pointers', 'run_in_writings', 'sanctity_marker', 'the_register_gate', 'the_sums', 'the_thirteen_goats', 'these_you_shall_do', 'timers', 'vow_deadline']  kinds ['ben_azzai_census', 'besides_twelve', 'goat_vav', 'interchange', 'its_day_passed', 'peace_offerings', 'pointers', 'run_in_writings', 'sanctity_marker', 'the_register_gate', 'the_sums', 'the_thirteen_goats', 'these_you_shall_do', 'timers', 'vow_deadline']
   law_musafim                  asks []  kinds ['calendar_case', 'new_moon_case', 'offerings_calendar_commanded', 'pesach_shavuot_case', 'sabbath_musaf_case', 'sukkot_case', 'tamid_case', 'tishri_case']
   DATA keys (24): ['atzeret_stay', 'availability', 'ben_azzai_corners', 'communal_consecration', 'eighth_day_status', 'food_work_extension', 'goats_atonement_tiers', 'hin_vessel', 'lamb_stock_floor', 'loaves_and_lambs', 'morning_missed', 'musaf_hour', 'rain_mention_day', 'shavuot_redress_days', 'shofar_source', 'sinai_olah', 'tamid_afternoon_hour', 'tamid_surplus', 'teruah_count', 'vow_deadline', 'water_libation_days', 'water_libation_measure', 'water_libation_source', 'yom_kippur_rams']
   uppercase names: ['ADDRESSEE_OTHER', 'BESIDES', 'BLEMISH', 'BULLS_70', 'BY_NUMBER', 'CHATAT_OUT', 'CLOSE', 'CONTINUAL', 'DATE_MATZOT', 'DATE_PESACH', 'DATE_RH', 'DATE_SUKKOT', 'DATE_YK', 'FX', 'GOATS', 'GOAT_BARE', 'GOAT_TO_LORD', 'GOAT_VAV', 'HEADS', 'IS', 'ITS_LIB_F', 'KEYS', 'LAMBS_98', 'LAMBS_THREE_DAYS', 'LAMBS_TISHRI_1', 'LETTERS', 'LEV_SET', 'LINE', 'MAYIM', 'MAYIM_RAW', 'MIN', 'MO', 'MONTH_ROW', 'MO_LOAVES', 'MO_OMER', 'MO_PASS', 'MO_RH', 'MO_SHAV', 'MO_SUK', 'MO_WORK', 'MO_YK', 'N', 'NAMES_LEV', 'NAMES_SPAN', 'NARRATIVE', 'NARRATIVE_PREDICTED', 'OFF', 'OIL_GRADE', 'OLAH_FLOCK', 'OLAH_HERD', 'OMER_SRC', 'ORDER', 'ORDINANCE', 'P', 'PLAIN', 'POINTERS', 'RAMS_14', 'ROUTE_END', 'ROUTE_NONE', 'SAB_TWO', 'SALT', 'SCENE', 'SEVENTY_SPLIT', 'SH', 'SHELAMIM', 'SH_61', 'SH_HIN', 'SH_LOGS', 'SH_MONTH_ROW', 'SH_RATIO', 'SH_SEATS', 'SH_SUKSAB', 'SH_TABLE', 'SH_TABLE_CELL', 'SH_TAKES_GOAT', 'SPAN', 'SUKKOT', 'SUKKOT_VERSES', 'TABLES', 'TAMID', 'TAMID_TWO', 'TENTHS_12', 'THEIR_LIB', 'THEIR_ORDINANCE', 'THESE', 'TO_ATONE', 'TO_LORD', 'T_EIGHTH', 'T_MONTH', 'T_PESACH', 'T_RH', 'T_SHAVUOT', 'T_YK', 'WATCHES', 'WD', 'WE', 'YO']
   imports: ['cold_run_incense_shekel', 'cold_run_minchah', 'cold_run_moadim', 'cold_run_offerings', 'cold_run_shelach', 'cold_run_yoma']
   lines with 'abbath'        : 64  e.g. ["# TABLE: the tamid restated from Exodus 29 with its deltas (by CALL to the incense-shekel engine's fourteen tamid cells); the Sabbath's two", "import cold_run_incense_shekel as IS             # THE EDGE: musafim -> incense_shekel CALL, reference (28:3-8 restates Exod 29:38-42; the tamid's fourteen cells; the Sab", "('השבת',    28, 9,  'the Sabbath'),"]
   lines with 'keep'          : 7  e.g. ["('וחגתם',   29, 12, 'and you shall keep a feast'),", 'ink(\'28:2\', \'"you shall keep to bring near to Me IN ITS APPOINTED TIME" — the freed term at three seats (9:2, 9:3 the Pesach; 28:2 the tamid)\')', 'ink(\'29:12\', \'"on the fifteenth day of the seventh month a holy convocation... you shall keep a feast to the LORD seven days" — %s by the parser\' % DATE_SUKKOT)']
   lines with 'heads'         : 5  e.g. ['ink(\'28:11\', \'"and at the heads of your months you shall bring near a burnt offering to the LORD: two young bulls, one ram, seven yearling lambs without blemish" — %s by ', "ink('29:13-32', 'the bulls %s — thirteen to seven, one fewer each day; rams %s, lambs %s each day (the parser at the seven heads)' % ([s[0] for s in SUKKOT], [s[1] for s ", "ink('29:17-35', 'the day-heads %s — six with the conjunction, the eighth WITHOUT (computed)' % HEADS)"]
   lines with 'installed_by'  : 1  e.g. ['"""Num 28:1-29:39 (cold_run_musafim.py F1-F7 + the watches). installed_by called_from_the_tent — a standing statute (law_moadim\'s form):']
   lines with 'covenant'      : 3  e.g. ["# the first run typed zero for Leviticus 1-7 and read TWO seats off the print: 2:13 'the salt of the covenant of YOUR GOD' (the covenant's, not an offering's addressee)", 'ink(\'28:3-8\', \'"to the LORD" %d times in the span, the special Name at every offering; the other names %s (computed); Leviticus 1-7: the Name %d, the other names %s — the', "ink('the span; Lev 1-7', 'the special Name %d / the other names %s in the span; %d / %s in Leviticus 1-7 (computed): the two other seats are the covenant\\'s and an apposi"]
   lines with 'Shevuot'       : 27  e.g. ["# THIRTEEN GOATS with their vav census (Shevuot 9b-10a's token fact computed off the ink). The daemon law_musafim sets EIGHT PERIOD TIMERS", "('שעיר',    28, 30, 'a goat — WITHOUT the conjunction (Shevuot 10a:11)'),", "# THE GOAT LINES and their VAV (Shevuot 9b:2, 10a:8, 10a:11 — the token fact): every verse with the goat-word, the conjunction read off the word's first letter"]
==== obey_horeb: 24 defs ['plain', 'pointed', 'words', 'morphs', 'wm', 'hits', 'phrase', 'lemma_of', 'verse_text', 'ink', 'move', 'dat', 'hyp', 'out', 'rb', 'the_exhortation', 'horeb_retold', 'no_image', 'the_exile_case', 'the_one_god', 'the_cities_and_the_frame', 'law_obey_horeb', 'scene', 'narrative']
   the_exhortation              asks ['add_beside', 'add_nothing', 'add_out_of_its_time', 'baal_peor_seen', 'diminish_nothing', 'god_so_near', 'hear_and_do', 'righteous_statutes', 'taught_as_commanded', 'the_cleaving', 'the_write', 'wisdom_before_the_peoples']  kinds ['add_beside', 'add_nothing', 'add_out_of_its_time', 'baal_peor_seen', 'diminish_nothing', 'god_so_near', 'hear_and_do', 'righteous_statutes', 'taught_as_commanded', 'the_cleaving', 'the_write', 'wisdom_before_the_peoples']
   horeb_retold                 asks ['commanded_to_teach', 'learn_and_teach', 'take_heed_lest_you_forget', 'the_daughters_excluded', 'the_day_at_horeb', 'the_mountain_burning', 'the_ten_words_and_the_tablets', 'the_voice_and_no_form']  kinds ['commanded_to_teach', 'learn_and_teach', 'take_heed_lest_you_forget', 'the_daughters_excluded', 'the_day_at_horeb', 'the_mountain_burning', 'the_ten_words_and_the_tablets', 'the_voice_and_no_form']
   no_image                     asks ['consuming_fire_jealous_god', 'image_for_study', 'image_of_the_host', 'no_form_seen', 'the_bar_third_telling', 'the_covenant_not_forgotten', 'the_host_apportioned', 'the_image_list', 'the_iron_furnace']  kinds ['consuming_fire_jealous_god', 'image_for_study', 'image_of_the_host', 'no_form_seen', 'the_bar_third_telling', 'the_covenant_not_forgotten', 'the_host_apportioned', 'the_image_list', 'the_iron_furnace']
   the_exile_case               asks ['in_your_distress_return', 'perish_and_scatter', 'seek_and_find', 'serve_wood_and_stone', 'the_case_head', 'the_merciful_god', 'the_witnesses']  kinds ['in_your_distress_return', 'perish_and_scatter', 'seek_and_find', 'serve_wood_and_stone', 'the_case_head', 'the_merciful_god', 'the_witnesses']
   the_one_god                  asks ['because_he_loved_your_fathers', 'from_heaven_the_voice', 'keep_the_statutes', 'know_this_day', 'the_former_days', 'the_nation_from_a_nation', 'the_voice_and_lived', 'to_dispossess_nations', 'you_were_shown']  kinds ['because_he_loved_your_fathers', 'from_heaven_the_voice', 'keep_the_statutes', 'know_this_day', 'the_former_days', 'the_nation_from_a_nation', 'the_voice_and_lived', 'to_dispossess_nations', 'you_were_shown']
   the_cities_and_the_frame     asks ['not_until_all_six', 'the_borders_verbatim', 'the_manslayer_defined', 'the_readback_table', 'the_second_frame', 'the_three_names', 'then_moses_set_apart']  kinds ['not_until_all_six', 'the_borders_verbatim', 'the_manslayer_defined', 'the_readback_table', 'the_second_frame', 'the_three_names', 'then_moses_set_apart']
   law_obey_horeb               asks []  kinds ['add_nothing_commanded', 'horeb_case', 'tablets_given', 'ten_words_declared', 'three_cities_set_apart', 'witnesses_called']
   DATA keys (19): ['the_bars_third_telling', 'the_creed', 'the_exile_case', 'the_export_chapter_5', 'the_horeb_hole', 'the_host_apportioned', 'the_inquiry_limits', 'the_instruments', 'the_law_bal_tosif', 'the_manslayer_definition', 'the_no_image_list', 'the_number_switching', 'the_readback', 'the_second_frame', 'the_tablets_plene', 'the_teach_your_sons', 'the_ten_words_seats', 'the_three_cities', 'the_witnesses_chain']
   uppercase names: ['ADD_PL', 'ANGRY', 'APPORTIONED', 'BAR_DELTA', 'BK', 'BK_LAST', 'BK_PLAGUE', 'BK_SERVICE', 'BO', 'BORDERS_DELTA', 'BOTH', 'BO_EXTENTS', 'CASE_TOK', 'CK', 'CK_DELTA', 'CLEAVE', 'CLOSES', 'CREATED', 'CREED', 'DC', 'DC_STEPS', 'DIFF', 'DIMINISH', 'DIMINISH_LEM', 'DIV', 'END_OF_DAYS', 'ER', 'ER_FORMS', 'ER_HOREB', 'ER_TAMMUZ', 'ER_TEN', 'ER_TORAH_MITZVAH', 'ES', 'ES_DAYS', 'ES_DESC', 'ES_SEA', 'ES_SENT', 'ES_TEN', 'FORGET', 'FORM_LEM', 'FRAME_DELTA', 'FROM_FIRE', 'FURNACE', 'FX', 'GOLAN', 'GRADES', 'HEART_SOUL', 'HEAVEN_EARTH_D', 'HOREB', 'HOREB_DELTA', 'HOREB_T', 'HOST', 'IMAGE', 'IMPER', 'INSTR_DELTA', 'LEARN_TEACH', 'LEMT', 'LEMV', 'LEN', 'LIKENESS_N', 'LINES', 'MANSLAYER', 'MANSLAYER_DIFF', 'MANSLAYER_SHARED', 'NAME', 'NARRATIVE', 'NARRATIVE_PREDICTED', 'NEITHER', 'NF', 'NONE_ELSE', 'NOT_HIS_ENEMY', 'NO_KNOWLEDGE', 'NUM2', 'ONE_CITY', 'OS', 'OS_AFTER', 'OS_BAR', 'OS_HERMON', 'OS_REFUSAL', 'OS_ROWS', 'OUTSTRETCHED', 'P', 'PARSED', 'PEOR', 'PEOR_ALL', 'PEOR_DELTA', 'PERSONS', 'PL_ONLY', 'PR', 'PROHIB', 'PR_FURNACE', 'PR_LAND', 'PS', 'PS_CREATED', 'PT', 'P_', 'RB_GRADES', 'READBACK', 'RECEIPT_ME', 'RECEIPT_MY_GOD', 'REG', 'RF', 'RF_BLIND', 'RF_DEBIT', 'RF_ENEMY', 'RF_SIX', 'SCENE', 'SCENE_PREDICTED', 'SEED_AFTER', 'SET_APART', 'SG_ONLY', 'SHARED', 'SPAN', 'STRONG_HAND', 'S_', 'T', 'TABLETS_DEF', 'TABLETS_DELTA', 'TABLETS_PLENE', 'TC']
   imports: ['cold_run_balak', 'cold_run_borders', 'cold_run_chukat', 'cold_run_decalogue', 'cold_run_erection', 'cold_run_exodus_story', 'cold_run_opening_speech', 'cold_run_pre_sinai', 'cold_run_primeval', 'cold_run_refuge', 'cold_run_tochacha']
   lines with 'Deut 5'        : 14  e.g. ["assert P('ועתה', 'ישראל') == S_('Deut 10:12', 'Deut 4:1') and P('שמע', 'ישראל') == S_('Deut 20:3', 'Deut 5:1', 'Deut 6:4', 'Deut 9:1') and wm('Deut', 4, 1)[2] == ('שמע', ", "assert P('ותקרבון', 'ותעמדון') == ['Deut 4:11'] and P('תחת', 'ההר') == S_('Deut 4:11', 'Exod 24:4', 'Exod 32:19') and P('בער', 'באש') == S_('Deut 4:11', 'Deut 5:23', 'Deu", "assert P('חשך', 'ענן', 'וערפל') == ['Deut 4:11'] and P('האש', 'הענן', 'והערפל') == ['Deut 5:22']"]
   lines with 'Horeb'         : 19  e.g. ['import cold_run_erection as ER                # THE EDGE: obey_horeb -> erection CALL, reference (4:13 the ten words and the tablets; the fortieth day; 4:5 and 4:14 the t', "# F2's facts: Horeb retold", 'rb(\'Deut 4:10-11\', "the day you stood before the LORD your God at Horeb … you came near and stood under the mountain, and the mountain burned with fire to the heart of he']
   lines with 'ten words'     : 13  e.g. ["# RECOMPUTED from the DB; THE TAPE'S HOLE FOUND — no line for the speaking of the ten words (Exodus 20:1) nor the giving of the first tablets", 'import cold_run_erection as ER                # THE EDGE: obey_horeb -> erection CALL, reference (4:13 the ten words and the tablets; the fortieth day; 4:5 and 4:14 the t', 'rb(\'Deut 4:13\', "and he declared to you his covenant which he commanded you to do, the ten words, and he wrote them on two tablets of stone", \'tablets_given\', \'Deut 4:13\'']
   lines with 'Decalogue'     : 3  e.g. ['rb(\'Deut 4:12, 15\', "and the LORD spoke to you from the midst of the fire: a voice of words you heard, but no form, only a voice; you saw no form on the day the LORD spok', '\'the_horeb_hole\': {\'value\': {\'exod_20_1\': \'no_line_on_the_tape\', \'exod_31_18\': \'no_line_on_the_tape\'}, \'settings\': {\'measured\': "the tape runs from Exod 19:20 (moses_went', '\'the_export_chapter_5\': {\'value\': {\'export\': 30, \'db\': 33}, \'settings\': {\'measured\': "Onkelos Deuteronomy\'s export gives chapter 5 THIRTY verses against the DB\'s thirty-t']
   lines with 'tablet'        : 27  e.g. ["# RECOMPUTED from the DB; THE TAPE'S HOLE FOUND — no line for the speaking of the ten words (Exodus 20:1) nor the giving of the first tablets", '# (31:18): the two SUPPLIED lines written ONCE at their own time by RETROGRADE markers at Deut 4:10 (the giving, (1, 3, 7)) and 4:13 (the tablets,', 'import cold_run_erection as ER                # THE EDGE: obey_horeb -> erection CALL, reference (4:13 the ten words and the tablets; the fortieth day; 4:5 and 4:14 the t']
   lines with 'abbath'        : 1  e.g. ["'the_law_bal_tosif': {'value': {'time': 'in_its_time_no_intent__out_of_its_time_intent', 'spoils': 'an_addition_that_voids_the_mitzva', 'pair': 'adding_an_act__diminishin"]
   lines with 'remember'      : 3  e.g. ["'the_exile_case': {'value': {'head': 'when_you_beget_sons_and_grow_old_and_corrupt', 'arms': ['perish quickly', 'not prolong days', 'scattered among the peoples', 'few in", 'move(\'cold_run_tochacha (CALL) — TC.recovery(True, True) = %s\' % (TC_RECOVERY[\'v\'],), "confession and the humbled heart — covenant_remembered (Leviticus 26:40-42)")', "assert PS_CREATED['v'] == (6, 10) and PR_FURNACE['v'] == ('michael', 'the_holy_one_himself') and TC_RECOVERY['v'] == 'covenant_remembered' and TC_NOT_BROKEN['v'] == 'neve"]
   lines with 'keep'          : 7  e.g. ["'the_law_bal_tosif': {'value': {'time': 'in_its_time_no_intent__out_of_its_time_intent', 'spoils': 'an_addition_that_voids_the_mitzva', 'pair': 'adding_an_act__diminishin", 'ink(\'4:9\', \'"only take heed to yourself and keep your soul diligently, lest you forget the things your eyes saw … and make them known to your sons and to your sons\\\' sons', "if ask == 'keep_the_statutes':"]
   lines with 'murder'        : 4  e.g. ["'the_three_cities': {'value': {'east': ['Bezer (Reuben)', 'Ramoth in Gilead (Gad)', 'Golan in Bashan (Manasseh)'], 'west_forward': ['Kedesh', 'Shechem', 'Hebron'], 'debit", '\'the_manslayer_definition\': {\'value\': {\'deut_4_42\': "who slays his neighbor unawares and hated him not in time past", \'deut_19_4\': "who smites his neighbor unawares and h', 'move(\'Makkot 10a:15-16\', "R. Simlai: shine the sun for murderers; Moses knew the three would admit no one until Joshua\'s three — \'a mitzva that came my way, I will fulfil']
   lines with 'witness'       : 15  e.g. ['# ACT (the teaching\'s run). THE ONE CASE: 4:25-31\'s "when you beget sons" — heaven_and_earth_witness on Israel, the arms DATA, no timer. THE', '\'the_witnesses_chain\': {\'value\': {\'this_chapter\': \'Deut 4:26\', \'the_chain\': [\'Deut 4:26\', \'Deut 30:19\', \'Deut 31:28\', \'Deut 32:1\']}, \'settings\': {\'sifrei_306_1\': "the Sif', "ink('4:16-19', 'the forms of the sun, moon and stars (4:19) — Rabban Gamliel\\'s moon forms on the tablet for the witnesses')"]
   lines with 'other gods'    : 1  e.g. ['\'the_horeb_hole\': {\'value\': {\'exod_20_1\': \'no_line_on_the_tape\', \'exod_31_18\': \'no_line_on_the_tape\'}, \'settings\': {\'measured\': "the tape runs from Exod 19:20 (moses_went']
   lines with 'graven'        : 5  e.g. ["'the_no_image_list': {'value': ['a graven image', 'the form of any figure', 'the likeness of male or female', 'any beast on the earth', 'any winged bird that flies in the", 'ink(\'4:16-18\', \'"lest you corrupt yourselves and make a graven image, the form of any figure, the likeness of male or female, of any beast, of any winged bird, of anythin', 'ink(\'4:23\', \'"take heed to yourselves lest you forget the covenant of the LORD your God which he cut with you, and make a graven image" — %s; "which he cut with you" %s; ']
   lines with 'jealous'       : 5  e.g. ["if ask == 'consuming_fire_jealous_god':", 'ink(\'4:24\', \'"for the LORD your God is a consuming fire, a jealous God" — "a consuming fire" %s; "a jealous God" %s (Exodus 20:5\\\'s word); the verse %d tokens\' % (P(\'אש\',', 'move(\'Avodah Zarah 54b:18, 55a:2-3; Nedarim 62b:3\', "the philosopher\'s and Agrippas\'s questions to Rabban Gamliel — jealousy at the worshipper, not the idol (the dog name']
   lines with 'Memra'         : 2  e.g. ['rb(\'Deut 4:37-38\', "because he loved your fathers he chose their seed after them and brought you out with his presence, with his great power, out of Egypt, to dispossess ', 'ink(\'4:37\', \'"and because he loved your fathers he chose their seed after them and brought you out with his presence, with his great power, out of Egypt" — "because he lo']
   lines with 'voice'         : 22  e.g. ["# (4:44-49) NO WRITE (R6). The daemon law_obey_horeb given_at Deut 4:2, installed_by BOOT with the class NAMED (a law in Moses' voice with no", 'rb(\'Deut 4:12, 15\', "and the LORD spoke to you from the midst of the fire: a voice of words you heard, but no form, only a voice; you saw no form on the day the LORD spok', 'return out("taught as commanded (4:5) — THE RECEIPT in Moses\' own voice: the teaching\'s run of Exodus 24:12\'s command (ER by CALL); the register seat ACT; free teaching (']
   lines with 'thick darkness': 5  e.g. ['rb(\'Deut 4:10-11\', "the day you stood before the LORD your God at Horeb … you came near and stood under the mountain, and the mountain burned with fire to the heart of he', 'ink(\'4:11\', \'"and you came near and stood under the mountain, and the mountain burned with fire to the heart of heaven, darkness, cloud and thick darkness" — "under the m', 'return out("the mountain burning (4:11) — Exodus 19:17-18 READ BACK, EXPANDED: the heart of heaven, the darkness, cloud and thick darkness told larger than the smoke", [\'']
   lines with 'two tablets'   : 5  e.g. ['rb(\'Deut 4:13\', "and he declared to you his covenant which he commanded you to do, the ten words, and he wrote them on two tablets of stone", \'tablets_given\', \'Deut 4:13\'', 'ink(\'4:13\', \'"and he declared to you his covenant which he commanded you to do, THE TEN WORDS, and he wrote them on two tablets of stone" — "the ten words" %s; "two table', "return [E_('tablets_delivered', 'moses', value='two tablets of stone written with the finger of God (Exodus 31:18; Deuteronomy 4:13 — the tablets plene) — given at the fo"]
   lines with 'elders'        : 2  e.g. ['\'the_horeb_hole\': {\'value\': {\'exod_20_1\': \'no_line_on_the_tape\', \'exod_31_18\': \'no_line_on_the_tape\'}, \'settings\': {\'measured\': "the tape runs from Exod 19:20 (moses_went', '\'the_host_apportioned\': {\'value\': \'a_data_note_no_link\', \'settings\': {\'the_pair\': "\'which the LORD your God APPORTIONED to all the peoples under the whole heaven\' (4:19) ']
   lines with 'came near'     : 3  e.g. ['rb(\'Deut 4:10-11\', "the day you stood before the LORD your God at Horeb … you came near and stood under the mountain, and the mountain burned with fire to the heart of he', 'ink(\'4:11\', \'"and you came near and stood under the mountain, and the mountain burned with fire to the heart of heaven, darkness, cloud and thick darkness" — "under the m', "('Deut 4:10-13 — the day you stood before the LORD your God at Horeb, when the LORD said to me: assemble the people to me, and I will make them hear my words, that they m"]
   lines with 'hear and do'   : 2  e.g. ['return out("hear and do (4:1) — the exhortation\'s head: the singular imperative, the plural object; the teach-root\'s first seat", [\'accepted\'])', '(\'Deut 4:1 — hear_and_do\', lambda: the_exhortation({\'ask\': \'hear_and_do\'}, DATA), "hear and do (4:1) — the exhortation\'s head: the singular imperative, the plural object;']
   lines with 'prolong'       : 6  e.g. ["'the_exile_case': {'value': {'head': 'when_you_beget_sons_and_grow_old_and_corrupt', 'arms': ['perish quickly', 'not prolong days', 'scattered among the peoples', 'few in", 'ink(\'4:26-27\', \'"you shall surely perish quickly … you shall not prolong days upon it but be utterly destroyed; and the LORD will scatter you among the peoples and you sh', 'ink(\'4:40\', \'"and you shall keep his statutes and his commandments which I command you this day, that it may go well with you and with your sons after you, and that you m']
   lines with 'go well'       : 1  e.g. ['ink(\'4:40\', \'"and you shall keep his statutes and his commandments which I command you this day, that it may go well with you and with your sons after you, and that you m']
   lines with 'installed_by'  : 3  e.g. ["# (4:44-49) NO WRITE (R6). The daemon law_obey_horeb given_at Deut 4:2, installed_by BOOT with the class NAMED (a law in Moses' voice with no", '\'the_horeb_hole\': {\'value\': {\'exod_20_1\': \'no_line_on_the_tape\', \'exod_31_18\': \'no_line_on_the_tape\'}, \'settings\': {\'measured\': "the tape runs from Exod 19:20 (moses_went', '"""Deut 4:1-49 (cold_run_obey_horeb.py F1-F6). given_at Deut 4:2; installed_by boot — A LAW IN MOSES\' VOICE WITH NO DIVINE FRAME (\'the word']
   lines with 'given_at'      : 2  e.g. ["# (4:44-49) NO WRITE (R6). The daemon law_obey_horeb given_at Deut 4:2, installed_by BOOT with the class NAMED (a law in Moses' voice with no", '"""Deut 4:1-49 (cold_run_obey_horeb.py F1-F6). given_at Deut 4:2; installed_by boot — A LAW IN MOSES\' VOICE WITH NO DIVINE FRAME (\'the word']
   lines with 'covenant'      : 26  e.g. ["import cold_run_tochacha as TC                # THE EDGE: obey_horeb -> tochacha CALL, reference (4:27 scattered, 4:31 the covenant not forgotten — Leviticus 26's arms)", 'rb(\'Deut 4:12, 15\', "and the LORD spoke to you from the midst of the fire: a voice of words you heard, but no form, only a voice; you saw no form on the day the LORD spok', 'rb(\'Deut 4:13\', "and he declared to you his covenant which he commanded you to do, the ten words, and he wrote them on two tablets of stone", \'tablets_given\', \'Deut 4:13\'']
   lines with 'this day'      : 17  e.g. ['rb(\'Deut 4:3-4\', "your eyes have seen what the LORD did at Baal-peor: every man who followed Baal-peor the LORD your God destroyed from your midst; you who cleave to the ', 'rb(\'Deut 4:20\', "the LORD took you and brought you out of the iron furnace, out of Egypt, to be a people of inheritance to him as this day", \'brought_out\', \'Exod 12:51\', ', 'rb(\'Deut 4:37-38\', "because he loved your fathers he chose their seed after them and brought you out with his presence, with his great power, out of Egypt, to dispossess ']
   lines with 'Exod 20'       : 7  e.g. ["assert FORM_LEM == S_('Deut 4:12', 'Deut 4:15', 'Deut 4:16', 'Deut 4:23', 'Deut 4:25', 'Deut 5:8', 'Exod 20:4', 'Job 4:16', 'Num 12:8', 'Ps 17:15') and P('לא', 'ראיתם', '", "assert U('סמל') == S_('Deut 4:16', 'Ezek 8:3', 'Ezek 8:5') and LIKENESS_N == 5 and P('זכר', 'או', 'נקבה') == S_('Deut 4:16', 'Lev 3:6') and P('צפור', 'כנף') == ['Deut 4:1", "assert P('פן', 'תשכחו', 'את', 'ברית') == ['Deut 4:23'] and P('אש', 'אכלה') == S_('Deut 4:24', 'Deut 9:3', 'Joel 1:19', 'Joel 2:5') and P('אל', 'קנא') == S_('Deut 4:24', '"]
   lines with 'Exodus 20'     : 21  e.g. ["# RECOMPUTED from the DB; THE TAPE'S HOLE FOUND — no line for the speaking of the ten words (Exodus 20:1) nor the giving of the first tablets", "import cold_run_decalogue as DC               # THE EDGE: obey_horeb -> decalogue CALL, reference (4:36 Exodus 20:22's 'from heaven'; the second word OWED — no cell)", 'rb(\'Deut 4:12, 15\', "and the LORD spoke to you from the midst of the fire: a voice of words you heard, but no form, only a voice; you saw no form on the day the LORD spok']
   lines with '19:16'         : 3  e.g. ['rb(\'Deut 4:10-11\', "the day you stood before the LORD your God at Horeb … you came near and stood under the mountain, and the mountain burned with fire to the heart of he', 'move(\'cold_run_exodus_story (CALL) — ES.sinai(days_r_yose) = %s\' % (ES_DAYS[\'v\'],), "Rabbi Yose\'s days of Sivan — the giving on the seventh (Shabbat 86b:5): the tape\'s ma', "w.marker('Deut 4:10', w.clock.day_in('exodus', 1, 3, 7), value='the ten words told — dated at the giving (Exod 19:16): RETROGRADE', placement='reading_placed')"]
   lines with '19:17'         : 5  e.g. ['rb(\'Deut 4:10-11\', "the day you stood before the LORD your God at Horeb … you came near and stood under the mountain, and the mountain burned with fire to the heart of he', 'ink(\'4:11\', \'"and you came near and stood under the mountain, and the mountain burned with fire to the heart of heaven, darkness, cloud and thick darkness" — "under the m', 'dat("the readback row 4:10-11 EXPANDED against Exodus 19:17-18 (the diff recomputed)")']
   lines with '19:18'         : 4  e.g. ["assert P('מעשה', 'ידי', 'אדם', 'עץ', 'ואבן') == S_('2Kgs 19:18', 'Deut 4:28', 'Isa 37:19') and P('עץ', 'ואבן') == S_('2Kgs 19:18', 'Deut 28:36', 'Deut 28:64', 'Deut 29:16", 'rb(\'Deut 4:10-11\', "the day you stood before the LORD your God at Horeb … you came near and stood under the mountain, and the mountain burned with fire to the heart of he', 'dat("the readback row 4:10-11 EXPANDED — lord_descended (Exod 19:18) found at (1, 3, 7)")']
   lines with 'Shevuot'       : 2  e.g. ['\'the_teach_your_sons\': {\'value\': {\'who\': \'the_sons_and_the_sons_sons\', \'not\': \'the_daughters\', \'extent\': \'bible_alone\'}, \'settings\': {\'kiddushin\': "the grandfather\'s duty', 'move(\'Menachot 99b:3; Pirkei Avot 3:8; Shevuot 36a:20\', "the forgetter violates a prohibition — \'take heed\', \'lest\', \'do not\' (R. Avin); as if guilty of death unless it w']
   lines with 'Kiddushin 3'   : 12  e.g. ['\'the_teach_your_sons\': {\'value\': {\'who\': \'the_sons_and_the_sons_sons\', \'not\': \'the_daughters\', \'extent\': \'bible_alone\'}, \'settings\': {\'kiddushin\': "the grandfather\'s duty', 'move(\'Kiddushin 30a:3-6; Berakhot 22a:4; Moed Katan 15a:18\', "the grandfather\'s duty from \'your sons\' sons\'; the daughters excluded; the juxtaposition to 4:10 — Torah in ', 'return out("take heed lest you forget (4:9) — the forgetter\'s prohibition (Menachot 99b; Avot 3:8); the grandsons included, the daughters excluded (Kiddushin 30a)", [\'acc']
==== opening_speech: 25 defs ['strip', 'verse_text', 'words', 'ink', 'move', 'dat', 'hyp', 'out', '_has', 'seats', 'tok', 'lemma_seats', 'rb', 'the_commission', 'the_frame', 'the_officers_and_the_judges', 'the_spies_read_back', 'the_bypass', 'sihon_and_og', 'the_east_and_the_charges', 'the_plea', '_closed_by_prior_run', 'law_opening_speech', 'scene', 'narrative']
   the_commission               asks ['the_debit', 'the_hand_laid', 'the_honor', 'the_mountain', 'the_receipt', 'the_sentence_cited', 'the_shepherd', 'the_urim']  kinds ['the_debit', 'the_hand_laid', 'the_honor', 'the_mountain', 'the_receipt', 'the_sentence_cited', 'the_shepherd', 'the_urim']
   the_frame                    asks ['after_sihon', 'began_to_expound', 'the_date', 'the_eleven_days', 'the_receipt_of_the_rules', 'the_words', 'the_write']  kinds ['after_sihon', 'began_to_expound', 'the_date', 'the_eleven_days', 'the_receipt_of_the_rules', 'the_words', 'the_write']
   the_officers_and_the_judges  asks ['a_man_excludes_the_minor', 'all_the_things', 'be_deliberate', 'hear', 'judge_righteously', 'money_and_capital', 'no_faces', 'no_fear', 'small_and_great', 'the_al_tikrei', 'the_appointer', 'the_blessing', 'the_burden', 'the_charge', 'the_compromise', 'the_count', 'the_court_of_three', 'the_gentile_litigant', 'the_grains', 'the_hard_matter', 'the_horeb_command', 'the_judgment_is_gods', 'the_officers', 'the_perverting_judge', 'the_qualities', 'the_refusal_before_hearing', 'the_regions', 'the_stranger']  kinds ['a_man_excludes_the_minor', 'all_the_things', 'be_deliberate', 'hear', 'judge_righteously', 'money_and_capital', 'no_faces', 'no_fear', 'small_and_great', 'the_al_tikrei', 'the_appointer', 'the_blessing', 'the_burden', 'the_charge', 'the_compromise', 'the_count', 'the_court_of_three', 'the_gentile_litigant', 'the_grains', 'the_hard_matter', 'the_horeb_command', 'the_judgment_is_gods', 'the_officers', 'the_perverting_judge', 'the_qualities', 'the_refusal_before_hearing', 'the_regions', 'the_stranger']
   the_spies_read_back          asks ['good_is_the_land', 'joshua_shall_go_in', 'many_days_at_kadesh', 'the_asking', 'the_bars_ground', 'the_carrying', 'the_exceptions', 'the_little_ones', 'the_murmuring', 'the_oath', 'the_pillar', 'the_presumption', 'the_readback_table', 'the_turn_back', 'the_twelve', 'the_valley', 'the_weeping']  kinds ['good_is_the_land', 'joshua_shall_go_in', 'many_days_at_kadesh', 'the_asking', 'the_bars_ground', 'the_carrying', 'the_exceptions', 'the_little_ones', 'the_murmuring', 'the_oath', 'the_pillar', 'the_presumption', 'the_readback_table', 'the_turn_back', 'the_twelve', 'the_valley', 'the_weeping']
   the_bypass                   asks ['ammon', 'esau', 'forty_years_lacking_nothing', 'harassing_permitted', 'moab', 'sihon_commanded', 'the_avvim', 'the_emim', 'the_men_of_war_consumed', 'the_route', 'the_speech_resumed', 'the_turn', 'the_zered']  kinds ['ammon', 'esau', 'forty_years_lacking_nothing', 'harassing_permitted', 'moab', 'sihon_commanded', 'the_avvim', 'the_emim', 'the_men_of_war_consumed', 'the_route', 'the_speech_resumed', 'the_turn', 'the_zered']
   sihon_and_og                 asks ['aroer_to_gilead', 'hermon', 'jahaz', 'og_turned', 'ogs_bed', 'the_ban', 'the_edom_disagreement', 'the_hardening', 'the_messengers', 'the_sixty_cities', 'the_written_and_read']  kinds ['aroer_to_gilead', 'hermon', 'jahaz', 'og_turned', 'ogs_bed', 'the_ban', 'the_edom_disagreement', 'the_hardening', 'the_messengers', 'the_sixty_cities', 'the_written_and_read']
   the_east_and_the_charges     asks ['jair', 'joshuas_charge', 'machir', 'the_borders', 'the_charge_to_the_tribes', 'the_division']  kinds ['jair', 'joshuas_charge', 'machir', 'the_borders', 'the_charge_to_the_tribes', 'the_division']
   the_plea                     asks ['beth_peor', 'command_joshua', 'lebanon', 'pisgah', 'the_names', 'the_plea', 'the_refusal']  kinds ['beth_peor', 'command_joshua', 'lebanon', 'pisgah', 'the_names', 'the_plea', 'the_refusal']
   law_opening_speech           asks []  kinds ['a_shepherd_asked', 'ammon_spared_commanded', 'horeb_departure_commanded', 'joshua_commission_commanded', 'joshua_commissioned', 'joshua_encouraged', 'judges_case', 'judges_charged', 'moab_spared_commanded', 'moses_besought', 'moses_told_to_ascend_abarim', 'ogs_cities_devoted', 'sihon_war_commanded', 'sihons_cities_devoted', 'speech_case', 'speech_opened', 'turn_northward_commanded', 'zered_crossing_commanded']
   DATA keys (24): ['joshuas_charge', 'ogs_bed', 'the_armed_passage', 'the_ban', 'the_bars_ground', 'the_bypass_commands', 'the_commission', 'the_compromise', 'the_date', 'the_dispossessions', 'the_easts_borders', 'the_edom_disagreement', 'the_four_directions', 'the_frame', 'the_gentile_litigant', 'the_horeb_command', 'the_judges_charge', 'the_officers_table', 'the_plea', 'the_readback', 'the_seven_qualities', 'the_sixty_cities', 'the_spies_asked', 'the_thirty_eight']
   uppercase names: ['ABARIM_MOUNTAIN', 'ACCORDING_ALL', 'ACCORDING_ALL_HIM', 'AFTER_SIHON', 'AGAINST_PEOR', 'ALL_KINGDOMS', 'ANAKIM_PL', 'AND_OFFICERS', 'ANGRY_FOR_YOU', 'ARGOB', 'ARMED', 'AR_SEATS', 'AS_BEES', 'AS_ISRAEL_DID', 'AS_TO_SIHON', 'AT_HIS_WORD', 'AT_THAT_TIME', 'AT_THAT_TIME_SEATS', 'A_GOOD_LAND', 'BED', 'BEFORE_ELEAZAR', 'BEGIN_DREAD', 'BEGIN_POSSESS', 'BEGUN_DELIVER', 'BEGUN_SHOW', 'BESOUGHT', 'BE_STRONG', 'BH', 'BH_DATE', 'BH_HOBAB', 'BH_SANH', 'BK', 'BK_JUDGES', 'BK_LAST', 'BK_MIDIAN', 'BO', 'BO_EXTENTS', 'BO_GRANT_READ', 'BO_NINE', 'BO_RELAY', 'BRING_TO_ME', 'BROTHERS_ESAU', 'BUY_FOOD', 'BY_HAND_MOSES', 'C2', 'C2_EDGES', 'C2_TOTAL_ROW', 'CAPHTORIM', 'CAPT_FIFTIES', 'CAPT_HUNDREDS', 'CAPT_THOUSANDS', 'CARRIES_SON', 'CASE_KI', 'CAUSE_ISRAEL_INHERIT', 'CAUSE_THEM_INHERIT', 'CB', 'CB_SIDES', 'CB_TOTAL', 'CELL_FN', 'CELL_TAG', 'CENSUS_TOTAL', 'CK', 'CK_AMMON', 'CK_ARAD', 'CK_DATES', 'CK_DELTA', 'CK_EDOM', 'CK_OG', 'CK_PURE', 'CK_REFUSED', 'CK_SENTENCE', 'CK_SUCC', 'CK_ZERED', 'CLOSES', 'CLOUD_DAY', 'COMMANDED_JOSHUA_TIME', 'COMMAND_JOSHUA', 'COMPASSED_SEIR', 'CONTEND_ROOT', 'CUBIT_OF_MAN', 'DEVOTED_WE', 'DID_AS_COMMANDED', 'DIR_D', 'DIR_G13', 'DIR_G28', 'DISCOMFIT', 'DIV_D', 'DIV_N', 'DREAD_NOR_FEAR', 'DWELL_IN_SEIR', 'DWELT_MOUNTAIN', 'EACH_TO_POSSESSION', 'EDREI', 'ELEVENTH_MONTH', 'ELEVEN_DAYS', 'ELEVEN_HOREB', 'EMIM', 'ENOUGH_PL', 'ENOUGH_SG', 'ER', 'ER_AVOT', 'ER_HOREB', 'ER_ORDERS', 'ES', 'ESAU_DID_FOR_ME', 'ESHCOL', 'ES_DENOM', 'ES_HARD', 'ES_JUDGES', 'ES_MANNA', 'ES_SIZES', 'EVERY_CITY_MEN', 'EVIL_GENERATION', 'EXACT_COUNT', 'EXPOUND', 'EXPOUND_LEMMA', 'EYES_SEEN', 'FEAR_HIM_NOT', 'FIGHT_FOR_YOU', 'FIRE_NIGHT']
   imports: ['cold_run_balak', 'cold_run_bamidbar', 'cold_run_beha', 'cold_run_borders', 'cold_run_chukat', 'cold_run_erection', 'cold_run_exodus_story', 'cold_run_gad_reuben', 'cold_run_holiness', 'cold_run_joseph', 'cold_run_journeys', 'cold_run_mamre', 'cold_run_ordinances', 'cold_run_primeval', 'cold_run_refuge', 'cold_run_second_census', 'cold_run_shelach', 'cold_run_zelophehad']
   lines with 'Horeb'         : 17  e.g. ["import cold_run_erection as ER                # THE EDGE: opening_speech -> erection CALL, reference (Exodus 33:1's departure from Horeb at 1:6; Avot 1:1's chain; the nat", "('מחרב',      1, 2,  'from Horeb', 'Deut'),", "('בחרב',      1, 6,  'in Horeb — the departure\\'s command', 'Deut'),"]
   lines with 'face to face'  : 2  e.g. ['return out("the judgment of the Urim (27:21) — final (C2 by CALL: Yoma 73b:3); Joshua under Eleazar\'s inquiry, not Moses\' face to face", [\'accepted\'])', '(\'Num 27:21 — the_urim\', lambda: the_commission({\'ask\': \'the_urim\'}, DATA), "the judgment of the Urim (27:21) — final (C2 by CALL: Yoma 73b:3); Joshua under Eleazar\'s inq']
   lines with 'keep'          : 4  e.g. ["rb('Deut 1:24-25', 'they went up, came to the valley of Eshcol, spied it out, took of the fruit, brought us word: good is the land', 'report_given', 'Num 13:27-29', 'repo", 'return out("good is the land (1:25) — 14:7\'s words, Joshua and Caleb\'s (the Sifrei 23:3); the retelling keeps the truth, drops 13:27\'s \'however\' (Sotah 35a:2): SHORTENED"', 'move(\'Shevuot 47b:5 (credited); cold_run_shelach (CALL) — SL.spies(stronger_than) = %s\' % SL_STRONGER[0][:60], "\'you murmured\' as two words — you explored and disparaged;']
   lines with 'honor'         : 14  e.g. ["('מהודך',     27, 20, 'of your honor — Bava Batra 75a the sun and the moon', 'Num'),", "'the_commission': {'value': {'mountain_names': ['Abarim (27:12; 33:47-48; Deut 32:49)', 'Nebo (Deut 32:49; 34:1)', 'Pisgah (Deut 3:27; 34:1)'], 'hands': (HAND_SG, HANDS_P", "if ask == 'the_honor':"]
   lines with 'witness'       : 1  e.g. ['move(\'Mishnah Sanhedrin 3:4-5; Sanhedrin 27b:10-29a:12; Numbers 35:23 by CALL — RF.DATA[the_court_of_twenty_three]\', "the kin and the haters off the bench — \'not his enem']
   lines with 'thousands'     : 6  e.g. ["('אלפים',     1, 15, 'thousands — the plural a noun (rule 29)', 'Deut'),", "assert THOUSAND_TIMES == ['Deut 1:11'] and YOUR_BURDEN == ['Deut 1:12'] and WISE_DISC_KNOWN == ['Deut 1:13'] and WISE_KNOWN == ['Deut 1:15'] and CAPT_THOUSANDS == ['1Sam ", "'the_officers_table': {'value': {'grains': [1000] + GRAINS, 'count_round': ES_JUDGES['v'], 'count_exact': EXACT_COUNT, 'census_total': CENSUS_TOTAL}, 'settings': {'the_ro"]
   lines with 'servant'       : 5  e.g. ["rb('Deut 3:23-26', 'I besought the LORD at that time: O Lord GOD, You have begun to show Your servant Your greatness; let me go over and see the good land, that good moun", "'the_plea': {'value': {'plea': 'let me go over and see the good land beyond the Jordan, that good mountain and Lebanon', 'answer': 'REFUSED — let it suffice you; speak no", 'ink(\'3:24\', \'"O Lord GOD, You have begun to show Your servant Your greatness and Your strong hand; what god is there in heaven or on earth" — %s, %s, %s (1 Kings 8:42 the']
   lines with 'stranger'      : 15  e.g. ["('גרו',       1, 16, 'his stranger — the convert (Yevamot 47a:7)', 'Deut'),", "'the_judges_charge': {'value': ['hear between your brothers', 'judge righteously between a man and his brother and his stranger', 'no faces in judgment', 'the small as th", '\'the_gentile_litigant\': {\'value\': \'r_ishmaels_two_rulings\', \'settings\': {\'r_ishmael\': "an Israelite and a gentile before you — if you can acquit the Israelite by Israel\'s']
   lines with 'mediator'      : 2  e.g. ["('judges_case', 'the-mediator', 'judges', 'the_compromise', 'Sanhedrin 6b:1-15 — the exam\\'s row the_compromise'),", 'w.submit({\'kind\': \'judges_case\', \'subject\': \'the-mediator\', \'person\': \'the-mediator\', \'cell\': \'judges\', \'ask\': \'the_compromise\', \'case_source\': "Sanhedrin 6b:1-15 — the e']
   lines with 'voice'         : 8  e.g. ["# Deut 1:16, installed_by BOOT with the class NAMED (a law in Moses' voice with no divine frame — the vows' class, the second pass's D2", "rb('Deut 1:45-46', 'you returned and wept before the LORD; the LORD did not hear your voice; you abode in Kadesh many days', 'congregation_wept', 'Num 14:1-4', 'wept on i", "dat('judges_charged on the-court — the six clauses %s, dated (1, 2, 16) by the court\\'s founding day read off Israel\\'s ledger (the retrograde marker at 1:9); THE LAW of "]
   lines with 'elders'        : 5  e.g. ["assert JUDGE_LEMMA[0] == 'Deut 1:16' and OFFICER_T == ['Deut 1:15', 'Deut 16:18', 'Deut 20:5', 'Deut 20:8', 'Deut 20:9', 'Deut 29:9', 'Deut 31:28', 'Exod 5:6', 'Exod 5:10", "assert ER_HOREB['v'] == 1 and ER_AVOT['v'] == 'moses_joshua_elders_prophets_great_assembly' and ER_ORDERS['v'] == 7, (ER_HOREB['v'], ER_AVOT['v'], ER_ORDERS['v'])   # Hor", "BH_SANH = BH.seventy_elders({'ask': 'sanhedrin'}, BH.DATA); BH_DATE = BH.march({'ask': 'date'}, BH.DATA); BH_HOBAB = BH.march({'ask': 'hobab'}, BH.DATA)"]
   lines with 'heads'         : 7  e.g. ["('ואשימם',    1, 13, 'and I will set them [as heads] — the al tikrei (the Sifrei 13:6)', 'Deut'),", "rb('Deut 1:9-15', 'I am not able to bear you alone; give wise, discerning and known men; I took the heads and set them captains and officers', 'judges_appointed', 'Exod 1", "'the_judges_charge': {'value': ['hear between your brothers', 'judge righteously between a man and his brother and his stranger', 'no faces in judgment', 'the small as th"]
   lines with 'came near'     : 2  e.g. ["rb('Deut 1:22-23', 'you came near and said: let us send men; the word was good in my eyes; I took twelve men, one for a tribe', 'spies_sent', 'Num 13:3-16', 'sent_to_spy ", 'ink(\'1:22\', \'"you came near to me, all of you, and said: let us send men before us, that they may search the land for us" — %s, %s one seat each\' % (LET_US_SEND, SEARCH_F']
   lines with 'installed_by'  : 2  e.g. ["# Deut 1:16, installed_by BOOT with the class NAMED (a law in Moses' voice with no divine frame — the vows' class, the second pass's D2", '"""Deut 1:1-3:29 with Num 27:12-23 (cold_run_opening_speech.py F0-F7). given_at Deut 1:16; installed_by boot — A LAW IN MOSES\' VOICE WITH NO']
   lines with 'given_at'      : 2  e.g. ["# the six clauses its value, dated (1, 2, 16) by the court's founding day read off Israel's ledger; the daemon law_opening_speech given_at", '"""Deut 1:1-3:29 with Num 27:12-23 (cold_run_opening_speech.py F0-F7). given_at Deut 1:16; installed_by boot — A LAW IN MOSES\' VOICE WITH NO']
   lines with 'covenant'      : 1  e.g. ["ER_HOREB = ER.presence('horev_plene'); ER_AVOT = ER.presence('sheet_avot_1_1'); ER_ORDERS = ER.covenant('nations_seven_orders')"]
   lines with 'this day'      : 12  e.g. ["rb('Deut 1:39', 'your little ones who you said would be a prey, and your children who know not this day good and evil — they shall go in', 'decree_declared', 'Num 14:26-3", "rb('Deut 2:24-25', 'rise up, pass over the Arnon; I have given Sihon into your hand; begin to possess; this day I will begin to put the dread of you', 'sihon_smitten_land", "rb('Deut 3:14', 'Jair son of Manasseh took all the region of Argob to the border of the Geshurite and the Maacathite, and called them after his own name Havvoth-jair to t"]
   lines with '20:18'         : 9  e.g. ["('הישבים',    2, 29, 'who dwell [in Seir] — DISAGREES with 20:18-21', 'Deut'),", "assert len(SONS_OF_AMMON) == 77 and ZAMZUMMIM == ['Deut 2:20'] and CAPHTORIM == ['1Chr 1:12', 'Deut 2:23', 'Gen 10:14'] and RISE_ARNON == ['Deut 2:24'] and BEGIN_POSSESS ", 'assert CK_EDOM[0].startswith("Edom refused twice and Israel turned away (20:18-21); Deut 2:28-29\'s purchase the other arm — DISPUTE") and CK_DATES[0].startswith(\'Aaron (4']
   lines with 'Shevuot'       : 12  e.g. ["('ותרגנו',    1, 27, 'and you murmured — two words (Shevuot 47b:5)', 'Deut'),", "rb('Deut 1:26-28', 'you would not go up; you murmured in your tents: the LORD hates us; our brothers have melted our heart — greater and taller than we, cities fortified ", "rb('Deut 3:4-7', 'we took all his cities — sixty cities, all the region of Argob, fortified with high walls, gates and bars; we devoted them as we did to Sihon; the cattl"]
   lines with 'Sanhedrin 17'  : 5  e.g. ["'the_seven_qualities': {'value': {'jethros_four': ['men of valor', 'fearers of God', 'men of truth', 'haters of gain'], 'moses_three_asked': ['wise', 'discerning', 'known", "'the_commission': {'value': {'mountain_names': ['Abarim (27:12; 33:47-48; Deut 32:49)', 'Nebo (Deut 32:49; 34:1)', 'Pisgah (Deut 3:27; 34:1)'], 'hands': (HAND_SG, HANDS_P", 'move(\'Sanhedrin 17a:10 (credited at THE TENT); Sifrei Bamidbar 138\', "Eldad and Medad\'s prophecy — Moses will die and Joshua will bring Israel in; the successor asked bef']
==== lev24: 5 defs ['talion', 'law_lev24', 'scene', 'narrative', 'main']
   law_lev24                    asks []  kinds ['beast_struck_dead', 'blasphemed_the_name', 'blemish_given', 'cursed_the_name', 'man_struck_dead']
   uppercase names: ['DB', 'NARRATIVE', 'NARRATIVE_PREDICTED', 'SCENE', 'WE']
   imports: []
   lines with 'witness'       : 2  e.g. ["'oldest witness)', 'INK'),", "'the plotting-witness application is Deut 19\\'s block', 'INK'),"]
   lines with 'heads'         : 1  e.g. ["# The chapter's four case heads (24:15-16 with the chapter's own case at 24:11, 24:17 with Exod"]
==== vows: 20 defs ['strip', 'verse_text', 'words', 'ink', 'move', 'dat', 'hyp', 'out', 'seats', 'hearing_due', 'the_man', 'the_daughter', 'the_betrothed', 'the_widow', 'the_wife', 'the_affliction_oath', 'the_statutes', 'law_vows', 'scene', 'narrative']
   the_man                      asks ['age', 'all_that_proceeds', 'bind_the_permitted', 'delay_clocks', 'frame', 'heads_of_the_tribes', 'intimations', 'konam_measure', 'lips_or_heart', 'mistaken_vow', 'not_non_sacred', 'not_profane', 'on_a_limb', 'on_his_soul', 'openings', 'sage_release_flies', 'sage_release_form', 'sage_release_presence', 'sage_release_timing', 'sin_in_you', 'substitutes', 'this_is_the_thing', 'two_transgressions', 'vow_support', 'vow_vs_gift', 'vow_vs_oath', 'vower_a_sinner']  kinds ['age', 'all_that_proceeds', 'bind_the_permitted', 'delay_clocks', 'frame', 'heads_of_the_tribes', 'intimations', 'konam_measure', 'lips_or_heart', 'mistaken_vow', 'not_non_sacred', 'not_profane', 'on_a_limb', 'on_his_soul', 'openings', 'sage_release_flies', 'sage_release_form', 'sage_release_presence', 'sage_release_timing', 'sin_in_you', 'substitutes', 'this_is_the_thing', 'two_transgressions', 'vow_support', 'vow_vs_gift', 'vow_vs_oath', 'vower_a_sinner']
   the_daughter                 asks ['annulment_without_hearing', 'caretaker', 'confirmed_for_one_hour', 'fathers_domain', 'fathers_hearing_day', 'fathers_rights', 'fathers_scope', 'forgiveness', 'hearing_by_report', 'heart_annuls', 'in_her_youth', 'intends_her', 'restraint_is_annulment', 'the_deaf']  kinds ['annulment_without_hearing', 'caretaker', 'confirmed_for_one_hour', 'fathers_domain', 'fathers_hearing_day', 'fathers_rights', 'fathers_scope', 'forgiveness', 'hearing_by_report', 'heart_annuls', 'in_her_youth', 'intends_her', 'restraint_is_annulment', 'the_deaf']
   the_betrothed                asks ['annul_in_advance', 'be_she_shall_be', 'betrotheds_death', 'confirmation_and_annulment_reach', 'dissolved_confirmation', 'divorce_as', 'fathers_confirmation', 'fathers_death', 'joint_authority', 'levirate_widow', 'same_day_hundred', 'share_or_weaken', 'sustained_betrothed', 'two_wives', 'utterance_is_oath', 'vows_carried']  kinds ['annul_in_advance', 'be_she_shall_be', 'betrotheds_death', 'confirmation_and_annulment_reach', 'dissolved_confirmation', 'divorce_as', 'fathers_confirmation', 'fathers_death', 'joint_authority', 'levirate_widow', 'same_day_hundred', 'share_or_weaken', 'sustained_betrothed', 'two_wives', 'utterance_is_oath', 'vows_carried']
   the_widow                    asks ['from_marriage', 'levirate', 'once_out_one_hour', 'orphan_in_fathers_lifetime', 'priests_daughter_pair', 'remarried', 'vow_timing']  kinds ['from_marriage', 'levirate', 'once_out_one_hour', 'orphan_in_fathers_lifetime', 'priests_daughter_pair', 'remarried', 'vow_timing']
   the_wife                     asks ['all_the_day', 'annul_before_effect', 'caretaker_excluded', 'confirmed_and_annulled', 'confirming_words', 'consent_rationale', 'divorce_except_vows', 'forgiveness_wife', 'her_and_i', 'in_husbands_house', 'mistaken_annulment', 'sage_over_confirmation', 'scholars_practice', 'short_phrase', 'two_silences']  kinds ['all_the_day', 'annul_before_effect', 'caretaker_excluded', 'confirmed_and_annulled', 'confirming_words', 'consent_rationale', 'divorce_except_vows', 'forgiveness_wife', 'her_and_i', 'in_husbands_house', 'mistaken_annulment', 'sage_over_confirmation', 'scholars_practice', 'short_phrase', 'two_silences']
   the_affliction_oath          asks ['affliction_scope', 'after_his_hearing', 'annul_on_sabbath', 'annulment_reach', 'bathing', 'day_leniency_stringency', 'day_of_learning', 'fathers_reach', 'measure_of_good', 'nazirite_whole', 'oath_to_harm_himself', 'partial_annulment', 'removed_from_the_jews', 'she_is_clear', 'silence_to_vex', 'the_deadline', 'the_filter', 'two_afflictions', 'two_loaves', 'void_vow_owed_duty', 'vows_and_oaths_one_class', 'we_do_not_feed']  kinds ['affliction_scope', 'after_his_hearing', 'annul_on_sabbath', 'annulment_reach', 'bathing', 'day_leniency_stringency', 'day_of_learning', 'fathers_reach', 'measure_of_good', 'nazirite_whole', 'oath_to_harm_himself', 'partial_annulment', 'removed_from_the_jews', 'she_is_clear', 'silence_to_vex', 'the_deadline', 'the_filter', 'two_afflictions', 'two_loaves', 'void_vow_owed_duty', 'vows_and_oaths_one_class', 'we_do_not_feed']
   the_statutes                 asks ['all_generations', 'case_structure', 'clock_words', 'doubled_verbs', 'fathers_gains', 'in_her_youth_her_fathers_house', 'installed_by', 'likening_both_ways', 'placement_after_the_calendar', 'the_line', 'the_receipt', 'the_register_gate', 'two_kinds_of_ki']  kinds ['all_generations', 'case_structure', 'clock_words', 'doubled_verbs', 'fathers_gains', 'in_her_youth_her_fathers_house', 'installed_by', 'likening_both_ways', 'placement_after_the_calendar', 'the_line', 'the_receipt', 'the_register_gate', 'two_kinds_of_ki']
   law_vows                     asks []  kinds ['affliction_oath_case', 'betrothed_vow_case', 'daughters_vow_case', 'mans_vow_case', 'statutes_case', 'vow_heard', 'vow_restrained', 'vow_uttered', 'vows_law_spoken', 'widows_vow_case', 'wifes_vow_case']
   DATA keys (25): ['affliction_scope', 'annul_before_effect', 'annul_by_messenger', 'annul_in_advance', 'annul_on_sabbath', 'annulment_in_the_heart', 'annulment_reach', 'betrothed_authority', 'confirmation_dissolved', 'divorce_as', 'fathers_scope', 'hearing_of_the_law', 'hearing_required', 'konam_measure', 'measure_of_good_ratio', 'oath_by_the_heart', 'partial_annulment', 'sage_release', 'share_or_weaken', 'substitutes_source', 'vow_ages', 'vow_support_base', 'vower_a_sinner', 'widows_vow_timing', 'yavam_annuls']
   uppercase names: ['AFFLICT', 'AFTER_HEARING', 'AND_IF', 'ANNUL_ANNUL', 'BEAR_HER', 'BETWEEN_FATHER', 'BETWEEN_MAN', 'BE_BE', 'CAL_ROW', 'CLOSE', 'CONFIRM_ANNUL_IT', 'DAY_OF_HEARING', 'DAY_TO_DAY', 'DOUBLED', 'FATHER_TOKENS', 'FIRST', 'FOOTER', 'FORGIVE', 'FRAME_VERBS', 'FX', 'HEADS', 'HUSBANDS_HOUSE', 'HUSBAND_TOKENS', 'IN_HER_YOUTH', 'KI_SEATS', 'LINE', 'MO', 'MO_AFFLICTION', 'MO_YK', 'MU', 'MU_DEADLINE', 'MU_ROW', 'NARRATIVE', 'NARRATIVE_PREDICTED', 'NAZ_PART', 'NAZ_SUB', 'NS', 'NUMBERS', 'OATH_NO_OPTION', 'OATH_OPTION', 'ORDINALS', 'P', 'PR', 'PR_RETURN', 'PR_TABLE', 'RECEIPT2', 'REQUIRED', 'RESTRAIN_ANNUL', 'SCENE', 'SCENE_PREDICTED', 'SILENT_SILENT', 'SOTAH_CLEAN', 'SOTAH_UNCLEAN', 'SPAN', 'STARRED', 'SWEAR_OATH', 'THIS_IS', 'UTTERANCE', 'V5', 'WE', 'WHEN', 'WIDOW_DIVORCEE', 'WINDOW']
   imports: ['cold_run_moadim', 'cold_run_musafim', 'cold_run_naso', 'cold_run_priesthood', 'cold_run_vayikra5']
   lines with 'abbath'        : 14  e.g. ['\'sage_release\': {\'value\': \'expert_alone_or_three_laymen\', \'settings\': {\'expert_alone_or_three_laymen\': "\'the heads of the tribes\' (30:2) — a single expert (Rav Chisda / R', '\'annul_on_sabbath\': {\'value\': \'permitted_even_not_for_the_sabbath\', \'settings\': {\'permitted_even_not_for_the_sabbath\': "by the whole-day arm of the deadline: he annuls on', '\'source\': "the Sabbath rule hangs on the deadline\'s arm — the calendar row vow_annulment_window (Shabbat 157a:9-11)"},']
   lines with 'keep'          : 7  e.g. ['move(\'Rosh Hashanah 6a:5 (the baraita on Deut 23:24)\', \'"that which has gone out of your lips": a POSITIVE mitzva; "you shall keep": a PROHIBITION; "and do": the COURT\\\'S', 'move(\'Nedarim 72b:3-73a:1\', \'may he annul without hearing? every proof answered "when I hear it" — UNRESOLVED; the machine keeps the ink\\\'s trigger\')', 'move(\'Gittin 85a:22; 73b:16\', \'"divorced except the annulment of your vows" — is the power intrinsic to marriage? a dilemma; the conditional bill keeps his power in the i']
   lines with 'honor'         : 1  e.g. ["move('Mishnah Nedarim 9:1-10', 'the openings: the parents\\' honor (disputed), the new situation (disputed), the Torah\\'s prohibitions, the marriage contract, the Sabbaths"]
   lines with 'witness'       : 1  e.g. ['move(\'Bava Batra 120b:1\', \'the vows\\\' law in ALL generations by the verbal analogy "this" / "this" with Lev 17:2 — against 36:6\\\'s "this generation": the relayed statute ']
   lines with 'thousands'     : 1  e.g. ['\'measure_of_good_ratio\': {\'value\': 500, \'settings\': {500: "the measure of good exceeds the measure of punishment five hundredfold — \'to thousands\' (Exod 20:6) against \'th']
   lines with 'third and fourth': 1  e.g. ['\'measure_of_good_ratio\': {\'value\': 500, \'settings\': {500: "the measure of good exceeds the measure of punishment five hundredfold — \'to thousands\' (Exod 20:6) against \'th']
   lines with 'voice'         : 4  e.g. ["return out('a law relayed in Moses\\' voice — this is the thing which the LORD commanded, for all generations', ['commanded'])", "return out('installed_by boot — a statute relayed in Moses\\' voice, the class named', ['accepted'])", "('Num 30:2 / Sifrei 153:2; Bava Batra 120b:1 — the frame: Moses\\' voice, for all generations', lambda: the_man({'ask': 'frame'}, DATA), 'a law relayed in Moses\\' voice — "]
   lines with 'heads'         : 16  e.g. ['# A LAW IN MOSES\' VOICE: no divine frame — "and Moses spoke to the heads of the tribes ... this is the thing which the LORD commanded" (30:2);', "('ראשי',    30, 2,  'the heads of [the tribes] — the addressees'),", '\'sage_release\': {\'value\': \'expert_alone_or_three_laymen\', \'settings\': {\'expert_alone_or_three_laymen\': "\'the heads of the tribes\' (30:2) — a single expert (Rav Chisda / R']
   lines with 'installed_by'  : 5  e.g. ['move(\'Bava Batra 120b:1\', \'the vows\\\' law in ALL generations by the verbal analogy "this" / "this" with Lev 17:2 — against 36:6\\\'s "this generation": the relayed statute ', "if ask == 'installed_by':", "return out('installed_by boot — a statute relayed in Moses\\' voice, the class named', ['accepted'])"]
   lines with 'Exod 20'       : 1  e.g. ['\'measure_of_good_ratio\': {\'value\': 500, \'settings\': {500: "the measure of good exceeds the measure of punishment five hundredfold — \'to thousands\' (Exod 20:6) against \'th']
   lines with 'Shevuot'       : 18  e.g. ['\'vow_support_base\': {\'value\': \'vowed_thing_only\', \'settings\': {\'vowed_thing_only\': "\'when a man vows a vow\' (30:3) — a vow takes effect by association with a thing forbid', '\'source\': "30:3 \'vows a vow\' — the doubled noun (Shevuot 20b:3); the Sifrei 153:3\'s \'like an offering\'"},', '\'oath_by_the_heart\': {\'value\': \'lips_required\', \'settings\': {\'lips_required\': "Shmuel: the oath needs the LIPS — \'take an oath clearly WITH HIS LIPS\' (Lev 5:4; Shevuot 26']
   lines with 'Kiddushin 3'   : 4  e.g. ['move(\'Ketubot 46b:6, 47a:6; Kiddushin 3b:7\', \'"in her youth, in her father\\\'s house" (30:17) — her gains and her betrothal money are her father\\\'s: the vows\\\' clause gene', "move('Ketubot 40b:4, 46b:6; Kiddushin 3b:7', 'the footer\\'s clause for her gains and her betrothal money — a taught transfer')", "('Ketubot 46b:6, 47a:6; Kiddushin 3b:7 — the father\\'s rights from the footer', lambda: the_daughter({'ask': 'fathers_rights'}, DATA), 'the footer\\'s clause carried to he"]
==== shelach: 18 defs ['strip', 'verse_text', 'count_token', 'ink', 'move', 'dat', 'out', 'subsequence', 'spies', 'decree', 'libations', 'stranger', 'challah', 'error', 'high_hand', 'law_shelach', 'scene', 'narrative']
   spies                        asks ['caleb_hushed', 'cluster', 'consumes_inhabitants', 'eshcol', 'forty_days', 'fourth_order', 'giants', 'going_like_coming', 'grasshoppers', 'hebron_visitor', 'hebron_zoan', 'job', 'joshua_caleb_equal', 'joshua_name', 'named_after_deeds', 'one_per_tribe', 'punished_for', 'questionnaire', 'report_answers', 'report_form', 'send_for_yourself', 'slander_sealed', 'stronger_than']  kinds ['caleb_hushed', 'cluster', 'consumes_inhabitants', 'eshcol', 'forty_days', 'fourth_order', 'giants', 'going_like_coming', 'grasshoppers', 'hebron_visitor', 'hebron_zoan', 'job', 'joshua_caleb_equal', 'joshua_name', 'named_after_deeds', 'one_per_tribe', 'punished_for', 'questionnaire', 'report_answers', 'report_form', 'send_for_yourself', 'slander_sealed', 'stronger_than']
   decree                       asks ['ability', 'as_i_live', 'attributes_deleted', 'caleb_entitlement', 'congregation', 'count_from', 'day_for_year', 'deaths_ceased', 'due', 'egypt_will_hear', 'exceptions', 'fell_and_rent', 'hormah', 'joshua_childless', 'ninth_of_av_reading', 'now_ten', 'offer_second_seat', 'pardon', 'plea', 'presumption', 'set', 'set_edges', 'spies_death_mode', 'spies_portions', 'spies_share', 'stones_upward', 'ten_trials', 'that_night', 'turn_back', 'upon_children', 'wilderness_share']  kinds ['ability', 'as_i_live', 'attributes_deleted', 'caleb_entitlement', 'congregation', 'count_from', 'day_for_year', 'deaths_ceased', 'due', 'egypt_will_hear', 'exceptions', 'fell_and_rent', 'hormah', 'joshua_childless', 'ninth_of_av_reading', 'now_ten', 'offer_second_seat', 'pardon', 'plea', 'presumption', 'set', 'set_edges', 'spies_death_mode', 'spies_portions', 'spies_share', 'stones_upward', 'ten_trials', 'that_night', 'turn_back', 'upon_children', 'wilderness_share']
   libations                    asks ['aarons_ram', 'ages', 'altar_eras', 'calf', 'donated', 'donated_oil', 'donated_wine_disposal', 'each_animal', 'ezekiel', 'found_animal', 'from_when', 'gentile', 'heir', 'logs', 'mixing', 'oil_only', 'olah_table', 'or_against_and', 'owner_piggul', 'palges', 'private_altar', 'so', 'sukkot_sabbath', 'table', 'table_seats', 'takes', 'tenths_integral', 'the_one', 'which_offerings', 'with_price']  kinds ['aarons_ram', 'ages', 'altar_eras', 'calf', 'donated', 'donated_oil', 'donated_wine_disposal', 'each_animal', 'ezekiel', 'found_animal', 'from_when', 'gentile', 'heir', 'logs', 'mixing', 'oil_only', 'olah_table', 'or_against_and', 'owner_piggul', 'palges', 'private_altar', 'so', 'sukkot_sabbath', 'table', 'table_seats', 'takes', 'tenths_integral', 'the_one', 'which_offerings', 'with_price']
   stranger                     asks ['congregation', 'convert_offering', 'court', 'entry', 'meal_offering', 'no_temple', 'one_law', 'quarter_dinar']  kinds ['congregation', 'convert_offering', 'court', 'entry', 'meal_offering', 'no_temple', 'one_law', 'quarter_dinar']
   challah                      asks ['all_of_you', 'as_terumah', 'clean_for_unclean', 'convert_dough', 'demai', 'dogs_dough', 'dough_word', 'entry_gate', 'exempt_list', 'from_flour', 'gentile_dough', 'joining', 'joining_species', 'liable_not_tithed', 'market', 'measure', 'minimum', 'mixture', 'outside_produce', 'owner', 'partners', 'sabbatical', 'species', 'territories', 'when_liable']  kinds ['all_of_you', 'as_terumah', 'clean_for_unclean', 'convert_dough', 'demai', 'dogs_dough', 'dough_word', 'entry_gate', 'exempt_list', 'from_flour', 'gentile_dough', 'joining', 'joining_species', 'liable_not_tithed', 'market', 'measure', 'minimum', 'mixture', 'outside_produce', 'owner', 'partners', 'sabbatical', 'species', 'territories', 'when_liable']
   error                        asks ["'individual', 'anointed', 'leader'", 'aleph', 'class', 'communal', 'delta', 'eyes', 'goat_portions', 'idolatry_principle', 'majority_manner', 'order', 'partial', 'priest_own', 'reliance', 'semikhah', 'stranger_included', 'thrice_unwitting', 'tribe_table', 'which_sin']  kinds ['aleph', 'class', 'communal', 'delta', 'eyes', 'goat_portions', 'idolatry_principle', 'majority_manner', 'order', 'partial', 'priest_own', 'reliance', 'semikhah', 'stranger_included', 'thrice_unwitting', 'tribe_table', 'which_sin']
   high_hand                    asks ['blasphemer_identity', 'blasphemer_offering', 'blasphemes_once', 'census', 'class', 'despiser', 'filthy_place', 'high_hand_posture', 'iniquity_in_him', 'karet_reading', 'own_body', 'yoke']  kinds ['blasphemer_identity', 'blasphemer_offering', 'blasphemes_once', 'census', 'class', 'despiser', 'filthy_place', 'high_hand_posture', 'iniquity_in_him', 'karet_reading', 'own_body', 'yoke']
   law_shelach                  asks []  kinds ['caleb_hushed_the_people', 'challah_case', 'congregation_wept', 'decree_case', 'decree_declared', 'error_case', 'evil_report_spread', 'glory_appeared_at_the_threat', 'high_hand_case', 'joshua_and_caleb_pleaded', 'libation_case', 'moses_pleaded_on_the_attributes', 'pardoned_and_decreed', 'presumed_to_go_up', 'report_given', 'smitten_to_hormah', 'spies_case', 'spies_commanded', 'spies_instructed', 'spies_returned', 'spies_sent', 'spies_went_up', 'stranger_case', 'ten_spies_died_by_plague']
   DATA keys (39): ['altar_eras', 'anointed_idolatry_trigger', 'blasphemer_identity', 'blasphemer_offering', 'challah_measure', 'challah_minimum', 'challah_today', 'cluster_bearers', 'cluster_weight', 'congregation', 'convert_congregation', 'convert_offering', 'count_from', 'deaths_ceased', 'despiser', 'gentile_libations', 'hebron_before_zoan', 'hebron_visitor', 'hin_in_logs', 'idolatry_goat_semikhah', 'idolatry_principle', 'karet_reading', 'lamb_and_ram_ages', 'libation_floors', 'libations_from', 'oil_donation', 'outside_produce', 'owner_piggul', 'return_day', 'spies_death_mode', 'spies_share', 'tammuz_length', 'territories', 'terumah_measure', 'the_ten_trials', 'tribe_table', 'which_take_libations', 'wilderness_share', 'yoke']
   uppercase names: ['AS_ONE', 'BM', 'BULL_A', 'BULL_B', 'CH', 'DAILY_ROW', 'DAY_YEAR', 'DOUGH', 'DROPPED', 'DUE_38', 'E34', 'FIVE_SPECIES', 'FORTY', 'FORTY_YEARS', 'FX', 'GENERATIONS', 'HIN_LOGS', 'IN_ERROR', 'JOSHUA_BEFORE', 'KR', 'LAMB_A', 'LAMB_B', 'LOGS', 'MN', 'MONTH_ROW', 'N', 'N18', 'NARRATIVE', 'NARRATIVE_PREDICTED', 'NO_LIBATIONS', 'OF', 'OMER_ROW', 'ONCE', 'ONE_ONE', 'ONE_OX_RAM', 'P', 'POLE', 'QUESTIONS', 'RAM_A', 'RAM_B', 'RATIO', 'RETURN_DAY', 'SCENE', 'SCENE_PREDICTED', 'SENDING', 'SEVEN', 'SHESHAI', 'SPY_TRIBES', 'SUKKOT_SABBATH', 'TABLE', 'TAMID_ROW', 'TEN', 'THIS_WILDERNESS', 'TRIBE_LINES', 'TWENTY', 'WE']
   imports: ['cold_run_bamidbar', 'cold_run_chatat', 'cold_run_korach', 'cold_run_minchah', 'cold_run_offerings']
   lines with 'abbath'        : 6  e.g. ["if ask == 'sukkot_sabbath':", "ink('15:4-10 with 29:12-16, 28:3, 28:9', 'thirteen bulls at %d, two rams at %d, fourteen lambs at %d, the two daily and the two Sabbath lambs = %d' % (TABLE['bull'][0], T", "return out('61 tenths — 13 bulls x 3 + 2 rams x 2 + 14 lambs + 2 daily + 2 Sabbath lambs (Mishnah Menachot 12:4)', [FX.NONE])"]
   lines with 'servant'       : 1  e.g. ["w.submit({'kind': 'pardoned_and_decreed', 'subject': 'israel', 'pardon': 'I have pardoned according to your word', 'ten_times': TEN[0], 'caleb': 'him I will bring into th"]
   lines with 'stranger'      : 21  e.g. ['\'convert_congregation\': {\'value\': \'congregation\', \'settings\': {\'congregation\': "R. Yehuda (Kiddushin 73a:4) — \'as for the congregation, one statute for you and for the st', 'def stranger(case, data):', 'ink(\'15:15\', \'"as you are, so shall the stranger be"\'); move(\'Keritot 9a:4 (Rabbi)\', \'as your fathers — circumcision, immersion, the sprinkling of blood\')']
   lines with 'voice'         : 1  e.g. ["w.submit({'kind': 'congregation_wept', 'subject': 'israel', 'night': 'that night', 'murmur': 'would that we had died in Egypt or in this wilderness', 'head': 'let us appo"]
   lines with 'heads'         : 1  e.g. ["w.submit({'kind': 'spies_sent', 'subject': 'the-twelve-spies', 'names': SPY_TRIBES, 'renamed': 'Hoshea to Joshua', 'days': FORTY[0], 'case_source': 'Num 13:3-16 — and Mos"]
   lines with 'installed_by'  : 1  e.g. ['"""Num 13:1-15:31 (cold_run_shelach.py F1-F7). installed_by boot — the laws spoken at their verses; the libations\' and the challah\'s']
   lines with 'covenant'      : 9  e.g. ['\'convert_offering\': {\'value\': \'a beast olah, or a bird pair both olot\', \'settings\': {\'a beast olah, or a bird pair both olot\': "Keritot 8b:18-9a:4 — as you entered the co', '\'yoke\': {\'value\': \'the yoke, the covenant, the faces\', \'settings\': {\'the yoke, the covenant, the faces\': "Shevuot 13a:2 — \'despised the word\' = throws off the yoke, uncov', 'ink(\'15:14\', \'"as you do, so shall he do" — as at the covenant\\\'s entry (Exod 24:5)\'); ink(\'15:14\', \'"an offering made by fire, a pleasing aroma" — wholly for the LORD: a']
   lines with 'Shevuot'       : 6  e.g. ['\'karet_reading\': {\'value\': \'this world and the next\', \'settings\': {\'this world and the next\': "R. Akiva (Sanhedrin 64b:21, 90b:18) — \'cut off\' this world, \'shall be cut o', '\'despiser\': {\'value\': \'who says the Torah is not from Heaven\', \'settings\': {\'who says the Torah is not from Heaven\': "Sanhedrin 99a:17 (the baraita)", \'the Epicurean\': "9', '\'yoke\': {\'value\': \'the yoke, the covenant, the faces\', \'settings\': {\'the yoke, the covenant, the faces\': "Shevuot 13a:2 — \'despised the word\' = throws off the yoke, uncov']
   lines with 'Kiddushin 3'   : 4  e.g. ['\'libations_from\': {\'value\': \'the entry\', \'settings\': {\'the entry\': "Zevachim 111a:7 — \'when you come into the land\': the libations began at the entry, on the great public', "return out('the entry (Zevachim 111a); after inheritance and settlement (R. Yishmael, Kiddushin 37b) — none in the wilderness on both', [FX.NONE])", "('Zevachim 111a:7; Kiddushin 37b:1 — the wilderness (the cell\\'s gate)', lambda: libations({'ask': 'takes', 'offering': 'olah', 'where': 'wilderness'}, DATA), 'not yet — "]
==== chukat: 19 defs ['strip', 'verse_text', 'seats_of', 'ink', 'move', 'dat', 'out', 'kit_order', 'sources', 'heifer_rite', 'corpse_tumah', 'delta', 'meribah', 'edom_and_hor', 'arad_and_the_serpent', 'well_and_kings', 'law_chukat', 'scene', 'narrative']
   heifer_rite                  asks ['age', 'ashes_thirds', 'attention', 'blemish', 'burn_list', 'day_and_priest', 'defiles_garments', 'finger_wipe', 'first_heifer_open', 'for_its_name', 'frames', 'from_gentile', 'gatherer', 'hairs', 'kit', 'kit_order', 'madaf', 'meilah', 'nine_heifers', 'outside_the_camp', 'pregnant', 'priest_in_garments', 'procession', 'sequestering', 'slaughter_alone', 'slaughter_not_neck', 'slaughter_whole', 'sprinkling', 'statute_indispensable', 'statute_seats', 'taken_out_alone', 'tvul_yom', 'who_burns', 'who_slaughters', 'who_sprinkles_blood', 'wood', 'work_invalidates', 'yoke']  kinds ['age', 'ashes_thirds', 'attention', 'blemish', 'burn_list', 'day_and_priest', 'defiles_garments', 'finger_wipe', 'first_heifer_open', 'for_its_name', 'frames', 'from_gentile', 'gatherer', 'hairs', 'kit', 'kit_order', 'madaf', 'meilah', 'nine_heifers', 'outside_the_camp', 'pregnant', 'priest_in_garments', 'procession', 'sequestering', 'slaughter_alone', 'slaughter_not_neck', 'slaughter_whole', 'sprinkling', 'statute_indispensable', 'statute_seats', 'taken_out_alone', 'tvul_yom', 'who_burns', 'who_slaughters', 'who_sprinkles_blood', 'wood', 'work_invalidates', 'yoke']
   corpse_tumah                 asks ['all_trusted', 'bet_peras', 'birth_and_fetus', 'bone_measure', 'camps', 'connection', 'death_moment', 'dry_flesh', 'fetus_in_womb', 'field_sources', 'gentile_dwellings', 'gentile_no_tumah', 'grave_stones', 'high_priest_exempt', 'hyssop_dip', 'hyssop_species', 'impure_inside', 'invalid_water', 'karet_entry', 'limb', 'living_water', 'madaf', 'metal_vessels_decree', 'mikveh_grades', 'minor', 'mixing_order', 'open_vessel', 'overshadowing_table', 'ox_goad', 'purification', 'quarter_log_blood', 'removes', 'schedule', 'seven_days', 'sprinkle_on_part', 'sprinkler_carrier', 'sprinkler_who', 'sprinkling_day', 'sprinkling_on_pure', 'sprinkling_water', 'sword_like_slain', 'tent', 'tent_gentile', 'tent_limbs', 'tent_material', 'tent_measure', 'tevul_yom_hatat', 'torah_endures', 'toucher_of_toucher', 'vessel_for_water', 'water_defiles', 'water_measure', 'water_transport', 'who_sanctifies', 'window_measures']  kinds ['all_trusted', 'bet_peras', 'birth_and_fetus', 'bone_measure', 'camps', 'connection', 'death_moment', 'dry_flesh', 'fetus_in_womb', 'field_sources', 'gentile_dwellings', 'gentile_no_tumah', 'grave_stones', 'high_priest_exempt', 'hyssop_dip', 'hyssop_species', 'impure_inside', 'invalid_water', 'karet_entry', 'limb', 'living_water', 'madaf', 'metal_vessels_decree', 'mikveh_grades', 'minor', 'mixing_order', 'open_vessel', 'overshadowing_table', 'ox_goad', 'purification', 'quarter_log_blood', 'removes', 'schedule', 'seven_days', 'sprinkle_on_part', 'sprinkler_carrier', 'sprinkler_who', 'sprinkling_day', 'sprinkling_on_pure', 'sprinkling_water', 'sword_like_slain', 'tent', 'tent_gentile', 'tent_limbs', 'tent_material', 'tent_measure', 'tevul_yom_hatat', 'torah_endures', 'toucher_of_toucher', 'vessel_for_water', 'water_defiles', 'water_measure', 'water_transport', 'who_sanctifies', 'window_measures']
   meribah                      asks ['astrologers', 'burial_near_death', 'cattle_water', 'death_by_the_kiss', 'died_for_sin', 'disgrace_written', 'first_meribah_clauses', 'meribah_seats', 'miriam_day', 'quarrel_with_teacher', 'rebels_skin', 'sentence', 'sin', 'struck_twice', 'there_there', 'well_by_merit']  kinds ['astrologers', 'burial_near_death', 'cattle_water', 'death_by_the_kiss', 'died_for_sin', 'disgrace_written', 'first_meribah_clauses', 'meribah_seats', 'miriam_day', 'quarrel_with_teacher', 'rebels_skin', 'sentence', 'sin', 'struck_twice', 'there_there', 'well_by_merit']
   edom_and_hor                 asks ['aaron_age', 'arad_heard', 'death_dates', 'edom_passage', 'firstfruits_clauses', 'messengers_word', 'moserah', 'seder_olam_walk', 'succession', 'thirty_days', 'two_messages', 'two_mount_hors']  kinds ['aaron_age', 'arad_heard', 'death_dates', 'edom_passage', 'firstfruits_clauses', 'messengers_word', 'moserah', 'seder_olam_walk', 'succession', 'thirty_days', 'two_messages', 'two_mount_hors']
   arad_and_the_serpent         asks ['bite_and_burn', 'captive_acquired', 'cherem_law', 'hormah', 'light_bread', 'nehushtan', 'pole_word', 'serpent_heals', 'serpent_property', 'singular_serpent', 'spoke_against', 'turn_back', 'vow_form']  kinds ['bite_and_burn', 'captive_acquired', 'cherem_law', 'hormah', 'light_bread', 'nehushtan', 'pole_word', 'serpent_heals', 'serpent_property', 'singular_serpent', 'spoke_against', 'turn_back', 'vow_form']
   well_and_kings               asks ['ammon_border', 'arnon_miracle', 'book_of_wars', 'deut3_delta', 'from_his_hand', 'jeremiah_quote', 'joshua_refrain', 'land_east', 'lawgiver', 'mattanah_reading', 'og_lore', 'parable_tellers', 'sihon_purified', 'sihon_refused', 'spy_verb', 'then_sang', 'well_mouth', 'zered_date']  kinds ['ammon_border', 'arnon_miracle', 'book_of_wars', 'deut3_delta', 'from_his_hand', 'jeremiah_quote', 'joshua_refrain', 'land_east', 'lawgiver', 'mattanah_reading', 'og_lore', 'parable_tellers', 'sihon_purified', 'sihon_refused', 'spy_verb', 'then_sang', 'well_mouth', 'zered_date']
   law_chukat                   asks []  kinds ['aaron_brought_up_mount_hor', 'aaron_mourned_thirty_days', 'aarons_gathering_decreed', 'arad_fought_and_took_captives', 'arad_serpent_case', 'book_of_the_wars_cited', 'canaanites_devoted_hormah_named', 'congregation_strove_for_water', 'copper_serpent_made', 'corpse_tumah_case', 'edom_came_out_against', 'edom_hor_case', 'edom_refused', 'fiery_serpents_sent', 'garments_transferred_and_aaron_died', 'heifer_case', 'heifer_statute_given', 'heshbon_and_the_parable', 'israel_dwelt_and_jazer_taken', 'israel_pleaded_the_highway', 'israel_vowed_the_cherem', 'journeyed_by_the_red_sea_way', 'journeyed_oboth_to_arnon', 'journeyed_to_mount_hor', 'journeyed_to_pisgah', 'meribah_case', 'messengers_sent_to_edom', 'messengers_sent_to_sihon', 'miriam_died_at_kadesh', 'moses_and_aaron_fell_and_the_glory', 'og_came_out_and_fear_not', 'og_smitten', 'people_confessed_and_moses_prayed', 'people_spoke_against_god_and_moses', 'pole_commanded', 'rock_commanded', 'rock_struck_twice', 'sentence_at_meribah', 'sihon_came_out_and_fought', 'sihon_smitten_land_possessed', 'staff_taken_from_before_the_lord', 'well_given_at_beer', 'well_kings_case']
   DATA keys (60): ['a_clean_man', 'aaron_mourned_by_all', 'ammon_border', 'arad_heard', 'arnon_miracle', 'ashes_thirds', 'bone_measure', 'bundle', 'captive_count', 'cherem_law', 'death_by_the_kiss', 'deaths_ceased', 'edom_passage', 'field_phrase', 'gentile_no_tumah', 'heifer_age', 'heifer_blemish', 'heifer_from_gentile', 'heifer_hairs', 'heifer_pregnant', 'heifer_yoke', 'high_priest_exempt', 'living_water', 'madaf', 'manna_absorbed', 'meilah_on_the_heifer', 'meribah_sin', 'minor_and_karet', 'miriam_death_day', 'mixing_order', 'moserah', 'nehushtan', 'nine_heifers', 'og_lore', 'parable_tellers', 'punishment_split', 'removes', 'serpent_kills_or_heals', 'sihon_purified', 'sprinkle_toward', 'sprinkler_measure', 'sprinkler_or_carrier', 'sprinkler_who', 'sprinkling_day', 'spy_verb', 'succession_by', 'sword_like_slain', 'tent_gentile', 'tent_material', 'tent_measure', 'third_day_fixed', 'tvul_yom_fit', 'tzamid_patil', 'vessel_census', 'well_by_merit', 'well_song_reading', 'who_burns', 'who_sanctifies', 'who_slaughters', 'work_invalidates']
   uppercase names: ['AARON_AGE', 'AARON_DATE', 'BLOOD_AT_SIN_BULL', 'BURN_19', 'CH', 'CH_BLOOD', 'CH_CARCASS', 'CH_SEVEN', 'CL', 'CL_GRADE', 'D33', 'D34', 'D35', 'DAYS30', 'D_AARON', 'D_DEPART', 'D_DUE38', 'D_HOR', 'D_ZIN', 'EX0', 'FIRSTFRUITS', 'FIRST_MERIBAH_CLAUSES', 'FIRST_MONTH', 'FRAMES', 'FX', 'JER', 'KIT_14_4', 'KIT_14_49', 'KIT_14_51', 'KIT_14_52', 'KIT_14_6', 'KIT_19', 'LAWGIVER', 'MERIBAH_17', 'MERIBAH_HOMOGRAPH', 'MERIBAH_SEATS', 'MOSES_MOURNED', 'MSG_20', 'MSG_21', 'MZ', 'MZ_HYSSOP', 'MZ_KIT', 'N', 'NARRATIVE', 'NARRATIVE_PREDICTED', 'O', 'OG_BED', 'P', 'PR', 'PR_BEAST', 'PR_HOUR', 'PR_HP_DEAD', 'PR_PASSED', 'SA', 'SA_KARET', 'SA_KARET_MODE', 'SCENE', 'SCENE_PREDICTED', 'SCHEDULE', 'SCHEDULE_19', 'SEVEN', 'SEVENS', 'SHARED_MSG', 'SRC_16', 'SRC_18', 'STATUTE_SEATS', 'SURVIVOR', 'THEN_SANG', 'THIRTY_EIGHT', 'TM', 'TM_DEVOTE', 'TM_DEVOTE_DEST', 'TM_PERSON', 'TWICE', 'TWICE_KIN', 'V5', 'V5_MEILAH', 'VS', 'VS_SUBSTITUTE', 'WAR_RUN', 'WE', 'YM', 'YM_1614', 'YM_ORDER']
   imports: ['cold_run_chatat', 'cold_run_clocks', 'cold_run_metzora', 'cold_run_priesthood', 'cold_run_sanctions', 'cold_run_temurah', 'cold_run_vayikra5', 'cold_run_vestments', 'cold_run_yoma']
   lines with 'abbath'        : 1  e.g. ['\'well_song_reading\': {\'value\': \'the_torah_as_a_gift\', \'settings\': {\'the_torah_as_a_gift\': "Rava: who makes himself a wilderness receives the Torah as a GIFT (Mattanah); g']
   lines with 'keep'          : 8  e.g. ["('ואסף', 19, 9, 'and he shall gather'), ('למשמרת', 19, 9, 'for a keeping'), ('נדה', 19, 9, 'niddah'), ('חטאת', 19, 9, 'a sin offering'), ('הנגע', 19, 11, 'he who touches'", 'with the kit, the rite\'s contagion, the ashes for a keeping. Every quantity the ink leaves open is a DATA row."""', 'ink(\'19:9\', \'"lay them outside the camp in a clean place... for a keeping, for waters of niddah" — "for a keeping" the manna jar\\\'s and Aaron\\\'s staff\\\'s word\')']
   lines with 'servant'       : 7  e.g. ['\'captive_count\': {\'value\': \'one_maidservant\', \'settings\': {\'one_maidservant\': "\'took some of them captive\' — the shelf\'s one maidservant (the reading\'s row); Gittin 38a:4', "return out('the burner, the gatherer and the priest unclean until evening — the rite defiles its servants, the heifer does not (Parah 4:4, 8:3)', ['impure_until_evening']", "return out('acquired by conquest — a gentile acquires a Jew by possession (Gittin 38a); the shelf\\'s one maidservant', ['taken_captive'])"]
   lines with 'stranger'      : 3  e.g. ['\'who_slaughters\': {\'value\': \'a_stranger_valid_Shmuel\', \'settings\': {\'a_stranger_valid_Shmuel\': "\'he shall slaughter it BEFORE HIM\' — a non-priest slaughters and Eleazar w', "return out('a stranger\\'s slaughter valid with Eleazar watching (Shmuel); Rav: a priest — DISPUTE', [FX.NONE])", "('Yoma 42a:6-11; Zevachim 14b:6 — who slaughters (DISPUTE)', lambda: heifer_rite({'ask': 'who_slaughters'}, DATA), 'a stranger\\'s slaughter valid with Eleazar watching (S"]
   lines with 'voice'         : 3  e.g. ["world.close('israel', 'cherem_vowed', 'Num 21:3 — and the LORD heard the voice of Israel and gave the Canaanite, and he devoted them and their cities')", 'w.submit({\'kind\': \'messengers_sent_to_edom\', \'subject\': \'israel\', \'to\': \'the king of Edom\', \'words\': \'thus says your brother Israel\', \'case_source\': "Num 20:14-17 — and M', "w.submit({'kind': 'canaanites_devoted_hormah_named', 'subject': 'israel', 'named': 'Hormah', 'case_source': 'Num 21:3 — and the LORD heard the voice of Israel and gave th"]
   lines with 'installed_by'  : 1  e.g. ['"""Num 19:1-21:35 (cold_run_chukat.py F1-F6). installed_by boot — the heifer\'s statute spoken at 19:1 with no installing act on the']
   lines with 'given_at'      : 2  e.g. ["if k == 'well_given_at_beer':", "w.submit({'kind': 'well_given_at_beer', 'subject': 'israel', 'song': 'rise up, O well', 'case_source': 'Num 21:16-18 — and from there to Beer: that is the well of which t"]
   lines with '24:3'          : 1  e.g. ['\'parable_tellers\': {\'value\': \'balaam_and_beor\', \'settings\': {\'balaam_and_beor\': "\'the parable-tellers\' — Balaam and Beor (Chullin 60b); Balaam\'s own word (23:7, 23:18, 24']
   lines with '19:16'         : 9  e.g. ['# THE FOUR SOURCES reordered between 19:16 and 19:18 (computed on the four stems)', "'bone_measure': {'value': {'bone': 'a barley-grain', 'blood': 'a quarter-log', 'flesh': 'an olive', 'spine_or_skull': 'whole or deficient by Beit Shammai / Beit Hillel', ", '\'field_phrase\': {\'value\': \'grave_stones_R._Akiva\', \'settings\': {\'grave_stones_R._Akiva\': "\'in the open field\' includes the grave\'s cover and walls (R. Akiva — Chullin 72a']
   lines with '19:17'         : 10  e.g. ['\'living_water\': {\'value\': \'spring_water_drawn_into_a_vessel\', \'settings\': {\'spring_water_drawn_into_a_vessel\': "the spring\'s water flows straight into the vessel (Pesachi', '\'mixing_order\': {\'value\': \'ashes_upon_the_water\', \'settings\': {\'ashes_upon_the_water\': "the Torah called ashes DUST for the verbal analogy with the sotah\'s dust: as there', '\'who_sanctifies\': {\'value\': \'as_the_gatherer\', \'settings\': {\'as_the_gatherer\': "\'THEY shall take... HE shall put\' — the disqualified for gathering disqualified for sancti']
   lines with '19:18'         : 11  e.g. ["import cold_run_metzora as MZ                     # THE EDGE: chukat -> metzora CALL, reference (19:6's cedar, hyssop, scarlet — the leper's kit; 19:18's hyssop)", '# THE FOUR SOURCES reordered between 19:16 and 19:18 (computed on the four stems)', "'bone_measure': {'value': {'bone': 'a barley-grain', 'blood': 'a quarter-log', 'flesh': 'an olive', 'spine_or_skull': 'whole or deficient by Beit Shammai / Beit Hillel', "]
   lines with '19:19'         : 13  e.g. ["import cold_run_clocks as CL                     # THE EDGE: chukat -> clocks CALL, reference (19:7-8, 19:19, 19:21-22's grades)", '\'tvul_yom_fit\': {\'value\': \'fit_the_burner_defiled_on_purpose\', \'settings\': {\'fit_the_burner_defiled_on_purpose\': "\'the PURE one shall sprinkle\' — pure only in relation to', "'third_day_fixed': {'value': 'third_then_seventh_a_four_day_interval', 'settings': {'third_then_seventh_a_four_day_interval': 'the third excludes the second, the seventh "]
   lines with '20:18'         : 7  e.g. ['\'edom_passage\': {\'value\': \'refused_and_turned_away\', \'settings\': {\'refused_and_turned_away\': "\'you shall not pass through me\' twice, \'and Israel turned away from him\' (Nu', 'ink(\'20:18, 20:20-21\', \'"you shall not pass through me" twice; "and Israel turned away from him"\')', "return out('Edom refused twice and Israel turned away (20:18-21); Deut 2:28-29\\'s purchase the other arm — DISPUTE', ['refused'])"]
   lines with '20:19'         : 2  e.g. ["return [E_('plea_made', 'israel', cp='edom', value='we will go up by the highway; if we drink your water, I and my cattle, I will pay its price; only on foot, nothing mor", "w.submit({'kind': 'israel_pleaded_the_highway', 'subject': 'israel', 'words': 'by the highway; only on foot', 'case_source': 'Num 20:19 — and the children of Israel said "]
   lines with 'Shevuot'       : 8  e.g. ['\'punishment_split\': {\'value\': \'uncleanness_for_the_omission_karet_for_the_entry\', \'settings\': {\'uncleanness_for_the_omission_karet_for_the_entry\': "\'he shall not be clean', 'move(\'Makkot 14b:6, 14b:8, 8a:16, 8b:1; Zevachim 33b:5, 43b:8; Shevuot 7b:1, 2a:2; Nazir 45a:5; Mishnah Keritot 1:1-2; Mishnah Shevuot 1:1-2:5\', "karet and lashes for the', "return out('unwitting entry — the sliding-scale offering by the awareness grid (Mishnah Shevuot 1:1-2:5; Keritot 1:2)', ['disqualified'])"]
   lines with 'Kiddushin 3'   : 5  e.g. ['\'arnon_miracle\': {\'value\': \'the_mountains_met\', \'settings\': {\'the_mountains_met\': "\'Vaheb in Suphah and the brooks of Arnon\' — the Emorites in the caves, the ark flattene', 'move(\'Yoma 43a:3; Kiddushin 36b:2\', "Shmuel: returned to Eleazar for the blood; Rav: a restrictive after a restrictive includes a common priest; women excluded a fortiori', "return out('a priest sprinkles the blood — Eleazar (Shmuel) or any priest (Rav); not a woman (Kiddushin 36b)', ['accepted'])"]
   lines with 'Bava Metzia 5' : 4  e.g. ['\'sihon_purified\': {\'value\': \'ammon_and_moab_purified_through_sihon\', \'settings\': {\'ammon_and_moab_purified_through_sihon\': "\'Heshbon was the city of Sihon who had taken a', 'move(\'Bava Metzia 56b:4, 56b:7\', "\'his hand\' here means his possession — the one seat where it cannot be the hand")', 'return out(\'"from his hand" = from his possession (Bava Metzia 56b)\', [FX.NONE])']
   lines with 'Yoma 4'        : 40  e.g. ['\'who_burns\': {\'value\': \'first_by_eleazar_then_common_priest\', \'settings\': {\'first_by_eleazar_then_common_priest\': "\'give IT to Eleazar\' — the first by the deputy alone; i', '\'who_slaughters\': {\'value\': \'a_stranger_valid_Shmuel\', \'settings\': {\'a_stranger_valid_Shmuel\': "\'he shall slaughter it BEFORE HIM\' — a non-priest slaughters and Eleazar w', '\'tvul_yom_fit\': {\'value\': \'fit_the_burner_defiled_on_purpose\', \'settings\': {\'fit_the_burner_defiled_on_purpose\': "\'the PURE one shall sprinkle\' — pure only in relation to']
==== sanctuary_build: 35 defs ['strip', 'toks', 'phrase', 'seats', 'has', 'anytok', 'anyprefix', 'count', 'tanakh', 'tanakh_phrase', 'torah', 'fmt', 'fmt2', 'fmt3', 'norm', 'bag', 'first', 'altar_first', 'cell', 'offering', 'ark', 'table', 'menorah', 'curtains', 'boards', 'veil', 'altar', 'court', 'lamp', 'books', 'law_sanctuary_build', 'scene', 'build', 'load', 'mrow']
   offering                     asks ['ark_they', 'carrying_labor', 'carryings', 'consent', 'craftsmen_pay', 'dwell_phrase', 'dwells_in', 'enough_and_over', 'extension_requirements', 'five_barred', 'five_tokens_present', 'halt', 'halt_dated', 'material_segments', 'named_by_name', 'nepotism', 'pattern_word_torah', 'plural_making', 'set_apart', 'shown_clauses', 'so_shall_you_make', 'surplus', 'surplus_arms', 'surplus_declared', 'teaching', 'thirteen', 'three_attributes', 'three_tokens', 'timestamp', 'toolchain', 'trigger', 'two_audiences', 'two_mornings', 'wages_mechanism', 'wise_hearted']
   ark                          asks ['after_removal', 'cherubim_one_piece', 'cover', 'crown_consonants', 'crown_seats', 'dimensions', 'faces', 'faces_will_indexed', 'hands_on_the_ark', 'hidden_with', 'loose_not_slipping', 'meeting', 'meeting_dropped', 'named_maker', 'oracle_layer', 'overlay_both_sides', 'rings', 'road_and_rome', 'run_dimensions', 'run_dropped', 'run_states_ban', 'staves', 'staves_prohibition', 'tablets_and_fragments', 'testimony', 'three_chests', 'three_crowns', 'whereabouts', 'yom_kippur_staves']
   table                        asks ['ascend', 'bread_dims', 'bread_faces', 'continually', 'cubit_reference', 'dimensions', 'exchange', 'fold', 'frame', 'handbreadths', 'loaves', 'orientation', 'props_reeds', 'props_reeds_source', 'run_dropped', 'sheet_table', 'thirteen_tables', 'vessels']
   menorah                      asks ['branches', 'cups', 'flowers_exodus', 'flowers_with_numbers', 'indispensable', 'knobs', 'knobs_under_pairs', 'lamps', 'lamps_face', 'material', 'no_dimensions', 'pattern_numbers', 'run_dropped', 'talent', 'tending', 'tongs_firepans', 'valid_materials', 'western_lamp']
   curtains                     asks ['board_thickness_in_ink', 'clasps', 'covers', 'covers_length_and_back', 'craft_grades', 'designer_vs_embroiderer', 'exposed', 'goat', 'goat_clasps', 'goat_extra', 'goat_hair_descent', 'goat_width_extra', 'linen', 'linen_width', 'one', 'one_to_one', 'run_dropped', 'run_subject', 'sister_idiom', 'tabernacle_length', 'tachash', 'width_hang']
   boards                       asks ['bars', 'board', 'corner_boards', 'counts', 'fruit_tree_rule', 'gold', 'interior', 'its_halakhah', 'middle_bar_miracle', 'middle_bar_provenance', 'pledge', 'raise', 'run_dropped', 'sockets_boards', 'sockets_total', 'standing', 'taper_fork']
   veil                         asks ['divides', 'floor_plan', 'holy', 'holy_of_holies', 'ladder', 'lamp_not_needed', 'one_or_two', 'position', 'run_adds_heads', 'run_dropped', 'screen', 'second_temple_reason', 'sheet_plan', 'solomon_double', 'spec_rungs', 'veil_at', 'veil_spec']
   altar                        asks ['acrostic', 'ash_duty', 'base', 'base_extent', 'dimensions', 'earth_fill', 'fire_objection', 'height_fork', 'height_objection', 'hewn_ban', 'hollow', 'horns', 'indispensables', 'lower_bloods', 'net', 'perpetual_fire', 'pot_second_service', 'ramp', 'red_line', 'red_line_sheet', 'remainders', 'run_dropped', 'run_names_it', 'sheet_altar', 'solomon_altar', 'square', 'tabernacle_material', 'three_reread', 'upper_bloods', 'vessels']
   court                        asks ['area', 'court_height_read', 'descendant', 'dimensions', 'east', 'gate_screen', 'hangings', 'hangings_word', 'outside_the_curtains', 'pegs', 'perimeter_closes', 'pillars', 'run_adds_silver_heads', 'run_dropped', 'silver', 'two_seah', 'two_seah_sheet']
   lamp                         asks ['crushed_for_light', 'evening_to_morning', 'everlasting', 'nine_grades', 'not_need', 'oil', 'opening_verb', 'restatement', 'run_in_span', 'staffing', 'tail_identity']
   books                        asks ['assembling_women', 'beka', 'bronze', 'bronze_items', 'bronze_maneh', 'census', 'conversion_layer', 'creation_map', 'double_maneh', 'dress', 'e4_owed', 'exemption_declined', 'formula', 'gold', 'hooks', 'mirrors', 'missing_1775', 'oholiab', 'rule', 'sanctuary_shekel', 'silver', 'sockets', 'stamp_absent', 'talent', 'talent_check', 'two_signatories', 'why_audit']
   law_sanctuary_build          asks []  kinds ['accounts_rendered', 'halt_proclaimed', 'offering_brought', 'overflow_reported', 'vessel_made']
   build                        asks ['alignment', 'dropped', 'dropped_kinds', 'house_first', 'metals', 'numerals_equal', 'order_fork', 'run_order', 'run_teaches_spec', 'spec_order', 'tokens', 'verbs', 'world', 'world_w6']
   uppercase names: ['A', 'ALIGN', 'A_DROPPED', 'A_NUM_EQ', 'A_TOTAL', 'BLOCKS', 'CH', 'CH_HORNS', 'D', 'DB', 'FX', 'H', 'HEADS', 'I', 'M', 'NUM', 'N_VERSES', 'OFF', 'OLAH_H', 'ORD', 'ORD_EARTH', 'ORD_HEWN', 'ORD_RAMP', 'ORD_RECIPE', 'ORD_STEPS', 'ORD_STONES', 'P', 'PR', 'PR_DIMS', 'PR_EVE', 'PR_EXCH', 'PR_GRADES', 'PR_LOAVES', 'PR_OIL', 'PR_ONE', 'PR_POS', 'PR_REST', 'PR_TWO', 'PR_WEST', 'RUN', 'RUN_ORDER', 'SB', 'SCENE', 'SCENE_W6', 'SHEET', 'SHEL', 'SHELF', 'SPEC', 'SPEC_ORDER', 'TESTS', 'TORAH', 'TT', 'TZ', 'TZ_EXT', 'TZ_RET', 'WE']
   imports: ['cold_run_chatat', 'cold_run_offerings', 'cold_run_ordinances', 'cold_run_priesthood', 'cold_run_tzav']
   lines with 'tablet'        : 4  e.g. ["if q == 'tablets_and_fragments':", 'return cell(\'both_in_the_ark\', M, TT + "Vayakhel 7:4 — \'you shall put into the ark\' — the tablets AND the fragments of the tablets: honor the scholar who forgot his learn', 'return cell(\'pardon_merit_blessing_life\', M, TT + "Terumah 10 — \'altar\' (מזבח) read as an acrostic: pardon, merit, blessing, life; the five-by-five against the two tablet']
   lines with 'abbath'        : 5  e.g. ['return cell(\'from_private_to_public_domain\', M, "Shabbat 96b:1 (opened per gap) — R. Yochanan: \'and Moses commanded and they proclaimed through the camp\' — Moses sat in t', 'return cell(4, A, "Mishnah Shevuot 1:1 — \'the carryings-out of the Sabbath, two that are four\' (the Vayakhel-Pekudei exam\'s module, credited)", [\'bringing_halted\'])', 'return cell(\'sabbath_by_analogy_or_weekday_full_buffer\', M, "Shabbat 96b:2 (opened) — \'perhaps a weekday, because the work was complete (36:7)?\' — answered by the verbal ']
   lines with 'keep'          : 6  e.g. ['return cell(\'manna_jar_oil_staff\', M, SB + "Yoma 52b:14-15 — R. Elazar\'s three verbal-analogy chains (\'there-there\', \'generations-generations\', \'keeping-keeping\') from th', 'return cell({\'heikhal\': 40, \'traksin\': 1, \'holy_of_holies\': 20}, D, "Mishnah Middot 4:7 — east to west a hundred: the porch\'s wall five, the porch eleven, the sanctuary\'s', 'return cell(\'navuv_luchot\', I, "27:8 \'HOLLOW of boards you shall make it\'; the run keeps it at 38:7 \'hollow of boards he made it\' (%s); the word at %s — Solomon\'s pillars']
   lines with 'honor'         : 1  e.g. ['return cell(\'both_in_the_ark\', M, TT + "Vayakhel 7:4 — \'you shall put into the ark\' — the tablets AND the fragments of the tablets: honor the scholar who forgot his learn']
   lines with 'witness'       : 2  e.g. ['return cell(\'reckons_through_others\', M, TT + "Pekudei 3:2, 5:2 — Moses the exception by divine character-witness (\'trusted in all My house\'), yet \'he CALLS OTHERS and re', 'return cell(7, M, TT + "Pekudei 2:3 — the tabernacle equals creation day by day: the curtains the heavens, the veil the dividing firmament, the laver the gathered waters,']
   lines with 'desire'        : 2  e.g. ['return cell({\'Onkelos\': \'praying_women\', \'Tanchuma\': \'mirrors_of_desire_accepted\'}, M, "38:8 the laver \'from the MIRRORS of the assembling women who assembled at the door', "('Exod 38:8 — the mirrors, two tracks', books('mirrors'), {'Onkelos': 'praying_women', 'Tanchuma': 'mirrors_of_desire_accepted'}),"]
   lines with 'stranger'      : 3  e.g. ['return cell(\'zar_stranger_zer_crown\', M, SB + "Yoma 72b:7 — written זר (\'stranger\'), read זֵר (\'crown\'): merited, it is his crown; not, he is estranged from it — a writte', 'return cell((7, 28), I, "the consonants זר in the span at %s (the ark, the table twice, the incense altar — the crown) and at %d seats in the Tanakh, most of them \'strang', "('Yoma 72b:7 — written stranger, read crown', ark('crown_consonants'), 'zar_stranger_zer_crown'),"]
   lines with 'voice'         : 2  e.g. ['return cell(\'contained_voice\', M, TT + "Terumah 9 + Buber 7-8 — \'I left the upper ones and said: make Me curtains of goat hair and I will dwell with you\'; the Voice that ', "('Tanchuma Terumah 9 — the contained voice', curtains('goat_hair_descent'), 'contained_voice'),"]
   lines with 'two tablets'   : 1  e.g. ['return cell(\'pardon_merit_blessing_life\', M, TT + "Terumah 10 — \'altar\' (מזבח) read as an acrostic: pardon, merit, blessing, life; the five-by-five against the two tablet']
   lines with 'heads'         : 15  e.g. ["tokens the run ADDS (the silver heads of the pillars, the named maker of the ark, 'one to one'", "c_heads_run = [v for v in range(1, 32) if phrase('Exod', 38, v, ['וצפוי', 'ראשיהם'])]; assert c_heads_run == [17, 19], c_heads_run", "c_heads_spec = [v for v in range(1, 22) if 'ראשיהם' in toks('Exod', 27, v)]; assert c_heads_spec == [], c_heads_spec"]
   lines with 'covenant'      : 1  e.g. ['return cell(\'chukat_olam_ledorotam\', I, "27:21 \'an everlasting statute for their generations from the children of Israel\' — the priesthood\'s first standing assignment, gi']
   lines with 'Exod 20'       : 2  e.g. ['cold_run_ordinances.altar (the earth-filled hollow altar, the hewn ban, the ramp — Exod 20:24-26', "('the ramp by call (Exod 20:26 at E1)', altar('ramp'), 'a ramp; and temperance beside it'),"]
   lines with '24:3'          : 4  e.g. ['return cell(PR_WEST[\'western\'], P, "the western lamp by CALL — cold_run_priesthood.lamp_table(western_lamp) -> %r [IMPORT]: Lev 24:3-4\'s law at its home" % (PR_WEST,), [\'', 'return cell(PR_ONE[\'staffing\'], P, "27:21 \'Aaron AND HIS SONS\' — Lev 24:3 drops \'and his sons\' (%s): the one-priest staffing rule read off the drop at sitting L5 — by CAL', "('Lev 24:3-4 by call — the western lamp', menorah('western_lamp'), 'always_burning_begin_from_it_end_at_it'),"]
   lines with 'Shevuot'       : 8  e.g. ['return cell(\'extension_constitution\', A, "25:9 \'and SO shall you make\' — Mishnah Shevuot 2:2 + Sanhedrin 1:5: the city and the courts are extended only by the original co', 'return cell([\'king\', \'prophet\', \'urim_tummim\', \'sanhedrin_71\', \'two_thanksgivings\', \'song\'], D, "Mishnah Shevuot 2:2 — the six requirements (data): a king, a prophet, the', 'return cell(4, A, "Mishnah Shevuot 1:1 — \'the carryings-out of the Sabbath, two that are four\' (the Vayakhel-Pekudei exam\'s module, credited)", [\'bringing_halted\'])']

==== (3) THE KINDS ON FILE touching the chapter's matter ====
  kinds 1119, effects 1019
    add_nothing_commanded                        form statute  the exhortation with the one law — 'and now, Israel, hear the statutes and the judgments which I tea
    affliction_oath_case                         form case     the exam's rows on the affliction oath and the day (Num 30:14-16 — Nedarim 76b-77b, 79a-83b, 87a-87b
    altar_commanded                              form speech   an altar commanded — 'and God said to Jacob: arise, go up to Bethel and dwell there, and make there 
    altar_fire_tended                            form case     the altar's fire tended — 'this is the law of the burnt offering: it is the burnt offering on its py
    ammon_spared_commanded                       form speech   Ammon spared commanded — 'and the LORD spoke to me, saying: you are this day to pass over Ar, the bo
    animal_stolen                                form case     an ox or a sheep stolen — the case clause 'when a man steals an ox or a sheep and slaughters it or s
    ark_commanded                                form speech   the ark commanded — 'make yourself an ark of gopher wood' (6:14); the blueprint (6:15-16); 'and I wi
    attributes_proclaimed_at_sinai               form speech   the attributes proclaimed — 'and the LORD passed before him and proclaimed: the LORD, the LORD, God 
    awoke_and_feared                             form act      awoke and feared — 'and Jacob awoke from his sleep and said: surely the LORD is in this place, and I
    blasphemed_the_name                          form act      the Name blasphemed — the chapter's own case AS THE NARRATIVE ACT: 'and the son of the Israelite wom
    blemished_priest_approached                  form case     a blemished priest approaches to offer — 'a man of your seed for their generations in whom is a blem
    blotting_sworn                               form speech   the blotting sworn — 'write this a memorial in the book ... for I will surely blot out the memory of
    boarding_commanded                           form speech   the boarding commanded — 'and the LORD said to Noah: come, you and all your house, into the ark' (7:
    borders_commanded                            form speech   the borders commanded — 'and the LORD spoke to Moses, saying: command the children of Israel and say
    boundary_sworn                               form speech   the boundary sworn — 'and Laban said to Jacob: behold this heap and behold the pillar which I have c
    bounds_set                                   form act      the bounds set — 'and you shall set bounds for the people round about' (19:12); 'set bounds about th
    burial_commanded                             form speech   the burial commanded — 'bury me with my fathers': the debit on the sons, closed by the run at 50:12-
    camp_commanded                               form speech   the camp commanded — 'each man by his banner with the signs of their fathers' house shall the childr
    censers_beaten_into_plates                   form act      the censers beaten into plates — 'and the LORD spoke to Moses saying: say to Eleazar son of Aaron th
    censers_commanded                            form speech   the censers commanded — 'and Moses said to Korach: you and all your congregation, be before the LORD
    census_command_case                          form case     the exam's rows on the second census's command (Num 25:19-26:4 — Seder Olam 9:2's order; Sifrei 132:
    census_commanded                             form speech   the census commanded — THE SPEC of the first count: 'lift the head of all the congregation of the ch
    charges_laid                                 form speech   the charges laid — 'and Laban said to Jacob: what have you done, that you stole my heart and led awa
    children_declared                            form speech   the children declared — 'and he said: who are these to you? and he said: the children with whom God 
    circumcision_commanded                       form speech   circumcision commanded — 'every male among you shall be circumcised... at eight days old': the coven
    come_to_me_commanded                         form speech   come to me commanded — 'say to your brothers: this do: load your beasts, and go, come to the land of
    command_relayed                              form speech   the command relayed — THE SECOND OUTPUT ON THE SAME CASE, the output's FOURTH FRAME FORM: 'and Moses
    commission_charged                           form speech   the commission charged — 'and Moses commanded concerning them Eleazar the priest, and Joshua son of 
    covenant_blood_thrown                        form act      the covenant's blood thrown — 'and Moses took half the blood and put it in basins, and half the bloo
    covenant_cut_at_sinai                        form speech   the covenant cut at Sinai — 'and He said: behold I cut a covenant, before all your people I will do 
    covenant_cut_between_men                     form act      a covenant cut between men — 'and they rose early in the morning and swore each to his brother, and 
    covenant_cut_with_abram                      form act      the covenant cut with Abram — 'on that day the LORD cut a covenant with Abram saying: to your seed I
    covenant_kept                                form case     the covenant kept — the chapter's head 'if in My statutes you walk and My commandments you keep and 
    covenant_of_peace_given                      form speech   the covenant of peace given — 'and the LORD spoke to Moses saying: Phinehas son of Eleazar son of Aa
    covenant_offered                             form speech   the covenant offered — 'if you will surely hear My voice and keep My covenant, you shall be to Me a 
    covenant_proposed                            form speech   a covenant proposed — Abimelech: 'we have surely seen that the LORD is with you, and we said: let th
    creation_test_declared                       form speech   the new creation's test — 'and Moses said: by this you shall know that the LORD has sent me to do al
    daughters_approached                         form act      the daughters drew near — THE PLEA: 'and the daughters of Zelophehad drew near... and they stood bef
    death_oath_sworn                             form speech   the death oath sworn — 'with whomever you find your gods — he shall not live; before our kinsmen, id
    decree_declared                              form speech   the decree declared — 'say to them: as I live, says the LORD, surely as you have spoken in My ears, 
    dedication_order_commanded                   form speech   the dedication's order commanded — 'and the LORD said to Moses: one prince per day, one prince per d
    descent_commanded                            form speech   the descent commanded — 'and Jacob saw that there was grain in Egypt, and Jacob said to his sons: wh
    discharge_ceased                             form case     a discharge ceases — 'and when the man with the discharge is clean of his discharge, he shall count 
    discharge_source_touched                     form case     a discharge's source touched — the propagation lattice: 'and a man who touches his bed shall wash hi
    dispossession_commanded                      form speech   the dispossession commanded — 'and the LORD spoke to Moses in the plains of Moab by the Jordan at Je
    elder_approached                             form case     an elder approached — 'before the hoary head you shall rise, and you shall honor the face of an elde
    elders_ascended                              form act      the elders ascended — 'come up to the LORD, you and Aaron, Nadab and Abihu, and seventy of the elder
    elders_came_with_divinations                 form act      the elders came with divinations — 'and the elders of Moab and the elders of Midian went with divina
    elders_case                                  form case     the exam's rows on the seventy and the two (Num 11:16-30 — the lots, the seventy-one, Eldad and Meda
    elders_commanded                             form speech   the seventy commanded, and flesh for a month — 'gather to Me seventy men of the elders of Israel... 
    elders_prophesied                            form act      the seventy prophesied, and the two in the camp — 'and the LORD came down in the cloud and spoke to 
    escape_commanded                             form speech   the escape commanded — 'and it was, when they had brought them outside, that he said: escape for you
    evacuation_commanded                         form speech   the evacuation commanded — 'whoever you have here — son-in-law, your sons, your daughters, all that 
    exit_commanded                               form speech   the exit commanded — 'and God spoke to Noah saying: go out from the ark, you and your wife and your 
    false_report_carried                         form case     a false report carried — the clause 'you shall not carry a false report; do not set your hand with t
    feared_at_the_door                           form speech   feared at the door — 'and the men feared, for they were brought to Joseph\'s house' (43:18), 'and th
    feared_greatly                               form act      feared greatly — 'and Jacob feared greatly and was distressed, and he divided the people ... into tw
    feared_joseph                                form speech   feared Joseph — 'and Joseph\'s brothers saw that their father was dead, and they said: perhaps Josep
    fire_consumed_the_two_hundred_fifty          form act      the fire on the two hundred and fifty — 'and fire went out from with the LORD and consumed the two h
    fire_descended                               form act      fire descended — fire comes out from before the LORD and consumes the burnt offering and the fats on
    fire_of_the_lord_burned                      form act      the fire of the LORD burned — 'and the people were as murmurers, evil in the ears of the LORD; and t
    fire_rained                                  form act      fire rained — 'the sun had risen over the earth when Lot came to Zoar; and the LORD rained on Sodom 
    fire_spread                                  form case     a fire spread — the case clause 'when fire goes out and finds thorns and a stack or the standing gra
    firstborn_count_commanded                    form speech   the firstborn count commanded — 'and the LORD SAID to Moses: count every firstborn male of the child
    flood_sworn_off                              form speech   the flood sworn off — the covenant established: no flood again to destroy the earth ('no more' doubl
    gathered_wood_on_the_sabbath                 form act      gathered wood on the Sabbath — THE CASE'S ACT: 'and the children of Israel were in the wilderness, a
    gershon_service_commanded                    form speech   the Gershonites' count and service commanded — 'lift the head of the sons of Gershon, them also, by 
    get_up_commanded                             form speech   the withdrawal commanded — 'and the LORD spoke to Moses saying: speak to the congregation saying: ge
    god_heard                                    form act      God heard — 'and God heard Leah, and she conceived and bore Jacob a fifth son'
    gods_hidden                                  form act      the gods hidden — 'and they gave to Jacob all the foreign gods that were in their hand, and the ring
    gods_judged_at_the_departure                 form act      the judgments on the gods recorded at the departure — 'and they journeyed from Rameses in the first 
    hanging_commanded                            form speech   the hanging commanded — 'and the LORD said to Moses: take all the heads of the people and hang them 
    heart_hardened                               form act      the heart hardened — the fifteen seats of the ink census (strong / heavy with 'heart'); the agent pe
    heart_stolen                                 form act      the heart stolen — 'and Jacob stole the heart of Laban the Aramean, in that he did not tell him that
    heifer_statute_given                         form speech   the statute of the red heifer given — 'this is the statute of the Torah that the LORD commanded: spe
    heir_declared                                form speech   the heir declared — 'and behold, the word of the LORD came to him saying: this one shall not be your
    hid_from_the_voice                           form act      hid from the voice — 'and they heard the voice of the LORD God walking in the garden in the breeze o
    holy_ground_declared                         form speech   holy ground declared — 'remove your sandals from your feet, for the place on which you stand is holy
    horeb_case                                   form case     the exam's rows on chapter 4 (Deut 4:1-49 — bal tosif: Rosh Hashanah 28b:8-24, Eruvin 95b:19-96a:11,
    horeb_departure_commanded                    form speech   the departure from Horeb commanded — 'the LORD our God spoke to us in Horeb, saying: you have dwelt 
    house_charged                                form speech   the house charged — 'shall I hide from Abraham what I am doing? Abraham shall surely become a great 
    hunt_commanded                               form speech   the hunt commanded — 'behold now, I am old; I do not know the day of my death; and now, take now you
    installation_commanded                       form speech   the installation commanded — the intake of the whole set (Aaron, his sons, the garments, the oil, th
    joshua_commission_commanded                  form speech   Joshua's commission commanded — 'and the LORD said to Moses: take you Joshua the son of Nun, a man i
    judges_charged                               form speech   the judges charged — 'and I charged your judges at that time, saying: hear the causes between your b
    judges_commanded_to_slay                     form speech   Moses to the judges of Israel: slay each his men — 'and Moses said to the judges of Israel: slay eac
    judgment_brought_near                        form act      the judgment brought near — THE HALT'S THIRD FORM: 'and Moses brought their judgment near before the
    kohath_service_commanded                     form speech   the Kohathites' service commanded — 'lift the head of the sons of Kohath from among the sons of Levi
    lamps_commanded                              form speech   the lamps commanded — 'speak to Aaron and say to him: when you raise the lamps, toward the face of t
    land_division_commanded                      form speech   the land's division commanded — 'and the LORD spoke to Moses, saying: to these the land shall be div
    land_requested                               form speech   the land requested — 'and the sons of Reuben and the sons of Gad had much cattle, very numerous; and
    levirate_commanded                           form speech   the levirate commanded — the father's charge to the brother: go in to your brother's wife, perform t
    levite_cities_commanded                      form speech   the Levite cities commanded — 'and the LORD spoke to Moses in the plains of Moab by the Jordan at Je
    levite_count_commanded                       form speech   the Levite count commanded — 'count the sons of Levi by their fathers' houses, by their families; ev
    levites_purification_commanded               form speech   the Levites' purification commanded — 'take the Levites from among the children of Israel and purify
    loathing_stated                              form speech   the loathing stated — 'and Rebekah said to Isaac: I loathe my life because of the daughters of Heth;
    lord_descended                               form act      the LORD descended — 'because the LORD descended on it in fire' (19:18); 'and the LORD descended on 
    made_the_father_drink                        form act      made the father drink — 'and they made their father drink wine that night, and the firstborn came an
    man_had_discharge                            form case     a man has a discharge — the chapter's head 'a man, a man, when there is a discharge from his flesh, 
    merari_service_commanded                     form speech   the Merarites' count and service commanded — 'the sons of Merari by their families, by their fathers
    midian_harassment_commanded                  form speech   harass the Midianites — 'and the LORD spoke to Moses saying: harass the Midianites and strike them, 
    midian_vengeance_commanded                   form speech   the vengeance commanded — 'and the LORD spoke to Moses saying: avenge the vengeance of the children 
    midianite_brought_near                       form act      a man of Israel brought near the Midianite woman — 'and behold, a man of the children of Israel came
    moab_feared_and_loathed                      form act      Moab feared and loathed — 'Balak son of Zippor saw all that Israel had done to the Amorite; and Moab
    moab_spared_commanded                        form speech   Moab spared commanded — 'and the LORD said to me: do not harass Moab nor contend with them in battle
    moses_ascended                               form act      Moses ascended for forty days — 'and Moses came into the cloud and went up the mountain, and Moses w
    moses_commanded_the_nine_and_a_half          form speech   Moses' restatement to the nine and a half — 'and Moses commanded the children of Israel, saying: thi
    moses_told_to_ascend_abarim                  form speech   Moses told to ascend Abarim — 'and the LORD said to Moses: go up to this mountain of Abarim and SEE 
    mother_and_young_slaughtered                 form case     an ox or a sheep and its young slaughtered on one day — 'and an ox or a sheep, it and its young you 
    mother_counselled                            form speech   the mother counselled — 'behold, I heard your father speaking to Esau your brother ... and now, my s
    name_asked                                   form speech   the name asked — 'and Jacob asked and said: tell me, please, your name; and he said: why is it that 
    name_declared                                form speech   the Name declared — 'I will be what I will be' (3:14) and 'this is My name forever' (3:15)
    name_sworn_in_vain                           form case     the Name sworn in vain — the clause 'you shall not take the name of the LORD your God in vain, for t
    not_heard                                    form act      not heard — 'and they did not hear Moses from shortness of spirit and from hard labor'
    oath_retold_case                             form case     the exam's rows on the oath retold (Num 32:6-15 — Sanhedrin 111a:6, 111a:12-13; Bava Batra 117b:2, 1
    oath_upheld                                  form speech   the oath upheld — 'sojourn in this land, and I will be with you and bless you; for to you and to you
    oath_uttered                                 form case     an oath uttered — 'or a soul, when it swears, speaking with the lips, to do evil or to do good', and
    offering_commanded                           form speech   the offering commanded — 'take now your son, your only one, whom you love, Isaac, and go to the land
    offerings_calendar_commanded                 form speech   the offerings calendar commanded — ONE speech, 28:1 to 29:39 (the register's one verb; 30:1 the clos
    outcry_declared                              form speech   the outcry declared — 'the cry of Sodom and Gomorrah is great, and their sin is very heavy; I will g
    overheard                                    form act      overheard — 'and Rebekah was listening when Isaac spoke to Esau his son; and Esau went to the field 
    parent_cursed                                form case     a father or mother cursed — the head 'for a man, a man who curses his father and his mother shall su
    parent_struck                                form case     a father or mother struck — the head 'and he who strikes his father and his mother shall surely be p
    people_sanctified                            form act      the people sanctified — 'sanctify them today and tomorrow' (19:10); 'and Moses went down from the mo
    person_stolen                                form case     a person stolen — the utterance 'you shall not steal' amid 'you shall not murder' and 'you shall not
    pieces_commanded                             form speech   the pieces commanded — 'and He said to him: take Me a three-year-old heifer, a three-year-old she-go
    pole_commanded                               form speech   the pole commanded — 'and the LORD said to Moses: make yourself a fiery one and set it on a pole, an
    portion_declared                             form speech   the portion declared — 'and the LORD said to Aaron: in their land you shall not inherit, and you sha
    prey_division_commanded                      form speech   the division of the prey commanded — 'and the LORD said to Moses, saying: take the sum of the prey t
    priest_impure_approached_holy                form case     an impure priest approaches or eats the holy things — 'any man who approaches, of all your seed, to 
    prophet_declared                             form speech   the prophet declared — 'I also know that in the integrity of your heart you did this, and I also wit
    providence_declared                          form speech   providence declared — 'do not be grieved ... for God sent me before you for the preservation of life
    purge_commanded                              form speech   a purge commanded — 'and Jacob said to his house and to all who were with him: remove the foreign go
    redemption_commanded                         form speech   the redemption commanded — 'take the Levites instead of every firstborn... and the redemption of the
    refuge_statute_case                          form case     the exam's rows on the statute's clauses (Num 35:29-34 — Mishnah Sanhedrin 1:4 with 2a:14-2b:1 the t
    return_commanded                             form speech   the return commanded — 'and the angel of the LORD said to her: return to your mistress and submit yo
    rock_commanded                               form speech   the rock commanded — 'and the LORD spoke to Moses saying: take the staff and assemble the congregati
    sabbath_kept_as_sign                         form case     the Sabbath kept as the sign — 'but My Sabbaths you shall keep, for it is a sign between Me and you'
    sabbath_labor                                form case     labor on the seventh day — the clause 'and the seventh day is a Sabbath to the LORD your God; you sh
    sabbath_musaf_case                           form case     the exam's rows on the Sabbath's additional offering (Num 28:9-10 — Mishnah Tamid 7:3; Menachot 4:4;
    sabbath_profaned                             form case     the Sabbath profaned — 'its profaners shall surely be put to death, for whoever does work on it, tha
    sabbath_remembered                           form case     the Sabbath remembered — the clause 'remember the Sabbath day to sanctify it': the duty is a declara
    sacrificed_to_gods                           form case     sacrificed to gods — the clause 'he who sacrifices to gods shall be devoted to destruction, save to 
    sanctuary_built_on_sabbath                   form case     the sanctuary's building meeting the Sabbath — 'My Sabbaths you shall keep and My sanctuary you shal
    second_census_commanded                      form speech   the second census commanded — 'and it was after the plague; and the LORD said to Moses and to Eleaza
    send_out_commanded                           form speech   the unclean sent out — the command: 'command the children of Israel that they send out of the camp e
    sentence_declared                            form speech   the sentence declared — THE TENT'S OUTPUT: 'and the LORD spoke to Moses saying: bring out the curser
    separation_commanded                         form speech   the separation commanded — 'and the LORD spoke to Moses and to Aaron saying: separate yourselves fro
    sihon_smitten_land_possessed                 form act      Sihon smitten and his land possessed — 'and Israel smote him with the edge of the sword and possesse
    sihon_war_commanded                          form speech   the war on Sihon commanded — 'rise up, take your journey, and pass over the valley of Arnon; behold,
    smitten_to_hormah                            form act      smitten to Hormah — 'and the Amalekite and the Canaanite who dwelt in that mountain came down and sm
    sons_words_heard                             form act      the sons' words heard — 'and he heard the words of Laban's sons, saying: Jacob has taken all that wa
    speech_case                                  form case     the exam's rows on the speech's other cells (Deut 1:1-8, 1:19-3:29; Num 27:12-23 — the frame and the
    speech_opened                                form speech   the speech opened — 'these are the words which Moses spoke to all Israel beyond the Jordan, in the w
    spies_charged                                form speech   charged as spies — 'you are spies! to see the nakedness of the land you have come' (42:9), 'no, for 
    spies_commanded                              form speech   the spies commanded — 'send for yourself men that they may spy out the land of Canaan which I give t
    staffs_commanded                             form speech   the staffs commanded — 'and the LORD spoke to Moses saying: speak to the children of Israel and take
    stands_case                                  form case     the exam's rows on the three stands and the four parables (Num 23:1-24:25 — Sanhedrin 105b-106a; Ber
    statute_declared                             form speech   the statute declared — THE TENT'S OUTPUT, second form: 'and the LORD spoke to Moses saying: speak to
    statute_set                                  form statute  a statute set — the narrator's clause 'there He set for him a statute and an ordinance, and there He
    statutes_case                                form case     the exam's rows on the footer and the chapter whole (Num 30:17 and 30:1 — Nedarim 68a, 70a-70b, 79b;
    stoned_as_commanded                          form act      stoned as commanded — THE EXECUTION: 'and Moses spoke to the children of Israel, and they brought ou
    stood_to_hear                                form speech   stood to hear — THE HALT of a standing case: 'and Moses said to them: stand, and I will hear what th
    stranger_approached                          form case     a stranger approached the service — the exam's case on THE CLAUSE 'and the stranger who approaches s
    substitute_declared                          form case     a substitute declared — 'he shall not exchange it nor substitute it, good for bad or bad for good, a
    supplanted_charged                           form speech   supplanted charged — 'and he said: your brother came with deceit and has taken your blessing; and he
    sworn                                        form act      sworn — 'and Jacob said: swear to me as of this day; and he swore to him' (25:33); 'and they rose ea
    sworn_by_himself                             form speech   sworn by Himself — 'by Myself I have sworn, says the LORD, because you have done this thing and have
    sworn_denial_admitted                        form case     a sworn denial admitted — the case clause 'and denies to his fellow a deposit... and swears falsely'
    tablets_broken                               form act      the tablets broken — 'and it was when he came near the camp and saw the calf and the dancing, Moses'
    tablets_given                                form act      the tablets given — 'and he wrote them on two tablets of stone' (Deut 4:13, the tablets PLENE — 4:13
    taken_to_peor_third_stand                    form act      taken to the top of Peor — the third stand — 'and Balak said to Balaam: come, I will take you to ano
    taken_to_pisgah_second_stand                 form act      taken to the field of Zophim at the top of Pisgah — the second stand — 'and Balak said to him: come 
    ten_spies_died_by_plague                     form act      the ten spies died by the plague — 'and the men whom Moses sent to spy out the land, who returned an
    ten_words_declared                           form speech   the ten words declared — 'the day you stood before the LORD your God at Horeb … and you came near an
    teraphim_stolen                              form act      the teraphim stolen — 'and Laban had gone to shear his flock, and Rachel stole the teraphim that wer
    theft_confessed_case                         form case     the confessed theft and its restitution — the exam's case on 5:6-8: the confession, the principal 'a
    theft_denied                                 form speech   the theft denied — 'why does my lord speak according to these words? far be it from your servants to
    thunder_and_horn                             form act      the thunder and the horn — 'and it was on the third day, when it was morning, that there were thunde
    tithe_of_the_tithe_commanded                 form speech   the tithe of the tithe commanded — 'and the LORD spoke to Moses saying: and to the Levites you shall
    tribes_approached                            form act      the tribes' heads drew near — THE SECOND PLEA on the same case: 'and the heads of the fathers of the
    trumpets_commanded                           form speech   the trumpets commanded — 'make for yourself two trumpets of silver, of beaten work you shall make th
    turn_northward_commanded                     form speech   the turn northward commanded — 'and the LORD spoke to me, saying: you have compassed this mountain l
    vessels_statute_spoken                       form speech   Eleazar's statute of the vessels — 'and Eleazar the priest said to the men of war who went to the ba
    voice_heard                                  form act      the voice heard — 'and the voice was heard in Pharaoh\'s house, saying: Joseph\'s brothers have come
    voice_heard_from_the_ark                     form act      the Voice heard from the ark — 'and when Moses came into the tent of meeting to speak with Him, he h
    vow_heard                                    form case     the vow heard — THE STATE MACHINE's second event, the trigger of the hearing-day clock: 'and her fat
    wagons_accepted_commanded                    form speech   the wagons accepted — 'and the LORD said to Moses: take from them, and they shall be for the service
    walk_commanded                               form speech   walking commanded — 'walk before Me and be whole': the wholeness owed, closed at the circumcision (N
    warriors_purification_commanded              form speech   the warriors' purification commanded — 'and you, encamp outside the camp seven days; whoever has kil
    witness_declared                             form speech   the witness declared — 'and Laban said: this heap is witness between me and you today — therefore it
    witness_oath_heard                           form case     a witness hears the adjuration — 'and a soul, when it sins, and hears the voice of adjuration, and h
    witnesses_called                             form speech   heaven and earth called to witness — 'WHEN you beget sons and sons' sons and have grown old in the l
    zered_crossing_commanded                     form speech   the crossing of the Zered commanded — 'now rise up and get you over the brook Zered; and we went ove
  effects touching the matter:
    accused_falsely                          status   accused falsely — the STATUS the two tellings write on Joseph: to the men of her house 'see, he brought us a H
    azkarah_to_fire                          heaven   the memorial goes to the fire — the fistful (and all the frankincense) burned on the altar as the offering's m
    bereavement_charged                      status   bereavement charged — the STATUS the father's cry writes on Jacob: 'me you have bereaved: Joseph is not, and S
    bones_oath                               debit    the bones' oath — the DEBIT the oath writes on the sons of Israel: 'and Joseph made the sons of Israel swear, 
    borders_declared                         status   the borders declared — the STATUS the spec of the land's extent writes ON THE LAND: 'this is the land that sha
    boundary_witnessed                       status   the boundary witnessed — the STATUS the oath's content writes on the heap and pillar: 'witness is this heap an
    bowed_to_their_gods                      status   bowed to their gods — the STATUS the bowing writes on Israel: 'and they called the people to the sacrifices of
    burial_in_canaan_sworn                   debit    burial in Canaan sworn — the DEBIT the oath writes on Joseph: 'put, please, your hand under my thigh ... bury 
    burned_in_fire                           destroy  burned in fire — the malignant garment's destruction, with the benefit ban riding it
    charge_kept                              status   the charge kept — the STATUS the ground clause writes on Abraham, dead: 'because Abraham listened to My voice 
    charges_laid                             status   the charges laid — the STATUS the quarrel-words write on Laban: 'what have you done, that you stole my heart a
    commanded                                debit    commanded — the DEBIT a SPEC writes on its addressee: the census commanded (Num 1:2-3), the camp (2:2), the Le
    covenant_barred                          block    the covenant barred — the BLOCK on the people entering the land: no covenant with the nations or their gods, t
    covenant_between_men                     status   a covenant between men — the STATUS the cutting writes on the parties: Isaac with Abimelech 'and they rose ear
    covenant_cut                             status   the covenant cut — the STATUS the covenant clause writes on the community: 'behold I cut a covenant before all
    covenant_declared                        status   the covenant declared — the STATUS the ten words' speaking writes on Israel: 'and he declared to you his coven
    covenant_of_peace                        heaven   the covenant of peace — HEAVEN's entry the word writes on Phinehas: 'therefore say: behold, I give him My cove
    covenant_of_salt                         status   a covenant of salt — the STATUS the grant's close writes on Aaron: 'all the terumot of the holy things which t
    covenant_promised                        heaven   the covenant promised — the HEAVEN entry the word writes on Noah: 'and I will establish My covenant with you, 
    covenant_proposed                        status   a covenant proposed — the STATUS the proposal writes on the proposer: Abimelech 'let there be an oath between 
    covenant_remembered                      status   covenant remembered — the recovery's ledger entry: the covenant with the fathers recalled in reverse order (th
    covenant_terms                           status   the covenant's terms — the STATUS the two clauses write on Jacob: 'if you afflict my daughters, and if you tak
    covenant_upheld                          status   covenant upheld — the blessing branch's ledger entry: the standing covenant confirmed on the community, the dw
    covered_the_father                       status   covered the father — the STATUS the backward covering writes on Shem and Japheth: 'and Shem and Japheth took t
    cry_heard                                heaven   the cry heard — the HEAVEN entry written when the afflicted widow, orphan, or pledged poor man cries: 'I will 
    death_oath_on_the_thief                  heaven   the death oath on the thief — the HEAVEN entry Jacob's warrant writes on Rachel, whom the narrator named the t
    deceit_charged                           status   deceit charged — the STATUS the accusation writes on Laban: 'what is this you have done to me? did I not serve
    declared_pure                            status   declared pure — the status the cleansing rite writes at each of its gates: pure from defiling by entry (the bi
    descended_on_the_mountain                status   descended on the mountain — the STATUS the descent writes on the mountain: 'and the LORD descended on Mount Si
    descended_to_see                         status   descended to see — the STATUS the descent writes on the city and tower: 'and the LORD came down to see the cit
    descent_commanded                        status   the descent commanded — the STATUS the father's word writes on the sons: 'why do you look at one another?' (42
    died_before_his_father                   status   died before his father — the STATUS the ledger's deviant death writes on Haran: 'and Haran died in the presenc
    eaten_to_atone                           heaven   eaten to atone — HEAVEN's entry written by the priests' eating: the sin offering whose blood stayed outside is
    elder_to_serve_the_younger               heaven   the elder to serve the younger — the HEAVEN entry the oracle's last clause writes on Esau: 'and the elder shal
    entered_the_covenant                     status   entered the covenant — the STATUS the sprinkled blood writes on the people: 'behold the blood of the covenant 
    esau_approaching                         status   Esau approaching — the STATUS the messengers' report writes on Jacob: 'we came to your brother, to Esau, and h
    esau_saw_the_command                     status   Esau saw the command — the STATUS the two seeings write on Esau: 'and Esau saw that Isaac had blessed Jacob an
    evil_speech_spoken                       status   evil speech spoken — the STATUS Miriam's and Aaron's words write on them: 'and Miriam spoke, and Aaron, agains
    false_report_barred                      block    the false report barred — the BLOCK on the judge and the litigant: no receiving of slander, no hearing one par
    feared                                   status   feared — the STATUS the fear writes on the Moabites: 'and Moab feared greatly before the people, for it was ma
    feared_at_the_door                       status   feared at the door — the STATUS the fear writes on the sons: 'and the men feared, for they were brought to Jos
    feared_god                               status   feared God — the STATUS the ink states twice of the midwives as the cause of the refusal and of the reward: 'a
    feared_joseph                            status   feared Joseph — the STATUS the father's death writes on the sons: 'and Joseph's brothers saw that their father
    fire_from_before_the_lord                status   fire from before the LORD — the STATUS written on the altar when the new fire descends and consumes the burnt 
    fire_sank                                status   the fire sank — the STATUS Taberah writes on Israel: 'the fire of the LORD burned among them and consumed at t
    foreign_gods_buried                      status   the foreign gods buried — the STATUS the hiding writes on Jacob: 'and they gave to Jacob all the foreign gods 
    foreign_gods_removal_owed                debit    the foreign gods' removal owed — the DEBIT the purge command writes on the house of Jacob: 'remove the foreign
    funeral_ascended                         status   the funeral ascended — the STATUS the procession writes on the sons: 'and Joseph went up to bury his father, a
    given_by_the_heart                       transfer given by the heart — the TRANSFER the donation's clause makes binding: 'take from among you a set-apart offeri
    given_to_the_heart                       heaven   given to the heart — the tradition's own phrase for a matter no court can see: the entry is Heaven's, opened b
    great_sin_charged                        status   a great sin charged — the STATUS the rebuke writes on Abraham: 'what have you done to us, and how have I sinne
    hands_feet_sanctified                    status   hands and feet sanctified — the STATUS the laver writes on the priest before every service: 'Aaron and his son
    heard_by_god                             status   heard by God — the STATUS the hearing writes on the mother: Leah 'and God heard Leah, and she conceived and bo
    heart_hardened                           status   the heart hardened — the STATUS on Pharaoh at the fifteen seats of the ink census (the verbs strong / heavy / 
    heart_numb                               status   the heart numb — the STATUS the news writes on Jacob: 'and they told him, saying: Joseph still lives, and that
    heart_stolen                             status   the heart stolen — the STATUS the second theft writes on Laban: 'and Jacob stole the heart of Laban the Aramea
    heaven_and_earth_witness                 status   heaven and earth called to witness — the STATUS the case's evidence clause writes on Israel: 'I call heaven an
    honor_owed                               debit    owes honor — the DEBIT toward the elder's face: not sitting in his seat, not speaking in his place, not contra
    house_charged                            status   the house charged — the STATUS the divine soliloquy writes on Abraham: 'for I have known him, so that he will 
    identity_falsely_claimed                 status   the identity falsely claimed — the STATUS the two claims write on Jacob: 'I am Esau your firstborn; I have don
    idolatry_begun                           status   idolatry begun — the STATUS the agentless clause writes on Enosh's generation: 'then it was begun to call on t
    in_gods_place_refused                    status   in God's place refused — the STATUS the anger's answer writes on Jacob: 'and Jacob's anger burned against Rach
    inspected_as_commanded                   status   inspected as commanded — the STATUS Moses' inspection writes on the delivered work: 'and Moses saw all the wor
    interest_barred                          block    interest barred — the block on the lender toward his brother: no bite on money, no increase on food; the addre
    israel_heard                             status   Israel heard — the STATUS the verse's mid-clause writes on Jacob: 'and Israel heard; and the sons of Jacob wer
    judges_charged                           status   the judges charged — the STATUS Moses' charge writes on the court: 'and I charged your judges at that time, sa
    judgments_executed_on_their_gods         status   the judgments executed on their gods — the STATUS the itinerary's record writes on Egypt forty years after the
    labor_barred                             block    labor barred — the seventh day's act ban on the whole household, the generic prohibition the 39 labors particu
    land_repays_sabbaths                     timer    land repays its sabbaths — the TIMER on the LAND entity: the desolation runs one year per owed release until t
    land_walk_commanded                      debit    the land's walk commanded — the DEBIT the command lays on Abram toward Heaven: 'arise, walk through the land i
    lashes                                   body     liable to lashes — the flogging entry on the court docket
    loathed                                  status   loathed — the STATUS the loathing writes on the Moabites: 'and Moab loathed the children of Israel' (Num 22:3)
    loathing_stated                          status   the loathing stated — the STATUS the pretext writes on Rebekah: 'I loathe my life because of the daughters of 
    loved_by_the_father                      status   loved by the father — the STATUS the split loves write on Esau: 'and Isaac loved Esau, for game was in his mou
    loved_by_the_mother                      status   loved by the mother — the STATUS the split loves write on Jacob: 'and Rebekah loved Jacob' — the participle ag
    molten_image_barred                      block    a molten image barred — the BLOCK the covenant's clause writes on the maker: 'molten gods you shall not make f
    name_changed                             status   the name changed — the STATUS the renaming writes on the person: 'your name shall no more be called Abram, but
    name_declared                            status   the Name declared — the STATUS the bush's answer writes on God's own entry: 'I will be what I will be ... this
    name_given                               status   a name given — the STATUS the naming act writes on the named: 'and she called his name Moses' — six namings in
    name_profaned                            heaven   the Name profaned — Heaven's docket entry on the false swearer: the oath by the Name turned false makes the Na
    not_heard                                status   not heard — the STATUS the people's state writes at the speaking: 'and they did not hear Moses from shortness 
    oath_imposed                             status   the oath of the LORD — an oath obligation opens and, sworn, closes the claim without payment
    oath_sworn                               status   an oath sworn — the STATUS the swearing writes on the swearer at the stretch's seats: Esau to Jacob 'swear to 
    oath_to_abraham_upheld                   status   the oath to Abraham upheld — the STATUS the promise's ground writes on Isaac: 'for to you and to your seed I w
    overheard                                status   overheard — the STATUS the listening writes on Rebekah: 'and Rebekah was listening when Isaac spoke to Esau hi
    perpetual_fire_duty                      timer    perpetual fire duty — a standing never-extinguish obligation on the altar, renewed every morning
    prophet_declared                         status   a prophet declared — the STATUS the dream's verdict writes on Abraham: 'for he is a prophet, and he will pray 
    put_to_death                             body     put to death — the court docket opens a capital entry (mode per the compiled law)
    rest_required                            timer    rest required — the recurring seventh-day stop on the household, the beasts, the stranger
    sabbath_debt                             debit    sabbath debt — the DEBIT on the LAND's account: one release owed for each seventh year the land was worked whi
    sabbath_of_the_land                      status   the sabbath of the land — the STATUS the count's timer writes on the LAND at the seventh count-year's first da
    sanctified_by_contact                    status   sanctified by contact — what absorbs from the offering becomes like it, under its stringencies
    sanctified_for_the_third_day             timer    sanctified for the third day — the TIMER the command sets on the people: 'sanctify them today and tomorrow ...
    sanctify_day                             heaven   sanctify the day — the standing duty to declare the seventh day holy, discharged weekly over wine per the reco
    sent_by_god_declared                     status   sent by God declared — the STATUS the providence speech writes on Joseph: 'do not be grieved ... for God sent 
    servants_feared                          status   the servants feared — the STATUS the morning report writes on Abimelech's house: 'and Abimelech rose early in 
    sojourn_commanded                        status   the sojourn commanded — the STATUS the second imperative writes on Isaac: 'sojourn in this land, and I will be
    sold_for_theft                           status   sold — the insolvent thief enters servitude; status flip with a term timer
    sons_words_heard                         status   the sons' words heard — the STATUS the murmur writes on Jacob: 'and he heard the words of Laban's sons, saying
    speech_restrained                        debit    the speech restrained — the DEBIT the night dream lays on Laban: 'and God came to Laban the Aramean in a dream
    spies_charged                            status   charged as spies — the STATUS the accusation writes on the sons: 'you are spies! to see the nakedness of the l
    statute_set_at_marah                     status   a statute set at Marah — the STATUS the narrator's clause writes on the people: 'there He set for him a statut
    stoned                                   body     stoned — the death mode named in ink; for the ox, the beast's own docket entry
    sworn_by_himself                         status   sworn by Himself — the STATUS the divine oath writes on Abraham: 'by Myself I have sworn, says the LORD, becau
    sworn_by_the_name                        status   sworn by the Name — the STATUS the oath writes on the swearer: 'and I will make you swear by the LORD, the God
    sworn_to_take_nothing                    status   sworn to take nothing — the STATUS the raised hand writes on Abram: 'I have lifted my hand to the LORD, God Mo
    tablets_delivered                        transfer the tablets delivered — the TRANSFER of the written program into Moses' hand: 'and He gave to Moses, when He f
    ten_donkeys_sent                         transfer ten donkeys sent — the TRANSFER to the father: 'and to his father he sent after this manner: ten donkeys carry
    ten_went_down                            status   ten went down — the STATUS the descent writes on the sons: 'and the ten brothers of Joseph went down to buy gr
    ten_years_childless                      status   ten years childless — the STATUS the giving's clause writes on Sarai: 'at the end of ten years of Abram's dwel
    teraphim_stolen                          transfer the teraphim stolen — the TRANSFER the theft writes on Rachel, Laban the counterparty: 'and Laban had gone to 
    theft_denied                             status   the theft denied — the STATUS the answer writes on the sons: 'far be it from your servants to do according to 
    thirty_at_the_standing                   status   thirty at the standing — the STATUS the age verse writes on Joseph: 'and Joseph was thirty years old when he s
    torah_expounded                          status   the Torah expounded — the STATUS the frame writes on Israel at the speech's opening: 'beyond the Jordan, in th
    troubled_charged                         status   troubled charged — the STATUS Jacob's rebuke writes on Simeon and Levi: 'you have troubled me, making me stink
    wages_changed_ten_times                  status   the wages changed ten times — the STATUS the charge writes on Laban, the value ten, parsed at both seats: 'and
    warned_specifying_the_labor              status   warned, the labor specified — the STATUS the finders' warning writes on the person: 'and they brought him near
    witness_declared                         status   a witness declared — the STATUS the declaration writes on the heap: 'this heap is witness between me and you t
  the ledger_op values: {'status': 655, 'transfer': 59, 'destroy': 11, 'debit': 64, 'timer': 50, 'body': 39, 'heaven': 99, 'block': 42}
  a kind row whole (ten_words_declared): {'en': "the ten words declared — 'the day you stood before the LORD your God at Horeb … and you came near and stood under the mountain, and the mountain burned with fire to the heart of heaven … and the LORD spoke to you from the midst of the fire: a voice of words you heard, but no form, only a voice; and he declared to you his covenant which he commanded you to do, THE TEN WORDS' (Deut 4:10-13) — Exodus 20:1's 'and God spoke all these words' THE FIRST TELLING, absent from the tape (the tape runs from Exod 19:20 to 24:1 — THE TAPE'S HOLE, the readback's finding): A SUPPLIED ACT written ONCE at its own time, DATED (1, 3, 7) by the RETROGRADE marker at Deut 4:10 (the giving's day — Rabbi Yose's seventh of Sivan, Shabbat 86b:5, the tape's own marker at Exod 19:16; the ink's dating word 'the day you stood'); covenant_declared on Israel (a STATUS valued the ten words on two tablets)", 'he': 
  a kind row whole (tablets_given): {'en': "the tablets given — 'and he wrote them on two tablets of stone' (Deut 4:13, the tablets PLENE — 4:13, 9:11, 1 Kings 8:9 against every Exodus seat defective); 'and He gave to Moses, when He finished speaking with him on Mount Sinai, two tablets of the testimony, tablets of stone written with the finger of God' (Exodus 31:18 — THE FIRST TELLING, absent from the tape: the erection runner folded the tablets into the ascent's line at W7 — THE TAPE'S HOLE): A SUPPLIED ACT written ONCE at its own time, DATED (1, 4, 17) by the RETROGRADE marker at Deut 4:13 (the fortieth day of 24:18's forty — Taanit 28b:9: the seventh of Sivan plus forty = the seventeenth of Tammuz; the tablets GIVEN and BROKEN on one day, 32:15 'Moses went down with the two tablets', the tape's own marker at Exod 32:19); tablets_delivered on Moses (the erection's registered effect at its FIRST tape seat)", 'he': 'וַיַּ
  a kind row whole (thunder_and_horn): {'en': "the thunder and the horn — 'and it was on the third day, when it was morning, that there were thunders and lightnings and a heavy cloud on the mountain, and the sound of a horn very strong'", 'he': 'וַיְהִי קֹלֹת וּבְרָקִים וְעָנָן כָּבֵד עַל הָהָר וְקֹל שֹׁפָר חָזָק מְאֹד (and it was on the third day, when it was morning, that there were thunders and lightnings and a heavy cloud on the mountain, and the sound of a horn very strong — Exod 19:16)', 'form': 'act', 'witness': ['Exod 19:16 | ויהי קלת וברקים וענן כבד על ההר וקל שפר חזק מאד'], 'ink': 'Exod 19:16', 'corpus': 'exo_19_sinai_and_the_covenant: qolot_u_veraqim at Exod 19:16', 'tape': 'submitted by cold_run_exodus_story.py [subjects: the-mountain]; re-submitted on the sequential tape by cold_run_sequence.py; consumed by law_exodus_story (cold_run_exodus_story.py) -> (no effect: the act is narrated and kept on the tape for the
  a kind row whole (lord_descended): {'en': "the LORD descended — 'because the LORD descended on it in fire' (19:18); 'and the LORD descended on Mount Sinai, to the top of the mountain' (19:20)", 'he': 'מִפְּנֵי אֲשֶׁר יָרַד עָלָיו יְהוָה בָּאֵשׁ (because the LORD descended on it in fire — Exod 19:18)', 'form': 'act', 'link': 'reference', 'reference_by': "the descent verb (yarad) at every seat; the tradition's own list of ten descents (Bereshit Rabbah 38:9; Mekhilta Bachodesh ch.11 row 1)", 'witness': ['Exod 19:18 | מפני אשר ירד עליו יהוה באש', 'Exod 19:20 | וירד יהוה על הר סיני אל ראש ההר', 'Gen 11:5 | וירד יהוה לראת את העיר ואת המגדל'], 'ink': 'Exod 19:18; Exod 19:20; Exod 19:11; Gen 11:5 (came down to see the city and the tower — O8 S2: Bereshit Rabbah 38:9 one of the ten descents)', 'corpus': 'exo_19_sinai_and_the_covenant (STEP_Ex_19_18); exo_19_sinai_and_the_covenant: yeridat_YHWH (agent YHWH) at Exod 19:20', 'tape': 
  a kind row whole (moses_went_up): {'en': "Moses went up — 'and Moses went up to God' (19:3); 'and the LORD called Moses to the top of the mountain, and Moses went up' (19:20)", 'he': 'וּמֹשֶׁה עָלָה אֶל הָאֱלֹהִים (and Moses went up to God — Exod 19:3)', 'form': 'act', 'witness': ['Exod 19:3 | ומשה עלה אל האלהים', 'Exod 19:20 | ויקרא יהוה למשה אל ראש ההר ויעל משה'], 'ink': 'Exod 19:3; Exod 19:8; Exod 19:20', 'corpus': 'exo_19_sinai_and_the_covenant (STEP_Ex_19_3); exo_19_sinai_and_the_covenant: yeridat_YHWH (agent YHWH) at Exod 19:20', 'tape': 'submitted by cold_run_exodus_story.py [subjects: moses]; re-submitted on the sequential tape by cold_run_sequence.py; consumed by law_exodus_story (cold_run_exodus_story.py) -> (no effect: the act is narrated and kept on the tape for the record; no state the shelf names at this sitting)', 'fields': ['ascent']}
  a kind row whole (covenant_cut_at_sinai): {'en': "the covenant cut at Sinai — 'and He said: behold I cut a covenant, before all your people I will do wonders which have not been created in all the earth', 'and the LORD said to Moses: write for yourself these words, for by the mouth of these words I have cut a covenant with you and with Israel': the covenant with the thirteen attributes that never returns empty (Rosh Hashanah 17b:7), and the TWO CHANNELS' medium law from one verse — written things you may not say by heart, oral things you may not put in writing (Gittin 60b:5), the Torah mostly oral by R. Yochanan's reading of 'by the mouth' (60b:2), the covenant cut for the sake of the oral (60b:6)", 'he': 'וַיֹּאמֶר הִנֵּה אָנֹכִי כֹּרֵת בְּרִית נֶגֶד כָּל עַמְּךָ אֶעֱשֶׂה נִפְלָאֹת (and He said: behold I cut a covenant, before all your people I will do wonders — Exod 34:10); כְּתָב לְךָ אֶת הַדְּבָרִים הָאֵלֶּה כִּי עַל פִּי הַ
  a kind row whole (covenant_blood_thrown): {'en': "the covenant's blood thrown — 'and Moses took half the blood and put it in basins, and half the blood he threw on the altar', 'and Moses took the blood and threw it on the people and said: behold the blood of the covenant which the LORD has cut with you': the people's entry into the covenant by blood (Onkelos 24:8: to atone for the people), THE CONVERT'S RITE running on this paragraph — circumcision, immersion, and the acceptance of blood, 'and there is no sprinkling without immersion' (Keritot 9a:9, Yevamot 46b:4), the convert lacking atonement until the blood (Mishnah Keritot 2:1)", 'he': 'וַיִּקַּח מֹשֶׁה חֲצִי הַדָּם וַיָּשֶׂם בָּאַגָּנֹת וַחֲצִי הַדָּם זָרַק עַל הַמִּזְבֵּחַ (and Moses took half the blood and put it in basins, and half the blood he threw on the altar — Exod 24:6); וַיִּקַּח מֹשֶׁה אֶת הַדָּם וַיִּזְרֹק עַל הָעָם וַיֹּאמֶר הִנֵּה דַם הַבְּרִית אֲשֶׁר כָּרַת י
  a kind row whole (speech_opened): {'en': "the speech opened — 'these are the words which Moses spoke to all Israel beyond the Jordan, in the wilderness, in the Arabah over against Suph, between Paran and Tophel and Laban and Hazeroth and Di-zahab; eleven days from Horeb by the way of Mount Seir to Kadesh-barnea; and it came to pass in the fortieth year, in the eleventh month, on the first of the month, that Moses spoke to the children of Israel according to all that the LORD had commanded him to them; after he had smitten Sihon king of the Amorites … and Og king of Bashan …; beyond the Jordan, in the land of Moab, Moses undertook to expound this Torah, saying' (Deut 1:1-5) — THE BOOK'S ONE ACT OF ITS OWN DAY: a STATUS on Israel, torah_expounded, dated (40, 11, 1) by the forward marker at 1:3 (the number reader [40, 11, 1]; the era the exodus's by the taught verbal analogy with Numbers 33:38 — Rosh Hashanah 2b:11) placed 
  a kind row whole (add_nothing_commanded): {'en': "the exhortation with the one law — 'and now, Israel, hear the statutes and the judgments which I teach you, to do them, that you may live and go in and possess the land; YOU SHALL NOT ADD to the word which I command you, NOR DIMINISH from it, to keep the commandments of the LORD your God which I command you … behold, I have taught you statutes and judgments AS THE LORD MY GOD COMMANDED ME … for what great nation has God so near … what great nation has statutes and judgments so righteous as all this Torah which I set before you this day' (Deut 4:1-8) — adding_barred on Israel (a BLOCK: THE CHAPTER'S ONE LAW, 4:2 the plural's one seat, 13:1 the singular's forward — bal tosif's rows Rosh Hashanah 28b, Eruvin 95b-96a, Sanhedrin 88b-89a); the receipt 4:5 the register seat ACT — the teaching's run (Exodus 24:12's 'to teach them'; 4:14 'the LORD commanded me at that time to teach you'; 
  a kind row whole (witnesses_called): {'en': "heaven and earth called to witness — 'WHEN you beget sons and sons' sons and have grown old in the land and deal corruptly and make a graven image … I CALL HEAVEN AND EARTH TO WITNESS AGAINST YOU THIS DAY that you shall surely perish quickly from the land … the LORD will scatter you among the peoples and you shall be left few in number … there you shall serve gods the work of men's hands, wood and stone … you will seek the LORD your God from there and find him … in your distress, in the end of days, you will return to the LORD your God and hearken; for the LORD your God is a merciful God, he will not fail you nor destroy you nor forget the covenant of your fathers which he swore to them' (Deut 4:25-31) — THE CHAPTER'S ONE CASE ('when', 4:25): heaven_and_earth_witness on Israel (a STATUS — the Sifrei 306:1's chain of witnesses, the third of eleven; 30:19 and 31:28 forward, 30:19's
  a kind row whole (name_sworn_in_vain): {'en': "the Name sworn in vain — the clause 'you shall not take the name of the LORD your God in vain, for the LORD will not hold guiltless him who takes His name in vain': He does not hold guiltless, but the COURT lashes him and he is cleared (Shevuot 21a); the broken I-will-eat oath located here (Shevuot 20b)", 'he': 'לֹא תִשָּׂא אֶת שֵׁם יְהוָה אֱלֹהֶיךָ לַשָּׁוְא (you shall not take the name of the LORD your God in vain — Exod 20:7)', 'form': 'case', 'witness': ['Exod 20:7 | לא תשא את שם יהוה אלהיך לשוא'], 'ink': 'Mishnah Shevuot 3:10-11 (the vain oath: lashes); Shevuot 21a:6 (R. Yochanan: the court lashes and he is cleared); Shevuot 20b:6, 20b:9 (vain and false spoken as one)', 'corpus': 'the narrative tape logs no EVENT operator at this address (a law chapter — the case token is the witness)', 'tape': "submitted by cold_run_decalogue.py [subjects: the recorded case's parties]; cons
  a kind row whole (sabbath_remembered): {'en': "the Sabbath remembered — the clause 'remember the Sabbath day to sanctify it': the duty is a declaration, discharged over wine by night and again by day — the kiddush (Pesachim 106a)", 'he': 'זָכוֹר אֶת יוֹם הַשַּׁבָּת לְקַדְּשׁוֹ (remember the Sabbath day to sanctify it — Exod 20:8)', 'form': 'case', 'witness': ['Exod 20:8 | זכור את יום השבת לקדשו'], 'ink': "Pesachim 106a:5 (remember it over wine); Deut 5:12 ('keep' — remember and keep in one saying, Shevuot 20b, Rava's kiddush derivation)", 'corpus': 'the narrative tape logs no EVENT operator at this address (a law chapter — the case token is the witness)', 'tape': "submitted by cold_run_decalogue.py [subjects: the recorded case's parties]; consumed by law_decalogue (cold_run_decalogue.py) -> sanctify_day", 'fields': ['household']}
  a kind row whole (sabbath_labor): {'en': "labor on the seventh day — the clause 'and the seventh day is a Sabbath to the LORD your God; you shall not do any labor — you, your son and your daughter, your slave and your maidservant and your beast and your stranger within your gates': the household enumerated; doing barred, causing not (Shabbat 120b); the laden beast (Shabbat 153b); the thirty-nine the data channel", 'he': 'לֹא תַעֲשֶׂה כָל מְלָאכָה (you shall not do any labor — Exod 20:10); אַתָּה וּבִנְךָ וּבִתֶּךָ עַבְדְּךָ וַאֲמָתְךָ וּבְהֶמְתֶּךָ וְגֵרְךָ (you, your son and your daughter, your slave and your maidservant and your beast and your stranger — Exod 20:10)', 'form': 'case', 'witness': ['Exod 20:10 | לא תעשה כל מלאכה', 'Exod 20:10 | אתה ובנך ובתך עבדך ואמתך ובהמתך וגרך'], 'ink': 'Shabbat 120b:11 (performance barred, causation not); Shabbat 153b:7 (the driver of the laden beast); Mishnah Shabbat 7:2 (the thirty
  a kind row whole (person_stolen): {'en': "a person stolen — the utterance 'you shall not steal' amid 'you shall not murder' and 'you shall not commit adultery' (a matter learned from its context, Sanhedrin 86a: the Decalogue's theft is the theft of PERSONS), with the ordinances' own clause 'and he who steals a man and sells him, and he is found in his hand, shall surely be put to death'", 'he': 'לֹא תִּגְנֹב (you shall not steal — Exod 20:15); וְגֹנֵב אִישׁ וּמְכָרוֹ וְנִמְצָא בְיָדוֹ מוֹת יוּמָת (and he who steals a man and sells him, and he is found in his hand, shall surely be put to death — Exod 21:16)', 'form': 'case', 'link': 'transfer', 'taught_by': "Sanhedrin 86a:16-17 ('you shall not steal' — of persons, learned from its context, the twelfth middah; Lev 19:11's of money)", 'witness': ['Exod 20:15 | לא תגנב', 'Exod 21:16 | וגנב איש ומכרו ונמצא בידו מות יומת'], 'ink': 'Mishnah Sanhedrin 11:1 (the kidnapper among t
  a kind row whole (horeb_case): {'en': "the exam's rows on chapter 4 (Deut 4:1-49 — bal tosif: Rosh Hashanah 28b:8-24, Eruvin 95b:19-96a:11, Sanhedrin 88b:14-89a:2; the teaching and the forgetting: Kiddushin 30a, Berakhot 21b-22a, Menachot 99b, Avot 3:8, Bekhorot 29a, Nedarim 37a-38a; the images: Mishnah Avodah Zarah 3:1-3, Mishnah Rosh Hashanah 2:8, Rosh Hashanah 24a-24b; the host: Avodah Zarah 55a; the cleaving and the fire: Ketubot 111b, Sanhedrin 64a, 90b, Sotah 14a, Avodah Zarah 54b-55a; the inquiry: Chagigah 11b-12a, Sanhedrin 38b; the creed: Chullin 7b, Sanhedrin 67b, Rosh Hashanah 32b; the exile: Gittin 88a, Sanhedrin 38a, Megillah 31b; God near: Sanhedrin 38b, Rosh Hashanah 18a, Yevamot 105a; the cities: Mishnah Makkot 2:4-8, Makkot 9b-10a, Gittin 12a, Sotah 49a; the Haggadah: Mishnah Pesachim 10:4; the frame: Yoma 72b) — the exam's persons through the cells' asks: the priest who adds a blessing, the sleeper i
  an effect row (covenant_declared): {'en': "the covenant declared — the STATUS the ten words' speaking writes on Israel: 'and he declared to you his covenant which he commanded you to do, the ten words, and he wrote them on two tablets of stone' (Deut 4:13); 'and God spoke all these words, saying' (Exodus 20:1 — THE FIRST TELLING, absent from the tape until this line: the readback's finding); the value the ten words on two tablets; dated (1, 3, 7) — the giving's day by Rabbi Yose (Shabbat 86b:5; the calendar row sinai_days), the tape's own marker at Exodus 19:16; 'the ten words' three Bible seats (Exodus 34:28, Deuteronomy 4:13, 10:4 — the erection's tablets cell by CALL); the second pass's D2 candidate: law_decalogue's instal
  an effect row (tablets_delivered): {'en': "the tablets delivered — the TRANSFER of the written program into Moses' hand: 'and He gave to Moses, when He finished speaking with him on Mount Sinai, two tablets of the testimony, tablets of stone written with the finger of God' — given once (31:18), broken (32:19), hewn again by Moses and written again (34:1, 34:28), set into the ark at the erection (40:20); the tradition reads the giving as the memory's transfer (Nedarim 38a:16)", 'he': 'וַיִּתֵּן אֶל מֹשֶׁה כְּכַלֹּתוֹ לְדַבֵּר אִתּוֹ בְּהַר סִינַי שְׁנֵי לֻחֹת הָעֵדֻת לֻחֹת אֶבֶן כְּתֻבִים בְּאֶצְבַּע אֱלֹהִֽים (and He gave to Moses when He finished speaking with him on Mount Sinai two tablets of the testimony, tablets of stone
  an effect row (torah_expounded): {'en': "the Torah expounded — the STATUS the frame writes on Israel at the speech's opening: 'beyond the Jordan, in the land of Moab, Moses undertook to expound this Torah, saying' (Deut 1:5) — dated (40, 11, 1) by 1:3's own date (the fortieth year, the eleventh month, the first of the month — the number reader; the era the exodus's by the verbal analogy with Numbers 33:38, Rosh Hashanah 2b:11), THE BOOK'S ONE ACT OF ITS OWN DAY: the value the speech's frame — the eleven words of 1:1 (the Sifrei 1's rebuke by places, Onkelos writing the sins into the verse), 1:3's receipt of the whole book's rules ('according to all that the LORD commanded him' — the Sifrei 2:8: the hermeneutic rules), 1:4's
  an effect row (adding_barred): {'en': "adding barred — the BLOCK the chapter's one law writes on Israel: 'you shall not add to the word which I command you, nor diminish from it, to keep the commandments of the LORD your God which I command you' (Deut 4:2 — the plural's one seat; 13:1 the singular's, forward); the exam's two parameters — IN THE MITZVA'S TIME the addition transgresses without intent, OUT OF ITS TIME only with intent (Rava, Rosh Hashanah 28b:24; the sleeper in the sukkah on the eighth day, the second pair of tefillin on the Sabbath — Eruvin 95b:19-96a:5, the priest who adds a blessing — 28b:10-13, the whole day his time); the third — AN ADDITION THAT SPOILS (the elder's fifth compartment made as one against
  an effect row (heaven_and_earth_witness): {'en': "heaven and earth called to witness — the STATUS the case's evidence clause writes on Israel: 'I call heaven and earth to witness against you this day that you shall surely perish quickly from the land … you shall not prolong your days upon it but shall be utterly destroyed' (Deut 4:26) — the witnesses of the exile case (4:25-31: corrupt → perish, scatter, few, serve wood and stone; seek → find; return → mercy); the Sifrei 306:1's CHAIN OF WITNESSES — 4:26 the third of eleven (30:19 'I call heaven and earth to witness against you this day', 31:28 'that I may call heaven and earth to witness against them', 32:1 'give ear, O heavens'; 30:19's first seven words identical, computed); 'the
  an effect row (lashes): {'en': 'liable to lashes — the flogging entry on the court docket', 'he': "אַרְבָּעִים יַכֶּנּוּ (forty he shall strike him — Deut 25:3, the count's own ink)", 'ledger_op': 'body', 'ink': "Deut 25:2-3 (the corpus's law seat: deu_25_courts_yibbum)", 'corpus': 'deu_25_courts_yibbum; 6 prose attestations', 'exam': "cases specs ('{verdict: lashes_forty}' 3 rows)"}
  an effect row (sanctify_day): {'en': 'sanctify the day — the standing duty to declare the seventh day holy, discharged weekly over wine per the recorded move', 'he': 'זָכוֹר אֶת יוֹם הַשַּׁבָּת לְקַדְּשׁוֹ (remember the Sabbath day TO SANCTIFY IT)', 'ledger_op': 'heaven', 'ink': 'Exod 20:8 (לקדשו machine-verified)', 'corpus': 'exo_20 (the ten utterances); remember-over-wine (Pesachim 106a:5, triage LAW row); the kiddush-exodus link (Pesachim 117b:8)', 'exam': 'the Shabbat rows of the backfill exam'}
  an effect row (labor_barred): {'en': "labor barred — the seventh day's act ban on the whole household, the generic prohibition the 39 labors particularize", 'he': 'לֹא תַעֲשֶׂה כָל מְלָאכָה (you shall not do ANY LABOR) — you, your son, your daughter, your slave, your beast, your stranger', 'ledger_op': 'block', 'ink': 'Exod 20:10 (מלאכה machine-verified)', 'corpus': 'the 39-labors machinery (division of labors, Shabbat 70a; the labors-from-the-build, 74b; the code/data research Case 1)', 'exam': 'the Shabbat rows across the exams; the doing-not-causing carve-out (Shabbat 120b:11, triage LAW row)'}
  an effect row (rest_required): {'en': 'rest required — the recurring seventh-day stop on the household, the beasts, the stranger', 'he': 'וּבַיּוֹם הַשְּׁבִיעִי תִּשְׁבֹּת (and on the seventh day you shall rest)... וְיִנָּפֵשׁ (and be refreshed)', 'ledger_op': 'timer', 'ink': 'Exod 23:12 (תשבת and ינפש machine-verified)', 'corpus': 'the Shabbat machinery cluster (division of labors etc.); the resting-slave and stranger rows (Yevamot 48b, triage LAW rows)', 'exam': 'the Shabbat rows across the backfill exam'}
  an effect row (put_to_death): {'en': 'put to death — the court docket opens a capital entry (mode per the compiled law)', 'he': 'מוֹת יוּמָת (die he shall die)', 'ledger_op': 'body', 'ink': 'Exod 21:12, 21:15, 21:16, 21:17, 22:18 (יומת also 21:29 the owner clause)', 'corpus': 'exo_21_the_ordinances (18 death-penalty attestations)', 'exam': 'cases_mishpatim.yaml capital rows'}
  an effect row (accepted): {'en': "accepted for him — the offering's acceptance state", 'he': 'וְנִרְצָה לוֹ לְכַפֵּר עָלָיו (and it shall be accepted for him to atone for him)', 'ledger_op': 'heaven', 'ink': 'Lev 1:4', 'corpus': 'lev_01_olah_cattle_procedure (the leaning and acceptance)', 'exam': 'cases_vayikra.yaml acceptance rows'}
  an effect row (exempt): {'en': 'exempt — no entry opens; the ledger stays clean', 'he': 'נָקִי (clear) — the owner of the goring tam ox', 'ledger_op': 'status', 'ink': 'Exod 21:28', 'corpus': '77 prose attestations across the corpus; exo_21 the naki cluster (Pesachim 22b, triage CREDIT rows)', 'exam': "cases specs ('{verdict: exempt}' the most common expectation); cold functions ('exempt' 28)"}
  an effect row (commanded): {'en': "commanded — the DEBIT a SPEC writes on its addressee: the census commanded (Num 1:2-3), the camp (2:2), the Levite count (3:15), the firstborn count (3:40), the redemption (3:46-48), the Kohathites' service (4:2-20) — each closed by its RUN ('as the LORD commanded Moses, and he counted them', 1:19; 'so they camped and so they journeyed', 2:34; 'and Moses counted them by the mouth of the LORD', 3:16; 3:42; 3:49-51): THE FIVE SPEC/RUN PAIRS OF THE PORTION AS FIVE OPEN-THEN-CLOSED DEBITS, the ink's own structure on the ledger (M-22's form)", 'he': 'כַּאֲשֶׁר צִוָּה יְהוָה אֶת מֹשֶׁה וַֽיִּפְקְדֵם (as the LORD commanded Moses, and he counted them — Num 1:19) · וַֽיַּעֲשׂוּ בְּנֵי יִשְׂרָ
  an effect row (covenant_upheld): {'en': "covenant upheld — the blessing branch's ledger entry: the standing covenant confirmed on the community, the dwelling among them", 'he': 'וַהֲקִימֹתִי אֶת־בְּרִיתִי אִתְּכֶם (and I will establish My covenant with you — Lev 26:9); וְנָתַתִּי מִשְׁכָּנִי בְּתוֹכְכֶם (and I will set My dwelling among you — 26:11)', 'ledger_op': 'status', 'ink': 'Lev 26:9 (probe והקימתי fired), 26:11 (משכני)', 'corpus': 'lev_26_bless_curse (LV26-08 turning in good and the new covenant; LV26-10 the dwelling)', 'exam': 'cold_run_tochacha.py (the blessing branch); Sifra Bechukotai Chapter 3'}
  an effect row (covenant_accepted): ABSENT
  an effect row (obeyed): ABSENT
  an effect row (charged): ABSENT

==== (4) THE REGISTRY MAP for the chapter's tokens ====
  mapped: {'israel': 'israel_people', 'moses': 'moses', 'egypt_people': 'egypt_people', 'the-mountain': 'the_mountain', 'the-court': 'the_court', 'the-servant': 'servant_of_abraham', 'aaron': 'aaron', 'joshua': 'yehoshua'}
  NO registry row: ['israel_people', 'the-elders', 'the-elders-of-israel', 'the-heads', 'the-heads-of-tribes', 'the-fathers', 'egypt', 'the-tablets', 'horeb', 'sinai', 'heaven', 'the-lord', 'the-fire', 'the-cloud', 'the-stranger', 'the-ox', 'the-ass', 'the-household', 'the-swearer', 'the-kidnapper']
  registry entities 339; ids matching elder|head|tribe|father|tablet|mountain|sinai|horeb|court|household|egypt|people|nation: ['israel_people', 'egypt_people', 'the_mountain', 'the_people_of_gerar', 'the_land_of_egypt', 'the_ground_of_egypt', 'the_priests_of_egypt', 'the_covenant_at_sinai', 'the_court', 'the_heads_of_gilead', 'the_seventy_elders', 'the_half_tribe_of_manasseh']

==== (5) THE TAPE'S LINES the chapter retells; the tape's LAST lines and markers ====
   assert_ink('Exod 19:1', [], ordinals=[3]); M['sinai'] = w.clock.day_in('exodus', 1, 3, 1); w.marker('Exod 19:1', M['sinai'], value='the third month, on this day — the new moon by Rava (Shabbat 86b:5): a transfer, taught')   # Sina
   w.submit({'kind': 'journeyed', 'subject': 'israel', 'to': 'the wilderness of Sinai', 'case_source': 'Exod 19:2; Exod 19:1'})   # exodus_story [act: wayyiqtol at Exod 19:2]
   assert_ink('Exod 19:3', []); SN = WE.CAL_PARAMS['sinai_days']['value']; M['sinai_2'] = w.clock.day_in('exodus', 1, 3, SN['second_ascent']); w.marker('Exod 19:3', M['sinai_2'], value='Moses went up — the second of Sivan by Rabbi Yo
   w.submit({'kind': 'moses_went_up', 'subject': 'moses', 'ascent': 1, 'case_source': 'Exod 19:3'})   # exodus_story [act: wayyiqtol at Exod 19:3]
   w.submit({'kind': 'covenant_offered', 'subject': 'israel', 'case_source': 'Exod 19:5-6'})   # exodus_story [speech: wayyiqtol at Exod 19:4]
   w.submit({'kind': 'people_answered', 'subject': 'israel', 'people': 'israel', 'book_read': False, 'case_source': 'Exod 19:8'})   # exodus_story [speech: wayyiqtol at Exod 19:8]
   w.close('israel', 'to_be_taken_as_a_people', 'Exod 19:8 — all that the LORD has spoken we will do (the fourth expression: taken as a people)')   # exodus_story
   w.submit({'kind': 'people_sanctified', 'subject': 'israel', 'days': 2, 'case_source': 'Exod 19:10-11; Exod 19:14-15'})   # exodus_story [act: wayyiqtol at Exod 19:9]
   assert_ink('Exod 19:12', []); M['sinai_bound'] = w.clock.day_in('exodus', 1, 3, WE.CAL_PARAMS['sinai_days']['value']['boundary']); w.marker('Exod 19:12', M['sinai_bound'], value='the boundary — the third of Sivan by Rabbi Yose (Sh
   w.submit({'kind': 'bounds_set', 'subject': 'the-mountain', 'case_source': 'Exod 19:12-13; Exod 19:21-24'})   # exodus_story [act: wayyiqtol at Exod 19:9]
   assert_ink('Exod 19:10', [], words=['היום', 'ומחר']); M['sinai_sep'] = w.clock.day_in('exodus', 1, 3, WE.CAL_PARAMS['sinai_days']['value']['separation']); w.marker('Exod 19:14', M['sinai_sep'], value='sanctify them today and tomor
   assert_ink('Exod 19:16', [], ordinals=[3]); M['giving'] = w.clock.day_in('exodus', 1, 3, WE.CAL_PARAMS['sinai_days']['value']['giving']); w.marker('Exod 19:16', M['giving'], value='on the third day, when it was morning — the givin
   w.submit({'kind': 'thunder_and_horn', 'subject': 'the-mountain', 'case_source': 'Exod 19:16'})   # exodus_story [act: wayyiqtol at Exod 19:16]
   w.submit({'kind': 'lord_descended', 'subject': 'the-mountain', 'case_source': 'Exod 19:18; Exod 19:20'})   # exodus_story [act: wayyiqtol at Exod 19:18]
   w.submit({'kind': 'moses_went_up', 'subject': 'moses', 'ascent': 3, 'case_source': 'Exod 19:20'})   # exodus_story [act: wayyiqtol at Exod 19:20]
   w.submit({'kind': 'people_answered', 'subject': 'the-people', 'people': 'the-people', 'book_read': False, 'case_source': 'Exod 24:3 — with one voice: we will do', 'law': 'W7'})   # erection [speech: wayyiqtol at Exod 24:3]
   w.submit({'kind': 'people_answered', 'subject': 'the-people', 'people': 'the-people', 'book_read': True, 'case_source': 'Exod 24:7 — the book of the covenant read: we will do and we will hear', 'law': 'W7'})   # erection [speech: 
   assert_ink('Exod 24:18', [40, 40]); M['ascent'] = w.clock.day_in('exodus', 1, 3, 7); w.marker('Exod 24:18', M['ascent'], value='forty days and forty nights — Moses ascended on the seventh of Sivan (Taanit 28b:8-9): a transfer, tau
   w.submit({'kind': 'moses_ascended', 'subject': 'moses', 'ascender': 'moses', 'ascent': 'first', 'case_source': 'Exod 24:18 — forty days and forty nights; the tablets at 31:18', 'law': 'W7'})   # erection [act: wayyiqtol at Exod 24
   assert_ink('Exod 32:19', []); M['breaking'] = w.clock.day_in('exodus', 1, 4, 17); w.marker('Exod 32:19', M['breaking'], value='the tablets broken — the seventeenth of Tammuz (Mishnah Taanit 4:6; Taanit 28b:9): a transfer, taught',
   w.submit({'kind': 'tablets_broken', 'subject': 'moses', 'breaker': 'moses', 'case_source': 'Exod 32:19 — under the mountain, the seventeenth of Tammuz (Mishnah Taanit 4:6)', 'law': 'W7'})   # erection [act: wayyiqtol at Exod 32:19
   assert_ink('Exod 34:28', [40, 40, 10]); M['second_tablets'] = w.clock.day_in('exodus', 1, WE.CAL_PARAMS['second_tablets_given']['value']['month'], WE.CAL_PARAMS['second_tablets_given']['value']['day']); M['second_ascent'] = M['sec
   w.submit({'kind': 'moses_besought', 'subject': 'moses', 'plea': 'let me go over and see the good land', 'answer': 'refused — let it suffice you', 'case_source': 'Deut 3:23-26 — and I besought the LORD at that time, saying: O Lord 
   assert_ink('Deut 4:1', []); M['chapter_4'] = M['speech']; w.marker('Deut 4:1', M['chapter_4'], value='and now, Israel, hear (4:1) — chapter 4 opens at the speech\'s own day: the retrograde stretch of 1b\'s Deut 2:2 marker (the byp
   w.submit({'kind': 'add_nothing_commanded', 'subject': 'israel', 'law': 'you shall not add nor diminish (4:2)', 'receipt': 'as the LORD my God commanded me (4:5)', 'case_source': 'Deut 4:1-8 — and now, Israel, hear the statutes and
   assert_ink('Deut 4:10', []); M['giving_told'] = M['giving']; w.marker('Deut 4:10', M['giving_told'], value='the day you stood before the LORD your God at Horeb (4:10) — the ten words declared TOLD HERE with no line on the tape (Ex
   w.submit({'kind': 'ten_words_declared', 'subject': 'israel', 'first_telling': 'Exod 20:1-17', 'case_source': 'Deut 4:10-13 — the day you stood before the LORD your God at Horeb, when the LORD said to me: assemble the people to me,
   assert_ink('Deut 4:13', [10, 2]); M['tablets_told'] = M['breaking']; w.marker('Deut 4:13', M['tablets_told'], value='and he wrote them on two tablets of stone (4:13) — the tablets given TOLD HERE with no line on the tape (Exodus 3
   w.submit({'kind': 'tablets_given', 'subject': 'moses', 'first_telling': 'Exod 31:18', 'plene': 'the tablets written plene (4:13)', 'case_source': 'Deut 4:13 — and he wrote them on two tablets of stone (Exodus 31:18 — and He gave t
   assert_ink('Deut 4:25', []); M['speech_resumed'] = M['speech']; w.marker('Deut 4:25', M['speech_resumed'], value='when you beget sons (4:25) — the speech resumes at its own day: the retrograde stretch of the two supplied Horeb lin
   w.submit({'kind': 'three_cities_set_apart', 'subject': 'israel', 'cities': ['Bezer', 'Ramoth', 'Golan'], 'manslayer': 'who slays his neighbor unawares (4:42)', 'case_source': 'Deut 4:41-43 — then Moses set apart three cities beyon
  --- the tape's last 12 lines:
   w.submit({'kind': 'moses_besought', 'subject': 'moses', 'plea': 'let me go over and see the good land', 'answer': 'refused — let it suffice you', 'case_source': 'Deut 3:23-26 — and I besought the LORD at that time, saying: O Lord 
   # ---- Deut 4 ----
   assert_ink('Deut 4:1', []); M['chapter_4'] = M['speech']; w.marker('Deut 4:1', M['chapter_4'], value='and now, Israel, hear (4:1) — chapter 4 opens at the speech\'s own day: the retrograde stretch of 1b\'s Deut 2:2 marker (the byp
   w.submit({'kind': 'add_nothing_commanded', 'subject': 'israel', 'law': 'you shall not add nor diminish (4:2)', 'receipt': 'as the LORD my God commanded me (4:5)', 'case_source': 'Deut 4:1-8 — and now, Israel, hear the statutes and
   assert_ink('Deut 4:10', []); M['giving_told'] = M['giving']; w.marker('Deut 4:10', M['giving_told'], value='the day you stood before the LORD your God at Horeb (4:10) — the ten words declared TOLD HERE with no line on the tape (Ex
   w.submit({'kind': 'ten_words_declared', 'subject': 'israel', 'first_telling': 'Exod 20:1-17', 'case_source': 'Deut 4:10-13 — the day you stood before the LORD your God at Horeb, when the LORD said to me: assemble the people to me,
   assert_ink('Deut 4:13', [10, 2]); M['tablets_told'] = M['breaking']; w.marker('Deut 4:13', M['tablets_told'], value='and he wrote them on two tablets of stone (4:13) — the tablets given TOLD HERE with no line on the tape (Exodus 3
   w.submit({'kind': 'tablets_given', 'subject': 'moses', 'first_telling': 'Exod 31:18', 'plene': 'the tablets written plene (4:13)', 'case_source': 'Deut 4:13 — and he wrote them on two tablets of stone (Exodus 31:18 — and He gave t
   assert_ink('Deut 4:25', []); M['speech_resumed'] = M['speech']; w.marker('Deut 4:25', M['speech_resumed'], value='when you beget sons (4:25) — the speech resumes at its own day: the retrograde stretch of the two supplied Horeb lin
   w.submit({'kind': 'witnesses_called', 'subject': 'israel', 'case': 'when you beget sons (4:25)', 'witnesses': 'heaven and earth (4:26)', 'case_source': "Deut 4:25-31 — when you beget sons and sons' sons and have grown old in the l
   w.submit({'kind': 'three_cities_set_apart', 'subject': 'israel', 'cities': ['Bezer', 'Ramoth', 'Golan'], 'manslayer': 'who slays his neighbor unawares (4:42)', 'case_source': 'Deut 4:41-43 — then Moses set apart three cities beyon
   return M
  --- every marker row in the Deut section (verse, retrograde?, placement):
   Deut 1:1  speech  retrograde=False  placement=text_constrained(default?)
   Deut 1:6  horeb_departure_told  retrograde=False  placement=reading_placed
   Deut 1:9  courts_founded  retrograde=False  placement=reading_placed
   Deut 2:2  hor_departure_told  retrograde=False  placement=reading_placed
   Deut 4:1  chapter_4  retrograde=True  placement=text_constrained(default?)
   Deut 4:10  giving_told  retrograde=True  placement=reading_placed
   Deut 4:13  tablets_told  retrograde=True  placement=reading_placed
   Deut 4:25  speech_resumed  retrograde=True  placement=text_constrained(default?)
  the section comments in the Deut stretch: ['Deut 1', 'Deut 2', 'Deut 3', 'Deut 4']
  DAEMON_ORDER 64, tail [('cold_run_refuge', 'law_refuge'), ('cold_run_opening_speech', 'law_opening_speech'), ('cold_run_obey_horeb', 'law_obey_horeb')]
  RUN (1300, 96, 88, 0, 12, 1588, 35, 319, ((('israel_people', 'given_by_the_heart'), 2), (('israel_people', 'set_apart_before_me'), 2), (('the-golden-altar', 'incense_continual'), 2), (('the-lampstand', 'lamp_arranged'), 2)), 126)
  PREVIOUS_RUN (1295, 96, 88, 0, 12, 1583, 34, 319, ((('israel_people', 'given_by_the_heart'), 2), (('israel_people', 'set_apart_before_me'), 2), (('the-golden-altar', 'incense_continual'), 2), (('the-lampstand', 'lamp_arranged'), 2)), 126)
  NEWEST_RUNNER obey_horeb
  CENSUS (2458, 1309, 1300, 1133, 6, 10, 9, 0, 71, 165, 128, 15, 22, 845, 272)
  PLACEMENT {'markers': {'text_constrained': 105, 'reading_placed': 45}, 'events': {'text_constrained': 109, 'page_order': 1138, 'reading_placed': 53}}
  SLOTS {'sunset': 3, 'evening': 3, 'night': 13, 'morning': 17, 'dawn': 2, 'noon': 3, 'between_the_evenings': 1}

==== (6) THE CHECKPOINT PREFIXES, THE M[] NAMES, THE DAEMONS ====
  cp() checkpoint prefixes in use: [('CA', 9), ('CB', 8), ('CC', 9), ('CD', 8), ('CE', 9), ('CF', 9), ('CG', 10), ('CH', 11), ('CJ', 14), ('CK', 9), ('CL', 9), ('CM', 10), ('CN', 1), ('CP', 9), ('CR', 9), ('CS', 9), ('CT', 9), ('CV', 9), ('CW', 9), ('CX', 9), ('CY', 9), ('CZ', 9)]
  FREE prefixes: ['CI', 'CO', 'CQ', 'CU']
    CI used as a label elsewhere: []
    CO used as a label elsewhere: []
    CQ used as a label elsewhere: []
    CU used as a label elsewhere: []
  M[] marker names on file: ['day1', 'day2', 'day3', 'day4', 'day5', 'day6', 'born:the_human', 'day7', 'born:seth', 'died:the_human', 'born:enosh', 'died:seth', 'born:kenan', 'died:enosh', 'born:mahalalel', 'died:kenan', 'born:jared', 'died:mahalalel', 'born:enoch', 'died:jared', 'born:methuselah', 'died:enoch', 'born:lamech', 'died:methuselah', 'born:noach', 'died:lamech', 'born:shem', 'flood', 'reprieve_decree', 'boarding_call', 'flood', 'flood_ordinal', 'rain_end', 'ark_rested', 'mountains', 'window', 'dove_second', 'dove_third', 'dried', 'dry', 'died:noach', 'born:arpachshad', 'born:shem_by_11_10', 'born:shelah', 'born:eber', 'born:peleg', 'born:reu', 'born:serug', 'born:nahor', 'born:terah', 'born:abraham', 'died:terah', 'age:abraham:75', 'covenant_pieces', 'hagar_given', 'age:abraham:86', 'born:ishmael', 'age:abraham:99', 'mamre', 'sodom_dawn', 'age:abraham:100', 'born:isaac', 'eighth_day', 'binding', 'moriah_seen', 'died:abraham', 'died:ishmael', 'age:isaac:40', 'age:isaac:60', 'born:jacob', 'born:esau', 'stew_day', 'age:esau:40', 'blessing', 'mahalath', 'departure', 'laban_month', 'wedding', 'rachel_given', 'fourteen_end', 'flight', 'told', 'heap_morning', 'jabbok_night', 'peniel_sunrise', 'sukkot', 'shechem', 'bethel_again', 'ephrath_road', 'hebron', 'died:isaac', 'age:joseph:17', 'prison_dreams', 'birthday', 'pharaoh_dreams', 'joseph30', 'born:joseph', 'plenty_end', 'custody_third', 'famine_two', 'beersheba_descent', 'descent', 'jacob_147', 'embalmed', 'weeping_end', 'atad', 'atad_end', 'died:joseph', 'exodus_year', 'exodus', 'born:moses', 'born:aaron', 'ark', 'speaking', 'river7', 'frogs_morrow', 'swarms_morrow', 'pestilence_morrow', 'hail_morrow', 'locusts_morrow', 'darkness_end', 'exodus_epoch', 'lamb_taken', 'lamb_slaughtered', 'sea', 'shur', 'sin_wilderness', 'manna_first', 'sinai', 'sinai_2', 'sinai_bound', 'sinai_sep', 'giving', 'ascent', 'breaking', 'morrow', 'second_tablets', 'second_ascent', 'erected', 'lev8', 'ninth_first', 'bamidbar', 'send_out_day', 'dedication_day', 'dedication_day_1', 'dedication_day_2', 'dedication_day_3', 'dedication_day_4', 'dedication_day_5', 'dedication_day_6', 'dedication_day_7', 'dedication_day_8', 'dedication_day_9', 'dedication_day_10', 'dedication_day_11', 'dedication_day_12', 'num9_pesach', 'march', 'taberah', 'hazeroth', 'paran', 'spies_return', 'zin', 'hor_arrival', 'aaron_death', 'hor_departure', 'after_the_plague', 'daughters', 'speech', 'horeb_departure_told', 'courts_founded', 'hor_departure_told', 'chapter_4', 'giving_told', 'tablets_told', 'speech_resumed']
  the GLOBAL-COUNT checkpoints: [(2781, "cp('CM2 THE FOUR MARKERS\\' DAYS on the exodus era — (40, 1, 1) Zin, (40, 4, 1) Mount Hor, (40, 5, 1) Aaron\\'s death = the parser\\'s by day_in, (40, 6,"), (2802, "cp('CL2 NO MARKER — the first and last Balak lines\\' days = the daughters\\' marker\\'s day (40, 6, 1); no marker INSIDE Balak\\'s span 22:1-25:18 (the s"), (2834, "cp('CP6 THE MARKER — Num 25:19 on the tape reading_placed at (40, 6, 1) = the counter\\'s day; markers 157 (F 125); the five lines at (40, 6, 1) — the "), (2848, "cp('CT2 THE EIGHT PERIOD TIMERS — pending musaf_owed timers 8, in the ink\\'s order with the Calendar\\'s keys as their periods; the dues from (40, 6, 1"), (2850, "cp('CT3 THE TAMID\\'S DEBT READ, NOT WRITTEN — the erection\\'s tamid_owed on the altar OPEN since Exod 40:29 (the chain fired once); every musaf timer\\"), (2851, "cp('CT4 THE TABLES — the timers\\' values are the parser\\'s tables (bulls, rams, lambs, goats) per key: the Sabbath two lambs; the new moon, Pesach and"), (2853, "cp('CT6 THE DATES BY CALL — the moadim engine\\'s keys drive the timers: from the tape\\'s last day the Calendar\\'s next(key) for the eight keys = the p"), (2856, "cp('CT9 THE ALTAR\\'S TWO SEATS — the timers sit on the entity the registry homes for the token \\'the-altar\\' (the row the_altar_of_moses — Exod 17:15\\"), (2866, "cp('CV2 THE WRITE — commanded on israel_people 9 -> 10, the newest entry\\'s value the statutes of vows; timers set 60 UNMOVED at 10b (66 since THE NUM"), (2871, "cp('CV6 THE STATE MACHINE ON THE BENCH (by CALL to the runner\\'s SCENE) — the debit, the timer and its fire at the hearing day + 1, the cancel and the"), (2877, "cp('CV9 THE REST UNMOVED — entities 302 at 10b (311 since THE NUMBERS WALK 11b, 2026-09-12 — Midian\\'s nine; moses and israel_people stand; the heads "), (2885, "cp('CX2 THE MIDIAN DEBIT CLOSED — israel_people\\'s harass_the_midianites (the Balak runner\\'s, 25:17) and moses\\' avenge_the_midianites (31:2) each ON"), (2893, "cp('CX6 THE PURIFICATION\\'S TIMERS — six pending on the men of war and on the captives, due (40, 6, 4) x2 and (40, 6, 8) x4 (chukat\\'s dues: day + 3, "), (2900, "cp('CX9 THE REST — entities 302 -> 311 (the four parties, the Midianites — a counterparty until now — and the four things), closes 114 -> 120 (six by "), (2924, "cp('CY9 THE REST — entities 311 -> 318 (the seven written-on parties: the compound party, the dividers, the three grantees, Jair, Nobah; the sons of M"), (2952, "cp('CZ9 THE REST — entities 318 UNMOVED (no new party: moses, israel_people and egypt_people standing), closes 121 UNMOVED (no close on the tape); the"), (2960, "cp('CW3 THE LOT CITED — divide_the_land on israel_people ONE entry OPEN (26:52-56), none added by 34:2 or 34:13 (the third citation after 32:18 and 33"), (2974, "cp('CW9 THE REST — entities 318 UNMOVED (no new party: the land of Canaan and the dividers of the land standing), closes 121 UNMOVED (no close on the "), (2982, 'cp(\'CR3 THE REFUGE DEBIT — commanded on israel_people valued appoint_six_cities_of_refuge ONE entry OPEN, its source beginning "Num 35:9-34"; israel_p'), (2993, "cp('CR9 THE REST — entities 318 UNMOVED (no new party: israel_people the written-on party, standing; the Levites a counterparty), closes 121 UNMOVED ("), (3002, "cp('CA3 THE TIMERS CROSSED — TIMER-FIRE 52 -> 88 (the thirty-six on the marker\\'s walk from (40, 6, 1) to (40, 11, 1), measured by deu_advance_probe.p"), (3022, "cp('CA9 THE REST — entities 318 -> 319 (the sons of Ammon the one new written-on party), closes 121 -> 126 (the five inside the daemon), the populatio"), (3046, "cp('CC8 THE THREE CITIES — cities_set_apart on israel_people ONE valued the three (Bezer, Ramoth, Golan — the refuge row\\'s names by CALL), source beg"), (3047, "cp('CC9 THE REST — entities 319 UNMOVED (Israel and Moses the written-on parties, both standing), closes 126 UNMOVED, the population table 148 UNMOVED")]
  daemons 64; installed_by values: {'boot': 24, 'erected': 3, 'covenant_blood_thrown': 13, 'called_from_the_tent': 17, 'sentence_declared': 2, 'pending': 1, 'statute_declared': 2, 'milluim_blood_sprinkled': 1, 'entered_the_land': 1}
  the full law_decalogue block: {'file': 'cold_run_decalogue.py', 'wraps': 'decalogue (vain_name, sabbath_clauses, theft_commandment; altar_rules is wrapped by law_ordinances at its call site)', 'given_at': 'Exod 20:1', 'installed_by': 'covenant_blood_thrown', 'watches': {'name_sworn_in_vain': ['lashes'], 'sabbath_remembered': ['sanctify_day'], 'sabbath_labor': ['labor_barred', 'rest_required'], 'person_stolen': ['put_to_death']}}
  the full law_obey_horeb block: {'file': 'cold_run_obey_horeb.py', 'wraps': 'obey_horeb', 'given_at': 'Deut 4:2', 'installed_by': 'boot', 'watches': {'add_nothing_commanded': ['adding_barred'], 'ten_words_declared': ['covenant_declared'], 'tablets_given': ['tablets_delivered'], 'witnesses_called': ['heaven_and_earth_witness'], 'three_cities_set_apart': ['cities_set_apart'], 'horeb_case': ['accepted', 'exempt']}}
  the functions block decalogue: {'vain_name': {'status': 'WRAPPED', 'by': 'law_decalogue'}, 'sabbath_clauses': {'status': 'WRAPPED', 'by': 'law_decalogue'}, 'theft_commandment': {'status': 'WRAPPED', 'by': 'law_decalogue'}, 'altar_rules': {'status': 'WRAPPED', 'by': 'law_ordinances'}}
  the functions block obey_horeb: {'the_exhortation': {'status': 'WRAPPED', 'by': 'law_obey_horeb'}, 'horeb_retold': {'status': 'WRAPPED', 'by': 'law_obey_horeb'}, 'no_image': {'status': 'WRAPPED', 'by': 'law_obey_horeb'}, 'the_exile_case': {'status': 'WRAPPED', 'by': 'law_obey_horeb'}, 'the_one_god': {'status': 'WRAPPED', 'by': 'law_obey_horeb'}, 'the_cities_and_the_frame': {'status': 'WRAPPED', 'by': 'law_obey_horeb'}}
  spans 59; edges 521; pointers 192; pointers naming Deut 5: []
  the obey_horeb edges on file: [('obey_horeb', 'balak', 'CALL', 'reference', None, "THE DEUTERONOMY WALK 2b (2026-09-16) | 4:3's 'your eyes have seen what the LORD did at Baal-peor: ev"), ('obey_horeb', 'refuge', 'CALL', 'reference', None, "THE DEUTERONOMY WALK 2b (2026-09-16) | 4:41-43's three cities are Numbers 35:11-14's 'three cities b"), ('obey_horeb', 'opening_speech', 'CALL', 'reference', None, "THE DEUTERONOMY WALK 2b (2026-09-16) | 4:21-22's 'the LORD was angry with me on your account and swo"), ('obey_horeb', 'erection', 'CALL', 'reference', None, "THE DEUTERONOMY WALK 2b (2026-09-16) | 4:13's 'the ten words … on two tablets of stone' — 'the ten w"), ('obey_horeb', 'exodus_story', 'CALL', 'reference', None, "THE DEUTERONOMY WALK 2b (2026-09-16) | 4:10's 'the day you stood before the LORD your God at Horeb' "), ('obey_horeb', 'tochacha', 'CALL', 'reference', None, "THE DEUTERONOMY WALK 2b (2026-09-16) | 4:27's 'the LORD will scatter you among the peoples' and 4:31"), ('obey_horeb', 'pre_sinai', 'CALL', 'reference', None, "THE DEUTERONOMY WALK 2b (2026-09-16) | 4:32's 'since the day God created man upon the earth' is Gene"), ('obey_horeb', 'primeval', 'CALL', 'reference', None, "THE DEUTERONOMY WALK 2b (2026-09-16) | 4:20's 'the iron furnace' the furnace-word's first seat Genes"), ('obey_horeb', 'decalogue', 'CALL', 'reference', None, "THE DEUTERONOMY WALK 2b (2026-09-16) | 4:36's 'from heaven he made you hear his voice' is Exodus 20:"), ('obey_horeb', 'chukat', 'CALL', 'reference', None, "THE DEUTERONOMY WALK 2b (2026-09-16) | 4:46-47's 'Sihon king of the Amorites … and the land of Og ki"), ('obey_horeb', 'borders', 'CALL', 'reference', None, "THE DEUTERONOMY WALK 2b (2026-09-16) | 4:48-49's 'from Aroer on the bank of the brook Arnon to Mount"), ('obey_horeb', 'family', False, 'none', None, "THE DEUTERONOMY WALK 2b (2026-09-16) | Deut 4:20 עַם נַחֲלָה ('a people of INHERITANCE' — Israel the"), ('obey_horeb', 'lev24', False, 'none', None, "THE DEUTERONOMY WALK 2b (2026-09-16) | Deut 4:11 וַתַּעַמְדוּן תַּחַת הָהָר ('and you stood UNDER th"), ('obey_horeb', 'mishpatim', False, 'none', None, "THE DEUTERONOMY WALK 2b (2026-09-16) | Deut 4:21 לְבִלְתִּי עָבְרִי אֶת־הַיַּרְדֵּן ('that I should "), ('obey_horeb', 'sanctions', False, 'none', None, "THE DEUTERONOMY WALK 2b (2026-09-16) | Deut 4:46 סִיחֹן מֶלֶךְ הָאֱמֹרִי ('Sihon KING of the Amorite")]
  the obey_horeb pointers on file: [('Deut 4:5', 'AS_WHEN', 'RUN_CITATION', "THE DEUTERONOMY WALK 2b (2026-09-16) | 'see, I have taught you statutes and judg"), ('Deut 4:33', 'AS_WHEN', 'RUN_CITATION', "THE DEUTERONOMY WALK 2b (2026-09-16) | 'has a people heard the voice of God spea")]
  a CALL edge row WHOLE (obey_horeb): [{'from': 'obey_horeb', 'to': 'balak', 'disposition': 'CALL', 'link': 'reference', 'carries': 'verdict', 'why': "THE DEUTERONOMY WALK 2b (2026-09-16) | 4:3's 'your eyes have seen what the LORD did at Baal-peor: every man who followed Baal-peor the LORD your God destroyed from your midst' is Numbers 25:3-9 READ BACK (BK.peor('plague_count') CALLED — the twenty-four thousand; 'peor_service' the worship's definition; 'judges_count' the slayers' arithmetic): the readback row SHORTENED against the tape's israel_yoked_to_baal_peor; 4:46's 'the valley over against Beth-peor' the last camp (BK.the_call('last_camp') CALLED)"}]
  the OWED edges on file: [('family', 'deut_family', "Deut 25:5-10 — THE LEVIRATE AND THE SHOE | 38:8 'perform the levir's duty' (ויבם): the levirate's Sinai seat is Deuteron"), ('bamidbar', 'minchah', "THE NUMBERS WALK 1b (2026-09-09) | Num 4:16 'and THE CONTINUAL MEAL-OFFERING (מִנְחַת הַתָּמִיד)' among Eleazar's charge"), ('journeys', 'tochacha', "THE NUMBERS WALK 13b (2026-09-12) | 33:52's 'all their FIGURED STONES' is Leviticus 26:1's word ('a figured stone you sh"), ('beha', 'chatat', "THE NUMBERS WALK 3b (2026-09-10) | 8:8 'a second young bull for a SIN OFFERING' and 8:12 'offer the one for a sin offeri"), ('beha', 'minchah', "THE NUMBERS WALK 3b (2026-09-10) | 8:8 'a young bull and its MEAL OFFERING, fine flour mingled with oil' — the bull's ac"), ('beha', 'offerings', "THE NUMBERS WALK 3b (2026-09-10) | 10:10 'over your BURNT OFFERINGS and over the sacrifices of your PEACE OFFERINGS' — t")]
  a RUN_CITATION pointer row WHOLE (obey_horeb): [{'verse': 'Deut 4:5', 'form': 'AS_WHEN', 'runner': 'obey_horeb', 'disposition': 'RUN_CITATION', 'link': 'reference', 'why': "THE DEUTERONOMY WALK 2b (2026-09-16) | 'see, I have taught you statutes and judgments, AS THE LORD MY GOD COMMANDED ME' (כַּאֲשֶׁר צִוַּנִי יְהוָה אֱלֹהָי) — THE RECEIPT IN MOSES' OWN VOICE of the teaching's command: Exodus 24:12 'the torah and the commandment which I have written, to teach them' (the erection runner's ascent cell, ER.ascent('torah_mitzvah'), CALLED by the runner's cell the_exhortation) and Deut 4:14 'the LORD commanded me at that time to teach you' — a run citation, no line of its own: the exhortation's ONE write (adding_barred on Israel, its source Deut 4:1-8 containing the verse); the register seat Deut 4:5 declared ACT ((R5) — the gate's ACT class, a ledger write whose source contains the verse), paid this sitting"}]
  the spans: {'decalogue': [['Exod', 20, 1, 17]], 'ordinances': [['Exod', 20, 19, 26], ['Exod', 22, 17, 30], ['Exod', 23, 1, 9], ['Exod', 23, 20, 33]], 'mishpatim': [['Exod', 21, 1, 37], ['Exod', 22, 1, 16]], 'mishpatim_3': [['Exod', 21, 7, 11], ['Exod', 21, 13, 15], ['Exod', 21, 17, 17], ['Exod', 21, 20, 21], ['Exod', 22, 1, 2]], 'sanctions': [['Lev', 17, 1, 16], ['Lev', 18, 1, 30], ['Lev', 20, 1, 27]], 'holiness': [['Lev', 19, 1, 18]], 'refuge': [['Num', 35, 1, 34]], 'obey_horeb': [['Deut', 4, 1, 49]], 'opening_speech': [['Num', 27, 12, 23], ['Deut', 1, 1, 46], ['Deut', 2, 1, 37], ['Deut', 3, 1, 29]], 'erection': [['Exod', 24, 1, 18], ['Exod', 31, 1, 11], ['Exod', 31, 18, 18], ['Exod', 32, 1, 35], ['Exod', 33, 1, 23], ['Exod', 34, 1, 35], ['Exod', 35, 4, 29], ['Exod', 40, 1, 38]], 'exodus_story': [['Exod', 1, 1, 22], ['Exod', 2, 1, 25], ['Exod', 3, 1, 22], ['Exod', 4, 1, 31], ['Exod', 5, 1, 23], ['Exod', 6, 1, 30], ['Exod', 7, 1, 29], ['Exod', 8, 1, 28], ['Exod', 9, 1, 35], ['Exod', 10, 1, 29], ['Exod', 11, 1, 10], ['Exod', 12, 29, 42], ['Exod', 12, 50, 51], ['Exod', 13, 17, 22], ['Exod', 14, 1, 31], ['Exod', 15, 1, 27], ['Exod', 16, 1, 36], ['Exod', 17, 1, 16], ['Exod', 18, 1, 27], ['Exod', 19, 1, 25]], 'lev24': [['Lev', 24, 10, 23]], 'incense_shekel': [['Exod', 29, 1, 46], ['Exod', 30, 1, 38], ['Exod', 31, 12, 17], ['Exod', 35, 1, 3]], 'pre_sinai': [['Gen', 1, 1, 31], ['Gen', 2, 1, 3], ['Gen', 2, 16, 17], ['Gen', 2, 24, 24], ['Gen', 9, 1, 17], ['Gen', 17, 1, 27]]}
  installing acts: ['judges_appointed', 'covenant_blood_thrown', 'erected', 'called_from_the_tent', 'milluim_blood_sprinkled', 'sentence_declared', 'statute_declared', 'command_relayed', 'entered_the_land']
  I5 expects: ['64']
  the register seats naming Deut 5 / 4 (section, key, class, why): [('receipts', 'Deut 4:5', 'ACT', 'THE DEUTERONOMY WALK 2b (2026-09-16) | "behold, I have taught you statutes and judgments AS THE LORD'), ('receipts', 'Deut 5:12', 'NONE', 'Deuteronomy is not on the tape (the book not read) — the seat waits for its reading and compile'), ('receipts', 'Deut 5:16', 'NONE', 'Deuteronomy is not on the tape (the book not read) — the seat waits for its reading and compile'), ('receipts', 'Deut 5:32', 'NONE', 'Deuteronomy is not on the tape (the book not read) — the seat waits for its reading and compile')]
  declared counts 30 receipts 53 footers 3 registers 14
  sinai_days row: {'sinai_days': {'placement': 'places', 'value': {'second_ascent': 2, 'boundary': 3, 'separation': 4, 'giving': 7}, 'channel': 'received', 'source': "Shabbat 86b:5-87a:1 — the days of Sivan by Rabbi Yose (the new moon on a Sunday: on the first nothing, for the weariness of the road; on the second 'you shall be to Me a kingdom of priests'; on the third the boundary; on the fourth the separation) and by the rabbis (the new moon on a Monday: on the second nothing; on the third 'you shall be to Me'; on the fourth the boundary; on the fifth the separation); 86b:5 'on the sixth of the month the ten utterances were given — Rabbi Yose says on the seventh'; 87a:2-3 Rabbi Yose: Moses added one day of his own accord ('today and tomorrow — today like tomorrow, with its night'); 87a:6 'the third — the third of the month and the third of the week'. The running setting is Rabbi Yose's — the tape's standing ascent marker (Exod 24:18 at the seventh, Taanit 28b) is his", 'teacher': 'Shabbat 86b:5; Shabbat 87a:1-3', 'settings': {'r_yose': {'second_ascent': 2, 'boundary': 3, 'separation': 4, 'giving': 7}, 'rabbis': {'second_ascent': 3, 'boundary': 4, 'separation': 5, 'giving': 6}}, 'open': "the rabbis' arm (the giving on the sixth) — recorded, UNEXERCISED; the ink's own count from 19:10's 'today and tomorrow ... the third day' is two days, the seventh needs the added day", 'exercised_by': ['sequence']}}

==== (7) THE REGISTER GATE'S CLASS RULES (its own code) ====
     20: THE DISPOSITIONS (register_dispositions.yaml — counts / receipts / footers / registers, each {class, why}): a declared class that differs
     44: GREEN = {'counts': {'ROW', 'LEDGER', 'MEASURE-ONLY'}, 'receipts': {'CLOSE'}, 'footers': {'DAEMONS'}, 'registers': {'ROWS'}}
    190: def contains(text, k): return any(b == k[0] and c == k[1] and v1 <= k[2] <= v2 for b, c, v1, v2 in spans(text))
    205: cls = 'ROW' if row else ('LEDGER' if led else ('ELSEWHERE' if elsewhere else 'NONE'))
    219: cl = [(eid, e['effect']) for eid, e in closed if contains(e.get('closed_by'), k) or contains(e.get('case_source'), k)]
    220: wr = [(eid, e['effect'], e['op']) for eid, e in ledger if contains(e.get('case_source'), k)]
    221: ev = [e['kind'] for e in EV if contains(e.get('case_source'), k)]
    223: cls = 'CLOSE' if cl else ('ACT' if wr else ('EVENT' if ev else ('CHAPTER' if ch else 'NONE')))
    224: out[ref(k)] = {'class': cls, 'evidence': {'CLOSE': cl[:3], 'ACT': wr[:3], 'EVENT': ev[:3], 'CHAPTER': ch[:3], 'NONE': []}[cls]}
    244: out[ref(k)] = {'class': 'DAEMONS' if inside else 'EMPTY', 'kind': d['kind'], 'noun': d['noun'], 'stamp': d['stamp'], 'block': block, 'daemons': len(inside),
    258: d['class'] = 'ROWS' if rows else 'NONE'; d['rows'] = len(rows); d['nouns'] = dict(d['nouns'])
    297: computed = {'counts': class_counts(ink, w), 'receipts': class_receipts(ink, w), 'footers': class_footers(ink), 'registers': class_registers(ink, w)}
  the receipt seats the gate scans (its regex or list): ["titles = {'counts': 'A. THE COUNT LINES', 'receipts': 'B. THE RECEIPTS', 'footers': 'C. THE FOOTERS AND HEADERS', 'registers': 'D. THE REGISTERS'}"]
