==== A. THE KIN DIFFED (the DB's tokens; backward seats and the book's later seats alike — a diff is a measurement, not a reading)
  Deut 8:1 (19) vs Deut 4:1 (24): [replace: 'כל המצוה' -> 'ועתה ישראל שמע אל החקים ואל המשפטים'] =אשר אנכי [replace: 'מצוך היום תשמרון' -> 'מלמד אתכם'] =לעשות למען [replace: 'תחיון ורביתם' -> 'תחיו'] =ובאתם וירשתם את הארץ אשר [delete: 'נשבע' -> ''] =יהוה [replace: 'לאבתיכם' -> 'אלהי אבתיכם נתן לכם']
  Deut 8:1 (19) vs Deut 6:18 (17): [replace: 'כל המצוה אשר אנכי מצוך היום תשמרון לעשות' -> 'ועשית הישר והטוב בעיני יהוה'] =למען [replace: 'תחיון ורביתם ובאתם וירשתם' -> 'ייטב לך ובאת וירשת'] =את הארץ [insert: '' -> 'הטבה'] =אשר נשבע יהוה [replace: 'לאבתיכם' -> 'לאבתיך']
  Deut 8:1 (19) vs Deut 11:8 (19): [insert: '' -> 'ושמרתם את'] =כל המצוה אשר אנכי מצוך היום [delete: 'תשמרון לעשות' -> ''] =למען [replace: 'תחיון ורביתם' -> 'תחזקו'] =ובאתם וירשתם את הארץ אשר [replace: 'נשבע יהוה לאבתיכם' -> 'אתם עברים שמה לרשתה']
  Deut 8:1 (19) vs Deut 11:22 (22): [insert: '' -> 'כי אם שמר תשמרון את'] =כל המצוה [insert: '' -> 'הזאת'] =אשר אנכי [replace: 'מצוך היום תשמרון לעשות למען תחיון ורביתם ובאתם וירשתם' -> 'מצוה אתכם לעשתה לאהבה'] =את [delete: 'הארץ אשר נשבע' -> ''] =יהוה [replace: 'לאבתיכם' -> 'אלהיכם ללכת בכל דרכיו ולדבקה בו']
  Deut 8:1 (19) vs Deut 30:16 (25): [delete: 'כל המצוה' -> ''] =אשר אנכי מצוך היום [replace: 'תשמרון לעשות למען תחיון ורביתם ובאתם וירשתם' -> 'לאהבה'] =את [replace: 'הארץ' -> 'יהוה אלהיך ללכת בדרכיו ולשמר מצותיו וחקתיו ומשפטיו וחיית ורבית וברכך יהוה אלהיך בארץ'] =אשר [replace: 'נשבע יהוה לאבתיכם' -> 'אתה בא שמה לרשתה']
  Deut 8:1 (19) vs Deut 6:1 (17): [replace: 'כל' -> 'וזאת'] =המצוה [insert: '' -> 'החקים והמשפטים'] =אשר [replace: 'אנכי מצוך היום תשמרון' -> 'צוה יהוה אלהיכם ללמד אתכם'] =לעשות [replace: 'למען תחיון ורביתם ובאתם וירשתם את הארץ' -> 'בארץ'] =אשר [replace: 'נשבע יהוה לאבתיכם' -> 'אתם עברים שמה לרשתה']
  Deut 8:1 (19) vs Deut 5:33 (17): [replace: 'כל המצוה' -> 'בכל הדרך'] =אשר [replace: 'אנכי מצוך היום תשמרון לעשות' -> 'צוה יהוה אלהיכם אתכם תלכו'] =למען תחיון [replace: 'ורביתם ובאתם וירשתם את הארץ' -> 'וטוב לכם והארכתם ימים בארץ'] =אשר [replace: 'נשבע יהוה לאבתיכם' -> 'תירשון']
  Deut 8:2 (23) vs Deut 29:4 (14): [replace: 'וזכרת את כל הדרך אשר הליכך יהוה אלהיך זה' -> 'ואולך אתכם'] =ארבעים שנה במדבר [delete: 'למען ענתך לנסתך לדעת את אשר בלבבך התשמר מצותו אם' -> ''] =לא [insert: '' -> 'בלו שלמתיכם מעליכם ונעלך לא בלתה מעל רגלך']
  Deut 8:2 (23) vs Deut 2:7 (22): [replace: 'וזכרת את כל הדרך אשר הליכך' -> 'כי'] =יהוה אלהיך [insert: '' -> 'ברכך בכל מעשה ידך ידע לכתך את המדבר הגדל הזה'] =זה ארבעים שנה [replace: 'במדבר למען ענתך לנסתך לדעת את אשר בלבבך התשמר מצותו אם' -> 'יהוה אלהיך עמך'] =לא [insert: '' -> 'חסרת דבר']
  Deut 8:2 (23) vs Deut 13:4 (26): [replace: 'וזכרת' -> 'לא תשמע אל דברי הנביא ההוא או אל חולם החלום ההוא כי מנסה יהוה אלהיכם אתכם לדעת הישכם אהבים'] =את [delete: 'כל הדרך אשר הליכך' -> ''] =יהוה [replace: 'אלהיך זה ארבעים שנה במדבר למען ענתך לנסתך לדעת את אשר בלבבך התשמר מצותו אם לא' -> 'אלהיכם בכל לבבכם ובכל נפשכם']
  Deut 8:2 (23) vs Exod 16:4 (22): [replace: 'וזכרת את כל הדרך אשר הליכך' -> 'ויאמר'] =יהוה [replace: 'אלהיך זה ארבעים שנה במדבר' -> 'אל משה הנני ממטיר לכם לחם מן השמים ויצא העם ולקטו דבר יום ביומו'] =למען [replace: 'ענתך לנסתך לדעת את אשר בלבבך התשמר מצותו' -> 'אנסנו הילך בתורתי'] =אם לא
  Deut 8:2 (23) vs Exod 20:20 (19): [replace: 'וזכרת את כל הדרך אשר הליכך יהוה אלהיך זה ארבעים שנה במדבר למען ענתך לנסתך לדעת את אשר בלבבך התשמר מצותו אם לא' -> 'ויאמר משה אל העם אל תיראו כי לבעבור נסות אתכם בא האלהים ובעבור תהיה יראתו על פניכם לבלתי תחטאו']
  Deut 8:2 (23) vs Exod 15:25 (18): [replace: 'וזכרת את כל הדרך אשר הליכך' -> 'ויצעק אל'] =יהוה [replace: 'אלהיך זה ארבעים שנה במדבר למען ענתך לנסתך לדעת את אשר בלבבך התשמר מצותו אם לא' -> 'ויורהו יהוה עץ וישלך אל המים וימתקו המים שם שם לו חק ומשפט ושם נסהו']
  Deut 8:2 (23) vs Num 14:33 (13): [replace: 'וזכרת את כל הדרך אשר הליכך יהוה אלהיך זה' -> 'ובניכם יהיו רעים במדבר'] =ארבעים שנה [insert: '' -> 'ונשאו את זנותיכם עד תם פגריכם'] =במדבר [delete: 'למען ענתך לנסתך לדעת את אשר בלבבך התשמר מצותו אם לא' -> '']
  Deut 8:2 (23) vs Num 14:34 (20): [replace: 'וזכרת' -> 'במספר הימים אשר תרתם'] =את [replace: 'כל הדרך אשר הליכך יהוה אלהיך זה' -> 'הארץ ארבעים יום יום לשנה יום לשנה תשאו את עונתיכם'] =ארבעים שנה [replace: 'במדבר למען ענתך לנסתך לדעת' -> 'וידעתם'] =את [replace: 'אשר בלבבך התשמר מצותו אם לא' -> 'תנואתי']
  Deut 8:2 (23) vs Deut 8:16 (13): [replace: 'וזכרת את כל הדרך' -> 'המאכלך מן במדבר'] =אשר [replace: 'הליכך יהוה אלהיך זה ארבעים שנה במדבר' -> 'לא ידעון אבתיך'] =למען ענתך [replace: 'לנסתך לדעת את אשר בלבבך התשמר מצותו אם לא' -> 'ולמען נסתך להיטבך באחריתך']
  Deut 8:3 (28) vs Exod 16:15 (24): [replace: 'ויענך וירעבך ויאכלך את המן אשר לא ידעת ולא ידעון אבתיך למען הודעך' -> 'ויראו בני ישראל ויאמרו איש אל אחיו מן הוא'] =כי לא [replace: 'על' -> 'ידעו מה הוא ויאמר משה אלהם הוא'] =הלחם [replace: 'לבדו יחיה האדם כי על כל מוצא פי' -> 'אשר נתן'] =יהוה [replace: 'יחיה האדם' -> 'לכם לאכלה']
  Deut 8:3 (28) vs Exod 16:31 (13): [replace: 'ויענך וירעבך ויאכלך' -> 'ויקראו בית ישראל'] =את [replace: 'המן אשר לא ידעת ולא ידעון אבתיך למען הודעך כי לא על הלחם לבדו יחיה האדם כי על כל מוצא פי יהוה יחיה האדם' -> 'שמו מן והוא כזרע גד לבן וטעמו כצפיחת בדבש']
  Deut 8:3 (28) vs Exod 16:35 (21): [replace: 'ויענך וירעבך ויאכלך' -> 'ובני ישראל אכלו'] =את המן [replace: 'אשר לא ידעת ולא ידעון אבתיך למען הודעך כי לא על הלחם לבדו יחיה האדם כי על כל מוצא פי יהוה יחיה האדם' -> 'ארבעים שנה עד באם אל ארץ נושבת את המן אכלו עד באם אל קצה ארץ כנען']
  Deut 8:3 (28) vs Exod 16:32 (24): [replace: 'ויענך וירעבך ויאכלך' -> 'ויאמר משה זה הדבר אשר צוה יהוה מלא העמר ממנו למשמרת לדרתיכם למען יראו'] =את [replace: 'המן' -> 'הלחם'] =אשר [replace: 'לא ידעת ולא ידעון אבתיך למען הודעך כי לא על הלחם לבדו יחיה האדם כי על כל מוצא פי יהוה יחיה האדם' -> 'האכלתי אתכם במדבר בהוציאי אתכם מארץ מצרים']
  Deut 8:3 (28) vs Num 11:6 (9): [replace: 'ויענך וירעבך ויאכלך את' -> 'ועתה נפשנו יבשה אין כל בלתי אל'] =המן [replace: 'אשר לא ידעת ולא ידעון אבתיך למען הודעך כי לא על הלחם לבדו יחיה האדם כי על כל מוצא פי יהוה יחיה האדם' -> 'עינינו']
  Deut 8:3 (28) vs Num 11:7 (7): [replace: 'ויענך וירעבך ויאכלך את המן אשר לא ידעת ולא ידעון אבתיך למען הודעך כי לא על הלחם לבדו יחיה האדם כי על כל מוצא פי יהוה יחיה האדם' -> 'והמן כזרע גד הוא ועינו כעין הבדלח']
  Deut 8:3 (28) vs Num 11:9 (8): [replace: 'ויענך וירעבך ויאכלך את' -> 'וברדת הטל על המחנה לילה ירד'] =המן [replace: 'אשר לא ידעת ולא ידעון אבתיך למען הודעך כי לא על הלחם לבדו יחיה האדם כי על כל מוצא פי יהוה יחיה האדם' -> 'עליו']
  Deut 8:3 (28) vs Deut 8:16 (13): [replace: 'ויענך וירעבך ויאכלך את המן' -> 'המאכלך מן במדבר'] =אשר לא [delete: 'ידעת ולא' -> ''] =ידעון אבתיך למען [replace: 'הודעך כי לא על הלחם לבדו יחיה האדם כי על כל מוצא פי יהוה יחיה האדם' -> 'ענתך ולמען נסתך להיטבך באחריתך']
  Deut 8:3 (28) vs Deut 13:7 (27): [replace: 'ויענך וירעבך ויאכלך את המן' -> 'כי יסיתך אחיך בן אמך או בנך או בתך או אשת חיקך או רעך אשר כנפשך בסתר לאמר נלכה ונעבדה אלהים אחרים'] =אשר לא ידעת [replace: 'ולא ידעון אבתיך למען הודעך כי לא על הלחם לבדו יחיה האדם כי על כל מוצא פי יהוה יחיה האדם' -> 'אתה ואבתיך']
  Deut 8:3 (28) vs Lev 18:5 (13): [replace: 'ויענך וירעבך ויאכלך' -> 'ושמרתם'] =את [replace: 'המן' -> 'חקתי ואת משפטי'] =אשר [replace: 'לא ידעת ולא ידעון אבתיך למען הודעך כי לא על הלחם לבדו יחיה' -> 'יעשה אתם'] =האדם [replace: 'כי על כל מוצא פי' -> 'וחי בהם אני'] =יהוה [delete: 'יחיה האדם' -> '']
  Deut 8:3 (28) vs Ps 78:24 (8): [replace: 'ויענך וירעבך ויאכלך את המן אשר לא ידעת ולא ידעון אבתיך למען הודעך כי לא על הלחם לבדו יחיה האדם כי על כל מוצא פי יהוה יחיה האדם' -> 'וימטר עליהם מן לאכל ודגן שמים נתן למו']
  Deut 8:4 (10) vs Deut 29:4 (14): [replace: 'שמלתך' -> 'ואולך אתכם ארבעים שנה במדבר לא בלו שלמתיכם מעליכם ונעלך'] =לא בלתה [replace: 'מעליך ורגלך לא בצקה זה ארבעים שנה' -> 'מעל רגלך']
  Deut 8:4 (10) vs Neh 9:21 (12): [replace: 'שמלתך' -> 'וארבעים שנה כלכלתם במדבר'] =לא [replace: 'בלתה מעליך ורגלך' -> 'חסרו שלמתיהם'] =לא [replace: 'בצקה זה ארבעים שנה' -> 'בלו ורגליהם לא בצקו']
  Deut 8:4 (10) vs Josh 9:13 (15): [replace: 'שמלתך לא בלתה מעליך ורגלך לא בצקה זה ארבעים שנה' -> 'ואלה נאדות היין אשר מלאנו חדשים והנה התבקעו ואלה שלמותינו ונעלינו בלו מרב הדרך מאד']
  Deut 8:5 (12) vs Prov 3:12 (10): [delete: 'וידעת עם לבבך' -> ''] =כי [delete: 'כאשר ייסר איש' -> ''] =את [replace: 'בנו' -> 'אשר יאהב'] =יהוה [replace: 'אלהיך מיסרך' -> 'יוכיח וכאב את בן ירצה']
  Deut 8:5 (12) vs Prov 3:11 (8): [replace: 'וידעת עם לבבך כי כאשר ייסר איש את בנו' -> 'מוסר'] =יהוה [replace: 'אלהיך מיסרך' -> 'בני אל תמאס ואל תקץ בתוכחתו']
  Deut 8:5 (12) vs Deut 4:36 (16): [replace: 'וידעת עם לבבך כי כאשר ייסר איש' -> 'מן השמים השמיעך'] =את [replace: 'בנו יהוה אלהיך מיסרך' -> 'קלו ליסרך ועל הארץ הראך את אשו הגדולה ודבריו שמעת מתוך האש']
  Deut 8:5 (12) vs Deut 11:2 (23): [replace: 'וידעת עם לבבך' -> 'וידעתם היום'] =כי [replace: 'כאשר ייסר איש' -> 'לא'] =את [replace: 'בנו' -> 'בניכם אשר לא ידעו ואשר לא ראו את מוסר'] =יהוה [replace: 'אלהיך מיסרך' -> 'אלהיכם את גדלו את ידו החזקה וזרעו הנטויה']
  Deut 8:5 (12) vs Deut 21:18 (17): [delete: 'וידעת עם לבבך' -> ''] =כי [replace: 'כאשר ייסר איש את בנו יהוה אלהיך מיסרך' -> 'יהיה לאיש בן סורר ומורה איננו שמע בקול אביו ובקול אמו ויסרו אתו ולא ישמע אליהם']
  Deut 8:5 (12) vs Deut 1:31 (21): [replace: 'וידעת עם לבבך כי' -> 'ובמדבר אשר ראית אשר נשאך יהוה אלהיך'] =כאשר [replace: 'ייסר' -> 'ישא'] =איש את בנו [replace: 'יהוה אלהיך מיסרך' -> 'בכל הדרך אשר הלכתם עד באכם עד המקום הזה']
  Deut 8:5 (12) vs Prov 13:24 (7): [replace: 'וידעת עם לבבך כי כאשר ייסר איש את' -> 'חושך שבטו שונא'] =בנו [replace: 'יהוה אלהיך מיסרך' -> 'ואהבו שחרו מוסר']
  Deut 8:6 (9) vs Deut 10:12 (26): [replace: 'ושמרת' -> 'ועתה ישראל מה יהוה אלהיך שאל מעמך כי אם ליראה'] =את [delete: 'מצות' -> ''] =יהוה אלהיך ללכת [replace: 'בדרכיו וליראה' -> 'בכל דרכיו ולאהבה'] =אתו [insert: '' -> 'ולעבד את יהוה אלהיך בכל לבבך ובכל נפשך']
  Deut 8:6 (9) vs Deut 11:22 (22): [replace: 'ושמרת' -> 'כי אם שמר תשמרון'] =את [replace: 'מצות' -> 'כל המצוה הזאת אשר אנכי מצוה אתכם לעשתה לאהבה את'] =יהוה [replace: 'אלהיך' -> 'אלהיכם'] =ללכת [replace: 'בדרכיו וליראה אתו' -> 'בכל דרכיו ולדבקה בו']
  Deut 8:6 (9) vs Deut 19:9 (27): [replace: 'ושמרת' -> 'כי תשמר'] =את [replace: 'מצות' -> 'כל המצוה הזאת לעשתה אשר אנכי מצוך היום לאהבה את'] =יהוה אלהיך [replace: 'ללכת' -> 'וללכת'] =בדרכיו [replace: 'וליראה אתו' -> 'כל הימים ויספת לך עוד שלש ערים על השלש האלה']
  Deut 8:6 (9) vs Deut 26:17 (15): [delete: 'ושמרת' -> ''] =את [delete: 'מצות' -> ''] =יהוה [replace: 'אלהיך ללכת' -> 'האמרת היום להיות לך לאלהים וללכת'] =בדרכיו [replace: 'וליראה אתו' -> 'ולשמר חקיו ומצותיו ומשפטיו ולשמע בקלו']
  Deut 8:6 (9) vs Deut 28:9 (16): [replace: 'ושמרת' -> 'יקימך יהוה לו לעם קדוש כאשר נשבע לך כי תשמר'] =את מצות יהוה אלהיך [replace: 'ללכת' -> 'והלכת'] =בדרכיו [delete: 'וליראה אתו' -> '']
  Deut 8:6 (9) vs Deut 30:16 (25): [replace: 'ושמרת' -> 'אשר אנכי מצוך היום לאהבה'] =את [delete: 'מצות' -> ''] =יהוה אלהיך ללכת בדרכיו [replace: 'וליראה אתו' -> 'ולשמר מצותיו וחקתיו ומשפטיו וחיית ורבית וברכך יהוה אלהיך בארץ אשר אתה בא שמה לרשתה']
  Deut 8:6 (9) vs Deut 6:2 (23): [replace: 'ושמרת' -> 'למען תירא'] =את [delete: 'מצות' -> ''] =יהוה אלהיך [replace: 'ללכת בדרכיו וליראה אתו' -> 'לשמר את כל חקתיו ומצותיו אשר אנכי מצוך אתה ובנך ובן בנך כל ימי חייך ולמען יארכן ימיך']
  Deut 8:6 (9) vs Deut 5:33 (17): [replace: 'ושמרת את מצות' -> 'בכל הדרך אשר צוה'] =יהוה [replace: 'אלהיך ללכת בדרכיו וליראה אתו' -> 'אלהיכם אתכם תלכו למען תחיון וטוב לכם והארכתם ימים בארץ אשר תירשון']
  Deut 8:7 (15) vs Deut 11:10 (22): =כי [replace: 'יהוה אלהיך מביאך אל ארץ טובה ארץ נחלי מים עינת ותהמת יצאים בבקעה ובהר' -> 'הארץ אשר אתה בא שמה לרשתה לא כארץ מצרים הוא אשר יצאתם משם אשר תזרע את זרעך והשקית ברגלך כגן הירק']
  Deut 8:7 (15) vs Deut 11:11 (13): [replace: 'כי יהוה אלהיך מביאך אל' -> 'והארץ אשר אתם עברים שמה לרשתה'] =ארץ [replace: 'טובה ארץ נחלי' -> 'הרים ובקעת למטר השמים תשתה'] =מים [delete: 'עינת ותהמת יצאים בבקעה ובהר' -> '']
  Deut 8:7 (15) vs Deut 11:12 (16): [replace: 'כי' -> 'ארץ אשר'] =יהוה אלהיך [replace: 'מביאך אל ארץ טובה ארץ נחלי מים עינת ותהמת יצאים בבקעה ובהר' -> 'דרש אתה תמיד עיני יהוה אלהיך בה מרשית השנה ועד אחרית שנה']
  Deut 8:7 (15) vs Exod 3:8 (25): [replace: 'כי יהוה אלהיך מביאך' -> 'וארד להצילו מיד מצרים ולהעלתו מן הארץ ההוא'] =אל ארץ טובה [insert: '' -> 'ורחבה אל'] =ארץ [replace: 'נחלי מים עינת ותהמת יצאים בבקעה ובהר' -> 'זבת חלב ודבש אל מקום הכנעני והחתי והאמרי והפרזי והחוי והיבוסי']
  Deut 8:7 (15) vs Deut 1:25 (17): [replace: 'כי' -> 'ויקחו בידם מפרי הארץ ויורדו אלינו וישבו אתנו דבר ויאמרו טובה הארץ אשר'] =יהוה [replace: 'אלהיך מביאך אל ארץ טובה ארץ נחלי מים עינת ותהמת יצאים בבקעה ובהר' -> 'אלהינו נתן לנו']
  Deut 8:7 (15) vs Deut 6:18 (17): [replace: 'כי' -> 'ועשית הישר והטוב בעיני'] =יהוה [replace: 'אלהיך מביאך אל ארץ טובה ארץ נחלי מים עינת ותהמת יצאים בבקעה ובהר' -> 'למען ייטב לך ובאת וירשת את הארץ הטבה אשר נשבע יהוה לאבתיך']
  Deut 8:7 (15) vs Deut 10:7 (9): [replace: 'כי יהוה אלהיך מביאך אל ארץ טובה' -> 'משם נסעו הגדגדה ומן הגדגדה יטבתה'] =ארץ נחלי מים [delete: 'עינת ותהמת יצאים בבקעה ובהר' -> '']
  Deut 8:7 (15) vs Num 14:7 (17): [replace: 'כי יהוה אלהיך מביאך' -> 'ויאמרו'] =אל [replace: 'ארץ' -> 'כל עדת בני ישראל לאמר הארץ אשר עברנו בה לתור אתה'] =טובה [replace: 'ארץ נחלי מים עינת ותהמת יצאים בבקעה ובהר' -> 'הארץ מאד מאד']
  Deut 8:8 (10) vs Deut 11:14 (10): [replace: 'ארץ חטה ושערה וגפן ותאנה ורמון ארץ זית שמן ודבש' -> 'ונתתי מטר ארצכם בעתו יורה ומלקוש ואספת דגנך ותירשך ויצהרך']
  Deut 8:8 (10) vs Deut 7:13 (22): [replace: 'ארץ חטה ושערה וגפן ותאנה ורמון ארץ זית שמן ודבש' -> 'ואהבך וברכך והרבך וברך פרי בטנך ופרי אדמתך דגנך ותירשך ויצהרך שגר אלפיך ועשתרת צאנך על האדמה אשר נשבע לאבתיך לתת לך']
  Deut 8:8 (10) vs Num 13:23 (17): [replace: 'ארץ חטה ושערה וגפן ותאנה ורמון ארץ זית שמן ודבש' -> 'ויבאו עד נחל אשכל ויכרתו משם זמורה ואשכול ענבים אחד וישאהו במוט בשנים ומן הרמנים ומן התאנים']
  Deut 8:8 (10) vs Num 20:5 (18): [replace: 'ארץ חטה ושערה' -> 'ולמה העליתנו ממצרים להביא אתנו אל המקום הרע הזה לא מקום זרע ותאנה'] =וגפן [delete: 'ותאנה' -> ''] =ורמון [replace: 'ארץ זית שמן ודבש' -> 'ומים אין לשתות']
  Deut 8:8 (10) vs Hag 2:19 (15): [replace: 'ארץ חטה ושערה וגפן ותאנה ורמון ארץ זית שמן ודבש' -> 'העוד הזרע במגורה ועד הגפן והתאנה והרמון ועץ הזית לא נשא מן היום הזה אברך']
  Deut 8:8 (10) vs 2Kgs 18:32 (30): [insert: '' -> 'עד באי ולקחתי אתכם אל'] =ארץ [replace: 'חטה ושערה וגפן ותאנה ורמון' -> 'כארצכם ארץ דגן ותירוש ארץ לחם וכרמים'] =ארץ זית [replace: 'שמן' -> 'יצהר'] =ודבש [insert: '' -> 'וחיו ולא תמתו ואל תשמעו אל חזקיהו כי יסית אתכם לאמר יהוה יצילנו']
  Deut 8:8 (10) vs Joel 1:12 (18): [replace: 'ארץ חטה ושערה וגפן ותאנה ורמון ארץ זית שמן ודבש' -> 'הגפן הובישה והתאנה אמללה רמון גם תמר ותפוח כל עצי השדה יבשו כי הביש ששון מן בני אדם']
  Deut 8:8 (10) vs Deut 33:28 (14): [insert: '' -> 'וישכן ישראל בטח בדד עין יעקב אל'] =ארץ [replace: 'חטה ושערה וגפן ותאנה ורמון ארץ זית שמן ודבש' -> 'דגן ותירוש אף שמיו יערפו טל']
  Deut 8:8 (10) vs Exod 3:8 (25): [insert: '' -> 'וארד להצילו מיד מצרים ולהעלתו מן הארץ ההוא אל'] =ארץ [replace: 'חטה ושערה וגפן ותאנה ורמון' -> 'טובה ורחבה אל'] =ארץ [replace: 'זית שמן' -> 'זבת חלב'] =ודבש [insert: '' -> 'אל מקום הכנעני והחתי והאמרי והפרזי והחוי והיבוסי']
  Deut 8:9 (18) vs Deut 2:7 (22): [replace: 'ארץ אשר' -> 'כי יהוה אלהיך ברכך בכל מעשה ידך ידע לכתך את המדבר הגדל הזה זה ארבעים שנה יהוה אלהיך עמך'] =לא [replace: 'במסכנת תאכל בה לחם לא תחסר כל בה ארץ אשר אבניה ברזל ומהרריה תחצב נחשת' -> 'חסרת דבר']
  Deut 8:9 (18) vs Deut 33:25 (5): [delete: 'ארץ אשר לא במסכנת תאכל בה לחם לא תחסר כל בה ארץ אשר אבניה' -> ''] =ברזל [replace: 'ומהרריה תחצב נחשת' -> 'ונחשת מנעליך וכימיך דבאך']
  Deut 8:9 (18) vs Job 28:2 (6): [delete: 'ארץ אשר לא במסכנת תאכל בה לחם לא תחסר כל בה ארץ אשר אבניה' -> ''] =ברזל [replace: 'ומהרריה תחצב נחשת' -> 'מעפר יקח ואבן יצוק נחושה']
  Deut 8:9 (18) vs Deut 6:11 (19): [replace: 'ארץ' -> 'ובתים מלאים כל טוב'] =אשר לא [replace: 'במסכנת תאכל בה לחם' -> 'מלאת וברת חצובים אשר'] =לא [replace: 'תחסר כל בה ארץ' -> 'חצבת כרמים וזיתים'] =אשר [replace: 'אבניה ברזל ומהרריה תחצב נחשת' -> 'לא נטעת ואכלת ושבעת']
  Deut 8:9 (18) vs Deut 15:8 (13): [replace: 'ארץ' -> 'כי פתח תפתח את ידך לו והעבט תעביטנו די מחסרו'] =אשר [replace: 'לא במסכנת תאכל בה לחם לא תחסר כל בה ארץ אשר אבניה ברזל ומהרריה תחצב נחשת' -> 'יחסר לו']
  Deut 8:10 (12) vs Deut 6:11 (19): [insert: '' -> 'ובתים מלאים כל טוב אשר לא מלאת וברת חצובים אשר לא חצבת כרמים וזיתים אשר לא נטעת'] =ואכלת ושבעת [delete: 'וברכת את יהוה אלהיך על הארץ הטבה אשר נתן לך' -> '']
  Deut 8:10 (12) vs Deut 6:12 (12): [replace: 'ואכלת ושבעת וברכת' -> 'השמר לך פן תשכח'] =את יהוה [delete: 'אלהיך על הארץ הטבה' -> ''] =אשר [replace: 'נתן לך' -> 'הוציאך מארץ מצרים מבית עבדים']
  Deut 8:10 (12) vs Deut 11:15 (6): [insert: '' -> 'ונתתי עשב בשדך לבהמתך'] =ואכלת ושבעת [delete: 'וברכת את יהוה אלהיך על הארץ הטבה אשר נתן לך' -> '']
  Deut 8:10 (12) vs Deut 31:20 (22): [replace: 'ואכלת ושבעת וברכת' -> 'כי אביאנו אל האדמה אשר נשבעתי לאבתיו זבת חלב ודבש ואכל ושבע ודשן ופנה אל אלהים אחרים ועבדום ונאצוני והפר'] =את [replace: 'יהוה אלהיך על הארץ הטבה אשר נתן לך' -> 'בריתי']
  Deut 8:10 (12) vs Deut 14:29 (24): [replace: 'ואכלת ושבעת וברכת את' -> 'ובא הלוי כי אין לו חלק ונחלה עמך והגר והיתום והאלמנה אשר בשעריך ואכלו ושבעו למען יברכך'] =יהוה אלהיך [replace: 'על הארץ הטבה' -> 'בכל מעשה ידך'] =אשר [replace: 'נתן לך' -> 'תעשה']
  Deut 8:10 (12) vs Deut 26:12 (19): [replace: 'ואכלת ושבעת וברכת' -> 'כי תכלה לעשר'] =את [replace: 'יהוה אלהיך על הארץ הטבה אשר נתן לך' -> 'כל מעשר תבואתך בשנה השלישת שנת המעשר ונתתה ללוי לגר ליתום ולאלמנה ואכלו בשעריך ושבעו']
  Deut 8:10 (12) vs Lev 26:5 (15): [replace: 'ואכלת ושבעת וברכת' -> 'והשיג לכם דיש'] =את [replace: 'יהוה אלהיך על הארץ הטבה אשר נתן לך' -> 'בציר ובציר ישיג את זרע ואכלתם לחמכם לשבע וישבתם לבטח בארצכם']
  Deut 8:10 (12) vs Exod 16:12 (20): [replace: 'ואכלת ושבעת וברכת' -> 'שמעתי'] =את [insert: '' -> 'תלונת בני ישראל דבר אלהם לאמר בין הערבים תאכלו בשר ובבקר תשבעו לחם וידעתם כי אני'] =יהוה [replace: 'אלהיך על הארץ הטבה אשר נתן לך' -> 'אלהיכם']
  Deut 8:10 (12) vs Joel 2:26 (16): [replace: 'ואכלת ושבעת וברכת' -> 'ואכלתם אכול ושבוע והללתם'] =את [insert: '' -> 'שם'] =יהוה [replace: 'אלהיך על הארץ הטבה' -> 'אלהיכם'] =אשר [replace: 'נתן לך' -> 'עשה עמכם להפליא ולא יבשו עמי לעולם']
  Deut 8:10 (12) vs Deut 8:12 (7): [replace: 'ואכלת' -> 'פן תאכל'] =ושבעת [replace: 'וברכת את יהוה אלהיך על הארץ הטבה אשר נתן לך' -> 'ובתים טובים תבנה וישבת']
  Deut 8:11 (16) vs Deut 4:9 (23): [insert: '' -> 'רק'] =השמר לך [insert: '' -> 'ושמר נפשך מאד'] =פן תשכח את [replace: 'יהוה אלהיך לבלתי שמר מצותיו ומשפטיו וחקתיו' -> 'הדברים'] =אשר [replace: 'אנכי מצוך היום' -> 'ראו עיניך ופן יסורו מלבבך כל ימי חייך והודעתם לבניך ולבני בניך']
  Deut 8:11 (16) vs Deut 4:23 (20): [replace: 'השמר לך' -> 'השמרו לכם'] =פן [replace: 'תשכח' -> 'תשכחו'] =את [insert: '' -> 'ברית יהוה אלהיכם אשר כרת עמכם ועשיתם לכם פסל תמונת כל אשר צוך'] =יהוה אלהיך [delete: 'לבלתי שמר מצותיו ומשפטיו וחקתיו אשר אנכי מצוך היום' -> '']
  Deut 8:11 (16) vs Deut 6:12 (12): =השמר לך פן תשכח את יהוה [delete: 'אלהיך לבלתי שמר מצותיו ומשפטיו וחקתיו' -> ''] =אשר [replace: 'אנכי מצוך היום' -> 'הוציאך מארץ מצרים מבית עבדים']
  Deut 8:11 (16) vs Deut 11:16 (11): [replace: 'השמר לך' -> 'השמרו לכם'] =פן [replace: 'תשכח את יהוה אלהיך לבלתי שמר מצותיו ומשפטיו וחקתיו אשר אנכי מצוך היום' -> 'יפתה לבבכם וסרתם ועבדתם אלהים אחרים והשתחויתם להם']
  Deut 8:11 (16) vs Deut 12:13 (9): =השמר לך פן [replace: 'תשכח את יהוה אלהיך לבלתי שמר מצותיו ומשפטיו וחקתיו' -> 'תעלה עלתיך בכל מקום'] =אשר [replace: 'אנכי מצוך היום' -> 'תראה']
  Deut 8:11 (16) vs Deut 15:9 (28): =השמר לך פן [replace: 'תשכח את' -> 'יהיה דבר עם לבבך בליעל לאמר קרבה שנת השבע שנת השמטה ורעה עינך באחיך האביון ולא תתן לו וקרא עליך אל'] =יהוה [replace: 'אלהיך לבלתי שמר מצותיו ומשפטיו וחקתיו אשר אנכי מצוך היום' -> 'והיה בך חטא']
  Deut 8:11 (16) vs Deut 7:11 (12): [replace: 'השמר לך פן תשכח' -> 'ושמרת'] =את [replace: 'יהוה אלהיך לבלתי שמר מצותיו ומשפטיו וחקתיו' -> 'המצוה ואת החקים ואת המשפטים'] =אשר אנכי מצוך היום [insert: '' -> 'לעשותם']
  Deut 8:11 (16) vs Deut 11:1 (11): [replace: 'השמר לך פן תשכח' -> 'ואהבת'] =את יהוה אלהיך [replace: 'לבלתי שמר מצותיו' -> 'ושמרת משמרתו וחקתיו'] =ומשפטיו [replace: 'וחקתיו אשר אנכי מצוך היום' -> 'ומצותיו כל הימים']
  Deut 8:11 (16) vs Deut 26:17 (15): [delete: 'השמר לך פן תשכח' -> ''] =את יהוה [replace: 'אלהיך לבלתי שמר מצותיו' -> 'האמרת היום להיות לך לאלהים וללכת בדרכיו ולשמר חקיו ומצותיו'] =ומשפטיו [replace: 'וחקתיו אשר אנכי מצוך היום' -> 'ולשמע בקלו']
  Deut 8:11 (16) vs Deut 30:16 (25): [delete: 'השמר לך פן תשכח את יהוה אלהיך לבלתי שמר מצותיו ומשפטיו וחקתיו' -> ''] =אשר אנכי מצוך היום [insert: '' -> 'לאהבה את יהוה אלהיך ללכת בדרכיו ולשמר מצותיו וחקתיו ומשפטיו וחיית ורבית וברכך יהוה אלהיך בארץ אשר אתה בא שמה לרשתה']
  Deut 8:11 (16) vs Gen 26:5 (10): [replace: 'השמר לך פן תשכח את יהוה אלהיך לבלתי שמר מצותיו ומשפטיו וחקתיו' -> 'עקב'] =אשר [replace: 'אנכי מצוך היום' -> 'שמע אברהם בקלי וישמר משמרתי מצותי חקותי ותורתי']
  Deut 8:11 (16) vs Deut 8:1 (19): [replace: 'השמר לך פן תשכח את יהוה אלהיך לבלתי שמר מצותיו ומשפטיו וחקתיו' -> 'כל המצוה'] =אשר אנכי מצוך היום [insert: '' -> 'תשמרון לעשות למען תחיון ורביתם ובאתם וירשתם את הארץ אשר נשבע יהוה לאבתיכם']
  Deut 8:12 (7) vs Deut 6:10 (21): [replace: 'פן תאכל ושבעת ובתים טובים תבנה וישבת' -> 'והיה כי יביאך יהוה אלהיך אל הארץ אשר נשבע לאבתיך לאברהם ליצחק וליעקב לתת לך ערים גדלת וטבת אשר לא בנית']
  Deut 8:12 (7) vs Deut 6:11 (19): [replace: 'פן תאכל' -> 'ובתים מלאים כל טוב אשר לא מלאת וברת חצובים אשר לא חצבת כרמים וזיתים אשר לא נטעת ואכלת'] =ושבעת [delete: 'ובתים טובים תבנה וישבת' -> '']
  Deut 8:12 (7) vs Deut 28:30 (14): [replace: 'פן תאכל ושבעת ובתים טובים' -> 'אשה תארש ואיש אחר ישגלנה בית'] =תבנה [replace: 'וישבת' -> 'ולא תשב בו כרם תטע ולא תחללנו']
  Deut 8:12 (7) vs Deut 20:5 (22): [insert: '' -> 'ודברו השטרים אל העם לאמר מי האיש אשר בנה בית חדש ולא חנכו ילך וישב לביתו'] =פן [replace: 'תאכל ושבעת ובתים טובים תבנה וישבת' -> 'ימות במלחמה ואיש אחר יחנכנו']
  Deut 8:12 (7) vs Deut 31:20 (22): [replace: 'פן תאכל ושבעת ובתים טובים תבנה וישבת' -> 'כי אביאנו אל האדמה אשר נשבעתי לאבתיו זבת חלב ודבש ואכל ושבע ודשן ופנה אל אלהים אחרים ועבדום ונאצוני והפר את בריתי']
  Deut 8:12 (7) vs Amos 5:11 (22): [replace: 'פן תאכל ושבעת ובתים טובים תבנה וישבת' -> 'לכן יען בושסכם על דל ומשאת בר תקחו ממנו בתי גזית בניתם ולא תשבו בם כרמי חמד נטעתם ולא תשתו את יינם']
  Deut 8:12 (7) vs Isa 65:21 (7): [replace: 'פן תאכל ושבעת ובתים טובים תבנה וישבת' -> 'ובנו בתים וישבו ונטעו כרמים ואכלו פרים']
  Deut 8:13 (11) vs Deut 17:16 (22): [replace: 'ובקרך וצאנך ירבין וכסף וזהב' -> 'רק לא'] =ירבה [replace: 'לך וכל אשר לך ירבה' -> 'לו סוסים ולא ישיב את העם מצרימה למען הרבות סוס ויהוה אמר לכם לא תספון לשוב בדרך הזה עוד']
  Deut 8:13 (11) vs Deut 17:17 (13): [replace: 'ובקרך וצאנך ירבין' -> 'ולא ירבה לו נשים ולא יסור לבבו'] =וכסף וזהב [insert: '' -> 'לא'] =ירבה [replace: 'לך וכל אשר לך ירבה' -> 'לו מאד']
  Deut 8:13 (11) vs Gen 13:2 (6): [replace: 'ובקרך וצאנך ירבין וכסף וזהב ירבה לך וכל אשר לך ירבה' -> 'ואברם כבד מאד במקנה בכסף ובזהב']
  Deut 8:13 (11) vs Gen 24:35 (16): [replace: 'ובקרך וצאנך ירבין' -> 'ויהוה ברך את אדני מאד ויגדל ויתן לו צאן ובקר'] =וכסף וזהב [replace: 'ירבה לך וכל אשר לך ירבה' -> 'ועבדם ושפחת וגמלים וחמרים']
  Deut 8:13 (11) vs Deut 7:13 (22): [replace: 'ובקרך וצאנך ירבין וכסף וזהב ירבה' -> 'ואהבך וברכך והרבך וברך פרי בטנך ופרי אדמתך דגנך ותירשך ויצהרך שגר אלפיך ועשתרת צאנך על האדמה אשר נשבע לאבתיך לתת'] =לך [delete: 'וכל אשר לך ירבה' -> '']
  Deut 8:13 (11) vs Deut 12:17 (18): [replace: 'ובקרך' -> 'לא תוכל לאכל בשעריך מעשר דגנך ותירשך ויצהרך ובכרת בקרך'] =וצאנך [delete: 'ירבין וכסף וזהב ירבה לך' -> ''] =וכל [insert: '' -> 'נדריך'] =אשר [replace: 'לך ירבה' -> 'תדר ונדבתיך ותרומת ידך']
  Deut 8:13 (11) vs Deut 14:23 (25): [replace: 'ובקרך' -> 'ואכלת לפני יהוה אלהיך במקום אשר יבחר לשכן שמו שם מעשר דגנך תירשך ויצהרך ובכרת בקרך'] =וצאנך [replace: 'ירבין וכסף וזהב ירבה לך וכל אשר לך ירבה' -> 'למען תלמד ליראה את יהוה אלהיך כל הימים']
  Deut 8:13 (11) vs Deut 1:10 (9): [replace: 'ובקרך וצאנך ירבין וכסף וזהב ירבה לך וכל אשר לך ירבה' -> 'יהוה אלהיכם הרבה אתכם והנכם היום ככוכבי השמים לרב']
  Deut 8:13 (11) vs Deut 30:5 (12): [replace: 'ובקרך וצאנך ירבין וכסף וזהב ירבה לך וכל' -> 'והביאך יהוה אלהיך אל הארץ'] =אשר [replace: 'לך ירבה' -> 'ירשו אבתיך וירשתה והיטבך והרבך מאבתיך']
  Deut 8:14 (11) vs Deut 17:20 (19): [replace: 'ורם לבבך ושכחת את יהוה אלהיך המוציאך מארץ מצרים מבית עבדים' -> 'לבלתי רום לבבו מאחיו ולבלתי סור מן המצוה ימין ושמאול למען יאריך ימים על ממלכתו הוא ובניו בקרב ישראל']
  Deut 8:14 (11) vs Deut 6:12 (12): [replace: 'ורם לבבך ושכחת' -> 'השמר לך פן תשכח'] =את יהוה [replace: 'אלהיך המוציאך' -> 'אשר הוציאך'] =מארץ מצרים מבית עבדים
  Deut 8:14 (11) vs Deut 5:6 (9): [replace: 'ורם לבבך ושכחת את' -> 'אנכי'] =יהוה אלהיך [replace: 'המוציאך' -> 'אשר הוצאתיך'] =מארץ מצרים מבית עבדים
  Deut 8:14 (11) vs Deut 7:8 (22): [replace: 'ורם לבבך ושכחת' -> 'כי מאהבת יהוה אתכם ומשמרו'] =את [insert: '' -> 'השבעה אשר נשבע לאבתיכם הוציא'] =יהוה [replace: 'אלהיך המוציאך מארץ מצרים' -> 'אתכם ביד חזקה ויפדך'] =מבית עבדים [insert: '' -> 'מיד פרעה מלך מצרים']
  Deut 8:14 (11) vs Deut 13:6 (32): [replace: 'ורם לבבך ושכחת את' -> 'והנביא ההוא או חלם החלום ההוא יומת כי דבר סרה על יהוה אלהיכם המוציא אתכם מארץ מצרים והפדך מבית עבדים להדיחך מן הדרך אשר צוך'] =יהוה אלהיך [replace: 'המוציאך מארץ מצרים מבית עבדים' -> 'ללכת בה ובערת הרע מקרבך']
  Deut 8:14 (11) vs Deut 13:11 (14): [replace: 'ורם לבבך ושכחת את' -> 'וסקלתו באבנים ומת כי בקש להדיחך מעל'] =יהוה אלהיך המוציאך מארץ מצרים מבית עבדים
  Deut 8:14 (11) vs Exod 13:3 (23): [replace: 'ורם לבבך ושכחת' -> 'ויאמר משה אל העם זכור'] =את [replace: 'יהוה אלהיך המוציאך מארץ מצרים' -> 'היום הזה אשר יצאתם ממצרים'] =מבית עבדים [insert: '' -> 'כי בחזק יד הוציא יהוה אתכם מזה ולא יאכל חמץ']
  Deut 8:14 (11) vs Exod 13:14 (17): [replace: 'ורם לבבך ושכחת את' -> 'והיה כי ישאלך בנך מחר לאמר מה זאת ואמרת אליו בחזק יד הוציאנו'] =יהוה [replace: 'אלהיך המוציאך מארץ מצרים' -> 'ממצרים'] =מבית עבדים
  Deut 8:14 (11) vs Exod 20:2 (9): [replace: 'ורם לבבך ושכחת את' -> 'אנכי'] =יהוה אלהיך [replace: 'המוציאך' -> 'אשר הוצאתיך'] =מארץ מצרים מבית עבדים
  Deut 8:14 (11) vs Hos 13:6 (8): [replace: 'ורם לבבך ושכחת את יהוה אלהיך המוציאך מארץ מצרים מבית עבדים' -> 'כמרעיתם וישבעו שבעו וירם לבם על כן שכחוני']
  Deut 8:14 (11) vs 2Chr 26:16 (16): [replace: 'ורם לבבך ושכחת את' -> 'וכחזקתו גבה לבו עד להשחית וימעל ביהוה אלהיו ויבא אל היכל'] =יהוה [replace: 'אלהיך המוציאך מארץ מצרים מבית עבדים' -> 'להקטיר על מזבח הקטרת']
  Deut 8:15 (16) vs Deut 1:19 (23): [replace: 'המוליכך במדבר הגדל' -> 'ונסע מחרב ונלך את כל המדבר הגדול'] =והנורא [replace: 'נחש שרף ועקרב וצמאון' -> 'ההוא'] =אשר [replace: 'אין מים המוציא לך מים מצור החלמיש' -> 'ראיתם דרך הר האמרי כאשר צוה יהוה אלהינו אתנו ונבא עד קדש ברנע']
  Deut 8:15 (16) vs Deut 32:10 (11): [replace: 'המוליכך במדבר הגדל והנורא נחש שרף ועקרב וצמאון אשר אין מים המוציא לך מים מצור החלמיש' -> 'ימצאהו בארץ מדבר ובתהו ילל ישמן יסבבנהו יבוננהו יצרנהו כאישון עינו']
  Deut 8:15 (16) vs Num 21:6 (13): [replace: 'המוליכך במדבר הגדל והנורא נחש שרף ועקרב וצמאון אשר אין מים המוציא לך מים מצור החלמיש' -> 'וישלח יהוה בעם את הנחשים השרפים וינשכו את העם וימת עם רב מישראל']
  Deut 8:15 (16) vs Num 21:8 (17): [replace: 'המוליכך במדבר הגדל והנורא נחש' -> 'ויאמר יהוה אל משה עשה לך'] =שרף [replace: 'ועקרב וצמאון אשר אין מים המוציא לך מים מצור החלמיש' -> 'ושים אתו על נס והיה כל הנשוך וראה אתו וחי']
  Deut 8:15 (16) vs Num 20:5 (18): [replace: 'המוליכך במדבר הגדל והנורא נחש שרף ועקרב וצמאון אשר' -> 'ולמה העליתנו ממצרים להביא אתנו אל המקום הרע הזה לא מקום זרע ותאנה וגפן ורמון ומים'] =אין [replace: 'מים המוציא לך מים מצור החלמיש' -> 'לשתות']
  Deut 8:15 (16) vs Num 20:8 (25): [replace: 'המוליכך במדבר הגדל והנורא נחש שרף ועקרב וצמאון אשר אין' -> 'קח את המטה והקהל את העדה אתה ואהרן אחיך ודברתם אל הסלע לעיניהם ונתן מימיו והוצאת להם'] =מים [replace: 'המוציא לך מים מצור החלמיש' -> 'מן הסלע והשקית את העדה ואת בעירם']
  Deut 8:15 (16) vs Num 20:11 (15): [replace: 'המוליכך במדבר הגדל והנורא נחש שרף ועקרב וצמאון אשר אין' -> 'וירם משה את ידו ויך את הסלע במטהו פעמים ויצאו'] =מים [replace: 'המוציא לך מים מצור החלמיש' -> 'רבים ותשת העדה ובעירם']
  Deut 8:15 (16) vs Exod 17:6 (20): [replace: 'המוליכך במדבר הגדל והנורא נחש שרף ועקרב וצמאון אשר אין' -> 'הנני עמד לפניך שם על הצור בחרב והכית בצור ויצאו ממנו'] =מים [replace: 'המוציא לך מים מצור החלמיש' -> 'ושתה העם ויעש כן משה לעיני זקני ישראל']
  Deut 8:15 (16) vs Ps 114:8 (7): [replace: 'המוליכך במדבר הגדל והנורא נחש שרף ועקרב וצמאון אשר אין' -> 'ההפכי הצור אגם'] =מים [replace: 'המוציא לך' -> 'חלמיש למעינו'] =מים [delete: 'מצור החלמיש' -> '']
  Deut 8:15 (16) vs Deut 32:13 (13): [replace: 'המוליכך במדבר הגדל והנורא נחש שרף ועקרב וצמאון אשר אין מים המוציא לך מים מצור החלמיש' -> 'ירכבהו על במותי ארץ ויאכל תנובת שדי וינקהו דבש מסלע ושמן מחלמיש צור']
  Deut 8:15 (16) vs Isa 30:6 (25): [replace: 'המוליכך במדבר הגדל והנורא נחש שרף ועקרב וצמאון אשר אין מים המוציא לך מים מצור החלמיש' -> 'משא בהמות נגב בארץ צרה וצוקה לביא וליש מהם אפעה ושרף מעופף ישאו על כתף עירים חילהם ועל דבשת גמלים אוצרתם על עם לא יועילו']
  Deut 8:15 (16) vs Neh 9:15 (22): [replace: 'המוליכך במדבר הגדל והנורא נחש שרף ועקרב וצמאון' -> 'ולחם משמים נתתה להם לרעבם ומים מסלע הוצאת להם לצמאם ותאמר להם לבוא לרשת את הארץ'] =אשר [replace: 'אין מים המוציא לך מים מצור החלמיש' -> 'נשאת את ידך לתת להם']
  Deut 8:15 (16) vs Ps 78:15 (6): [replace: 'המוליכך' -> 'יבקע צרים'] =במדבר [replace: 'הגדל והנורא נחש שרף ועקרב וצמאון אשר אין מים המוציא לך מים מצור החלמיש' -> 'וישק כתהמות רבה']
  Deut 8:15 (16) vs Ps 78:16 (6): [replace: 'המוליכך במדבר הגדל והנורא נחש שרף ועקרב וצמאון אשר אין' -> 'ויוצא נוזלים מסלע ויורד כנהרות'] =מים [delete: 'המוציא לך מים מצור החלמיש' -> '']
  Deut 8:15 (16) vs Isa 48:21 (12): [replace: 'המוליכך במדבר הגדל והנורא נחש שרף ועקרב וצמאון אשר אין מים המוציא לך' -> 'ולא צמאו בחרבות הוליכם'] =מים מצור [replace: 'החלמיש' -> 'הזיל למו ויבקע צור ויזבו מים']
  Deut 8:15 (16) vs Ps 105:41 (7): [replace: 'המוליכך במדבר הגדל והנורא נחש שרף ועקרב וצמאון אשר אין' -> 'פתח צור ויזובו'] =מים [replace: 'המוציא לך מים מצור החלמיש' -> 'הלכו בציות נהר']
  Deut 8:16 (13) vs Deut 8:3 (28): [replace: 'המאכלך מן במדבר' -> 'ויענך וירעבך ויאכלך את המן'] =אשר לא [insert: '' -> 'ידעת ולא'] =ידעון אבתיך למען [replace: 'ענתך ולמען נסתך להיטבך באחריתך' -> 'הודעך כי לא על הלחם לבדו יחיה האדם כי על כל מוצא פי יהוה יחיה האדם']
  Deut 8:16 (13) vs Exod 16:35 (21): [replace: 'המאכלך מן במדבר אשר לא ידעון אבתיך למען ענתך ולמען נסתך להיטבך באחריתך' -> 'ובני ישראל אכלו את המן ארבעים שנה עד באם אל ארץ נושבת את המן אכלו עד באם אל קצה ארץ כנען']
  Deut 8:16 (13) vs Deut 4:30 (14): [replace: 'המאכלך מן במדבר אשר לא ידעון אבתיך למען ענתך ולמען נסתך להיטבך באחריתך' -> 'בצר לך ומצאוך כל הדברים האלה באחרית הימים ושבת עד יהוה אלהיך ושמעת בקלו']
  Deut 8:16 (13) vs Deut 31:29 (27): [replace: 'המאכלך' -> 'כי ידעתי אחרי מותי כי השחת תשחתון וסרתם'] =מן [replace: 'במדבר' -> 'הדרך'] =אשר [replace: 'לא ידעון אבתיך למען ענתך ולמען נסתך להיטבך באחריתך' -> 'צויתי אתכם וקראת אתכם הרעה באחרית הימים כי תעשו את הרע בעיני יהוה להכעיסו במעשה ידיכם']
  Deut 8:16 (13) vs Deut 32:20 (15): [replace: 'המאכלך מן במדבר אשר' -> 'ויאמר אסתירה פני מהם אראה מה אחריתם כי דור תהפכת המה בנים'] =לא [replace: 'ידעון אבתיך למען ענתך ולמען נסתך להיטבך באחריתך' -> 'אמן בם']
  Deut 8:16 (13) vs Deut 32:29 (6): [replace: 'המאכלך מן במדבר אשר לא ידעון אבתיך למען ענתך ולמען נסתך להיטבך באחריתך' -> 'לו חכמו ישכילו זאת יבינו לאחריתם']
  Deut 8:16 (13) vs Jer 29:11 (19): [replace: 'המאכלך מן במדבר' -> 'כי אנכי ידעתי את המחשבת'] =אשר [replace: 'לא ידעון אבתיך למען ענתך ולמען נסתך להיטבך באחריתך' -> 'אנכי חשב עליכם נאם יהוה מחשבות שלום ולא לרעה לתת לכם אחרית ותקוה']
  Deut 8:16 (13) vs Prov 23:18 (7): [replace: 'המאכלך מן במדבר אשר' -> 'כי אם יש אחרית ותקותך'] =לא [replace: 'ידעון אבתיך למען ענתך ולמען נסתך להיטבך באחריתך' -> 'תכרת']
  Deut 8:16 (13) vs Num 24:20 (12): [replace: 'המאכלך מן במדבר אשר לא ידעון אבתיך למען ענתך ולמען נסתך להיטבך באחריתך' -> 'וירא את עמלק וישא משלו ויאמר ראשית גוים עמלק ואחריתו עדי אבד']
  Deut 8:17 (10) vs Deut 7:17 (10): [replace: 'ואמרת' -> 'כי תאמר'] =בלבבך [replace: 'כחי ועצם ידי עשה לי את החיל הזה' -> 'רבים הגוים האלה ממני איכה אוכל להורישם']
  Deut 8:17 (10) vs Deut 9:4 (22): [replace: 'ואמרת' -> 'אל תאמר'] =בלבבך [replace: 'כחי ועצם ידי עשה לי' -> 'בהדף יהוה אלהיך אתם מלפניך לאמר בצדקתי הביאני יהוה לרשת'] =את [replace: 'החיל הזה' -> 'הארץ הזאת וברשעת הגוים האלה יהוה מורישם מפניך']
  Deut 8:17 (10) vs Deut 18:21 (11): [replace: 'ואמרת' -> 'וכי תאמר'] =בלבבך [replace: 'כחי ועצם ידי עשה לי' -> 'איכה נדע'] =את [replace: 'החיל הזה' -> 'הדבר אשר לא דברו יהוה']
  Deut 8:17 (10) vs Deut 15:9 (28): [replace: 'ואמרת בלבבך כחי ועצם ידי עשה לי את החיל הזה' -> 'השמר לך פן יהיה דבר עם לבבך בליעל לאמר קרבה שנת השבע שנת השמטה ורעה עינך באחיך האביון ולא תתן לו וקרא עליך אל יהוה והיה בך חטא']
  Deut 8:17 (10) vs Judg 7:2 (20): [replace: 'ואמרת בלבבך כחי ועצם' -> 'ויאמר יהוה אל גדעון רב העם אשר אתך מתתי את מדין בידם פן יתפאר עלי ישראל לאמר'] =ידי [replace: 'עשה' -> 'הושיעה'] =לי [delete: 'את החיל הזה' -> '']
  Deut 8:17 (10) vs Isa 10:13 (16): [replace: 'ואמרת בלבבך כחי ועצם' -> 'כי אמר בכח'] =ידי [replace: 'עשה לי את החיל הזה' -> 'עשיתי ובחכמתי כי נבנותי ואסיר גבולת עמים ועתידתיהם שושתי ואוריד כאביר יושבים']
  Deut 8:17 (10) vs Hos 12:9 (15): [replace: 'ואמרת בלבבך כחי ועצם ידי עשה' -> 'ויאמר אפרים אך עשרתי מצאתי און'] =לי [replace: 'את החיל הזה' -> 'כל יגיעי לא ימצאו לי עון אשר חטא']
  Deut 8:17 (10) vs Deut 33:11 (12): [replace: 'ואמרת בלבבך כחי ועצם ידי עשה לי את החיל הזה' -> 'ברך יהוה חילו ופעל ידיו תרצה מחץ מתנים קמיו ומשנאיו מן יקומון']
  Deut 8:17 (10) vs Zech 4:6 (20): [replace: 'ואמרת בלבבך כחי ועצם ידי עשה לי את החיל הזה' -> 'ויען ויאמר אלי לאמר זה דבר יהוה אל זרבבל לאמר לא בחיל ולא בכח כי אם ברוחי אמר יהוה צבאות']
  Deut 8:17 (10) vs Deut 29:18 (21): [replace: 'ואמרת בלבבך כחי ועצם ידי עשה' -> 'והיה בשמעו את דברי האלה הזאת והתברך בלבבו לאמר שלום יהיה'] =לי [insert: '' -> 'כי בשררות לבי אלך למען ספות הרוה'] =את [replace: 'החיל הזה' -> 'הצמאה']
  Deut 8:18 (20) vs Deut 7:8 (22): [replace: 'וזכרת' -> 'כי מאהבת יהוה אתכם ומשמרו'] =את [replace: 'יהוה אלהיך כי הוא הנתן לך כח לעשות חיל למען הקים את בריתו' -> 'השבעה'] =אשר נשבע [replace: 'לאבתיך כיום הזה' -> 'לאבתיכם הוציא יהוה אתכם ביד חזקה ויפדך מבית עבדים מיד פרעה מלך מצרים']
  Deut 8:18 (20) vs Deut 7:12 (20): [replace: 'וזכרת' -> 'והיה עקב תשמעון'] =את [insert: '' -> 'המשפטים האלה ושמרתם ועשיתם אתם ושמר'] =יהוה אלהיך [delete: 'כי הוא הנתן' -> ''] =לך [delete: 'כח לעשות חיל למען הקים' -> ''] =את [replace: 'בריתו' -> 'הברית ואת החסד'] =אשר נשבע לאבתיך [delete: 'כיום הזה' -> '']
  Deut 8:18 (20) vs Deut 9:5 (28): [replace: 'וזכרת' -> 'לא בצדקתך ובישר לבבך אתה בא לרשת'] =את [insert: '' -> 'ארצם כי ברשעת הגוים האלה'] =יהוה אלהיך [replace: 'כי הוא הנתן לך כח לעשות חיל למען' -> 'מורישם מפניך ולמען'] =הקים את [replace: 'בריתו' -> 'הדבר'] =אשר נשבע [insert: '' -> 'יהוה'] =לאבתיך [replace: 'כיום הזה' -> 'לאברהם ליצחק וליעקב']
  Deut 8:18 (20) vs Deut 4:31 (17): [replace: 'וזכרת את' -> 'כי אל רחום'] =יהוה אלהיך [replace: 'כי הוא הנתן לך כח לעשות חיל למען הקים' -> 'לא ירפך ולא ישחיתך ולא ישכח'] =את [replace: 'בריתו' -> 'ברית אבתיך'] =אשר נשבע [replace: 'לאבתיך כיום הזה' -> 'להם']
  Deut 8:18 (20) vs Deut 29:12 (19): [delete: 'וזכרת את יהוה אלהיך כי הוא הנתן לך כח לעשות חיל' -> ''] =למען הקים [replace: 'את בריתו אשר' -> 'אתך היום לו לעם והוא יהיה לך לאלהים כאשר דבר לך וכאשר'] =נשבע לאבתיך [replace: 'כיום הזה' -> 'לאברהם ליצחק וליעקב']
  Deut 8:18 (20) vs Gen 26:3 (21): [replace: 'וזכרת' -> 'גור בארץ הזאת ואהיה עמך ואברכך כי לך ולזרעך אתן'] =את [replace: 'יהוה אלהיך כי הוא הנתן לך כח לעשות חיל למען הקים' -> 'כל הארצת האל והקמתי'] =את [replace: 'בריתו' -> 'השבעה'] =אשר [replace: 'נשבע לאבתיך כיום הזה' -> 'נשבעתי לאברהם אביך']
  Deut 8:18 (20) vs Gen 17:7 (16): [replace: 'וזכרת' -> 'והקמתי'] =את [replace: 'יהוה אלהיך כי הוא הנתן' -> 'בריתי ביני ובינך ובין זרעך אחריך לדרתם לברית עולם להיות'] =לך [replace: 'כח לעשות חיל למען הקים את בריתו אשר נשבע לאבתיך כיום הזה' -> 'לאלהים ולזרעך אחריך']
  Deut 8:18 (20) vs Gen 6:18 (13): [replace: 'וזכרת' -> 'והקמתי'] =את [replace: 'יהוה אלהיך כי הוא הנתן לך כח לעשות חיל למען הקים את בריתו אשר נשבע לאבתיך כיום הזה' -> 'בריתי אתך ובאת אל התבה אתה ובניך ואשתך ונשי בניך אתך']
  Deut 8:18 (20) vs Lev 26:9 (10): [replace: 'וזכרת' -> 'ופניתי אליכם והפריתי אתכם והרביתי אתכם והקימתי'] =את [replace: 'יהוה אלהיך כי הוא הנתן לך כח לעשות חיל למען הקים את בריתו אשר נשבע לאבתיך כיום הזה' -> 'בריתי אתכם']
  Deut 8:18 (20) vs Exod 6:4 (16): [replace: 'וזכרת' -> 'וגם הקמתי'] =את [replace: 'יהוה אלהיך כי הוא הנתן לך כח לעשות חיל למען הקים' -> 'בריתי אתם לתת להם'] =את [replace: 'בריתו' -> 'ארץ כנען את ארץ מגריהם'] =אשר [replace: 'נשבע לאבתיך כיום הזה' -> 'גרו בה']
  Deut 8:18 (20) vs Deut 8:1 (19): [replace: 'וזכרת' -> 'כל המצוה אשר אנכי מצוך היום תשמרון לעשות למען תחיון ורביתם ובאתם וירשתם'] =את [replace: 'יהוה אלהיך כי הוא הנתן לך כח לעשות חיל למען הקים את בריתו' -> 'הארץ'] =אשר נשבע [replace: 'לאבתיך כיום הזה' -> 'יהוה לאבתיכם']
  Deut 8:18 (20) vs Deut 8:2 (23): =וזכרת את [insert: '' -> 'כל הדרך אשר הליכך'] =יהוה אלהיך [replace: 'כי הוא הנתן לך כח לעשות חיל' -> 'זה ארבעים שנה במדבר'] =למען [replace: 'הקים' -> 'ענתך לנסתך לדעת'] =את [delete: 'בריתו' -> ''] =אשר [replace: 'נשבע לאבתיך כיום הזה' -> 'בלבבך התשמר מצותו אם לא']
  Deut 8:18 (20) vs Deut 6:24 (18): [replace: 'וזכרת' -> 'ויצונו יהוה לעשות את כל החקים האלה ליראה'] =את יהוה [replace: 'אלהיך כי הוא הנתן לך כח לעשות חיל למען הקים את בריתו אשר נשבע לאבתיך כיום' -> 'אלהינו לטוב לנו כל הימים לחיתנו כהיום'] =הזה
  Deut 8:18 (20) vs Deut 4:38 (14): [replace: 'וזכרת' -> 'להוריש גוים גדלים ועצמים ממך מפניך להביאך לתת לך'] =את [replace: 'יהוה אלהיך כי הוא הנתן לך כח לעשות חיל למען הקים את בריתו אשר נשבע לאבתיך' -> 'ארצם נחלה'] =כיום הזה
  Deut 8:19 (20) vs Deut 4:26 (27): [replace: 'והיה אם שכח תשכח את יהוה אלהיך והלכת אחרי אלהים אחרים ועבדתם והשתחוית להם העדתי' -> 'העידתי'] =בכם היום [insert: '' -> 'את השמים ואת הארץ'] =כי אבד תאבדון [insert: '' -> 'מהר מעל הארץ אשר אתם עברים את הירדן שמה לרשתה לא תאריכן ימים עליה כי השמד תשמדון']
  Deut 8:19 (20) vs Deut 30:18 (19): [replace: 'והיה אם שכח תשכח את יהוה אלהיך והלכת אחרי אלהים אחרים ועבדתם והשתחוית להם העדתי בכם' -> 'הגדתי לכם'] =היום כי אבד תאבדון [insert: '' -> 'לא תאריכן ימים על האדמה אשר אתה עבר את הירדן לבא שמה לרשתה']
  Deut 8:19 (20) vs Deut 30:19 (19): [replace: 'והיה אם שכח תשכח את יהוה אלהיך והלכת אחרי אלהים אחרים ועבדתם והשתחוית להם העדתי' -> 'העידתי'] =בכם היום [replace: 'כי אבד תאבדון' -> 'את השמים ואת הארץ החיים והמות נתתי לפניך הברכה והקללה ובחרת בחיים למען תחיה אתה וזרעך']
  Deut 8:19 (20) vs Deut 31:28 (18): [replace: 'והיה אם שכח תשכח' -> 'הקהילו אלי'] =את [replace: 'יהוה אלהיך והלכת אחרי אלהים אחרים ועבדתם והשתחוית להם העדתי בכם היום כי אבד תאבדון' -> 'כל זקני שבטיכם ושטריכם ואדברה באזניהם את הדברים האלה ואעידה בם את השמים ואת הארץ']
  Deut 8:19 (20) vs Deut 6:14 (9): [replace: 'והיה אם שכח תשכח את יהוה אלהיך והלכת' -> 'לא תלכון'] =אחרי אלהים אחרים [replace: 'ועבדתם והשתחוית להם העדתי בכם היום כי אבד תאבדון' -> 'מאלהי העמים אשר סביבותיכם']
  Deut 8:19 (20) vs Deut 11:16 (11): [replace: 'והיה אם שכח תשכח את יהוה אלהיך והלכת אחרי' -> 'השמרו לכם פן יפתה לבבכם וסרתם ועבדתם'] =אלהים אחרים [replace: 'ועבדתם והשתחוית' -> 'והשתחויתם'] =להם [delete: 'העדתי בכם היום כי אבד תאבדון' -> '']
  Deut 8:19 (20) vs Deut 11:28 (23): [replace: 'והיה' -> 'והקללה'] =אם [replace: 'שכח תשכח את' -> 'לא תשמעו אל מצות'] =יהוה [replace: 'אלהיך והלכת' -> 'אלהיכם וסרתם מן הדרך אשר אנכי מצוה אתכם היום ללכת'] =אחרי אלהים אחרים [replace: 'ועבדתם והשתחוית להם העדתי בכם היום כי אבד תאבדון' -> 'אשר לא ידעתם']
  Deut 8:19 (20) vs Deut 13:3 (15): [replace: 'והיה אם שכח תשכח את יהוה אלהיך והלכת' -> 'ובא האות והמופת אשר דבר אליך לאמר נלכה'] =אחרי אלהים אחרים [replace: 'ועבדתם והשתחוית להם העדתי בכם היום כי אבד תאבדון' -> 'אשר לא ידעתם ונעבדם']
  Deut 8:19 (20) vs Deut 17:3 (16): [replace: 'והיה אם שכח תשכח את יהוה אלהיך והלכת אחרי' -> 'וילך ויעבד'] =אלהים אחרים [replace: 'ועבדתם והשתחוית' -> 'וישתחו'] =להם [replace: 'העדתי בכם היום כי אבד תאבדון' -> 'ולשמש או לירח או לכל צבא השמים אשר לא צויתי']
  Deut 8:19 (20) vs Deut 29:25 (13): [replace: 'והיה אם שכח תשכח את יהוה אלהיך והלכת אחרי' -> 'וילכו ויעבדו'] =אלהים אחרים [replace: 'ועבדתם והשתחוית' -> 'וישתחוו'] =להם [replace: 'העדתי בכם היום כי אבד תאבדון' -> 'אלהים אשר לא ידעום ולא חלק להם']
  Deut 8:19 (20) vs Deut 30:17 (10): [replace: 'והיה אם שכח תשכח את יהוה אלהיך והלכת אחרי אלהים' -> 'ואם יפנה לבבך ולא תשמע ונדחת והשתחוית לאלהים'] =אחרים ועבדתם [delete: 'והשתחוית להם העדתי בכם היום כי אבד תאבדון' -> '']
  Deut 8:19 (20) vs Deut 4:19 (28): [replace: 'והיה אם שכח תשכח' -> 'ופן תשא עיניך השמימה וראית'] =את [insert: '' -> 'השמש ואת הירח ואת הכוכבים כל צבא השמים ונדחת והשתחוית להם ועבדתם אשר חלק'] =יהוה אלהיך [replace: 'והלכת אחרי אלהים אחרים ועבדתם והשתחוית להם העדתי בכם היום כי אבד תאבדון' -> 'אתם לכל העמים תחת כל השמים']
  Deut 8:19 (20) vs Deut 5:9 (21): [replace: 'והיה אם שכח תשכח את' -> 'לא תשתחוה להם ולא תעבדם כי אנכי'] =יהוה אלהיך [replace: 'והלכת אחרי אלהים אחרים ועבדתם והשתחוית להם העדתי בכם היום כי אבד תאבדון' -> 'אל קנא פקד עון אבות על בנים ועל שלשים ועל רבעים לשנאי']
  Deut 8:19 (20) vs Exod 20:5 (21): [replace: 'והיה אם שכח תשכח את' -> 'לא תשתחוה להם ולא תעבדם כי אנכי'] =יהוה אלהיך [replace: 'והלכת אחרי אלהים אחרים ועבדתם והשתחוית להם העדתי בכם היום כי אבד תאבדון' -> 'אל קנא פקד עון אבת על בנים על שלשים ועל רבעים לשנאי']
  Deut 8:19 (20) vs Deut 28:14 (16): [replace: 'והיה אם שכח תשכח את יהוה אלהיך והלכת' -> 'ולא תסור מכל הדברים אשר אנכי מצוה אתכם היום ימין ושמאול ללכת'] =אחרי אלהים אחרים [replace: 'ועבדתם והשתחוית להם העדתי בכם היום כי אבד תאבדון' -> 'לעבדם']
  Deut 8:19 (20) vs Josh 23:16 (26): [replace: 'והיה אם שכח תשכח' -> 'בעברכם'] =את [insert: '' -> 'ברית'] =יהוה [replace: 'אלהיך והלכת אחרי' -> 'אלהיכם אשר צוה אתכם והלכתם ועבדתם'] =אלהים אחרים [replace: 'ועבדתם והשתחוית' -> 'והשתחויתם'] =להם [replace: 'העדתי' -> 'וחרה אף יהוה'] =בכם [replace: 'היום כי אבד תאבדון' -> 'ואבדתם מהרה מעל הארץ הטובה אשר נתן לכם']
  Deut 8:19 (20) vs Jer 11:7 (17): [replace: 'והיה אם שכח תשכח את יהוה אלהיך והלכת אחרי אלהים אחרים ועבדתם והשתחוית להם' -> 'כי העד'] =העדתי [replace: 'בכם' -> 'באבותיכם ביום העלותי אותם מארץ מצרים ועד'] =היום [replace: 'כי אבד תאבדון' -> 'הזה השכם והעד לאמר שמעו בקולי']
  Deut 8:19 (20) vs Gen 43:3 (15): [replace: 'והיה אם שכח תשכח את יהוה אלהיך והלכת אחרי אלהים אחרים ועבדתם והשתחוית להם העדתי בכם היום כי אבד תאבדון' -> 'ויאמר אליו יהודה לאמר העד העד בנו האיש לאמר לא תראו פני בלתי אחיכם אתכם']
  Deut 8:19 (20) vs Exod 19:21 (15): [replace: 'והיה אם שכח תשכח את' -> 'ויאמר'] =יהוה [replace: 'אלהיך והלכת אחרי אלהים אחרים ועבדתם והשתחוית להם העדתי בכם היום כי אבד תאבדון' -> 'אל משה רד העד בעם פן יהרסו אל יהוה לראות ונפל ממנו רב']
  Deut 8:19 (20) vs Deut 8:11 (16): [replace: 'והיה אם שכח' -> 'השמר לך פן'] =תשכח את יהוה אלהיך [replace: 'והלכת אחרי אלהים אחרים ועבדתם והשתחוית להם העדתי בכם' -> 'לבלתי שמר מצותיו ומשפטיו וחקתיו אשר אנכי מצוך'] =היום [delete: 'כי אבד תאבדון' -> '']
  Deut 8:20 (13) vs Deut 4:26 (27): [replace: 'כגוים' -> 'העידתי בכם היום את השמים ואת הארץ כי אבד תאבדון מהר מעל הארץ'] =אשר [replace: 'יהוה מאביד מפניכם כן תאבדון עקב' -> 'אתם עברים את הירדן שמה לרשתה'] =לא [replace: 'תשמעון בקול יהוה אלהיכם' -> 'תאריכן ימים עליה כי השמד תשמדון']
  Deut 8:20 (13) vs Deut 7:12 (20): [replace: 'כגוים' -> 'והיה עקב תשמעון את המשפטים האלה ושמרתם ועשיתם אתם ושמר יהוה אלהיך לך את הברית ואת החסד'] =אשר [replace: 'יהוה מאביד מפניכם כן תאבדון עקב לא תשמעון בקול יהוה אלהיכם' -> 'נשבע לאבתיך']
  Deut 8:20 (13) vs Deut 7:22 (18): [replace: 'כגוים אשר' -> 'ונשל'] =יהוה [replace: 'מאביד מפניכם כן תאבדון עקב' -> 'אלהיך את הגוים האל מפניך מעט מעט'] =לא [replace: 'תשמעון בקול יהוה אלהיכם' -> 'תוכל כלתם מהר פן תרבה עליך חית השדה']
  Deut 8:20 (13) vs Deut 7:24 (15): [replace: 'כגוים אשר יהוה מאביד מפניכם כן תאבדון עקב' -> 'ונתן מלכיהם בידך והאבדת את שמם מתחת השמים'] =לא [replace: 'תשמעון בקול יהוה אלהיכם' -> 'יתיצב איש בפניך עד השמדך אתם']
  Deut 8:20 (13) vs Deut 9:3 (22): [replace: 'כגוים אשר' -> 'וידעת היום כי'] =יהוה [replace: 'מאביד מפניכם כן תאבדון עקב לא תשמעון בקול' -> 'אלהיך הוא העבר לפניך אש אכלה הוא ישמידם והוא יכניעם לפניך והורשתם והאבדתם מהר כאשר דבר'] =יהוה [replace: 'אלהיכם' -> 'לך']
  Deut 8:20 (13) vs Deut 9:4 (22): [replace: 'כגוים אשר' -> 'אל תאמר בלבבך בהדף'] =יהוה [replace: 'מאביד מפניכם כן תאבדון עקב לא תשמעון בקול' -> 'אלהיך אתם מלפניך לאמר בצדקתי הביאני'] =יהוה [replace: 'אלהיכם' -> 'לרשת את הארץ הזאת וברשעת הגוים האלה יהוה מורישם מפניך']
  Deut 8:20 (13) vs Deut 12:29 (17): [replace: 'כגוים' -> 'כי יכרית יהוה אלהיך את הגוים'] =אשר [replace: 'יהוה מאביד מפניכם כן תאבדון עקב לא תשמעון בקול יהוה אלהיכם' -> 'אתה בא שמה לרשת אותם מפניך וירשת אתם וישבת בארצם']
  Deut 8:20 (13) vs Deut 12:30 (22): [replace: 'כגוים אשר יהוה מאביד מפניכם' -> 'השמר לך פן תנקש אחריהם אחרי השמדם מפניך ופן תדרש לאלהיהם לאמר איכה יעבדו הגוים האלה את אלהיהם ואעשה'] =כן [replace: 'תאבדון עקב לא תשמעון בקול יהוה אלהיכם' -> 'גם אני']
  Deut 8:20 (13) vs Deut 28:45 (20): [replace: 'כגוים אשר יהוה מאביד מפניכם כן תאבדון עקב' -> 'ובאו עליך כל הקללות האלה ורדפוך והשיגוך עד השמדך כי'] =לא [replace: 'תשמעון' -> 'שמעת'] =בקול יהוה [replace: 'אלהיכם' -> 'אלהיך לשמר מצותיו וחקתיו אשר צוך']
  Deut 8:20 (13) vs Deut 28:62 (15): [replace: 'כגוים' -> 'ונשארתם במתי מעט תחת'] =אשר [replace: 'יהוה מאביד מפניכם כן תאבדון עקב' -> 'הייתם ככוכבי השמים לרב כי'] =לא [replace: 'תשמעון' -> 'שמעת'] =בקול יהוה [replace: 'אלהיכם' -> 'אלהיך']
  Deut 8:20 (13) vs Deut 30:18 (19): [replace: 'כגוים' -> 'הגדתי לכם היום כי אבד תאבדון לא תאריכן ימים על האדמה'] =אשר [replace: 'יהוה מאביד מפניכם כן תאבדון עקב לא תשמעון בקול יהוה אלהיכם' -> 'אתה עבר את הירדן לבא שמה לרשתה']
  Deut 8:20 (13) vs Deut 4:38 (14): [replace: 'כגוים אשר יהוה מאביד מפניכם כן תאבדון עקב לא תשמעון בקול יהוה אלהיכם' -> 'להוריש גוים גדלים ועצמים ממך מפניך להביאך לתת לך את ארצם נחלה כיום הזה']
  Deut 8:20 (13) vs Josh 23:13 (31): [replace: 'כגוים אשר יהוה מאביד מפניכם כן תאבדון עקב' -> 'ידוע תדעו כי'] =לא [replace: 'תשמעון בקול' -> 'יוסיף'] =יהוה אלהיכם [insert: '' -> 'להוריש את הגוים האלה מלפניכם והיו לכם לפח ולמוקש ולשטט בצדיכם ולצננים בעיניכם עד אבדכם מעל האדמה הטובה הזאת אשר נתן לכם יהוה אלהיכם']
  Deut 8:20 (13) vs Josh 23:15 (32): [replace: 'כגוים' -> 'והיה כאשר בא עליכם כל הדבר הטוב'] =אשר [replace: 'יהוה מאביד מפניכם כן תאבדון עקב לא תשמעון בקול' -> 'דבר'] =יהוה אלהיכם [insert: '' -> 'אליכם כן יביא יהוה עליכם את כל הדבר הרע עד השמידו אותכם מעל האדמה הטובה הזאת אשר נתן לכם יהוה אלהיכם']
  Deut 8:20 (13) vs Gen 22:18 (9): [replace: 'כגוים' -> 'והתברכו בזרעך כל גויי הארץ עקב'] =אשר [replace: 'יהוה מאביד מפניכם כן תאבדון עקב לא תשמעון בקול יהוה אלהיכם' -> 'שמעת בקלי']
  Deut 8:20 (13) vs Gen 26:5 (10): [replace: 'כגוים' -> 'עקב'] =אשר [replace: 'יהוה מאביד מפניכם כן תאבדון עקב לא תשמעון בקול יהוה אלהיכם' -> 'שמע אברהם בקלי וישמר משמרתי מצותי חקותי ותורתי']
  Deut 8:20 (13) vs Num 14:24 (17): [replace: 'כגוים' -> 'ועבדי כלב עקב היתה רוח אחרת עמו וימלא אחרי והביאתיו אל הארץ'] =אשר [replace: 'יהוה מאביד מפניכם כן תאבדון עקב לא תשמעון בקול יהוה אלהיכם' -> 'בא שמה וזרעו יורשנה']
  Deut 8:20 (13) vs Exod 15:26 (27): [replace: 'כגוים' -> 'ויאמר אם שמוע תשמע לקול יהוה אלהיך והישר בעיניו תעשה והאזנת למצותיו ושמרת כל חקיו כל המחלה'] =אשר [insert: '' -> 'שמתי במצרים לא אשים עליך כי אני'] =יהוה [replace: 'מאביד מפניכם כן תאבדון עקב לא תשמעון בקול יהוה אלהיכם' -> 'רפאך']
  Deut 8:20 (13) vs Exod 19:5 (17): [replace: 'כגוים אשר יהוה מאביד מפניכם כן תאבדון עקב לא תשמעון בקול יהוה אלהיכם' -> 'ועתה אם שמוע תשמעו בקלי ושמרתם את בריתי והייתם לי סגלה מכל העמים כי לי כל הארץ']
  Deut 8:20 (13) vs Deut 28:1 (24): [replace: 'כגוים אשר יהוה מאביד מפניכם כן תאבדון עקב לא תשמעון' -> 'והיה אם שמוע תשמע'] =בקול יהוה [replace: 'אלהיכם' -> 'אלהיך לשמר לעשות את כל מצותיו אשר אנכי מצוך היום ונתנך יהוה אלהיך עליון על כל גויי הארץ']
  Deut 8:20 (13) vs Deut 28:15 (23): [replace: 'כגוים אשר יהוה מאביד מפניכם כן תאבדון עקב' -> 'והיה אם'] =לא [replace: 'תשמעון' -> 'תשמע'] =בקול יהוה [replace: 'אלהיכם' -> 'אלהיך לשמר לעשות את כל מצותיו וחקתיו אשר אנכי מצוך היום ובאו עליך כל הקללות האלה והשיגוך']
  Deut 8:20 (13) vs Deut 13:19 (18): [replace: 'כגוים אשר יהוה מאביד מפניכם כן תאבדון עקב לא תשמעון' -> 'כי תשמע'] =בקול יהוה [replace: 'אלהיכם' -> 'אלהיך לשמר את כל מצותיו אשר אנכי מצוך היום לעשות הישר בעיני יהוה אלהיך']
  Deut 8:20 (13) vs Deut 8:19 (20): [replace: 'כגוים אשר' -> 'והיה אם שכח תשכח את'] =יהוה [replace: 'מאביד מפניכם כן' -> 'אלהיך והלכת אחרי אלהים אחרים ועבדתם והשתחוית להם העדתי בכם היום כי אבד'] =תאבדון [delete: 'עקב לא תשמעון בקול יהוה אלהיכם' -> '']
==== B. THE PHRASE CENSUSES over the whole DB (Torah where marked)
  "all the commandment" (כל המצוה): ['Deut 11:22', 'Deut 11:8', 'Deut 15:5', 'Deut 19:9', 'Deut 27:1', 'Deut 5:31', 'Deut 6:25', 'Deut 8:1']
  "which I command you this day" (אשר אנכי מצוך היום) in Deuteronomy: ['Deut 10:13', 'Deut 11:8', 'Deut 13:19', 'Deut 15:5', 'Deut 19:9', 'Deut 27:10', 'Deut 28:1', 'Deut 28:13', 'Deut 28:15', 'Deut 30:11', 'Deut 30:16', 'Deut 30:2', 'Deut 30:8', 'Deut 4:40', 'Deut 6:6', 'Deut 7:11', 'Deut 8:1', 'Deut 8:11']
  the same plural (מצוה אתכם היום): ['Deut 11:13', 'Deut 11:27', 'Deut 11:28', 'Deut 27:1', 'Deut 27:4', 'Deut 28:14']
  "that you may live" (למען תחיון / תחיה / תחיו): ['Deut 5:33', 'Deut 8:1', 'Deut 16:20', 'Deut 30:19', 'Amos 5:14', 'Deut 4:1', 'Jer 35:7']
  "and multiply" (ורביתם): ['Deut 8:1']
  "and go in and possess" (ובאתם וירשתם): ['Deut 11:8', 'Deut 4:1', 'Deut 8:1']
  "go in and possess the land" forms (באים … לרשתה / ובאת וירשת): ['Deut 6:18', 'Josh 18:3', 'Josh 1:11', 'Neh 9:15', 'Neh 9:23']
  "which the LORD swore to your fathers" (אשר נשבע יהוה לאבתיכם / לאבתיך): ['Deut 11:21', 'Deut 11:9', 'Deut 1:8', 'Deut 8:1', 'Deut 28:11', 'Deut 30:20', 'Deut 6:18', 'Deut 9:5']
  "swore to your fathers" any form (נשבע לאבתיך / לאבתיכם / לאבתם) seats: ['Deut 13:18', 'Deut 19:8', 'Deut 29:12', 'Deut 6:10', 'Deut 7:12', 'Deut 7:13', 'Deut 8:18', 'Exod 13:5', 'Deut 7:8', 'Deut 28:11', 'Deut 30:20', 'Deut 6:18', 'Deut 9:5', 'Deut 11:21', 'Deut 11:9', 'Deut 1:8', 'Deut 8:1']
  "swore" the lemma 7650 seats in Deuteronomy: ['Deut 10:11', 'Deut 10:20', 'Deut 11:21', 'Deut 11:9', 'Deut 13:18', 'Deut 19:8', 'Deut 1:34', 'Deut 1:35', 'Deut 1:8', 'Deut 26:15', 'Deut 26:3', 'Deut 28:11', 'Deut 28:9', 'Deut 29:12', 'Deut 2:14', 'Deut 30:20', 'Deut 31:20', 'Deut 31:21', 'Deut 31:23', 'Deut 31:7', 'Deut 34:4', 'Deut 4:21', 'Deut 4:31', 'Deut 6:10', 'Deut 6:13', 'Deut 6:18', 'Deut 6:23', 'Deut 7:12', 'Deut 7:13', 'Deut 7:8', 'Deut 8:1', 'Deut 8:18', 'Deut 9:5']
  "and you shall remember" (וזכרת) seats: ['1Sam 25:31', 'Deut 15:15', 'Deut 16:12', 'Deut 24:18', 'Deut 24:22', 'Deut 5:15', 'Deut 8:18', 'Deut 8:2', 'Ezek 16:61']
  "remember that you were a slave" (וזכרת כי עבד היית): ['Deut 15:15', 'Deut 16:12', 'Deut 24:18', 'Deut 24:22', 'Deut 5:15']
  "remember" the lemma 2142 seats in Deuteronomy: [('Deut 5:15', 'וזכרת', 'HC/Vqq2ms'), ('Deut 7:18', 'זכר', 'HVqa'), ('Deut 7:18', 'תזכר', 'HVqi2ms'), ('Deut 8:2', 'וזכרת', 'HC/Vqq2ms'), ('Deut 8:18', 'וזכרת', 'HC/Vqq2ms'), ('Deut 9:7', 'זכר', 'HVqv2ms'), ('Deut 9:27', 'זכר', 'HVqv2ms'), ('Deut 15:15', 'וזכרת', 'HC/Vqq2ms'), ('Deut 16:3', 'תזכר', 'HVqi2ms'), ('Deut 16:12', 'וזכרת', 'HC/Vqq2ms'), ('Deut 24:9', 'זכור', 'HVqa'), ('Deut 24:18', 'וזכרת', 'HC/Vqq2ms'), ('Deut 24:22', 'וזכרת', 'HC/Vqq2ms'), ('Deut 25:17', 'זכור', 'HVqa'), ('Deut 32:7', 'זכר', 'HVqv2ms')]
  "all the way" (כל הדרך): ['2Kgs 7:15', 'Deut 8:2', 'Deut 8:2']
  "which the LORD your God led you" (אשר הליכך / הוליכך / ואולך): ['Amos 2:10', 'Deut 29:4', 'Deut 8:15', 'Deut 8:2', 'Josh 24:3', 'Lev 26:13']
  "these forty years" (זה ארבעים שנה): ['Deut 2:7', 'Deut 8:2', 'Deut 8:4']
  "forty years" (ארבעים שנה) seats: ['1Chr 29:27', '1Kgs 11:42', '1Kgs 2:11', '1Sam 4:18', '2Chr 9:30', '2Sam 15:7', '2Sam 2:10', '2Sam 5:4', 'Amos 2:10', 'Amos 5:25', 'Deut 29:4', 'Deut 2:7', 'Deut 8:2', 'Deut 8:4', 'Exod 16:35', 'Ezek 29:11', 'Ezek 29:12', 'Ezek 29:13', 'Gen 25:20', 'Gen 26:34', 'Gen 5:13', 'Josh 14:7', 'Josh 5:6', 'Judg 13:1', 'Judg 3:11', 'Judg 5:31', 'Judg 8:28', 'Num 14:33', 'Num 14:34', 'Num 32:13', 'Ps 95:10']
  "forty" (ארבעים) with "year" anywhere near — the seats of ארבעים in the Torah: ['Deut 10:10', 'Deut 25:3', 'Deut 29:4', 'Deut 2:7', 'Deut 8:2', 'Deut 8:4', 'Deut 9:11', 'Deut 9:18', 'Deut 9:25', 'Deut 9:9', 'Exod 16:35', 'Exod 24:18', 'Exod 26:19', 'Exod 26:21', 'Exod 34:28', 'Exod 36:24', 'Exod 36:26', 'Gen 18:28', 'Gen 18:29', 'Gen 25:20', 'Gen 26:34', 'Gen 32:16', 'Gen 47:28', 'Gen 50:3', 'Gen 5:13', 'Gen 7:12', 'Gen 7:17', 'Gen 7:4', 'Gen 8:6', 'Lev 25:8', 'Num 13:25', 'Num 14:33', 'Num 14:34', 'Num 1:21', 'Num 1:25', 'Num 1:33', 'Num 1:41', 'Num 26:18', 'Num 26:41', 'Num 26:50', 'Num 26:7', 'Num 2:11', 'Num 2:15', 'Num 2:19', 'Num 2:28', 'Num 32:13', 'Num 35:6', 'Num 35:7']
  "in the wilderness" (במדבר) seats in chapter 8: [2, 15, 16]
  "in the wilderness" count in Deuteronomy: 9
  "to humble you" (ענתך / ויענך) — the lemma 6031 b seats in Deuteronomy: [('Deut 8:2', 'ענתך', 'HVpc/Sp2ms'), ('Deut 8:3', 'ויענך', 'HC/Vpw3ms/Sp2ms'), ('Deut 8:16', 'ענתך', 'HVpc/Sp2ms'), ('Deut 21:14', 'עניתה', 'HVpp2ms/Sp3fs'), ('Deut 22:24', 'ענה', 'HVpp3ms'), ('Deut 22:29', 'ענה', 'HVpp3ms/Sp3fs'), ('Deut 26:6', 'ויענונו', 'HC/Vpw3mp/Sp1cp')]
  "to test you" (לנסתך / נסתך) and the lemma 5254 seats in the Torah: [('Deut 4:34', 'הנסה', 'HTi/Vpp3ms'), ('Deut 6:16', 'תנסו', 'HVpi2mp'), ('Deut 6:16', 'נסיתם', 'HVpp2mp'), ('Deut 8:2', 'לנסתך', 'HR/Vpc/Sp2ms'), ('Deut 8:16', 'נסתך', 'HVpc/Sp2ms'), ('Deut 13:4', 'מנסה', 'HVprmsa'), ('Deut 28:56', 'נסתה', 'HVpp3fs'), ('Deut 33:8', 'נסיתו', 'HVpp2ms/Sp3ms'), ('Exod 15:25', 'נסהו', 'HVpp3ms/Sp3ms'), ('Exod 16:4', 'אנסנו', 'HVpi1cs/Sp3ms'), ('Exod 17:2', 'תנסון', 'HVpi2mp/Sn'), ('Exod 17:7', 'נסתם', 'HVpc/Sp3mp'), ('Exod 20:20', 'נסות', 'HVpc'), ('Gen 22:1', 'נסה', 'HVpp3ms'), ('Num 14:22', 'וינסו', 'HC/Vpw3mp')]
  "to know what is in your heart" (לדעת את אשר בלבבך): ['Deut 8:2']
  "whether … or not" (אם לא) as a question's tail — the seats of the two tokens ending a verse: ['Deut 8:2', 'Exod 16:4', 'Gen 24:21', 'Gen 27:21', 'Gen 37:32', 'Judg 2:22', 'Num 11:23']
  "whether you would keep His commandments" (התשמר מצותו): ['Deut 8:2']
  the interrogative he on a verb (HTi/V) in Deuteronomy: [('Deut 8:2', 'התשמר', 'HTi/Vqi2ms')]
  "the manna" (המן / מן the lemma 4478 a) seats: [('Deut 8:3', 'המן'), ('Deut 8:16', 'מן'), ('Exod 16:31', 'מן'), ('Exod 16:33', 'מן'), ('Exod 16:35', 'המן'), ('Exod 16:35', 'המן'), ('Josh 5:12', 'המן'), ('Josh 5:12', 'מן'), ('Neh 9:20', 'ומנך'), ('Num 11:6', 'המן'), ('Num 11:7', 'והמן'), ('Num 11:9', 'המן'), ('Ps 78:24', 'מן')]
  "which you did not know" (אשר לא ידעת): ['Deut 13:7', 'Deut 28:33', 'Deut 28:36', 'Deut 28:64', 'Deut 8:3', 'Jer 17:4', 'Ruth 2:11']
  "nor did your fathers know" (ולא ידעון אבתיך / לא ידעון אבתיך): ['Deut 8:16', 'Deut 8:3']
  "you and your fathers" not knowing (לא ידעת אתה ואבתיך): ['Deut 13:7', 'Deut 28:36', 'Deut 28:64', 'Deut 13:7', 'Deut 28:36', 'Deut 28:64']
  the paragogic-nun verb forms (/Sn) in chapter 8 by verse: {1: [('תשמרון', 'HVqi2mp/Sn'), ('תחיון', 'HVqi2mp/Sn')], 3: [('ידעון', 'HVqp3cp/Sn')], 13: [('ירבין', 'HVqi3mp/Sn')], 16: [('ידעון', 'HVqp3cp/Sn')], 19: [('תאבדון', 'HVqi2mp/Sn')], 20: [('תאבדון', 'HVqi2mp/Sn'), ('תשמעון', 'HVqi2mp/Sn')]}
  the paragogic-nun forms count in Deuteronomy by chapter: [(1, 6), (2, 1), (4, 13), (5, 4), (6, 4), (7, 4), (8, 8), (11, 1), (12, 6), (13, 2), (17, 2), (18, 2), (29, 1), (30, 2), (31, 1), (33, 1)]
  "not by bread alone" (לא על הלחם לבדו): ['Deut 8:3']
  "everything that proceeds from the mouth of the LORD" (כל מוצא פי יהוה): ['Deut 8:3']
  "what proceeds from" (מוצא) the lemma 4161 seats: [('1Kgs 10:28', 'ומוצא'), ('2Chr 1:16', 'ומוצא'), ('2Chr 32:30', 'מוצא'), ('2Kgs 2:21', 'מוצא'), ('2Sam 3:25', 'מוצאך'), ('Dan 9:25', 'מצא'), ('Deut 8:3', 'מוצא'), ('Deut 23:24', 'מוצא'), ('Ezek 12:4', 'כמוצאי'), ('Ezek 42:11', 'מוצאיהן'), ('Ezek 43:11', 'ומוצאיו'), ('Ezek 44:5', 'מוצאי'), ('Hos 6:3', 'מוצאו'), ('Isa 41:18', 'למוצאי'), ('Isa 58:11', 'וכמוצא'), ('Jer 17:16', 'מוצא'), ('Job 28:1', 'מוצא'), ('Job 38:27', 'מצא'), ('Num 30:13', 'מוצא'), ('Num 33:2', 'מוצאיהם'), ('Num 33:2', 'למוצאיהם'), ('Ps 19:7', 'מוצאו'), ('Ps 65:9', 'מוצאי'), ('Ps 75:7', 'ממוצא'), ('Ps 89:35', 'ומוצא'), ('Ps 107:33', 'ומצאי'), ('Ps 107:35', 'למצאי')]
  "man shall live" (יחיה האדם): ['Deut 8:3', 'Eccl 11:8']
  "and he shall live by them" (וחי בהם): ['Ezek 20:11', 'Ezek 20:13', 'Ezek 20:21', 'Lev 18:5']
  "the mouth of the LORD" (פי יהוה) seats in the Torah: ['Deut 1:26', 'Deut 1:43', 'Deut 34:5', 'Deut 8:3', 'Deut 9:23', 'Exod 17:1', 'Lev 24:12', 'Num 10:13', 'Num 13:3', 'Num 14:41', 'Num 22:18', 'Num 24:13', 'Num 33:2', 'Num 33:38', 'Num 36:5', 'Num 3:16', 'Num 3:39', 'Num 3:51', 'Num 4:37', 'Num 4:41', 'Num 4:45', 'Num 4:49', 'Num 9:18', 'Num 9:20', 'Num 9:23']
  "your clothing did not wear out" (שמלתך לא בלתה / שלמתיכם לא בלו): ['Deut 8:4', 'Neh 9:21']
  "wear out" the lemma 1086 seats: [('1Chr 17:9', 'לבלתו', 'HR/Vpc/Sp3ms'), ('Deut 8:4', 'בלתה', 'HVqp3fs'), ('Deut 29:4', 'בלו', 'HVqp3cp'), ('Deut 29:4', 'בלתה', 'HVqp3fs'), ('Gen 18:12', 'בלתי', 'HVqc/Sp1cs'), ('Isa 50:9', 'יבלו', 'HVqi3mp'), ('Isa 51:6', 'תבלה', 'HVqi3fs'), ('Isa 65:22', 'יבלו', 'HVpi3mp'), ('Job 13:28', 'יבלה', 'HVqi3ms'), ('Job 21:13', 'יבלו', 'HVpi3mp'), ('Josh 9:13', 'בלו', 'HVqp3cp'), ('Lam 3:4', 'בלה', 'HVpp3ms'), ('Neh 9:21', 'בלו', 'HVqp3cp'), ('Ps 32:3', 'בלו', 'HVqp3cp'), ('Ps 49:15', 'לבלות', 'HR/Vpc'), ('Ps 102:27', 'יבלו', 'HVqi3mp')]
  "your foot did not swell" (ורגלך לא בצקה / ורגליהם לא בצקו): ['Deut 8:4', 'Neh 9:21']
  "swell" the lemma 1216 seats: [('Deut 8:4', 'בצקה', 'HVqp3fs'), ('Neh 9:21', 'בצקו', 'HVqp3cp')]
  "as a man disciplines his son" (כאשר ייסר איש את בנו): ['Deut 8:5']
  "discipline" the lemma 3256 seats in the Torah: [('Deut 4:36', 'ליסרך', 'HR/Vpc/Sp2ms'), ('Deut 8:5', 'ייסר', 'HVpi3ms'), ('Deut 8:5', 'מיסרך', 'HVprmsc/Sp2ms'), ('Deut 21:18', 'ויסרו', 'HC/Vpq3cp'), ('Deut 22:18', 'ויסרו', 'HC/Vpq3cp'), ('Lev 26:18', 'ליסרה', 'HR/Vpc'), ('Lev 26:23', 'תוסרו', 'HVNi2mp'), ('Lev 26:28', 'ויסרתי', 'HC/Vpq1cs')]
  "as a man carries his son" (כאשר ישא איש את בנו) — 1:31: ['Deut 1:31']
  "as a man … his son" (כאשר … איש את בנו) the two seats: ['2Kgs 23:10', 'Deut 1:31', 'Deut 8:5']
  "with your heart" (עם לבבך): ['1Kgs 8:18', '2Chr 1:11', '2Chr 6:8', '2Kgs 10:15', 'Deut 15:9', 'Deut 8:5', '1Chr 22:7', '1Chr 28:2', '2Chr 29:10', 'Josh 14:7', 'Ps 77:7']
  "to walk in His ways" (ללכת בדרכיו): ['1Kgs 2:3', 'Deut 30:16', 'Deut 8:6']
  "to walk in all His ways" (ללכת בכל דרכיו): ['1Kgs 8:58', 'Deut 10:12', 'Deut 11:22']
  "and to fear Him" (וליראה אתו): ['Deut 8:6']
  "to fear the LORD your God" (ליראה את יהוה אלהיך) seats: ['Deut 10:12', 'Deut 14:23', 'Deut 31:13', 'Deut 10:12', 'Deut 14:23', 'Deut 17:19', 'Deut 31:13', 'Deut 6:24']
  "a good land" (ארץ טובה / הארץ הטובה / הארץ הטבה) seats: ['Deut 8:7', 'Exod 3:8', '1Chr 28:8', 'Deut 1:35', 'Deut 3:25', 'Deut 4:21', 'Deut 4:22', 'Deut 9:6', 'Josh 23:16', 'Deut 11:17', 'Deut 6:18', 'Deut 8:10']
  "brooks of water" (נחלי מים): ['Deut 10:7', 'Deut 8:7', 'Jer 31:9']
  "springs and deeps" (עינת ותהמת): ['Deut 8:7']
  "deeps" (תהמת / תהומות / תהמות) seats in the Torah: ['Deut 8:7', 'Exod 15:5', 'Exod 15:8']
  "in the valley and in the hill" (בבקעה ובהר): ['Deut 8:7']
  "a land of hills and valleys" (ארץ הרים ובקעת): ['Deut 11:11']
  "a land of wheat and barley" (ארץ חטה ושערה): ['Deut 8:8']
  "a land of olive oil and honey" (ארץ זית שמן ודבש): ['Deut 8:8']
  the seven species' lemmas — wheat 2406, barley 8184, vine 1612, fig 8384, pomegranate 7416, olive 2132, honey 1706 — verses holding three or more: [('Deut 8:8', 7), ('Jer 41:8', 3), ('Hab 3:17', 3), ('Hag 2:19', 4), ('Joel 1:12', 3), ('Num 20:5', 3)]
  the verses holding all seven: ['Deut 8:8']
  "flowing with milk and honey" (זבת חלב ודבש) seats: ['Deut 11:9', 'Deut 26:15', 'Deut 26:9', 'Deut 27:3', 'Deut 31:20', 'Deut 6:3', 'Exod 13:5', 'Exod 33:3', 'Exod 3:17', 'Exod 3:8', 'Ezek 20:15', 'Ezek 20:6', 'Jer 11:5', 'Jer 32:22', 'Josh 5:6', 'Lev 20:24', 'Num 13:27', 'Num 14:8', 'Num 16:13', 'Num 16:14']
  "milk" (חלב) in chapter 8: []
  "honey" (דבש / ודבש) seats in the Torah: ['Deut 11:9', 'Deut 26:15', 'Deut 26:9', 'Deut 27:3', 'Deut 31:20', 'Deut 32:13', 'Deut 6:3', 'Deut 8:8', 'Exod 13:5', 'Exod 16:31', 'Exod 33:3', 'Exod 3:17', 'Exod 3:8', 'Gen 43:11', 'Lev 20:24', 'Lev 2:11', 'Num 13:27', 'Num 14:8', 'Num 16:13', 'Num 16:14']
  "in poverty" (במסכנת) — the lemma 4544 seats: [('Deut 8:9', 'במסכנת')]
  "you shall not lack anything" (לא תחסר כל): ['Deut 8:9']
  "you lacked nothing" (לא חסרת דבר): ['Deut 2:7']
  "lack" the lemma 2637 seats in the Torah: [('Deut 2:7', 'חסרת', 'HVqp2ms'), ('Deut 8:9', 'תחסר', 'HVqi2ms'), ('Deut 15:8', 'יחסר', 'HVqi3ms'), ('Exod 16:18', 'החסיר', 'HVhp3ms'), ('Gen 8:3', 'ויחסרו', 'HC/Vqw3mp'), ('Gen 8:5', 'וחסור', 'HC/Vqa'), ('Gen 18:28', 'יחסרון', 'HVqi3mp/Sn')]
  "whose stones are iron" (אשר אבניה ברזל): ['Deut 8:9']
  "iron" (ברזל) seats in Deuteronomy: ['Deut 19:5', 'Deut 27:5', 'Deut 28:23', 'Deut 28:48', 'Deut 33:25', 'Deut 3:11', 'Deut 4:20', 'Deut 8:9']
  "copper" (נחשת) seats in Deuteronomy: ['Deut 28:23', 'Deut 33:25', 'Deut 8:9']
  "hew" the lemma 2672 seats in the Torah: [('Deut 6:11', 'חצובים', 'HVqsmpa'), ('Deut 6:11', 'חצבת', 'HVqp2ms'), ('Deut 8:9', 'תחצב', 'HVqi2ms')]
  "and you shall eat and be satisfied and bless" (ואכלת ושבעת וברכת): ['Deut 8:10']
  "eat and be satisfied" (ואכלת ושבעת / תאכל ושבעת / ואכל ושבע / ואכלו ושבעו): ['Deut 11:15', 'Deut 6:11', 'Deut 8:10', 'Deut 8:12', 'Deut 31:20', 'Deut 14:29']
  "be satisfied" the lemma 7646 seats in Deuteronomy: [('Deut 6:11', 'ושבעת', 'HC/Vqq2ms'), ('Deut 8:10', 'ושבעת', 'HC/Vqq2ms'), ('Deut 8:12', 'ושבעת', 'HC/Vqq2ms'), ('Deut 11:15', 'ושבעת', 'HC/Vqq2ms'), ('Deut 14:29', 'ושבעו', 'HC/Vqq3cp'), ('Deut 26:12', 'ושבעו', 'HC/Vqq3cp'), ('Deut 31:20', 'ושבע', 'HC/Vqq3ms')]
  "and you shall bless the LORD" (וברכת את יהוה): ['Deut 8:10']
  "bless the LORD" (ברכו / ברך את יהוה) in the Torah: ['Deut 8:10']
  "the good land which He has given you" (הארץ הטבה אשר נתן לך): ['Deut 8:10']
  "which He has given you" (אשר נתן לך) seats in Deuteronomy: ['Deut 12:15', 'Deut 16:17', 'Deut 26:11', 'Deut 28:53', 'Deut 8:10']
  "take heed to yourself lest" (השמר לך פן): ['Deut 12:13', 'Deut 12:19', 'Deut 12:30', 'Deut 15:9', 'Deut 6:12', 'Deut 8:11', 'Exod 34:12', 'Gen 24:6', 'Gen 31:24']
  "take heed to yourselves lest" (השמרו לכם פן): ['Deut 11:16', 'Deut 4:23']
  "take heed" the niphal imperative (HVNv) seats of 8104 in the Torah: [('Deut 4:9', 'השמר', 'HVNv2ms'), ('Deut 4:23', 'השמרו', 'HVNv2mp'), ('Deut 6:12', 'השמר', 'HVNv2ms'), ('Deut 8:11', 'השמר', 'HVNv2ms'), ('Deut 11:16', 'השמרו', 'HVNv2mp'), ('Deut 12:13', 'השמר', 'HVNv2ms'), ('Deut 12:19', 'השמר', 'HVNv2ms'), ('Deut 12:30', 'השמר', 'HVNv2ms'), ('Deut 15:9', 'השמר', 'HVNv2ms'), ('Deut 24:8', 'השמר', 'HVNv2ms'), ('Exod 10:28', 'השמר', 'HVNv2ms'), ('Exod 19:12', 'השמרו', 'HVNv2mp'), ('Exod 23:21', 'השמר', 'HVNv2ms'), ('Exod 34:12', 'השמר', 'HVNv2ms'), ('Gen 24:6', 'השמר', 'HVNv2ms'), ('Gen 31:24', 'השמר', 'HVNv2ms'), ('Gen 31:29', 'השמר', 'HVNv2ms')]
  "lest you forget the LORD" (פן תשכח את יהוה): ['Deut 6:12', 'Deut 8:11']
  "forget the LORD" any form (תשכח / ושכחת / שכח תשכח את יהוה): ['Deut 6:12', 'Deut 8:11', 'Deut 8:19', 'Deut 8:14', 'Jer 3:21', '1Sam 12:9', 'Judg 3:7']
  "forget" the lemma 7911 seats in Deuteronomy: [('Deut 4:9', 'תשכח', 'HVqi2ms'), ('Deut 4:23', 'תשכחו', 'HVqi2mp'), ('Deut 4:31', 'ישכח', 'HVqi3ms'), ('Deut 6:12', 'תשכח', 'HVqi2ms'), ('Deut 8:11', 'תשכח', 'HVqi2ms'), ('Deut 8:14', 'ושכחת', 'HC/Vqq2ms'), ('Deut 8:19', 'שכח', 'HVqa'), ('Deut 8:19', 'תשכח', 'HVqi2ms'), ('Deut 9:7', 'תשכח', 'HVqj2ms'), ('Deut 24:19', 'ושכחת', 'HC/Vqq2ms'), ('Deut 25:19', 'תשכח', 'HVqi2ms'), ('Deut 26:13', 'שכחתי', 'HVqp1cs'), ('Deut 31:21', 'תשכח', 'HVNi3fs'), ('Deut 32:18', 'ותשכח', 'HC/Vqw2ms')]
  "His commandments, His judgments and His statutes" (מצותיו ומשפטיו וחקתיו): ['Deut 8:11']
  the triads of commandment / statute / judgment by order in the Bible — verses holding a token of each (4687, 2706 or 2708, 4941): [('1Kgs 2:3', ['חקתיו', 'מצותיו', 'ומשפטיו']), ('1Kgs 6:12', ['בחקתי', 'משפטי', 'מצותי']), ('1Kgs 8:58', ['מצותיו', 'וחקיו', 'ומשפטיו']), ('2Chr 19:10', ['למצוה', 'לחקים', 'ולמשפטים']), ('2Kgs 17:34', ['כמשפטים', 'כחקתם', 'וכמשפטם', 'וכמצוה']), ('2Kgs 17:37', ['החקים', 'המשפטים', 'והמצוה']), ('Deut 11:1', ['וחקתיו', 'ומשפטיו', 'ומצותיו']), ('Deut 26:17', ['חקיו', 'ומצותיו', 'ומשפטיו']), ('Deut 30:16', ['מצותיו', 'וחקתיו', 'ומשפטיו']), ('Deut 5:31', ['המצוה', 'והחקים', 'והמשפטים']), ('Deut 6:1', ['המצוה', 'החקים', 'והמשפטים']), ('Deut 7:11', ['המצוה', 'החקים', 'המשפטים']), ('Deut 8:11', ['מצותיו', 'ומשפטיו', 'וחקתיו']), ('Lev 26:15', ['בחקתי', 'משפטי', 'מצותי']), ('Neh 10:30', ['מצות', 'ומשפטיו', 'וחקיו']), ('Neh 1:7', ['המצות', 'החקים', 'המשפטים']), ('Neh 9:13', ['משפטים', 'חקים', 'ומצות'])]
  "His commandments" (מצותיו) seats in the Torah: ['Deut 13:19', 'Deut 13:5', 'Deut 26:18', 'Deut 27:10', 'Deut 28:1', 'Deut 28:15', 'Deut 28:45', 'Deut 30:10', 'Deut 30:16', 'Deut 30:8', 'Deut 4:40', 'Deut 5:10', 'Deut 7:9', 'Deut 8:11', 'Deut 8:2', 'Num 15:31']
  "His statutes" (חקתיו / חקיו) seats: ['1Kgs 2:3', '1Kgs 8:58', '2Chr 34:31', '2Kgs 17:15', '2Kgs 23:3', '2Sam 22:23', 'Amos 2:4', 'Deut 10:13', 'Deut 11:1', 'Deut 26:17', 'Deut 27:10', 'Deut 28:15', 'Deut 28:45', 'Deut 30:10', 'Deut 30:16', 'Deut 4:40', 'Deut 6:17', 'Deut 6:2', 'Deut 8:11', 'Exod 15:26', 'Ezek 43:11', 'Ezra 7:11', 'Neh 10:30', 'Num 9:3', 'Ps 105:45', 'Ps 147:19', 'Ps 18:23']
  "His judgments" (משפטיו) seats: ['1Chr 16:14', '1Kgs 2:3', '1Kgs 8:58', 'Deut 11:1', 'Deut 26:17', 'Deut 30:16', 'Deut 33:21', 'Deut 8:11', 'Neh 10:30', 'Num 9:3', 'Ps 105:7', 'Ps 147:19', 'Ps 18:23']
  "lest you eat and be satisfied" (פן תאכל ושבעת): ['Deut 8:12']
  "good houses you build and dwell" (ובתים טובים תבנה וישבת): ['Deut 8:12']
  "a house you shall build and not dwell in it" (בית תבנה ולא תשב בו): ['Deut 28:30']
  "build … houses … and dwell" pairs (תבנה … וישבת / ובנו בתים וישבו): ['Isa 65:21', 'Jer 29:28', 'Jer 29:5']
  "houses full of all good" (ובתים מלאים כל טוב): ['Deut 6:11']
  "your herd and your flock" (ובקרך וצאנך / בקרך וצאנך): ['Deut 8:13', 'Deut 12:17', 'Deut 14:23']
  "silver and gold" (וכסף וזהב / כסף וזהב) seats in the Torah: ['Deut 17:17', 'Deut 8:13', 'Gen 24:35', 'Deut 29:16', 'Deut 7:25', 'Num 22:18', 'Num 24:13']
  "silver and gold shall multiply for you / he shall not multiply" (וכסף וזהב ירבה לך / וכסף וזהב לא ירבה לו): ['Deut 8:13', 'Deut 17:17']
  "multiply" the lemma 7235 a seats in Deuteronomy: [('Deut 1:10', 'הרבה', 'HVhp3ms'), ('Deut 3:5', 'הרבה', 'HVha'), ('Deut 6:3', 'תרבון', 'HVqi2mp/Sn'), ('Deut 7:13', 'והרבך', 'HC/Vhq3ms/Sp2ms'), ('Deut 7:22', 'תרבה', 'HVqi3fs'), ('Deut 8:1', 'ורביתם', 'HC/Vqq2mp'), ('Deut 8:13', 'ירבין', 'HVqi3mp/Sn'), ('Deut 8:13', 'ירבה', 'HVqi3ms'), ('Deut 8:13', 'ירבה', 'HVqi3ms'), ('Deut 11:21', 'ירבו', 'HVqi3mp'), ('Deut 13:18', 'והרבך', 'HC/Vhq3ms/Sp2ms'), ('Deut 14:24', 'ירבה', 'HVqi3ms'), ('Deut 17:16', 'ירבה', 'HVhi3ms'), ('Deut 17:16', 'הרבות', 'HVhc'), ('Deut 17:17', 'ירבה', 'HVhi3ms'), ('Deut 17:17', 'ירבה', 'HVhi3ms'), ('Deut 19:6', 'ירבה', 'HVqi3ms'), ('Deut 28:63', 'ולהרבות', 'HC/R/Vhc'), ('Deut 30:5', 'והרבך', 'HC/Vhq3ms/Sp2ms'), ('Deut 30:16', 'ורבית', 'HC/Vqq2ms')]
  "and all that you have shall multiply" (וכל אשר לך ירבה): ['Deut 8:13']
  "and your heart be lifted up" (ורם לבבך): ['Deut 8:14']
  "that his heart be not lifted up" (לבלתי רום לבבו): ['Deut 17:20']
  "heart lifted" — the lemma 7311 a with a heart token in the verse: ['Dan 11:12', 'Dan 12:7', 'Deut 17:20', 'Deut 1:28', 'Deut 8:14', 'Ezek 31:10', 'Hos 13:6', 'Job 17:4']
  "and you forget the LORD your God" (ושכחת את יהוה אלהיך): ['Deut 8:14']
  "who brought you out of the land of Egypt, from the house of bondage" (המוציאך מארץ מצרים מבית עבדים): ['Deut 13:11', 'Deut 8:14']
  "from the house of bondage" (מבית עבדים) seats: ['Deut 13:11', 'Deut 13:6', 'Deut 5:6', 'Deut 6:12', 'Deut 7:8', 'Deut 8:14', 'Exod 13:14', 'Exod 13:3', 'Exod 20:2', 'Jer 34:13', 'Josh 24:17', 'Judg 6:8']
  "who brought you out" participle forms (המוציאך / המוציא / המוציאך) seats: ['1Chr 11:2', 'Deut 13:11', 'Deut 13:6', 'Deut 8:14', 'Deut 8:15', 'Exod 6:7', 'Isa 40:26', 'Isa 43:17', 'Judg 2:12', 'Lev 22:33']
  "the land of Egypt" (ארץ מצרים / מארץ מצרים) count in chapter 8: [14]
  "who led you" (המוליכך / המוליך / ואולך) seats: ['Amos 2:10', 'Deut 29:4', 'Deut 8:15', 'Isa 63:12', 'Jer 2:6', 'Job 12:17', 'Job 12:19', 'Josh 24:3', 'Lev 26:13']
  "the great and terrible wilderness" (המדבר הגדול והנורא / במדבר הגדל והנורא): ['Dan 9:4', 'Deut 1:19', 'Joel 3:4', 'Mal 3:23', 'Neh 1:5', 'Neh 4:8', 'Deut 8:15']
  "fiery serpent(s)" (נחש שרף / הנחשים השרפים / שרף): ['Deut 8:15', 'Num 21:6', '2Chr 34:5', '2Kgs 17:31', '2Kgs 23:11', '2Kgs 25:9', 'Deut 8:15', 'Isa 14:29', 'Isa 44:16', 'Isa 6:2', 'Isa 6:6', 'Jer 36:25', 'Jer 36:27', 'Jer 36:28', 'Jer 36:32', 'Jer 52:13', 'Josh 11:11', 'Josh 11:13', 'Josh 11:9', 'Lev 10:16', 'Lev 10:6', 'Lev 4:21', 'Lev 8:17', 'Lev 9:11', 'Num 17:4', 'Num 21:6', 'Num 21:8']
  "scorpion" (עקרב) the lemma 6137 seats: [('1Kgs 12:11', 'בעקרבים'), ('1Kgs 12:14', 'בעקרבים'), ('2Chr 10:11', 'בעקרבים'), ('2Chr 10:14', 'בעקרבים'), ('Deut 8:15', 'ועקרב'), ('Ezek 2:6', 'עקרבים')]
  "thirsty ground" (צמאון) the lemma 6774 seats: [('Deut 8:15', 'וצמאון'), ('Isa 35:7', 'וצמאון'), ('Ps 107:33', 'לצמאון')]
  "where there is no water" (אשר אין מים / ואין מים / אין מים): ['Deut 8:15', 'Exod 17:1', 'Num 21:5', 'Deut 8:15', 'Jer 38:6', 'Zech 9:11']
  "who brought you water out of the rock of flint" (המוציא לך מים מצור החלמיש): ['Deut 8:15']
  "flint" (חלמיש) the lemma 2496 seats: [('Deut 8:15', 'החלמיש'), ('Deut 32:13', 'מחלמיש'), ('Isa 50:7', 'כחלמיש'), ('Job 28:9', 'בחלמיש'), ('Ps 114:8', 'חלמיש')]
  "from the rock" (מצור / מהצור / מהסלע / מסלע) seats with water in the verse: ['2Kgs 19:24', '2Sam 21:10', 'Deut 8:15', 'Exod 17:6', 'Isa 37:25', 'Isa 48:21', 'Jer 18:14', 'Mic 7:12', 'Num 20:10', 'Num 20:11', 'Num 20:8', 'Ps 114:8', 'Ps 78:16']
  "the rock" — the two words 6697 (tsur) and 5553 (sela) at the water seats: [('2Sam 21:10', 'הצור', '6697'), ('Deut 8:15', 'מצור', '6697'), ('Exod 17:6', 'הצור', '6697'), ('Exod 17:6', 'בצור', '6697'), ('Isa 32:2', 'סלע', '5553'), ('Isa 48:21', 'מצור', '6697'), ('Isa 48:21', 'צור', '6697'), ('Jer 18:14', 'מצור', '6697'), ('Num 20:8', 'הסלע', '5553'), ('Num 20:8', 'הסלע', '5553'), ('Num 20:10', 'הסלע', '5553'), ('Num 20:10', 'הסלע', '5553'), ('Num 20:11', 'הסלע', '5553'), ('Ps 78:16', 'מסלע', '5553'), ('Ps 78:20', 'צור', '6697'), ('Ps 105:41', 'צור', '6697'), ('Ps 114:8', 'הצור', '6697')]
  "who fed you manna in the wilderness" (המאכלך מן במדבר): ['Deut 8:16']
  "to do you good in your end" (להיטבך באחריתך): ['Deut 8:16']
  "end / latter days" the lemma 319 seats in the Torah: [('Deut 4:30', 'באחרית'), ('Deut 8:16', 'באחריתך'), ('Deut 11:12', 'אחרית'), ('Deut 31:29', 'באחרית'), ('Deut 32:20', 'אחריתם'), ('Deut 32:29', 'לאחריתם'), ('Gen 49:1', 'באחרית'), ('Num 23:10', 'אחריתי'), ('Num 24:14', 'באחרית'), ('Num 24:20', 'ואחריתו')]
  "to do good" the lemma 3190 seats in Deuteronomy: [('Deut 1:23', 'וייטב', 'HC/Vqw3ms'), ('Deut 4:40', 'ייטב', 'HVqi3ms'), ('Deut 5:16', 'ייטב', 'HVqi3ms'), ('Deut 5:28', 'היטיבו', 'HVhp3cp'), ('Deut 5:29', 'ייטב', 'HVqi3ms'), ('Deut 6:3', 'ייטב', 'HVqi3ms'), ('Deut 6:18', 'ייטב', 'HVqi3ms'), ('Deut 8:16', 'להיטבך', 'HR/Vhc/Sp2ms'), ('Deut 9:21', 'היטב', 'HVha'), ('Deut 12:25', 'ייטב', 'HVqi3ms'), ('Deut 12:28', 'ייטב', 'HVqi3ms'), ('Deut 13:15', 'היטב', 'HVha'), ('Deut 17:4', 'היטב', 'HVha'), ('Deut 18:17', 'היטיבו', 'HVhp3cp'), ('Deut 19:18', 'היטב', 'HVha'), ('Deut 22:7', 'ייטב', 'HVqi3ms'), ('Deut 27:8', 'היטב', 'HVha'), ('Deut 28:63', 'להיטיב', 'HR/Vhc'), ('Deut 30:5', 'והיטבך', 'HC/Vhq3ms/Sp2ms')]
  "and you say in your heart" (ואמרת בלבבך): ['Deut 8:17', 'Isa 49:21']
  "if you say in your heart" (כי תאמר בלבבך): ['Deut 7:17']
  "do not say in your heart" (אל תאמר בלבבך): ['Deut 9:4']
  "my power and the might of my hand" (כחי ועצם ידי): ['Deut 8:17']
  "has gotten me this wealth" (עשה לי את החיל הזה): ['Deut 8:17']
  "wealth / might / army" the lemma 2428 seats in Deuteronomy: [('Deut 3:18', 'חיל'), ('Deut 8:17', 'החיל'), ('Deut 8:18', 'חיל'), ('Deut 11:4', 'לחיל'), ('Deut 33:11', 'חילו')]
  "my own hand has saved me" (ידי הושיעה לי): ['Judg 7:2']
  "by the strength of my hand I have done it" (בכח ידי עשיתי): ['Isa 10:13']
  "might / power" the lemma 3581 b seats in the Torah: [('Deut 4:37', 'בכחו'), ('Deut 8:17', 'כחי'), ('Deut 8:18', 'כח'), ('Deut 9:29', 'בכחך'), ('Exod 9:16', 'כחי'), ('Exod 15:6', 'בכח'), ('Exod 32:11', 'בכח'), ('Gen 4:12', 'כחה'), ('Gen 31:6', 'כחי'), ('Gen 49:3', 'כחי'), ('Lev 26:20', 'כחכם'), ('Num 14:13', 'בכחך'), ('Num 14:17', 'כח')]
  "for it is He who gives you power to get wealth" (כי הוא הנתן לך כח לעשות חיל): ['Deut 8:18']
  "to get wealth / do valiantly" (לעשות חיל / עשה חיל / יעשה חיל) seats: ['Deut 8:18', 'Num 24:18', 'Ps 118:15', 'Ps 118:16', 'Prov 31:29', 'Ps 108:14', 'Ps 60:14']
  "that He may establish His covenant" (למען הקים את בריתו): ['Deut 8:18']
  "establish" 6965 b with "covenant" 1285 in the verse — the seats: ['1Chr 22:19', '1Chr 28:2', '2Kgs 23:3', '2Sam 3:21', 'Deut 31:16', 'Deut 8:18', 'Exod 6:4', 'Ezek 16:60', 'Ezek 16:62', 'Gen 17:19', 'Gen 17:21', 'Gen 17:7', 'Gen 21:32', 'Gen 6:18', 'Gen 9:11', 'Gen 9:17', 'Gen 9:9', 'Isa 28:18', 'Isa 49:8', 'Jer 34:18', 'Josh 4:9', 'Lev 26:9', 'Neh 9:8']
  "which He swore to your fathers" (אשר נשבע לאבתיך): ['Deut 6:10', 'Deut 7:12', 'Deut 7:13', 'Deut 8:18', 'Exod 13:5']
  "as at this day" (כיום הזה): ['1Chr 28:7', '1Kgs 3:6', '1Kgs 8:24', '1Kgs 8:61', '1Sam 22:13', '1Sam 22:8', '2Chr 6:15', 'Dan 9:15', 'Dan 9:7', 'Deut 10:15', 'Deut 29:27', 'Deut 2:30', 'Deut 4:20', 'Deut 4:38', 'Deut 8:18', 'Gen 50:20', 'Jer 11:5', 'Jer 25:18', 'Jer 32:20', 'Jer 44:23', 'Jer 44:6']
  "as at this day" in Deuteronomy: ['Deut 10:15', 'Deut 29:27', 'Deut 2:30', 'Deut 4:20', 'Deut 4:38', 'Deut 8:18']
  "and it shall be, if you surely forget" (והיה אם שכח תשכח): ['Deut 8:19']
  the infinitive absolute of "forget" (שכח, HVqa) seats: [('Deut 8:19', 'שכח', 'HVqa')]
  "and go after other gods" (והלכת אחרי אלהים אחרים): ['Deut 8:19']
  "after other gods" (אחרי אלהים אחרים) seats: ['1Kgs 11:10', '1Kgs 11:4', 'Deut 11:28', 'Deut 13:3', 'Deut 28:14', 'Deut 6:14', 'Deut 8:19', 'Jer 11:10', 'Jer 13:10', 'Jer 16:11', 'Jer 25:6', 'Jer 35:15', 'Jer 7:9', 'Judg 2:12', 'Judg 2:17', 'Judg 2:19']
  "other gods" (אלהים אחרים) seats in Deuteronomy: ['Deut 11:16', 'Deut 11:28', 'Deut 13:14', 'Deut 13:3', 'Deut 13:7', 'Deut 17:3', 'Deut 18:20', 'Deut 28:14', 'Deut 28:36', 'Deut 28:64', 'Deut 29:25', 'Deut 31:18', 'Deut 31:20', 'Deut 5:7', 'Deut 6:14', 'Deut 7:4', 'Deut 8:19']
  "other gods" count in Deuteronomy: 17
  "and serve them and bow down to them" (ועבדתם והשתחוית להם): ['Deut 8:19']
  "serve … and bow" / "bow … and serve" — the verses holding 5647 and 7812 in the Torah, the order by first token: [('Deut 11:16', ['ועבדתם', 'והשתחויתם']), ('Deut 17:3', ['ויעבד', 'וישתחו']), ('Deut 29:25', ['ויעבדו', 'וישתחוו']), ('Deut 30:17', ['והשתחוית', 'ועבדתם']), ('Deut 4:19', ['והשתחוית', 'ועבדתם']), ('Deut 5:9', ['תשתחוה', 'תעבדם']), ('Deut 8:19', ['ועבדתם', 'והשתחוית']), ('Exod 20:5', ['תשתחוה', 'תעבדם']), ('Exod 23:24', ['תשתחוה', 'תעבדם']), ('Gen 27:29', ['יעבדוך', 'וישתחו', 'וישתחוו'])]
  "I testify against you this day" (העדתי בכם היום): ['Deut 8:19']
  "testify" the lemma 5749 b seats in the Torah: [('Deut 4:26', 'העידתי', 'HVhp1cs'), ('Deut 8:19', 'העדתי', 'HVhp1cs'), ('Deut 30:19', 'העידתי', 'HVhp1cs'), ('Deut 31:28', 'ואעידה', 'HC/Vhh1cs'), ('Deut 32:46', 'מעיד', 'HVhrmsa'), ('Exod 19:21', 'העד', 'HVhv2ms'), ('Exod 19:23', 'העדתה', 'HVhp2ms'), ('Exod 21:29', 'והועד', 'HC/VHq3ms'), ('Gen 43:3', 'העד', 'HVha'), ('Gen 43:3', 'העד', 'HVhp3ms')]
  "I call heaven and earth to witness against you this day" (העידתי בכם היום את השמים ואת הארץ): ['Deut 30:19', 'Deut 4:26']
  "that you shall surely perish" (כי אבד תאבדון): ['Deut 30:18', 'Deut 4:26', 'Deut 8:19']
  "you shall surely perish" (אבד תאבדון): ['Deut 12:2', 'Deut 30:18', 'Deut 4:26', 'Deut 8:19']
  the infinitive absolute of "perish" (אבד, HVqa) seats: [('Deut 4:26', 'אבד', 'HVqa'), ('Deut 8:19', 'אבד', 'HVqa'), ('Deut 30:18', 'אבד', 'HVqa')]
  "perish" the lemma 6 seats in Deuteronomy: [('Deut 4:26', 'אבד', 'HVqa'), ('Deut 4:26', 'תאבדון', 'HVqi2mp/Sn'), ('Deut 7:10', 'להאבידו', 'HR/Vhc/Sp3ms'), ('Deut 7:20', 'אבד', 'HVqc'), ('Deut 7:24', 'והאבדת', 'HC/Vhq2ms'), ('Deut 8:19', 'אבד', 'HVqa'), ('Deut 8:19', 'תאבדון', 'HVqi2mp/Sn'), ('Deut 8:20', 'מאביד', 'HVhrmsa'), ('Deut 8:20', 'תאבדון', 'HVqi2mp/Sn'), ('Deut 9:3', 'והאבדתם', 'HC/Vhq2ms/Sp3mp'), ('Deut 11:4', 'ויאבדם', 'HC/Vpw3ms/Sp3mp'), ('Deut 11:17', 'ואבדתם', 'HC/Vqq2mp'), ('Deut 12:2', 'אבד', 'HVpa'), ('Deut 12:2', 'תאבדון', 'HVpi2mp/Sn'), ('Deut 12:3', 'ואבדתם', 'HC/Vpq2mp'), ('Deut 22:3', 'תאבד', 'HVqi3fs'), ('Deut 26:5', 'אבד', 'HVqrmsa'), ('Deut 28:20', 'אבדך', 'HVqc/Sp2ms'), ('Deut 28:22', 'אבדך', 'HVqc/Sp2ms'), ('Deut 28:51', 'האבידו', 'HVhc/Sp3ms'), ('Deut 28:63', 'להאביד', 'HR/Vhc'), ('Deut 30:18', 'אבד', 'HVqa'), ('Deut 30:18', 'תאבדון', 'HVqi2mp/Sn'), ('Deut 32:28', 'אבד', 'HVqrmsc')]
  "like the nations which the LORD makes to perish before you" (כגוים אשר יהוה מאביד מפניכם): ['Deut 8:20']
  "so shall you perish" (כן תאבדון): ['Deut 8:20']
  "like … so" (כ… כן) with "perish" — the measure-for-measure form: ['Deut 8:20']
  "because" (עקב) the lemma 6118 seats — the heel as a conjunction: [('2Sam 12:6', 'עקב', 'HNcmsc'), ('2Sam 12:10', 'עקב', 'HNcmsa'), ('Amos 4:12', 'עקב', 'HNcmsa'), ('Deut 7:12', 'עקב', 'HNcmsc'), ('Deut 8:20', 'עקב', 'HNcmsc'), ('Gen 22:18', 'עקב', 'HNcmsa'), ('Gen 26:5', 'עקב', 'HNcmsa'), ('Isa 5:23', 'עקב', 'HNcmsc'), ('Num 14:24', 'עקב', 'HC'), ('Prov 22:4', 'עקב', 'HNcmsc'), ('Ps 19:12', 'עקב', 'HNcmsa'), ('Ps 40:16', 'עקב', 'HNcmsc'), ('Ps 70:4', 'עקב', 'HNcmsc'), ('Ps 119:33', 'עקב', 'HNcmsa'), ('Ps 119:112', 'עקב', 'HNcmsa')]
  "because you would not hearken" (עקב לא תשמעון): ['Deut 8:20']
  "because you hearkened to My voice" (עקב אשר שמעת בקלי / שמע … בקלי): ['Gen 22:18', 'Gen 26:5']
  "hearken to the voice of the LORD your God" (תשמע בקול יהוה אלהיך / תשמעון בקול יהוה אלהיכם / שמע בקול) seats in Deuteronomy: ['Deut 13:19', 'Deut 15:5', 'Deut 27:10', 'Deut 28:1', 'Deut 28:15', 'Deut 28:2', 'Deut 28:45', 'Deut 28:62', 'Deut 30:10', 'Deut 8:20']
  "not hearken to the voice" (לא תשמעון בקול / לא תשמע בקול / לא שמעתם בקול) seats: ['Deut 8:20', 'Deut 28:15', '1Kgs 20:36', '1Sam 15:19', '1Sam 28:18', 'Deut 28:45', 'Deut 28:62', 'Jer 42:21', 'Jer 44:23']
  the divine name by form in chapter 8: Counter({'יהוה': 13})
  "the LORD your God" singular (יהוה אלהיך) seats in ch 8: [2, 5, 6, 7, 10, 11, 14, 18, 19]
  plural (יהוה אלהיכם): [20]
  "the LORD" without "your God": [1, 3, 20]
  "God" (אלהים / אלהי / האלהים / אל) bare or construct in chapter 8: {7: ['אל'], 19: ['אלהים']}
  Moses named in chapter 8?: []
  Israel named: []
  Egypt / Pharaoh named: {14: ['מצרים']}
  "the fathers" (אבתיך / אבתיכם / לאבתיך / לאבתיכם) seats in chapter 8: {1: ['לאבתיכם'], 3: ['אבתיך'], 16: ['אבתיך'], 18: ['לאבתיך']}
==== C. THE NUMBER VERSES 8:2 and 8:4, the seven-stem homograph at 8:1, 8:10, 8:12, 8:18 — the parser's reading; the written/read pair at 8:2
  8:1 verse_words ['כל', 'המצוה', 'אשר', 'אנכי', 'מצוך', 'היום', 'תשמרון', 'לעשות', 'למען', 'תחיון', 'ורביתם', 'ובאתם', 'וירשתם', 'את', 'הארץ', 'אשר', 'נשבע', 'יהוה', 'לאבתיכם'] | numbers [] | ordinals []
  8:2 verse_words ['וזכרת', 'את', 'כל', 'הדרך', 'אשר', 'הליכך', 'יהוה', 'אלהיך', 'זה', 'ארבעים', 'שנה', 'במדבר', 'למען', 'ענתך', 'לנסתך', 'לדעת', 'את', 'אשר', 'בלבבך', 'התשמר', 'מצותו', 'אם', 'לא'] | numbers [40] | ordinals []
  8:4 verse_words ['שמלתך', 'לא', 'בלתה', 'מעליך', 'ורגלך', 'לא', 'בצקה', 'זה', 'ארבעים', 'שנה'] | numbers [40] | ordinals []
  8:8 verse_words ['ארץ', 'חטה', 'ושערה', 'וגפן', 'ותאנה', 'ורמון', 'ארץ', 'זית', 'שמן', 'ודבש'] | numbers [] | ordinals []
  8:10 verse_words ['ואכלת', 'ושבעת*', 'וברכת', 'את', 'יהוה', 'אלהיך', 'על', 'הארץ', 'הטבה', 'אשר', 'נתן', 'לך'] | numbers [] | ordinals []
  8:12 verse_words ['פן', 'תאכל', 'ושבעת*', 'ובתים', 'טובים', 'תבנה', 'וישבת'] | numbers [] | ordinals []
  8:18 verse_words ['וזכרת', 'את', 'יהוה', 'אלהיך', 'כי', 'הוא', 'הנתן', 'לך', 'כח', 'לעשות', 'חיל', 'למען', 'הקים', 'את', 'בריתו', 'אשר', 'נשבע', 'לאבתיך', 'כיום', 'הזה'] | numbers [] | ordinals []
  8:19 verse_words ['והיה', 'אם', 'שכח', 'תשכח', 'את', 'יהוה', 'אלהיך', 'והלכת', 'אחרי', 'אלהים', 'אחרים', 'ועבדתם', 'והשתחוית', 'להם', 'העדתי', 'בכם', 'היום', 'כי', 'אבד', 'תאבדון'] | numbers [] | ordinals []
  8:20 verse_words ['כגוים', 'אשר', 'יהוה', 'מאביד', 'מפניכם', 'כן', 'תאבדון', 'עקב', 'לא', 'תשמעון', 'בקול', 'יהוה', 'אלהיכם'] | numbers [] | ordinals []
  Deut 2:7 verse_words ['כי', 'יהוה', 'אלהיך', 'ברכך', 'בכל', 'מעשה', 'ידך', 'ידע', 'לכתך', 'את', 'המדבר', 'הגדל', 'הזה', 'זה', 'ארבעים', 'שנה', 'יהוה', 'אלהיך', 'עמך', 'לא', 'חסרת', 'דבר'] | numbers [40]
  Deut 29:4 verse_words ['ואולך', 'אתכם', 'ארבעים', 'שנה', 'במדבר', 'לא', 'בלו', 'שלמתיכם', 'מעליכם', 'ונעלך', 'לא', 'בלתה', 'מעל', 'רגלך'] | numbers [40]
  Exod 16:35 verse_words ['ובני', 'ישראל', 'אכלו', 'את', 'המן', 'ארבעים', 'שנה', 'עד', 'באם', 'אל', 'ארץ', 'נושבת', 'את', 'המן', 'אכלו', 'עד', 'באם', 'אל', 'קצה', 'ארץ', 'כנען'] | numbers [40]
  Num 14:33 verse_words ['ובניכם', 'יהיו', 'רעים', 'במדבר', 'ארבעים', 'שנה', 'ונשאו', 'את', 'זנותיכם', 'עד', 'תם', 'פגריכם', 'במדבר'] | numbers [40]
  Num 14:34 verse_words ['במספר', 'הימים', 'אשר', 'תרתם', 'את', 'הארץ', 'ארבעים', 'יום', 'יום', 'לשנה', 'יום', 'לשנה', 'תשאו', 'את', 'עונתיכם', 'ארבעים', 'שנה', 'וידעתם', 'את', 'תנואתי'] | numbers [40, 40]
  Num 32:13 verse_words ['ויחר', 'אף', 'יהוה', 'בישראל', 'וינעם', 'במדבר', 'ארבעים', 'שנה', 'עד', 'תם', 'כל', 'הדור', 'העשה', 'הרע', 'בעיני', 'יהוה'] | numbers [40]
  Deut 1:3 verse_words ['ויהי', 'בארבעים', 'שנה', 'בעשתי', 'עשר', 'חדש', 'באחד', 'לחדש', 'דבר', 'משה', 'אל', 'בני', 'ישראל', 'ככל', 'אשר', 'צוה', 'יהוה', 'אתו', 'אלהם'] | numbers [40, 11, 1]
  Josh 5:6 verse_words ['כי', 'ארבעים', 'שנה', 'הלכו', 'בני', 'ישראל', 'במדבר', 'עד', 'תם', 'כל', 'הגוי', 'אנשי', 'המלחמה', 'היצאים', 'ממצרים', 'אשר', 'לא', 'שמעו', 'בקול', 'יהוה', 'אשר', 'נשבע', 'יהוה', 'להם', 'לבלתי', 'הראותם', 'את', 'הארץ', 'אשר', 'נשבע', 'יהוה', 'לאבותם', 'לתת', 'לנו', 'ארץ', 'זבת', 'חלב', 'ודבש'] | numbers [40]
  Neh 9:21 verse_words ['וארבעים', 'שנה', 'כלכלתם', 'במדבר', 'לא', 'חסרו', 'שלמתיהם', 'לא', 'בלו', 'ורגליהם', 'לא', 'בצקו'] | numbers [40]
  Ps 95:10 verse_words ['ארבעים', 'שנה', 'אקוט', 'בדור', 'ואמר', 'עם', 'תעי', 'לבב', 'הם', 'והם', 'לא', 'ידעו', 'דרכי'] | numbers [40]
  Amos 2:10 verse_words ['ואנכי', 'העליתי', 'אתכם', 'מארץ', 'מצרים', 'ואולך', 'אתכם', 'במדבר', 'ארבעים', 'שנה', 'לרשת', 'את', 'ארץ', 'האמרי'] | numbers [40]
  Deut 6:11 verse_words ['ובתים', 'מלאים', 'כל', 'טוב', 'אשר', 'לא', 'מלאת', 'וברת', 'חצובים', 'אשר', 'לא', 'חצבת', 'כרמים', 'וזיתים', 'אשר', 'לא', 'נטעת', 'ואכלת', 'ושבעת*'] | numbers []
  Deut 11:15 verse_words ['ונתתי', 'עשב', 'בשדך', 'לבהמתך', 'ואכלת', 'ושבעת*'] | numbers []
  Deut 31:20 verse_words ['כי', 'אביאנו', 'אל', 'האדמה', 'אשר', 'נשבעתי', 'לאבתיו', 'זבת', 'חלב', 'ודבש', 'ואכל', 'ושבע*', 'ודשן', 'ופנה', 'אל', 'אלהים', 'אחרים', 'ועבדום', 'ונאצוני', 'והפר', 'את', 'בריתי'] | numbers []
  Deut 4:26 verse_words ['העידתי', 'בכם', 'היום', 'את', 'השמים', 'ואת', 'הארץ', 'כי', 'אבד', 'תאבדון', 'מהר', 'מעל', 'הארץ', 'אשר', 'אתם', 'עברים', 'את', 'הירדן', 'שמה', 'לרשתה', 'לא', 'תאריכן', 'ימים', 'עליה', 'כי', 'השמד', 'תשמדון'] | numbers []
  Deut 30:18 verse_words ['הגדתי', 'לכם', 'היום', 'כי', 'אבד', 'תאבדון', 'לא', 'תאריכן', 'ימים', 'על', 'האדמה', 'אשר', 'אתה', 'עבר', 'את', 'הירדן', 'לבא', 'שמה', 'לרשתה'] | numbers []
  8:2 the DB row (token, morph, lemma, wtype): [('וזכרת', 'HC/Vqq2ms', '2142', None), ('את', 'HTo', '853', None), ('כל', 'HNcmsc', '3605', None), ('הדרך', 'HTd/Ncbsa', '1870', None), ('אשר', 'HTr', '834 a', None), ('הליכך', 'HVhp3ms/Sp2ms', '3212', None), ('יהוה', 'HNp', '3068', None), ('אלהיך', 'HNcmpc/Sp2ms', '430', None), ('זה', 'HPdxms', '2088', None), ('ארבעים', 'HAcbpa', '705', None), ('שנה', 'HNcfsa', '8141', None), ('במדבר', 'HRd/Ncmsa', '4057 b', None), ('למען', 'HR', '4616', None), ('ענתך', 'HVpc/Sp2ms', '6031 b', None), ('לנסתך', 'HR/Vpc/Sp2ms', '5254', None), ('לדעת', 'HR/Vqc', '3045', None), ('את', 'HTo', '853', None), ('אשר', 'HTr', '834 a', None), ('בלבבך', 'HR/Ncmsc/Sp2ms', '3824', None), ('התשמר', 'HTi/Vqi2ms', '8104', None), ('מצותו', 'HNcfpc/Sp3ms', '4687', 'x-ketiv'), ('אם', 'HC', '518 a', None), ('לא', 'HTn', '3808', None)]
  8:4 the DB row: [('שמלתך', 'HNcfsc/Sp2ms', '8071'), ('לא', 'HTn', '3808'), ('בלתה', 'HVqp3fs', '1086'), ('מעליך', 'HR/R/Sp2ms', '5921 a'), ('ורגלך', 'HC/Ncfsc/Sp2ms', '7272'), ('לא', 'HTn', '3808'), ('בצקה', 'HVqp3fs', '1216'), ('זה', 'HPdxms', '2088'), ('ארבעים', 'HAcbpa', '705'), ('שנה', 'HNcfsa', '8141')]
  8:8 the DB row (the seven species' morph): [('ארץ', 'HNcbsc', '776'), ('חטה', 'HNcfsa', '2406'), ('ושערה', 'HC/Ncfsa', '8184'), ('וגפן', 'HC/Ncbsa', '1612'), ('ותאנה', 'HC/Ncfsa', '8384'), ('ורמון', 'HC/Ncmsa', '7416'), ('ארץ', 'HNcbsc', '776'), ('זית', 'HNcmsc', '2132'), ('שמן', 'HNcmsa', '8081'), ('ודבש', 'HC/Ncmsa', '1706')]
  8:15 the DB row: [('המוליכך', 'HTd/Vhrmsc/Sp2ms', '3212'), ('במדבר', 'HRd/Ncmsa', '4057 b'), ('הגדל', 'HTd/Aamsa', '1419 a'), ('והנורא', 'HC/Td/VNrmsa', '3372'), ('נחש', 'HNcmsa', '5175'), ('שרף', 'HNcmsa', '8314 a'), ('ועקרב', 'HC/Ncmsa', '6137'), ('וצמאון', 'HC/Ncmsa', '6774'), ('אשר', 'HTr', '834 a'), ('אין', 'HTn', '369'), ('מים', 'HNcmpa', '4325'), ('המוציא', 'HTd/Vhrmsa', '3318'), ('לך', 'HR/Sp2ms', 'l'), ('מים', 'HNcmpa', '4325'), ('מצור', 'HR/Ncmsc', '6697'), ('החלמיש', 'HTd/Ncmsa', '2496')]
  8:19 the DB row: [('והיה', 'HC/Vqq3ms', '1961'), ('אם', 'HC', '518 a'), ('שכח', 'HVqa', '7911'), ('תשכח', 'HVqi2ms', '7911'), ('את', 'HTo', '853'), ('יהוה', 'HNp', '3068'), ('אלהיך', 'HNcmpc/Sp2ms', '430'), ('והלכת', 'HC/Vqq2ms', '1980'), ('אחרי', 'HR', '310 a'), ('אלהים', 'HNcmpa', '430'), ('אחרים', 'HAampa', '312'), ('ועבדתם', 'HC/Vqq2ms/Sp3mp', '5647'), ('והשתחוית', 'HC/Vvq2ms', '7812'), ('להם', 'HR/Sp3mp', 'l'), ('העדתי', 'HVhp1cs', '5749 b'), ('בכם', 'HR/Sp2mp', 'b'), ('היום', 'HTd/Ncmsa', '3117'), ('כי', 'HC', '3588 a'), ('אבד', 'HVqa', '6'), ('תאבדון', 'HVqi2mp/Sn', '6')]
  8:20 the DB row: [('כגוים', 'HRd/Ncmpa', '1471 a'), ('אשר', 'HTr', '834 a'), ('יהוה', 'HNp', '3068'), ('מאביד', 'HVhrmsa', '6'), ('מפניכם', 'HR/Ncbpc/Sp2mp', '6440'), ('כן', 'HTm', '3651 c'), ('תאבדון', 'HVqi2mp/Sn', '6'), ('עקב', 'HNcmsc', '6118'), ('לא', 'HTn', '3808'), ('תשמעון', 'HVqi2mp/Sn', '8085'), ('בקול', 'HR/Ncmsc', '6963 a'), ('יהוה', 'HNp', '3068'), ('אלהיכם', 'HNcmpc/Sp2mp', '430')]
  8:1 נשבע pointed / lemma; 8:10 ושבעת pointed / lemma; 8:18 נשבע: (['נִשְׁבַּע'], ['7650'], ['וְשָׂבָעְתָּ'], ['7646'], ['נִשְׁבַּע'], ['7650'])
  the sated-verb 7646 tokens the parser stars — its seats in Deuteronomy with the token: [('Deut 6:11', 'ושבעת'), ('Deut 8:10', 'ושבעת'), ('Deut 8:12', 'ושבעת'), ('Deut 11:15', 'ושבעת'), ('Deut 14:29', 'ושבעו'), ('Deut 26:12', 'ושבעו'), ('Deut 31:20', 'ושבע')]
  "forty" the lemma 705 seats in Deuteronomy: [('Deut 1:3', 'בארבעים'), ('Deut 2:7', 'ארבעים'), ('Deut 8:2', 'ארבעים'), ('Deut 8:4', 'ארבעים'), ('Deut 9:9', 'ארבעים'), ('Deut 9:9', 'וארבעים'), ('Deut 9:11', 'ארבעים'), ('Deut 9:11', 'וארבעים'), ('Deut 9:18', 'ארבעים'), ('Deut 9:18', 'וארבעים'), ('Deut 9:25', 'ארבעים'), ('Deut 9:25', 'ארבעים'), ('Deut 10:10', 'ארבעים'), ('Deut 10:10', 'וארבעים'), ('Deut 25:3', 'ארבעים'), ('Deut 29:4', 'ארבעים')]
==== D. THE REGISTER — the second-person number by verse (2mp count, 2ms count), the first person, the verb forms, the written/read pair
  2mp / 2ms per verse: {1: (6, 1), 2: (0, 7), 3: (0, 6), 4: (0, 3), 5: (0, 4), 6: (0, 2), 7: (0, 2), 8: (0, 0), 9: (0, 3), 10: (0, 4), 11: (0, 5), 12: (0, 4), 13: (0, 3), 14: (0, 4), 15: (0, 2), 16: (0, 6), 17: (0, 2), 18: (0, 4), 19: (2, 5), 20: (4, 0)}
  singular-only verses: [2, 3, 4, 5, 6, 7, 9, 10, 11, 12, 13, 14, 15, 16, 17, 18]
  plural-only: [20]
  both: [1, 19]
  neither: [8]
  the plural tokens in the mixed and plural verses: {1: [('תשמרון', 'HVqi2mp/Sn'), ('תחיון', 'HVqi2mp/Sn'), ('ורביתם', 'HC/Vqq2mp'), ('ובאתם', 'HC/Vqq2mp'), ('וירשתם', 'HC/Vqq2mp'), ('לאבתיכם', 'HR/Ncmpc/Sp2mp')], 19: [('בכם', 'HR/Sp2mp'), ('תאבדון', 'HVqi2mp/Sn')], 20: [('מפניכם', 'HR/Ncbpc/Sp2mp'), ('תאבדון', 'HVqi2mp/Sn'), ('תשמעון', 'HVqi2mp/Sn'), ('אלהיכם', 'HNcmpc/Sp2mp')]}
  first-person plural (1cp) per verse: {}
  first-person singular (1cs): {1: [('אנכי', 'HPp1cs')], 11: [('אנכי', 'HPp1cs')], 17: [('כחי', 'HNcmsc/Sp1cs'), ('ידי', 'HNcbsc/Sp1cs'), ('לי', 'HR/Sp1cs')], 19: [('העדתי', 'HVhp1cs')]}
  imperatives (any stem: HV.v / HV..v) per verse: {11: [('השמר', 'HVNv2ms')]}
  infinitive absolutes (HV.a): {19: [('שכח', 'HVqa'), ('אבד', 'HVqa')]}
  consecutive perfects (V.q) per verse — the law's form: {1: ['ורביתם', 'ובאתם', 'וירשתם'], 2: ['וזכרת'], 5: ['וידעת'], 6: ['ושמרת'], 10: ['ואכלת', 'ושבעת', 'וברכת'], 12: ['ושבעת', 'וישבת'], 14: ['ורם', 'ושכחת'], 17: ['ואמרת'], 18: ['וזכרת'], 19: ['והיה', 'והלכת', 'ועבדתם', 'והשתחוית']}
  imperfect second person (V.i2) per verse: {1: [('תשמרון', 'HVqi2mp/Sn'), ('תחיון', 'HVqi2mp/Sn')], 2: [('התשמר', 'HTi/Vqi2ms')], 9: [('תאכל', 'HVqi2ms'), ('תחסר', 'HVqi2ms'), ('תחצב', 'HVqi2ms')], 11: [('תשכח', 'HVqi2ms')], 12: [('תאכל', 'HVqi2ms'), ('תבנה', 'HVqi2ms')], 19: [('תשכח', 'HVqi2ms'), ('תאבדון', 'HVqi2mp/Sn')], 20: [('תאבדון', 'HVqi2mp/Sn'), ('תשמעון', 'HVqi2mp/Sn')]}
  narrative (wayyiqtol, V.w) per verse: {3: ['ויענך', 'וירעבך', 'ויאכלך']}
  participles (V.r) per verse: {1: [('מצוך', 'HVprmsc/Sp2ms')], 5: [('מיסרך', 'HVprmsc/Sp2ms')], 7: [('מביאך', 'HVhrmsc/Sp2ms'), ('יצאים', 'HVqrmpa')], 11: [('מצוך', 'HVprmsc/Sp2ms')], 14: [('המוציאך', 'HTd/Vhrmsc/Sp2ms')], 15: [('המוליכך', 'HTd/Vhrmsc/Sp2ms'), ('המוציא', 'HTd/Vhrmsa')], 16: [('המאכלך', 'HTd/Vhrmsc/Sp2ms')], 18: [('הנתן', 'HTd/Vqrmsa')], 20: [('מאביד', 'HVhrmsa')]}
  the article + participle chain (HTd/V.r) — "who brought you out … who led you … who fed you": [(14, 'המוציאך'), (15, 'המוליכך'), (15, 'המוציא'), (16, 'המאכלך'), (18, 'הנתן')]
  perfects (V.p) per verse: {1: [('נשבע', 'HVNp3ms')], 2: [('הליכך', 'HVhp3ms/Sp2ms')], 3: [('ידעת', 'HVqp2ms'), ('ידעון', 'HVqp3cp/Sn')], 4: [('בלתה', 'HVqp3fs'), ('בצקה', 'HVqp3fs')], 10: [('נתן', 'HVqp3ms')], 16: [('ידעון', 'HVqp3cp/Sn')], 17: [('עשה', 'HVqp3ms')], 18: [('נשבע', 'HVNp3ms')], 19: [('העדתי', 'HVhp1cs')]}
  prohibitions לא + imperfect: {2: [], 3: [('ידעת', 'HVqp2ms'), ('ידעון', 'HVqp3cp/Sn')], 4: [('בלתה', 'HVqp3fs'), ('בצקה', 'HVqp3fs')], 9: [('תחסר', 'HVqi2ms')], 16: [('ידעון', 'HVqp3cp/Sn')], 20: [('תשמעון', 'HVqi2mp/Sn')]}
  "not" (לא / ולא) seats per verse: {2: ['לא'], 3: ['לא', 'ולא', 'לא'], 4: ['לא', 'לא'], 9: ['לא', 'לא'], 16: ['לא'], 20: ['לא']}
  case tokens per verse: {'8:2': ['אם'], '8:3': ['כי', 'כי'], '8:5': ['כי'], '8:7': ['כי'], '8:11': ['פן'], '8:12': ['פן'], '8:18': ['כי'], '8:19': ['אם', 'כי']}
  "saying" (לאמר) seats: []
  divine frames (ויאמר/וידבר יהוה): []
  "so that" (למען) seats per verse: {1: ['למען'], 2: ['למען'], 3: ['למען'], 16: ['למען', 'ולמען'], 18: ['למען']}
  "so that" count in chapter 8 and in Deuteronomy: (6, 43)
  tokens per verse: {1: 19, 2: 23, 3: 28, 4: 10, 5: 12, 6: 9, 7: 15, 8: 10, 9: 18, 10: 12, 11: 16, 12: 7, 13: 11, 14: 11, 15: 16, 16: 13, 17: 10, 18: 20, 19: 20, 20: 13}
  the chapter's tokens and letters: (293, 1148)
  wtype values in chapter 8: Counter({None: 292, 'x-ketiv': 1})
  the ketiv token(s) of chapter 8: [(2, 'מצותו', 'HNcfpc/Sp3ms', 'x-ketiv')]
  7:9 and 5:10 for the pair's kin (the token, the wtype): ([('מצותו', 'x-ketiv')], [('מצותו', 'x-ketiv')])
  the DB's ketiv tokens over the Bible: 1268
  "His commandments" written defective (מצותו) — the seats of the token: ['Deut 27:10', 'Deut 5:10', 'Deut 7:9', 'Deut 8:2', 'Num 15:31']
==== E. ONKELOS chapter 8 — the renderings' seats over the book (token → EXPORT seats; the export = the DB except chapter 5's 17+), the phrases
  תפקדתא: 13 [(5, 28), (6, 1), (6, 25), (7, 11), (8, 1), (11, 8), (11, 22), (15, 5), (17, 20), (19, 9), (27, 1), (30, 11), (31, 5)]
  מפקדך: 27 [(4, 40), (6, 2), (6, 6), (7, 11), (8, 1), (8, 11), (10, 13), (11, 8), (12, 14), (12, 28), (13, 19), (15, 5), (15, 11), (15, 15), (19, 7), (19, 9), (24, 18), (24, 22), (26, 16), (27, 10), (28, 1), (28, 13), (28, 15), (30, 2)]
  תטרון: 7 [(6, 17), (8, 1), (11, 22), (12, 1), (13, 1), (13, 5), (24, 8)]
  בדיל: 45 [(2, 30), (4, 1), (4, 21), (5, 14), (5, 16), (5, 26), (5, 30), (6, 2), (6, 18), (6, 23), (8, 1), (8, 2), (8, 3), (8, 11), (8, 16), (8, 18), (11, 8), (11, 21), (12, 23), (12, 25), (12, 28), (13, 18), (14, 23), (14, 29)]
  דתיחון: 3 [(4, 1), (5, 30), (8, 1)]
  ותסגון: 1 [(8, 1)]
  ותיתון: 4 [(4, 1), (8, 1), (12, 5), (12, 6)]
  ותירתון: 6 [(4, 1), (4, 22), (8, 1), (11, 8), (11, 23), (11, 31)]
  קיים: 22 [(2, 14), (4, 31), (6, 10), (6, 18), (6, 23), (7, 8), (7, 12), (7, 13), (8, 1), (8, 18), (9, 5), (11, 9), (11, 21), (13, 18), (19, 8), (26, 3), (28, 9), (28, 11), (29, 12), (30, 20), (31, 7), (32, 8)]
  לאבהתכון: 6 [(1, 8), (1, 35), (7, 8), (8, 1), (11, 9), (11, 21)]
  ותדכר: 7 [(5, 15), (8, 2), (8, 18), (15, 15), (16, 12), (24, 18), (24, 22)]
  ארחא: 12 [(1, 22), (1, 31), (5, 30), (8, 2), (9, 12), (9, 16), (11, 28), (13, 6), (14, 24), (19, 3), (19, 6), (31, 29)]
  דברך: 1 [(8, 2)]
  דנן: 3 [(2, 7), (8, 2), (8, 4)]
  ארבעין: 10 [(2, 7), (8, 2), (8, 4), (9, 9), (9, 11), (9, 18), (9, 25), (10, 10), (25, 3), (29, 4)]
  שנין: 13 [(1, 3), (2, 7), (2, 14), (8, 2), (8, 4), (14, 28), (15, 1), (15, 12), (15, 18), (29, 4), (31, 2), (31, 10), (34, 7)]
  במדברא: 9 [(1, 1), (4, 43), (8, 2), (8, 15), (8, 16), (9, 7), (9, 28), (11, 5), (29, 4)]
  לעניותך: 2 [(8, 2), (8, 16)]
  לנסיותך: 2 [(8, 2), (8, 16)]
  למדע: 4 [(4, 35), (8, 2), (13, 4), (29, 3)]
  בלבך: 5 [(7, 17), (8, 2), (8, 17), (9, 4), (18, 21)]
  התטר: 1 [(8, 2)]
  פקודוהי: 14 [(4, 40), (7, 9), (8, 2), (8, 11), (13, 5), (13, 19), (26, 18), (27, 10), (28, 1), (28, 15), (28, 45), (30, 8), (30, 10), (30, 16)]
  ועניך: 1 [(8, 3)]
  ואכפנך: 1 [(8, 3)]
  ואוכלך: 1 [(8, 3)]
  מנא: 3 [(1, 1), (8, 3), (8, 16)]
  ידעתא: 1 [(8, 3)]
  אבהתיך: 1 [(8, 3)]
  לאודעותך: 1 [(8, 3)]
  לחמא: 5 [(8, 3), (8, 9), (9, 9), (9, 18), (29, 5)]
  בלחודוהי: 4 [(8, 3), (22, 25), (32, 12), (33, 28)]
  מתקים: 1 [(8, 3)]
  יתקים: 4 [(8, 3), (18, 22), (19, 15), (32, 12)]
  אנשא: 5 [(4, 28), (5, 21), (8, 3), (32, 8), (32, 26)]
  אפקות: 2 [(8, 3), (23, 24)]
  מימרא: 11 [(1, 26), (1, 43), (2, 7), (4, 33), (5, 5), (5, 22), (5, 23), (8, 3), (9, 23), (18, 16), (34, 5)]
  כסותך: 2 [(8, 4), (22, 12)]
  אבליאת: 1 [(8, 4)]
  ומסנך: 2 [(8, 4), (29, 4)]
  יחפו: 1 [(8, 4)]
  ותדע: 5 [(4, 39), (7, 9), (8, 5), (9, 3), (9, 6)]
  מאלף: 2 [(4, 1), (8, 5)]
  גברא: 24 [(1, 16), (1, 17), (1, 23), (4, 3), (8, 5), (10, 17), (17, 5), (17, 12), (18, 19), (20, 5), (20, 6), (20, 7), (20, 8), (22, 18), (22, 22), (22, 24), (22, 25), (22, 26), (22, 29), (23, 18), (24, 3), (25, 7), (27, 15), (28, 54)]
  בריה: 4 [(1, 31), (8, 5), (10, 6), (18, 10)]
  ותטר: 9 [(4, 40), (6, 3), (7, 11), (8, 6), (11, 1), (11, 8), (16, 12), (17, 10), (26, 16)]
  פקודיא: 5 [(4, 2), (6, 17), (8, 6), (10, 13), (28, 9)]
  למהך: 8 [(8, 6), (10, 12), (11, 22), (11, 28), (13, 6), (28, 14), (29, 17), (30, 16)]
  בארחן: 5 [(8, 6), (19, 9), (26, 17), (28, 9), (30, 16)]
  דתקנן: 7 [(8, 6), (10, 12), (11, 22), (19, 9), (26, 17), (28, 9), (30, 16)]
  קדמוהי: 26 [(4, 7), (4, 25), (4, 29), (7, 10), (8, 6), (9, 18), (10, 12), (10, 17), (11, 13), (11, 22), (12, 8), (19, 9), (25, 2), (26, 7), (26, 17), (28, 9), (29, 12), (30, 16), (31, 21), (31, 29), (32, 4), (32, 12), (32, 16), (32, 19)]
  ולמדחל: 1 [(8, 6)]
  מעלך: 1 [(8, 7)]
  טבתא: 9 [(1, 35), (3, 25), (6, 18), (8, 7), (8, 10), (9, 6), (11, 17), (26, 11), (30, 15)]
  נגדא: 1 [(8, 7)]
  נחלין: 2 [(8, 7), (10, 7)]
  דמיין: 2 [(8, 7), (10, 7)]
  מבועי: 1 [(8, 7)]
  עינין: 2 [(8, 7), (28, 65)]
  ותהומין: 2 [(8, 7), (33, 13)]
  נפקין: 1 [(8, 7)]
  בבקען: 1 [(8, 7)]
  ובטורין: 1 [(8, 7)]
  חטין: 1 [(8, 8)]
  וסערין: 1 [(8, 8)]
  וגופנין: 1 [(8, 8)]
  ותאנין: 1 [(8, 8)]
  ורמונין: 1 [(8, 8)]
  דזיתהא: 1 [(8, 8)]
  משחא: 1 [(8, 8)]
  דבש: 1 [(8, 8)]
  בעצורין: 1 [(8, 9)]
  תיכול: 12 [(8, 9), (8, 12), (12, 20), (12, 23), (12, 27), (14, 3), (14, 21), (15, 23), (16, 3), (16, 8), (20, 19), (28, 31)]
  תחסר: 1 [(8, 9)]
  מדעם: 9 [(2, 7), (8, 9), (13, 18), (17, 1), (22, 26), (23, 10), (23, 20), (24, 5), (24, 10)]
  אבנהא: 1 [(8, 9)]
  פרזלא: 4 [(8, 9), (19, 5), (27, 5), (28, 48)]
  ומטורהא: 1 [(8, 9)]
  תפסול: 1 [(8, 9)]
  נחשא: 1 [(8, 9)]
  ותשבע: 4 [(6, 11), (8, 10), (8, 12), (11, 15)]
  ותברך: 1 [(8, 10)]
  דיהב: 5 [(2, 12), (8, 10), (10, 9), (12, 1), (18, 2)]
  אסתמר: 8 [(4, 9), (6, 12), (8, 11), (12, 13), (12, 19), (12, 30), (15, 9), (24, 8)]
  דילמא: 24 [(4, 9), (4, 16), (4, 23), (6, 12), (6, 15), (7, 17), (7, 22), (7, 25), (8, 11), (8, 12), (9, 28), (11, 16), (12, 13), (12, 19), (12, 30), (15, 9), (19, 6), (20, 5), (20, 6), (20, 7), (22, 9), (25, 3), (29, 17), (32, 27)]
  תתנשי: 3 [(8, 11), (25, 19), (31, 21)]
  דחלתא: 7 [(1, 36), (4, 29), (8, 11), (8, 14), (8, 19), (13, 5), (28, 60)]
  למטר: 15 [(4, 2), (6, 2), (8, 11), (10, 13), (11, 11), (13, 19), (15, 5), (17, 19), (24, 8), (28, 1), (28, 13), (28, 15), (28, 45), (30, 10), (32, 46)]
  ודינוהי: 5 [(8, 11), (11, 1), (26, 17), (30, 16), (33, 21)]
  וקימוהי: 7 [(6, 17), (8, 11), (11, 1), (28, 15), (28, 45), (30, 10), (30, 16)]
  ובתין: 2 [(6, 11), (8, 12)]
  שפירין: 1 [(8, 12)]
  תבני: 4 [(8, 12), (22, 8), (27, 6), (28, 30)]
  ותיתב: 6 [(8, 12), (12, 29), (17, 14), (19, 1), (21, 13), (26, 1)]
  ותורך: 2 [(5, 14), (8, 13)]
  וענך: 3 [(8, 13), (12, 17), (14, 23)]
  יסגון: 1 [(8, 13)]
  וכספא: 2 [(8, 13), (17, 17)]
  ודהבא: 4 [(7, 25), (8, 13), (17, 17), (29, 16)]
  יסגא: 1 [(8, 13)]
  וירים: 1 [(8, 14)]
  ותנשי: 2 [(8, 14), (24, 19)]
  אפקך: 5 [(6, 12), (7, 19), (8, 14), (13, 11), (16, 1)]
  עבדותא: 6 [(5, 6), (6, 12), (7, 8), (8, 14), (13, 6), (13, 11)]
  דדברך: 1 [(8, 15)]
  רבא: 17 [(1, 7), (1, 19), (2, 7), (4, 6), (4, 32), (4, 37), (7, 21), (8, 15), (9, 29), (10, 17), (11, 7), (25, 3), (26, 8), (29, 23), (33, 17), (33, 21), (34, 12)]
  ודחילא: 5 [(1, 19), (7, 21), (8, 15), (10, 17), (28, 58)]
  אתר: 3 [(1, 33), (8, 15), (32, 10)]
  חיון: 1 [(8, 15)]
  קלן: 1 [(8, 15)]
  ועקרבין: 1 [(8, 15)]
  ובית: 3 [(3, 25), (8, 15), (32, 10)]
  צחונא: 2 [(8, 15), (32, 10)]
  לית: 26 [(1, 9), (1, 42), (4, 22), (4, 35), (4, 39), (8, 15), (10, 17), (12, 12), (12, 17), (14, 10), (14, 27), (14, 29), (16, 5), (17, 15), (19, 6), (21, 16), (22, 3), (22, 19), (22, 26), (22, 29), (24, 4), (25, 5), (31, 2), (32, 10)]
  מיא: 4 [(2, 6), (8, 15), (11, 11), (32, 10)]
  דאפק: 1 [(8, 15)]
  מטנרא: 1 [(8, 15)]
  תקיפא: 13 [(4, 34), (5, 15), (6, 21), (7, 8), (8, 15), (9, 26), (11, 2), (26, 8), (28, 23), (32, 4), (32, 15), (32, 18), (32, 37)]
  דאוכלך: 1 [(8, 16)]
  לאוטבא: 2 [(8, 16), (28, 63)]
  בסופך: 1 [(8, 16)]
  ותימר: 9 [(6, 21), (8, 17), (12, 20), (17, 14), (25, 7), (25, 9), (26, 3), (26, 5), (26, 13)]
  חילי: 3 [(4, 19), (8, 17), (17, 3)]
  ותקף: 3 [(8, 17), (29, 26), (32, 19)]
  קנו: 1 [(8, 17)]
  נכסיא: 1 [(8, 17)]
  נכסין: 2 [(8, 18), (32, 15)]
  עצה: 2 [(8, 18), (32, 28)]
  למקני: 1 [(8, 18)]
  לקימא: 1 [(8, 18)]
  קימיה: 4 [(4, 13), (8, 18), (17, 2), (28, 54)]
  כיומא: 7 [(2, 30), (4, 20), (4, 38), (6, 24), (8, 18), (10, 15), (29, 27)]
  הדין: 61 [(1, 6), (1, 31), (1, 32), (1, 35), (2, 3), (2, 7), (2, 22), (2, 25), (2, 30), (3, 14), (3, 25), (3, 26), (3, 27), (3, 28), (4, 6), (4, 20), (4, 32), (4, 38), (5, 21), (5, 25), (5, 26), (6, 24), (8, 18), (9, 7)]
  מנשאה: 1 [(8, 19)]
  תנשי: 4 [(4, 9), (6, 12), (8, 19), (9, 7)]
  ותהך: 6 [(8, 19), (14, 25), (16, 7), (24, 2), (26, 2), (28, 9)]
  בתר: 17 [(1, 4), (1, 36), (4, 3), (5, 9), (6, 14), (8, 19), (11, 28), (12, 30), (13, 3), (13, 5), (19, 6), (24, 4), (28, 14), (31, 16), (31, 20), (31, 27), (31, 29)]
  טעות: 9 [(6, 14), (8, 19), (11, 28), (13, 3), (18, 20), (28, 14), (29, 17), (31, 16), (31, 20)]
  עממיא: 53 [(2, 25), (4, 6), (4, 19), (6, 14), (7, 4), (7, 6), (7, 7), (7, 14), (7, 16), (7, 17), (7, 19), (7, 22), (8, 19), (9, 4), (9, 5), (10, 15), (11, 16), (11, 23), (11, 28), (12, 2), (12, 29), (12, 30), (13, 3), (13, 7)]
  ותפלחנון: 3 [(4, 19), (8, 19), (30, 17)]
  ותסגוד: 4 [(4, 19), (8, 19), (26, 10), (30, 17)]
  אסהדית: 3 [(4, 26), (8, 19), (30, 19)]
  בכון: 10 [(4, 26), (7, 4), (7, 7), (8, 19), (9, 8), (10, 15), (11, 17), (29, 17), (30, 19), (32, 46)]
  מיבד: 3 [(4, 26), (8, 19), (30, 18)]
  תיבדון: 4 [(4, 26), (8, 19), (8, 20), (30, 18)]
  כעממיא: 1 [(8, 20)]
  מאביד: 1 [(8, 20)]
  מקדמיכון: 2 [(8, 20), (11, 23)]
  חלף: 8 [(1, 36), (7, 12), (8, 20), (19, 21), (21, 14), (22, 29), (28, 47), (28, 62)]
  קבלתון: 3 [(1, 43), (8, 20), (9, 23)]
  במימרא: 5 [(1, 32), (8, 20), (28, 15), (30, 8), (30, 10)]
  אלהכון: 45 [(1, 10), (1, 26), (1, 30), (1, 32), (3, 18), (3, 20), (3, 21), (3, 22), (4, 2), (4, 4), (4, 23), (4, 34), (5, 29), (5, 30), (6, 1), (6, 16), (6, 17), (8, 20), (9, 16), (9, 23), (10, 17), (11, 2), (11, 13), (11, 22)]
---- phrases
  'כל תפקדתא': 8 [(5, 28), (6, 25), (8, 1), (11, 22), (15, 5), (19, 9), (27, 1), (31, 5)]
  'בדיל דתיחון': 3 [(4, 1), (5, 30), (8, 1)]
  'די קיים יי לאבהתכון': 3 [(8, 1), (11, 9), (11, 21)]
  'ותדכר ית כל ארחא': 1 [(8, 2)]
  'ארבעין שנין במדברא': 2 [(8, 2), (29, 4)]
  'למדע ית די בלבך': 1 [(8, 2)]
  'התטר פקודוהי אם לא': 1 [(8, 2)]
  'ית מנא די לא ידעתא': 1 [(8, 3)]
  'לא על לחמא בלחודוהי': 1 [(8, 3)]
  'מתקים אנשא': 1 [(8, 3)]
  'אפקות מימרא דיי': 1 [(8, 3)]
  'כסותך לא אבליאת': 1 [(8, 4)]
  'ומסנך לא יחפו': 1 [(8, 4)]
  'כמא די מאלף גברא ית בריה': 1 [(8, 5)]
  'מאלף לך': 1 [(8, 5)]
  'בארחן דתקנן קדמוהי': 5 [(8, 6), (19, 9), (26, 17), (28, 9), (30, 16)]
  'לארעא טבתא': 1 [(8, 7)]
  'נגדא נחלין דמיין': 1 [(8, 7)]
  'מבועי עינין ותהומין': 1 [(8, 7)]
  'דזיתהא עבדין משחא': 1 [(8, 8)]
  'והיא עבדא דבש': 1 [(8, 8)]
  'לא בעצורין': 1 [(8, 9)]
  'לא תחסר כל מדעם': 1 [(8, 9)]
  'אבנהא פרזלא': 1 [(8, 9)]
  'ותיכול ותשבע ותברך': 1 [(8, 10)]
  'אסתמר לך דילמא': 6 [(6, 12), (8, 11), (12, 13), (12, 19), (12, 30), (15, 9)]
  'תתנשי ית דחלתא דיי': 1 [(8, 11)]
  'ית דחלתא דיי אלהך': 3 [(8, 11), (8, 14), (8, 19)]
  'ובתין שפירין': 1 [(8, 12)]
  'וירים לבך': 1 [(8, 14)]
  'ותנשי ית דחלתא': 1 [(8, 14)]
  'די אפקך מארעא דמצרים': 3 [(6, 12), (8, 14), (13, 11)]
  'מבית עבדותא': 6 [(5, 6), (6, 12), (7, 8), (8, 14), (13, 6), (13, 11)]
  'במדברא רבא ודחילא': 1 [(8, 15)]
  'אתר חיון קלן ועקרבין': 1 [(8, 15)]
  'ובית צחונא': 2 [(8, 15), (32, 10)]
  'אתר די לית מיא': 2 [(8, 15), (32, 10)]
  'מטנרא תקיפא': 1 [(8, 15)]
  'דאוכלך מנא במדברא': 1 [(8, 16)]
  'לאוטבא לך בסופך': 1 [(8, 16)]
  'חילי ותקף ידי': 1 [(8, 17)]
  'קנו לי ית נכסיא': 1 [(8, 17)]
  'יהב לך עצה למקני נכסין': 1 [(8, 18)]
  'לקימא ית קימיה די קיים': 1 [(8, 18)]
  'כיומא הדין': 7 [(2, 30), (4, 20), (4, 38), (6, 24), (8, 18), (10, 15), (29, 27)]
  'מנשאה תנשי': 1 [(8, 19)]
  'בתר טעות עממיא': 6 [(6, 14), (8, 19), (11, 28), (13, 3), (28, 14), (31, 20)]
  'ותפלחנון ותסגוד להון': 1 [(8, 19)]
  'אסהדית בכון יומא דין': 3 [(4, 26), (8, 19), (30, 19)]
  'מיבד תיבדון': 3 [(4, 26), (8, 19), (30, 18)]
  'כעממיא די יי מאביד': 1 [(8, 20)]
  'חלף דלא קבלתון': 1 [(8, 20)]
  'במימרא דיי': 5 [(1, 32), (8, 20), (28, 15), (30, 8), (30, 10)]
  rows in Onkelos Deuteronomy carrying a parenthesis (the export's variants) — chapter:verse: [(6, 12), (11, 8), (18, 7), (20, 10), (22, 15), (25, 5), (29, 27), (32, 30), (33, 16), (33, 25)]
  chapter 8's raw rows with a parenthesis: []
  the 8:3 row whole (the Memra): וְעַנְּיָךְ וְאַכְפָּנָךְ וְאוֹכָלָךְ יָת מַנָּא דִּי לָא יְדַעְתָּא וְלָא יָדְעוּן אֲבָהָתָיךְ בְּדִיל לְאוֹדָעוּתָךְ אֲרֵי לָא עַל לַחְמָא בִלְחוֹדוֹהִי מִתְקַיַּם אֱנָשָׁא אֲרֵי עַל כָּל אַפָּקוּת מֵימְרָא דַיְיָ יִתְקַיַּם אֱנָשָׁא:
  the 8:18 row whole (the counsel): וְתִדְכַּר יָת יְיָ אֱלָהָךְ אֲרֵי הוּא יָהֵב לָךְ עֵצָה לְמִקְנֵי נִכְסִין בְּדִיל לְקַיָּמָא יָת קְיָמֵיהּ דִּי קַיִּים לַאֲבָהָתָךְ כְּיוֹמָא הָדֵין:
  the 8:11 row whole (the fear supplied): אִסְתַּמַּר לָךְ דִּילְמָא תִתְנְשֵׁי יָת דַּחַלְתָּא דַיְיָ אֱלָהָךְ בְּדִיל דְּלָא לְמִטַּר פִּקּוֹדוֹהִי וְדִינוֹהִי וּקְיָמוֹהִי דִּי אֲנָא מְפַקְּדָךְ יוֹמָא דֵין:
  the 8:20 row whole (the Memra accepted): כְּעַמְמַיָּא דִּי יְיָ מֹאבִיד מִקָּדָמֵיכוֹן כֵּן תֵּיבְדוּן חֳלַף דִּלָא קַבֶּלְתּוּן בְּמֵימְרָא דַּיְיָ אֱלָהֲכוֹן:
  "the fear of the LORD" supplied (דחלתא דיי) — the seats over the book: [(1, 36), (4, 4), (4, 29), (4, 30), (8, 11), (8, 14), (8, 19), (13, 5), (13, 11), (18, 13), (29, 17), (30, 2)]
  "the Memra of the LORD" (מימרא דיי) — the seats over the book: [(1, 26), (1, 32), (1, 43), (2, 7), (4, 33), (5, 5), (5, 22), (5, 23), (8, 3), (8, 20), (9, 23), (13, 19), (15, 5), (18, 16), (26, 14), (27, 10), (28, 1), (28, 2), (28, 15), (28, 45), (28, 62), (30, 8), (30, 10), (34, 5)]
  "accept the Memra" (קבל … במימרא / קבלתון במימרא / תקבל למימרא) seats: [(1, 32), (8, 20), (28, 15), (30, 8), (30, 10), (13, 19), (15, 5), (26, 14), (27, 10), (28, 1), (28, 2), (28, 45), (28, 62)]
  "the idols of the peoples" (טעות עממיא) seats: [(6, 14), (7, 4), (8, 19), (11, 16), (11, 28), (13, 3), (13, 7), (13, 8), (13, 14), (17, 3), (18, 9), (18, 20), (28, 14), (29, 17), (29, 25), (30, 17), (31, 18), (31, 20)]
  "sustained" (מתקים / יתקים / מתקיים) seats: [(8, 3), (8, 3), (18, 22), (19, 15), (32, 12)]
  "counsel" (עצה) seats: [(8, 18), (32, 28)]
  "possessions" (נכסיא / נכסין) seats: [(8, 17), (8, 18), (32, 15)]
==== F. THE ENGLISH ONKELOS — the bracketed insertions per export verse (the translation's supplied words)
  export 8:8: ['yeilding oil', 'producing']
  export 8:11: ['the fear of']
  export 8:12: ['beautiful', 'in them.']
  export 8:14: ['the fear of']
  export 8:15: ['one', 'a place of', 's', 's', 's', 'ing', 'a place', 'mighty']
  export 8:19: ['the fear of']
  export 8:20: ['the word of']
  the English's transliterations kept (mon, mitzvah …): [(1, ['mitzvah', 'Adonoy']), (3, ['mon', 'Adonoy']), (16, ['mon'])]
==== G. THE STORE GLOSS FAMILIES for the candidate rewrites (every form of the gloss over the whole store)
  the store's "?" glosses in chapter 8 (verse, idx, token): [(1, 3, 'אנכי', '?'), (11, 13, 'אנכי', '?')]
  the store's 8:2 tokens (the written and the read): [(0, 'ו/זכרת', 'and-mark', 'HC/Vqq2ms'), (1, 'את', 'obj-marker·et', 'HTo'), (2, 'כל', 'all', 'HNcmsc'), (3, 'ה/דרך', 'the-way/road', 'HTd/Ncbsa'), (4, 'אשר', 'which', 'HTr'), (5, 'הליכ/ך', 'go-you/your', 'HVhp3ms/Sp2ms'), (6, 'יהוה', 'YHWH', 'HNp'), (7, 'אלהי/ך', 'God-you/your', 'HNcmpc/Sp2ms'), (8, 'זה', 'this', 'HPdxms'), (9, 'ארבעים', 'forty', 'HAcbpa'), (10, 'שנה', 'years', 'HNcfsa'), (11, 'ב/מדבר', 'in-pasture', 'HRd/Ncmsa'), (12, 'למען', 'so-that', 'HR'), (13, 'ענת/ך', 'depress-literally-you/your', 'HVpc/Sp2ms'), (14, 'ל/נסת/ך', 'to-test-you/your', 'HR/Vpc/Sp2ms'), (15, 'ל/דעת', 'to-know', 'HR/Vqc'), (16, 'את', 'obj-marker·et', 'HTo'), (17, 'אשר', 'which', 'HTr'), (18, 'ב/לבב/ך', 'in-heart-you/your', 'HR/Ncmsc/Sp2ms'), (19, 'ה/תשמר', 'the-keep/guard', 'HTi/Vqi2ms'), (20, 'מצות/ו', 'commandment-him/its', 'HNcfpc/Sp3ms'), (21, 'מצותי/ו', 'commandment-him/its', 'HNcfpc/Sp3ms'), (22, 'אם', 'if', 'HC'), (23, 'לא', 'not', 'HTn')]
  the store's 7:9 tokens (the pair's kin): [(0, 'ו/ידעת', 'and-know'), (1, 'כי', 'that'), (2, 'יהוה', 'YHWH'), (3, 'אלהי/ך', 'God-you/your'), (4, 'הוא', 'he/it'), (5, 'ה/אלהים', 'the-God'), (6, 'ה/אל', 'the-strength'), (7, 'ה/נאמן', 'the-build-up'), (8, 'שמר', 'keep/guard'), (9, 'ה/ברית', 'the-covenant'), (10, 'ו/ה/חסד', 'and-the-kindness'), (11, 'ל/אהבי/ו', 'to-have-affection-for-him/its'), (12, 'ו/ל/שמרי', 'and-to-keep/guard'), (13, 'מצות/ו', 'commandment-him/its'), (14, 'מצותי/ו', 'commandment-him/its'), (15, 'ל/אלף', 'to-thousand'), (16, 'דור', 'generation')]
  gloss 'and-mark': 6 forms, 18 tokens: [('וזכרת', 7), ('ויזכר', 5), ('וזכרתי', 3), ('ואזכר', 1), ('וזכרתם', 1), ('ונזכרתם', 1)]
  gloss 'mark': 10 forms, 21 tokens: [('זכר', 6), ('זכור', 4), ('תזכר', 3), ('אזכר', 2), ('אזכיר', 1), ('זכרנו', 1), ('מזכיר', 1), ('מזכרת', 1), ('תזכירו', 1), ('תזכרו', 1)]
  gloss 'go-you/your': 2 forms, 2 tokens: [('הליכך', 1), ('לכתך', 1)]
  gloss 'in-pasture': 1 forms, 60 tokens: [('במדבר', 60)]
  gloss 'pasture': 2 forms, 11 tokens: [('מדבר', 10), ('מרעה', 1)]
  gloss 'depress-literally-you/your': 1 forms, 2 tokens: [('ענתך', 2)]
  gloss 'and-depress-literally-you/your': 1 forms, 1 tokens: [('ויענך', 1)]
  gloss 'depress-literally': 4 forms, 7 tokens: [('תענה', 3), ('ענה', 2), ('יענו', 1), ('תענו', 1)]
  gloss 'the-keep/guard': 2 forms, 2 tokens: [('השמר', 1), ('התשמר', 1)]
  gloss 'and-hunger-you/your': 1 forms, 1 tokens: [('וירעבך', 1)]
  gloss 'and-eat-you/your': 1 forms, 1 tokens: [('ויאכלך', 1)]
  gloss 'the-whatness': 1 forms, 5 tokens: [('המן', 5)]
  gloss 'whatness': 1 forms, 4 tokens: [('מן', 4)]
  gloss 'to-separation-him/its': 1 forms, 12 tokens: [('לבדו', 12)]
  gloss 'going-forth': 1 forms, 3 tokens: [('מוצא', 3)]
  gloss 'dress-you/your': 1 forms, 1 tokens: [('שמלתך', 1)]
  gloss 'fail': 2 forms, 3 tokens: [('בלתה', 2), ('בלו', 1)]
  gloss 'perhaps-to-swell-up': 1 forms, 1 tokens: [('בצקה', 1)]
  gloss 'chastise': 2 forms, 2 tokens: [('ייסר', 1), ('תוסרו', 1)]
  gloss 'chastise-you/your': 1 forms, 1 tokens: [('מיסרך', 1)]
  gloss 'stream': 4 forms, 25 tokens: [('נחל', 15), ('נהר', 4), ('שבלים', 4), ('נחלי', 2)]
  gloss 'eye': 9 forms, 41 tokens: [('עין', 17), ('עינים', 6), ('עיני', 5), ('עינת', 3), ('ענות', 3), ('תענה', 3), ('יענה', 2), ('ענה', 1), ('ענו', 1)]
  gloss 'and-deep': 2 forms, 2 tokens: [('ועמק', 1), ('ותהמת', 1)]
  gloss 'bring-forth': 33 forms, 152 tokens (large): [('יצא', 44), ('יצאו', 15), ('הוצאתי', 9), ('תצא', 9), ('הוציא', 8), ('יצאת', 8)]
  gloss 'in-split': 1 forms, 1 tokens: [('בבקעה', 1)]
  gloss 'in-indigence': 1 forms, 1 tokens: [('במסכנת', 1)]
  gloss 'cut': 13 forms, 33 tokens: [('כרת', 11), ('תכרת', 7), ('יכרת', 3), ('יכרית', 2), ('כרתי', 2), ('הכרת', 1), ('חצבת', 1), ('חצה', 1), ('חצובים', 1), ('כרתו', 1), ('נכרתה', 1), ('תחצב', 1), ('תכריתו', 1)]
  gloss 'and-sate': 3 forms, 7 tokens: [('ושבעת', 4), ('ושבעו', 2), ('ושבע', 1)]
  gloss 'set': 19 forms, 300 tokens (large): [('נתן', 109), ('נתתי', 44), ('יתן', 42), ('תתן', 31), ('אתן', 21), ('תתנו', 20)]
  gloss 'the-set': 1 forms, 2 tokens: [('הנתן', 2)]
  gloss 'mislay': 5 forms, 11 tokens: [('תשכח', 7), ('ישכח', 1), ('שכח', 1), ('שכחתי', 1), ('תשכחו', 1)]
  gloss 'and-mislay': 4 forms, 5 tokens: [('ושכחת', 2), ('ונשכח', 1), ('ושכח', 1), ('ותשכח', 1)]
  gloss 'to-failure-of': 1 forms, 18 tokens: [('לבלתי', 18)]
  gloss 'and-be-high-actively': 6 forms, 16 tokens: [('וירם', 5), ('ורם', 5), ('והרים', 3), ('והרמת', 1), ('והרמתם', 1), ('ותרם', 1)]
  gloss 'the-bring-forth-you/your': 1 forms, 2 tokens: [('המוציאך', 2)]
  gloss 'the-bring-forth': 5 forms, 20 tokens: [('היצאים', 10), ('היצא', 4), ('המוציא', 4), ('היוצת', 1), ('היצאת', 1)]
  gloss 'servant': 3 forms, 50 tokens: [('עבד', 24), ('עבדים', 16), ('עבדי', 10)]
  gloss 'the-go-you/your': 1 forms, 1 tokens: [('המוליכך', 1)]
  gloss 'and-the-fear': 1 forms, 4 tokens: [('והנורא', 4)]
  gloss 'burning': 1 forms, 2 tokens: [('שרף', 2)]
  gloss 'and-thirsty-place': 1 forms, 1 tokens: [('וצמאון', 1)]
  gloss 'from-cliff': 1 forms, 1 tokens: [('מצור', 1)]
  gloss 'the-flint': 1 forms, 1 tokens: [('החלמיש', 1)]
  gloss 'the-eat-you/your': 1 forms, 1 tokens: [('המאכלך', 1)]
  gloss 'to-be--make-well-you/your': 1 forms, 1 tokens: [('להיטבך', 1)]
  gloss 'in-last-you/your': 1 forms, 1 tokens: [('באחריתך', 1)]
  gloss 'vigor-me/my': 1 forms, 4 tokens: [('כחי', 4)]
  gloss 'vigor': 2 forms, 3 tokens: [('כח', 2), ('לשד', 1)]
  gloss 'and-power': 1 forms, 1 tokens: [('ועצם', 1)]
  gloss 'the-force': 1 forms, 2 tokens: [('החיל', 2)]
  gloss 'force': 2 forms, 8 tokens: [('חיל', 7), ('גבורה', 1)]
  gloss 'arise': 22 forms, 63 tokens (large): [('יקום', 15), ('קום', 12), ('הקים', 5), ('תקים', 4), ('יקומו', 3), ('קומו', 3)]
  gloss 'hind-part': 2 forms, 96 tokens: [('אחרי', 75), ('אחר', 21)]
  gloss 'hinder': 5 forms, 54 tokens: [('אחרים', 23), ('אחר', 19), ('אחרות', 5), ('אחרת', 5), ('אחרנים', 2)]
  gloss 'and-depress': 8 forms, 39 tokens: [('וישתחו', 15), ('וישתחוו', 12), ('והשתחוית', 4), ('והשתחוו', 2), ('והשתחויתם', 2), ('ותשתחוין', 2), ('ואשתחוה', 1), ('ונשתחוה', 1)]
  gloss 'duplicate': 5 forms, 8 tokens: [('העד', 3), ('העידתי', 2), ('העדתה', 1), ('העדתי', 1), ('מעיד', 1)]
  gloss 'wander-away': 7 forms, 15 tokens: [('אבד', 8), ('אבדנו', 2), ('אבדה', 1), ('אבדת', 1), ('מאביד', 1), ('תאבד', 1), ('תאבדו', 1)]
  gloss 'wander-away-suffix': 1 forms, 5 tokens: [('תאבדון', 5)]
  gloss 'like-nation': 1 forms, 1 tokens: [('כגוים', 1)]
  gloss 'heel': 2 forms, 8 tokens: [('עקב', 7), ('עקבי', 1)]
  gloss '?': 28 forms, 350 tokens (large): [('אני', 152), ('אנכי', 127), ('בית', 17), ('באר', 8), ('בעל', 7), ('לחי', 3)]
  gloss 'the-day': 3 forms, 159 tokens (large): [('היום', 135), ('הימים', 23), ('הימם', 1)]
  gloss 'keep/guard-suffix': 1 forms, 4 tokens: [('תשמרון', 4)]
  gloss 'live-suffix': 1 forms, 3 tokens: [('תחיון', 3)]
  gloss 'know-suffix': 2 forms, 4 tokens: [('ידעון', 2), ('תדעון', 2)]
  gloss 'multiply-suffix': 2 forms, 2 tokens: [('ירבין', 1), ('תרבון', 1)]
  gloss 'hear-suffix': 2 forms, 8 tokens: [('ישמעון', 4), ('תשמעון', 4)]
  gloss 'to-father-you/your (pl)': 1 forms, 6 tokens: [('לאבתיכם', 6)]
  gloss 'father-you/your': 3 forms, 51 tokens: [('אביך', 35), ('אבתיך', 15), ('אבותיך', 1)]
  gloss 'to-test-you/your': 1 forms, 1 tokens: [('לנסתך', 1)]
  gloss 'test-you/your': 1 forms, 1 tokens: [('נסתך', 1)]
  gloss 'to-know': 2 forms, 9 tokens: [('לדעת', 8), ('לדעה', 1)]
  gloss 'know-you/your': 2 forms, 2 tokens: [('הודעך', 1), ('ידעתיך', 1)]
  gloss 'the-food': 2 forms, 11 tokens: [('הלחם', 9), ('האכל', 2)]
  gloss 'food': 5 forms, 72 tokens: [('לחם', 51), ('אכל', 16), ('צדה', 3), ('ציד', 1), ('צידה', 1)]
  gloss 'the-human': 1 forms, 57 tokens: [('האדם', 57)]
  gloss 'mouth': 2 forms, 55 tokens: [('פי', 51), ('פה', 4)]
  gloss 'the-way/road': 1 forms, 20 tokens: [('הדרך', 20)]
  gloss 'in-way/road-him/its': 1 forms, 5 tokens: [('בדרכיו', 5)]
  gloss 'and-to-fear': 1 forms, 1 tokens: [('וליראה', 1)]
  gloss 'like-as/which': 1 forms, 203 tokens (large): [('כאשר', 203)]
  gloss 'and-know': 11 forms, 36 tokens: [('וידע', 8), ('וידעתם', 7), ('וידעו', 6), ('וידעת', 5), ('ואדעה', 3), ('וידעים', 2), ('ודעו', 1), ('והודעת', 1), ('והודעתי', 1), ('ונדעה', 1), ('ונודעה', 1)]
  gloss 'with': 2 forms, 127 tokens (large): [('את', 66), ('עם', 61)]
  gloss 'come/bring-you/your': 5 forms, 12 tokens: [('באכה', 5), ('יביאך', 4), ('באך', 1), ('יבאך', 1), ('מביאך', 1)]
  gloss 'and-come/bring': 22 forms, 219 tokens (large): [('ויבא', 74), ('ויבאו', 47), ('והביא', 19), ('ובא', 12), ('ויביאו', 10), ('ובאו', 9)]
  gloss 'olive': 2 forms, 6 tokens: [('זית', 5), ('זיתים', 1)]
  gloss 'oil': 2 forms, 34 tokens: [('שמן', 33), ('יצהר', 1)]
  gloss 'and-honey': 1 forms, 16 tokens: [('ודבש', 16)]
  gloss 'wheat': 2 forms, 5 tokens: [('חטים', 3), ('חטה', 2)]
  gloss 'and-barley': 1 forms, 1 tokens: [('ושערה', 1)]
  gloss 'and-vine': 1 forms, 2 tokens: [('וגפן', 2)]
  gloss 'and-fig': 1 forms, 2 tokens: [('ותאנה', 2)]
  gloss 'and-pomegranate': 2 forms, 6 tokens: [('ורמון', 4), ('ורמן', 2)]
  gloss 'iron': 1 forms, 7 tokens: [('ברזל', 7)]
  gloss 'copper': 1 forms, 32 tokens: [('נחשת', 32)]
  gloss 'stone-her/its': 1 forms, 1 tokens: [('אבניה', 1)]
  gloss 'and-from-mountain-her/its': 1 forms, 1 tokens: [('ומהרריה', 1)]
  gloss 'lack': 4 forms, 4 tokens: [('החסיר', 1), ('חסרת', 1), ('יחסר', 1), ('תחסר', 1)]
  gloss 'and-bless': 12 forms, 40 tokens: [('ויברך', 20), ('וברך', 4), ('וברוך', 3), ('ונברכו', 3), ('והתברכו', 2), ('ויברכו', 2), ('ואברך', 1), ('ואברכה', 1), ('וברכת', 1), ('וברכתי', 1), ('וברכתם', 1), ('והתברך', 1)]
  gloss 'and-eat': 12 forms, 84 tokens: [('ואכלת', 15), ('ואכל', 13), ('ואכלתם', 13), ('ויאכל', 11), ('ואכלו', 8), ('ויאכלו', 7), ('ותאכל', 7), ('ואכלה', 4), ('ואכלתי', 2), ('ותאכלנה', 2), ('ונאכל', 1), ('ונאכלה', 1)]
  gloss 'eat': 15 forms, 175 tokens (large): [('יאכל', 50), ('תאכלו', 46), ('תאכל', 34), ('אכל', 10), ('יאכלו', 10), ('אכלה', 4)]
  gloss 'the-good': 5 forms, 17 tokens: [('הטובה', 6), ('הטוב', 4), ('הטבה', 3), ('הטבת', 3), ('הטבות', 1)]
  gloss 'good': 6 forms, 40 tokens: [('טוב', 29), ('טובה', 6), ('טבת', 2), ('טבים', 1), ('טובים', 1), ('טובת', 1)]
  gloss 'lest': 1 forms, 59 tokens: [('פן', 59)]
  gloss 'and-judgment-him/its': 1 forms, 5 tokens: [('ומשפטיו', 5)]
  gloss 'and-statute-him/its': 1 forms, 6 tokens: [('וחקתיו', 6)]
  gloss 'and-house': 3 forms, 10 tokens: [('ובית', 5), ('ובתי', 3), ('ובתים', 2)]
  gloss 'build': 8 forms, 21 tokens: [('תבנה', 7), ('בנה', 4), ('בנו', 4), ('נבנה', 2), ('אבנה', 1), ('בנית', 1), ('יבנה', 1), ('נבנתה', 1)]
  gloss 'and-dwell/sit': 13 forms, 69 tokens: [('וישב', 30), ('וישבו', 11), ('וישבתם', 7), ('וישבת', 6), ('ותשב', 6), ('ונשב', 2), ('ואשב', 1), ('ויושב', 1), ('וישבה', 1), ('וישבנו', 1), ('וישבתה', 1), ('ושב', 1), ('ותשבו', 1)]
  gloss 'and-herd-you/your': 1 forms, 2 tokens: [('ובקרך', 2)]
  gloss 'and-flock-you/your': 1 forms, 4 tokens: [('וצאנך', 4)]
  gloss 'and-silver': 1 forms, 8 tokens: [('וכסף', 8)]
  gloss 'and-gold': 1 forms, 8 tokens: [('וזהב', 8)]
  gloss 'multiply': 12 forms, 32 tokens: [('ירבה', 10), ('הרבה', 6), ('ארבה', 4), ('תרבה', 3), ('תרבו', 2), ('הרבו', 1), ('הרבות', 1), ('ירב', 1), ('ירבו', 1), ('מרבה', 1), ('מרבים', 1), ('רבות', 1)]
  gloss 'and-all': 1 forms, 198 tokens (large): [('וכל', 198)]
  gloss 'heart-you/your': 2 forms, 21 tokens: [('לבבך', 20), ('לבך', 1)]
  gloss 'in-heart-you/your': 1 forms, 6 tokens: [('בלבבך', 6)]
  gloss 'from-earth': 1 forms, 58 tokens: [('מארץ', 58)]
  gloss 'Egypt': 1 forms, 204 tokens (large): [('מצרים', 204)]
  gloss 'from-house': 1 forms, 27 tokens: [('מבית', 27)]
  gloss 'the-great': 6 forms, 39 tokens: [('הגדל', 18), ('הגדול', 8), ('הגדלה', 6), ('הגדלים', 3), ('הגדלת', 3), ('הגדולה', 1)]
  gloss 'snake': 1 forms, 4 tokens: [('נחש', 4)]
  gloss 'and-scorpion': 1 forms, 1 tokens: [('ועקרב', 1)]
  gloss 'there-is-not': 1 forms, 76 tokens: [('אין', 76)]
  gloss 'waters': 3 forms, 69 tokens: [('מים', 52), ('מי', 15), ('מימי', 2)]
  gloss 'and-say': 14 forms, 898 tokens (large): [('ויאמר', 632), ('ויאמרו', 88), ('ותאמר', 58), ('ואמרת', 40), ('ואמר', 39), ('ואמרו', 12)]
  gloss 'hand-me/my': 1 forms, 15 tokens: [('ידי', 15)]
  gloss 'make': 22 forms, 461 tokens (large): [('עשה', 116), ('תעשה', 97), ('יעשה', 51), ('תעשו', 49), ('עשו', 46), ('אעשה', 21)]
  gloss 'to-make': 3 forms, 76 tokens: [('לעשות', 66), ('לעשת', 9), ('לעשה', 1)]
  gloss 'he/it': 2 forms, 459 tokens (large): [('הוא', 451), ('היא', 8)]
  gloss 'covenant-him/its': 1 forms, 4 tokens: [('בריתו', 4)]
  gloss 'swear': 10 forms, 51 tokens: [('נשבע', 27), ('נשבעתי', 11), ('נשבעת', 3), ('תשבע', 3), ('השבע', 2), ('אשבע', 1), ('השביע', 1), ('ישבע', 1), ('נשבעו', 1), ('תשבעו', 1)]
  gloss 'like-day': 3 forms, 16 tokens: [('כיום', 9), ('כימי', 4), ('כימים', 3)]
  gloss 'the-this': 2 forms, 279 tokens (large): [('הזה', 195), ('הזאת', 84)]
  gloss 'and-be': 22 forms, 544 tokens (large): [('ויהי', 194), ('והיה', 157), ('ויהיו', 45), ('והיו', 42), ('והיתה', 31), ('ותהי', 18)]
  gloss 'if': 1 forms, 154 tokens (large): [('אם', 154)]
  gloss 'and-walk/go': 9 forms, 18 tokens: [('והלכת', 6), ('והלכתם', 3), ('והלכתי', 2), ('ויתהלך', 2), ('והלכה', 1), ('והלכנו', 1), ('והתהלך', 1), ('והתהלכתי', 1), ('ותהלך', 1)]
  gloss 'God': 2 forms, 290 tokens (large): [('אלהים', 228), ('אלהי', 62)]
  gloss 'and-work/serve-them/their': 3 forms, 6 tokens: [('ועבדתם', 3), ('ועבדום', 2), ('ונעבדם', 1)]
  gloss 'to-them/their': 7 forms, 280 tokens (large): [('להם', 164), ('אלהם', 84), ('אליהם', 17), ('להן', 6), ('למו', 6), ('אליהן', 2)]
  gloss 'in-you/your (pl)': 1 forms, 20 tokens: [('בכם', 20)]
  gloss 'that': 1 forms, 952 tokens (large): [('כי', 952)]
  gloss 'so': 1 forms, 151 tokens (large): [('כן', 151)]
  gloss 'not': 3 forms, 950 tokens (large): [('לא', 947), ('לוא', 2), ('אל', 1)]
  gloss 'in-voice/sound': 1 forms, 16 tokens: [('בקול', 16)]
  gloss 'God-you/your (pl)': 1 forms, 85 tokens: [('אלהיכם', 85)]
  gloss 'from-face-you/your (pl)': 1 forms, 5 tokens: [('מפניכם', 5)]
  gloss 'which': 1 forms, 1650 tokens (large): [('אשר', 1650)]
  gloss 'all': 1 forms, 967 tokens (large): [('כל', 967)]
  gloss 'the-commandment': 2 forms, 17 tokens: [('המצוה', 13), ('המצות', 4)]
  gloss 'commandment': 1 forms, 13 tokens: [('מצות', 13)]
  gloss 'commandment-him/its': 2 forms, 18 tokens: [('מצותיו', 13), ('מצותו', 5)]
  gloss 'the-earth': 3 forms, 367 tokens (large): [('הארץ', 364), ('הארצת', 2), ('הארצות', 1)]
  gloss 'earth': 1 forms, 131 tokens (large): [('ארץ', 131)]
  gloss 'this': 3 forms, 162 tokens (large): [('זה', 89), ('זאת', 71), ('זו', 2)]
  gloss 'forty': 1 forms, 35 tokens: [('ארבעים', 35)]
  gloss 'years': 6 forms, 294 tokens (large): [('שנה', 209), ('שנים', 49), ('שני', 17), ('שנת', 15), ('שנתים', 3), ('שנות', 1)]
  gloss 'to-you/your': 2 forms, 363 tokens (large): [('לך', 302), ('אליך', 61)]
  gloss 'and-multiply': 10 forms, 23 tokens: [('ורבו', 6), ('והרביתי', 5), ('וירבו', 5), ('וארבה', 1), ('והרבה', 1), ('וירב', 1), ('ורבה', 1), ('ורבית', 1), ('ורביתם', 1), ('ותרב', 1)]
  gloss 'and-possess/inherit': 11 forms, 26 tokens: [('וירשתם', 6), ('ויירש', 3), ('וירשת', 3), ('והורשתם', 2), ('ויורש', 2), ('ויירשו', 2), ('וירש', 2), ('וירשו', 2), ('ורשו', 2), ('והוריש', 1), ('וירשנו', 1)]
  gloss 'obj-marker·et': 1 forms, 2549 tokens (large): [('את', 2549)]
  gloss 'obj-marker·et-him/its': 1 forms, 248 tokens (large): [('אתו', 248)]
  gloss 'YHWH': 1 forms, 1525 tokens (large): [('יהוה', 1525)]
  gloss 'God-you/your': 1 forms, 252 tokens (large): [('אלהיך', 252)]
  gloss 'so-that': 1 forms, 68 tokens: [('למען', 68)]
  gloss 'and-so-that': 1 forms, 9 tokens: [('ולמען', 9)]
  gloss 'to-go': 1 forms, 15 tokens: [('ללכת', 15)]
  gloss 'over': 2 forms, 995 tokens (large): [('על', 987), ('עלי', 8)]
  gloss 'to': 1 forms, 1149 tokens (large): [('אל', 1149)]
  gloss 'the-day': 3 forms, 159 tokens (large): [('היום', 135), ('הימים', 23), ('הימם', 1)]
  by_gloss keys already present among the chapter's candidates: ['?', 'and-sate', 'and-the-fear', 'hind-part', 'hinder', 'in-pasture', 'keep/guard-suffix', 'live-suffix', 'mislay', 'multiply-suffix', 'to-failure-of', 'wander-away-suffix']
  by_gloss values for the keys the chapter shares: {'in-pasture': 'in-the-wilderness', 'and-sate': 'and-be-satisfied', 'mislay': 'forget', 'to-failure-of': 'so-as-not', 'and-the-fear': 'and-the-terrible', 'hind-part': 'after', 'hinder': 'other', 'wander-away-suffix': 'you-shall-perish', '?': '', 'keep/guard-suffix': 'keep', 'live-suffix': 'you-may-live', 'multiply-suffix': 'multiply'}
  by_ref keys for Deut.8: []
  by_ref total, by_gloss total: (532, 434)
  by_ref entries whose value is "because" or "I" or "today" (the prior sittings' forms for heel / anokhi / ha-yom): [('Num.35.34:9', 'I'), ('Num.35.34:13', 'I'), ('Deut.4.1:8', 'I'), ('Deut.4.2:5', 'I'), ('Deut.4.2:17', 'I'), ('Deut.4.8:12', 'I'), ('Deut.4.22:1', 'I'), ('Deut.4.40:6', 'I'), ('Deut.5.1:14', 'I'), ('Deut.5.5:0', 'I'), ('Deut.5.6:0', 'I'), ('Deut.5.9:6', 'I'), ('Deut.5.31:16', 'I'), ('Deut.6.2:11', 'I'), ('Deut.6.6:4', 'I'), ('Deut.7.11:8', 'I'), ('Deut.7.12:1', 'because'), ('Deut.7.18:3', 'remember')]
==== H. THE PRIOR READS ON THE KIN (the Numbers ledgers' rows on 11:4-9, 14:33-34, 20:1-13, 21:4-9; the Exodus ledgers naming 16:x and 17:1-7; the ledgers naming chapter 8)
  num_11_complaint_quail_2026-09-10.md: 6 rows
     - Onkelos Num 11:4 — MATERIAL. THE RABBLE IS THE MIXED MULTITUDE; THEY ASKED A REQUEST. "וְהָֽאסַפְסֻף אֲשֶׁר בְּקִרְבּוֹ" ("and the rabble that was among them" — the wor
     - Onkelos Num 11:5 — MATERIAL. THE FISH FREE; THE FIVE FOODS — THE LAMP-WORD FOR CUCUMBERS. "זָכַרְנוּ אֶת הַדָּגָה אֲשֶׁר נֹאכַל בְּמִצְרַיִם חִנָּם" ("we remember the f
     - Onkelos Num 11:6 — CONTEXT. "Our soul is dried; there is nothing; only to the manna our eyes" → וּכְעַן נַפְשָׁנָא תָאִיבָא ("and now our soul CRAVES") — the drying as 
     - Onkelos Num 11:7 — MATERIAL. CORIANDER AND BDELLIUM — THE ANSWER FOR THE GENERATIONS. "וְהַמָּן כִּזְרַע גַּד הוּא" ("and the manna was like coriander seed" — Exod 16:3
     - Onkelos Num 11:8 — MATERIAL. STROLLED AND GATHERED; "IF THEY WISHED" INSERTED TWICE; THE OIL CAKE. "שָׁטוּ הָעָם וְלָֽקְטוּ" ("the people strolled and gathered" — the v
     - Onkelos Num 11:9 — CONTEXT. "And when the dew descended on the camp at night, the manna descended on it" → וְכַד נָחֵית טַלָּא עַל מַשְׁרִיתָא לֵילְיָא נָחֵית מַנָּא עֲ
  num_14_rejection_2026-09-10.md: 3 rows
     - Onkelos Num 14:11 — MATERIAL. HOW LONG; THEY DO NOT BELIEVE. The frame "and the LORD said to Moses" (the portion's first "said"); "עַד אָנָה יְנַאֲצֻנִי הָעָם הַזֶּה" (
     - Onkelos Num 14:33 — MATERIAL. FORTY YEARS OF WANDERING. "וּבְנֵיכֶם יִהְיוּ רֹעִים בַּמִּדְבָּר אַרְבָּעִים שָׁנָה" ("and your children shall be SHEPHERDS in the wilder
     - Onkelos Num 14:34 — MATERIAL. A DAY FOR A YEAR, A DAY FOR A YEAR. "בְּמִסְפַּר הַיָּמִים אֲשֶׁר תַּרְתֶּם אֶת הָאָרֶץ אַרְבָּעִים יוֹם" ("by the number of the days that
  num_20_meribah_edom_aaron_2026-09-11.md: 13 rows
     - Onkelos Num 20:1 — MATERIAL. THE FIRST MONTH — NO YEAR; MIRIAM DIES AND IS BURIED THERE. "וַיָּבֹאוּ בְנֵֽי יִשְׂרָאֵל כָּל הָעֵדָה מִדְבַּר צִן" ("and the children of 
     - Onkelos Num 20:2 — MATERIAL. NO WATER — THEY ASSEMBLED AGAINST MOSES AND AARON, KORACH'S VERB. "וְלֹא הָיָה מַיִם לָעֵדָה" ("and there was no water for the congregation
     - Onkelos Num 20:3 — MATERIAL. THE PEOPLE STROVE WITH MOSES — THE FIRST MERIBAH'S CLAUSE; WOULD THAT WE HAD EXPIRED. "וַיָּרֶב הָעָם עִם מֹשֶׁה" ("and the people strove w
     - Onkelos Num 20:4 — MATERIAL. THE ASSEMBLY OF THE LORD — KORACH'S PHRASE; WE AND OUR CATTLE. "וְלָמָה הֲבֵאתֶם אֶת קְהַל יְהוָה אֶל הַמִּדְבָּר הַזֶּה" ("and why have yo
     - Onkelos Num 20:5 — MATERIAL. WHY DID YOU BRING US UP FROM EGYPT — THE FIRST MERIBAH'S WORDS; NO SEED, FIG, VINE, POMEGRANATE. "וְלָמָה הֶֽעֱלִיתֻנוּ מִמִּצְרַיִם" ("and
     - Onkelos Num 20:6 — MATERIAL. ON THEIR FACES; THE GLORY APPEARED. "וַיָּבֹא מֹשֶׁה וְאַהֲרֹן מִפְּנֵי הַקָּהָל אֶל פֶּתַח אֹהֶל מוֹעֵד" ("and Moses and Aaron came from b
     - Onkelos Num 20:7 — CONTEXT. The frame: "וַיְדַבֵּר יְהוָה אֶל מֹשֶׁה לֵּאמֹֽר" ("and the LORD spoke to Moses, saying" — to Moses alone) → וּמַלִּיל יְיָ עִם משֶׁה לְמֵי
     - Onkelos Num 20:8 — MATERIAL. TAKE THE STAFF; SPEAK TO THE ROCK — THE SECOND ROCK-WORD. "קַח אֶת הַמַּטֶּה" ("take THE staff" — one seat; which staff: 20:9 takes it "fro
     - Onkelos Num 20:9 — MATERIAL. THE STAFF FROM BEFORE THE LORD. "וַיִּקַּח מֹשֶׁה אֶת הַמַּטֶּה מִלִּפְנֵי יְהוָה כַּאֲשֶׁר צִוָּֽהוּ" ("and Moses took the staff FROM BEFO
     - Onkelos Num 20:10 — MATERIAL. HEAR NOW, YOU REBELS — MIRIAM'S CONSONANTS; SHALL WE BRING OUT WATER. "וַיַּקְהִלוּ מֹשֶׁה וְאַהֲרֹן אֶת הַקָּהָל אֶל פְּנֵי הַסָּלַע" ("a
     - Onkelos Num 20:11 — MATERIAL. HE STRUCK THE ROCK WITH HIS STAFF TWICE — THE DUAL THE PARSER CANNOT READ. "וַיָּרֶם מֹשֶׁה אֶת יָדוֹ וַיַּךְ אֶת הַסֶּלַע בְּמַטֵּהוּ פַּ
     - Onkelos Num 20:12 — MATERIAL. THE SENTENCE: YOU DID NOT BELIEVE IN ME TO SANCTIFY ME. "וַיֹּאמֶר יְהוָה אֶל מֹשֶׁה וְאֶֽל אַהֲרֹן" ("and the LORD said to Moses and to A
     - Onkelos Num 20:13 — MATERIAL. THE WATERS OF MERIBAH — HE WAS SANCTIFIED IN THEM. "הֵמָּה מֵי מְרִיבָה אֲשֶׁר רָבוּ בְנֵֽי יִשְׂרָאֵל אֶת יְהוָה" ("these are the waters 
  num_21_snakes_conquest_2026-09-11.md: 6 rows
     - Onkelos Num 21:4 — MATERIAL. FROM MOUNT HOR BY THE RED SEA ROAD — THE COMMAND OF 14:25 RUN; THE SOUL SHORTENED. "וַיִּסְעוּ מֵהֹר הָהָר דֶּרֶךְ יַם סוּף לִסְבֹב אֶת אֶר
     - Onkelos Num 21:5 — MATERIAL. THE PEOPLE SPOKE AGAINST GOD AND MOSES — THE SEA'S COMPLAINT, THE ROTTEN BREAD. "וַיְדַבֵּר הָעָם בֵּֽאלֹהִים וּבְמֹשֶׁה" ("and the people 
     - Onkelos Num 21:6 — MATERIAL. THE FIERY SERPENTS — THE BURN-WORD; THEY BIT — USURY'S VERB. "וַיְשַׁלַּח יְהוָה בָּעָם אֵת הַנְּחָשִׁים הַשְּׂרָפִים" ("and the LORD sent 
     - Onkelos Num 21:7 — MATERIAL. WE HAVE SINNED; PRAY — THE BIBLE'S FIRST PRAYER-VERB; THE SERPENT, SINGULAR. "וַיָּבֹא הָעָם אֶל מֹשֶׁה וַיֹּאמְרוּ חָטָאנוּ כִּֽי דִבַּרְנ
     - Onkelos Num 21:8 — MATERIAL. MAKE A SERAPH, SET IT ON A POLE — THE POLE-WORD OF YHWH-NISSI AND KORACH'S SIGN. "וַיֹּאמֶר יְהוָה אֶל מֹשֶׁה עֲשֵׂה לְךָ שָׂרָף" ("and the
     - Onkelos Num 21:9 — MATERIAL. A SERPENT OF COPPER — THE PUN THE ARAMAIC LOSES; THE LOOK THAT HEALS, LOT'S WIFE'S THAT KILLED; NEHUSHTAN. "וַיַּעַשׂ מֹשֶׁה נְחַשׁ נְחֹשֶׁ
  the Exodus ledgers naming 16:4, 16:15, 16:31-35, 17:1-7:
  deu_01_03_devarim_exam_2026-09-15.md: - Berakhot 48b:5 [LINK — Deut 3:25 — CREDITED: exodus_block_conduct_2026-09-04.md] — CONTEXT. CREDITED (the conduct block) — the Grace after Meals from Deuteronomy 8:10; 3:25's 'the good land' cited for the land's blessi
  deu_01_03_devarim_exam_2026-09-15.md: - Tosefta Berakhot 6:1 [LINK — Deut 3:25] — CONTEXT. the Grace's blessings from Deuteronomy 8:10; 3:25's 'good' the Temple's blessing — outside this span's law; observed.
  deu_06_vaetchanan_2026-09-17.md: - 6:16-19 MASSAH, KEEP, THE RIGHT AND THE GOOD (computed): "you shall not test" 6:16, Exodus 17:2, Isaiah 30:17; "MASSAH" four seats — Exodus 17:7 (the naming), 6:16, 33:8, Psalm 95:8; "as you tested" four; the lemma "te
  num_20_meribah_edom_aaron_2026-09-11.md: - Onkelos Num 20:5 — MATERIAL. WHY DID YOU BRING US UP FROM EGYPT — THE FIRST MERIBAH'S WORDS; NO SEED, FIG, VINE, POMEGRANATE. "וְלָמָה הֶֽעֱלִיתֻנוּ מִמִּצְרַיִם" ("and why did you bring us up from Egypt" — the clause'
  num_20_meribah_edom_aaron_2026-09-11.md: - Onkelos Num 20:8 — MATERIAL. TAKE THE STAFF; SPEAK TO THE ROCK — THE SECOND ROCK-WORD. "קַח אֶת הַמַּטֶּה" ("take THE staff" — one seat; which staff: 20:9 takes it "from before the LORD", where the twelve were brought 
  num_20_meribah_edom_aaron_2026-09-11.md: - MIRIAM, MERIBAH, EDOM, AARON (computed): "the wilderness of Zin" four seats (20:1, 27:14, Deut 32:51, Josh 15:1); "in the first month" with NO YEAR; "Miriam died there" one; "and she was buried" in the feminine at thre
  num_20_meribah_edom_aaron_2026-09-11.md: - THE TWO ROCK-WORDS, AND THE TRANSLATION SPLITS THEM TOO: Exodus' rock at Horeb is TZUR ("you shall STRIKE the tzur", 17:6); Numbers' is SELA ("SPEAK to the sela", 20:8, 10, 11 — its other Torah seat Balaam's Kenite nes
  num_21_snakes_conquest_2026-09-11.md: - Onkelos Num 21:6 — MATERIAL. THE FIERY SERPENTS — THE BURN-WORD; THEY BIT — USURY'S VERB. "וַיְשַׁלַּח יְהוָה בָּעָם אֵת הַנְּחָשִׁים הַשְּׂרָפִים" ("and the LORD sent among the people the FIERY serpents" — one seat; t
  num_21_snakes_conquest_2026-09-11.md: - ARAD, THE SERPENT, THE WELL, SIHON AND OG (computed): "the Canaanite king of Arad" 21:1 and 33:40 (placed after Aaron's death there as here); Arad five seats; "the way of Atharim" a hapax — Onkelos "the way of the SPIE
  num_28_29_musafim_exam_2026-09-11.md: - Menachot 84b:14 [TOPIC] — CONTEXT. Rabban Gamliel b. Rebbi's analogy 'land' / 'a land of wheat' (Deut 8:8) — the seven species; outside.
  the five outside rows read before — their standing rows (the credit guard: a quick look):
    deu_01_03_devarim_2026-09-15.md 19:2: 2 lines
       - Sifrei Devarim 19:2 — MATERIAL. "YOU HAVE COME TO THE HILL COUNTRY OF THE AMORITES WHICH THE LORD OUR GOD GIVES US" — A PARABLE: THE KING GAVE HIS SON TO A TUTOR WHO WALKED HIM ROUND: ALL THESE VINES ARE YOURS, ALL THESE OLIVES; TIRED OF SHOWING, HE SAID: AL
       Sifrei Devarim 19:2
    deu_06_vaetchanan_2026-09-17.md 32:10: 2 lines
       - Sifrei Devarim 32:10 — CONTEXT. On 6:5. R. MEIR: "AS A MAN CHASTENS HIS SON THE LORD YOUR GOD CHASTENS YOU" (8:5) — YOU KNOW YOUR DEEDS AND THE CHASTISEMENTS, AND THE LATTER ARE NOT AS THE DEEDS. (״וְיָדַעְתָּ עִם לְבָבֶךָ "and you shall know with your heart
       Sifrei Devarim 32:10
    deu_06_vaetchanan_2026-09-17.md 32:12: 2 lines
       - Sifrei Devarim 32:12 — CONTEXT. On 6:5. R. NATHAN SON OF R. JOSEPH: AS A COVENANT IS CUT FOR THE LAND, SO FOR CHASTISEMENTS (8:5, THEN 8:7). (בְּרִית כְּרוּתָה לַיִּסּוּרִים "a covenant is cut for chastisements"). Fresh.
       Sifrei Devarim 32:12
    deu_06_vaetchanan_2026-09-17.md 32:15: 2 lines
       - Sifrei Devarim 32:15 — CONTEXT. On 6:5. THE LAND — WHENCE? 8:5-7 "CHASTENS YOU … BRINGS YOU INTO A GOOD LAND". (אֶרֶץ יִשְׂרָאֵל מִנַּיִן "the land of Israel — whence?"). Fresh.
       Sifrei Devarim 32:15
    gen_25_babel_2026-08-25.md 318:1: 1 lines
       | 23 | Sifrei Devarim 318:1 | dup-of:row 24 | the satisfaction-rebellion census abridged (with the safah→shafah re-vocalization: "all the earth worked SMOOTHLY") |
==== done
