==== (1) THE CHAPTER'S MATTER — every runner's refs, per def ====
  -- balak:
     Exod 32 (the calf)                 {'MODULE': 1}
     Exod 24 (ink)                      {'the_stands': 3}
     Berakhot 32a / 7a                  {'census': 3, 'the_stands': 4, 'narrative': 3}
     Aaron                              {'MODULE': 2, 'census': 1, 'peor': 2, 'phinehas_and_midian': 6, 'law_balak': 2, 'narrative': 8}
     not able                           {'narrative': 1}
     grind/dust/brook                   {'the_call': 1, 'law_balak': 1, 'narrative': 3}
     the offer                          {'law_balak': 1, 'narrative': 1}
  -- bamidbar:
     the broken tablets in the ark      {'out': 2, 'narrative': 1}
     calf                               {'scene': 3, 'narrative': 1}
     Aaron                              {'verse_text': 1, 'out': 2, 'levites': 6, 'charges': 2, 'kohath': 2, 'law_census': 3, 'scene': 1, 'narrative': 7}
     grind/dust/brook                   {'levites': 2, 'charges': 2, 'law_census': 1, 'narrative': 3}
  -- beha:
     Deut 9                             {'taberah_and_quail': 3, 'narrative': 2}
     Num 11:1-3 (Taberah)               {'march': 1, 'narrative': 3}
     Num 11:31-35 (Kibroth)             {'scene': 1, 'narrative': 5}
     Num 13-14 (the spies)              {'taberah_and_quail': 1}
     Shabbat 86-89                      {'miriam': 1, 'narrative': 1}
     Berakhot 32a / 7a                  {'taberah_and_quail': 1, 'miriam': 1, 'narrative': 2}
     forty days                         {'prince_of': 3, 'trumpets': 1, 'miriam': 1, 'narrative': 3}
     Aaron                              {'prince_of': 2, 'lamps': 3, 'levites_rite': 2, 'trumpets': 1, 'taberah_and_quail': 1, 'miriam': 7, 'law_beha': 7, 'narrative': 12}
     the four places                    {'raw_words': 1, 'taberah_and_quail': 4, 'law_beha': 2, 'narrative': 11}
     provoke/rebel                      {'prince_of': 1}
     grind/dust/brook                   {'MODULE': 1, 'taberah_and_quail': 1, 'scene': 3, 'narrative': 1}
     pray/intercede                     {'prince_of': 1, 'march': 1, 'taberah_and_quail': 2, 'law_beha': 1, 'scene': 4, 'narrative': 7}
  -- borders:
     Deut 9                             {'_stem_border': 1}
     Exod 34 (ink)                      {'the_land_and_its_fall': 5, 'the_four_sides': 3, 'the_dividers': 1, 'the_roster': 1}
     Num 13-14 (the spies)              {'lemma_seats': 1, '_stem_border': 2, '_side': 5, '_order': 1, 'narrative': 1}
     Deut 1:26-46 (the rejection retold) {'_side': 1}
     Aaron                              {'_stem_border': 1, '_restrict': 3, 'the_four_sides': 2, 'narrative': 1}
     the four places                    {'_stem_border': 1, '_side': 1, '_restrict': 1, 'the_four_sides': 3, 'law_borders': 1, 'narrative': 1}
     grind/dust/brook                   {'words': 1, '_stem_border': 3, '_side': 3, 'the_four_sides': 3, 'the_dividers': 1, 'law_borders': 1, 'narrative': 1}
  -- chatat:
     Aaron                              {'MODULE': 1, 'wine': 1, 'mrow': 1}
     Tishri 10                          {'identity': 1, 'day_of_atonement': 1, 'scene': 1, 'mrow': 1}
  -- chukat:
     Exod 17:1-7 (Massah)               {'sources': 1, 'meribah': 4, 'law_chukat': 2, 'narrative': 4}
     Num 13-14 (the spies)              {'law_chukat': 1}
     Deut 10:1-11 (the second tablets retold) {'sources': 2, 'edom_and_hor': 1, 'narrative': 1}
     Avodah Zarah 43b-44a / 3:3         {'sources': 1, 'arad_and_the_serpent': 2, 'law_chukat': 1, 'narrative': 2}
     the broken tablets in the ark      {'sources': 1, 'well_and_kings': 1, 'narrative': 1}
     forty days                         {'corpse_tumah': 2, 'narrative': 1}
     Aaron                              {'MODULE': 1, 'sources': 8, 'heifer_rite': 2, 'meribah': 6, 'edom_and_hor': 13, 'law_chukat': 17, 'narrative': 31}
     the four places                    {'well_and_kings': 1}
     provoke/rebel                      {'seats_of': 1, 'law_chukat': 1, 'narrative': 2}
     grind/dust/brook                   {'seats_of': 1, 'sources': 5, 'corpse_tumah': 4, 'well_and_kings': 2, 'law_chukat': 1, 'narrative': 3}
     pray/intercede                     {'seats_of': 1, 'law_chukat': 2, 'narrative': 4}
     Tishri 10                          {'MODULE': 1}
     Elul / Av                          {'sources': 1, 'edom_and_hor': 1, 'well_and_kings': 1, 'narrative': 1}
  -- covenant_at_horeb:
     Deut 9                             {'out': 5}
     Exod 24:12-18 (the ascent)         {'lr': 2, 'the_answer_and_the_charge': 1, 'law_covenant_at_horeb': 1}
     Exod 34 (second tablets)           {'out': 6, 'lr': 1}
     Num 13-14 (the spies)              {'out': 3}
     Deut 1:26-46 (the rejection retold) {'out': 3}
     Deut 4:23-24 (consuming fire)      {'out': 1}
     Deut 10:1-11 (the second tablets retold) {'out': 2}
     Shabbat 86-89                      {'lr': 6, 'the_first_tablet': 1, 'the_voice_and_the_request': 3, 'law_covenant_at_horeb': 3, 'scene': 1, 'narrative': 2}
     Berakhot 32a / 7a                  {'lr': 2, 'the_second_word': 2, 'narrative': 1}
     calf                               {'lr': 1, 'the_answer_and_the_charge': 2, 'narrative': 1}
     tablets                            {'MODULE': 1, 'out': 1, 'lr': 5, 'the_second_tablet': 3, 'the_voice_and_the_request': 5, 'the_answer_and_the_charge': 1, 'law_covenant_at_horeb': 1, 'narrative': 3}
     provoke/rebel                      {'lr': 1}
     grind/dust/brook                   {'MODULE': 1, 'lr': 2, 'the_first_tablet': 1}
     mighty hand / arm                  {'lr': 2}
  -- erection:
     Deut 9                             {'ascent': 1, 'calf': 1}
     Exod 32 (the calf)                 {'scene': 7}
     Exod 24:12-18 (the ascent)         {'scene': 2}
     Exod 34 (second tablets)           {'scene': 3}
     Num 13-14 (the spies)              {'tablets': 1}
     Ta'anit 4:6 / 28b                  {'ascent': 3, 'law_erection': 2, 'scene': 2, 'build': 1, 'mrow': 2}
     Shabbat 86-89                      {'tablets': 1, 'calf': 1, 'execution': 1, 'initiations': 1, 'scene': 2, 'mrow': 2}
     Berakhot 32a / 7a                  {'MODULE': 1, 'tablets': 1, 'calf': 4, 'presence': 1, 'law_erection': 1, 'scene': 1, 'mrow': 5}
     Avodah Zarah 43b-44a / 3:3         {'calf': 2, 'law_erection': 2, 'scene': 1, 'build': 1, 'mrow': 2}
     Sanhedrin 102a (Aaron)             {'calf': 1, 'law_erection': 1, 'mrow': 1}
     the broken tablets in the ark      {'MODULE': 1, 'tablets': 2, 'presence': 1, 'execution': 1, 'law_erection': 1, 'mrow': 2}
     calf                               {'MODULE': 4, 'fmt2': 1, 'covenant': 2, 'repeats': 1, 'calf': 15, 'law_erection': 21, 'scene': 3, 'build': 2, 'mrow': 32}
     tablets                            {'MODULE': 1, 'fmt2': 3, 'tablets': 8, 'ascent': 5, 'calf': 2, 'craftsmen': 1, 'law_erection': 16, 'scene': 5, 'scene_counts_w7': 1, 'build': 3, 'mrow': 33}
     stiff-necked                       {'mrow': 1}
     forty days                         {'tablets': 1, 'ascent': 2, 'law_erection': 2, 'scene': 5, 'mrow': 2}
     Aaron                              {'MODULE': 1, 'fmt2': 2, 'ascent': 1, 'calf': 4, 'command': 1, 'execution': 1, 'initiations': 6, 'law_erection': 2, 'build': 1, 'mrow': 1}
     provoke/rebel                      {'tablets': 2, 'mrow': 1}
     grind/dust/brook                   {'covenant': 1, 'repeats': 1, 'calf': 4, 'law_erection': 2, 'build': 2, 'mrow': 2}
     finger of God                      {'tablets': 1, 'craftsmen': 1, 'mrow': 1}
     pray/intercede                     {'MODULE': 1, 'tablets': 3, 'calf': 4, 'law_erection': 4, 'scene': 2, 'mrow': 2}
     relent                             {'calf': 3, 'law_erection': 1, 'scene': 2, 'build': 1, 'mrow': 2}
     the offer                          {'calf': 1}
     Your inheritance                   {'tablets': 1}
     molten                             {'MODULE': 1, 'covenant': 3, 'scene': 1, 'mrow': 2}
     Tammuz                             {'ascent': 1, 'law_erection': 1, 'scene': 2, 'scene_counts_w7': 1, 'mrow': 1}
     Tishri 10                          {'scene': 2, 'build': 1}
     Elul / Av                          {'ascent': 1, 'execution': 1}
  -- exodus_story:
     Exod 17:1-7 (Massah)               {'scene': 4}
     Num 13-14 (the spies)              {'trials': 1}
     Shabbat 86-89                      {'MODULE': 1, '_mekhilta': 1, 'marah': 1, 'manna': 1, 'sinai': 7, 'build': 4}
     calf                               {'trials': 2}
     tablets                            {'signs': 1}
     Aaron                              {'oppression': 1, 'birth': 1, 'signs': 1, 'manna': 1}
     the four places                    {'MODULE': 1, 'sinai': 1, 'scene': 1}
     provoke/rebel                      {'trials': 1}
     grind/dust/brook                   {'bush': 1, 'night': 1, 'build': 3}
     finger of God                      {'plagues': 1, 'build': 1}
     pray/intercede                     {'plagues': 1, 'night': 1, 'build': 1}
  -- family:
     Num 13-14 (the spies)              {'fmt2': 1}
     Sanhedrin 102a (Aaron)             {'levirate': 1}
     grind/dust/brook                   {'MODULE': 1, 'build': 1}
     pray/intercede                     {'delta': 1, 'purchase': 1, 'commission': 10, 'inheritance': 3, 'testament': 2, 'mrow': 4}
  -- gad_reuben:
     Exod 32 (ink)                      {'the_request': 6, 'the_rebuke': 15, 'the_offer': 4, 'the_condition': 12, 'the_acceptance_and_the_charge': 6, 'the_grant': 3, 'the_cities': 5, 'machir_jair_nobah': 5}
     Num 13-14 (the spies)              {'tok': 12}
     Deut 1:26-46 (the rejection retold) {'tok': 3, 'the_rebuke': 1, 'narrative': 1}
     Aaron                              {'the_acceptance_and_the_charge': 2, 'narrative': 1}
     the four places                    {'words': 1, 'the_rebuke': 2, 'law_gad_reuben': 1}
     grind/dust/brook                   {'the_offer': 2, 'narrative': 1}
     Elul / Av                          {'tok': 2, 'the_rebuke': 2, 'narrative': 1}
  -- good_land:
     Deut 9                             {'receipt_seats': 1}
     Exod 17:1-7 (Massah)               {'receipt_seats': 3, 'the_chain_and_the_covenant': 1, 'rb': 6, 'narrative': 1}
     Num 11:31-35 (Kibroth)             {'rb': 1}
     Num 13-14 (the spies)              {'receipt_seats': 2, 'the_way_of_forty_years': 1, 'the_testimony': 1, 'rb': 4, 'narrative': 1}
     Deut 1:26-46 (the rejection retold) {'receipt_seats': 3, 'narrative': 1}
     Deut 4:38 (nations greater)        {'receipt_seats': 1}
     Deut 10:1-11 (the second tablets retold) {'receipt_seats': 1}
     Berakhot 32a / 7a                  {'take_heed_lest_you_forget': 2, 'rb': 1, 'narrative': 1}
     the broken tablets in the ark      {'take_heed_lest_you_forget': 1}
     forty days                         {'the_testimony': 1}
     provoke/rebel                      {'take_heed_lest_you_forget': 1}
     let Me alone                       {'the_testimony': 2, 'narrative': 1}
     grind/dust/brook                   {'ledger_scan': 1, 'the_chain_and_the_covenant': 2, 'rb': 2, 'law_good_land': 1, 'narrative': 1}
     pray/intercede                     {'the_good_land': 4, 'rb': 1, 'narrative': 1}
  -- hear_o_israel:
     Deut 9                             {'out': 7}
     Exod 24:12-18 (the ascent)         {'MODULE': 1, 'the_header': 1}
     Exod 17:1-7 (Massah)               {'MODULE': 1, 'out': 4, 'rb': 1, 'the_test_and_the_right': 1, 'law_hear_o_israel': 3, 'scene': 1, 'narrative': 3}
     Num 13-14 (the spies)              {'out': 1}
     Deut 4:23-24 (consuming fire)      {'out': 1}
     Deut 10:1-11 (the second tablets retold) {'out': 1}
     Exod 33:3-5, 34:9 (stiff-necked)   {'out': 1}
     Berakhot 32a / 7a                  {'the_gift_and_the_warning': 1}
     the broken tablets in the ark      {'the_gift_and_the_warning': 1}
     the four places                    {'MODULE': 3, 'out': 1, 'rb': 3, 'the_test_and_the_right': 5, 'law_hear_o_israel': 6, 'narrative': 3}
     righteousness                      {'rb': 3, 'the_sons_question': 6, 'narrative': 3}
     grind/dust/brook                   {'the_gift_and_the_warning': 2}
     pray/intercede                     {'rb': 1, 'the_four_duties': 1}
     blot out / destroy                 {'the_gift_and_the_warning': 1}
  -- holiness:
     righteousness                      {'MODULE': 1}
     corrupt                            {'conduct': 1, 'scene': 1, 'mrow': 1}
     molten                             {'frame': 1, 'mrow': 1}
  -- holiness_b:
     grind/dust/brook                   {'mixtures': 2}
  -- incense_shekel:
     Deut 9                             {'bull': 1}
     calf                               {'bull': 2, 'incense': 1, 'sabbath': 2, 'mrow': 1}
     tablets                            {'bull': 1, 'sabbath': 2}
     Aaron                              {'MODULE': 1, 'fmt2': 3, 'persons': 9, 'bull': 2, 'rams': 4, 'succession': 3, 'meal': 1, 'seven_days': 2, 'incense_altar': 5, 'laver': 1, 'oil': 2, 'incense': 2, 'sabbath': 1, 'law_investiture': 2, 'scene': 2, 'mrow': 3}
     grind/dust/brook                   {'persons': 1, 'incense_altar': 1, 'incense': 2, 'law_investiture': 2, 'mrow': 1}
     finger of God                      {'bull': 1}
     Tishri 10                          {'sabbath': 1}
  -- joseph:
     Num 13-14 (the spies)              {'first_descent': 1}
     forty days                         {'mourning': 1}
     Aaron                              {'prison_dreams': 1}
     grind/dust/brook                   {'esau_met': 2, 'dinah': 1, 'edom': 1, 'first_descent': 1, 'the_seventy': 1, 'the_fifth': 2, 'coffin': 2, 'scene': 2, 'build': 2}
     pray/intercede                     {'jabbok': 1, 'esau_met': 1, 'coffin': 2, 'law_joseph': 1, 'scene': 2, 'build': 1}
     the offer                          {'the_seventy': 1}
  -- journeys:
     Deut 9                             {'lemma_seats': 4, '_lemmas': 1}
     Exod 32 (the calf)                 {'lemma_seats': 4, '_lemmas': 2}
     Exod 34 (second tablets)           {'lemma_seats': 2, '_lemmas': 1, 'the_heading_and_the_writing': 1, 'the_stations': 1, 'narrative': 1}
     Exod 17:1-7 (Massah)               {'lemma_seats': 1, '_lemmas': 2, 'the_heading_and_the_writing': 1}
     Num 11:31-35 (Kibroth)             {'_lemmas': 4}
     Num 13-14 (the spies)              {'lemma_seats': 1}
     Deut 1:26-46 (the rejection retold) {'lemma_seats': 1}
     Deut 10:1-11 (the second tablets retold) {'words': 2, '_lemmas': 3, 'the_heading_and_the_writing': 1, 'the_stations': 2, 'narrative': 2}
     calf                               {'MODULE': 1, 'words': 1, '_lemmas': 2, 'the_command': 4, 'law_journeys': 1, 'narrative': 1}
     tablets                            {'_lemmas': 1, 'the_heading_and_the_writing': 1}
     forty days                         {'the_stations': 1}
     Aaron                              {'MODULE': 1, 'words': 3, 'lemma_seats': 1, '_lemmas': 8, 'the_heading_and_the_writing': 6, 'the_stations': 5, 'aarons_death_retold': 11, 'law_journeys': 1, 'narrative': 11}
     the four places                    {'MODULE': 1, 'words': 1, '_bare': 1, '_lemmas': 3, 'the_stations': 3, 'narrative': 2}
     blot out / destroy                 {'the_command': 1}
     mighty hand / arm                  {'_lemmas': 1, 'the_command': 1}
     molten                             {'MODULE': 2, 'words': 1, '_lemmas': 3, 'the_command': 3, 'law_journeys': 3, 'narrative': 2}
     Tammuz                             {'_lemmas': 1}
     Elul / Av                          {'_lemmas': 4, 'aarons_death_retold': 3, 'narrative': 1}
  -- korach:
     Num 13-14 (the spies)              {'law_korach': 1}
     Deut 10:1-11 (the second tablets retold) {'the_tithe': 2, 'narrative': 1}
     Shabbat 86-89                      {'clause': 1, 'plague_and_staffs': 2, 'law_korach': 1, 'narrative': 2}
     the broken tablets in the ark      {'plague_and_staffs': 2, 'law_korach': 2, 'narrative': 2}
     calf                               {'clause': 1, 'the_watch': 1, 'the_gifts': 1, 'narrative': 1}
     Aaron                              {'seats_of': 1, 'clause': 3, 'rebellion': 2, 'plague_and_staffs': 9, 'the_watch': 1, 'the_gifts': 8, 'law_korach': 8, 'narrative': 24}
     provoke/rebel                      {'MODULE': 1, 'seats_of': 1, 'rebellion': 1, 'the_gifts': 1, 'law_korach': 3, 'narrative': 25}
     grind/dust/brook                   {'rebellion': 5, 'law_korach': 2, 'narrative': 4}
     pray/intercede                     {'rebellion': 1, 'narrative': 1}
     Tishri 10                          {'plague_and_staffs': 2, 'narrative': 1}
  -- lev24:
     provoke/rebel                      {'main': 1}
     Tishri 10                          {'main': 1}
  -- mamre:
     calf                               {'mamre': 3}
     righteousness                      {'mamre': 2, 'speckled': 3, 'law_mamre': 2, 'build': 4}
     corrupt                            {'flight': 1}
     grind/dust/brook                   {'gerar': 1, 'bethel': 2, 'well_stone': 1, 'wage': 1, 'build': 2}
     pray/intercede                     {'MODULE': 1, 'mamre': 4, 'sodom': 2, 'gerar': 13, 'twins': 4, 'law_mamre': 5, 'scene': 4, 'build': 12}
     the offer                          {'isaac_gerar': 1}
     the fathers remembered             {'heap': 1}
  -- mekoshesh:
     Aaron                              {'narrative': 1}
  -- midian:
     Deut 1:26-46 (the rejection retold) {'torah_seats': 1}
     Deut 10:1-11 (the second tablets retold) {'torah_seats': 1, 'narrative': 1}
     calf                               {'torah_seats': 1}
     tablets                            {'torah_seats': 1, 'the_vengeance': 2, 'narrative': 1}
  -- minchah:
     Aaron                              {'count': 1, 'law_minchah': 1}
     grind/dust/brook                   {'omer': 1, 'mrow': 2}
  -- moadim:
     Tishri 10                          {'count': 3, 'passover': 1, 'mishnah': 3}
  -- musafim:
     grind/dust/brook                   {'watches_day': 1}
     pray/intercede                     {'watches_day': 2, 'tishri': 2, 'sukkot': 2, 'narrative': 1}
     Tammuz                             {'the_new_moon': 1}
     Tishri 10                          {'watches_day': 2, 'the_new_moon': 1, 'the_calendar': 4, 'narrative': 2}
  -- naso:
     Shabbat 86-89                      {'wagons': 2, 'narrative': 1}
     calf                               {'camp_purity': 2, 'narrative': 1}
     tablets                            {'sotah': 1}
     forty days                         {'narrative': 1}
     Aaron                              {'work_count': 3, 'voice': 4, 'narrative': 3}
     provoke/rebel                      {'nazirite': 2, 'narrative': 1}
     grind/dust/brook                   {'prince_of': 1, 'camp_purity': 2, 'sotah': 3, 'narrative': 3}
     blot out / destroy                 {'raw_words': 1}
  -- obey_horeb:
     Deut 9                             {'out': 12, 'rb': 1}
     Exod 32 (the calf)                 {'out': 2, 'narrative': 1}
     Exod 24:12-18 (the ascent)         {'out': 1, 'the_exhortation': 2, 'horeb_retold': 2, 'law_obey_horeb': 1, 'narrative': 2}
     Exod 31:18 (the finger)            {'out': 1, 'rb': 2, 'horeb_retold': 2, 'law_obey_horeb': 3, 'narrative': 2}
     Exod 34 (second tablets)           {'out': 5, 'rb': 2, 'the_exile_case': 2, 'narrative': 1}
     Deut 1:26-46 (the rejection retold) {'out': 2, 'rb': 1, 'the_cities_and_the_frame': 1}
     Deut 4:23-24 (consuming fire)      {'out': 6, 'narrative': 2}
     Deut 4:38 (nations greater)        {'out': 2, 'narrative': 1}
     Deut 10:1-11 (the second tablets retold) {'out': 7, 'rb': 1}
     Solomon / Nehemiah quoting         {'rb': 1, 'no_image': 2, 'narrative': 1}
     Ta'anit 4:6 / 28b                  {'rb': 1, 'horeb_retold': 1, 'law_obey_horeb': 1}
     Shabbat 86-89                      {'horeb_retold': 1}
     Avodah Zarah 43b-44a / 3:3         {'no_image': 1, 'law_obey_horeb': 1, 'scene': 1}
     the broken tablets in the ark      {'rb': 1, 'horeb_retold': 2, 'law_obey_horeb': 1, 'scene': 1, 'narrative': 1}
     tablets                            {'MODULE': 3, 'out': 1, 'rb': 8, 'horeb_retold': 9, 'no_image': 1, 'the_cities_and_the_frame': 3, 'law_obey_horeb': 8, 'narrative': 6}
     provoke/rebel                      {'rb': 1, 'the_exile_case': 1, 'law_obey_horeb': 1}
     righteousness                      {'rb': 1}
     consuming fire                     {'the_exhortation': 2, 'no_image': 4, 'narrative': 2}
     corrupt                            {'rb': 3, 'no_image': 2, 'the_exile_case': 1, 'law_obey_horeb': 2}
     grind/dust/brook                   {'rb': 2, 'the_cities_and_the_frame': 2}
     finger of God                      {'law_obey_horeb': 2}
     blot out / destroy                 {'the_exile_case': 1, 'law_obey_horeb': 1}
     the offer                          {'rb': 2, 'the_exhortation': 3, 'the_one_god': 1, 'law_obey_horeb': 3}
     mighty hand / arm                  {'rb': 11, 'the_one_god': 6}
     Tammuz                             {'horeb_retold': 1, 'the_cities_and_the_frame': 1, 'narrative': 1}
     Elul / Av                          {'rb': 1, 'the_exile_case': 1}
  -- offerings:
     Aaron                              {'dispatch': 1}
     Tishri 10                          {'MODULE': 1}
  -- opening_speech:
     Deut 9                             {'lemma_seats': 4}
     Exod 32 (the calf)                 {'rb': 1}
     Num 13-14 (the spies)              {'words': 1, 'lemma_seats': 6, 'rb': 11, 'the_spies_read_back': 1, 'law_opening_speech': 2, 'scene': 2}
     Deut 1:26-46 (the rejection retold) {'lemma_seats': 33, 'rb': 11, 'the_spies_read_back': 1, 'narrative': 11}
     Berakhot 32a / 7a                  {'words': 1, 'rb': 3, 'the_frame': 2, 'the_plea': 2, 'law_opening_speech': 1, 'narrative': 2}
     Sanhedrin 102a (Aaron)             {'rb': 1, 'the_frame': 1}
     calf                               {'words': 1, 'rb': 3, 'the_frame': 2, 'narrative': 1}
     Aaron                              {'words': 1, 'lemma_seats': 5, 'rb': 1, 'the_commission': 2, 'the_frame': 2, 'the_officers_and_the_judges': 1, 'law_opening_speech': 1, 'narrative': 1}
     the four places                    {'words': 1, 'rb': 2, 'the_frame': 1, 'the_bypass': 1, 'law_opening_speech': 2}
     provoke/rebel                      {'words': 2, 'lemma_seats': 1, 'the_commission': 1, 'law_opening_speech': 1}
     righteousness                      {'rb': 1, 'the_officers_and_the_judges': 2, 'narrative': 1}
     Anakim                             {'words': 1, 'rb': 1, 'the_spies_read_back': 2, 'the_bypass': 1}
     not able                           {'rb': 1, 'the_officers_and_the_judges': 1}
     grind/dust/brook                   {'words': 2, 'lemma_seats': 2, 'rb': 8, 'the_officers_and_the_judges': 1, 'the_spies_read_back': 2, 'the_bypass': 3, 'the_plea': 1, 'law_opening_speech': 7, 'narrative': 1}
     pray/intercede                     {'lemma_seats': 1, 'rb': 4, 'the_plea': 2, 'law_opening_speech': 2}
     Elul / Av                          {'words': 1, 'lemma_seats': 2, 'rb': 4, 'the_spies_read_back': 1, 'the_bypass': 2}
  -- ordinances:
     not able                           {'stranger': 1}
     grind/dust/brook                   {'scene': 1}
  -- pesach_sheni:
     Aaron                              {'second_passover': 1, 'narrative': 1}
  -- pre_sinai:
     Shabbat 86-89                      {'MODULE': 1, 'verdict': 1, 'creation': 1, 'mrow': 1}
     Avodah Zarah 43b-44a / 3:3         {'creation': 1}
     grind/dust/brook                   {'MODULE': 1, 'mrow': 1}
     pray/intercede                     {'MODULE': 1, 'cell': 1, 'sabbath': 1}
     Tishri 10                          {'day_boundary': 1}
  -- priesthood:
     Aaron                              {'tanakh': 1, 'lamp_table': 3, 'law_priesthood': 3, 'mrow': 2}
     corrupt                            {'acceptable': 2, 'mrow': 2}
  -- primeval:
     Exod 32 (the calf)                 {'prologue': 1}
     forty days                         {'ark': 3, 'remembering': 1, 'scene': 1}
     provoke/rebel                      {'cain': 1, 'nations': 1, 'war': 4, 'law_primeval': 3, 'build': 2}
     righteousness                      {'war': 1, 'pieces': 3, 'law_primeval': 2}
     corrupt                            {'breach': 1, 'ark': 5, 'law_primeval': 3, 'build': 1}
     grind/dust/brook                   {'garden': 1, 'sentences': 2, 'cain': 2, 'lines': 2, 'vineyard': 2, 'separation': 5, 'law_primeval': 5, 'scene': 1, 'build': 2}
     pray/intercede                     {'egypt': 1}
     the offer                          {'call': 3}
  -- refuge:
     calf                               {'lemma_tokens': 1}
     Aaron                              {'lemma_tokens': 2, 'scene': 1}
     grind/dust/brook                   {'lemma_tokens': 1}
     Tishri 10                          {'lemma_tokens': 1}
  -- sanctions:
     grind/dust/brook                   {'MODULE': 1, 'anytok': 1, 'census': 1, 'blood': 1, 'covering': 3, 'law_sanctions': 1, 'mrow': 3}
     the taunt                          {'anytok': 1, 'platform': 1}
     Tishri 10                          {'frame': 1}
  -- sanctuary_build:
     Deut 10:1-11 (the second tablets retold) {'MODULE': 1, 'offering': 1}
     calf                               {'offering': 2}
     tablets                            {'ark': 2, 'altar': 1, 'mrow': 1}
     Aaron                              {'offering': 1, 'ark': 2, 'altar': 1, 'lamp': 2, 'books': 1, 'mrow': 1}
     grind/dust/brook                   {'ark': 1}
     pray/intercede                     {'books': 1, 'mrow': 1}
     Tishri 10                          {'offering': 2, 'ark': 2, 'mrow': 1}
  -- second_census:
     Num 13-14 (the spies)              {'narrative': 1}
     Aaron                              {'MODULE': 1, '_me': 1, 'the_command': 3, 'the_roll': 1, 'the_rolls': 9, 'law_second_census': 5}
     provoke/rebel                      {'has': 1, 'the_roll': 1}
     Elul / Av                          {'the_rolls': 1}
  -- seven_nations:
     Deut 9                             {'out': 6}
     Exod 34 (second tablets)           {'out': 2}
     Num 13-14 (the spies)              {'out': 2, 'because_you_hear': 1, 'rb': 1}
     Deut 1:26-46 (the rejection retold) {'out': 1, 'narrative': 1}
     Deut 4:23-24 (consuming fire)      {'out': 1}
     Deut 4:38 (nations greater)        {'out': 1}
     Berakhot 32a / 7a                  {'rb': 1}
     calf                               {'MODULE': 1, 'rb': 3}
     Aaron                              {'the_holy_people': 1, 'rb': 1}
     the four places                    {'do_not_fear': 1}
     grind/dust/brook                   {'the_seven_nations': 1, 'the_holy_people': 1, 'because_you_hear': 3, 'the_images_and_the_devoted': 1, 'rb': 6, 'law_seven_nations': 3, 'narrative': 1}
     blot out / destroy                 {'the_faithful_god': 2, 'do_not_fear': 1, 'rb': 4, 'law_seven_nations': 1}
     the offer                          {'the_seven_nations': 2, 'do_not_fear': 1, 'rb': 1, 'law_seven_nations': 1}
     mighty hand / arm                  {'do_not_fear': 3, 'rb': 3}
     molten                             {'rb': 1}
  -- shelach:
     Deut 9                             {'decree': 2, 'narrative': 2}
     Exod 32 (the calf)                 {'decree': 4, 'law_shelach': 1, 'narrative': 4}
     Exod 24:12-18 (the ascent)         {'out': 1}
     Exod 34 (second tablets)           {'decree': 3, 'law_shelach': 1, 'narrative': 2}
     Num 13-14 (the spies)              {'subsequence': 1, 'spies': 1, 'decree': 2, 'law_shelach': 3, 'scene': 3, 'narrative': 34}
     Deut 1:26-46 (the rejection retold) {'law_shelach': 3}
     Ta'anit 4:6 / 28b                  {'subsequence': 1, 'decree': 1, 'narrative': 1}
     Berakhot 32a / 7a                  {'decree': 6, 'law_shelach': 2, 'narrative': 6}
     calf                               {'subsequence': 1, 'decree': 1, 'libations': 5, 'narrative': 4}
     forty days                         {'MODULE': 1, 'subsequence': 1, 'spies': 1, 'decree': 2, 'law_shelach': 2, 'narrative': 10}
     Aaron                              {'decree': 2, 'libations': 1, 'narrative': 7}
     the four places                    {'subsequence': 1, 'decree': 1}
     provoke/rebel                      {'decree': 2, 'narrative': 1}
     Anakim                             {'spies': 3, 'law_shelach': 1, 'narrative': 3}
     not able                           {'narrative': 1}
     grind/dust/brook                   {'subsequence': 1}
     pray/intercede                     {'spies': 1, 'decree': 1, 'law_shelach': 1, 'narrative': 3}
     the offer                          {'narrative': 1}
     Tammuz                             {'subsequence': 1, 'narrative': 1}
     Tishri 10                          {'subsequence': 1, 'high_hand': 2, 'narrative': 1}
     Elul / Av                          {'subsequence': 2, 'decree': 7, 'law_shelach': 3, 'narrative': 8}
  -- shemini_day:
     Exod 32 (the calf)                 {'day': 1}
     Deut 10:1-11 (the second tablets retold) {'fire': 1}
     Shabbat 86-89                      {'fire': 1, 'eras': 1, 'mrow': 1}
     calf                               {'MODULE': 3, 'tanakh_phrase': 1, 'day': 14, 'order': 6, 'calf': 5, 'law_eighth_day': 5, 'scene': 3, 'mrow': 31}
     Aaron                              {'tanakh_phrase': 2, 'day': 3, 'order': 2, 'calf': 4, 'ram': 2, 'peace': 1, 'fire': 10, 'law_eighth_day': 1, 'mrow': 9}
     provoke/rebel                      {'day': 1}
     pray/intercede                     {'fire': 1}
  -- tochacha:
     Num 13-14 (the spies)              {'seventy_timer': 1, 'jubilee_count': 1}
     blot out / destroy                 {'recovery': 1}
  -- tzav:
     Aaron                              {'dues_machine': 2, 'minchah_law': 5, 'law_tzav': 1, 'scene': 2}
     Tishri 10                          {'installation': 1}
  -- vestments:
     calf                               {'completion': 1}
     Aaron                              {'fmt3': 2, 'office': 4, 'ephod': 2, 'breastplate': 3, 'robe': 1, 'plate': 5, 'tunics': 3, 'investiture': 3, 'completion': 1, 'build': 2, 'mrow': 3}
  -- vows:
     Exod 34 (second tablets)           {'the_man': 1}
     Aaron                              {'hearing_due': 1, 'the_man': 1, 'the_statutes': 1}
     grind/dust/brook                   {'the_man': 1, 'narrative': 2}
     Tishri 10                          {'seats': 1, 'hearing_due': 1, 'the_affliction_oath': 1}
  -- yovel:
     grind/dust/brook                   {'arrival_unredeemed': 2, 'support_duty': 1}
     Tishri 10                          {'MODULE': 1, 'jubilee': 1, 'field_kind_by_father': 1, 'law_yovel': 1, 'scene': 1, '_bavli': 1}
  -- zelophehad:
     grind/dust/brook                   {'narrative': 2}
     Elul / Av                          {'MODULE': 1, 'out': 1, 'the_daughters': 2, 'law_zelophehad': 1, 'narrative': 3}
  THE KIN RUNNERS (a hit on Exodus 32 / 24:12-18 / 31:18 / 34 / 17:1-7 / Numbers 11 / 13-14) + the Deuteronomy runners + the clock runners: ['balak', 'beha', 'borders', 'calendar', 'chukat', 'clocks', 'covenant_at_horeb', 'erection', 'exodus_story', 'family', 'gad_reuben', 'good_land', 'hear_o_israel', 'joseph', 'journeys', 'korach', 'moadim', 'obey_horeb', 'opening_speech', 'primeval', 'second_census', 'seven_nations', 'shelach', 'shemini_day', 'tochacha', 'vows']
  modules imported: ['balak', 'beha', 'borders', 'calendar', 'chukat', 'clocks', 'covenant_at_horeb', 'erection', 'exodus_story', 'family', 'gad_reuben', 'good_land', 'hear_o_israel', 'joseph', 'journeys', 'korach', 'moadim', 'obey_horeb', 'opening_speech', 'primeval', 'second_census', 'seven_nations', 'shelach', 'shemini_day', 'tochacha', 'vows']

==== (2) THE CALLEES' DEFS, ASKS, DATA KEYS ====
==== balak: 16 defs ['strip', 'verse_text', 'seats_of', 'ink', 'move', 'dat', 'out', 'census', 'the_call', 'the_ass_and_the_angel', 'the_stands', 'peor', 'phinehas_and_midian', 'law_balak', 'scene', 'narrative']
   the_call                     asks ['balaam_name', 'beno_form', 'blessing_formula', 'curse_roots', 'cursing_barred', 'embassies', 'gentile_prophecy_by_night', 'honor_promised', 'house_of_silver', 'last_camp', 'midian_elders_left', 'midian_joined', 'mimmul', 'prophet_then_diviner', 'refuses_spelling', 'restrictors', 'way_one_wishes', 'word_formula']
   the_ass_and_the_angel        asks ['adversary', 'anger_mark', 'balaam_and_the_ass', 'confession', 'edge_of_the_people', 'eyes_uncovered', 'mouth_of_the_ass', 'saddling', 'stands_stations', 'sword_spelling', 'three_strikes', 'times_word', 'yarat']
   the_stands                   asks ['balaam_disciples', 'balaam_share', 'blood_of_the_slain', 'counsel', 'counsel_inverted', 'curses_turned', 'death_of_the_upright', 'dwells_alone', 'eitan', 'forty_two_offerings', 'fourth_part', 'gentile_olah', 'gentile_share', 'isaac_formula', 'judah_blessing', 'kabbo_curse', 'kittim', 'moment_of_anger', 'most_high_knowledge', 'motzi_tense', 'no_anger_those_days', 'no_divination', 'one_letter', 'opened_eye', 'parables', 'promise_ladder', 'reed_and_cedar', 'shefi', 'shema_candidate', 'star_reading', 'tents_aloes', 'tents_doors', 'teruah_of_a_king', 'who_shall_live', 'word_in_mouth_mode']
   peor                         asks ['aaron_and_phinehas', 'anger_third', 'aramean_woman', 'called_the_people', 'cast_before_god', 'dwelt_is_pain', 'for_its_sake', 'halakha_forgotten', 'hang_before_the_sun', 'idolatry_principle', 'judges_count', 'no_weapon_in_the_hall', 'peor_service', 'plague_count', 'shittim_name', 'spec_run', 'wine_decree_date', 'yoked_like_the_lid', 'zealot_rule']
   phinehas_and_midian          asks ['atone_tense', 'atoned_forever', 'balaam_death', 'blemished_service', 'covenant_of_peace', 'covenant_salt_priesthood', 'cozbi_and_zur', 'everlasting_priesthood', 'harass_root', 'high_priest_count', 'lineage_answer', 'midian_not_moab', 'priesthood_by_the_deed', 'rule_installed', 'seed_after_him', 'twenty_four_gifts', 'unfit_seed_service']
   law_balak                    asks []  kinds ['angel_stood_as_adversary', 'ass_case', 'ass_saw_the_angel_thrice', 'balaam_and_balak_parted', 'balaam_answered_house_of_silver', 'balaam_brought_to_bamoth_baal', 'balaam_confessed_and_sent_on', 'balaam_counselled_balak', 'balaam_refused_the_first', 'balaam_saddled_and_went', 'balaams_eyes_uncovered', 'balak_clapped_and_dismissed', 'balak_met_balaam_at_arnon', 'balak_protested_first', 'balak_protested_second', 'balak_sent_again', 'balak_sent_for_balaam', 'call_case', 'covenant_of_peace_given', 'elders_came_with_divinations', 'encamped_in_the_plains_of_moab', 'first_parable_taken_up', 'fourth_parable_taken_up', 'god_came_at_night_go', 'god_came_to_balaam_first', 'god_met_balaam_first', 'hanging_commanded', 'israel_yoked_to_baal_peor', 'judges_commanded_to_slay', 'midian_harassment_commanded', 'midianite_brought_near', 'moab_feared_and_loathed', 'mouth_of_the_ass_opened', 'people_whored_and_bowed_at_shittim', 'peor_case', 'phinehas_case', 'phinehas_pierced_both', 'plague_dead_counted', 'second_parable_taken_up', 'seven_altars_built_first', 'spirit_of_god_upon_balaam', 'stands_case', 'taken_to_peor_third_stand', 'taken_to_pisgah_second_stand', 'the_lord_met_balaam_second', 'third_parable_taken_up']
   DATA keys (36): ['altars_total', 'aramean_woman', 'atone_tense', 'balaam_and_the_ass', 'balaam_blind', 'balaam_death', 'balaam_disciples', 'balaam_share', 'called_the_people', 'cozbi_and_zur', 'curse_roots', 'curses_turned', 'each_his_two', 'fourth_part', 'gentile_olah', 'gentile_prophets', 'gentile_share', 'hanging_by_courts', 'high_priest_count', 'house_of_silver', 'midian_command_run', 'moment_of_anger', 'peor_service', 'phinehas_miracles', 'shema_candidate', 'shittim_name', 'stands', 'star_reading', 'tents_doors', 'teruah_verse_class', 'twenty_four_gifts', 'vav_of_shalom', 'wine_decree_date', 'word_formula', 'word_in_mouth_mode', 'zealot_rule']
   imports: ['cold_run_bamidbar', 'cold_run_chukat', 'cold_run_erection', 'cold_run_exodus_story', 'cold_run_family', 'cold_run_korach', 'cold_run_mamre', 'cold_run_mekoshesh', 'cold_run_offerings', 'cold_run_priesthood', 'cold_run_primeval', 'cold_run_shelach']
   lines with 'forty'           : 9  e.g. ['# family engine, the promise ladder from the primeval engine, the idolatry principle from Shelach; the forty-one lines on the tape with no', '\'altars_total\': {\'value\': (21, BEASTS), \'source\': "the parser\'s 7, 7, 7 at three stands — Sanhedrin 105b:12 Ruth the reward of the forty-two; Nazir 23b:4"},']
   lines with 'Aaron'           : 20  e.g. ["# Exod 34:15-16 CALLED from the erection engine at its Peor run, the judges' 78,600 from the exodus story, Aaron's incense and the plague's", "import cold_run_korach as KR                     # THE EDGE: balak -> korach CALL, reference (25:8, 25:13 — Aaron's incense clause and verb, 17:12-14; the twenty-four gif"]
   lines with 'let me'          : 5  e.g. ['\'balaam_share\': {\'value\': \'none\', \'settings\': {\'none\': "Mishnah Sanhedrin 10:2 — the four commoners; his own sign: \'let me die the death of the upright\' / \'I go to my peo', 'ink(\'23:10, 24:14\', "\'let me die the death of the upright\' / \'I go to my people\'"); move(\'Sanhedrin 105a:12; Avodah Zarah 25a:1\', "his own sign; the book of Yashar = Gene']
   lines with 'righteous'       : 3  e.g. ['\'fourth_part\': {\'value\': \'the_couplings\', \'settings\': {\'the_couplings\': "R. Abbahu — God counts the couplings of Israel for the righteous drop (Niddah 31a:20); Balaam\'s e', 'return out("no anger in Balaam\'s days — \'how shall I curse whom El has not cursed\' (23:8); Micah 6:5 \'know the righteous acts\'", [\'oracle_blessed\'])']
   lines with 'not able'        : 1  e.g. ["w.submit({'kind': 'balak_met_balaam_at_arnon', 'subject': 'balak', 'at': 'the city of Moab on the border of the Arnon', 'words': 'the word that God puts in my mouth, that"]
   lines with 'dust'            : 2  e.g. ["return [E_('oracle_blessed', 'israel', cp='HEAVEN', value='how shall I curse whom El has not cursed... a people that dwells alone... who has counted the dust of Jacob (23", "w.submit({'kind': 'first_parable_taken_up', 'subject': 'israel', 'parable': 1, 'clauses': ['from Aram Balak led me', 'how shall I curse whom El has not cursed', 'a people"]
   lines with 'assembly'        : 3  e.g. ['return out("the spear taken only after rising from the assembly (25:7) — one does not enter the study hall armed (Sanhedrin 82a:15); the Torah\'s one spear", [FX.NONE])', "w.submit({'kind': 'moab_feared_and_loathed', 'subject': 'the-moabites', 'saw': 'all that Israel had done to the Amorite', 'feared': True, 'said_to': 'the elders of Midian"]
   lines with 'destroy'         : 1  e.g. ["w.submit({'kind': 'fourth_parable_taken_up', 'subject': 'israel', 'parable': 4, 'clauses': ['a star steps forth from Jacob', 'a scepter rises from Israel', 'Edom shall be"]
   lines with 'mightier'        : 2  e.g. ["return [E_('plea_made', 'balak', cp='balaam', value='come, curse this people for me, for it is mightier than I... for I know that whom you bless is blessed and whom you c", "w.submit({'kind': 'balak_sent_for_balaam', 'subject': 'balak', 'to': 'Balaam son of Beor at Pethor', 'words': 'come, curse this people for me', 'case_source': 'Num 22:5-6"]
   lines with "'24:1"           : 5  e.g. ["'house_of_silver': {'value': {'22:18': ('small or great', 'the LORD my God'), '24:13': ('good or bad', 'from my own heart', 'no my God')}, 'source': 'computed — the two s", 'ink(\'24:16\', "\'and knows the knowledge of the Most High\'"); move(\'Avodah Zarah 4b:1-4; Sanhedrin 105b:2-5; Berakhot 7a:8\', "not God\'s thoughts (he did not know his animal']
   lines with 'installed_by'    : 1  e.g. ['"""Num 22:1-25:19 (cold_run_balak.py F1-F5). installed_by boot — the portion\'s lines are acts, no statute spoken; THE ZEALOTS\' RULE is']
   lines with 'Taanit'          : 7  e.g. ['\'star_reading\': {\'value\': \'r_akiva_bar_koziba\', \'settings\': {\'r_akiva_bar_koziba\': "\'a star out of Jacob\' — Koziba out of Jacob: this is King Messiah (Jerusalem Talmud Ta', 'ink(\'24:6\', "\'as cedars beside the waters\'"); move(\'Taanit 20a:15; Sanhedrin 105b:20-106a:2\', "Ahijah\'s reed-curse better than Balaam\'s cedar-blessing")']
   lines with 'Berakhot 7a'     : 7  e.g. ['\'moment_of_anger\': {\'value\': \'one_58888th_of_an_hour_in_the_first_three_hours\', \'settings\': {\'one_58888th_of_an_hour_in_the_first_three_hours\': "Berakhot 7a:8 the measure', 'ink(\'24:16\', "\'and knows the knowledge of the Most High\'"); move(\'Avodah Zarah 4b:1-4; Sanhedrin 105b:2-5; Berakhot 7a:8\', "not God\'s thoughts (he did not know his animal']
   lines with 'Avodah Zarah 4'  : 9  e.g. ['\'balaam_and_the_ass\': {\'value\': \'diviner_by_his_member\', \'settings\': {\'diviner_by_his_member\': "Mar Zutra — \'fallen\' as Haman fallen (Sanhedrin 105a:17)", \'bestiality\': "', '\'moment_of_anger\': {\'value\': \'one_58888th_of_an_hour_in_the_first_three_hours\', \'settings\': {\'one_58888th_of_an_hour_in_the_first_three_hours\': "Berakhot 7a:8 the measure']
==== beha: 18 defs ['strip', 'verse_text', 'raw_words', 'ink', 'move', 'dat', 'out', 'prince_of', 'lamps', 'levites_rite', 'trumpets', 'march', 'taberah_and_quail', 'seventy_elders', 'miriam', 'law_beha', 'scene', 'narrative']
   lamps                        asks ['aaron_unchanged', 'count', 'day_spoken', 'evening_to_morning', 'flowers', 'geometry', 'inauguration', 'material', 'pattern', 'sons_equated', 'steps', 'two_by_two', 'western_lamp']  kinds ['aaron_unchanged', 'count', 'day_spoken', 'evening_to_morning', 'flowers', 'geometry', 'inauguration', 'material', 'pattern', 'sons_equated', 'steps', 'two_by_two', 'western_lamp']
   levites_rite                 asks ['a_fortiori_refused', 'after_fifty', 'age', 'ages', 'bull_age', 'bulls', 'bulls_order', 'chiasm', 'chronicles', 'day_spoken', 'firstborn_ground', 'fitness', 'five_times', 'given', 'hands_laid', 'purification', 'razor', 'sin_offering_eaten', 'song', 'waved_bodies', 'wavings']  kinds ['a_fortiori_refused', 'after_fifty', 'age', 'ages', 'bull_age', 'bulls', 'bulls_order', 'chiasm', 'chronicles', 'day_spoken', 'firstborn_ground', 'fitness', 'five_times', 'given', 'hands_laid', 'purification', 'razor', 'sin_offering_eaten', 'song', 'waved_bodies', 'wavings']
   trumpets                     asks ['blast_count_at_journeys', 'blast_unit', 'blemished_priest', 'count', 'daily_service', 'days_of_gladness', 'fast_order', 'fragments', 'hearing', 'kingship_verses', 'material', 'musaf_blasts', 'offices', 'oppression', 'over_offerings', 'scope', 'shofar_identity', 'shofar_kinds', 'sounds', 'temple_blasts', 'teruah_form', 'who_discharges', 'with_shofar']  kinds ['blast_count_at_journeys', 'blast_unit', 'blemished_priest', 'count', 'daily_service', 'days_of_gladness', 'fast_order', 'fragments', 'hearing', 'kingship_verses', 'material', 'musaf_blasts', 'offices', 'oppression', 'over_offerings', 'scope', 'shofar_identity', 'shofar_kinds', 'sounds', 'temple_blasts', 'teruah_form', 'who_discharges', 'with_shofar']
   march                        asks ['ark_bearers', 'cloud_and_trumpets', 'clouds', 'date', 'day_stack', 'eighty_five', 'hobab', 'jethro_at_sinai', 'levites_places', 'order', 'princes_order', 'sanctuary_name', 'shekhinah_minimum', 'signs', 'spy_verb', 'three_days', 'year_turns']  kinds ['ark_bearers', 'cloud_and_trumpets', 'clouds', 'date', 'day_stack', 'eighty_five', 'hobab', 'jethro_at_sinai', 'levites_places', 'order', 'princes_order', 'sanctuary_name', 'shekhinah_minimum', 'signs', 'spy_verb', 'three_days', 'year_turns']
   taberah_and_quail            asks ['day_ladder', 'dew', 'families_weeping', 'fire_at_edge', 'fire_sank', 'fish_for_nothing', 'five_foods', 'graves', 'manna_fell', 'manna_form', 'manna_taste', 'manna_taste_word', 'meat_between_teeth', 'month_of_days', 'nursing_father', 'quail_height', 'quail_slaughter', 'rabble', 'shortened_hand', 'six_hundred_thousand', 'spread_or_slaughtered', 'taberah_name', 'ten_homers', 'the_people', 'three_gifts', 'trials', 'two_timers', 'wilderness_meat']  kinds ['day_ladder', 'dew', 'families_weeping', 'fire_at_edge', 'fire_sank', 'fish_for_nothing', 'five_foods', 'graves', 'manna_fell', 'manna_form', 'manna_taste', 'manna_taste_word', 'meat_between_teeth', 'month_of_days', 'nursing_father', 'quail_height', 'quail_slaughter', 'rabble', 'shortened_hand', 'six_hundred_thousand', 'spread_or_slaughtered', 'taberah_name', 'ten_homers', 'the_people', 'three_gifts', 'trials', 'two_timers', 'wilderness_meat']
   seventy_elders               asks ['continued', 'count_when', 'descents', 'eldad_medad_prophecy', 'elder_means', 'joshua_childless', 'lots', 'restrain_them', 'sanhedrin', 'spirit', 'with_you', 'would_that']  kinds ['continued', 'count_when', 'descents', 'eldad_medad_prophecy', 'elder_means', 'joshua_childless', 'lots', 'restrain_them', 'sanhedrin', 'spirit', 'with_you', 'would_that']
   miriam                       asks ['aaron_struck', 'admonition_days', 'article_blocks_identity', 'as_one_dead', 'as_snow', 'cushite', 'dayo', 'days', 'dibbur', 'dreams', 'foolish', 'grade', 'halt', 'humble', 'kin_rule', 'leper_shaves_on_festival', 'likeness', 'measure_for_measure', 'quarantine', 'remember_miriam', 'separation', 'short_prayer', 'suddenly', 'summons', 'who_declared', 'who_first']  kinds ['aaron_struck', 'admonition_days', 'article_blocks_identity', 'as_one_dead', 'as_snow', 'cushite', 'dayo', 'days', 'dibbur', 'dreams', 'foolish', 'grade', 'halt', 'humble', 'kin_rule', 'leper_shaves_on_festival', 'likeness', 'measure_for_measure', 'quarantine', 'remember_miriam', 'separation', 'short_prayer', 'suddenly', 'summons', 'who_declared', 'who_first']
   law_beha                     asks ['quarantine']  kinds ['ark_journeyed', 'cloud_lifted', 'elders_case', 'elders_commanded', 'elders_prophesied', 'fire_of_the_lord_burned', 'hobab_asked', 'lamps_case', 'lamps_commanded', 'lamps_raised', 'levite_age_rule', 'levite_rite_case', 'levites_purification_commanded', 'levites_purified_and_given', 'lust_and_weeping', 'march_case', 'march_in_order', 'miriam_case', 'miriam_spoke', 'miriam_stricken_and_shut_out', 'paran_reached', 'quail_and_plague', 'quail_case', 'trumpet_case', 'trumpets_commanded']
   DATA keys (34): ['aaron_struck', 'blast_count_at_journeys', 'blast_unit', 'blasts_per_musaf', 'bull_age', 'continued', 'dayo', 'descents', 'eldad_medad_prophecy', 'fire_at_the_edge', 'fish_for_nothing', 'five_foods', 'jethro_at_sinai', 'lamps_geometry', 'lampstand_material', 'levite_age', 'lots_mechanism', 'manna_taste_word', 'month_of_days', 'oppression_scope', 'pestilence_threshold', 'restrain_them', 'sanhedrin_size', 'seven_clouds', 'shekhinah_minimum', 'short_prayer_bounds', 'spies_sent_day', 'spread_or_slaughtered', 'temple_blasts', 'teruah_form', 'trumpet_material', 'trumpet_scope', 'who_declared_miriam', 'wilderness_meat']
   imports: ['cold_run_bamidbar', 'cold_run_chukat', 'cold_run_moadim', 'cold_run_negaim', 'cold_run_pesach', 'cold_run_sanctuary_build']
   lines with 'Deut 9'          : 4  e.g. ['ink(\'11:3\', \'"he called the name of that place Taberah, for the fire of the LORD burned among them"\'); move(\'Sifrei 86:1; Deut 9:22\', \'the name by the event — "because"\')', "return out('named by the event — Taberah (Deut 9:22)', ['fire_sank'])"]
   lines with 'forty'           : 7  e.g. ['\'temple_blasts\': {\'value\': [21, 48], \'settings\': {\'[21, 48]\': "Mishnah Sukkah 5:5; Mishnah Arakhin 2:3 — three at the gates, nine at each daily offering; the additional o', '\'short_prayer_bounds\': {\'value\': \'five words the floor; forty days the ceiling\', \'settings\': {\'five words the floor; forty days the ceiling\': "Berakhot 34a:12 — no briefe']
   lines with 'Aaron'           : 29  e.g. ['\'aaron_struck\': {\'value\': \'no\', \'settings\': {\'no\': "R. Yehuda b. Beteira — \'either way you will answer for it\' (Shabbat 97a:2)", \'yes\': "R. Akiva — \'against THEM\'; \'Aaron', '\'who_declared_miriam\': {\'value\': \'the Holy One Himself\', \'settings\': {\'the Holy One Himself\': "Zevachim 102a — the resolution of 101b:19\'s objection", \'Moses as a priest\'']
   lines with 'Taberah'         : 9  e.g. ["('תבערה',    11, 3, 'Taberah'),", 'ink(\'11:3\', \'"he called the name of that place Taberah, for the fire of the LORD burned among them"\'); move(\'Sifrei 86:1; Deut 9:22\', \'the name by the event — "because"\')']
   lines with 'Kibroth'         : 5  e.g. ['ink(\'11:34\', \'"Kibroth-hattaavah, for there they buried the people that lusted" — plene here, defective at 33:16 and Deut 9:22\'); move(\'Sifrei 98:1\', \'the name by the eve', "return out('Kibroth-hattaavah — the graves of lust', ['buried'])"]
   lines with 'rebel'           : 1  e.g. ['\'restrain_them\': {\'value\': \'lay the public burden on them\', \'settings\': {\'lay the public burden on them\': "Sifrei 96:1 — and they cease of themselves", \'imprison them\': "']
   lines with 'righteous'       : 2  e.g. ["return out('by rank — the righteous at their doors, the average outside the camp, the wicked far off', ['lusted'])", "('Yoma 75a:16 — how the manna fell', lambda: taberah_and_quail({'ask': 'manna_fell'}, DATA), 'by rank — the righteous at their doors, the average outside the camp, the wi"]
   lines with 'finger'          : 3  e.g. ['ink(\'8:4\', \'"according to the appearance the LORD showed Moses" — Exod 25:40\'); move(\'cold_run_sanctuary_build.menorah(pattern_numbers) -> %r [IMPORT]; Menachot 29a:14-15', "return out('shown with the finger — an exact replica (one of three)', ['lamp_arranged'])"]
   lines with 'pray'            : 16  e.g. ["PRAYER = verse_text(12, 13).split()[verse_text(12, 13).split().index('לאמר') + 1:]   # the prayer is what follows 'saying' — the hand had sliced from the first אל, which ", '\'short_prayer_bounds\': {\'value\': \'five words the floor; forty days the ceiling\', \'settings\': {\'five words the floor; forty days the ceiling\': "Berakhot 34a:12 — no briefe']
   lines with "'11:"            : 28  e.g. ['ink(\'11:1\', \'"the people were as murmurers"\'); move(\'Sifrei Bamidbar 85:1\', \'"the people" everywhere the wicked, "My people" the upright — a lexical rule with proof-seats', 'dat(\'the row fire_at_the_edge = %s\' % data[\'fire_at_the_edge\'][\'value\']); ink(\'11:1\', \'"consumed at the edge of the camp"\'); move(\'Sifrei 85:1 (R. Shimon b. Menassia the ']
   lines with 'installed_by'    : 1  e.g. ['"""Num 8:1-26 + 10:1-12:16 (cold_run_beha.py F1-F7). installed_by boot — the standing setting for a law spoken at its verse."""']
   lines with "Ta'anit"         : 2  e.g. ['\'oppression_scope\': {\'value\': \'any oppression\', \'settings\': {\'any oppression\': "Sifrei 76:1; Mishnah Ta\'anit 3:1-8 — drought, pestilence, blight, locust, beasts, the swor', '\'pestilence_threshold\': {\'value\': \'3 dead in 3 days per 500\', \'settings\': {\'3 dead in 3 days per 500\': "Mishnah Ta\'anit 3:4 — a city of five hundred foot-soldiers, three ']
   lines with 'Taanit'          : 20  e.g. ["# moadim engine, the leper's week from the negaim engine; THE DAY-STACK of Taanit 29a as three reading-placed markers with the ink's", '\'oppression_scope\': {\'value\': \'any oppression\', \'settings\': {\'any oppression\': "Sifrei 76:1; Mishnah Ta\'anit 3:1-8 — drought, pestilence, blight, locust, beasts, the swor']
   lines with 'Shabbat 8'       : 2  e.g. ['ink(\'12:8\', \'"mouth to mouth I speak with him"\'); move(\'Shabbat 87a:4\', \'Moses separated from his wife by his own a-fortiori and God agreed — one of three things\')', '(\'Shabbat 87a:4 — the separation\', lambda: miriam({\'ask\': \'separation\'}, DATA), "Moses\' own a-fortiori, agreed to by God"),']
   lines with 'Berakhot 32'     : 2  e.g. ['ink(\'11:2\', \'"Moses prayed to the LORD, and the fire sank"\'); move(\'Berakhot 32a:5\', \'"to the LORD" read "onto the LORD" — Moses spoke impertinently (R. Elazar)\')', '(\'Num 11:2; Berakhot 32a:5 — the fire sank\', lambda: taberah_and_quail({\'ask\': \'fire_sank\'}, DATA), "sank at Moses\' prayer"),']
   lines with 'Berakhot 7a'     : 2  e.g. ['ink(\'12:8\', \'"the likeness of the LORD he beholds" — the word\\\'s eight Torah seats computed: %d (seven bans, one beholding)\' % len(LIKENESS)); move(\'Berakhot 7a:32\', \'the', "('Num 12:8; Berakhot 7a:32 — the likeness (computed)', lambda: miriam({'ask': 'likeness'}, DATA), 'seven bans on making one, one beholding (12:8)'),"]
==== borders: 25 defs ['strip', 'verse_text', 'words', 'ink', 'move', 'dat', 'hyp', 'out', 'seats', 'rx', 'tok', 'lemma_seats', '_stem_border', '_side', '_tribe_of', '_order', '_restrict', 'the_land_and_its_fall', 'the_four_sides', 'moses_restatement', 'the_dividers', 'the_roster', 'law_borders', 'scene', 'narrative']
   the_land_and_its_fall        asks ['as_an_inheritance', 'by_its_borders', 'shall_fall', 'the_command', 'the_frame', 'the_land_bound_rule', 'the_land_canaan', 'this_is_the_land', 'when_you_come']  kinds ['as_an_inheritance', 'by_its_borders', 'shall_fall', 'the_command', 'the_frame', 'the_land_bound_rule', 'the_land_canaan', 'this_is_the_land', 'when_you_come']
   the_four_sides               asks ['chinnereth', 'ezekiels_order', 'judahs_border', 'the_blotting_verb', 'the_east', 'the_goings_out', 'the_great_sea', 'the_jordan_as_border', 'the_loop', 'the_marking_verb', 'the_north', 'the_points', 'the_promised_extents', 'the_sea_as_border', 'the_sea_as_west', 'the_second_mount_hor', 'the_side_word', 'the_south', 'the_spies_walked_it', 'the_three_lands', 'the_west', 'the_written_singular']  kinds ['chinnereth', 'ezekiels_order', 'judahs_border', 'the_blotting_verb', 'the_east', 'the_goings_out', 'the_great_sea', 'the_jordan_as_border', 'the_loop', 'the_marking_verb', 'the_north', 'the_points', 'the_promised_extents', 'the_sea_as_border', 'the_sea_as_west', 'the_second_mount_hor', 'the_side_word', 'the_south', 'the_spies_walked_it', 'the_three_lands', 'the_west', 'the_written_singular']
   moses_restatement            asks ['joshuas_receipt', 'one_tribe_noun', 'the_count', 'the_grant_read', 'the_lot_by_call', 'the_nine_and_a_half', 'the_pair', 'the_relay']  kinds ['joshuas_receipt', 'one_tribe_noun', 'the_count', 'the_grant_read', 'the_lot_by_call', 'the_nine_and_a_half', 'the_pair', 'the_relay']
   the_dividers                 asks ['only_excludes', 'the_court_that_owes', 'the_debit', 'the_distributive', 'the_names_form', 'the_princes_as_agents', 'the_seventy_one', 'the_three_stems', 'the_triad']  kinds ['only_excludes', 'the_court_that_owes', 'the_debit', 'the_distributive', 'the_names_form', 'the_princes_as_agents', 'the_seventy_one', 'the_three_stems', 'the_triad']
   the_roster                   asks ['calebs_five_words', 'no_prince_of_chapter_one', 'only_here', 'the_closer', 'the_order', 'the_roster', 'the_rows', 'the_survivors']  kinds ['calebs_five_words', 'no_prince_of_chapter_one', 'only_here', 'the_closer', 'the_order', 'the_roster', 'the_rows', 'the_survivors']
   law_borders                  asks []  kinds ['borders_case', 'borders_commanded', 'dividers_case', 'dividers_named', 'moses_commanded_the_nine_and_a_half']
   DATA keys (15): ['ezekiels_order', 'the_distributive_doubling', 'the_four_sides', 'the_jordan_as_border', 'the_land_bound_rule', 'the_nine_and_a_half', 'the_princes_as_agents', 'the_promised_extents', 'the_relay_form', 'the_roster', 'the_roster_order', 'the_sea_as_border', 'the_seventy_one', 'the_three_lands', 'the_two_mount_hors']
   imports: ['cold_run_bamidbar', 'cold_run_chukat', 'cold_run_gad_reuben', 'cold_run_journeys', 'cold_run_korach', 'cold_run_naso', 'cold_run_second_census', 'cold_run_shelach', 'cold_run_zelophehad']
   lines with 'Deut 9'          : 1  e.g. ["assert AKRABBIM == ['Josh 15:3', 'Num 34:4'] and KADESH_BARNEA_BARE == ['Deut 1:2', 'Deut 1:19'] and BARNEA_LEMMA == ['Deut 1:2', 'Deut 1:19', 'Deut 2:14', 'Deut 9:23', '"]
   lines with 'forty'           : 3  e.g. ["assert len(NUM_S) == 43 and len(JUDAH_S) == 56 and len(SHARED_S) == 29, (len(NUM_S), len(JUDAH_S), len(SHARED_S))                          # JUDAH'S SOUTH BORDER IS THE L", 'return out("Judah\'s south border is the land\'s (Joshua 15:1-4) — twenty-nine of the forty-three tokens of 34:3-5 stand there; Hazar-addar split in two; Azmon plene; one \'']
   lines with 'Aaron'           : 6  e.g. ["assert HOR == ['Num 20:22', 'Num 20:25', 'Num 20:27', 'Num 33:38', 'Num 34:7'] and HOR_LEMMA == ['Deut 32:50', 'Num 20:22', 'Num 20:23', 'Num 20:25', 'Num 20:27', 'Num 21", 'assert CK_TWO[0] == "two Mount Hors — Aaron\'s at Edom\'s border, the northern border\'s (34:7-8)", CK_TWO                                # THE CALL: the chukat runner\'s row']
   lines with 'Kadesh'          : 9  e.g. ['(\'ברנע\',      34, 4,  \'[Kadesh-]barnea — Onkelos "Rekem Geah"\'),', "assert AKRABBIM == ['Josh 15:3', 'Num 34:4'] and KADESH_BARNEA_BARE == ['Deut 1:2', 'Deut 1:19'] and BARNEA_LEMMA == ['Deut 1:2', 'Deut 1:19', 'Deut 2:14', 'Deut 9:23', '"]
   lines with 'brook'           : 12  e.g. ["('נחלה',      34, 5,  'the brook of [Egypt] — the inheritance\\'s consonants'),", 'assert BROOK == [\'Num 34:5\'] and BROOK_KINGS == [\'1Kgs 8:65\', \'2Chr 7:8\', \'Isa 27:12\', \'Josh 15:4\', \'Josh 15:47\'], (BROOK, BROOK_KINGS)   # "the brook of Egypt" — 1 Kings']
   lines with 'blot'            : 8  e.g. ["import cold_run_naso as NS                       # THE EDGE: borders -> naso CALL, reference (7:11's doubling; the twelve princes' names; the sotah's 5:23 blot — a homogr", "('ומחה',      34, 11, 'and it shall reach — the blotting verb (5:23)'),"]
   lines with 'inheritance'     : 30  e.g. ['import cold_run_second_census as C2              # THE EDGE: borders -> second_census CALL, reference (34:2\'s "shall fall as an inheritance" and 34:13\'s "inherit by lot" ', 'import cold_run_gad_reuben as GR                 # THE EDGE: borders -> gad_reuben CALL, reference (34:14-15\'s "have taken their inheritance" — 32:33\'s grant on the tape;']
   lines with "'34:"            : 53  e.g. ["'source': '34:3-12 against the five verses on the tokens (the reading measured the absence; the runner asserts it on the chapter\\'s tokens)'},", "'source': '34:18 and the seven kin verses by the same parser (KIN computed)'},"]
   lines with 'installed_by'    : 4  e.g. ['\'the_relay_form\': {\'value\': \'moses_commanded_the_children_of_israel\', \'settings\': {\'moses_commanded_the_children_of_israel\': "\'and Moses commanded the children of Israel,', "dat('installed_by BOOT with the class named — a law in the divine voice relayed at 34:13 in 36:5\\'s form; the second pass (D2) decides')"]
   lines with 'given_at'        : 1  e.g. ['"""Num 34:1-29 (cold_run_borders.py F1-F5). given_at Num 34:1; installed_by boot — A LAW IN THE DIVINE VOICE relayed at 34:13 in 36:5\'s']
==== calendar: 15 defs ['strip', 'verse_text', 'ink', 'move', 'dat', 'out', 'sabbatical', 'matzah', 'weekly_rest', 'pilgrimage', 'offering_windows', 'first_fruits', 'kid_in_milk', 'law_calendar', 'scene']
   sabbatical                   asks ['home_engine', 'timer', 'work_scope']
   matzah                       asks ['as_commanded']
   weekly_rest                  asks ['recurrence', 'who_rests']
   offering_windows             asks ['fat_overnight', 'leaven_beside_offering']
   kid_in_milk                  asks ['benefit', 'cook', 'eat']
   law_calendar                 asks []  kinds ['appeared_at_the_feast', 'feast_of_matzot_kept', 'first_fruits_brought', 'kid_boiled_in_milk', 'land_sown', 'offering_slaughtered_over_leaven', 'seventh_day_rest']
   DATA keys (0): []
   imports: ['cold_run_pesach', 'cold_run_yovel']
   lines with 'righteous'       : 1  e.g. ["'rests too; the righteous convert is covered elsewhere')"]
==== chukat: 19 defs ['strip', 'verse_text', 'seats_of', 'ink', 'move', 'dat', 'out', 'kit_order', 'sources', 'heifer_rite', 'corpse_tumah', 'delta', 'meribah', 'edom_and_hor', 'arad_and_the_serpent', 'well_and_kings', 'law_chukat', 'scene', 'narrative']
   heifer_rite                  asks ['age', 'ashes_thirds', 'attention', 'blemish', 'burn_list', 'day_and_priest', 'defiles_garments', 'finger_wipe', 'first_heifer_open', 'for_its_name', 'frames', 'from_gentile', 'gatherer', 'hairs', 'kit', 'kit_order', 'madaf', 'meilah', 'nine_heifers', 'outside_the_camp', 'pregnant', 'priest_in_garments', 'procession', 'sequestering', 'slaughter_alone', 'slaughter_not_neck', 'slaughter_whole', 'sprinkling', 'statute_indispensable', 'statute_seats', 'taken_out_alone', 'tvul_yom', 'who_burns', 'who_slaughters', 'who_sprinkles_blood', 'wood', 'work_invalidates', 'yoke']  kinds ['age', 'ashes_thirds', 'attention', 'blemish', 'burn_list', 'day_and_priest', 'defiles_garments', 'finger_wipe', 'first_heifer_open', 'for_its_name', 'frames', 'from_gentile', 'gatherer', 'hairs', 'kit', 'kit_order', 'madaf', 'meilah', 'nine_heifers', 'outside_the_camp', 'pregnant', 'priest_in_garments', 'procession', 'sequestering', 'slaughter_alone', 'slaughter_not_neck', 'slaughter_whole', 'sprinkling', 'statute_indispensable', 'statute_seats', 'taken_out_alone', 'tvul_yom', 'who_burns', 'who_slaughters', 'who_sprinkles_blood', 'wood', 'work_invalidates', 'yoke']
   corpse_tumah                 asks ['all_trusted', 'bet_peras', 'birth_and_fetus', 'bone_measure', 'camps', 'connection', 'death_moment', 'dry_flesh', 'fetus_in_womb', 'field_sources', 'gentile_dwellings', 'gentile_no_tumah', 'grave_stones', 'high_priest_exempt', 'hyssop_dip', 'hyssop_species', 'impure_inside', 'invalid_water', 'karet_entry', 'limb', 'living_water', 'madaf', 'metal_vessels_decree', 'mikveh_grades', 'minor', 'mixing_order', 'open_vessel', 'overshadowing_table', 'ox_goad', 'purification', 'quarter_log_blood', 'removes', 'schedule', 'seven_days', 'sprinkle_on_part', 'sprinkler_carrier', 'sprinkler_who', 'sprinkling_day', 'sprinkling_on_pure', 'sprinkling_water', 'sword_like_slain', 'tent', 'tent_gentile', 'tent_limbs', 'tent_material', 'tent_measure', 'tevul_yom_hatat', 'torah_endures', 'toucher_of_toucher', 'vessel_for_water', 'water_defiles', 'water_measure', 'water_transport', 'who_sanctifies', 'window_measures']  kinds ['all_trusted', 'bet_peras', 'birth_and_fetus', 'bone_measure', 'camps', 'connection', 'death_moment', 'dry_flesh', 'fetus_in_womb', 'field_sources', 'gentile_dwellings', 'gentile_no_tumah', 'grave_stones', 'high_priest_exempt', 'hyssop_dip', 'hyssop_species', 'impure_inside', 'invalid_water', 'karet_entry', 'limb', 'living_water', 'madaf', 'metal_vessels_decree', 'mikveh_grades', 'minor', 'mixing_order', 'open_vessel', 'overshadowing_table', 'ox_goad', 'purification', 'quarter_log_blood', 'removes', 'schedule', 'seven_days', 'sprinkle_on_part', 'sprinkler_carrier', 'sprinkler_who', 'sprinkling_day', 'sprinkling_on_pure', 'sprinkling_water', 'sword_like_slain', 'tent', 'tent_gentile', 'tent_limbs', 'tent_material', 'tent_measure', 'tevul_yom_hatat', 'torah_endures', 'toucher_of_toucher', 'vessel_for_water', 'water_defiles', 'water_measure', 'water_transport', 'who_sanctifies', 'window_measures']
   meribah                      asks ['astrologers', 'burial_near_death', 'cattle_water', 'death_by_the_kiss', 'died_for_sin', 'disgrace_written', 'first_meribah_clauses', 'meribah_seats', 'miriam_day', 'quarrel_with_teacher', 'rebels_skin', 'sentence', 'sin', 'struck_twice', 'there_there', 'well_by_merit']  kinds ['astrologers', 'burial_near_death', 'cattle_water', 'death_by_the_kiss', 'died_for_sin', 'disgrace_written', 'first_meribah_clauses', 'meribah_seats', 'miriam_day', 'quarrel_with_teacher', 'rebels_skin', 'sentence', 'sin', 'struck_twice', 'there_there', 'well_by_merit']
   edom_and_hor                 asks ['aaron_age', 'arad_heard', 'death_dates', 'edom_passage', 'firstfruits_clauses', 'messengers_word', 'moserah', 'seder_olam_walk', 'succession', 'thirty_days', 'two_messages', 'two_mount_hors']  kinds ['aaron_age', 'arad_heard', 'death_dates', 'edom_passage', 'firstfruits_clauses', 'messengers_word', 'moserah', 'seder_olam_walk', 'succession', 'thirty_days', 'two_messages', 'two_mount_hors']
   arad_and_the_serpent         asks ['bite_and_burn', 'captive_acquired', 'cherem_law', 'hormah', 'light_bread', 'nehushtan', 'pole_word', 'serpent_heals', 'serpent_property', 'singular_serpent', 'spoke_against', 'turn_back', 'vow_form']  kinds ['bite_and_burn', 'captive_acquired', 'cherem_law', 'hormah', 'light_bread', 'nehushtan', 'pole_word', 'serpent_heals', 'serpent_property', 'singular_serpent', 'spoke_against', 'turn_back', 'vow_form']
   well_and_kings               asks ['ammon_border', 'arnon_miracle', 'book_of_wars', 'deut3_delta', 'from_his_hand', 'jeremiah_quote', 'joshua_refrain', 'land_east', 'lawgiver', 'mattanah_reading', 'og_lore', 'parable_tellers', 'sihon_purified', 'sihon_refused', 'spy_verb', 'then_sang', 'well_mouth', 'zered_date']  kinds ['ammon_border', 'arnon_miracle', 'book_of_wars', 'deut3_delta', 'from_his_hand', 'jeremiah_quote', 'joshua_refrain', 'land_east', 'lawgiver', 'mattanah_reading', 'og_lore', 'parable_tellers', 'sihon_purified', 'sihon_refused', 'spy_verb', 'then_sang', 'well_mouth', 'zered_date']
   law_chukat                   asks []  kinds ['aaron_brought_up_mount_hor', 'aaron_mourned_thirty_days', 'aarons_gathering_decreed', 'arad_fought_and_took_captives', 'arad_serpent_case', 'book_of_the_wars_cited', 'canaanites_devoted_hormah_named', 'congregation_strove_for_water', 'copper_serpent_made', 'corpse_tumah_case', 'edom_came_out_against', 'edom_hor_case', 'edom_refused', 'fiery_serpents_sent', 'garments_transferred_and_aaron_died', 'heifer_case', 'heifer_statute_given', 'heshbon_and_the_parable', 'israel_dwelt_and_jazer_taken', 'israel_pleaded_the_highway', 'israel_vowed_the_cherem', 'journeyed_by_the_red_sea_way', 'journeyed_oboth_to_arnon', 'journeyed_to_mount_hor', 'journeyed_to_pisgah', 'meribah_case', 'messengers_sent_to_edom', 'messengers_sent_to_sihon', 'miriam_died_at_kadesh', 'moses_and_aaron_fell_and_the_glory', 'og_came_out_and_fear_not', 'og_smitten', 'people_confessed_and_moses_prayed', 'people_spoke_against_god_and_moses', 'pole_commanded', 'rock_commanded', 'rock_struck_twice', 'sentence_at_meribah', 'sihon_came_out_and_fought', 'sihon_smitten_land_possessed', 'staff_taken_from_before_the_lord', 'well_given_at_beer', 'well_kings_case']
   DATA keys (60): ['a_clean_man', 'aaron_mourned_by_all', 'ammon_border', 'arad_heard', 'arnon_miracle', 'ashes_thirds', 'bone_measure', 'bundle', 'captive_count', 'cherem_law', 'death_by_the_kiss', 'deaths_ceased', 'edom_passage', 'field_phrase', 'gentile_no_tumah', 'heifer_age', 'heifer_blemish', 'heifer_from_gentile', 'heifer_hairs', 'heifer_pregnant', 'heifer_yoke', 'high_priest_exempt', 'living_water', 'madaf', 'manna_absorbed', 'meilah_on_the_heifer', 'meribah_sin', 'minor_and_karet', 'miriam_death_day', 'mixing_order', 'moserah', 'nehushtan', 'nine_heifers', 'og_lore', 'parable_tellers', 'punishment_split', 'removes', 'serpent_kills_or_heals', 'sihon_purified', 'sprinkle_toward', 'sprinkler_measure', 'sprinkler_or_carrier', 'sprinkler_who', 'sprinkling_day', 'spy_verb', 'succession_by', 'sword_like_slain', 'tent_gentile', 'tent_material', 'tent_measure', 'third_day_fixed', 'tvul_yom_fit', 'tzamid_patil', 'vessel_census', 'well_by_merit', 'well_song_reading', 'who_burns', 'who_sanctifies', 'who_slaughters', 'work_invalidates']
   imports: ['cold_run_chatat', 'cold_run_clocks', 'cold_run_metzora', 'cold_run_priesthood', 'cold_run_sanctions', 'cold_run_temurah', 'cold_run_vayikra5', 'cold_run_vestments', 'cold_run_yoma']
   lines with 'forty'           : 5  e.g. ["move('Mishnah Oholot 18:7-10', 'gentile dwellings unclean after forty days; the drains examined; ten places excepted')", "return out('gentile dwellings unclean after forty days; ten places excepted (Oholot 18:7-10)', ['corpse_unclean_seven_days'])"]
   lines with 'Aaron'           : 59  e.g. ["# YEAR-CONSTRUCT AS AN ORDINAL YEAR (33:38's fortieth year — Aaron's death-date read whole) at this sitting (census_probes.py 149/149 after", '\'well_by_merit\': {\'value\': \'miriams_gone_at_her_death_returned\', \'settings\': {\'miriams_gone_at_her_death_returned\': "three sustainers, three gifts — the well by Miriam\'s ']
   lines with 'Kadesh'          : 16  e.g. ["('צן', 20, 1, 'Zin'), ('הראשון', 20, 1, 'the first'), ('בקדש', 20, 1, 'at Kadesh'), ('ותמת', 20, 1, 'and she died'), ('מרים', 20, 1, 'Miriam'), ('ותקבר', 20, 1, 'and she ", "move('Seder Olam Rabbah 9:2', 'the new moon of Nisan at Zin; three months at Kadesh; Aaron at 123; the clouds departed, Arad came; the retreat of seven stations to Mosera"]
   lines with 'rebel'           : 10  e.g. ["('העליתנו', 20, 5, 'you brought us up'), ('כבוד', 20, 6, 'the glory'), ('המטה', 20, 8, 'the staff'), ('ודברתם', 20, 8, 'and speak'), ('הסלע', 20, 8, 'the rock'), ('מלפני'", "('בחרב', 20, 18, 'with the sword'), ('במסלה', 20, 19, 'by the highway'), ('חזקה', 20, 20, 'strong'), ('וימאן', 20, 21, 'and he refused'), ('ההר', 20, 22, 'Hor'), ('יאסף',"]
   lines with 'let me'          : 3  e.g. ["return [E_('plea_made', 'israel', cp='sihon', value='let me pass through your land; we will not turn into field or vineyard, nor drink well water; by the king\\'s highway ", "w.submit({'kind': 'israel_pleaded_the_highway', 'subject': 'israel', 'words': 'by the highway; only on foot', 'case_source': 'Num 20:19 — and the children of Israel said "]
   lines with 'righteous'       : 1  e.g. ['\'death_by_the_kiss\': {\'value\': \'miriam_too_by_there_there\', \'settings\': {\'miriam_too_by_there_there\': "\'and Miriam died THERE\' / \'and Moses died THERE\' — Miriam too by th']
   lines with 'dust'            : 5  e.g. ["('מעפר', 19, 17, 'of the dust'), ('חיים', 19, 17, 'living'), ('אזוב', 19, 18, 'hyssop'), ('וטבל', 19, 18, 'and dip'), ('והזה', 19, 18, 'and sprinkle'), ('וחטאו', 19, 19, ", '\'mixing_order\': {\'value\': \'ashes_upon_the_water\', \'settings\': {\'ashes_upon_the_water\': "the Torah called ashes DUST for the verbal analogy with the sotah\'s dust: as there']
   lines with 'brook'           : 7  e.g. ['\'arnon_miracle\': {\'value\': \'the_mountains_met\', \'settings\': {\'the_mountains_met\': "\'Vaheb in Suphah and the brooks of Arnon\' — the Emorites in the caves, the ark flattene', 'ink(\'21:12; Deut 2:14\', \'"and camped at the brook Zered" — Deut 2:14: "the days we walked from Kadesh-barnea until we crossed the brook Zered were THIRTY-EIGHT years" — t']
   lines with 'finger'          : 11  e.g. ["# sin-bull's carcass and sevens from the sin-offering engine, me'ilah from the Lev 5 engine, the Day's finger from the Yom Kippur engine,", "import cold_run_yoma as YM                       # THE EDGE: chukat -> yoma CALL, reference (19:4's finger and seven — Lev 16:14's seat)"]
   lines with 'assembly'        : 12  e.g. ["('מעפר', 19, 17, 'of the dust'), ('חיים', 19, 17, 'living'), ('אזוב', 19, 18, 'hyssop'), ('וטבל', 19, 18, 'and dip'), ('והזה', 19, 18, 'and sprinkle'), ('וחטאו', 19, 19, ", '\'gentile_no_tumah\': {\'value\': \'excluded_from_the_assembly\', \'settings\': {\'excluded_from_the_assembly\': "\'cut off from the midst of the assembly\' — impurity applies to a m']
   lines with 'pray'            : 7  e.g. ["('סוף', 21, 4, 'the Red (Sea)'), ('ותקצר', 21, 4, 'and was shortened'), ('הקלקל', 21, 5, 'the light'), ('השרפים', 21, 6, 'the fiery'), ('וינשכו', 21, 6, 'and they bit'), ", "if k == 'people_confessed_and_moses_prayed':"]
   lines with 'destroy'         : 5  e.g. ["return out('the cherem executed — the devoted not redeemed, the persons put to death (21:3; Lev 27:28-29 by the temurah engine)', ['destroyed'])", "return [E_('destroyed', 'the-king-of-arad', cp='israel', value='he devoted them and their cities (21:3) — Onkelos DESTROYED; the temurah engine\\'s devotion: %s' % TM_DEVO"]
   lines with 'inheritance'     : 2  e.g. ["return out('the stations as the Torah\\'s ladder — the gift, the inheritance, the heights, the valley (Nedarim 55a; Eruvin 54a)', [FX.NONE])", "('Nedarim 55a:9; Eruvin 54a:21; Num 21:18-20 — the stations as the ladder', lambda: well_and_kings({'ask': 'mattanah_reading'}, DATA), 'the stations as the Torah\\'s ladde"]
   lines with "'14:"            : 2  e.g. ["return out('14:25\\'s turn-back run at 21:4 — the open debit closed (CF8)', [FX.NONE])", "('Num 21:4 against 14:25; Deut 2:1 — the turn-back run (CF8)', lambda: arad_and_the_serpent({'ask': 'turn_back'}, DATA), '14:25\\'s turn-back run at 21:4 — the open debit "]
   lines with 'installed_by'    : 1  e.g. ['"""Num 19:1-21:35 (cold_run_chukat.py F1-F6). installed_by boot — the heifer\'s statute spoken at 19:1 with no installing act on the']
   lines with 'given_at'        : 2  e.g. ["if k == 'well_given_at_beer':", "w.submit({'kind': 'well_given_at_beer', 'subject': 'israel', 'song': 'rise up, O well', 'case_source': 'Num 21:16-18 — and from there to Beer: that is the well of which t"]
   lines with 'Taanit'          : 8  e.g. ['\'miriam_death_day\': {\'value\': \'tenth_of_nisan\', \'settings\': {\'tenth_of_nisan\': "Miriam died on the tenth of Nisan (Seder Olam Rabbah 10:2 — R. Yosei b. R. Yehuda\'s tradit', '\'well_by_merit\': {\'value\': \'miriams_gone_at_her_death_returned\', \'settings\': {\'miriams_gone_at_her_death_returned\': "three sustainers, three gifts — the well by Miriam\'s ']
   lines with 'Shabbat 8'       : 3  e.g. ["move('Chullin 25a:3, 25a:10, 71a:24; Chagigah 22a:19, 25a:5; Shabbat 84b:3; Mishnah Kelim 9:1-10:8; Oholot 5:3-7, 8:6; Eduyot 1:14; Parah 11:1', 'the earthenware\\'s airsp", 'move(\'Berakhot 63b:14; Gittin 57b:22; Shabbat 83b:10\', \'Reish Lakish: "this is the Torah: when one dies in a tent" — Torah endures in one who kills himself over it (the h']
   lines with 'Avodah Zarah 4'  : 5  e.g. ['\'nehushtan\': {\'value\': \'broken_by_hezekiah_the_sages_agreed\', \'settings\': {\'broken_by_hezekiah_the_sages_agreed\': "Hezekiah ground the copper serpent (2 Kgs 18:4 \'Nehusht', "move('Avodah Zarah 44a:7', 'a person does not render forbidden what is not his — the worshipped serpent no idol by right')"]
   lines with 'Bava Batra 14'   : 3  e.g. ['\'arnon_miracle\': {\'value\': \'the_mountains_met\', \'settings\': {\'the_mountains_met\': "\'Vaheb in Suphah and the brooks of Arnon\' — the Emorites in the caves, the ark flattene', "move('Bava Batra 14b; Kiddushin 30b:2; Moed Katan 25b:2', 'the book named; Vahev love at the end; the phrase in a eulogy')"]
==== clocks: 16 defs ['strip', 'toks', 'count', 'phrase', 'cell', 'yoledet', 'zav', 'touch', 'degrees', 'niddah', 'zavah', 'pairs', 'law_clocks', 'scene', 'load', 'mrow']
   yoledet                      asks ['birth_threshold', 'caesarean', 'child_pure', 'eve_81', 'five_doubtful', 'formation_threshold', 'forms', 'hard_labor_blood', 'hard_labor_duration', 'hard_labor_in_eighty', 'heirs', 'holy_touch', 'immersion_after_seven', 'impure_days', 'kind_matching', 'offering', 'offering_timing', 'order', 'per_child', 'purity_blood_holies', 'purity_blood_status', 'purity_days', 'sac_unformed', 'source', 'tithe', 'total', 'tumtum', 'twins', 'union_of_clocks', 'withholder']
   zav                          asks ['after_threshold', 'count_consecutive', 'count_start', 'dead_women', 'dead_zav', 'examination_ways', 'immersed_before', 'interposition', 'interval_unit', 'liquids', 'long_sighting', 'member_only', 'pair', 'pair_binding', 'self_count', 'semen_in_count', 'semen_then_flux', 'sightings_not_days', 'substance', 'third_sighting_exam', 'tier', 'tumtum', 'twilight', 'vessels_water', 'water', 'wet_dry', 'who']
   degrees                      asks ['after_separation', 'broken_bed', 'carried_majority', 'carried_on_zav', 'designated_bed', 'during_contact', 'father_of_impurity', 'firm_supports', 'five_ways', 'general', 'knock_loaf', 'madaf_above', 'majority_grid', 'midras_subset', 'pressure_column', 'scale_pan', 'seven_ways', 'shaking', 'support_majority', 'terumah_fence', 'zav_carried_on', 'zav_vs_corpse']
   niddah                       asks ['blood_not_stain', 'count_anchor', 'day_old_girl', 'days', 'five_bloods', 'hard_labor', 'inside_as_outside', 'no_early_immersion', 'partner_after_time', 'partner_age', 'partner_bed', 'partner_count', 'partner_days', 'partner_leper', 'partner_offering', 'she_defiles_him_not_reverse', 'ten_day_girl', 'zav_vs_niddah_wet_dry']
   zavah                        asks ['adornment', 'count', 'day_eleven', 'days_many', 'five_persons', 'her_pair_binding', 'hundred', 'immersed_after_act', 'pair', 'presence', 'tiers', 'twenty_five', 'watcher', 'water', 'window']
   pairs                        asks ['chain', 'chain_from_dead', 'chovah_in_chovah', 'died', 'flew_among_offered', 'flew_to_air', 'joint_purchase', 'middle_to_sides', 'no_turtledoves_against_pigeons', 'obligation', 'one_name_two_names', 'places', 'spec_chatat_in_spec_olah', 'spec_in_chovah', 'stumah_meforeshet', 'two_women_two_pairs', 'unconsulted_equal', 'unconsulted_mixed_four', 'unconsulted_specified', 'unconsulted_unequal', 'vow_vs_freewill', 'vowed_pair', 'vowed_pair_two_two']
   law_clocks                   asks []  kinds ['bird_pair_brought', 'discharge_ceased', 'discharge_source_touched', 'lay_with_menstruant', 'man_had_discharge', 'purification_offering_brought', 'seed_emitted', 'woman_gave_birth', 'woman_had_flux', 'woman_menstruated']
   imports: ['cold_run_chatat', 'cold_run_minchah', 'cold_run_offerings', 'cold_run_vayikra5']
   lines with 'forty'           : 4  e.g. ['thirty-three, sixty-six) and their sums computed (forty, eighty);', "return cell(40, D, 'Mishnah Niddah 3:7 — the fortieth day no child, the forty-first a child (R. Yishmael '"]
==== covenant_at_horeb: 28 defs ['plain', 'pointed', 'words', 'morphs', 'wm', 'hits', 'phrase', 'lemma_of', 'letters', 'verse_text', 'ink', 'move', 'dat', 'hyp', 'out', 'rb', 'lr', 'the_assembly_called', 'the_second_word', '_row', 'the_first_tablet', 'the_second_tablet', 'the_tenth_word', 'the_voice_and_the_request', 'the_answer_and_the_charge', 'law_covenant_at_horeb', 'scene', 'narrative']
   the_assembly_called          asks ['face_in_face', 'hear_learn_keep_do', 'i_stood_between', 'not_with_our_fathers', 'the_covenant_at_horeb']  kinds ['face_in_face', 'hear_learn_keep_do', 'i_stood_between', 'not_with_our_fathers', 'the_covenant_at_horeb']
   the_second_word              asks ['bow_and_serve', 'in_its_way', 'no_image', 'no_other_gods', 'the_embracer', 'the_ketiv', 'the_visiting', 'the_write']  kinds ['bow_and_serve', 'in_its_way', 'no_image', 'no_other_gods', 'the_embracer', 'the_ketiv', 'the_visiting', 'the_write']
   the_first_tablet             asks ['keep_and_remember', 'the_first_word', 'the_fourth_word', 'the_ox_and_the_ass', 'the_receipt_5_12', 'the_second_word_row', 'the_servants_rest', 'the_third_word', 'the_two_grounds']  kinds ['keep_and_remember', 'the_first_word', 'the_fourth_word', 'the_ox_and_the_ass', 'the_receipt_5_12', 'the_second_word_row', 'the_servants_rest', 'the_third_word', 'the_two_grounds']
   the_second_tablet            asks ['the_counts', 'the_eighth_word', 'the_fifth_word', 'the_ninth_word', 'the_receipt_5_16', 'the_reward_clause', 'the_seventh_word', 'the_sixth_word', 'the_tenth_word_row']  kinds ['the_counts', 'the_eighth_word', 'the_fifth_word', 'the_ninth_word', 'the_receipt_5_16', 'the_reward_clause', 'the_seventh_word', 'the_sixth_word', 'the_tenth_word_row']
   the_tenth_word               asks ['covet_and_desire', 'the_coveter_who_pays', 'the_wife_first', 'the_write']  kinds ['covet_and_desire', 'the_coveter_who_pays', 'the_wife_first', 'the_write']
   the_voice_and_the_request    asks ['added_no_more', 'hear_and_do', 'the_request', 'the_tablets_given_to_me', 'the_write', 'you_came_near']  kinds ['added_no_more', 'hear_and_do', 'the_request', 'the_tablets_given_to_me', 'the_write', 'you_came_near']
   the_answer_and_the_charge    asks ['done_well', 'return_to_your_tents', 'stand_here_with_me', 'the_charge', 'the_lord_heard', 'the_readback_table', 'the_register_seats', 'who_would_give']  kinds ['done_well', 'return_to_your_tents', 'stand_here_with_me', 'the_charge', 'the_lord_heard', 'the_readback_table', 'the_register_seats', 'who_would_give']
   law_covenant_at_horeb        asks []  kinds ['horeb_covenant_case', 'mediator_requested', 'stand_here_commanded', 'ten_words_declared']
   DATA keys (20): ['keep_and_remember', 'the_charge_to_teach', 'the_export_division', 'the_face_in_face', 'the_fathers_and_us', 'the_hear_and_do', 'the_honor_by_call', 'the_mediator', 'the_ninth_word', 'the_no_image_list', 'the_readback', 'the_receipts', 'the_return_to_tents', 'the_reward_clause', 'the_sabbath_grounds', 'the_second_hole', 'the_second_word', 'the_tenth_word', 'the_two_copies', 'the_visiting']
   imports: ['cold_run_decalogue', 'cold_run_erection', 'cold_run_exodus_story', 'cold_run_holiness', 'cold_run_mishpatim_3', 'cold_run_obey_horeb', 'cold_run_opening_speech', 'cold_run_ordinances', 'cold_run_pre_sinai', 'cold_run_refuge', 'cold_run_sanctions']
   lines with 'Deut 9'          : 4  e.g. ["assert P('ויקרא', 'משה', 'אל', 'כל', 'ישראל') == S_('Deut 29:1', 'Deut 5:1') and len(P('ויקרא', 'משה')) == 7 and P('שמע', 'ישראל') == S_('Deut 20:3', 'Deut 5:1', 'Deut 6:", "assert P('פנים', 'בפנים') == ['Deut 5:4'] and P('פנים', 'אל', 'פנים') == S_('Deut 34:10', 'Exod 33:11', 'Ezek 20:35', 'Gen 32:31', 'Judg 6:22') and P('דבר', 'יהוה', 'עמכם"]
   lines with 'calf'            : 4  e.g. ["'the_hear_and_do': {'value': {'deut_5_27': 'we will hear and do', 'exodus_24_7': 'we will do and hear', 'exodus_19_8_24_3': 'all that the LORD has spoken we will do'}, 's", 'move(\'Avodah Zarah 4b:17-5a:21\', "the calf made to give a claim to penitents; \'with their children forever\' those who stood at Sinai; the Angel of Death\'s decree; \'ingrat']
   lines with 'tablet'          : 54  e.g. ["import cold_run_obey_horeb as OH              # THE EDGE: covenant_at_horeb -> obey_horeb CALL, reference (5:22's ten words and tablets FOUND — 2b's supplied lines; the n", "# F6's facts: the voice and the tablets, the request"]
   lines with 'forty'           : 4  e.g. ['rb(\'Deut 5:1-5, 32-33\', "and Moses called all Israel and said to them: hear, O Israel, the statutes and the judgments which I speak in your ears this day; learn them, and', 'move(\'Sotah 37b:1-6\', "the covenants counted — four general and four specific, with blessings and curses sixteen, at Sinai, the Tent and Moab: forty-eight per mitzva, tim']
   lines with 'rebel'           : 1  e.g. ["'the_second_word': {'value': {'prohibitions': ['no other gods before me', 'no graven image nor any form', 'not bow down to them', 'not serve them'], 'liable_to_death': ['"]
   lines with 'righteous'       : 4  e.g. ['lr(14, \'EXPANDED\', \'decalogue.sabbath_clauses\', "but the seventh day is a sabbath to the LORD your God: you shall not do any work — you, your son, your daughter, AND your', 'move(\'Yevamot 48b:5-6\', "the circumcised slave rests by this clause, the uncircumcised by 23:12\'s; \'your stranger within your gates\' the righteous convert, 23:12\'s the re']
   lines with 'assembly'        : 12  e.g. ["# F1's facts: the assembly called, the covenant, face in face, the mediator", 'rb(\'Deut 5:22\', "these words the LORD spoke to all your assembly in the mountain out of the midst of the fire, the cloud and the thick darkness, with a great voice, and h']
   lines with 'mighty hand'     : 1  e.g. ['lr(15, \'TURNED\', \'decalogue.sabbath_clauses\', "and you shall remember that you were a slave in the land of Egypt, and the LORD your God brought you out from there with a ']
   lines with 'installed_by'    : 2  e.g. ["# given_at Exodus 20:3 (the second word's first giving), installed_by covenant_blood_thrown (law_decalogue's own installer). Seven cells; every", "second copy (5:7-10) with the first, and the tenth word's (5:21 with 20:17): THE CODE'S HOLE FILLED FROM THE RETELLING'S SEAT; installed_by"]
   lines with 'given_at'        : 2  e.g. ["# given_at Exodus 20:3 (the second word's first giving), installed_by covenant_blood_thrown (law_decalogue's own installer). Seven cells; every", '"""Deut 5:1-33 (cold_run_covenant_at_horeb.py F1-F7). given_at Exodus 20:3 — THE SECOND WORD\'S FIRST GIVING, its code compiled here from the']
   lines with 'Shabbat 8'       : 15  e.g. ['lr(12, \'EXPANDED\', \'decalogue.sabbath_clauses\', "KEEP the sabbath day to sanctify it, AS THE LORD YOUR GOD COMMANDED YOU", "\'keep\' for \'remember\' (the infinitive absolute', 'rb(\'Deut 5:27\', "go you near and hear all that the LORD our God shall say, and you speak to us all that the LORD our God speaks to you, AND WE WILL HEAR AND DO", \'people_']
   lines with 'Berakhot 7a'     : 5  e.g. ['lr(9, \'VARIANT\', \'F2 the_second_word (this runner)\', "you shall not bow down to them nor serve them, for I the LORD your God am a jealous God, visiting the iniquity of th', '\'the_visiting\': {\'value\': {\'generations\': \'the third and the fourth of those who hate me\', \'mercy\': \'thousands of those who love me\', \'ketiv\': "his commandments (written)']
   lines with 'Avodah Zarah 4'  : 3  e.g. ['move(\'Avodah Zarah 4b:17-5a:21\', "the calf made to give a claim to penitents; \'with their children forever\' those who stood at Sinai; the Angel of Death\'s decree; \'ingrat', 'return out("who would give (5:29) — the calf and the penitents (Avodah Zarah 4b-5a): an aggadah on the answer\'s verse", [\'accepted\'])']
==== erection: 43 defs ['strip', 'toks', 'raw', 'phrase', 'seats', 'has', 'anytok', 'tanakh', 'tanakh_any', 'tanakh_phrase', 'torah', 'torah_phrase', 'fmt', 'fmt2', 'nations', 'first_in', 'norm', 'bag', 'jac', 'align', 'delta', 'shares', 'cell', 'covenant', 'repeats', 'tablets', 'blood_covenant', 'ascent', 'calf', 'presence', 'craftsmen', 'donation', 'command', 'execution', 'initiations', 'cloud', 'law_erection', 'scene', 'scene_counts_w6', 'scene_counts_w7', 'build', 'load', 'mrow']
   covenant                     asks ['asherav_homograph', 'bow_warning', 'child_follows_mother', 'court_error_bow', 'covenant_thirteen', 'cut_four', 'daughters_two_seats', 'demolition_first_seat', 'demolition_grows', 'eat_sacrifice', 'el_acher', 'inserted_neighbor', 'inserted_verses', 'intermarriage_channels', 'invitation_is_eating', 'molten_two_seats', 'nations_seven_orders', 'no_bow_by_call', 'no_covenant_by_call', 'pillars_exod', 'sheet_az_2_3', 'sheet_az_3_5', 'sheet_az_4_2', 'sheet_az_4_4', 'whoring_three', 'wonders']
   repeats                      asks ['appear_delta', 'appearance_amounts', 'arafto', 'as_commanded_without_kaf', 'chagigah_older', 'chagigah_overnight', 'donkey_by_call', 'empty_exported', 'empty_two_seats', 'empty_where_it_stands', 'equinox', 'feasts_delta', 'first_fruits_by_call', 'firstborn_delta', 'headline', 'jaccard', 'kelal_prat', 'kid_by_call', 'kid_identical', 'leaven_by_call', 'leaven_delta', 'loaves_by_call', 'matzah_by_call', 'matzah_delta', 'order_of_clauses', 'peter_forms', 'peter_twice', 'pilgrimage_by_call', 'plowing_three_readings', 'purge_before_slaughter', 'rest_by_call', 'rest_delta', 'sabbatical_by_call', 'seh_class', 'sheet_bekhorot_1_2', 'sheet_bekhorot_1_7', 'sheet_pesachim_5_4', 'sheet_sheviit_1_4', 'tekufat', 'tifdeh_doubled', 'tifdeh_triple', 'tipadeh', 'tizakar_homograph', 'until_morning_forms', 'warranty', 'warranty_read', 'weeks_consonants', 'wheat_two_loaves', 'zivchi_two_seats']
   tablets                      asks ['al_pi', 'annulled_by_ezekiel', 'breaking_ratified', 'called_name', 'charut_freedom', 'chips_yours', 'confession_order', 'dual_anger', 'fathers_sons', 'finger_and_forms', 'forgive_triple', 'formula_seats', 'forty_nine', 'fragments_by_call', 'gift_unannounced', 'graze_ban_presence', 'kekhaloto', 'majority_fork', 'medium_law', 'name_not_cleared', 'no_ascend', 'pesal_two', 'prayer_leader', 'radiance', 'reading_map', 'reconciled', 'sinai_exod', 'ten_words', 'tension_resolved', 'yhwh_yhwh']
   blood_covenant               asks ['basins_rule', 'blood_of_covenant', 'blue_chain', 'book_of_covenant', 'cantillation', 'convert_rite', 'eras_by_call', 'lxx_change', 'mar_zutra', 'no_eating_transposed', 'olah_before_tent', 'olah_by_call', 'olah_which', 'one_voice', 'onkelos_atone', 'parse_question', 'pre_sinai_table', 'purity_altar_top', 'sapphire', 'seventy', 'sheet_keritot_2_1', 'teiku', 'unnamed_elders', 'youths', 'youths_firstborn']
   ascent                       asks ['baal_devarim', 'burden_of_proof', 'canon_channel', 'forty', 'seventeenth_tammuz', 'sheet_taanit_4_6', 'six_seventh', 'torah_mitzvah', 'under_mountain', 'within_within']
   calf                         asks ['boshesh', 'both_sides_charut', 'bow_likened', 'chag_layhwh', 'confess_specify', 'fill_your_hand', 'four_verbs', 'fourth_verb_decides', 'great_sin', 'individual_rule', 'letzachek', 'levi_all', 'mi_layhwh', 'molten_calf', 'nullification_dispute', 'oath_endures', 'para_pharaoh', 'plague', 'reading_law', 'relent', 'saru_stiff', 'seized', 'services_by_call', 'sotah_verb', 'surcharge', 'three_books', 'three_deaths', 'three_legged', 'vav_plural', 'vayechal', 'vow_annulled']
   presence                     asks ['blessing_not_duty', 'by_name_favor', 'hapaxes', 'horev_plene', 'knot', 'looked_after', 'manasseh', 'ornaments_homograph', 'pillar_face', 'ruling_distance', 'sheet_avot_1_1', 'speech_with_speech', 'tent_outside', 'three_hundred', 'twelve_mil', 'yamish_chain']
   craftsmen                    asks ['announced_leader', 'called', 'craft_alignment', 'craft_delta', 'finger', 'inventory_five', 'named_by_call', 'restrictor', 'spirit_triple', 'teach_added', 'wisdom_to_wise']
   donation                     asks ['alignment', 'dwells_in', 'habosem', 'heart_binds', 'heart_twelve', 'identical_pairs', 'material_order', 'princes_revocalized', 'sheet_chagigah_1_8', 'spinning', 'spinning_labor', 'trigger_by_call', 'vows_release', 'wave_gold']
   command                      asks ['anoint_verbs', 'as_their_father', 'date', 'dressing_orders_by_call', 'dressing_spec', 'everlasting_priesthood', 'oil_run_by_call', 'on_means_beside', 'partition_as_roof', 'screen_on', 'verbs']
   execution                    asks ['alignment_blocks', 'date_by_call', 'directions', 'erection_day_three', 'global_stamp', 'hukam', 'kaasher_all', 'nisan_for_kings', 'not_picked', 'pickup', 'raise_never_lower', 'rose_of_itself', 'second_year', 'seven_stamps', 'sheet_shabbat_2_3', 'stamps_by_call', 'staves_by_call', 'sunday', 'ten_crowns', 'tent_spread', 'testimony_by_call', 'unrun', 'unrun_in_leviticus', 'vayekhal', 'veil_by_call', 'whole']
   initiations                  asks ['base_a_fortiori', 'bread_by_call', 'burner_delta', 'erekh_lechem', 'first_incense_by_call', 'four_by_call', 'four_priests', 'indispensable_rule', 'lamps_by_call', 'laver_offset', 'laver_run_by_call', 'milvad', 'moses_added', 'moses_priest', 'raise_lamps', 'sabbath_initiation', 'sheet_menachot_4_4', 'tamid_by_call', 'two_loci']
   cloud                        asks ['could_not', 'dwell_by_call', 'fire_night', 'first_lifting', 'glory_filled', 'journeys', 'meeting_by_call', 'numbers_9', 'protocol', 'within_within']
   law_erection                 asks []  kinds ['ascent_barred', 'attributes_proclaimed_at_sinai', 'bowed_to_another_god', 'bread_arranged', 'calf_destroyed', 'calf_made', 'called_from_the_tent', 'case_brought_to_deputies', 'cloud_lifted', 'could_not_enter', 'covenant_blood_thrown', 'covenant_cut_at_sinai', 'craftsman_called', 'daughters_taken', 'elders_ascended', 'entered_the_land', 'erected', 'glory_filled', 'hands_feet_washed', 'incense_burned', 'lamps_raised', 'levites_gathered', 'moses_ascended', 'moses_interceded', 'offering_brought', 'people_answered', 'sacrifice_of_inhabitant_eaten', 'tablets_broken', 'tamid_offered', 'tent_pitched_outside', 'testimony_placed', 'veil_hung', 'work_finished', 'youths_offered']
   build                        asks ['eighth_day_scene_by_call', 'headline_pickup', 'headline_second_seat', 'headline_unrun', 'inventory', 'stamps_total', 'world', 'world_w6', 'world_w7']
   imports: ['cold_run_calendar', 'cold_run_incense_shekel', 'cold_run_moadim', 'cold_run_offerings', 'cold_run_ordinances', 'cold_run_pesach', 'cold_run_priesthood', 'cold_run_sanctuary_build', 'cold_run_shemini_day', 'cold_run_tzav', 'cold_run_vestments']
   lines with 'Deut 9'          : 2  e.g. ['return cell(9, I, "24:18 \'Moses was on the mountain FORTY DAYS AND FORTY NIGHTS\' — the phrase at %d seats: Noah\'s rain twice, Moses\' three ascents (24:18, 34:28; Deut 9:9', 'return cell(c_four_verbs, I, "32:20 the calf\'s end in FOUR verbs — %s: burned, ground, scattered, made-to-drink; \'until it was fine\' at %s (Deut 9:21 adds \'to dust\'); \'an']
   lines with 'calf'            : 73  e.g. ["proof, Bava Kamma 46b; the canon channel); 32 the calf's law layer (the services, the three death-verbs as an evidentiary", "table, Yoma 66b; the four verbs of the calf's end and the sotah verb that decides the nullification dispute, Avodah Zarah"]
   lines with 'tablet'          : 80  e.g. ['34:1-9, 27-35 the second tablets, the attributes as a standing formula with their tension resolved by a condition (Yoma', "('the tablets of stone, the TORAH and the COMMANDMENT',    'Exod', 24, 12, 'והמצוה'),"]
   lines with 'stiff'           : 4  e.g. ["c_stiff = tanakh_phrase(['קשה', 'ערף']);                                assert c_stiff == [('Deut', 9, 6), ('Deut', 9, 13), ('Exod', 32, 9), ('Exod', 33, 3), ('Exod', 33,", "if q == 'saru_stiff':"]
   lines with 'forty'           : 19  e.g. ["('FORTY days and forty nights',                            'Exod', 24, 18, 'ארבעים'),", "c_forty = tanakh_phrase(['ארבעים', 'יום', 'וארבעים', 'לילה']);          assert len(c_forty) == 9 and ('Exod', 24, 18) in c_forty and ('Exod', 34, 28) in c_forty and ('1Kg"]
   lines with 'Aaron'           : 19  e.g. ["burner MOSES where the spec names Aaron — Zevachim 101b: Moses a high priest), the laver's run with its ADDED subject", "('Aaron had LET IT LOOSE',                                 'Exod', 32, 25, 'פרעה'),"]
   lines with 'rebel'           : 2  e.g. ['return cell((\'wronged\', \'rebelled\', \'sinned\'), A, "Mishnah Yoma 4:2 (the link row at 34:7) — the high priest\'s confession \'I have wronged, rebelled, sinned\' against 34:7\'', "('Mishnah Yoma 4:2 — the confession\\'s order', tablets('confession_order'), ('wronged', 'rebelled', 'sinned')),"]
   lines with 'righteous'       : 5  e.g. ['return cell(\'for_the_righteous_and_for_the_wicked\', M, "Bava Kamma 50b:1 and Eruvin 22a:6 (opened) — \'LONG OF ANGERS (erekh apayim) — and it is not written erekh af: long', 'return cell(\'they_rejoiced_as_if_eating\', M, "Berakhot 17a:12 (opened) — Rav: the world to come has no eating or drinking; the righteous enjoy the radiance, \'as it says (']
   lines with 'grind'           : 3  e.g. ['return cell((\'grind_and_scatter\', \'becomes_manure\'), A, "Mishnah Avodah Zarah 3:3 — R. Yosei: GRIND AND SCATTER to the wind or cast into the sea; the sages: even so it be', 'return cell(\'a_test_not_a_nullification\', M, "Avodah Zarah 44a:2 (opened) — the sages to R. Yosei: \'from there a proof? it says (32:20) he scattered on the water and made']
   lines with 'dust'            : 1  e.g. ['return cell(c_four_verbs, I, "32:20 the calf\'s end in FOUR verbs — %s: burned, ground, scattered, made-to-drink; \'until it was fine\' at %s (Deut 9:21 adds \'to dust\'); \'an']
   lines with 'finger'          : 7  e.g. ["c_finger = set(tanakh_phrase(['באצבע', 'אלהים']) + tanakh_phrase(['אצבע', 'אלהים']));  assert c_finger == {('Deut', 9, 10), ('Exod', 31, 18), ('Exod', 8, 15)}, c_finger", "if q == 'finger_and_forms':"]
   lines with 'assembly'        : 2  e.g. ['return cell(\'moses_joshua_elders_prophets_great_assembly\', A, "Mishnah Avot 1:1 — \'Moses received Torah from Sinai and handed it to JOSHUA\' — the chain\'s first link is th', "('Mishnah Avot 1:1 — the chain', presence('sheet_avot_1_1'), 'moses_joshua_elders_prophets_great_assembly'),"]
   lines with 'pray'            : 7  e.g. ["if q == 'prayer_leader':", 'return cell(\'the_order_of_prayer\', M, CVB + "Rosh Hashanah 17b:5 — \'and the LORD passed before him and proclaimed\': the Holy One wrapped Himself like a prayer leader and ']
   lines with 'interce'         : 6  e.g. ["Megillah 25b; the vow-annulment law inside the intercession, Berakhot 32a); 33 the Presence (the tent's distance as the", 'return cell(\'one_leg_cannot_stand\', M, "Berakhot 32a:17 (opened) — \'I will make YOU a great nation\': R. Elazar — a three-legged chair (the fathers) cannot stand before Yo']
   lines with 'relent'          : 15  e.g. ["c_relent = tanakh_phrase(['וינחם', 'יהוה']);                            assert c_relent == [('2Sam', 24, 16), ('Exod', 32, 14), ('Gen', 6, 6), ('Jer', 26, 13), ('Jer', 26", "c_relent_evil = sorted(k for k in tanakh_phrase(['על', 'הרעה']) if any(w.startswith(('וינחם', 'ונחם', 'נחם')) for w in _VERSES[k]));  assert c_relent_evil == [('1Chr', 21"]
   lines with 'blot'            : 10  e.g. ['return cell((\'wicked\', \'righteous\', \'middling\'), M, "Rosh Hashanah 16b:14 (opened) — Rav Nachman b. Yitzchak: the three books opened on the New Year from 32:32 — \'BLOT ME', 'return cell(\'him_I_will_blot\', I, "32:33 \'WHOEVER has sinned against Me, HIM I will blot from My book\' — a hapax: substitution refused, each entry answering for itself (O']
   lines with 'destroy'         : 4  e.g. ["if k == 'calf_destroyed':", 'return [E_(\'ground_and_scattered\', event.get(\'idol\', \'the-calf\'), cp=event.get(\'destroyer\', subj), value=calf(\'nullification_dispute\')[\'v\'], law=\'F6 [INK 32:20 "burned it']
   lines with 'great nation'    : 1  e.g. ['return cell(\'one_leg_cannot_stand\', M, "Berakhot 32a:17 (opened) — \'I will make YOU a great nation\': R. Elazar — a three-legged chair (the fathers) cannot stand before Yo']
   lines with 'inheritance'     : 1  e.g. ['return cell(1, I, "34:9 \'and You will forgive our INIQUITY and our SIN and take us for Your inheritance\' — the phrase a hapax: Moses\' plea using two of the three nouns th']
   lines with 'molten'          : 17  e.g. ['of 34:24; the molten-gods clause 34:17 before the feast), DROPS (the beasts, the slave, and the stranger of the rest; the', "c_molten_calf = tanakh_phrase(['עגל', 'מסכה']);                        assert c_molten_calf == [('Deut', 9, 16), ('Exod', 32, 4), ('Exod', 32, 8), ('Neh', 9, 18)], c_molt"]
   lines with 'Tammuz'          : 6  e.g. ['return cell(\'tablets_broken_17_tammuz\', A, "Mishnah Taanit 4:6 — five things befell our fathers on the seventeenth of Tammuz: THE TABLETS WERE BROKEN, the tamid ceased, t', 'return [E_(\'tablets_delivered\', \'the-tablets\', cp=event.get(\'ascender\', subj), due=due, value=ascent(\'seventeenth_tammuz\')[\'v\'], law=\'F5 [INK 24:18 "Moses was on the moun']
   lines with "'32:"            : 2  e.g. ["('32:20 — the four verbs', calf('four_verbs'), ['וישרף', 'ויטחן', 'ויזר', 'וישק']),", "('32:33 — him I will blot', calf('individual_rule'), 'him_I_will_blot'),"]
   lines with "'24:1"           : 1  e.g. ["('24:16 — six days and the seventh day', ascent('six_seventh'), (1, 1)),"]
   lines with "'34:"            : 10  e.g. ["R_INSERTED = ['34:17', '34:24']          # the second seat's verses with no first seat (23:12-19 has neither an idol clause nor a warranty)", "('the second seat\\'s verses with no first seat', covenant('inserted_verses'), ['34:17', '34:24']),"]
   lines with 'Taanit'          : 18  e.g. ['return cell(\'sanctity_while_the_presence\', M, "Taanit 21b:4 (opened) — R. Yosei: the place does not honor the man; while the Presence rested on Sinai \'the flock and herd ', 'return cell(\'17_tammuz\', M, CVB + "Taanit 28b:9-10 (via Yoma 4b) — 24:16\'s seventh day (Sivan 7) plus 24:18\'s forty days and nights = the SEVENTEENTH OF TAMMUZ, \'he came ']
   lines with 'Shabbat 8'       : 8  e.g. ['return cell(\'yishar_kochakha\', M, "Yevamot 62a:4 and Menachot 99b:1 (opened) — \'which you BROKE\' (34:1): \'may your strength be firm that you broke\' — the spec of the seco', 'return cell(\'the_sixth_hour_came\', M, "Shabbat 89a:6 (opened) — R. Yehoshua b. Levi: 32:1 \'Moses was LATE (boshesh)\' — read not boshesh but BA\'U SHESH, the sixth hour cam']
   lines with 'Berakhot 32'     : 11  e.g. ["Megillah 25b; the vow-annulment law inside the intercession, Berakhot 32a); 33 the Presence (the tent's distance as the", 'return cell(\'moses_seized_him\', M, "Berakhot 32a:16 (opened) — 32:10 \'LET ME ALONE\' (a hapax): R. Abahu — \'were it not written one could not say it\': Moses SEIZED the Hol']
   lines with 'Berakhot 7a'     : 3  e.g. ['return cell(\'when_they_hold_their_fathers_deeds\', M, "Berakhot 7a:26 (the decalogue block credited) and Sanhedrin 27b:16 (the courts block credited) — \'visits the iniquit', 'return cell(\'the_knot_of_the_tefillin\', M, "Menachot 35b:8 (opened; Berakhot 7a:33 the twin) — Rav Chana b. Bizna in R. Shimon Chasida\'s name: 33:23 \'I will remove My pal']
   lines with 'Avodah Zarah 4'  : 12  e.g. ['return cell(\'forbidden_once_worshipped\', A, "Mishnah Avodah Zarah 4:4 — \'an Israelite\'s idol is not forbidden until it is WORSHIPPED\' — the calf: made at 32:4, worshipped', 'return cell(\'altar_class_forbidden\', A, "Mishnah Avodah Zarah 4:2 — found on an idol \'whatever is offered on the altar\' is forbidden: 32:6\'s burnt and peace offerings and']
   lines with 'Sanhedrin 102'   : 3  e.g. ['return cell(\'one_twenty_fourth\', M, "Sanhedrin 102a:15 (opened) — R. Yitzchak: no punishment comes to the world without one twenty-fourth of a litra of the first calf in ', 'out = [E_(\'blotted_from_the_book\', event.get(\'sinners\', \'the-sinners\'), cp=\'HEAVEN\', value=calf(\'individual_rule\')[\'v\'], law=\'F6 [INK 32:33 "WHOEVER has sinned against Me']
   lines with 'Menachot 99'     : 8  e.g. ["ruling-distance, Sanhedrin 5b; the not-depart heir, Menachot 99b; the knot of the tefillin from 'My back', Menachot 35b);", 'return cell(\'yishar_kochakha\', M, "Yevamot 62a:4 and Menachot 99b:1 (opened) — \'which you BROKE\' (34:1): \'may your strength be firm that you broke\' — the spec of the seco']
==== exodus_story: 25 defs ['strip', 'toks', 'cell', '_seats', '_load', 'mishnah', '_bavli', '_mekhilta', 'oppression', 'birth', 'bush', 'signs', 'bricks', 'plagues', 'night', 'sea', 'marah', 'manna', 'trials', 'amalek', 'jethro', 'sinai', 'law_exodus_story', 'scene', 'build']
   oppression                   asks ['disgrace_to_praise', 'embittered_reason', 'fruitful', 'houses', 'midwives', 'new_king', 'rigor_seats', 'three_decrees']
   birth                        asks ['ark_day', 'birthday', 'born_circumcised', 'jochebed_age', 'lax', 'lodging', 'marriage', 'pursuit_closed_at', 'three_months']
   bush                         asks ['cry_words', 'errand', 'holy_ground_seats', 'name', 'name_gloss']
   signs                        asks ['believed_seats', 'count', 'firstborn_call', 'leprous_as_snow', 'mark_of_anger', 'staff_twilight']
   bricks                       asks ['complaint_answered', 'expressions', 'kohath_bound', 'not_heard_reason', 'officers', 'refusal']
   plagues                      asks ['agents', 'darkness_days', 'first_divine', 'hardening_seats', 'lice_finger', 'one_more', 'removed', 'sea_count', 'seven_days', 'ten', 'tomorrows', 'twelve_months']
   night                        asks ['by_day', 'firstborn', 'garments', 'midnight', 'please', 'sent_formula', 'stations', 'transitions', 'wage']
   sea                          asks ['bones', 'faith_song', 'not_one', 'pillar_measure', 'saved_seat', 'serach', 'song_mode', 'song_mode_three', 'ten_at_sea', 'two_verses']
   marah                        asks ['healer_condition', 'murmur_seat', 'statute_list', 'three_days', 'tree']
   manna                        asks ['day_by_day', 'double', 'fifteenth_sabbath', 'forty_years', 'less_thirty', 'omer_before', 'sabbath', 'seventh_none', 'twilight']
   trials                       asks ['ascent_off_the_books', 'avot', 'count_by_exodus', 'first_quail', 'ten_list']
   amalek                       asks ['blotting', 'hands', 'jethro_heard', 'weakened_seat']
   jethro                       asks ['denominations', 'hard_cases', 'judges', 'olah', 'sanhedrin_sizes', 'timing']
   sinai                        asks ['added_day', 'bound_release', 'days_r_yose', 'days_rabbis', 'descents', 'giving_weekday', 'names_count', 'new_moon', 'one_heart', 'third_of_month_and_week', 'treasure_seats', 'tub', 'we_will_do_seats']
   law_exodus_story             asks []  kinds ['amalek_came', 'amalek_weakened', 'appeared_in_the_bush', 'believed', 'blotting_sworn', 'bones_taken', 'bounds_set', 'brought_out', 'covenant_offered', 'cry_went_up', 'decree_issued', 'decree_refused', 'double_gathered', 'drawn_from_the_water', 'driven_from_court', 'egyptian_struck', 'face_barred', 'firstborn_death_decreed', 'fled', 'hands_raised', 'healer_promised', 'heart_hardened', 'hidden', 'holy_ground_declared', 'houses_made', 'jethro_came', 'jethro_sacrificed', 'journeyed', 'judges_appointed', 'king_arose', 'king_died', 'lives_embittered', 'lord_descended', 'made_to_serve', 'manna_fell', 'married', 'moses_went_up', 'mouth_appointed', 'murmured', 'name_declared', 'named', 'not_heard', 'now_you_will_see', 'officers_beaten', 'omer_kept', 'people_answered', 'people_sanctified', 'pillar_set', 'placed_in_the_ark', 'plague_removed', 'plague_struck', 'pursued', 'redemption_promised', 'release_refused', 'rested_on_the_seventh', 'returned_to_egypt', 'rock_struck', 'sang', 'saved_at_the_sea', 'sea_returned']
   build                        asks ['headline_covenant_run', 'headline_plagues', 'headline_promises', 'headline_tables', 'headline_wage', 'world']
   imports: ['cold_run_family', 'cold_run_offerings', 'cold_run_pesach', 'cold_run_pre_sinai']
   lines with 'calf'            : 3  e.g. ['if q == \'ten_list\': return cell((\'two_at_the_sea\', \'two_at_the_water\', \'two_at_the_manna\', \'two_at_the_quail\', \'one_at_the_calf\', \'one_at_paran\'), M, "Arakhin 15a:14 — Ra', 'if q == \'avot\': return cell(10, A, "Mishnah Avot 5:4 — \'ten trials our fathers tried the Place in the wilderness, as it is said: and they tried Me these ten times\' (Num 1']
   lines with 'tablet'          : 1  e.g. ['if q == \'staff_twilight\': return cell(True, A, "Mishnah Avot 5:6 — ten things created on the eve of the Sabbath at twilight: the mouth of the earth, the mouth of the well']
   lines with 'forty'           : 5  e.g. ['if q == \'pillar_measure\': return cell(\'measure_for_measure\', M, "Mekhilta Pischa-b ch.21 row 3 — \'and the LORD went before them by day\' (13:21): to teach that with the me', 'if q == \'forty_years\': return cell(40, I, "\'and the sons of Israel ate the manna FORTY YEARS until they came to an inhabited land\' (16:35) — the provision\'s stated span, ']
   lines with 'Aaron'           : 4  e.g. ['if q == \'houses\': return cell((\'priesthood_and_levites\', \'kingship\'), M, "Sotah 11b:22 — \'and He made them houses\' (1:21): Rav and Shmuel — houses of priesthood and Levit', 'if q == \'marriage\': return cell(FA.commission(\'marriage_formula\')[\'v\'], P, "CALLED cold_run_family.commission(\'marriage_formula\') -> the formula\'s five verbs at Gen 24:67']
   lines with 'Massah'          : 3  e.g. ["the manna and the first Sabbath, Massah and Amalek, Jethro and the judges, Sinai's acts. The first of the four narrative", 'if q == \'names_count\': return cell(len(c_named), I, "the naming clauses of Exodus 1-19 (a call-verb with \'name\' within four words): %r — six: Moses, Gershom, Marah, the m']
   lines with 'rebel'           : 1  e.g. ['if q == \'ascent_off_the_books\': return cell(\'Ps 106:7\', M, "Arakhin 15b:1 — \'two at the sea: one at the descent, one at the ascent\'; the ascent\'s trial is Psalm 106:7\'s (']
   lines with 'righteous'       : 2  e.g. ['if q == \'please\': return cell(\'so_that_the_righteous_one_will_not_say\', M, "Berakhot 9a:29-9b:1 — \'speak PLEASE in the ears of the people\' (11:2): the school of Rabbi Yan', '(\'"please" (Berakhot 9a-b)\', night(\'please\'), \'so_that_the_righteous_one_will_not_say\'),']
   lines with 'consuming'       : 1  e.g. ["the cells, declared first (the gate run to fail), consuming the story's acts and writing the ledger: the statuses the"]
   lines with 'finger'          : 3  e.g. ['if q == \'lice_finger\': return cell(\'a_demon_cannot_create_less_than_a_barleycorn\', M, "Sanhedrin 67b:15 — \'the magicians said to Pharaoh: it is the finger of God\' (8:15):', 'return cell(\'ten_struck_four_removed_six_open\', I, "THE HEADLINE (2): the ten plagues on Egypt\'s ledger by name (Mishnah Avot 5:4\'s count graded on the entries), closed o']
   lines with 'blot'            : 7  e.g. ['if q == \'blotting\': return cell(\'open_to_deuteronomy_and_samuel\', I, "\'for I will surely BLOT OUT the memory of Amalek from under the heavens\' (17:14) — a HEAVEN entry on', "if k == 'blotting_sworn': return [E_('amalek_to_be_blotted', subj, cp='HEAVEN')]"]
   lines with 'destroy'         : 1  e.g. ['if q == \'not_one\': return cell(1, I, "\'not one of them remained\' (14:28 \'ad echad — until one) — the destroy entry on Pharaoh\'s host; 14:30 \'Israel saw Egypt dead on the ']
   lines with 'Shabbat 8'       : 15  e.g. ['111a, 91a, 18a, 56b, 67b, Shabbat 86b-88a, Zevachim 116a, 102a, Arakhin 15a-b, Kiddushin 38a, Sotah 30b, Berakhot 9a-b,', "print('answer sheet: %d Mishnah rows and %d shelf rows verified by their own tokens (Pesachim 10, Avot 5, Sotah 1 and 5, Rosh Hashanah 3, Eduyot 2, Sanhedrin 1; Sotah 11a"]
==== family: 30 defs ['strip', 'toks', 'phrase', 'seats', 'has', 'anytok', 'cnt', 'tanakh', 'tanakh_any', 'tanakh_phrase', 'torah', 'gen', 'fmt', 'fmt2', 'norm', 'bagt', 'jact', 'delta', 'cell', 'purchase', 'commission', 'sinew', 'levirate', 'inheritance', 'testament', 'law_family', 'scene', 'build', 'load', 'mrow']
   purchase                     asks ['burial_run_stamp', 'chazakah_years', 'currency_grade', 'deed_alignment', 'deed_cited_at_burial', 'deed_clauses', 'deed_restated', 'eulogy_beneficiary', 'field_price_rule_by_call', 'ger_vetoshav', 'holding_everlasting', 'holding_of_a_grave', 'holding_persists', 'machpelah_geometry', 'machpelah_seats', 'merchant_phrase', 'money_weighed', 'my_dead_your_dead', 'no_overreaching_on_land', 'onen_exempt', 'possession_by_burial', 'price_twice', 'prince_of_god', 'record_before_the_gate', 'sanctuary_shekel_by_call', 'speech_vs_act', 'take_from_me', 'taking_is_acquisition', 'tenure_by_call', 'three_modes']
   commission                   asks ['afternoon_prayer', 'agent_for_the_son', 'bakol_daughter', 'behind_the_man', 'beka_by_call', 'bracelets_spelling', 'bride_price_by_call', 'bride_year', 'comfort_two_seats', 'days_or_ten', 'double_condition', 'family_parties', 'father_takes_for_the_son', 'from_the_lord_three_canons', 'gifts_two_moments', 'girl_vs_maiden', 'god_of_heaven_seats', 'handover_domain', 'her_consent', 'improper_request', 'isaac_absent', 'kindness_and_truth', 'mandate_place', 'marriage_formula', 'naar_ketiv', 'oath_formula', 'oath_verb_hapax', 'object_in_hand', 'old_age_and_illness', 'perhaps_two_spellings', 'retold_commission', 'retold_god_clause', 'retold_prayer', 'retold_question', 'retold_well', 'rode_modest_language', 'scribes_adornment', 'sip_spelling', 'sivlonot', 'steward_title', 'ten_and_ten', 'their_consent', 'three_alls', 'three_lands', 'virgin_two_predicates', 'wife_taken_sinai_seat']
   sinew                        asks ['alone_for_jars', 'article_as_distinguished', 'eat_not_benefit', 'five_lashes', 'fowl_excluded', 'hollow_four', 'jacob_israel_49', 'jacob_still_jacob', 'kaf_alignment', 'named_four_verses_before', 'no_sinai_seat', 'not_alone_at_night', 'olive_and_whole', 'on_the_hollow_only', 'pure_only_derivation', 'rename_alignment', 'rename_forms', 'right_thigh', 'said_at_sinai_written_here', 'sons_of_israel_first', 'strove_hapax', 'sun_rose_for_him', 'the_thigh_articled', 'to_this_day', 'touched_twice', 'two_princes']
   levirate                     asks ['acquitted', 'act_mode_by_call', 'better_the_furnace', 'burn_verb_seats', 'canaanite_reread', 'comforted_judah', 'confession_reward', 'daughter_in_law_sinai', 'daughter_in_law_tokens', 'daughter_mode_by_call', 'did_not_cease', 'eravon_seats', 'father_takes_for_er', 'fifteen_by_call', 'firstborn_by_call', 'firstborn_by_the_head', 'firstborn_er', 'from_me_voice', 'gentile_mother_rule', 'hand_first_head_first', 'harlot_by_call', 'judah_demoted_descent', 'kedesha', 'kid_price', 'kin_scope_narrowed', 'levirate_alignment', 'mamzer_definition', 'minor_refused', 'modest_bride', 'mothers_clock_by_hand', 'name_is_inheritance', 'name_on_inheritance_ruth', 'no_release_form', 'no_son_clause', 'not_in_world_by_call', 'onan_refused', 'order_of_sons', 'perez_counted', 'pledge_by_call', 'pledge_three_tokens', 'read_and_translated', 'recognize_two_seats', 'seed_vs_name', 'sentence_burning', 'shem_court', 'sinai_seat_by_call', 'slain_by_heaven', 'the_command', 'three_months_hint', 'timer_set_and_checked', 'toledot_peretz', 'twins_two_spellings', 'two_husbands_presumption', 'widow_analogy_refused', 'widow_by_call', 'widow_waiting']
   inheritance                  asks ['adoption', 'benachalatam_seats', 'birthright_run', 'crossed_hands', 'double_as_two_tribes', 'firstborn_by_call', 'firstborn_plene_defective', 'fish_no_eye', 'fold_in_by_name', 'gift_returns_dispute', 'given_as_gift', 'held_not_due', 'honor_the_aged_by_call', 'illness_first', 'inheritance_order_owed', 'kahal_by_credit', 'one_portion', 'order_six_seats', 'rachel_on_the_road', 'right_called_hand', 'set_before', 'sword_and_bow', 'the_born_tense', 'this_is_my_son', 'two_agents', 'younger_two_words', 'zelophehad_three']
   testament                    asks ['altar_base_wolf', 'animal_census', 'burial_command', 'buried_named', 'couch_seats', 'council_assembly', 'cursed_undecided', 'dan_judges_as_one', 'deed_in_command', 'divide_and_scatter', 'elders_change_49_6', 'evil_eye_read', 'excess_named_denied', 'expired', 'firstborn_alignment', 'firstborn_my_strength', 'gathered', 'hand_on_the_neck', 'homographs_named', 'interest_bite', 'issachar_ass_caused', 'license_to_judge', 'lions_six_names', 'nazir_no_wine', 'no_decision_among_five', 'ox_from_deuteronomy', 'parents_order_by_call', 'reuben_confessed', 'scepter_lawgiver', 'shema_response', 'shiloh_spelling', 'tribe_order', 'twelve_each_his_blessing', 'two_beds', 'two_offices', 'unstable_hapax', 'zebulun_before_issachar']
   law_family                   asks []  kinds ['adopted', 'born_twins', 'burial_commanded', 'buried', 'commissioned', 'consented', 'crossed', 'died', 'gathered', 'gifts_given', 'handed', 'levirate_commanded', 'married', 'pledge_given', 'portion_given', 'purchased', 'recognized', 'renamed', 'sentenced', 'shelah_grown', 'sinew_barred', 'slain', 'testament', 'widow_sent']
   build                        asks ['headline_agent_retold', 'headline_levirate_first_seat', 'headline_sinew_exception', 'headline_testament_gift', 'headline_three_modes', 'world']
   imports: ['cold_run_mishpatim_2', 'cold_run_sanctions', 'cold_run_sanctuary_build']
   lines with 'forty'           : 3  e.g. ["the three years, the olive's bulk, the forty);", 'return cell((\'forty\', \'whole_creature_liable\', [\'sages_eighty\', \'R_Yehuda_forty\']), D, "Mishnah Chullin 7:3 — an olive\'s bulk: forty lashes; the whole sinew under an oliv']
   lines with 'Kadesh'          : 2  e.g. ["c_kedesha_tanakh = fmt(tanakh_any('קדשה', 'הקדשה'));                                            assert c_kedesha_tanakh == ['Deut 23:18', 'Gen 38:21', 'Gen 38:22', 'Judg ", 'return cell([(v, len(ts)) for v, ts in c_kedesha_38], I, "\'the CULT HARLOT\' (kedeshah) twice at 38:21 and once at 38:22 — the Adullamite\'s word for what Judah called a ha']
   lines with 'let me'          : 4  e.g. ["('let me SIP',                                      'Gen', 24, 17, 'הגמיאיני'),", 'return cell((len(A_PRAYER[0]), len(A_PRAYER[1]), \'עלמה\' in A_PRAYER[0], \'נער\' in A_PRAYER[1]), I, "the alignment engine on the prayer (24:12-14) against its retelling (24']
   lines with 'righteous'       : 5  e.g. ['return cell(c_over_lasocher, I, "\'current with the merchant\' (23:16) — the phrase\'s ONLY seat in the Tanakh: the ADDED clause of the weighing against Ephron\'s price (23:1', 'return cell(\'the_righteous_do_not_rob\', M, "Chullin 91a:22 (opened): \'Jacob was left ALONE\' (32:25) — R. Elazar: he stayed behind for small jars; the righteous hold their']
   lines with 'assembly'        : 3  e.g. ['return cell((c_baei_shaar, [v for v, n in c_vayakam_23 if v >= 17]), I, "the RECORD: \'all who entered the gate of his city\' at %s and the field \'ESTABLISHED\' at %s — the ', "if q == 'council_assembly':"]
   lines with 'pray'            : 17  e.g. ["c_prayer_spec_retold = (toks('Gen', 24, 14)[:8], toks('Gen', 24, 43)[-8:])", "assert c_prayer_spec_retold == (['והיה', 'הנער', 'אשר', 'אמר', 'אליה', 'הטי', 'נא', 'כדך'], ['לשאב', 'ואמרתי', 'אליה', 'השקיני', 'נא', 'מעט', 'מים', 'מכדך']), c_prayer_sp"]
   lines with 'blot'            : 1  e.g. ['return cell((len(A_LEVIRATE[0]), len(A_LEVIRATE[1]), \'זרע\' in A_LEVIRATE[1], \'שם\' in A_LEVIRATE[0]), I, "the alignment engine on 38:8 against Deut 25:5-6: %d added (broth']
   lines with 'destroy'         : 2  e.g. ['return cell(\'destroyed_on_the_ground\' if has(\'ושחת\', \'ארצה\')(toks(\'Gen\', 38, 9)) else \'other\', I, "\'and Onan knew that the seed would not be his; and when he came to his ', "('Onan refused by act', levirate('onan_refused'), 'destroyed_on_the_ground'),"]
   lines with 'inheritance'     : 55  e.g. ["type tokens added to the census's vocabulary (sinew, levir, wife_taken, holding, inheritance, birthright, harlot, beka,", "Deut 25:6 (the second seat's delta — Yevamot 24a resolves the name to inheritance from THIS runner's 48:6), 'and he has no"]
   lines with 'Taanit'          : 2  e.g. ['return cell(\'asked_improperly_answered_properly\', M, "Taanit 4a:5 (opened): Eliezer asked IMPROPERLY — \'the girl to whom I say tilt your jar\' (24:14) — even a lame or bli', "('the improper request answered properly (Taanit 4a)', commission('improper_request'), 'asked_improperly_answered_properly'),"]
   lines with 'Shabbat 8'       : 1  e.g. ['return cell(\'gemiah_with_aleph\', M, "Shabbat 77a:6 (opened): the Sabbath carrying-measure for milk — \'enough for a SIP\': aleph or ayin? Rav Nachman bar Yitzchak: \'let me ']
   lines with 'Sanhedrin 102'   : 1  e.g. ['return cell(\'went_down_demoted\', M, "Sotah 13b:7 (opened): \'at that time Judah went DOWN from his brothers\' (38:1) — R. Elazar: they demote him from his greatness; 13b:8:']
==== gad_reuben: 22 defs ['strip', 'verse_text', 'words', 'ink', 'move', 'dat', 'hyp', 'out', 'seats', 'rx', 'tok', 'the_request', 'the_rebuke', 'the_offer', 'the_condition', 'the_acceptance_and_the_charge', 'the_grant', 'the_cities', 'machir_jair_nobah', 'law_gad_reuben', 'scene', 'narrative']
   the_request                  asks ['much_cattle', 'order_of_the_offer', 'the_nine', 'the_parties', 'the_request', 'the_triad']  kinds ['much_cattle', 'order_of_the_offer', 'the_nine', 'the_parties', 'the_request', 'the_triad']
   the_rebuke                   asks ['brood', 'brothers_to_war', 'caleb_the_kenizzite', 'calebs_hebron', 'evil_formula', 'forty_years', 'generation_consumed', 'hinder_root', 'joshua_nothing_owed', 'made_them_wander', 'slow_to_anger', 'the_exceptions', 'the_oath_supplied', 'the_set', 'the_spies_verb', 'the_threat', 'two_of_six_hundred_thousand']  kinds ['brood', 'brothers_to_war', 'caleb_the_kenizzite', 'calebs_hebron', 'evil_formula', 'forty_years', 'generation_consumed', 'hinder_root', 'joshua_nothing_owed', 'made_them_wander', 'slow_to_anger', 'the_exceptions', 'the_oath_supplied', 'the_set', 'the_spies_verb', 'the_threat', 'two_of_six_hundred_thousand']
   the_offer                    asks ['east_of_jordan', 'folds_and_cities', 'joshuas_armed', 'not_return', 'we_will_arm']  kinds ['east_of_jordan', 'folds_and_cities', 'joshuas_armed', 'not_return', 'we_will_arm']
   the_condition                asks ["'clerk', 'bakers', 'perfumers', 'collectors'", 'condition_counter_to_torah', 'doubled_condition', 'four_limbs', 'from_now', 'impossible_condition', 'negative_arm', 'negative_arm_outcome', 'onkelos_buffer', 'positive_arm', 'the_build_command', 'the_clearance', 'the_lemma_pair', 'the_scope', 'the_verb_future', 'undoubled_on_a_bill', 'utterance_rule']  kinds ['condition_counter_to_torah', 'doubled_condition', 'four_limbs', 'from_now', 'impossible_condition', 'negative_arm', 'negative_arm_outcome', 'onkelos_buffer', 'positive_arm', 'the_build_command', 'the_clearance', 'the_lemma_pair', 'the_scope', 'the_verb_future', 'undoubled_on_a_bill', 'utterance_rule']
   the_acceptance_and_the_charge asks ['second_doubling', 'servants_will_do', 'the_commission', 'the_lords_word', 'the_order_reversed', 'we_short']  kinds ['second_doubling', 'servants_will_do', 'the_commission', 'the_lords_word', 'the_order_reversed', 'we_short']
   the_grant                    asks ['bequeath_not_inherit', 'half_manassehs_stipulation', 'land_held', 'not_by_lot', 'the_count', 'three_parties', 'two_kingdoms']  kinds ['bequeath_not_inherit', 'half_manassehs_stipulation', 'land_held', 'not_by_lot', 'the_count', 'three_parties', 'two_kingdoms']
   the_cities                   asks ['dibon_gad', 'gads_eight', 'moses_grave', 'reubens_six', 'the_build_closed', 'the_split', 'two_crossed']  kinds ['dibon_gad', 'gads_eight', 'moses_grave', 'reubens_six', 'the_build_closed', 'the_split', 'two_crossed']
   machir_jair_nobah            asks ['gilead_given', 'jair', 'jairs_lineage', 'nobah', 'sons_of_machir', 'survivors']  kinds ['gilead_given', 'jair', 'jairs_lineage', 'nobah', 'sons_of_machir', 'survivors']
   law_gad_reuben               asks []  kinds ['cities_built_east', 'clearance_case', 'commission_charged', 'condition_stipulated', 'gilead_taken_by_machir', 'kenath_taken_by_nobah', 'land_east_case', 'land_granted_east', 'land_requested', 'moses_rebuked_the_tribes', 'oath_retold_case', 'stipulation_case', 'tribes_accepted_the_condition', 'tribes_answered_so_will_we_do', 'tribes_offered_to_arm', 'villages_taken_by_jair']
   DATA keys (16): ['caleb_the_kenizzite', 'count_from', 'deaths_ceased', 'doubled_condition', 'half_manassehs_stipulation', 'jair_and_machir_survived', 'jairs_lineage', 'moses_grave', 'negative_arm_outcome', 'the_clearance', 'the_conditions_four_limbs', 'the_forty_thousand', 'the_land_east_status', 'the_oath_supplied', 'the_order_of_the_offer', 'the_two_crossed_cities']
   imports: ['cold_run_bamidbar', 'cold_run_chukat', 'cold_run_second_census', 'cold_run_shelach', 'cold_run_vows']
   lines with 'forty'           : 19  e.g. ["import cold_run_shelach as SL                    # THE EDGE: gad_reuben -> shelach CALL, reference (32:8-13 retells 13-14 in the oath's own words: the set, the exceptions", "('ארבעים',   32, 13, 'forty [years]'),"]
   lines with 'Aaron'           : 3  e.g. ['ink(\'32:25, 27\', \'"your servants will do as my lord commands" — %s (one seat); "my lord" in Numbers at %s (11:28 Joshua\\\'s, 12:11 Aaron\\\'s, 14:17 to God, 36:2 the Gileadi', 'return out("your servants will do as my lord commands (32:25) — \'my lord\' for Moses at 32:25, 27 (Joshua\'s 11:28, Aaron\'s 12:11, the Gileadite heads\' 36:2)", [\'accepted\']']
   lines with 'Kadesh'          : 7  e.g. ["('ברנע',     32, 8,  'Kadesh-barnea'),", '\'source\': "32:13 \'forty years\' — SL\'s row READ by CALL: the forty from the exodus (Deuteronomy 2:14\'s thirty-eight from Kadesh — the parser\'s [38])"},']
   lines with 'destroy'         : 5  e.g. ["('ושחתם',    32, 15, 'and you will destroy'),", 'ink(\'32:15\', \'"for if you turn from after him he will yet again leave them in the wilderness, and you will destroy all this people" — %s: a conditional threat in Moses\\\' ']
   lines with 'inheritance'     : 13  e.g. ["('אחזת',     32, 32, 'the possession of [our inheritance] — 27:7\\'s construct'),", '\'negative_arm_outcome\': {\'value\': \'canaan_only_or_gilead_shared\', \'settings\': {\'canaan_only_or_gilead_shared\': "\'they shall take possessions among you in the land of Cana']
   lines with "'32:"            : 57  e.g. ['ink(\'32:1-2\', \'"the sons of Reuben and the sons of Gad" (32:1 — Reuben first HERE ALONE); "the sons of Gad and the sons of Reuben" at %s — THE INK\\\'S COMPOUND PARTY, Gad ', 'ink(\'32:1\', \'"and much cattle, very numerous" — %s; "a place for cattle" %s (one seat); "the land of Jazer" %s (one seat — 21:32\\\'s city, CK.well_and_kings(spy_verb): %s)']
   lines with "'34:"            : 1  e.g. ["assert KINGDOM_SIHON == ['Num 32:33'] and KINGDOM_OG == ['Deut 3:4', 'Deut 3:10', 'Deut 3:13', 'Num 32:33'] and len(HALF_MANASSEH) == 20 and HALF_MANASSEH[-1] == 'Num 32:"]
   lines with 'installed_by'    : 3  e.g. ['move(\'cold_run_vows (CALL) — VW.the_man(frame) = %s\' % VW_FRAME[0], "30:2\'s class — a law relayed in Moses\' voice; the installed_by class named in the registry (the secon', '"""Num 32:1-42 (cold_run_gad_reuben.py F1-F8). given_at Num 32:20; installed_by boot — A STIPULATION IN MOSES\' VOICE WITH NO DIVINE']
   lines with 'given_at'        : 1  e.g. ['"""Num 32:1-42 (cold_run_gad_reuben.py F1-F8). given_at Num 32:20; installed_by boot — A STIPULATION IN MOSES\' VOICE WITH NO DIVINE']
==== good_land: 26 defs ['plain', 'pointed', 'words', 'morphs', 'wm', 'hits', 'phrase', 'lemma_of', 'verse_text', 'ink', 'move', 'dat', 'hyp', 'out', 'receipt_seats', 'ledger_scan', 'the_frame', 'the_way_of_forty_years', 'the_good_land', 'take_heed_lest_you_forget', 'the_chain_and_the_covenant', 'the_testimony', 'rb', 'law_good_land', 'scene', 'narrative']
   the_frame                    asks ['all_the_commandment', 'live_and_possess', 'no_receipt', 'the_oath_seats']  kinds ['all_the_commandment', 'live_and_possess', 'no_receipt', 'the_oath_seats']
   the_way_of_forty_years       asks ['forty_years', 'keep_walk_fear', 'not_by_bread_alone', 'the_discipline', 'the_garment_and_the_foot', 'the_humbling', 'the_manna', 'the_messianic_forty', 'the_test']  kinds ['forty_years', 'keep_walk_fear', 'not_by_bread_alone', 'the_discipline', 'the_garment_and_the_foot', 'the_humbling', 'the_manna', 'the_messianic_forty', 'the_test']
   the_good_land                asks ['eat_be_satisfied_bless', 'honey_without_milk', 'iron_and_copper', 'lack_nothing', 'less_than_an_egg_bulk', 'the_blessing_before', 'the_first_fruits', 'the_four_blessings', 'the_good_land', 'the_grace_conditional', 'the_grace_in_any_language', 'the_meals_base', 'the_meals_end', 'the_measure_of_satisfied', 'the_measures_seat', 'the_persons', 'the_sabbath_forgotten', 'the_seven_species', 'the_waters', 'the_write']  kinds ['eat_be_satisfied_bless', 'honey_without_milk', 'iron_and_copper', 'lack_nothing', 'less_than_an_egg_bulk', 'the_blessing_before', 'the_first_fruits', 'the_four_blessings', 'the_good_land', 'the_grace_conditional', 'the_grace_in_any_language', 'the_meals_base', 'the_meals_end', 'the_measure_of_satisfied', 'the_measures_seat', 'the_persons', 'the_sabbath_forgotten', 'the_seven_species', 'the_waters', 'the_write']
   take_heed_lest_you_forget    asks ['no_action_no_lashes', 'take_heed_lest', 'the_eighth_of_an_eighth', 'the_exodus_formula', 'the_growth_list', 'the_heart_lifted', 'the_triad', 'the_write']  kinds ['no_action_no_lashes', 'take_heed_lest', 'the_eighth_of_an_eighth', 'the_exodus_formula', 'the_growth_list', 'the_heart_lifted', 'the_triad', 'the_write']
   the_chain_and_the_covenant   asks ['my_power_my_hand', 'the_covenant_established', 'the_manna_to_do_you_good', 'the_rock_of_flint', 'the_serpents', 'the_wilderness']  kinds ['my_power_my_hand', 'the_covenant_established', 'the_manna_to_do_you_good', 'the_rock_of_flint', 'the_serpents', 'the_wilderness']
   the_testimony                asks ['hearken_plural', 'i_testify', 'if_you_forget', 'like_the_nations', 'other_gods_serve_bow', 'the_heel', 'the_readback_table', 'the_write']  kinds ['hearken_plural', 'i_testify', 'if_you_forget', 'like_the_nations', 'other_gods_serve_bow', 'the_heel', 'the_readback_table', 'the_write']
   law_good_land                asks []  kinds ['forgetting_warned', 'good_land_case', 'grace_commanded', 'perishing_testified']
   DATA keys (18): ['honey_without_milk', 'my_power_my_hand', 'not_by_bread_alone', 'the_blessing_before', 'the_credits', 'the_four_blessings', 'the_garment_and_the_foot', 'the_grace_conditional', 'the_heart_lifted', 'the_interrogative_he', 'the_kings_law_tokens', 'the_measures_seat', 'the_readback', 'the_serve_bow_order', 'the_seven_species_seat', 'the_ten_uncited', 'the_two_rocks', 'the_written_read_pair']
   imports: ['cold_run_beha', 'cold_run_chukat', 'cold_run_covenant_at_horeb', 'cold_run_exodus_story', 'cold_run_hear_o_israel', 'cold_run_joseph', 'cold_run_mamre', 'cold_run_obey_horeb', 'cold_run_opening_speech', 'cold_run_ordinances', 'cold_run_sanctions', 'cold_run_seven_nations', 'cold_run_shelach']
   lines with 'Deut 9'          : 1  e.g. ["assert GOOD_LAND == ['1Chr 28:8', 'Deut 11:17', 'Deut 1:35', 'Deut 3:25', 'Deut 4:21', 'Deut 4:22', 'Deut 6:18', 'Deut 8:10', 'Deut 8:7', 'Deut 9:6', 'Exod 3:8', 'Josh 23"]
   lines with 'calf'            : 1  e.g. ["assert ES_FORTY['v'] == 40 and ES_FORTY['fx'] == ['manna_provided'] and ES_DAY['v'] == ('gather_for_tomorrow', 'gather_for_today_only') and ES_TRIALS['v'] == ('two_at_the"]
   lines with 'tablet'          : 3  e.g. ['move(\'cold_run_covenant_at_horeb (CALL) — CH.the_first_tablet(the_first_word) = %s\' % (CH_FIRST[0][:60],), "5:6\'s \'I am the LORD your God who brought you out of the land ', "CH_NOG = CH.the_second_word({'ask': 'no_other_gods'}, CH.DATA); CH_BOW = CH.the_second_word({'ask': 'bow_and_serve'}, CH.DATA); CH_FIRST = CH.the_first_tablet({'ask': 'th"]
   lines with 'forty'           : 45  e.g. ['# never wrote and cannot write as an act: the garment that did not wear out and the foot that did not swell over forty years (8:4), graded SUPPLIED', "import cold_run_shelach as SL                  # THE EDGE: good_land -> shelach CALL, reference (the decree's forty years — a day for a year)"]
   lines with 'Kadesh'          : 1  e.g. ["move('cold_run_chukat (CALL) — CK.meribah(meribah_seats) = %s; cold_run_exodus_story (CALL) — the tape\\'s rock_struck (17:6); Berakhot 38a:14 (credited — the quick look);"]
   lines with 'rebel'           : 1  e.g. ['move(\'cold_run_hear_o_israel (CALL) — HI.the_gift_and_the_warning(the_list) = %s\' % (HI_LIST[0][:60],), "6:10-11\'s gift (the cities, the houses full of all good, the cist']
   lines with 'righteous'       : 1  e.g. ['move(\'cold_run_exodus_story (CALL) — ES.manna(forty_years) = %s; the Sifrei 53:1 (read whole at the reading); Onkelos 8:16\' % (ES_FORTY[\'v\'],), "the tape\'s manna_fell (16']
   lines with 'brook'           : 7  e.g. ['ink(\'8:7\', \'"a land of BROOKS OF WATER, of SPRINGS AND DEEPS flowing out IN THE VALLEY AND IN THE HILL" — "brooks of water" %s; "springs and deeps" %s (the deeps\\\' Torah ', 'move(\'the Sifrei on Deuteronomy 39:8 (read whole at the reading); Onkelos 8:7\', "the Land drinks irrigation water too — \'a land of brooks of water\'; Onkelos \'FLOWING broo']
   lines with 'pray'            : 6  e.g. ["move('Berakhot 21a:3, 20b:16, 21a:2, 48b:5, 48b:6 (opened whole); Tosefta Berakhot 6:1; cold_run_ordinances (CALL) — OR.land(bread_water) = %s, fx %s' % (OR_BREAD['v'], O", 'move(\'Berakhot 49b:3-4 (opened whole)\', "Shmuel: the New Moon forgotten in the PRAYER — return; in the GRACE — no return; Rav Nachman\'s reason: the prayer AN OBLIGATION; ']
   lines with 'installed_by'    : 2  e.g. ["# The daemon law_good_land given_at Deut 8:1, installed_by boot (the Deuteronomy daemons' form). Six cells; every token probed (zero-report law);", "day (40, 11, 1), NO marker; installed_by boot (the Deuteronomy daemons' form). THREE TAPE LINES of its own: grace_commanded (8:7-10 —"]
   lines with 'given_at'        : 2  e.g. ["# The daemon law_good_land given_at Deut 8:1, installed_by boot (the Deuteronomy daemons' form). Six cells; every token probed (zero-report law);", '"""Deut 8:1-20 (cold_run_good_land.py F1-F6). given_at Deut 8:1 — THE GOOD LAND\'S LAW GIVEN AT ITS OWN DAY, the chapter\'s own lines on the counter\'s']
   lines with 'Taanit'          : 3  e.g. ['move(\'Taanit 4a:3 (opened whole)\', "R. Abba to Rav Ashi: \'a land whose STONES are iron\' — read \'whose BUILDERS\': the Torah scholars build the land and are tough as iron (', 'return out("iron and copper (8:9) — \'whose stones are iron and out of whose hills you may hew copper\': iron\'s eight seats in the book, copper\'s three, the hewing 6:11\'s c']
   lines with 'Berakhot 32'     : 4  e.g. ["move('Sotah 4b:11, 4b:10, 5a:2, 5a:10 (opened whole); Berakhot 32a:12, 43b:20; cold_run_seven_nations (CALL) — SN.the_images_and_the_devoted(abomination_to_the_lord) = %s", 'return out("the heart lifted up (8:14) — \'and your heart be lifted up and you forget the LORD your God\' the one seat (17:20 the king\'s, Hosea 13:6 the prophet\'s): ARROGAN']
   lines with 'Menachot 99'     : 1  e.g. ["move('cold_run_hear_o_israel (CALL) — HI.the_gift_and_the_warning(lest_you_forget) = %s, fx %s; cold_run_obey_horeb (CALL) — OH.horeb_retold(take_heed_lest_you_forget) = "]
==== hear_o_israel: 24 defs ['plain', 'pointed', 'words', 'morphs', 'wm', 'hits', 'phrase', 'lemma_of', 'verse_text', 'ink', 'move', 'dat', 'hyp', 'out', 'rb', 'the_header', 'the_creed', 'the_four_duties', 'the_gift_and_the_warning', 'the_test_and_the_right', 'the_sons_question', 'law_hear_o_israel', 'scene', 'narrative']
   the_header                   asks ['hear_and_observe', 'the_charge_executed', 'the_land_flowing', 'the_triad', 'your_sons_son']  kinds ['hear_and_observe', 'the_charge_executed', 'the_land_flowing', 'the_triad', 'your_sons_son']
   the_creed                    asks ['hear_o_israel', 'love_and_fear', 'the_lord_is_one', 'with_all_your_heart', 'with_all_your_might', 'with_all_your_soul']  kinds ['hear_o_israel', 'love_and_fear', 'the_lord_is_one', 'with_all_your_heart', 'with_all_your_might', 'with_all_your_soul']
   the_four_duties              asks ['daughters_exempt', 'mezuzah_doorpost', 'mezuzah_gates', 'mezuzah_writing', 'recite_how', 'recite_when', 'recite_who', 'teach_your_sons', 'tefillin_arm', 'tefillin_compartments', 'tefillin_head', 'tefillin_order', 'tefillin_passages', 'the_passages', 'the_seven', 'the_write']  kinds ['daughters_exempt', 'mezuzah_doorpost', 'mezuzah_gates', 'mezuzah_writing', 'recite_how', 'recite_when', 'recite_who', 'teach_your_sons', 'tefillin_arm', 'tefillin_compartments', 'tefillin_head', 'tefillin_order', 'tefillin_passages', 'the_passages', 'the_seven', 'the_write']
   the_gift_and_the_warning     asks ['fear_serve_swear', 'lest_you_forget', 'no_other_gods', 'the_jealous_god', 'the_list']  kinds ['fear_serve_swear', 'lest_you_forget', 'no_other_gods', 'the_jealous_god', 'the_list']
   the_test_and_the_right       asks ['surely_keep', 'the_right_and_the_good', 'the_write', 'thrust_out_enemies', 'you_shall_not_test']  kinds ['surely_keep', 'the_right_and_the_good', 'the_write', 'thrust_out_enemies', 'you_shall_not_test']
   the_sons_question            asks ['righteousness_for_us', 'the_answer_rows', 'the_four_askings', 'the_readback_table', 'the_receipt']  kinds ['righteousness_for_us', 'the_answer_rows', 'the_four_askings', 'the_readback_table', 'the_receipt']
   law_hear_o_israel            asks []  kinds ['shema_case', 'shema_declared', 'testing_barred']
   DATA keys (18): ['the_abutter', 'the_creed_terms', 'the_exemptions', 'the_files_diverge', 'the_four_sons', 'the_large_letters', 'the_list', 'the_mezuzah_table', 'the_oath_by_the_name', 'the_passages_order', 'the_postures', 'the_readback', 'the_receipt_without_the_name', 'the_recitation_times', 'the_seven', 'the_spellings', 'the_tefillin_table', 'the_two_sets']
   imports: ['cold_run_covenant_at_horeb', 'cold_run_decalogue', 'cold_run_erection', 'cold_run_exodus_story', 'cold_run_joseph', 'cold_run_mamre', 'cold_run_mekoshesh', 'cold_run_obey_horeb', 'cold_run_opening_speech', 'cold_run_pesach']
   lines with 'Deut 9'          : 5  e.g. ["assert MILK == S_('Deut 11:9', 'Deut 26:15', 'Deut 26:9', 'Deut 27:3', 'Deut 6:3', 'Exod 13:5', 'Exod 33:3', 'Exod 3:17', 'Exod 3:8', 'Lev 20:24', 'Num 16:14') and P('כאש", "assert P('שמע', 'ישראל') == S_('Deut 20:3', 'Deut 5:1', 'Deut 6:4', 'Deut 9:1') and P('יהוה', 'אחד') == S_('Deut 6:4', 'Zech 14:9') and words('Zech', 14, 9)[-4:] == ['יהו"]
   lines with 'calf'            : 1  e.g. ["assert ES_TEN['v'] == ('two_at_the_sea', 'two_at_the_water', 'two_at_the_manna', 'two_at_the_quail', 'one_at_the_calf', 'one_at_paran') and ES_TEN['fx'] == ['tested_the_l"]
   lines with 'forty'           : 2  e.g. ['rb(\'Deut 6:23\', "and us he brought out from there, that he might bring us in, to give us the land which he swore to our fathers", \'sworn_by_himself\', \'Gen 22:16\', "sworn_', "JS_17 = JS.the_oath('seventeen_years'); JS_147 = JS.the_oath('hundred_forty_seven'); JS_KT = JS.the_oath('kindness_and_truth')"]
   lines with 'Massah'          : 16  e.g. ["# Israel at the chapter's own day (40, 11, 1), NO marker (the retrograde stretch of 5:23 ended at 5:32); the test at Massah (6:16) a BLOCK", "# test_barred, Massah the tape's own named line (Exodus 17:7) FOUND; THE COMPARTMENTS FOUR A PARAMETER taught by the shelf (the Sifrei 35:3-4;"]
   lines with 'righteous'       : 7  e.g. ['rb(\'Deut 6:25\', "and it shall be righteousness for us, if we observe to do all this commandment before the LORD our God, AS HE COMMANDED US", \'stand_here_commanded\', \'Deu', '"""F6 — Deut 6:20-25: the son\'s question (the four askings), the answer\'s rows graded (T1), the receipt without the Name, righteousness for us"""']
   lines with 'pray'            : 2  e.g. ['\'the_exemptions\': {\'value\': {\'the_mourner\': \'exempt — one whose dead lies before him (3:1)\', \'the_bridegroom\': "exempt the first night until the Sabbath\'s end if he did n', 'move(\'Mishnah Berakhot 2:5, 2:8, 3:1, 3:3; Berakhot 16a:12-16b:4\', "the bridegroom EXEMPT the first night until the Sabbath\'s end if he did not act (Rabban Gamliel recite']
   lines with 'destroy'         : 1  e.g. ['ink(\'6:15\', \'"for the LORD your God is a jealous God in your midst, lest the anger of the LORD your God be kindled against you and he destroy you from the face of the gro']
   lines with 'installed_by'    : 2  e.g. ["# given_at Deut 6:4, installed_by boot (the two Deuteronomy daemons' form). Six cells; every token probed (zero-report law); effects on every", "day (40, 11, 1), NO marker; installed_by boot (the two Deuteronomy daemons' form). TWO TAPE LINES of its own: shema_declared (6:4-9 — the creed and"]
   lines with 'given_at'        : 2  e.g. ["# given_at Deut 6:4, installed_by boot (the two Deuteronomy daemons' form). Six cells; every token probed (zero-report law); effects on every", '"""Deut 6:1-25 (cold_run_hear_o_israel.py F1-F6). given_at Deut 6:4 — THE SHEMA\'S FIRST AND ONLY GIVING, the chapter\'s own line on the counter\'s']
   lines with 'Berakhot 7a'     : 1  e.g. ['move(\'cold_run_covenant_at_horeb (CALL) — CH.the_second_word(the_visiting) = %s\' % (vi[1],), "the jealous God\'s visiting the second word\'s DATA row (Berakhot 7a; Makkot 2']
   lines with 'Menachot 99'     : 1  e.g. ["move('cold_run_obey_horeb (CALL) — OH.FORGET %d seats, 6:12 among them (%s); OH.horeb_retold(take_heed_lest_you_forget) = %s' % (len(OH.FORGET), 'Deut 6:12' in OH.FORGET,"]
==== joseph: 42 defs ['strip', 'toks', 'cell', '_seats', '_load', 'mishnah', '_bavli', '_br', '_gift', '_all_seats', '_name_by_chapter', '_pit_seats', '_timer_span', '_mohar', 'jabbok', 'esau_met', 'shechem_arrival', 'dinah', 'bethel_again', 'three_deaths', 'edom', 'dreamer', 'potiphar', 'prison_dreams', 'pharaoh_dreams', 'the_rise', 'first_descent', 'second_descent', 'cup', 'i_am_joseph', 'the_seventy', 'seventy', '_subtotal', 'goshen', 'the_fifth', 'the_oath', 'mourning', 'coffin', '_years', 'law_joseph', 'scene', 'build']
   jabbok                       asks ['angel_bands', 'gift_by_verse', 'gift_head_count', 'left_alone', 'peniel_penuel', 'renaming_seat', 'sinew_seat', 'thigh_socket', 'too_small', 'two_namings']
   esau_met                     asks ['blessing_returned', 'bow_seats', 'bow_table', 'bowed_seven', 'dotted_kiss', 'face_of_god', 'grace_verb', 'last_dearest', 'prostration_form', 'seir_promised', 'sukkot_months', 'sukkot_naming', 'widen_the_road']
   shechem_arrival              asks ['came_whole', 'el_elohe_israel', 'god_below', 'hundred_kesitah', 'purchase_by_call', 'purchase_seat', 'three_places']
   dinah                        asks ['cleaved_loved_spoke', 'deceit_word', 'dinah_seats', 'few_in_number', 'foreskin_homograph', 'mohar_by_call', 'mohar_unbounded', 'outrage_phrase', 'question_unanswered', 'seducer_sheet', 'silence_kept', 'third_day_danger', 'third_day_sheet', 'third_day_verse', 'three_verbs', 'took_no_counsel', 'troubled_charged']
   bethel_again                 asks ['allon_bakhut', 'be_fruitful_sheet', 'bethel_named_twice', 'foreign_gods_seats', 'fruitful_singular', 'israel_repeated', 'kings_promised', 'land_promised', 'libation_token', 'like_case', 'return_closed', 'terror_of_god', 'vow_closed', 'vow_delay']
   three_deaths                 asks ['ben_oni_binyamin', 'benjamin_plene', 'buried_by_both', 'buried_writes', 'gathered_seat', 'grave_pillar', 'isaac_180', 'israel_heard', 'reuben_sheet', 'twelve_kept', 'twelve_named', 'until_this_day']
   edom                         asks ['before_a_king', 'holding_homograph', 'kings_count', 'kings_named', 'melekh_homograph', 'nations_as_ship', 'parted_for_room', 'timna_amalek', 'timna_concubine', 'two_anas', 'wives_recorded']
   dreamer                      asks ['coat_seats', 'daughters_plural', 'dream_hope_years', 'dreams_told', 'mourned_many_days', 'pit_empty', 'pit_seats', 'recognition_row', 'recognized_seat', 'reuben_where', 'sellers_grammar', 'seventeen', 'tunic_by_call', 'twenty_silver', 'what_profit', 'why_loved', 'word_kept', 'youthful_deeds']
   potiphar                     asks ['adjoined_blessing', 'as_this_day', 'bought_ones_buy', 'handsome_as_rachel', 'hebrew_seats', 'lifted_eyes', 'potiphar_spellings', 'prison_house', 'refused', 'service_pleasant', 'the_name_in_39']
   prison_dreams                asks ['birthday', 'custody_closes', 'forgot', 'former_custom', 'lifted_head_two_ways', 'third_day_timers', 'three_days_parsed', 'two_officers', 'vine_is_israel']
   pharaoh_dreams               asks ['doubled', 'end_to_darkness', 'fifth_counsel', 'not_i_god', 'one_dream', 'rushed_from_the_pit', 'seven_and_plenty', 'two_years']
   the_rise                     asks ['asenath', 'astrologers', 'covenant_heads_by_call', 'eighth_days', 'famine_in_all_lands', 'famine_years_bar', 'handfuls', 'joseph_of_his_own', 'manasseh_ephraim', 'plenty_timer_days', 'seventeen_to_thirty', 'thirty', 'two_sons_before_the_famine', 'zaphenath']
   first_descent                asks ['aval', 'congregation_of_ten', 'governor', 'gray_hairs', 'interpreter', 'is_not_tokens', 'mashbir', 'plan_revised', 'pledge_row', 'presumption_at_three', 'recognized_one_way', 'stranger', 'ten', 'three_days_custody', 'wept_seats', 'why_show_yourselves']
   second_descent               asks ['abomination_seats', 'bereaved', 'birth_order', 'double_silver', 'feast_at_noon', 'five_hands', 'gift_homograph', 'inheritance_by_call', 'simeon_out', 'surety_person_sheet', 'surety_sheet', 'surety_verse']
   cup                          asks ['as_pharaoh', 'divination_seats', 'instead_of_the_lad', 'judah_appeasement', 'leaven_search_sheet', 'morning_light', 'search_order', 'search_source', 'soul_bound', 'ten_men_one_thief', 'thief_sold_by_call', 'three_verdicts', 'what_shall_we_say']
   i_am_joseph                  asks ['benjamins_necks', 'could_not_restrain', 'do_not_quarrel', 'eyes_see', 'famine_timers_one_day', 'father_to_pharaoh', 'heart_numb_then_lived', 'rebuke', 'surety_closed', 'ten_donkeys', 'ten_donkeys_parsed', 'three_hundred_and_five', 'two_and_five']
   the_seventy                  asks ['brought_up_closed_on_tape', 'carried_after_the_act', 'god_of_isaac', 'hand_on_eyes_closed', 'judah_ahead', 'night_visions', 'sacrifices_by_call', 'sacrifices_reading', 'shepherds_abomination', 'wept_more']
   seventy                      asks ['diverge', 'exodus_seventy', 'firstborn_kept', 'inheritance_sheet', 'jochebed', 'leah_living_named', 'names_by_register', 'seventy', 'sixty_six', 'sixty_six_arithmetic', 'sixty_six_cups', 'subtotals_parsed', 'subtotals_sum']
   goshen                       asks ['closes_at_47_11', 'few_and_evil', 'five_doubled', 'five_men', 'five_named', 'goshen_seats', 'holding_homograph', 'hundred_sixteen', 'hundred_thirty', 'rameses', 'sustained_by_the_mouth', 'two_absences']
   the_fifth                    asks ['all_silver', 'bodies_and_ground', 'chok_means_food', 'fifth_homograph', 'fifth_parsed', 'fruitful_in_goshen', 'priests_exempt', 'second_year', 'statute_seat', 'until_this_day']
   the_oath                     asks ['bed_head_bow', 'burial_command_seat', 'hundred_forty_seven', 'kindness_and_truth', 'oath_closed_on_tape', 'oath_sworn', 'seventeen_years', 'why_joseph']
   mourning                     asks ['abel_mizraim', 'as_he_made_you_swear', 'burial_seat', 'forty_seventy', 'hand_on_eyes_closed', 'joseph_buried_sheet', 'no_meal', 'seven_days', 'timers_on_the_scene']
   coffin                       asks ['altered_for_peace', 'am_i_in_gods_place', 'bones_closed_on_tape', 'chatat_homograph', 'coffin_in_egypt', 'feared', 'forgiveness_sheet', 'four_hundred_parasangs', 'fox_in_its_hour', 'hundred_ten', 'machir_knees', 'ten_candles', 'visit_doubled', 'visitation_closed_on_tape', 'with_you_when_you_go_up', 'words_on_the_heart']
   law_joseph                   asks []  kinds ['accused', 'altar_commanded', 'altar_erected', 'angels_met', 'anger_burned', 'answered_back', 'appeared', 'appointed_over_the_house', 'appointed_to_serve', 'ate_and_drank', 'audience_prepared', 'bags_searched', 'believed', 'benjamin_seen', 'benjamin_withheld', 'bereaved_cried', 'blessed', 'blessed_be_fruitful', 'blessing_demanded', 'bones_taken', 'booths_made', 'bore', 'born', 'bound', 'bowed', 'bread_set', 'brothers_recognized', 'burial_commanded', 'buried', 'came_to_speak', 'camp_explained', 'caravan_planned', 'caravan_seen', 'cast_into_the_pit', 'census_listed', 'children_declared', 'children_divided', 'city_plundered', 'city_struck', 'coat_dipped', 'coat_made', 'coat_recognized', 'come_to_me_commanded', 'conspired', 'convoy_declined', 'counsel_accepted', 'counsel_given', 'cried_for_bread', 'cup_planted', 'custody_three_days', 'days_asked', 'deceit_answered', 'descent_commanded', 'descent_refused', 'descent_urged', 'died', 'divination_claimed', 'dream_told', 'dreamed', 'dreams_remembered']
   build                        asks ['headline_closes_by_seat', 'headline_flow_reversed', 'headline_seventy', 'headline_thief_sold', 'headline_two_absences', 'world']
   imports: ['cold_run_family', 'cold_run_mishpatim_2', 'cold_run_mishpatim_3', 'cold_run_offerings', 'cold_run_pre_sinai', 'cold_run_vestments']
   lines with 'forty'           : 11  e.g. ['before this file was typed (scratchpad o8_s4_predict.py); (6) the wrap: law_joseph, the forty-third daemon, whose writes per event', 'two hundred ewes, twenty rams; thirty milch camels (their colts unnumbered), forty cows, ten bulls, twenty she-asses, ten foals"""']
   lines with 'Aaron'           : 1  e.g. ['if q == \'vine_is_israel\': return cell(\'israel\', M, "Bereshit Rabbah 88:5 — \'behold a vine before me\' (40:9): these are Israel (\'You brought a vine out of Egypt\', Ps 80:9)']
   lines with 'let me'          : 1  e.g. ['if q == \'wept_more\': return cell(\'wept_on_his_neck_more\', I, "\'and he fell on his neck, and wept on his neck a good while\' (46:29, עוד) — wept; \'now let me die, since I h']
   lines with 'righteous'       : 3  e.g. ['if q == \'grave_pillar\': return cell(\'no_monuments_for_the_righteous\', M, "Bereshit Rabbah 82:10 — \'and Jacob set a pillar on her grave\' (35:20): R. Shimon ben Gamliel — o', 'if q == \'four_hundred_parasangs\': return cell(\'four_hundred_parasangs\', M, "Ketubot 111a:23 — \'and Joseph made the children of Israel swear\' (50:25): R. Chanina — there i']
   lines with 'dust'            : 1  e.g. ['if q == \'words_on_the_heart\': return cell(\'words_that_comfort_the_heart\', M, "Bereshit Rabbah 100:9 — \'and spoke to their heart\' (50:21): is there a man who speaks to the']
   lines with 'assembly'        : 3  e.g. ['if q == \'kings_promised\': return cell(\'kings_from_your_loins\', I, "\'a nation and an assembly of nations shall be of you, and kings shall come out of your loins\' (35:11) —', "if k == 'blessed_be_fruitful': return [E_('fruitfulness_blessed', 'jacob'), E_('kings_promised', 'jacob'), E_('assembly_of_nations_promised', 'jacob')]"]
   lines with 'pray'            : 12  e.g. ['if q == \'too_small\': return cell(\'i_am_too_small_for_all_the_kindnesses\', I, "\'I am too small for all the kindnesses and all the truth\' (32:11, קטנתי) — the prayer\'s open', 'if q == \'blessing_returned\': return cell(\'my_blessing\', I, "\'take, I pray, my blessing that is brought to you\' (33:11, ברכתי) — the blessing of Genesis 27 returned by its']
   lines with 'destroy'         : 1  e.g. ['if q == \'benjamins_necks\': return cell(\'two_temples_in_benjamins_portion\', M, "Megillah 16b:2 — \'and he fell on his brother Benjamin\'s neck and wept\' (45:14): how many ne']
   lines with 'great nation'    : 1  e.g. ['if q == \'night_visions\': return cell(4, I, "\'fear not to go down to Egypt\' (46:3), \'I will make of you a great nation there\', \'I will go down with you ... and I will sure']
   lines with 'inheritance'     : 7  e.g. ["Yevamot 6:6 be fruitful, Bava Batra 8:2 the inheritance order); (3) the shelf — the Babylonian rows and the Genesis spine's rows", 'inheritance order), the ordinances (THE MOHAR of 34:12 against Exodus 22:15-16; THE THIEF SOLD of 44:9-17 against Exodus 22:2),']
   lines with 'Taanit'          : 6  e.g. ['if q == \'famine_years_bar\': return cell(\'marital_relations_barred_in_famine\', M, "Taanit 11a:4 — Resh Lakish: it is forbidden to a man to serve his bed in the years of fa', 'if q == \'why_show_yourselves\': return cell(\'do_not_show_yourselves_sated\', M, "Taanit 10b:6 — \'and Jacob said to his sons, why do you show yourselves\' (42:1): Jacob said ']
==== journeys: 23 defs ['strip', 'verse_text', 'words', 'ink', 'move', 'dat', 'hyp', 'out', 'seats', 'rx', 'tok', 'lemma_seats', '_after', '_bare', '_lemmas', 'the_heading_and_the_writing', 'the_departure', 'the_stations', 'aarons_death_retold', 'the_command', 'law_journeys', 'scene', 'narrative']
   the_heading_and_the_writing  asks ['by_the_hand', 'by_the_mouth', 'by_their_hosts', 'heading', 'moses_wrote', 'the_chiasm', 'the_list']  kinds ['by_the_hand', 'by_the_mouth', 'by_their_hosts', 'heading', 'moses_wrote', 'the_chiasm', 'the_list']
   the_departure                asks ['high_hand', 'left_by_day', 'the_burial', 'the_date', 'the_gods_judged', 'the_manna', 'the_morrow']  kinds ['high_hand', 'left_by_day', 'the_burial', 'the_date', 'the_gods_judged', 'the_manna', 'the_morrow']
   the_stations                 asks ['chapter_21', 'common_word_names', 'directional_ending', 'elim', 'etham_for_shur', 'exodus_nine', 'forty_two', 'kadesh_hor', 'kibroth_hazeroth', 'moseroth_seven', 'one_word_added', 'only_here', 'rithmah_paran', 'tape_matched', 'the_last_camp', 'the_verbs', 'unnamed_in_exodus']  kinds ['chapter_21', 'common_word_names', 'directional_ending', 'elim', 'etham_for_shur', 'exodus_nine', 'forty_two', 'kadesh_hor', 'kibroth_hazeroth', 'moseroth_seven', 'one_word_added', 'only_here', 'rithmah_paran', 'tape_matched', 'the_last_camp', 'the_verbs', 'unnamed_in_exodus']
   aarons_death_retold          asks ['arad', 'by_the_mouth_kiss', 'moses_seventh_adar', 'no_write', 'the_age', 'the_date', 'the_era_new_year', 'the_eras_stamps', 'the_order', 'verbal_analogy']  kinds ['arad', 'by_the_mouth_kiss', 'moses_seventh_adar', 'no_write', 'the_age', 'the_date', 'the_era_new_year', 'the_eras_stamps', 'the_order', 'verbal_analogy']
   the_command                  asks ['drive_out', 'figured_stones', 'high_places', 'molten_images', 'negative_arm', 'possess_and_dwell', 'private_altar_eras', 'the_frame', 'the_lot_arms', 'the_lot_restated', 'three_objects_own', 'when_you_pass']  kinds ['drive_out', 'figured_stones', 'high_places', 'molten_images', 'negative_arm', 'possess_and_dwell', 'private_altar_eras', 'the_frame', 'the_lot_arms', 'the_lot_restated', 'three_objects_own', 'when_you_pass']
   law_journeys                 asks []  kinds ['dispossession_case', 'dispossession_commanded', 'gods_judged_at_the_departure', 'journeys_case', 'journeys_written']
   DATA keys (13): ['aarons_age', 'arads_hearing', 'negative_arm_outcome', 'the_camps_extent', 'the_death_date', 'the_deuteronomy_order', 'the_eras_stamps', 'the_four_writings', 'the_judgments_on_the_gods', 'the_lot_restated', 'the_morrow_of_the_passover', 'the_stations', 'the_three_objects']
   imports: ['cold_run_balak', 'cold_run_beha', 'cold_run_chukat', 'cold_run_erection', 'cold_run_exodus_story', 'cold_run_gad_reuben', 'cold_run_holiness', 'cold_run_pesach', 'cold_run_second_census', 'cold_run_shelach']
   lines with 'Deut 9'          : 1  e.g. ["assert MOLTEN_IMG == ['Num 33:52'] and MOLTEN_T == ['Deut 9:12', 'Deut 9:16', 'Exod 32:4', 'Exod 32:8', 'Exod 34:17', 'Lev 19:4'] and MOLTEN_LEMMA_T == ['Deut 9:12', 'Deu"]
   lines with 'Deuteronomy 9'   : 1  e.g. ['\'the_three_objects\': {\'value\': [\'figured_stones\', \'molten_images\', \'high_places\'], \'settings\': {\'figured_stones\': "Leviticus 26:1\'s word (the lemma\'s six Bible seats: Lev']
   lines with 'calf'            : 9  e.g. ["import cold_run_erection as ER                   # THE EDGE: journeys -> erection CALL, reference (the molten image's ban Exodus 34:17; the calf's word 32:4; the other ic", "('מסכתם',    33, 52, 'their molten [images] — the calf\\'s word'),"]
   lines with 'tablet'          : 2  e.g. ['\'the_four_writings\': {\'value\': [\'Exod 24:4\', \'Num 33:2\', \'Deut 31:9\', \'Deut 31:22\'], \'settings\': {\'four\': "\'and Moses wrote\' at four Torah seats — the covenant\'s words (E', 'ink(\'33:2\', \'"and Moses wrote" — %s: THE FOUR WRITINGS (the covenant\\\'s words, the journeys, this Torah, this song); the tablets Exodus 34:28 and Deuteronomy 10:4 the ver']
   lines with 'forty'           : 35  e.g. ["# THE ITINERARY AS A RECORD WRITTEN AT THE RUN'S END: Moses' writing (33:1-2) the chapter's own act, its value THE LIST — forty-two places", '# built from the DB at import (Rameses and forty-one camps, forty-two "journeyed" and forty-two "camped"), each with its first telling outside']
   lines with 'Aaron'           : 40  e.g. ["# palms; Etham for Shur; Rithmah for Paran; Moseroth seven camps before Mount Hor — the shelf's retreat of seven stations); Aaron's death", "('ביד',      33, 1,  'by the hand of [Moses and Aaron] — Psalm 77:21 the other seat'),"]
   lines with 'Taberah'         : 1  e.g. ['ink(\'33:18\', \'"Rithmah" %s — one seat: 12:16\\\'s "wilderness of Paran" under another name, the spies\\\' base (13:3 "from the wilderness of Paran", 13:26 "to Paran, to Kades']
   lines with 'Kibroth'         : 9  e.g. ["import cold_run_beha as BH                       # THE EDGE: journeys -> beha CALL, reference (Kibroth-hattaavah's naming 11:34; Hazeroth and Paran's markers)", "('התאוה',    33, 16, '[Kibroth-]hattaavah — the graves of lust (11:34)'),"]
   lines with 'Kadesh'          : 12  e.g. ["import cold_run_chukat as CK                     # THE EDGE: journeys -> chukat CALL, reference (Kadesh, Mount Hor, the death's date and age, Arad's hearing, Moserah's ro", "('קדש',      33, 36, 'Kadesh — that is Kadesh'),"]
   lines with 'righteous'       : 2  e.g. ['\'aarons_age\': {\'value\': 123, \'settings\': {\'83_plus_40\': "Aaron 83 at the speaking before Pharaoh (Exodus 7:7 — [80, 83]) + the era\'s fortieth year = 123 (33:39 — [123]); ', 'move(\'Kiddushin 38a:5-7; Seder Olam Rabbah 10:2\', "Moses died on the seventh of Adar — the tenth of Nisan (Joshua 4:19) less thirty-three days (thirty of mourning, three ']
   lines with 'destroy'         : 7  e.g. ["# possess; destroy the three objects), the lot's debit of 26:52-56 cited not rewritten (33:54 the restatement with the verb's number switching),", 'ink(\'33:52\', \'"destroy all their figured stones" — %s; Leviticus 26:1\\\'s word %s; the lemma\\\'s seats %s\' % (FIGURED, FIG_LEV, FIG_LEMMA))']
   lines with 'inheritance'     : 1  e.g. ["('Num 33:50-56 — and the LORD spoke to Moses in the plains of Moab by the Jordan at Jericho, saying: speak to the children of Israel and say to them: when you pass over t"]
   lines with 'molten'          : 18  e.g. ["import cold_run_erection as ER                   # THE EDGE: journeys -> erection CALL, reference (the molten image's ban Exodus 34:17; the calf's word 32:4; the other ic", "import cold_run_holiness as HL                   # THE EDGE: journeys -> holiness CALL, reference (Leviticus 19:4's molten gods)"]
   lines with 'Tammuz'          : 1  e.g. ['\'the_death_date\': {\'value\': AARON_DATE, \'settings\': {\'ordinal_reader\': "33:38 \'in the fortieth year … in the fifth month, on the first of the month\' — the year and the mo']
   lines with 'installed_by'    : 2  e.g. ["dat('installed_by BOOT with the class named — a law in the divine voice spoken in the plains of Moab; the second pass (D2) decides')", '"""Num 33:1-56 (cold_run_journeys.py F1-F5). given_at Num 33:50; installed_by boot — A LAW IN THE DIVINE VOICE SPOKEN IN THE PLAINS']
   lines with 'given_at'        : 1  e.g. ['"""Num 33:1-56 (cold_run_journeys.py F1-F5). given_at Num 33:50; installed_by boot — A LAW IN THE DIVINE VOICE SPOKEN IN THE PLAINS']
   lines with 'Taanit'          : 3  e.g. ['\'arads_hearing\': {\'value\': CK.DATA[\'arad_heard\'][\'value\'], \'settings\': dict(CK.DATA[\'arad_heard\'][\'settings\'], **{\'sihon_arad_canaan_one_person\': "Rosh Hashanah 3a:3 — \'h', '\'source\': "33:40 \'and the Canaanite king of Arad heard\' — 21:1\'s hearing without the war, the captives, the vow and Hormah, WITH \'in the land of Canaan\'; CK\'s row READ by']
==== korach: 17 defs ['strip', 'verse_text', 'seats_of_stem', 'seats_of', 'ink', 'move', 'dat', 'out', 'clause', 'rebellion', 'plague_and_staffs', 'the_watch', 'the_gifts', 'the_tithe', 'law_korach', 'scene', 'narrative']
   rebellion                    asks ['congregation_ten', 'death_mode', 'earth_mouth_cain', 'elect', 'exclusion_by_sin', 'fire', 'names', 'new_creation', 'not_for_heaven', 'oath', 'oath_warning_formula', 'share', 'sons_of_korach', 'summons_procedure', 'swallowed', 'test', 'too_much_returned', 'took', 'two_hundred_fifty', 'visiting_the_sick', 'what_moses_heard', 'wives']  kinds ['congregation_ten', 'death_mode', 'earth_mouth_cain', 'elect', 'exclusion_by_sin', 'fire', 'names', 'new_creation', 'not_for_heaven', 'oath', 'oath_warning_formula', 'share', 'sons_of_korach', 'summons_procedure', 'swallowed', 'test', 'too_much_returned', 'took', 'two_hundred_fifty', 'visiting_the_sick', 'what_moses_heard', 'wives']
   plague_and_staffs            asks ['angel_of_death', 'budded', 'burning_mode', 'elevate_in_sanctity', 'fire_from_the_altar', 'incense_atones', 'levite_at_another_work', 'maintaining_a_dispute', 'plague_count', 'staff_hidden', 'staffs_count', 'stranger_incense_ban', 'three_deaths', 'whoever_comes_near']  kinds ['angel_of_death', 'budded', 'burning_mode', 'elevate_in_sanctity', 'fire_from_the_altar', 'incense_atones', 'levite_at_another_work', 'maintaining_a_dispute', 'plague_count', 'staff_hidden', 'staffs_count', 'stranger_incense_ban', 'three_deaths', 'whoever_comes_near']
   the_watch                    asks ['fence', 'genealogy_chamber', 'given_to_the_lord', 'iniquity_of_the_priesthood', 'iniquity_of_the_sanctuary', 'lots', 'no_more_wrath', 'service_of_gift', 'song', 'stranger_death', 'stranger_death_scope', 'stranger_warning', 'washing_hands', 'watch_places', 'watch_stories', 'why_reiterate']  kinds ['fence', 'genealogy_chamber', 'given_to_the_lord', 'iniquity_of_the_priesthood', 'iniquity_of_the_sanctuary', 'lots', 'no_more_wrath', 'service_of_gift', 'song', 'stranger_death', 'stranger_death_scope', 'stranger_warning', 'washing_hands', 'watch_places', 'watch_stories', 'why_reiterate']
   the_gifts                    asks ['ass_redeem_or_break', 'betrothed_eats', 'bikkurim', 'bikkurim_eaters', 'bikkurim_partners', 'bikkurim_scope', 'blemish_expert', 'blemished_firstborn', 'blemished_keeping', 'breast_and_thigh', 'clean_firstborn', 'covenant_of_salt', 'covenant_reason', 'devote_firstborn', 'devoted', 'devoted_status', 'devoted_to_whom', 'devotion_by_priests', 'donkey_doubt', 'doubtful_terumah_watch', 'eaten_in_greatness', 'every_male', 'firstborn_blood_mixed', 'firstborn_blood_placement', 'firstborn_eaters', 'firstborn_eating_window', 'firstborn_for_redemption', 'firstborn_portions', 'firstborn_resembles', 'firstborn_sale', 'firstborn_substitute', 'firstborn_without_altar', 'five_sela_coinage', 'from_the_fire', 'gentile_consecrations', 'household', 'impure_terumah_benefit', 'levite_donkey', 'most_holy_eating_place', 'most_holy_list', 'most_holy_portion_use', 'opens_the_womb', 'raise_before_giving', 'redeeming_lamb', 'redemption_before_thirty', 'redemption_means', 'redemption_money_lost', 'redemption_rate', 'redemption_timing', 'returned', 'salt_source', 'self_redemption', 'suspect_firstborn', 'suspect_principle', 'the_best_triad', 'three_crowns', 'twenty_four', 'twenty_gerah_floor', 'twins', 'unclean_firstborn_scope', 'with_joy']  kinds ['ass_redeem_or_break', 'betrothed_eats', 'bikkurim', 'bikkurim_eaters', 'bikkurim_partners', 'bikkurim_scope', 'blemish_expert', 'blemished_firstborn', 'blemished_keeping', 'breast_and_thigh', 'clean_firstborn', 'covenant_of_salt', 'covenant_reason', 'devote_firstborn', 'devoted', 'devoted_status', 'devoted_to_whom', 'devotion_by_priests', 'donkey_doubt', 'doubtful_terumah_watch', 'eaten_in_greatness', 'every_male', 'firstborn_blood_mixed', 'firstborn_blood_placement', 'firstborn_eaters', 'firstborn_eating_window', 'firstborn_for_redemption', 'firstborn_portions', 'firstborn_resembles', 'firstborn_sale', 'firstborn_substitute', 'firstborn_without_altar', 'five_sela_coinage', 'from_the_fire', 'gentile_consecrations', 'household', 'impure_terumah_benefit', 'levite_donkey', 'most_holy_eating_place', 'most_holy_list', 'most_holy_portion_use', 'opens_the_womb', 'raise_before_giving', 'redeeming_lamb', 'redemption_before_thirty', 'redemption_means', 'redemption_money_lost', 'redemption_rate', 'redemption_timing', 'returned', 'salt_source', 'self_redemption', 'suspect_firstborn', 'suspect_principle', 'the_best_triad', 'three_crowns', 'twenty_four', 'twenty_gerah_floor', 'twins', 'unclean_firstborn_scope']
   the_tithe                    asks ['agent', 'agent_gentile', 'as_wages', 'bought_from_gentile', 'confession', 'estimate', 'every_place', 'exclusion_table', 'from_it', 'gentile_tithe', 'household_deputes', 'impure_for_pure', 'inferior_for_superior', 'israelite_benefit_from_terumah', 'kind_for_kind', 'levite_he', 'levite_preceded', 'liable_produce', 'mourner', 'no_inheritance', 'one_in_a_hundred', 'partners', 'pointer_paid', 'recipients', 'removal', 'so_you_too', 'terumah_measure', 'terumah_status', 'the_best', 'third_year', 'thresholds', 'tithe_of_the_tithe', 'tithe_recipient', 'tithe_terumah_betrothal', 'tithe_to_foreigners', 'tithe_to_levites', 'wage', 'what_remains_common', 'who_separates', 'who_separates_tithe_terumah', 'wrong_order', 'you_shall_not_die']  kinds ['agent', 'agent_gentile', 'as_wages', 'bought_from_gentile', 'confession', 'estimate', 'every_place', 'exclusion_table', 'from_it', 'gentile_tithe', 'household_deputes', 'impure_for_pure', 'inferior_for_superior', 'israelite_benefit_from_terumah', 'kind_for_kind', 'levite_he', 'levite_preceded', 'liable_produce', 'mourner', 'no_inheritance', 'one_in_a_hundred', 'partners', 'pointer_paid', 'recipients', 'removal', 'so_you_too', 'terumah_measure', 'terumah_status', 'the_best', 'third_year', 'thresholds', 'tithe_of_the_tithe', 'tithe_recipient', 'tithe_terumah_betrothal', 'tithe_to_foreigners', 'tithe_to_levites', 'wage', 'what_remains_common', 'who_separates', 'who_separates_tithe_terumah', 'wrong_order', 'you_shall_not_die']
   law_korach                   asks []  kinds ['aarons_staff_kept', 'censers_beaten_into_plates', 'censers_commanded', 'censers_offered_at_the_tent', 'congregation_despaired', 'congregation_murmured_you_killed', 'congregation_withdrew', 'creation_test_declared', 'dathan_and_abiram_refused', 'earth_swallowed', 'fire_consumed_the_two_hundred_fifty', 'get_up_commanded', 'gifts_granted', 'korach_case', 'korach_gathered_against', 'levites_rebuked', 'moses_and_aaron_pleaded', 'moses_set_the_test', 'moses_swore', 'plague_begun_and_stayed', 'plague_staff_case', 'portion_declared', 'priestly_gifts_case', 'separation_commanded', 'staffs_commanded', 'staffs_laid_and_budded', 'stranger_service_case', 'tithe_case', 'tithe_of_the_tithe_commanded', 'watch_case', 'watch_given_to_aaron']
   DATA keys (36): ['betrothed_eats', 'devotion_by_priests', 'devotion_default', 'dispute_not_for_heaven', 'donkey_timing', 'doubtful_terumah_watch', 'earth_mouth', 'every_place', 'exclusion_table', 'firstborn_eaters', 'firstborn_threshold', 'genealogy_chamber', 'incense_stays_plague', 'korach_death_mode', 'korach_share', 'lamb_responsibility', 'levite_at_another_work', 'levite_wage_condition', 'lots', 'maintaining_a_dispute', 'most_holy_portion_use', 'one_in_a_hundred', 'one_spilling', 'raise_before_giving', 'redeeming_lamb', 'redemption_means', 'sons_of_korach', 'staff_hidden_with', 'terumah_measure', 'the_twenty_four', 'three_crowns', 'tithe_recipient', 'tithe_thresholds', 'watch_places', 'wives', 'zar_who_served']
   imports: ['cold_run_bamidbar', 'cold_run_chatat', 'cold_run_holiness_b', 'cold_run_incense_shekel', 'cold_run_minchah', 'cold_run_moadim', 'cold_run_naso', 'cold_run_offerings', 'cold_run_pesach', 'cold_run_priesthood', 'cold_run_temurah', 'cold_run_tzav', 'cold_run_vayikra5', 'cold_run_yovel', 'cold_run_zelophehad']
   lines with 'calf'            : 4  e.g. ["'redeeming_lamb': {'value': 'any_lamb', 'settings': {'any_lamb': 'sheep or goat, any sex or age, blemished too; not a calf, a wild animal, a slaughtered one, a fatally wo", "ink('18:5 / 1:53', 'the clause computed: 1:53 %s; 18:5 %s — added %s, dropped %s' % (' '.join(WRATH_153), ' '.join(WRATH_185), WRATH_ADDED, WRATH_DROPPED)); move('Sifrei "]
   lines with 'forty'           : 1  e.g. ['\'terumah_measure\': {\'value\': {\'generous\': Fraction(1, 40), \'average\': Fraction(1, 50), \'stingy\': Fraction(1, 60)}, \'settings\': {\'forty_fifty_sixty\': "Mishnah Terumot 4:3 ']
   lines with 'Aaron'           : 46  e.g. ["('ארבעה',    17, 14, 'fourteen thousand (the head)'), ('מטה', 17, 17, 'a staff'), ('שנים', 17, 17, 'twelve (the head)'), ('אהרן', 17, 18, 'Aaron'),", "assert COVENANT_OF_SALT == ['2Chr 13:5', 'Num 18:19'], COVENANT_OF_SALT   # the phrase's two seats in the Bible — Aaron's and David's (the first run's LIKE on the pointed"]
   lines with 'rebel'           : 35  e.g. ['# rebellion, the plague and the staffs on the tape with two one-day timers on an undated stretch. Five motions of the deliverable rule,', "('למשמרת',   17, 25, 'for a keeping'), ('לאות', 17, 25, 'for a sign'), ('מרי', 17, 25, 'rebellion'), ('גוענו', 17, 27, 'we expire'), ('הקרב', 17, 28, 'who comes near'),"]
   lines with 'assembly'        : 8  e.g. ['\'korach_share\': {\'value\': \'no_share_R._Akiva\', \'settings\': {\'no_share_R._Akiva\': "\'the earth closed upon them\' — this world; \'they perished from among the assembly\' — the', 'ink(\'16:33\', \'"the earth covered them and they perished from among the assembly"\'); dat(\'the row korach_share = %s\' % data[\'korach_share\'][\'value\']); move(\'Mishnah Sanhed']
   lines with 'pray'            : 2  e.g. ['ink(\'16:26\', \'"turn aside, I pray, from the tents of these wicked men and touch nothing of theirs, lest you be swept away" — Sodom\\\'s verbs (Gen 19:2, 18:23)\'); move(\'She', "w.submit({'kind': 'congregation_withdrew', 'subject': 'israel', 'went': 'Moses to Dathan and Abiram, the elders after him', 'words': 'turn aside from the tents of these w"]
   lines with 'inheritance'     : 23  e.g. ["# the inheritance engine, the household's eaters from the priesthood engine, the peace offering's row from the offerings engine; the", "ZL_EXCL = ZL.inheritance_order({'ask': 'excluded'}, ZL.DATA)[0]"]
   lines with "'17:"            : 13  e.g. ['ink(\'17:3-4\', \'"let them be made beaten plates, a covering for the altar, for they offered them before the LORD and they became holy" — the plate-word the gold thread\\\'s ', 'ink(\'17:3\', \'"the censers of these sinners against their own souls"\'); move(\'Sanhedrin 52a:10-12\', \'burning / burning with Lev 21:9: the soul burned, the body intact\')']
   lines with 'installed_by'    : 1  e.g. ['"""Num 16:1-18:32 (cold_run_korach.py F1-F5). installed_by boot — the rebellion\'s lines are acts, the grants spoken at their verses to']
   lines with 'Shabbat 8'       : 5  e.g. ["'incense_stays_plague': {'value': 'atones_for_slander', 'settings': {'atones_for_slander': 'incense atones — for malicious speech, the private for the private (Yoma 44a:5", 'ink(\'17:13\', \'"and he stood between the dead and the living, and the plague was stayed"\'); move(\'Shabbat 89a:2\', \'the angel of death gave Moses the remedy — Ps 68:19\')']
   lines with 'Menachot 99'     : 4  e.g. ['ink(\'17:3-4\', \'"let them be made beaten plates, a covering for the altar, for they offered them before the LORD and they became holy" — the plate-word the gold thread\\\'s ', 'return out("one elevates in sanctity — the censers, service vessels, became the altar\'s covering (Menachot 99a)", [\'altar_plated\'])']
==== moadim: 16 defs ['strip', 'toks', 'count', 'cell', 'work_class', 'yom_kippur', 'omer', 'shavuot_animals', 'two_loaves', 'rosh_hashanah', 'sukkot', 'sabbath_vs_festival', 'passover', 'law_moadim', 'scene', 'mishnah']
   law_moadim                   asks []  kinds ['booths_dwelt', 'four_species_taken', 'harvest_reaped', 'holy_convocation_proclaimed', 'omer_brought', 'paschal_offered', 'two_loaves_brought', 'yom_kippur_kept']
   imports: ['cold_run_calendar', 'cold_run_minchah', 'cold_run_offerings', 'cold_run_pesach']
   lines with 'forty'           : 2  e.g. ["# harvest's new-grain gate, the omer's forty-nine-day TIMER, the two loaves with their animals, the", '(\'THE SCENE on the world engine — the wrap (W2): the year of Lev 23 from 1 Nisan\', cell(SCENE, A, "THE SCENE: the Passover after midday accepted and before it disqualifie']
   lines with 'assembly'        : 4  e.g. ["('atzeret — an assembly',               36, 'עצרת'),", "'eighth': cell('atzeret', I, 'ביום השמיני עצרת (on the eighth day, an assembly) at 23:36',"]
   lines with 'destroy'         : 8  e.g. ["'working': cell('destroyed', I, 'והאבדתי (I will destroy) at 23:30',", "['destroyed']),"]
==== obey_horeb: 24 defs ['plain', 'pointed', 'words', 'morphs', 'wm', 'hits', 'phrase', 'lemma_of', 'verse_text', 'ink', 'move', 'dat', 'hyp', 'out', 'rb', 'the_exhortation', 'horeb_retold', 'no_image', 'the_exile_case', 'the_one_god', 'the_cities_and_the_frame', 'law_obey_horeb', 'scene', 'narrative']
   the_exhortation              asks ['add_beside', 'add_nothing', 'add_out_of_its_time', 'baal_peor_seen', 'diminish_nothing', 'god_so_near', 'hear_and_do', 'righteous_statutes', 'taught_as_commanded', 'the_cleaving', 'the_write', 'wisdom_before_the_peoples']  kinds ['add_beside', 'add_nothing', 'add_out_of_its_time', 'baal_peor_seen', 'diminish_nothing', 'god_so_near', 'hear_and_do', 'righteous_statutes', 'taught_as_commanded', 'the_cleaving', 'the_write', 'wisdom_before_the_peoples']
   horeb_retold                 asks ['commanded_to_teach', 'learn_and_teach', 'take_heed_lest_you_forget', 'the_daughters_excluded', 'the_day_at_horeb', 'the_mountain_burning', 'the_ten_words_and_the_tablets', 'the_voice_and_no_form']  kinds ['commanded_to_teach', 'learn_and_teach', 'take_heed_lest_you_forget', 'the_daughters_excluded', 'the_day_at_horeb', 'the_mountain_burning', 'the_ten_words_and_the_tablets', 'the_voice_and_no_form']
   no_image                     asks ['consuming_fire_jealous_god', 'image_for_study', 'image_of_the_host', 'no_form_seen', 'the_bar_third_telling', 'the_covenant_not_forgotten', 'the_host_apportioned', 'the_image_list', 'the_iron_furnace']  kinds ['consuming_fire_jealous_god', 'image_for_study', 'image_of_the_host', 'no_form_seen', 'the_bar_third_telling', 'the_covenant_not_forgotten', 'the_host_apportioned', 'the_image_list', 'the_iron_furnace']
   the_exile_case               asks ['in_your_distress_return', 'perish_and_scatter', 'seek_and_find', 'serve_wood_and_stone', 'the_case_head', 'the_merciful_god', 'the_witnesses']  kinds ['in_your_distress_return', 'perish_and_scatter', 'seek_and_find', 'serve_wood_and_stone', 'the_case_head', 'the_merciful_god', 'the_witnesses']
   the_one_god                  asks ['because_he_loved_your_fathers', 'from_heaven_the_voice', 'keep_the_statutes', 'know_this_day', 'the_former_days', 'the_nation_from_a_nation', 'the_voice_and_lived', 'to_dispossess_nations', 'you_were_shown']  kinds ['because_he_loved_your_fathers', 'from_heaven_the_voice', 'keep_the_statutes', 'know_this_day', 'the_former_days', 'the_nation_from_a_nation', 'the_voice_and_lived', 'to_dispossess_nations', 'you_were_shown']
   the_cities_and_the_frame     asks ['not_until_all_six', 'the_borders_verbatim', 'the_manslayer_defined', 'the_readback_table', 'the_second_frame', 'the_three_names', 'then_moses_set_apart']  kinds ['not_until_all_six', 'the_borders_verbatim', 'the_manslayer_defined', 'the_readback_table', 'the_second_frame', 'the_three_names', 'then_moses_set_apart']
   law_obey_horeb               asks []  kinds ['add_nothing_commanded', 'horeb_case', 'tablets_given', 'ten_words_declared', 'three_cities_set_apart', 'witnesses_called']
   DATA keys (19): ['the_bars_third_telling', 'the_creed', 'the_exile_case', 'the_export_chapter_5', 'the_horeb_hole', 'the_host_apportioned', 'the_inquiry_limits', 'the_instruments', 'the_law_bal_tosif', 'the_manslayer_definition', 'the_no_image_list', 'the_number_switching', 'the_readback', 'the_second_frame', 'the_tablets_plene', 'the_teach_your_sons', 'the_ten_words_seats', 'the_three_cities', 'the_witnesses_chain']
   imports: ['cold_run_balak', 'cold_run_borders', 'cold_run_chukat', 'cold_run_decalogue', 'cold_run_erection', 'cold_run_exodus_story', 'cold_run_opening_speech', 'cold_run_pre_sinai', 'cold_run_primeval', 'cold_run_refuge', 'cold_run_tochacha']
   lines with 'Deut 9'          : 10  e.g. ["assert P('ועתה', 'ישראל') == S_('Deut 10:12', 'Deut 4:1') and P('שמע', 'ישראל') == S_('Deut 20:3', 'Deut 5:1', 'Deut 6:4', 'Deut 9:1') and wm('Deut', 4, 1)[2] == ('שמע', ", "assert FORGET == S_('Deut 24:19', 'Deut 25:19', 'Deut 26:13', 'Deut 31:21', 'Deut 32:18', 'Deut 4:23', 'Deut 4:31', 'Deut 4:9', 'Deut 6:12', 'Deut 8:11', 'Deut 8:14', 'De"]
   lines with 'tablet'          : 27  e.g. ["# RECOMPUTED from the DB; THE TAPE'S HOLE FOUND — no line for the speaking of the ten words (Exodus 20:1) nor the giving of the first tablets", '# (31:18): the two SUPPLIED lines written ONCE at their own time by RETROGRADE markers at Deut 4:10 (the giving, (1, 3, 7)) and 4:13 (the tablets,']
   lines with 'forty'           : 3  e.g. ['assert PARSED == {(4, 13): [10, 2], (4, 41): [3], (4, 42): [1], (4, 47): [2]}, PARSED   # FOUR number verses in forty-nine, no ordinal', "move('cold_run_erection (CALL) — ER.tablets(ten_words) = %s; ER.ascent(seventeenth_tammuz) = %s; ER.tablets(finger_and_forms) = %s' % (ER_TEN['v'], ER_TAMMUZ['v'], ER_FOR"]
   lines with 'Kadesh'          : 2  e.g. ["'the_three_cities': {'value': {'east': ['Bezer (Reuben)', 'Ramoth in Gilead (Gad)', 'Golan in Bashan (Manasseh)'], 'west_forward': ['Kedesh', 'Shechem', 'Hebron'], 'debit", 'move(\'Makkot 9b:18-10a:3, 10a:14; Avodah Zarah 58b:8\', "two rows of vines — Hebron against Bezer, Shechem against Ramoth, Kadesh against Golan; Gilead\'s murderers; Reuben']
   lines with 'provok'          : 2  e.g. ['ink(\'4:25\', \'"WHEN you beget sons and sons\\\' sons and have grown old in the land and deal corruptly and make a graven image … and do evil in the eyes of the LORD your God', "('Deut 4:25-31 — when you beget sons and sons\\' sons and have grown old in the land and deal corruptly and make a graven image, the form of anything, and do evil in the e"]
   lines with 'rebel'           : 1  e.g. ["'the_law_bal_tosif': {'value': {'time': 'in_its_time_no_intent__out_of_its_time_intent', 'spoils': 'an_addition_that_voids_the_mitzva', 'pair': 'adding_an_act__diminishin"]
   lines with 'righteous'       : 6  e.g. ["'the_exile_case': {'value': {'head': 'when_you_beget_sons_and_grow_old_and_corrupt', 'arms': ['perish quickly', 'not prolong days', 'scattered among the peoples', 'few in", "if ask == 'righteous_statutes':"]
   lines with 'consuming'       : 8  e.g. ['move(\'Sifrei Devarim 49:2 (the reading); Ketubot 111b:6-8\', "how cleave to a consuming fire (4:24)? — cleave to the sages: marry a daughter to a scholar, do business for ', 'return out("you who cleave (4:4) — the survivors of Peor; cleaving to a consuming fire resolved as cleaving to the sages (the Sifrei 49:2; Ketubot 111b)", [\'accepted\'])']
   lines with 'corrupt'         : 7  e.g. ["'the_no_image_list': {'value': ['a graven image', 'the form of any figure', 'the likeness of male or female', 'any beast on the earth', 'any winged bird that flies in the", "'the_exile_case': {'value': {'head': 'when_you_beget_sons_and_grow_old_and_corrupt', 'arms': ['perish quickly', 'not prolong days', 'scattered among the peoples', 'few in"]
   lines with 'dust'            : 1  e.g. ['rb(\'Deut 4:32\', "ask now of the former days which were before you, since the day God created man upon the earth, from one end of heaven to the other", \'evening_and_mornin']
   lines with 'brook'           : 2  e.g. ['rb(\'Deut 4:46-49\', "beyond the Jordan in the valley over against Beth-peor, in the land of Sihon king of the Amorites who dwelt in Heshbon, whom Moses and the children of', 'ink(\'4:46-49\', \'"beyond the Jordan in the valley over against Beth-peor, in the land of Sihon … whom Moses and the children of Israel smote … from Aroer on the bank of th']
   lines with 'finger'          : 4  e.g. ["move('cold_run_erection (CALL) — ER.tablets(ten_words) = %s; ER.ascent(seventeenth_tammuz) = %s; ER.tablets(finger_and_forms) = %s' % (ER_TEN['v'], ER_TAMMUZ['v'], ER_FOR", "ER_TEN = ER.tablets('ten_words'); ER_TAMMUZ = ER.ascent('seventeenth_tammuz'); ER_FORMS = ER.tablets('finger_and_forms'); ER_TORAH_MITZVAH = ER.ascent('torah_mitzvah'); E"]
   lines with 'assembly'        : 5  e.g. ["import cold_run_exodus_story as ES            # THE EDGE: obey_horeb -> exodus_story CALL, reference (4:10 the assembly's day; 4:34 the instruments; 4:20 and 4:37 brought", 'return out("the day at Horeb (4:10) — the assembly\'s day (1, 3, 7) by Rabbi Yose\'s seventh (ES by CALL); the retrograde marker\'s day at Deut 4:10", [\'accepted\'])']
   lines with 'destroy'         : 6  e.g. ['rb(\'Deut 4:3-4\', "your eyes have seen what the LORD did at Baal-peor: every man who followed Baal-peor the LORD your God destroyed from your midst; you who cleave to the ', 'ink(\'4:3\', \'"your eyes have seen what the LORD did at Baal-peor: every man who followed Baal-peor the LORD your God destroyed from your midst" — "Baal-peor" %s; Peor at %']
   lines with 'great nation'    : 3  e.g. ['ink(\'4:7\', \'"for what great nation has God so NEAR to it as the LORD our God whenever we call upon him" — "great nation" %s; "God near" %s — the adjective PLURAL with the', 'ink(\'4:8\', \'"and what great nation has statutes and judgments so righteous as all this Torah which I set before you this day" — "righteous statutes" %s; "like all this To']
   lines with 'mightier'        : 2  e.g. ['rb(\'Deut 4:37-38\', "because he loved your fathers he chose their seed after them and brought you out with his presence, with his great power, out of Egypt, to dispossess ', 'ink(\'4:38\', \'"to dispossess nations greater and mightier than you from before you, to bring you in, to give you their land for an inheritance as this day" — %s (9:1 the k']
   lines with 'inheritance'     : 4  e.g. ['rb(\'Deut 4:20\', "the LORD took you and brought you out of the iron furnace, out of Egypt, to be a people of inheritance to him as this day", \'brought_out\', \'Exod 12:51\', ', 'rb(\'Deut 4:37-38\', "because he loved your fathers he chose their seed after them and brought you out with his presence, with his great power, out of Egypt, to dispossess ']
   lines with 'mighty hand'     : 3  e.g. ['rb(\'Deut 4:34\', "or has a god tried to come and take him a nation from the midst of a nation, by trials, by signs, by wonders, by war, by a mighty hand, by an outstretche', "'the_instruments': {'value': {'deut_4_34': ['trials', 'signs', 'wonders', 'war', 'a mighty hand', 'an outstretched arm', 'great terrors'], 'deut_26_8': ['a mighty hand', "]
   lines with 'Tammuz'          : 3  e.g. ["move('cold_run_erection (CALL) — ER.tablets(ten_words) = %s; ER.ascent(seventeenth_tammuz) = %s; ER.tablets(finger_and_forms) = %s' % (ER_TEN['v'], ER_TAMMUZ['v'], ER_FOR", "assert ER_TEN['v'] == 3 and ER_TAMMUZ['v'] == '17_tammuz' and ER_HOREB['v'] == 1 and ER_TORAH_MITZVAH['v'] == 2 and ER_FORMS['v']['לוחת'] == 3 and ER_FORMS['v']['לחת'] =="]
   lines with 'installed_by'    : 3  e.g. ["# (4:44-49) NO WRITE (R6). The daemon law_obey_horeb given_at Deut 4:2, installed_by BOOT with the class NAMED (a law in Moses' voice with no", '\'the_horeb_hole\': {\'value\': {\'exod_20_1\': \'no_line_on_the_tape\', \'exod_31_18\': \'no_line_on_the_tape\'}, \'settings\': {\'measured\': "the tape runs from Exod 19:20 (moses_went']
   lines with 'given_at'        : 2  e.g. ["# (4:44-49) NO WRITE (R6). The daemon law_obey_horeb given_at Deut 4:2, installed_by BOOT with the class NAMED (a law in Moses' voice with no", '"""Deut 4:1-49 (cold_run_obey_horeb.py F1-F6). given_at Deut 4:2; installed_by boot — A LAW IN MOSES\' VOICE WITH NO DIVINE FRAME (\'the word']
   lines with 'Taanit'          : 3  e.g. ['rb(\'Deut 4:13\', "and he declared to you his covenant which he commanded you to do, the ten words, and he wrote them on two tablets of stone", \'tablets_given\', \'Deut 4:13\'', "move('cold_run_erection (CALL) — ER.tablets(ten_words) = %s; ER.ascent(seventeenth_tammuz) = %s; ER.tablets(finger_and_forms) = %s' % (ER_TEN['v'], ER_TAMMUZ['v'], ER_FOR"]
   lines with 'Shabbat 8'       : 1  e.g. ['move(\'cold_run_exodus_story (CALL) — ES.sinai(days_r_yose) = %s\' % (ES_DAYS[\'v\'],), "Rabbi Yose\'s days of Sivan — the giving on the seventh (Shabbat 86b:5): the tape\'s ma']
   lines with 'Avodah Zarah 4'  : 1  e.g. ['move(\'Shabbat 75a:4; Avodah Zarah 4b:16\', "the mitzva to reckon the seasons and constellations — the wisdom named; \'in the eyes\' — the mitzvot strike the nations\' faces")']
   lines with 'Menachot 99'     : 6  e.g. ['\'the_teach_your_sons\': {\'value\': {\'who\': \'the_sons_and_the_sons_sons\', \'not\': \'the_daughters\', \'extent\': \'bible_alone\'}, \'settings\': {\'kiddushin\': "the grandfather\'s duty', 'move(\'Menachot 99b:3; Pirkei Avot 3:8; Shevuot 36a:20\', "the forgetter violates a prohibition — \'take heed\', \'lest\', \'do not\' (R. Avin); as if guilty of death unless it w']
==== opening_speech: 25 defs ['strip', 'verse_text', 'words', 'ink', 'move', 'dat', 'hyp', 'out', '_has', 'seats', 'tok', 'lemma_seats', 'rb', 'the_commission', 'the_frame', 'the_officers_and_the_judges', 'the_spies_read_back', 'the_bypass', 'sihon_and_og', 'the_east_and_the_charges', 'the_plea', '_closed_by_prior_run', 'law_opening_speech', 'scene', 'narrative']
   the_commission               asks ['the_debit', 'the_hand_laid', 'the_honor', 'the_mountain', 'the_receipt', 'the_sentence_cited', 'the_shepherd', 'the_urim']  kinds ['the_debit', 'the_hand_laid', 'the_honor', 'the_mountain', 'the_receipt', 'the_sentence_cited', 'the_shepherd', 'the_urim']
   the_frame                    asks ['after_sihon', 'began_to_expound', 'the_date', 'the_eleven_days', 'the_receipt_of_the_rules', 'the_words', 'the_write']  kinds ['after_sihon', 'began_to_expound', 'the_date', 'the_eleven_days', 'the_receipt_of_the_rules', 'the_words', 'the_write']
   the_officers_and_the_judges  asks ['a_man_excludes_the_minor', 'all_the_things', 'be_deliberate', 'hear', 'judge_righteously', 'money_and_capital', 'no_faces', 'no_fear', 'small_and_great', 'the_al_tikrei', 'the_appointer', 'the_blessing', 'the_burden', 'the_charge', 'the_compromise', 'the_count', 'the_court_of_three', 'the_gentile_litigant', 'the_grains', 'the_hard_matter', 'the_horeb_command', 'the_judgment_is_gods', 'the_officers', 'the_perverting_judge', 'the_qualities', 'the_refusal_before_hearing', 'the_regions', 'the_stranger']  kinds ['a_man_excludes_the_minor', 'all_the_things', 'be_deliberate', 'hear', 'judge_righteously', 'money_and_capital', 'no_faces', 'no_fear', 'small_and_great', 'the_al_tikrei', 'the_appointer', 'the_blessing', 'the_burden', 'the_charge', 'the_compromise', 'the_count', 'the_court_of_three', 'the_gentile_litigant', 'the_grains', 'the_hard_matter', 'the_horeb_command', 'the_judgment_is_gods', 'the_officers', 'the_perverting_judge', 'the_qualities', 'the_refusal_before_hearing', 'the_regions', 'the_stranger']
   the_spies_read_back          asks ['good_is_the_land', 'joshua_shall_go_in', 'many_days_at_kadesh', 'the_asking', 'the_bars_ground', 'the_carrying', 'the_exceptions', 'the_little_ones', 'the_murmuring', 'the_oath', 'the_pillar', 'the_presumption', 'the_readback_table', 'the_turn_back', 'the_twelve', 'the_valley', 'the_weeping']  kinds ['good_is_the_land', 'joshua_shall_go_in', 'many_days_at_kadesh', 'the_asking', 'the_bars_ground', 'the_carrying', 'the_exceptions', 'the_little_ones', 'the_murmuring', 'the_oath', 'the_pillar', 'the_presumption', 'the_readback_table', 'the_turn_back', 'the_twelve', 'the_valley', 'the_weeping']
   the_bypass                   asks ['ammon', 'esau', 'forty_years_lacking_nothing', 'harassing_permitted', 'moab', 'sihon_commanded', 'the_avvim', 'the_emim', 'the_men_of_war_consumed', 'the_route', 'the_speech_resumed', 'the_turn', 'the_zered']  kinds ['ammon', 'esau', 'forty_years_lacking_nothing', 'harassing_permitted', 'moab', 'sihon_commanded', 'the_avvim', 'the_emim', 'the_men_of_war_consumed', 'the_route', 'the_speech_resumed', 'the_turn', 'the_zered']
   sihon_and_og                 asks ['aroer_to_gilead', 'hermon', 'jahaz', 'og_turned', 'ogs_bed', 'the_ban', 'the_edom_disagreement', 'the_hardening', 'the_messengers', 'the_sixty_cities', 'the_written_and_read']  kinds ['aroer_to_gilead', 'hermon', 'jahaz', 'og_turned', 'ogs_bed', 'the_ban', 'the_edom_disagreement', 'the_hardening', 'the_messengers', 'the_sixty_cities', 'the_written_and_read']
   the_east_and_the_charges     asks ['jair', 'joshuas_charge', 'machir', 'the_borders', 'the_charge_to_the_tribes', 'the_division']  kinds ['jair', 'joshuas_charge', 'machir', 'the_borders', 'the_charge_to_the_tribes', 'the_division']
   the_plea                     asks ['beth_peor', 'command_joshua', 'lebanon', 'pisgah', 'the_names', 'the_plea', 'the_refusal']  kinds ['beth_peor', 'command_joshua', 'lebanon', 'pisgah', 'the_names', 'the_plea', 'the_refusal']
   law_opening_speech           asks []  kinds ['a_shepherd_asked', 'ammon_spared_commanded', 'horeb_departure_commanded', 'joshua_commission_commanded', 'joshua_commissioned', 'joshua_encouraged', 'judges_case', 'judges_charged', 'moab_spared_commanded', 'moses_besought', 'moses_told_to_ascend_abarim', 'ogs_cities_devoted', 'sihon_war_commanded', 'sihons_cities_devoted', 'speech_case', 'speech_opened', 'turn_northward_commanded', 'zered_crossing_commanded']
   DATA keys (24): ['joshuas_charge', 'ogs_bed', 'the_armed_passage', 'the_ban', 'the_bars_ground', 'the_bypass_commands', 'the_commission', 'the_compromise', 'the_date', 'the_dispossessions', 'the_easts_borders', 'the_edom_disagreement', 'the_four_directions', 'the_frame', 'the_gentile_litigant', 'the_horeb_command', 'the_judges_charge', 'the_officers_table', 'the_plea', 'the_readback', 'the_seven_qualities', 'the_sixty_cities', 'the_spies_asked', 'the_thirty_eight']
   imports: ['cold_run_balak', 'cold_run_bamidbar', 'cold_run_beha', 'cold_run_borders', 'cold_run_chukat', 'cold_run_erection', 'cold_run_exodus_story', 'cold_run_gad_reuben', 'cold_run_holiness', 'cold_run_joseph', 'cold_run_journeys', 'cold_run_mamre', 'cold_run_ordinances', 'cold_run_primeval', 'cold_run_refuge', 'cold_run_second_census', 'cold_run_shelach', 'cold_run_zelophehad']
   lines with 'Deut 9'          : 3  e.g. ["assert REBELLED_MOUTH == ['Deut 1:26', 'Deut 1:43', 'Deut 9:23'] and MURMURED_TENTS == ['Deut 1:27'] and HATES_US == ['Deut 1:27'] and MELTED_HEART == ['Deut 1:28'] and G", "assert FIRE_NIGHT == ['Deut 1:33'] and CLOUD_DAY == ['Deut 1:33'] and EVIL_GENERATION == ['Deut 1:35'] and THE_GOOD_LAND == ['1Chr 28:8', 'Deut 1:35', 'Deut 3:25', 'Deut "]
   lines with 'calf'            : 5  e.g. ["('זהב',       1, 1,  'Di-zahab — the calf\\'s gold (Berakhot 32a:7)', 'Deut'),", "'the_frame': {'value': {'words_of_1_1': len(words(1, 1)), 'places': ['the wilderness', 'the Arabah', 'Suph', 'Paran', 'Tophel', 'Laban', 'Hazeroth', 'Di-zahab']}, 'settin"]
   lines with 'forty'           : 16  e.g. ["import cold_run_exodus_story as ES            # THE EDGE: opening_speech -> exodus_story CALL, reference (18:21-26's judges retold at 1:9-15; the manna's forty years at 2", "('חסרת',      2, 7,  'you have lacked [nothing] — the manna\\'s forty years', 'Deut'),"]
   lines with 'Aaron'           : 12  e.g. ["('ונאספת',    27, 13, 'and you shall be gathered — as Aaron', 'Num'),", 'assert CK_EDOM[0].startswith("Edom refused twice and Israel turned away (20:18-21); Deut 2:28-29\'s purchase the other arm — DISPUTE") and CK_DATES[0].startswith(\'Aaron (4']
   lines with 'Kadesh'          : 15  e.g. ["('ברנע',      1, 2,  'Kadesh-barnea', 'Deut'),", "assert ABARIM_MOUNTAIN == ['Deut 32:49', 'Num 27:12'] and SEE_THE_LAND == ['Num 27:12'] and GATHERED_AS_AARON == ['Num 27:13'] and MERIBAH_KADESH == ['Deut 32:51', 'Ezek "]
   lines with 'rebel'           : 5  e.g. ["('מריתם',     27, 14, 'you rebelled — Meribah\\'s pointer to 20:12', 'Num'),", "('ותמרו',     1, 26, 'and you rebelled', 'Deut'),"]
   lines with 'let me'          : 12  e.g. ["('אעברה',     3, 25, 'let me go over', 'Deut'),", "assert BESOUGHT == ['Deut 3:23'] and len(AT_THAT_TIME_SEATS) == 19 and len(LORD_GOD) == 284 and BEGUN_SHOW == ['Deut 3:24'] and YOUR_GREATNESS == ['Deut 3:24'] and STRONG"]
   lines with 'righteous'       : 12  e.g. ["'the_judges_charge': {'value': ['hear between your brothers', 'judge righteously between a man and his brother and his stranger', 'no faces in judgment', 'the small as th", 'ink(\'1:16-17\', \'the six clauses — "hear between your brothers" %s, "judge righteously" %s, "no faces in judgment" %s, "the small as the great" %s, "not afraid of any man"']
   lines with 'Anak'            : 4  e.g. ["('ענקים',     1, 28, 'the Anakim', 'Deut'),", "rb('Deut 1:26-28', 'you would not go up; you murmured in your tents: the LORD hates us; our brothers have melted our heart — greater and taller than we, cities fortified "]
   lines with 'not able'        : 2  e.g. ["rb('Deut 1:9-15', 'I am not able to bear you alone; give wise, discerning and known men; I took the heads and set them captains and officers', 'judges_appointed', 'Exod 1", 'ink(\'1:9-12\', \'"I am not able to bear you myself alone … how can I myself alone bear your cumbrance and your burden and your strife" — "your burden" %s one seat; 11:14\\\'s']
   lines with 'brook'           : 13  e.g. ["('ארנן',      2, 24, 'Arnon — the brook', 'Deut'),", "rb('Deut 2:13-15', 'rise up and get you over the brook Zered; we went over; thirty-eight years from Kadesh-barnea until the generation of the men of war was consumed', 'j"]
   lines with 'assembly'        : 2  e.g. ["assert ER_HOREB['v'] == 1 and ER_AVOT['v'] == 'moses_joshua_elders_prophets_great_assembly' and ER_ORDERS['v'] == 7, (ER_HOREB['v'], ER_AVOT['v'], ER_ORDERS['v'])   # Hor", "'the_frame': {'value': {'words_of_1_1': len(words(1, 1)), 'places': ['the wilderness', 'the Arabah', 'Suph', 'Paran', 'Tophel', 'Laban', 'Hazeroth', 'Di-zahab']}, 'settin"]
   lines with 'pray'            : 8  e.g. ["assert BESOUGHT == ['Deut 3:23'] and len(AT_THAT_TIME_SEATS) == 19 and len(LORD_GOD) == 284 and BEGUN_SHOW == ['Deut 3:24'] and YOUR_GREATNESS == ['Deut 3:24'] and STRONG", "rb('Deut 3:23-26', 'I besought the LORD at that time: O Lord GOD, You have begun to show Your servant Your greatness; let me go over and see the good land, that good moun"]
   lines with 'destroy'         : 12  e.g. ["rb('Deut 2:34-35', 'we took all his cities and devoted every city — the men, the women and the little ones; only the cattle and the spoil we took', 'sihon_smitten_land_po", "rb('Deut 3:4-7', 'we took all his cities — sixty cities, all the region of Argob, fortified with high walls, gates and bars; we devoted them as we did to Sihon; the cattl"]
   lines with 'inheritance'     : 2  e.g. ["assert BO_NINE[0].startswith('the nine tribes and the half tribe, the two tribes and the half tribe (34:13, 34:15)') and BO_RELAY[0].startswith('and Moses commanded the c", "'the_bypass_commands': {'value': {'edom': ('contending_barred', 'land_granted', 'mount_seir'), 'moab': ('contending_barred', 'land_granted', 'ar'), 'ammon': ('contending_"]
   lines with 'installed_by'    : 2  e.g. ["# Deut 1:16, installed_by BOOT with the class NAMED (a law in Moses' voice with no divine frame — the vows' class, the second pass's D2", '"""Deut 1:1-3:29 with Num 27:12-23 (cold_run_opening_speech.py F0-F7). given_at Deut 1:16; installed_by boot — A LAW IN MOSES\' VOICE WITH NO']
   lines with 'given_at'        : 2  e.g. ["# the six clauses its value, dated (1, 2, 16) by the court's founding day read off Israel's ledger; the daemon law_opening_speech given_at", '"""Deut 1:1-3:29 with Num 27:12-23 (cold_run_opening_speech.py F0-F7). given_at Deut 1:16; installed_by boot — A LAW IN MOSES\' VOICE WITH NO']
   lines with 'Taanit'          : 13  e.g. ['rb(\'Deut 2:16-17\', \'when all the men of war were consumed from among the people, the LORD SPOKE to me\', \'decree_declared\', \'Num 14:26-35\', "the carcasses timer FIRED at (', "rb('Deut 2:24-25', 'rise up, pass over the Arnon; I have given Sihon into your hand; begin to possess; this day I will begin to put the dread of you', 'sihon_smitten_land"]
   lines with 'Berakhot 32'     : 11  e.g. ["('זהב',       1, 1,  'Di-zahab — the calf\\'s gold (Berakhot 32a:7)', 'Deut'),", "rb('Deut 3:23-26', 'I besought the LORD at that time: O Lord GOD, You have begun to show Your servant Your greatness; let me go over and see the good land, that good moun"]
   lines with 'Sanhedrin 102'   : 2  e.g. ["'the_frame': {'value': {'words_of_1_1': len(words(1, 1)), 'places': ['the wilderness', 'the Arabah', 'Suph', 'Paran', 'Tophel', 'Laban', 'Hazeroth', 'Di-zahab']}, 'settin", 'move(\'Berakhot 32a:7; Sanhedrin 102a:14\', "\'and Di-zahab\' — the school of R. Yannai: no such place; the gold lavished until they said \'enough\' made the calf")']
==== primeval: 31 defs ['strip', 'toks', 'cell', '_seats', '_load', 'mishnah', '_bavli', '_br', 'garden', 'breach', 'sentences', 'cain', 'lines', 'prologue', 'ark', 'flood', 'remembering', 'exit', 'vineyard', 'nations', 'babel', 'shem_line', 'call', 'egypt', 'separation', 'war', 'pieces', 'hagar', 'law_primeval', 'scene', 'build']
   garden                       asks ['couple_sheet', 'deep_sleeps', 'helper', 'living_soul', 'names_count', 'office', 'took']
   breach                       asks ['deceived_seat', 'eyes', 'first_rule_by_call', 'four_verbs', 'no_sub_day', 'three_things', 'tree_identity']
   sentences                    asks ['curse_seats', 'divorced_daughter', 'east_receives', 'expelled_two_worlds', 'four_desires', 'garments_kindness', 'garments_of_light', 'livelihood', 'serpent_counsel', 'seventy_one', 'thousand_year_day']
   cain                         asks ['abel_days', 'bloods_seats', 'bloods_sheet', 'city_seat', 'earth_mouth', 'exile_half', 'fat_by_call', 'first_if', 'firstling_by_call', 'greater_than_father', 'lamech_wives', 'mark_arms', 'minchah_by_call', 'rebellion_three', 'refuse', 'regard_seats', 'sevenfold_seats', 'two_wives', 'wounds']
   lines                        asks ['begot_seats', 'bore_seats', 'died_seats', 'enoch_taken', 'noah_name', 'seth_twice', 'ten_famines', 'ten_generations', 'two_lines_names']
   prologue                     asks ['favor_even_noah', 'flood_month_row', 'reading_row', 'regret_two', 'reprieve_number', 'retrograde', 'sons_of_god', 'wickedness_great', 'wipe_two_worlds']
   ark                          asks ['clean_by_call', 'corrupt_five', 'covenant_by_call', 'covenant_seats', 'decks', 'forty_arms', 'intercourse_order', 'receipt', 'robbery_seals', 'seven_days_arms', 'spec_numbers', 'three_smitten']
   flood                        asks ['beasts_guilt', 'eyeball', 'hundred_fifty', 'not_the_fish', 'remnant', 'three_rows_sheet', 'twelve_months_sheet']
   remembering                  asks ['boiling', 'clean_birds', 'dove_three', 'olive_bitter', 'raven_retort', 'remember_seats', 'three_fountains', 'window_from', 'year_and_days']
   exit                         asks ['altar_seats', 'blessing_by_call', 'by_families', 'by_permission', 'great_altar', 'heart_resolve', 'olah_by_call', 'savor_seat', 'seasons_standing']
   vineyard                     asks ['canaan_puzzle', 'cyrus', 'greek_sheet', 'ham_deed', 'learn_from_adam', 'profaned', 'same_day', 'shem_began', 'slave_tokens']
   nations                      asks ['amraphel', 'cities_four', 'nimrod_greatness', 'peleg_prophet', 'shem_or_japheth_elder', 'shinar']
   babel                        asks ['one_language', 'ptolemy', 'scatter_seats', 'ten_descents', 'thirds', 'three_parties', 'two_scatterings', 'who_to_whom']
   shem_line                    asks ['abram_elder', 'barren_seat', 'died_in_sequence', 'haran_furnace', 'iscah', 'marriage_by_call', 'terah_death_gap', 'terah_death_midrash', 'two_years_after']
   call                         asks ['called_seats', 'go_receipt', 'ladder', 'land_seats', 'new_creature', 'seventy_five', 'stations', 'three_altars', 'two_go_you']
   egypt                        asks ['chest', 'famine_third', 'first_speech', 'passive_take', 'pattern', 'raatan', 'silver_and_gold']
   separation                   asks ['dust', 'lewdness', 'muzzled', 'parted_seat', 'sodom_arms', 'sodom_sheet', 'walk_by_call']
   war                          asks ['annal', 'children_not_returned', 'eliezer', 'hebrew_arms', 'night_halves', 'og', 'priest_by_call', 'priesthood_from_shem', 'punished_210', 'raised_hand', 'salem', 'thread_to_latchet', 'three_eighteen', 'tithe_by_call', 'years_arms', 'years_chain']
   pieces                       asks ['after_ten_plagues', 'also_that_nation', 'astrology', 'birds_by_call', 'by_what_merit', 'childless_by_call', 'covenant_cut_seat', 'faith_merit', 'four_hundred', 'four_things', 'fourth_generation', 'furnace', 'heir_by_call', 'kingdoms', 'reckoned_both_ways', 'ten_nations', 'two_fears']
   hagar                        asks ['affliction_reading', 'as_a_wife', 'despised_seat', 'first_union', 'flight_seat', 'god_of_seeing', 'named_before_birth', 'return_open', 'ten_years_number', 'ten_years_sheet', 'wild_ass', 'wrong_with_words', 'you_shall_call_vs_abram_called']
   law_primeval                 asks []  kinds ['afflicted', 'all_flesh_expired', 'altar_erected', 'angel_found', 'anger_burned', 'appeared', 'ark_commanded', 'ark_made', 'ark_rested', 'ate_of_the_tree', 'awoke_and_knew', 'barren', 'begot', 'believed', 'bird_sent', 'blessed_shem_and_japheth', 'boarding_commanded', 'bore', 'bread_and_wine_brought', 'brought_back', 'call_given', 'called_on_the_name', 'cities_built', 'city_built', 'clothed_in_skins', 'conceived_and_despised', 'confounded_and_scattered', 'counsel_given', 'covenant_cut_with_abram', 'cover_removed', 'covered_backward', 'cursed_canaan', 'dealt_well', 'decree_of_the_reprieve', 'decree_of_the_sojourn', 'deep_sleep_fell', 'died', 'drunk_and_uncovered', 'end_decreed', 'enoch_taken', 'entered_the_ark', 'escapee_told', 'exit_commanded', 'exited_the_ark', 'expelled', 'eyes_opened', 'famine_came', 'favor_found', 'first_offerings_brought', 'fled', 'flood_came', 'formed_from_dust', 'hagar_offered', 'heir_declared', 'heir_questioned', 'hid_from_the_voice', 'interrogated', 'ishmael_announced', 'journeyed', 'killed']
   build                        asks ['headline_generations', 'headline_ledger', 'headline_promises', 'headline_retrograde', 'headline_two_layers', 'world']
   imports: ['cold_run_family', 'cold_run_minchah', 'cold_run_offerings', 'cold_run_pre_sinai', 'cold_run_priesthood', 'cold_run_sanctions', 'cold_run_shemini', 'cold_run_temurah']
   lines with 'forty'           : 6  e.g. ["matrix with per-cell provenance and EFFECTS on every verdict — a hundred and forty-three discovered in the stretch's own", 'if q == \'forty_arms\': return cell((\'the_torah_in_forty\', \'the_embryos_forty\'), M, "Bereshit Rabbah 32:5 — \'forty days and forty nights\' (7:4): R. Shimon ben Yochai — they']
   lines with 'rebel'           : 9  e.g. ['if q == \'rebellion_three\': return cell(3, M, "Bereshit Rabbah 23:7 — R. Simon: at three places the beginning verb is a language of REBELLION — \'then it was begun to call ', 'if q == \'nimrod_greatness\': return cell(\'i_gave_greatness_to_nimrod\', M, "Chullin 89a:7 — I gave greatness to Nimrod and he said \'come, let us build us a city\' (11:4); to']
   lines with 'righteous'       : 18  e.g. ['if q == \'enoch_taken\': return cell(\'hypocrite_taken_while_righteous\', M, "Bereshit Rabbah 25:1 — \'and he was not, for God took him\' (5:24): R. Aivu — Enoch was a hypocrit', 'if q == \'seven_days_arms\': return cell((\'methuselahs_mourning\', \'the_sun_reversed\', \'a_taste_of_the_world_to_come\'), M, "Sanhedrin 108b:4-5 — \'and it was after the SEVEN ']
   lines with 'consuming'       : 1  e.g. ['words and registered first; (6) THE WRAP — law_primeval over the cells, declared first (the gate run to fail), consuming']
   lines with 'corrupt'         : 6  e.g. ['if q == \'tree_identity\': return cell((\'vine\', \'wheat\', \'fig\'), M, "Berakhot 40a:14 — the tree of which the first man ate: R. Meir — a vine (nothing brings wailing on man ', 'if q == \'corrupt_five\': return cell(\'mated_across_kinds\', M, "Sanhedrin 108a:11 — \'for all flesh had corrupted its way on the earth\' (6:12): R. Yochanan — it teaches that']
   lines with 'dust'            : 11  e.g. ['if q == \'thousand_year_day\': return cell((1000, 930, 70), M, "Bereshit Rabbah 19:8 — \'in the day you eat of it you shall surely die\' (2:17): I give him one day of MINE, w', 'if q == \'serpent_counsel\': return cell(4, M, "Shabbat 55b:3-4 — four died by the serpent\'s counsel alone (no sin of their own): Benjamin son of Jacob, Amram father of Mos']
   lines with 'pray'            : 1  e.g. ['if q == \'first_speech\': return cell(\'behold_now_i_know\', I, "\'behold now, I know that you are a woman of beautiful appearance\' (12:11) — Abram\'s first recorded speech (th']
   lines with 'destroy'         : 2  e.g. ['if q == \'bloods_sheet\': return cell(\'his_blood_and_the_blood_of_his_descendants\', A, "Mishnah Sanhedrin 4:5 — \'the voice of your brother\'s BLOODS cries\' (4:10): it does n', 'if q == \'not_the_fish\': return cell(\'not_the_fish\', I, "\'all that was on the DRY LAND died\' (7:22) — Sanhedrin 108a:21: and not the fish of the sea; the ink\'s own scope o']
   lines with 'great nation'    : 2  e.g. ['if q == \'new_creature\': return cell(\'i_will_MAKE_you\', M, "Bereshit Rabbah 39:11 — \'and I will make you a great nation\' (12:2): R. Berekhya — \'I will give you\' or \'I will', 'if q == \'ladder\': return cell((\'bless_you\', \'make_your_name_great\', \'be_a_blessing\', \'bless_your_blessers\', \'curse_your_curser\', \'all_families_blessed_in_you\'), I, "the p']
   lines with 'inheritance'     : 2  e.g. ['if q == \'heir_by_call\': return cell(FA.inheritance(\'inheritance_order_owed\')[\'v\'], P, "CALLED cold_run_family.inheritance(\'inheritance_order_owed\') -> the seats owed forw', "('the heir — the inheritance owed forward (by call)', pieces('heir_by_call'), ['Deut 25:5', 'Num 27:8']),"]
   lines with "'13:"            : 2  e.g. ["if event['seat'] == '13:15': out += [E_('seed_as_dust', subj, cp='HEAVEN', value=separation('dust')['v']), E_('land_walk_commanded', subj, cp='HEAVEN', value=separation('", "w.submit({'kind': 'land_promised', 'subject': 'abram', 'seat': '13:15', 'case_source': 'Gen 13:14-17'})"]
==== second_census: 20 defs ['strip', 'verse_text', 'words', 'ink', 'move', 'dat', 'hyp', 'out', 'gentilics', 'has', '_me', 'the_command', 'the_roll', 'the_land', 'the_levites', 'the_rolls', '_named', 'law_second_census', 'scene', 'narrative']
   the_command                  asks ['addressees', 'after_the_plague', 'exodus_generation', 'lift_the_head', 'spoke_them']  kinds ['addressees', 'after_the_plague', 'exodus_generation', 'lift_the_head', 'spoke_them']
   the_roll                     asks ['daughters_row', 'deltas', 'ephraim_manasseh_order', 'er_and_onan', 'families', 'genesis_46', 'hu_dathan', 'korach_recalled', 'korachs_dead', 'reuben_firstborn', 'serah', 'simeons_gap', 'single_son_plural', 'sons_of_korach', 'total', 'twelve_counts']  kinds ['daughters_row', 'deltas', 'ephraim_manasseh_order', 'er_and_onan', 'families', 'genesis_46', 'hu_dathan', 'korach_recalled', 'korachs_dead', 'reuben_firstborn', 'serah', 'simeons_gap', 'single_son_plural', 'sons_of_korach', 'total', 'twelve_counts']
   the_land                     asks ['by_lot', 'by_number_of_names', 'children_excluded', 'compensation', 'joseph_protest', 'land_divided_among', 'lots_mouth', 'morasha', 'only_excludes', 'possession_before_assignment', 'spies_portions', 'ten_parts', 'the_estimate', 'thirteen_tribes', 'tribes_or_skulls']  kinds ['by_lot', 'by_number_of_names', 'children_excluded', 'compensation', 'joseph_protest', 'land_divided_among', 'lots_mouth', 'morasha', 'only_excludes', 'possession_before_assignment', 'spies_portions', 'ten_parts', 'the_estimate', 'thirteen_tribes', 'tribes_or_skulls']
   the_levites                  asks ['amram_remarriage', 'count', 'five_for_eight', 'jochebed', 'jochebed_age', 'kohath_begot', 'miriam', 'nadab_abihu', 'no_inheritance']  kinds ['amram_remarriage', 'count', 'five_for_eight', 'jochebed', 'jochebed_age', 'kohath_begot', 'miriam', 'nadab_abihu', 'no_inheritance']
   the_rolls                    asks ['age_edges', 'ark_roster_hypothesis', 'decree_consumed', 'except_caleb_joshua', 'levi_outside', 'membership_predicate', 'one_sentence_twice', 'serah_jochebed_both_rolls', 'seven_spanned']  kinds ['age_edges', 'ark_roster_hypothesis', 'decree_consumed', 'except_caleb_joshua', 'levi_outside', 'membership_predicate', 'one_sentence_twice', 'serah_jochebed_both_rolls', 'seven_spanned']
   law_second_census            asks []  kinds ['census_command_case', 'census_roll_case', 'census_taken', 'land_division_case', 'land_division_commanded', 'levite_roll_case', 'levites_counted', 'levites_counted_second', 'rolls_compared', 'second_census_commanded', 'second_census_taken', 'two_rolls_case']
   DATA keys (12): ['compensation_mode', 'decree_age_edges', 'division_by', 'hu_rule', 'jochebed_age', 'levite_families_delta', 'plague_tribe', 'single_son_plural', 'spies_protesters_portions', 'thirteen_tribes', 'urim_judgment', 'wilderness_survivors']
   imports: ['cold_run_balak', 'cold_run_bamidbar', 'cold_run_chukat', 'cold_run_joseph', 'cold_run_korach', 'cold_run_shelach', 'cold_run_shemini_day', 'cold_run_zelophehad']
   lines with 'forty'           : 1  e.g. ["('second_census_taken', 'israel', {'counts': dict(C26), 'total': TOTAL26, 'families': FAMS_EVENT, 'named': [p for _, p, *_ in NAMED_ROLL]}, 'Num 26:5-51 — Reuben the firs"]
   lines with 'Aaron'           : 15  e.g. ["import cold_run_chukat as CK                     # THE EDGE: second_census -> chukat CALL, reference (26:1 Eleazar for Aaron — 20:28's succession)", '\'source\': "26:64\'s predicate is on \'those counted by Moses and Aaron\' (1:2-3\'s twenty and upward); the Levites apart (26:62)"},']
   lines with 'rebel'           : 2  e.g. ["K_COUNT = KR.plague_and_staffs({'ask': 'plague_count'}, KR.DATA)[0]; K_250 = KR.rebellion({'ask': 'two_hundred_fifty'}, KR.DATA)[0]", "move('CALLED cold_run_korach.plague_and_staffs(plague_count) -> %s; rebellion(two_hundred_fifty) -> %s [IMPORT, live]' % (K_COUNT, K_250), 'no tribe in the ink for either"]
   lines with 'assembly'        : 1  e.g. ['move(\'Bava Batra 117b:2, 118b:3-7\', \'Joshua and Caleb took the spies\\\' portions (14:38 "lived"); the protesters and Korach\\\'s assembly — juxtaposed or not; Abaye: the pro']
   lines with 'inheritance'     : 20  e.g. ["('בנחלה',  26, 53, 'for an inheritance'),", "('נחלה',   26, 62, 'inheritance — none given them'),"]
   lines with "'14:"            : 1  e.g. ["('14:30\\'s last seven words at 26:65 — verbatim', lambda: (FOURTEEN_30 == words(26, 65)[-7:], [FX.NONE], [('INK', 'Num 14:30, 26:65')]), True),"]
   lines with 'installed_by'    : 1  e.g. ['"""Num 25:19-26:65 (cold_run_second_census.py F1-F5) AND THE POPULATION TABLE\'s writer. installed_by boot — the census a command executed']
   lines with 'Bava Batra 14'   : 3  e.g. ['\'single_son_plural\': {\'value\': \'sons_for_one_not_grandson\', \'settings\': {\'sons_for_one_not_grandson\': "\'the sons of Pallu: Eliab\' (26:8) proves \'sons\' for ONE son (Rava, ', 'move(\'Bava Batra 143b:6 (Rava); 143b:7 (Mar bar Rav Ashi)\', \'"sons" for one son proved from this verse; a grandson not called a son\')']
==== seven_nations: 24 defs ['plain', 'pointed', 'words', 'morphs', 'wm', 'hits', 'phrase', 'lemma_of', 'verse_text', 'ink', 'move', 'dat', 'hyp', 'out', 'the_seven_nations', 'the_holy_people', 'the_faithful_god', 'because_you_hear', 'do_not_fear', 'the_images_and_the_devoted', 'rb', 'law_seven_nations', 'scene', 'narrative']
   the_seven_nations            asks ['no_covenant', 'no_favor', 'no_marriage', 'no_other_way', 'praise_of_the_creator', 'the_asherah_shade', 'the_asherah_wood', 'the_ban', 'the_bans_condition', 'the_child_follows_the_mother', 'the_four_objects', 'the_seven', 'the_write']  kinds ['no_covenant', 'no_favor', 'no_marriage', 'no_other_way', 'praise_of_the_creator', 'the_asherah_shade', 'the_asherah_wood', 'the_ban', 'the_bans_condition', 'the_child_follows_the_mother', 'the_four_objects', 'the_seven', 'the_write']
   the_holy_people              asks ['brought_out_redeemed', 'chose_you', 'holy_people', 'the_fewest', 'the_oath']  kinds ['brought_out_redeemed', 'chose_you', 'holy_people', 'the_fewest', 'the_oath']
   the_faithful_god             asks ['he_is_god', 'the_faithful', 'the_hater_repaid', 'the_triad', 'the_written_read_pair', 'thousand_generations']  kinds ['he_is_god', 'the_faithful', 'the_hater_repaid', 'the_triad', 'the_written_read_pair', 'thousand_generations']
   because_you_hear             asks ['consume_no_pity', 'covenant_kept', 'no_barren', 'no_serving_snare', 'the_blessing_list', 'the_diseases', 'the_heel', 'the_write']  kinds ['consume_no_pity', 'covenant_kept', 'no_barren', 'no_serving_snare', 'the_blessing_list', 'the_diseases', 'the_heel', 'the_write']
   do_not_fear                  asks ['in_your_midst', 'little_by_little', 'remember_pharaoh', 'the_doubt', 'the_hornet', 'the_kings_and_the_name', 'the_trials']  kinds ['in_your_midst', 'little_by_little', 'remember_pharaoh', 'the_doubt', 'the_hornet', 'the_kings_and_the_name', 'the_trials']
   the_images_and_the_devoted   asks ['abomination_to_the_lord', 'burn_the_images', 'devoted_like_it', 'into_your_house', 'lest_snared', 'not_covet_silver_gold', 'the_gentile_revokes', 'the_jew_bent_it', 'the_money_at_the_head', 'the_readback_table', 'the_write', 'utterly_detest']  kinds ['abomination_to_the_lord', 'burn_the_images', 'devoted_like_it', 'into_your_house', 'lest_snared', 'not_covet_silver_gold', 'the_gentile_revokes', 'the_jew_bent_it', 'the_money_at_the_head', 'the_readback_table', 'the_write', 'utterly_detest']
   law_seven_nations            asks []  kinds ['abomination_barred', 'hearing_blessed', 'nations_devoted', 'seven_nations_case']
   DATA keys (19): ['the_abomination_seats', 'the_bans_condition', 'the_blessing_list', 'the_calfs_agency', 'the_credits', 'the_devotings', 'the_eleven_uncited', 'the_fewest', 'the_heel', 'the_morph_tag', 'the_name_from_under_heaven', 'the_pitys_row', 'the_readback', 'the_renaming', 'the_shittim_exhibit', 'the_supplied_doctrine', 'the_three_readings_of_favor', 'the_two_lemmas', 'the_written_read_pair']
   imports: ['cold_run_balak', 'cold_run_covenant_at_horeb', 'cold_run_decalogue', 'cold_run_erection', 'cold_run_exodus_story', 'cold_run_hear_o_israel', 'cold_run_joseph', 'cold_run_journeys', 'cold_run_mamre', 'cold_run_obey_horeb', 'cold_run_opening_speech', 'cold_run_ordinances', 'cold_run_shemini']
   lines with 'Deut 9'          : 4  e.g. ["assert P('שבעה', 'גוים') == ['Deut 7:1'] and U('שבעה', books=('Deut',)) == ['Deut 16:9', 'Deut 7:1'] and P('רבים', 'ועצומים', 'ממך') + P('גדלים', 'ועצמים', 'ממך') == ['De", "assert P('כי', 'יסיר', 'את', 'בנך', 'מאחרי') == ['Deut 7:4'] and P('וחרה', 'אף', 'יהוה', 'בכם') == ['Deut 11:17', 'Deut 7:4', 'Josh 23:16'] and P('והשמידך', 'מהר') == ['D"]
   lines with 'calf'            : 4  e.g. ["# nineteen DATA rows (the three the docket added: the calf's agency, the ban's condition, the pity's row). Reading ledger:", "assert ES_TEN['v'] == 10 and ES_TEN['fx'] == ['plague_struck'] and ES_SAVED['v'] == 'Exod 14:30' and ES_HEAL['v'] == 4 and ES_HEAL['fx'] == ['healer_promised'] and ES_TRI"]
   lines with 'tablet'          : 1  e.g. ['\'the_credits\': {\'value\': {\'erection_docket\': "Mishnah Avodah Zarah 2:1, 2:3, 3:1-3:10, 4:1-4:12 (twenty-four rows) credited from the erection docket (erection.covenant\'s ']
   lines with 'Aaron'           : 2  e.g. ['move(\'Chullin 89a:5-10 (opened whole)\', "R. Eliezer son of R. Yosei HaGelili: I desire you because when I bestow greatness you DIMINISH yourselves — Abraham \'dust and ash', '\'the_fewest\': {\'value\': "\'not because you were more … for you were the fewest of all peoples\' (7:7) — the humblest: \'I desire you, since even when I bestow greatness you ']
   lines with 'Massah'          : 1  e.g. ["move('cold_run_exodus_story (CALL) — ES.trials(ten_list) = %s, (count_by_exodus) = %s; cold_run_obey_horeb (CALL) — OH.the_one_god(you_were_shown) = %s' % (ES_TRIALS['v']"]
   lines with 'dust'            : 5  e.g. ['move(\'Chullin 89a:5-10 (opened whole)\', "R. Eliezer son of R. Yosei HaGelili: I desire you because when I bestow greatness you DIMINISH yourselves — Abraham \'dust and ash', 'move(\'Mishnah Avodah Zarah 1:8-1:9, 3:6; Avodah Zarah 15a:7, 21a:2, 47b:4-12; Shabbat 82b:1 (opened whole)\', "THE CODE\'S HOLE — no cell in any runner; THE EXAM: the renti']
   lines with 'finger'          : 1  e.g. ['move(\'Avodah Zarah 52a:9-10; Mishnah Avodah Zarah 4:4-4:6; Avodah Zarah 53b:1-5; Tosefta Avodah Zarah 6:2 (opened whole)\', "THE NULLIFICATION BY A GENTILE — Rav Yosef\'s b']
   lines with 'blot'            : 6  e.g. ["move('cold_run_ordinances (CALL) — OR.land(borders) = %s; cold_run_exodus_story (CALL) — ES.amalek(blotting) = %s, fx %s; Sotah 36a:2 (opened whole)' % (OR_BORD['v'], ES_", "ES_TEN = ES.plagues('ten'); ES_SAVED = ES.sea('saved_seat'); ES_HEAL = ES.marah('healer_condition'); ES_TRIALS = ES.trials('ten_list'); ES_SIX = ES.trials('count_by_exodu"]
   lines with 'destroy'         : 15  e.g. ["dat('the readback row 7:5 EXPANDED — computed %s tokens against 34:13\\'s %s and 33:52\\'s %s, %s shared with 34:13; the demolition a REFERENCE ROW against journeys\\' OPEN ", 'ink(\'7:10\', \'"and repays those who hate him TO HIS FACE, to destroy him; he will not delay to him who hates him, to his face he will repay him" — %s the one seat; "he wil']
   lines with 'mightier'        : 4  e.g. ['ink(\'7:1\', \'"the Hittite, the Girgashite, the Amorite, the Canaanite, the Perizzite, the Hivite and the Jebusite, SEVEN NATIONS greater and mightier than you" — the parse', "move('cold_run_opening_speech (CALL) — OS.the_spies_read_back(the_murmuring) = %s; cold_run_obey_horeb (CALL) — OH.the_one_god(to_dispossess_nations) = %s' % (OS_MURM[0]["]
   lines with 'inheritance'     : 1  e.g. ['\'the_calfs_agency\': {\'value\': "Avodah Zarah 53b:7-11 (opened whole): THE SHELF\'S THEORY OF THE DEMOLITION COMMAND — the Land is Israel\'s inheritance from the fathers and ']
   lines with 'molten'          : 2  e.g. ["JO_DRIVE = JO.the_command({'ask': 'drive_out'}, JO.DATA); JO_FIG = JO.the_command({'ask': 'figured_stones'}, JO.DATA); JO_MOLT = JO.the_command({'ask': 'molten_images'}, ", 'rb(\'Deut 7:5\', "their altars you shall break down, their pillars shatter, their Asherim cut down and their graven images burn with fire", \'EXPANDED\', "FOUR OBJECTS where ']
   lines with 'installed_by'    : 2  e.g. ["# Deut 7:1, installed_by boot (the Deuteronomy daemons' form). Six cells; every token probed (zero-report law); effects on every cell (the effects law);", "day (40, 11, 1), NO marker; installed_by boot (the Deuteronomy daemons' form). THREE TAPE LINES of its own: nations_devoted (7:1-5 — the ban a"]
   lines with 'given_at'        : 2  e.g. ["# TURNED 3 / SHORTENED 1), never a second write; what has no first telling is THE CODE'S HOLE, compiled here. The daemon law_seven_nations given_at", '"""Deut 7:1-26 (cold_run_seven_nations.py F1-F6). given_at Deut 7:1 — THE BAN\'S FIRST AND ONLY GIVING, the chapter\'s own line on the counter\'s']
   lines with 'Shabbat 8'       : 2  e.g. ['move(\'Mishnah Avodah Zarah 1:8-1:9, 3:6; Avodah Zarah 15a:7, 21a:2, 47b:4-12; Shabbat 82b:1 (opened whole)\', "THE CODE\'S HOLE — no cell in any runner; THE EXAM: the renti', "return [E_('house_abomination_barred', 'israel', value={'the_word': 'and you shall not bring an abomination into your house, and become devoted like it (7:26)', 'the_exam"]
   lines with 'Berakhot 7a'     : 1  e.g. ['rb(\'Deut 7:9\', "the faithful God, who keeps the covenant and the kindness with those who love him and keep his commandments to a thousand generations", \'VARIANT\', "the se']
   lines with 'Avodah Zarah 4'  : 36  e.g. ["move('cold_run_erection (CALL) — ER.covenant(demolition_grows) = %s, (cut_four) %d seats, (pillars_exod) = %s; cold_run_journeys (CALL) — JO.the_command(three_objects_own", 'move(\'Mishnah Avodah Zarah 3:7-3:8; Avodah Zarah 48a:13-15, 48b:1-5 (opened whole)\', "WHICH TREE IS AN ASHERAH — any with an idol beneath it (R. Shimon: any that people w']
==== shelach: 18 defs ['strip', 'verse_text', 'count_token', 'ink', 'move', 'dat', 'out', 'subsequence', 'spies', 'decree', 'libations', 'stranger', 'challah', 'error', 'high_hand', 'law_shelach', 'scene', 'narrative']
   spies                        asks ['caleb_hushed', 'cluster', 'consumes_inhabitants', 'eshcol', 'forty_days', 'fourth_order', 'giants', 'going_like_coming', 'grasshoppers', 'hebron_visitor', 'hebron_zoan', 'job', 'joshua_caleb_equal', 'joshua_name', 'named_after_deeds', 'one_per_tribe', 'punished_for', 'questionnaire', 'report_answers', 'report_form', 'send_for_yourself', 'slander_sealed', 'stronger_than']  kinds ['caleb_hushed', 'cluster', 'consumes_inhabitants', 'eshcol', 'forty_days', 'fourth_order', 'giants', 'going_like_coming', 'grasshoppers', 'hebron_visitor', 'hebron_zoan', 'job', 'joshua_caleb_equal', 'joshua_name', 'named_after_deeds', 'one_per_tribe', 'punished_for', 'questionnaire', 'report_answers', 'report_form', 'send_for_yourself', 'slander_sealed', 'stronger_than']
   decree                       asks ['ability', 'as_i_live', 'attributes_deleted', 'caleb_entitlement', 'congregation', 'count_from', 'day_for_year', 'deaths_ceased', 'due', 'egypt_will_hear', 'exceptions', 'fell_and_rent', 'hormah', 'joshua_childless', 'ninth_of_av_reading', 'now_ten', 'offer_second_seat', 'pardon', 'plea', 'presumption', 'set', 'set_edges', 'spies_death_mode', 'spies_portions', 'spies_share', 'stones_upward', 'ten_trials', 'that_night', 'turn_back', 'upon_children', 'wilderness_share']  kinds ['ability', 'as_i_live', 'attributes_deleted', 'caleb_entitlement', 'congregation', 'count_from', 'day_for_year', 'deaths_ceased', 'due', 'egypt_will_hear', 'exceptions', 'fell_and_rent', 'hormah', 'joshua_childless', 'ninth_of_av_reading', 'now_ten', 'offer_second_seat', 'pardon', 'plea', 'presumption', 'set', 'set_edges', 'spies_death_mode', 'spies_portions', 'spies_share', 'stones_upward', 'ten_trials', 'that_night', 'turn_back', 'upon_children', 'wilderness_share']
   libations                    asks ['aarons_ram', 'ages', 'altar_eras', 'calf', 'donated', 'donated_oil', 'donated_wine_disposal', 'each_animal', 'ezekiel', 'found_animal', 'from_when', 'gentile', 'heir', 'logs', 'mixing', 'oil_only', 'olah_table', 'or_against_and', 'owner_piggul', 'palges', 'private_altar', 'so', 'sukkot_sabbath', 'table', 'table_seats', 'takes', 'tenths_integral', 'the_one', 'which_offerings', 'with_price']  kinds ['aarons_ram', 'ages', 'altar_eras', 'calf', 'donated', 'donated_oil', 'donated_wine_disposal', 'each_animal', 'ezekiel', 'found_animal', 'from_when', 'gentile', 'heir', 'logs', 'mixing', 'oil_only', 'olah_table', 'or_against_and', 'owner_piggul', 'palges', 'private_altar', 'so', 'sukkot_sabbath', 'table', 'table_seats', 'takes', 'tenths_integral', 'the_one', 'which_offerings', 'with_price']
   stranger                     asks ['congregation', 'convert_offering', 'court', 'entry', 'meal_offering', 'no_temple', 'one_law', 'quarter_dinar']  kinds ['congregation', 'convert_offering', 'court', 'entry', 'meal_offering', 'no_temple', 'one_law', 'quarter_dinar']
   challah                      asks ['all_of_you', 'as_terumah', 'clean_for_unclean', 'convert_dough', 'demai', 'dogs_dough', 'dough_word', 'entry_gate', 'exempt_list', 'from_flour', 'gentile_dough', 'joining', 'joining_species', 'liable_not_tithed', 'market', 'measure', 'minimum', 'mixture', 'outside_produce', 'owner', 'partners', 'sabbatical', 'species', 'territories', 'when_liable']  kinds ['all_of_you', 'as_terumah', 'clean_for_unclean', 'convert_dough', 'demai', 'dogs_dough', 'dough_word', 'entry_gate', 'exempt_list', 'from_flour', 'gentile_dough', 'joining', 'joining_species', 'liable_not_tithed', 'market', 'measure', 'minimum', 'mixture', 'outside_produce', 'owner', 'partners', 'sabbatical', 'species', 'territories', 'when_liable']
   error                        asks ["'individual', 'anointed', 'leader'", 'aleph', 'class', 'communal', 'delta', 'eyes', 'goat_portions', 'idolatry_principle', 'majority_manner', 'order', 'partial', 'priest_own', 'reliance', 'semikhah', 'stranger_included', 'thrice_unwitting', 'tribe_table', 'which_sin']  kinds ['aleph', 'class', 'communal', 'delta', 'eyes', 'goat_portions', 'idolatry_principle', 'majority_manner', 'order', 'partial', 'priest_own', 'reliance', 'semikhah', 'stranger_included', 'thrice_unwitting', 'tribe_table', 'which_sin']
   high_hand                    asks ['blasphemer_identity', 'blasphemer_offering', 'blasphemes_once', 'census', 'class', 'despiser', 'filthy_place', 'high_hand_posture', 'iniquity_in_him', 'karet_reading', 'own_body', 'yoke']  kinds ['blasphemer_identity', 'blasphemer_offering', 'blasphemes_once', 'census', 'class', 'despiser', 'filthy_place', 'high_hand_posture', 'iniquity_in_him', 'karet_reading', 'own_body', 'yoke']
   law_shelach                  asks []  kinds ['caleb_hushed_the_people', 'challah_case', 'congregation_wept', 'decree_case', 'decree_declared', 'error_case', 'evil_report_spread', 'glory_appeared_at_the_threat', 'high_hand_case', 'joshua_and_caleb_pleaded', 'libation_case', 'moses_pleaded_on_the_attributes', 'pardoned_and_decreed', 'presumed_to_go_up', 'report_given', 'smitten_to_hormah', 'spies_case', 'spies_commanded', 'spies_instructed', 'spies_returned', 'spies_sent', 'spies_went_up', 'stranger_case', 'ten_spies_died_by_plague']
   DATA keys (39): ['altar_eras', 'anointed_idolatry_trigger', 'blasphemer_identity', 'blasphemer_offering', 'challah_measure', 'challah_minimum', 'challah_today', 'cluster_bearers', 'cluster_weight', 'congregation', 'convert_congregation', 'convert_offering', 'count_from', 'deaths_ceased', 'despiser', 'gentile_libations', 'hebron_before_zoan', 'hebron_visitor', 'hin_in_logs', 'idolatry_goat_semikhah', 'idolatry_principle', 'karet_reading', 'lamb_and_ram_ages', 'libation_floors', 'libations_from', 'oil_donation', 'outside_produce', 'owner_piggul', 'return_day', 'spies_death_mode', 'spies_share', 'tammuz_length', 'territories', 'terumah_measure', 'the_ten_trials', 'tribe_table', 'which_take_libations', 'wilderness_share', 'yoke']
   imports: ['cold_run_bamidbar', 'cold_run_chatat', 'cold_run_korach', 'cold_run_minchah', 'cold_run_offerings']
   lines with 'Deut 9'          : 3  e.g. ['ink(\'14:12\', \'"I will make of you a greater nation" — Exod 32:10 the first seat, Deut 9:14 the retelling (M-23)\')', 'return out("the offer\'s second seat — Exod 32:10 / Num 14:12 / Deut 9:14 (M-23)", [FX.NONE])']
   lines with 'calf'            : 10  e.g. ['\'the_ten_trials\': {\'value\': 10, \'settings\': {\'10\': "Arakhin 15a-b (R. Yehuda\'s list): two at the sea, two at the water, two at the manna, two at the quail, the calf, the ', 'ink(\'14:13\', \'"then Egypt will hear" — Exod 32:12 "why should Egypt say" at the calf\')']
   lines with 'forty'           : 27  e.g. ["# ink's own numbers at every seat; the forty days and the thirty-eight years as TIMERS against Taanit 29a's day-stack. Five motions of", "('ארבעים',   13, 25, 'forty'),"]
   lines with 'Aaron'           : 9  e.g. ['ink(\'14:5-6\', \'"Moses and Aaron fell on their faces"; "Joshua and Caleb... rent their garments"\'); move(\'Taanit 14b:13 (R. Elazar)\', \'the worthy fall on their faces; thei', "return out('Moses and Aaron fell on their faces; Joshua and Caleb rent garments (Taanit 14b)', [FX.NONE])"]
   lines with 'Kadesh'          : 7  e.g. ["('קדשה',     13, 26, 'to Kadesh'),", '\'count_from\': {\'value\': \'the exodus\', \'settings\': {\'the exodus\': "Deut 2:14\'s thirty-eight from Kadesh-barnea to Zered — the forty includes the two years elapsed (40 − 38']
   lines with 'provok'          : 3  e.g. ['ink(\'14:11 / 14:27\', \'"how long will this people provoke Me" / "this evil congregation"\'); move(\'Megillah 31b:2\', \'the Ninth of Av\\\'s Torah reading — R. Natan bar Yosef; ', 'return out(\'the Ninth of Av\\\'s Torah reading — "how long will this people provoke Me" (R. Natan bar Yosef); today Deut 4:25 (Abaye)\', [FX.NONE])']
   lines with 'Anak'            : 6  e.g. ["ink('13:27-29', 'the report answers the questionnaire: fat (milk and honey, the fruit), strong (the people fierce, the Anak), fortified (the cities great), the map (Amale", "return out('the report answers: fat; strong; fortified; the Anak; the map — Amalek south, the mountain peoples, the Canaanite by the sea and the Jordan', [FX.NONE])"]
   lines with 'not able'        : 1  e.g. ["w.submit({'kind': 'evil_report_spread', 'subject': 'the-ten-spies', 'slander': 'stronger than us; a land that eats its inhabitants', 'nephilim': True, 'case_source': 'Num"]
   lines with 'assembly'        : 5  e.g. ["('הקהל',     15, 15, 'the assembly'),", "ink('15:24 against Lev 4:13-14', 'the three deltas on the ink: the congregation for the assembly %s; a burnt offering for the sin offering %s; a goat added %s' % d); move"]
   lines with 'pray'            : 3  e.g. ["move('Sotah 34b:8', 'the name a prayer — the LORD will save you from the spies\\' counsel'); move('Tosefta Berakhot 1:15', 'Hoshea again in his praise: the same man before", 'return [E_(\'plea_made\', \'moses\', cp=\'HEAVEN\', value=\'the offer refused a second time (14:12 = Exod 32:10); Egypt will hear (14:13); the attributes quoted back "as You hav']
   lines with 'interce'         : 2  e.g. ['return out("Moses\' Egypt argument at both intercessions (Exod 32:12; Num 14:13)", [FX.NONE])', '(\'Num 14:13; Exod 32:12 — Egypt will hear\', lambda: decree({\'ask\': \'egypt_will_hear\'}, DATA), "Moses\' Egypt argument at both intercessions (Exod 32:12; Num 14:13)"),']
   lines with 'mightier'        : 1  e.g. ["w.submit({'kind': 'moses_pleaded_on_the_attributes', 'subject': 'moses', 'offer': 'I will make of you a greater nation', 'argument': 'Egypt will hear', 'attributes': ' '."]
   lines with 'inheritance'     : 3  e.g. ['\'libations_from\': {\'value\': \'the entry\', \'settings\': {\'the entry\': "Zevachim 111a:7 — \'when you come into the land\': the libations began at the entry, on the great public', "return out('the entry (Zevachim 111a); after inheritance and settlement (R. Yishmael, Kiddushin 37b) — none in the wilderness on both', [FX.NONE])"]
   lines with 'Tammuz'          : 2  e.g. ['\'tammuz_length\': {\'value\': 29, \'settings\': {\'29\': "the modeled alternation (calendar_parameters month_rounding) — the running setting: the forty-day timer fires at (2, 5,', "w.marker('Num 13:25', w.clock.day_in('exodus', 2, 5, 9), value='and they returned from spying out the land at the end of forty days (13:25) — READING-PLACED by Taanit 29a"]
   lines with "'13:"            : 21  e.g. ['ink(\'13:2\', \'"send FOR YOURSELF men" — the sending Moses\\\' own; Deut 1:22-23 the people\\\'s asking, "good in my eyes"\'); move(\'Sotah 34b:3 (Reish Lakish)\', \'at your discre', 'ink(\'13:2\', \'"one man, one man for his fathers\\\' tribe... every one a prince" — the parser\\\'s [1, 1] the distributive\'); ink(\'13:4-15\', \'twelve tribe-lines computed: %s; ']
   lines with "'14:"            : 31  e.g. ['ink(\'14:37\', \'"those who brought out the evil report of the land died" — the report named, not the blasphemy\'); move(\'Arakhin 15a:13 (Rabba / Reish Lakish)\', \'punished fo', 'ink(\'14:22\', \'"tried Me these ten times" — the sentence at the spies\\\' speech\'); move(\'Arakhin 15a:6; Mishnah Arakhin 3:5\', \'the sentence sealed by the malicious speech —']
   lines with 'installed_by'    : 1  e.g. ['"""Num 13:1-15:31 (cold_run_shelach.py F1-F7). installed_by boot — the laws spoken at their verses; the libations\' and the challah\'s']
   lines with "Ta'anit"         : 3  e.g. ['\'return_day\': {\'value\': (2, 5, 9), \'settings\': {\'(2, 5, 9)\': "Taanit 29a:5 — the baraita: sent on the twenty-ninth of Sivan, returned \'at the end of forty days\' on the Ni', 'return out("the night of the Ninth of Av — a weeping for generations (Taanit 29a:7; Sotah 35a:11; Sanhedrin 104b:4); Mishnah Ta\'anit 4:6", [\'wept\'])']
   lines with 'Taanit'          : 21  e.g. ["# ink's own numbers at every seat; the forty days and the thirty-eight years as TIMERS against Taanit 29a's day-stack. Five motions of", '\'return_day\': {\'value\': (2, 5, 9), \'settings\': {\'(2, 5, 9)\': "Taanit 29a:5 — the baraita: sent on the twenty-ninth of Sivan, returned \'at the end of forty days\' on the Ni']
   lines with 'Berakhot 32'     : 9  e.g. ['ink(\'14:20\', \'"I have pardoned according to your word" — once in the Bible (%d)\' % ONCE[\'סלחתי\']); move(\'Berakhot 32a:29 (R. Yochanan; the school of R. Yishmael)\', \'God c', 'ink(\'14:16\', \'"from lack of the ABILITY of the LORD" — the feminine noun\'); move(\'Berakhot 32a:27\', \'yekholet, not yakhol — the nations\\\' saying\')']
   lines with 'Berakhot 7a'     : 3  e.g. ['ink(\'14:18\', \'"visiting the iniquity of the fathers upon the children"\'); move(\'Berakhot 7a; Sanhedrin 27b\', \'when they hold their fathers\\\' deeds\')', 'return out("when they hold their fathers\' deeds (Berakhot 7a; Sanhedrin 27b)", [FX.NONE])']
==== shemini_day: 23 defs ['strip', 'toks', 'phrase', 'seats', 'has', 'anytok', 'anyprefix', 'tanakh', 'tanakh_phrase', 'cell', 'day', 'order', 'calf', 'ram', 'people', 'peace', 'fire', 'eras', 'law_eighth_day', 'scene', 'scene_cell', 'load', 'mrow']
   day                          asks ['aaron_chatat_deviation', 'aaron_chatat_run', 'aaron_chatat_spec', 'aaron_olah', 'alacrity', 'calf_age', 'called', 'command_stamps', 'communal_shelamim_grade', 'communal_shelamim_source', 'date', 'eighth_of', 'funding', 'glory_promise', 'minchah_form', 'minchah_oil_forms', 'people_chatat_deviation', 'people_chatat_run', 'people_chatat_spec', 'people_olah', 'people_shelamim', 'today_appears']
   order                        asks ['altar_inaugurated_by', 'anointed_first_spec', 'chatat_blood_before_olah_blood', 'eating_order', 'goat_like_first', 'kamishpat_census', 'olah_as_prescribed', 'own_atones_for', 'own_before_people', 'run_limbs_vs_fats', 'run_teaches_spec_semikhah', 'seven_services', 'spec_limbs_vs_fats', 'tadir_first']
   calf                         asks ['blood_bearers', 'blood_deviation', 'blood_run', 'blood_spec_anointed', 'blood_spec_outer', 'burn_site_spec', 'carcass_deviation', 'carcass_run', 'carcass_spec_for_anointed', 'carcass_spec_for_outer_blood', 'fat_run', 'fat_spec', 'fat_stamp', 'hide', 'lobe_from_liver', 'slaughterer', 'sprinklings_run']
   ram                          asks ['blood', 'disposition', 'entrails_legs', 'pieces_and_head', 'place', 'sons_hand', 'tamid_walk']
   people                       asks ['fistful_crumb', 'fistful_repeated_fork', 'frankincense', 'goat_purified', 'palm_census', 'palm_is_right', 'presentation', 'remainder', 'two_minchahs']
   peace                        asks ['blood', 'breast_thigh', 'fat_list', 'stack_reconciled', 'stack_run', 'tail_from_which', 'union_check', 'wave_stamp']
   fire                         asks ['amidah_position', 'content', 'crowns_in_this_chapter', 'fire_and_duty', 'fire_formula', 'fire_status', 'hand_ketiv', 'high_priest_hands', 'joint_entry', 'joy_like_creation', 'meeting_promise', 'posture_source', 'presence_on_whose_service', 'regime', 'scroll_boundary', 'second_runs', 'song', 'ten_crowns', 'timing_source', 'transposed']
   eras                         asks ['differences', 'ink_of_the_ban', 'karet_matrix', 'shared', 'switch', 'table']
   law_eighth_day               asks []  kinds ['blessing_lifted', 'fire_descended', 'glory_seen', 'offering_done']
   imports: ['cold_run_chatat', 'cold_run_minchah', 'cold_run_offerings', 'cold_run_tzav']
   lines with 'calf'            : 59  e.g. ["sourced (the calf for the spec's bull; the outer blood with the inner carcass;", 'the calf completed whole before the ram; the burning at 9:11 that carries no']
   lines with 'Aaron'           : 32  e.g. ["('the right THIGH Aaron waved',                        'Lev', 9, 21, 'שוק'),", "('and Aaron LIFTED his hand to the people',            'Lev', 9, 22, 'וישא'),"]
   lines with 'rebel'           : 1  e.g. ['"(17:7), Meribah (20:6): the only one that is not a rebellion", [\'glory_appeared\'])']
   lines with 'righteous'       : 1  e.g. ['"18:39, among them); " + SM + "20: \'they opened their mouths and said song — Rejoice, O righteous (Ps 33:1)\'; 31: Solomon\'s "']
   lines with 'finger'          : 6  e.g. ["c_finger_horns_base = all(w in toks('Lev', 9, 9) for w in ('אצבעו', 'קרנות', 'יסוד')); assert c_finger_horns_base", 'return cell(\'finger_horns_base\', I, "9:9 \'he dipped his FINGER (אצבעו) in the blood and put it on the HORNS (קרנות) of the altar, and the "']
   lines with 'assembly'        : 3  e.g. ["('and all the assembly DREW NEAR and stood',           'Lev', 9, 5, 'ויקרבו'),", '"(Lev 4:14 \'the assembly shall offer a bull\') [IMPORT, live call]", [\'accepted\'])']
   lines with 'pray'            : 1  e.g. ['"sequence (service, then blessing) legislating the prayer\'s order", [\'blessed_the_people\'])']
   lines with 'inheritance'     : 1  e.g. ['"Jerusalem BANNED and never again permitted (\'the inheritance\', Deut 12:9) — the status this day opens, flipped by era", [\'high_places_banned\'])']
   lines with 'Shabbat 8'       : 3  e.g. ['return cell(10, D, "Shabbat 87b:6: the day the tabernacle was erected \'took TEN CROWNS\' — first for creation\'s work, the princes, the "', '"— the run\'s date (the erection day, " + SM + "14) is the table\'s first boundary; Shabbat 87b:6\'s crowns \'first for the "']
==== tochacha: 20 defs ['strip', 'toks', 'count', 'has', 'has_run', 'cell', 'covenant', 'cascade', 'entry_gate', 'measures', 'scaling', 'releases_due', 'sabbath_debt', 'seventy_timer', 'jubilee_count', 'recovery', 'law_tochacha', 'scene', 'bavli', 'sifra']
   law_tochacha                 asks []  kinds ['covenant_kept', 'iniquity_confessed', 'people_exiled', 'warning_refused']
   imports: []
   lines with 'forty'           : 4  e.g. ["'conquest_years': cell(conquest, I, 'Caleb: forty at Kadesh (Joshua 14:7), thirty-eight to the '", "'first_house_r_yehuda': cell(counted % 49 % 7, I, 'cycle-year %d under the forty-nine → week '"]
   lines with 'Kadesh'          : 3  e.g. ["('THIRTY-EIGHT years from Kadesh',               'Deut', 2, 14, 'ושמנה'),", "('Caleb FORTY at Kadesh',                        'Josh', 14, 7, 'ארבעים'),"]
   lines with 'destroy'         : 2  e.g. ["DESOLATE = sorted(v for v in T26 if any(w in ('והשמותי', 'והשמתי', 'ושממו', 'שממה', 'השמה', 'בהשמה') for w in T26[v]))   # the destroy verb והשמדתי (26:30) is another roo", "'them nor abhorred them to destroy them, to break My covenant with them, 26:44) — '"]
==== vows: 20 defs ['strip', 'verse_text', 'words', 'ink', 'move', 'dat', 'hyp', 'out', 'seats', 'hearing_due', 'the_man', 'the_daughter', 'the_betrothed', 'the_widow', 'the_wife', 'the_affliction_oath', 'the_statutes', 'law_vows', 'scene', 'narrative']
   the_man                      asks ['age', 'all_that_proceeds', 'bind_the_permitted', 'delay_clocks', 'frame', 'heads_of_the_tribes', 'intimations', 'konam_measure', 'lips_or_heart', 'mistaken_vow', 'not_non_sacred', 'not_profane', 'on_a_limb', 'on_his_soul', 'openings', 'sage_release_flies', 'sage_release_form', 'sage_release_presence', 'sage_release_timing', 'sin_in_you', 'substitutes', 'this_is_the_thing', 'two_transgressions', 'vow_support', 'vow_vs_gift', 'vow_vs_oath', 'vower_a_sinner']  kinds ['age', 'all_that_proceeds', 'bind_the_permitted', 'delay_clocks', 'frame', 'heads_of_the_tribes', 'intimations', 'konam_measure', 'lips_or_heart', 'mistaken_vow', 'not_non_sacred', 'not_profane', 'on_a_limb', 'on_his_soul', 'openings', 'sage_release_flies', 'sage_release_form', 'sage_release_presence', 'sage_release_timing', 'sin_in_you', 'substitutes', 'this_is_the_thing', 'two_transgressions', 'vow_support', 'vow_vs_gift', 'vow_vs_oath', 'vower_a_sinner']
   the_daughter                 asks ['annulment_without_hearing', 'caretaker', 'confirmed_for_one_hour', 'fathers_domain', 'fathers_hearing_day', 'fathers_rights', 'fathers_scope', 'forgiveness', 'hearing_by_report', 'heart_annuls', 'in_her_youth', 'intends_her', 'restraint_is_annulment', 'the_deaf']  kinds ['annulment_without_hearing', 'caretaker', 'confirmed_for_one_hour', 'fathers_domain', 'fathers_hearing_day', 'fathers_rights', 'fathers_scope', 'forgiveness', 'hearing_by_report', 'heart_annuls', 'in_her_youth', 'intends_her', 'restraint_is_annulment', 'the_deaf']
   the_betrothed                asks ['annul_in_advance', 'be_she_shall_be', 'betrotheds_death', 'confirmation_and_annulment_reach', 'dissolved_confirmation', 'divorce_as', 'fathers_confirmation', 'fathers_death', 'joint_authority', 'levirate_widow', 'same_day_hundred', 'share_or_weaken', 'sustained_betrothed', 'two_wives', 'utterance_is_oath', 'vows_carried']  kinds ['annul_in_advance', 'be_she_shall_be', 'betrotheds_death', 'confirmation_and_annulment_reach', 'dissolved_confirmation', 'divorce_as', 'fathers_confirmation', 'fathers_death', 'joint_authority', 'levirate_widow', 'same_day_hundred', 'share_or_weaken', 'sustained_betrothed', 'two_wives', 'utterance_is_oath', 'vows_carried']
   the_widow                    asks ['from_marriage', 'levirate', 'once_out_one_hour', 'orphan_in_fathers_lifetime', 'priests_daughter_pair', 'remarried', 'vow_timing']  kinds ['from_marriage', 'levirate', 'once_out_one_hour', 'orphan_in_fathers_lifetime', 'priests_daughter_pair', 'remarried', 'vow_timing']
   the_wife                     asks ['all_the_day', 'annul_before_effect', 'caretaker_excluded', 'confirmed_and_annulled', 'confirming_words', 'consent_rationale', 'divorce_except_vows', 'forgiveness_wife', 'her_and_i', 'in_husbands_house', 'mistaken_annulment', 'sage_over_confirmation', 'scholars_practice', 'short_phrase', 'two_silences']  kinds ['all_the_day', 'annul_before_effect', 'caretaker_excluded', 'confirmed_and_annulled', 'confirming_words', 'consent_rationale', 'divorce_except_vows', 'forgiveness_wife', 'her_and_i', 'in_husbands_house', 'mistaken_annulment', 'sage_over_confirmation', 'scholars_practice', 'short_phrase', 'two_silences']
   the_affliction_oath          asks ['affliction_scope', 'after_his_hearing', 'annul_on_sabbath', 'annulment_reach', 'bathing', 'day_leniency_stringency', 'day_of_learning', 'fathers_reach', 'measure_of_good', 'nazirite_whole', 'oath_to_harm_himself', 'partial_annulment', 'removed_from_the_jews', 'she_is_clear', 'silence_to_vex', 'the_deadline', 'the_filter', 'two_afflictions', 'two_loaves', 'void_vow_owed_duty', 'vows_and_oaths_one_class', 'we_do_not_feed']  kinds ['affliction_scope', 'after_his_hearing', 'annul_on_sabbath', 'annulment_reach', 'bathing', 'day_leniency_stringency', 'day_of_learning', 'fathers_reach', 'measure_of_good', 'nazirite_whole', 'oath_to_harm_himself', 'partial_annulment', 'removed_from_the_jews', 'she_is_clear', 'silence_to_vex', 'the_deadline', 'the_filter', 'two_afflictions', 'two_loaves', 'void_vow_owed_duty', 'vows_and_oaths_one_class', 'we_do_not_feed']
   the_statutes                 asks ['all_generations', 'case_structure', 'clock_words', 'doubled_verbs', 'fathers_gains', 'in_her_youth_her_fathers_house', 'installed_by', 'likening_both_ways', 'placement_after_the_calendar', 'the_line', 'the_receipt', 'the_register_gate', 'two_kinds_of_ki']  kinds ['all_generations', 'case_structure', 'clock_words', 'doubled_verbs', 'fathers_gains', 'in_her_youth_her_fathers_house', 'installed_by', 'likening_both_ways', 'placement_after_the_calendar', 'the_line', 'the_receipt', 'the_register_gate', 'two_kinds_of_ki']
   law_vows                     asks []  kinds ['affliction_oath_case', 'betrothed_vow_case', 'daughters_vow_case', 'mans_vow_case', 'statutes_case', 'vow_heard', 'vow_restrained', 'vow_uttered', 'vows_law_spoken', 'widows_vow_case', 'wifes_vow_case']
   DATA keys (25): ['affliction_scope', 'annul_before_effect', 'annul_by_messenger', 'annul_in_advance', 'annul_on_sabbath', 'annulment_in_the_heart', 'annulment_reach', 'betrothed_authority', 'confirmation_dissolved', 'divorce_as', 'fathers_scope', 'hearing_of_the_law', 'hearing_required', 'konam_measure', 'measure_of_good_ratio', 'oath_by_the_heart', 'partial_annulment', 'sage_release', 'share_or_weaken', 'substitutes_source', 'vow_ages', 'vow_support_base', 'vower_a_sinner', 'widows_vow_timing', 'yavam_annuls']
   imports: ['cold_run_moadim', 'cold_run_musafim', 'cold_run_naso', 'cold_run_priesthood', 'cold_run_vayikra5']
   lines with 'Aaron'           : 3  e.g. ['\'vow_support_base\': {\'value\': \'vowed_thing_only\', \'settings\': {\'vowed_thing_only\': "\'when a man vows a vow\' (30:3) — a vow takes effect by association with a thing forbid', "move('Nedarim 14a:5, 13a:2; Mishnah Nedarim 2:1 (13b:7)', 'a vow takes effect by association with a thing forbidden BY A VOW (an offering, a konam); by a Torah-forbidden "]
   lines with 'assembly'        : 2  e.g. ['\'annul_by_messenger\': {\'value\': \'husband_alone\', \'settings\': {\'husband_alone\': "R. Yoshiyah: \'her husband confirms, her husband annuls\' (30:14) — the doubled \'her husband', 'ink(\'30:2\', \'"to the heads of the tribes" — %d Bible seats (Solomon\\\'s assembly the other two), "TO the heads" one (computed)\' % len(HEADS))']
   lines with 'installed_by'    : 5  e.g. ['move(\'Bava Batra 120b:1\', \'the vows\\\' law in ALL generations by the verbal analogy "this" / "this" with Lev 17:2 — against 36:6\\\'s "this generation": the relayed statute ', "if ask == 'installed_by':"]

==== (3) THE KINDS ON FILE touching the chapter's matter ====
  kinds 1133, effects 1031
    aaron_brought_up_mount_hor                   form act      Aaron brought up Mount Hor — 'take Aaron and Eleazar his son and bring them up Mount Hor; and strip 
    aaron_mourned_thirty_days                    form act      Aaron mourned thirty days — 'and all the congregation saw that Aaron had expired, and they wept for 
    aarons_gathering_decreed                     form speech   Aaron's gathering decreed — 'and the LORD said to Moses and to Aaron at Mount Hor at the border of t
    aarons_staff_kept                            form act      Aaron's staff kept — 'and the LORD said to Moses: return Aaron's staff before the testimony for a ke
    abomination_barred                           form statute  the abomination barred — 'THE GRAVEN IMAGES OF THEIR GODS YOU SHALL BURN WITH FIRE; you shall not co
    altar_fire_tended                            form case     the altar's fire tended — 'this is the law of the burnt offering: it is the burnt offering on its py
    anger_burned                                 form act      anger burned — 'and Cain was very angry, and his face fell'
    ascent_barred                                form case     the mountain closed for the ascent — 'and no man shall go up with you, nor let any man be seen in al
    attributes_proclaimed_at_sinai               form speech   the attributes proclaimed — 'and the LORD passed before him and proclaimed: the LORD, the LORD, God 
    balak_protested_second                       form speech   Balak protested the second time — 'and Balak said to Balaam: neither curse him at all nor bless him 
    bird_offering_brought                        form case     a bird burnt offering brought — 'and if his offering to the LORD is a burnt offering of birds', 'and
    blood_eaten                                  form case     blood eaten — 'and you shall eat no blood in all your dwellings, of fowl or of beast' and 'whatever 
    blood_required                               form speech   blood required — 'your blood of your lives I will require': the Noahide court and Heaven's docket (9
    blotting_sworn                               form speech   the blotting sworn — 'write this a memorial in the book ... for I will surely blot out the memory of
    bribe_offered                                form case     a bribe offered to the judge — the clauses 'you shall not pervert the judgment of your needy in his 
    bull_offered                                 form act      the bull offered — the sin-offering bull slaughtered, its blood on the altar's horns with the finger
    calf_destroyed                               form act      the calf destroyed in four verbs — 'and he took the calf which they had made and burned it in fire a
    calf_made                                    form act      the molten calf made — 'and he took from their hand and fashioned it with a graving tool and made it
    calf_prepared                                form act      the calf prepared — 'and Abraham ran to the herd and took a calf tender and good and gave it to the 
    censers_offered_at_the_tent                  form act      the censers offered at the tent — 'and they took each his censer and put fire on them and put incens
    congregation_murmured_you_killed             form act      the congregation murmured 'you have killed' — 'and all the congregation of the children of Israel mu
    consecrated_redeemed                         form case     a consecrated thing redeemed — 'and if he redeems it, he shall add its fifth to the valuation', 'and
    covenant_blood_thrown                        form act      the covenant's blood thrown — 'and Moses took half the blood and put it in basins, and half the bloo
    covenant_cut_at_sinai                        form speech   the covenant cut at Sinai — 'and He said: behold I cut a covenant, before all your people I will do 
    covenant_cut_between_men                     form act      a covenant cut between men — 'and they rose early in the morning and swore each to his brother, and 
    covenant_cut_with_abram                      form act      the covenant cut with Abram — 'on that day the LORD cut a covenant with Abram saying: to your seed I
    covenant_offered                             form speech   the covenant offered — 'if you will surely hear My voice and keep My covenant, you shall be to Me a 
    daughters_offered                            form speech   the daughters offered — 'behold now, I have two daughters who have not known a man; let me bring the
    decree_case                                  form case     the exam's rows on the decree (Num 14:1-45 — that night, the congregation of ten, the census set, th
    decree_declared                              form speech   the decree declared — 'say to them: as I live, says the LORD, surely as you have spoken in My ears, 
    decree_issued                                form speech   a decree issued — the king's word to the midwives (1:16) and to all his people (1:22); Sotah 12a:8's
    decree_of_the_reprieve                       form speech   the decree of a hundred and twenty years — 'and the LORD said: My spirit shall not abide in man fore
    decree_of_the_sojourn                        form speech   the decree of four hundred years — 'know surely that your seed shall be a stranger in a land not the
    decree_refused                               form act      the decree refused — 'and the midwives feared God and did not do as the king of Egypt spoke, and the
    descent_barred                               form speech   the descent barred — 'and the LORD appeared to him and said: do not go down to Egypt; dwell in the l
    descent_commanded                            form speech   the descent commanded — 'and Jacob saw that there was grain in Egypt, and Jacob said to his sons: wh
    descent_refused                              form speech   the descent refused — 'and he said: my son shall not go down with you, for his brother is dead, and 
    descent_urged                                form speech   the descent urged — 'hurry, and go up to my father, and say to him: thus says your son Joseph: God h
    divination_claimed                           form speech   divination claimed — 'is not this that from which my lord drinks, and by which he surely divines?' (
    divination_confessed                         form speech   the divination confessed — 'and Laban said to him: if now I have found favor in your eyes — I have d
    elders_ascended                              form act      the elders ascended — 'come up to the LORD, you and Aaron, Nadab and Abihu, and seventy of the elder
    elders_came_with_divinations                 form act      the elders came with divinations — 'and the elders of Moab and the elders of Midian went with divina
    end_decreed                                  form speech   the end decreed — 'and God said to Noah: the end of all flesh has come before Me, for the earth is f
    fire_consumed_the_two_hundred_fifty          form act      the fire on the two hundred and fifty — 'and fire went out from with the LORD and consumed the two h
    fire_descended                               form act      fire descended — fire comes out from before the LORD and consumes the burnt offering and the fats on
    fire_of_the_lord_burned                      form act      the fire of the LORD burned — 'and the people were as murmurers, evil in the ears of the LORD; and t
    fire_rained                                  form act      fire rained — 'the sun had risen over the earth when Lot came to Zoar; and the LORD rained on Sodom 
    fire_spread                                  form case     a fire spread — the case clause 'when fire goes out and finds thorns and a stack or the standing gra
    first_offerings_brought                      form act      the first offerings brought — 'and Cain brought of the fruit of the ground an offering to the LORD' 
    firstborn_death_decreed                      form speech   the firstborn's death decreed — 'My son, My firstborn, Israel' (4:22); 'behold I kill your son, your
    firstborn_redeemed                           form act      the firstborn redeemed — 'and Moses took the redemption money from those who exceeded the redeemed o
    formed_from_dust                             form act      formed from dust — 'and the LORD God formed the man of dust from the ground and breathed into his no
    game_blood_poured                            form case     a hunted beast's or bird's blood poured out — 'who hunts a catch of wild animal or bird which may be
    garments_transferred_and_aaron_died          form act      the garments transferred and Aaron died — 'and Moses stripped Aaron of his garments and put them on 
    guilt_offering_brought                       form case     a guilt offering brought — 'and this is the law of the guilt offering: it is most holy', 'and he sha
    hagar_offered                                form speech   Hagar offered — 'and Sarai said to Abram: behold now, the LORD has restrained me from bearing; go in
    hated                                        form act      hated — 'and his brothers saw that their father loved him more than all his brothers, and they hated
    honesty_pleaded                              form speech   honesty pleaded — 'no, my lord; your servants have come to buy food; we are all sons of one man; we 
    horeb_case                                   form case     the exam's rows on chapter 4 (Deut 4:1-49 — bal tosif: Rosh Hashanah 28b:8-24, Eruvin 95b:19-96a:11,
    horeb_covenant_case                          form case     the exam's rows on chapter 5 (Deut 5:1-33 — the second word: Mishnah Sanhedrin 7:6, Sanhedrin 60b; t
    horeb_departure_commanded                    form speech   the departure from Horeb commanded — 'the LORD our God spoke to us in Horeb, saying: you have dwelt 
    hospitality_offered                          form speech   hospitality offered — 'my lord, if now I have found favor in your eyes, pass not away, I pray, from 
    incense_burned                               form act      the incense burned — incense of spices burned on the golden altar
    inheritance_crossed_tribes                   form case     an inheritance crossed tribes — the exam's case on THE TRANSFER BAR and its REACH (Num 36:3-9): an h
    israel_pleaded_the_highway                   form speech   Israel pleaded the highway — 'and the children of Israel said to him: by the highway we will go up, 
    joshua_and_caleb_pleaded                     form speech   Joshua and Caleb pleaded — 'and Moses and Aaron fell on their faces before all the assembly of the c
    judah_pleaded                                form speech   Judah pleaded — 'and Judah drew near to him and said: please, my lord, let your servant speak a word
    killed                                       form act      killed — 'and it was, when they were in the field, that Cain rose up against Abel his brother and ki
    killer_case                                  form case     the exam's rows on the murderer and the manslayer (Num 35:11-28 — Mishnah Makkot 2:1-3 with Makkot 7
    king_pleaded                                 form speech   the king pleaded — 'Lord, will You slay even a righteous nation? did he not say to me: she is my sis
    leper_offering_brought                       form case     the leper's offering brought on the eighth day — 'and on the eighth day he shall take two lambs with
    levites_counted_second                       form act      the Levites counted the second time — 'and these are the counted of the Levites by their families: o
    little_city_pleaded                          form speech   the little city pleaded — 'oh, not so, my lord; behold now, your servant has found favor in your eye
    lord_descended                               form act      the LORD descended — 'because the LORD descended on it in fire' (19:18); 'and the LORD descended on 
    maid_offered                                 form speech   a maid offered — 'and she said: behold my maid Bilhah; go in to her, that she may bear on my knees a
    maidservant_lain_with                        form case     a designated maidservant lain with — the case head 'and a man, when he lies with a woman with seed, 
    meal_offering_brought                        form case     a meal offering brought — 'and when a soul brings a meal offering to the LORD', 'and when you bring 
    meal_offering_leavened                       form case     a meal offering leavened — 'any meal offering that you bring to the LORD shall not be made leavened'
    milluim_blood_sprinkled                      form act      the installation blood sprinkled (UNIFIED at W3 with the investiture daemon's garments_sprinkled — o
    moses_and_aaron_fell_and_the_glory           form act      Moses and Aaron fell and the glory appeared — 'and Moses and Aaron came from before the assembly to 
    moses_and_aaron_pleaded                      form speech   Moses and Aaron pleaded — 'and they fell on their faces and said: O God, God of the spirits of all f
    moses_ascended                               form act      Moses ascended for forty days — 'and Moses came into the cloud and went up the mountain, and Moses w
    moses_interceded                             form speech   Moses interceded — 'and Moses beseeched the face of the LORD his God' and 'and now, if You will forg
    moses_pleaded_on_the_attributes              form speech   Moses pleaded on the attributes — 'and the LORD said to Moses: how long will this people scorn Me...
    moses_told_to_ascend_abarim                  form speech   Moses told to ascend Abarim — 'and the LORD said to Moses: go up to this mountain of Abarim and SEE 
    nations_devoted                              form statute  the seven nations devoted — 'WHEN THE LORD YOUR GOD BRINGS YOU INTO THE LAND … and clears away many 
    neighbor_endangered                          form case     a neighbor endangered, misled, hated, or loved — 'before the blind you shall not put a stumbling blo
    offered_on_altar                             form case     an offering brought up on the altar — the clause 'and you shall sacrifice on it your burnt offerings
    offering_brought                             form act      the offering brought — the freewill offering still brought morning by morning (two mornings, Tanchum
    offering_commanded                           form speech   the offering commanded — 'take now your son, your only one, whom you love, Isaac, and go to the land
    offering_done                                form act      an offering done — the eighth day's offerings run 'as prescribed' against the spec engines (the calf
    offering_slaughtered                         form case     an offering slaughtered — the span's head 'when a man of you brings an offering to the LORD' and its
    offering_slaughtered_outside                 form case     an offering slaughtered or raised outside — the chapter's head 'a man, a man of the house of Israel 
    offering_slaughtered_over_leaven             form case     My offering slaughtered over leaven — 'you shall not slaughter the blood of My offering over leaven,
    offering_vowed                               form case     an offering vowed or given freely — the head 'a man, a man of the house of Israel and of the strange
    offerings_calendar_commanded                 form speech   the offerings calendar commanded — ONE speech, 28:1 to 29:39 (the register's one verb; 30:1 the clos
    olah_offered                                 form act      burnt offerings offered — 'and he took of every clean beast and of every clean fowl and offered burn
    pardoned_and_decreed                         form speech   pardoned, and the decree's rider — 'and the LORD said: I have pardoned according to your word; but a
    paschal_offered                              form case     the Passover offered between the evenings — 'in the first month, on the fourteenth of the month, bet
    people_confessed_and_moses_prayed            form speech   the people confessed and Moses prayed — 'and the people came to Moses and said: we have sinned, for 
    platform_offering_brought                    form case     an offering brought on a platform or at the door — 'which they sacrifice on the face of the field, a
    pleaded_for_the_righteous                    form speech   pleaded for the righteous — 'and Abraham drew near and said: will You indeed sweep away the righteou
    pledge_of_sons_offered                       form speech   a pledge of sons offered — 'and Reuben said to his father, saying: my two sons you may kill if I do 
    prayed                                       form act      prayed — 'and Abraham prayed to God' (20:17 — the Torah's first 'and he prayed'); 'and Isaac entreat
    profanation_begun                            form act      the profanation begun — 'then it was begun to call on the name of the LORD' — the agentless clause a
    purification_offering_brought                form case     the birthing mother's offering brought — 'and when the days of her purity are fulfilled, for a son o
    quail_and_plague                             form act      the quail and the plague — 'and a wind went out from the LORD and brought quail from the sea and let
    quail_case                                   form case     the exam's rows on Taberah, the lust and the quail (Num 11:1-15, 11:31-35 — the murmurers, the five 
    rash_sentence_offered                        form speech   a rash sentence offered — 'with whomever of your servants it be found, let him die, and we also will
    redeemed_by_deduction                        form case     the slave redeemed by deduction — the maidservant's clause 'and he shall let her be redeemed' applie
    second_census_commanded                      form speech   the second census commanded — 'and it was after the plague; and the LORD said to Moses and to Eleaza
    second_census_taken                          form act      the second census taken — the roll by families with its twelve counts: 'Reuben the firstborn of Isra
    second_parable_taken_up                      form speech   the second parable taken up — 'and he took up his parable and said: rise, Balak, and hear; give ear 
    second_passover_kept                         form case     the second Passover kept — the exam's case on the scope: 'in the second month, on the fourteenth day
    second_year_came                             form act      the second year came — 'and that year ended, and they came to him the second year and said to him: w
    servants_told                                form act      the servants told — 'and Abimelech rose early in the morning and called all his servants and told al
    seven_nations_case                           form case     the exam's rows on chapter 7 (Deut 7:1-26 — the three readings of 'show them no favor': Avodah Zarah
    sin_offering_designated                      form case     a sin offering designated — 'and he shall bring his offering, a she-goat without blemish, a female, 
    sin_offering_inquired                        form case     the sin offering inquired after — 'and the goat of the sin offering Moses diligently inquired, and b
    sodom_wicked                                 form act      Sodom wicked — the narrator's verdict clause, the Mishnah's own proof-text (Sanhedrin 10:3): 'and th
    sons_words_heard                             form act      the sons' words heard — 'and he heard the words of Laban's sons, saying: Jacob has taken all that wa
    spies_case                                   form case     the exam's rows on the spies (Num 13:1-33 — send for yourself, the names, the questionnaire, Hebron 
    spies_charged                                form speech   charged as spies — 'you are spies! to see the nakedness of the land you have come' (42:9), 'no, for 
    spies_commanded                              form speech   the spies commanded — 'send for yourself men that they may spy out the land of Canaan which I give t
    spies_instructed                             form speech   the questionnaire — 'go up this way by the south and go up into the mountain; and see the land, what
    spies_returned                               form act      the spies returned — 'and they returned from spying out the land at the end of forty days; and they 
    spies_sent                                   form act      the spies sent — 'and Moses sent them from the wilderness of Paran by the mouth of the LORD, all of 
    spies_went_up                                form act      the spies went up — 'and they went up and spied out the land from the wilderness of Zin to Rehob, to
    strange_input_offered                        form case     a strange input offered on the golden altar — 'you shall not offer on it strange incense, nor a burn
    stranger_approached                          form case     a stranger approached the service — the exam's case on THE CLAUSE 'and the stranger who approaches s
    stranger_case                                form case     the exam's rows on the stranger (Num 15:14-16 — the convert's entry by circumcision, immersion and b
    stranger_service_case                        form case     the exam's rows on the stranger who served (Num 18:4, 18:7 with 17:5 and 17:28 — the warning and the
    stranger_wronged                             form case     a stranger, widow, or orphan wronged — the clauses 'and a stranger you shall not wrong nor oppress',
    surety_offered                               form speech   surety offered — 'and Judah said to Israel his father: send the lad with me, and we will arise and g
    tablets_broken                               form act      the tablets broken — 'and it was when he came near the camp and saw the calf and the dancing, Moses'
    tablets_given                                form act      the tablets given — 'and he wrote them on two tablets of stone' (Deut 4:13, the tablets PLENE — 4:13
    taken_to_pisgah_second_stand                 form act      taken to the field of Zophim at the top of Pisgah — the second stand — 'and Balak said to him: come 
    tamid_offered                                form act      the daily offering offered — the burnt offering and the meal offering offered on the altar at the do
    ten_spies_died_by_plague                     form act      the ten spies died by the plague — 'and the men whom Moses sent to spy out the land, who returned an
    ten_words_declared                           form speech   the ten words declared — 'the day you stood before the LORD your God at Horeb … and you came near an
    the_lord_met_balaam_second                   form act      the LORD met Balaam the second time — 'and the LORD met Balaam and put a word in his mouth and said:
    tribes_offered_to_arm                        form speech   the offer — 'and they drew near to him and said: folds for our cattle we will build here, and cities
    watch_given_to_aaron                         form speech   the watch given to Aaron — 'and the LORD said to Aaron: you and your sons and your father's house wi
    wickedness_seen                              form act      the wickedness seen — 'and the LORD saw that the wickedness of man was great on the earth' (6:5); 'a
    word_came                                    form speech   the word came — 'after these things the word of the LORD came to Abram in a vision saying: fear not,
    words_told                                   form act      the words told — 'and the words of Esau her elder son were told to Rebekah; and she sent and called 
    youths_offered                               form act      the youths offered — 'and he sent the youths of the children of Israel, and they offered burnt offer
  effects touching the matter:
    amalek_to_be_blotted                     heaven   Amalek to be blotted — the HEAVEN entry the oath writes on Amalek: 'write this a memorial in the book ... for 
    ascent_to_bethel_owed                    debit    the ascent to Bethel owed — the DEBIT the command writes on Jacob: 'arise, go up to Bethel and dwell there' (3
    assembly_of_nations_promised             heaven   an assembly of nations promised — the HEAVEN entry the blessing writes on Jacob: 'be fruitful and multiply — a
    azkarah_to_fire                          heaven   the memorial goes to the fire — the fistful (and all the frankincense) burned on the altar as the offering's m
    beast_killed                             destroy  the beast killed — the animal partner's own docket entry: it dies because the stumbling came through it, and s
    blessed_by_the_sword                     heaven   blessed by the sword — the HEAVEN entry the anti-blessing writes on Esau: 'behold, of the fat places of the ea
    blessing_of_abraham_given                heaven   the blessing of Abraham given — the HEAVEN entry the send-off writes on Jacob: 'and may God Almighty bless you
    blood_of_purity                          timer    sits in the blood of purity — the TIMER on the birthing mother after her seven or fourteen: thirty-three or si
    blood_on_extremities                     body     blood on the extremities — the BODY act of the installation ram: the blood put on the ridge of the right ear, 
    blood_reckoned                           status   blood reckoned to him — the outside slaughterer is charged as a shedder of blood: the status entry that preced
    blood_required                           heaven   blood required — the HEAVEN entry the reckoning clause opens on the shedder: 'and surely your blood of your li
    bloods_cry                               heaven   the bloods cry — the HEAVEN entry the question writes on Cain: 'the voice of your brother's bloods cries to Me
    blotted_from_the_book                    heaven   blotted from the book — the HEAVEN entry the registry refuses to transfer: 'whoever has sinned against Me, him
    bodies_and_ground_offered                status   bodies and ground offered — the STATUS the second year writes on Egypt: 'and that year ended, and they came to
    bound_to_the_word                        status   bound to the word — the STATUS the word-formula writes on Balaam at its six seats: 'only the word that I speak
    burn_remainder                           transfer burn what remains — the leftover leaves the world by fire; a duty on the object's holder
    burned_by_court                          body     burned by the court — the capital docket entry in the burning mode: the one mode the span names by its own ver
    burned_in_fire                           destroy  burned in fire — the malignant garment's destruction, with the benefit ban riding it
    burned_outside_camp                      destroy  burned outside the camp — the inner sin offering's carcass (skin, flesh, head, legs, innards, dung) carried ou
    carcasses_fall_in_the_wilderness         timer    the carcasses fall in the wilderness — the TIMER the decree writes on the generation: 'and your sons shall be 
    conspired_to_kill                        status   conspired to kill — the STATUS the sighting writes on the sons: 'and they saw him from afar, and before he dre
    covenant_cut                             status   the covenant cut — the STATUS the covenant clause writes on the community: 'behold I cut a covenant before all
    daughters_offered                        status   the daughters offered — the STATUS the vile offer writes on Lot: 'behold now, I have two daughters who have no
    death_and_slavery_offered                status   death and slavery offered — the STATUS the rash sentence writes on the sons: 'with whomever of your servants i
    death_decreed_over_the_woman             heaven   death decreed over the woman — the HEAVEN entry the dream writes on Abimelech: 'behold, you are a dead man bec
    decree_issued                            debit    a decree issued — the DEBIT the king's word lays on its addressee (the midwives at 1:16; all his people at 1:2
    decree_relented                          heaven   the decree relented — the HEAVEN entry the intercession wins: 'and the LORD relented of the evil which He had 
    dedication_offered                       status   the dedication offered — the STATUS each prince's day writes on him with HIS DAY and his offering's numbers: '
    deliverance_prayed                       status   deliverance prayed — the STATUS the prayer writes on Jacob: 'deliver me, I pray, from the hand of my brother, 
    descended_on_the_mountain                status   descended on the mountain — the STATUS the descent writes on the mountain: 'and the LORD descended on Mount Si
    descended_to_see                         status   descended to see — the STATUS the descent writes on the city and tower: 'and the LORD came down to see the cit
    descent_commanded                        status   the descent commanded — the STATUS the father's word writes on the sons: 'why do you look at one another?' (42
    descent_refused                          status   the descent refused — the STATUS the refusal writes on Jacob: 'my son shall not go down with you, for his brot
    descent_to_egypt_barred                  block    the descent to Egypt barred — the BLOCK the appearance writes on Isaac: 'do not go down to Egypt; dwell in the
    destroyed                                body     utterly destroyed — the idolatrous sacrificer's ban
    dispatched_to_wilderness                 transfer dispatched to the wilderness — the transfer entry: the ledger's iniquities loaded on the bearer and carried to
    divination_claimed                       status   divination claimed — the STATUS the ruse writes on Joseph: 'is not this that from which my lord drinks, and by
    earth_corrupted                          status   the earth corrupted — the STATUS the inspection writes on the earth: 'and the earth was corrupt before God, an
    embalming_forty_days                     timer    the embalming's forty days — the TIMER the physicians' work sets on Jacob: 'and Joseph commanded his servants 
    fire_from_before_the_lord                status   fire from before the LORD — the STATUS written on the altar when the new fire descends and consumes the burnt 
    fire_sank                                status   the fire sank — the STATUS Taberah writes on Israel: 'the fire of the LORD burned among them and consumed at t
    firstborn_death_decreed                  heaven   the firstborn's death decreed — the HEAVEN entry the threat writes on Pharaoh: 'behold I kill your son, your f
    funeral_ascended                         status   the funeral ascended — the STATUS the procession writes on the sons: 'and Joseph went up to bury his father, a
    garments_inherited                       status   the garments inherited — the STATUS the succession clause writes on the office: 'the holy garments of Aaron sh
    given_to_aaron                           status   given to Aaron — the STATUS on the tribe of Levi: 'and you shall give the Levites to Aaron and his sons: GIVEN
    great_nation_promised                    heaven   a great nation promised — the HEAVEN entry the call's ladder writes on Abram: 'and I will make you a great nat
    has_blood                                status   has blood — the STATUS on the thief found in the tunnel: 'he has no blood' (22:1 — his killer is clear; the th
    hated                                    status   hated — the STATUS the brothers' seeing writes on them, thrice: 'and they hated him, and could not speak to hi
    hated_seen                               status   the hatred seen — the STATUS the seeing writes on Leah: 'and the LORD saw that Leah was hated, and He opened h
    heave_offering_given                     transfer the heave-offering given — the TRANSFER the tribute's delivery writes on Eleazar the priest, the tribute its c
    honesty_pleaded                          status   honesty pleaded — the STATUS the defense writes on the sons: 'we are all sons of one man; we are honest; your 
    house_abomination_barred                 block    the abomination barred from the house — the BLOCK the chapter's third line writes on Israel: 'and you shall no
    idolatry_begun                           status   idolatry begun — the STATUS the agentless clause writes on Enosh's generation: 'then it was begun to call on t
    inheritance_barred                       block    an inheritance barred — the BLOCK on the priests and the Levites in the land's division: 'in their land you sh
    inheritance_questioned                   status   the inheritance questioned — the STATUS the wives' answer writes on Rachel and Leah: 'have we still a portion 
    inheritance_stayed_in_tribe              status   the inheritance stayed in the tribe — the STATUS the execution writes on the heiresses who married within: 'an
    integrity_pleaded                        status   integrity pleaded — the STATUS the king's plea writes on Abimelech: 'Lord, will You slay even a righteous nati
    kill_intent_after_the_mourning           heaven   the kill intent after the mourning — the HEAVEN entry the heart's speech writes on Esau: 'and Esau said in his
    land_polluted_by_blood                   status   the land polluted by blood — the STATUS shed blood writes ON THE LAND while the shedder stands unexecuted: 'yo
    launder_blood_spot                       status   launder the blood spot — the sprayed garment must be washed in the holy place
    maid_offered_as_wife                     status   a maid offered as a wife — the STATUS the offer writes on the mistress: Rachel 'behold my maid Bilhah; go in t
    mark_of_anger                            status   the mark of anger — the STATUS Zevachim 102a reads off 4:14's 'and the anger of the LORD burned against Moses'
    mercy_prayed                             status   mercy prayed — the STATUS the father's blessing writes on Jacob: 'and El Shaddai give you mercy before the man
    mohar_offered_unbounded                  status   the mohar offered without bound — the STATUS Shechem's blank check writes on him: 'multiply upon me exceedingl
    molten_image_barred                      block    a molten image barred — the BLOCK the covenant's clause writes on the maker: 'molten gods you shall not make f
    morning_prayer_founded                   status   the morning prayer founded — the STATUS the dawn return writes on Abraham: 'and Abraham rose early in the morn
    mountain_barred                          block    the mountain barred — the BLOCK the boundary writes on the people: 'guard yourselves against going up the moun
    nation_to_be_judged                      heaven   the nation to be judged — the HEAVEN entry the decree writes on the seed of Abraham: 'and also that nation who
    nations_driven_out                       transfer the nations driven out — the TRANSFER the covenant promises on the land: 'behold I drive out before you the Am
    oath_to_abraham_upheld                   status   the oath to Abraham upheld — the STATUS the promise's ground writes on Isaac: 'for to you and to your seed I w
    offered_burnt_and_sacrifices             status   offered a burnt offering and sacrifices — the STATUS on Jethro: 'and Jethro, Moses' father-in-law, took a burn
    offering_of_the_son_owed                 debit    the offering of the son owed — the DEBIT the command lays on Abraham: 'take now your son, your only one, whom 
    oil_on_the_blood                         body     the oil on the blood — the log's oil put on the right ear-lobe, thumb, and toe over the guilt offering's blood
    olah_offered                             status   burnt offerings offered — the STATUS the first offering on an altar writes on Noah: 'and he took of every clea
    perpetual_fire_duty                      timer    perpetual fire duty — a standing never-extinguish obligation on the altar, renewed every morning
    pledge_offered                           status   a pledge offered — the STATUS Reuben's pledge writes on him: 'my two sons you may kill if I do not bring him t
    prayed_for_abimelech                     status   prayed for Abimelech — the STATUS the Torah's first 'and he prayed' writes on Abraham: 'and Abraham prayed to 
    prayed_for_the_wife                      status   prayed for the wife — the STATUS the entreaty writes on Isaac: 'and Isaac entreated the LORD opposite his wife
    rebelled                                 status   rebelled — the STATUS the annal's clock writes on the five kings: 'twelve years they served Chedorlaomer, and 
    reckoned_righteousness                   status   reckoned as righteousness — the STATUS the faith clause writes on Abram: 'and he believed in the LORD, and He 
    redeem_or_break                          transfer redeem with a lamb, or break the neck — the donkey's fork, both arms effects
    redeemed                                 status   redeemed — the STATUS the run writes on the firstborn of Israel: 'the redemption of the three and the seventy 
    return_to_dust                           heaven   to return to dust — the HEAVEN entry the mortality clause writes on the man: 'until you return to the ground, 
    righteous_count_pleaded                  status   the righteous count pleaded — the STATUS the six pleas write on Abraham, the value the ladder [50, 45, 40, 30,
    righteousness_to_answer                  status   righteousness to answer — the STATUS the clause writes on Jacob: 'and my righteousness shall answer for me on 
    sacrifice_offered                        status   a sacrifice offered — the STATUS the Torah's first 'and he sacrificed a sacrifice' writes on Jacob: 'and Jacob
    scattered_among_nations                  transfer scattered among the nations — the TRANSFER entry on the PEOPLE entity: its location moves from the land to the
    second_passover_due                      debit    the second Passover due — the DEBIT the case law writes on one who was unclean by a corpse or on a distant way
    second_seven_owed                        debit    the second seven owed — the DEBIT the week's condition lays on Jacob toward Laban: 'for the service you shall 
    second_seven_service                     timer    the second seven years' service — the TIMER the second contract sets on Jacob, due seven years on from Rachel'
    seed_as_dust                             heaven   seed as the dust — the HEAVEN entry the measure writes on Abram: 'and I will make your seed as the dust of the
    sent_to_spy                              status   sent to spy — the STATUS the sending writes on the twelve: 'and Moses sent them from the wilderness of Paran b
    servants_feared                          status   the servants feared — the STATUS the morning report writes on Abimelech's house: 'and Abimelech rose early in 
    servants_to_pharaoh                      status   servants to Pharaoh — the STATUS the people's answer writes on Egypt: 'you have kept us alive; let us find fav
    slain_by_sword                           body     slain by the sword — the BODY act the Levites' order writes: 'put every man his sword on his thigh, pass and r
    sons_words_heard                         status   the sons' words heard — the STATUS the murmur writes on Jacob: 'and he heard the words of Laban's sons, saying
    sought_to_kill                           body     sought to kill — the BODY threat the king's pursuit writes on Moses: 'and he sought to kill Moses, and Moses f
    spied_forty_days                         timer    forty days of spying — the TIMER the sending writes on the twelve, due the sending's day plus forty: 'and they
    spies_charged                            status   charged as spies — the STATUS the accusation writes on the sons: 'you are spies! to see the nakedness of the l
    strange_offering_barred                  block    a strange offering barred — the BLOCK on the inner altar's input: 'you shall not offer on it strange incense, 
    stranger_barred                          block    stranger barred — the BLOCK on every non-priest, the priest's resident and hireling, and the impure priest unt
    substitution_offered                     status   substitution offered — the STATUS the speech's end writes on Judah: 'and now, let your servant stay instead of
    tablets_delivered                        transfer the tablets delivered — the TRANSFER of the written program into Moses' hand: 'and He gave to Moses, when He f
    to_be_redeemed                           heaven   to be redeemed — the third expression: 'and I will redeem you with an outstretched arm and with great judgment
    two_nations_in_the_womb                  heaven   two nations in the womb — the HEAVEN entry the oracle writes on Rebekah: 'two nations are in your womb, and tw
    waits_for_the_word                       body     waits for the word — the BODY entry the halt of a STANDING case writes on the persons: 'stand, and I will hear
    wickedness_great                         status   the wickedness great — the STATUS the inspection writes on humankind: 'and the LORD saw that the wickedness of
    word_kept                                status   the word kept — the STATUS the father's keeping writes on Jacob: 'and his brothers envied him, and his father 
    word_put_in_mouth                        heaven   a word put in the mouth — HEAVEN's entry on Balaam: 'and the LORD put a word in Balaam's mouth and said: retur
    words_told_to_rebekah                    status   the words told to Rebekah — the STATUS the leak writes on Rebekah: 'and the words of Esau her elder son were t
  a kind row whole (aarons_gathering_decreed): {'en': "Aaron's gathering decreed — 'and the LORD said to Moses and to Aaron at Mount Hor at the border of the land of Edom saying: Aaron shall be gathered to his people, for he shall not come into the land which I have given to the children of Israel, because you rebelled against My word at the waters of Meribah' (Num 20:23-24) — the frame to both; the sentence's execution notice; the command to bring them up (20:25-26)", 'he': 'וַיֹּאמֶר יְהוָה אֶל מֹשֶׁה וְאֶֽל אַהֲרֹן בְּהֹר הָהָר עַל גְּבוּל אֶֽרֶץ אֱדוֹם לֵאמֹֽר (and the LORD said to Moses and to Aaron at Mount Hor at the border of the l
  a kind row whole (ascent_barred): {'en': "the mountain closed for the ascent — 'and no man shall go up with you, nor let any man be seen in all the mountain, nor let the flock and herd graze before that mountain': the boundary of 19:12-13 restated for the second ascent with the graze clause its own — while the Presence rested the flock may not graze, when it departed 'they may go up': the place does not honor the man (Taanit 21b:4, R. Yosei)", 'he': 'וְאִישׁ לֹא יַעֲלֶה עִמָּךְ וְגַם אִישׁ אַל יֵרָא בְּכָל הָהָר (and no man shall go up with you, nor let any man be seen in all the mountain — Exod 34:3)', 'form': 'case', 'witnes
  a kind row whole (calf_destroyed): {'en': "the calf destroyed in four verbs — 'and he took the calf which they had made and burned it in fire and ground it until it was fine, and scattered it on the face of the water, and made the children of Israel drink': R. Yosei's grind-and-scatter against the sages' 'even so it becomes manure' (Mishnah Avodah Zarah 3:3), the fourth verb deciding the reading of the second and third — he intended only to TEST them like suspected wives, the calf no precedent for grinding (Avodah Zarah 44a:2), the sotah's rite at national scale (Num 5:24 by name), the water's dropsy for those with neither witn
  a kind row whole (calf_made): {'en': "the molten calf made — 'and he took from their hand and fashioned it with a graving tool and made it a molten calf, and they said: these are your gods, Israel, who brought you up from the land of Egypt' and its ban in the covenant 'molten gods you shall not make for yourself': the plural 'brought you up' — they desired many gods (Sanhedrin 63a:17; Avodah Zarah 53b:10), an Israelite's idol not forbidden until it is WORSHIPPED — made at 32:4, worshipped at 32:6 and 32:8 (Mishnah Avodah Zarah 4:4), the calf's own ban restated in the covenant (34:17 with Lev 19:4)", 'he': 'וַיַּעֲשֵׂהוּ עֵ
  a kind row whole (calf_prepared): {'en': "the calf prepared — 'and Abraham ran to the herd and took a calf tender and good and gave it to the lad, and he hastened to prepare it'", 'he': 'וְאֶל הַבָּקָר רָץ אַבְרָהָם וַיִּקַּח בֶּן בָּקָר רַךְ וָטוֹב (and Abraham ran to the herd and took a calf tender and good and gave it to the lad, and he hastened to prepare it — Gen 18:7)', 'form': 'act', 'witness': ['Gen 18:7 | ואל הבקר רץ אברהם ויקח בן בקר רך וטוב'], 'ink': 'Gen 18:7', 'corpus': 'gen_34_mamre_laugh_plea: take (agent avraham) at Gen 18:7', 'tape': 'submitted by cold_run_mamre.py [subjects: abraham]; re-submitted on the sequ
  a kind row whole (decree_case): {'en': "the exam's rows on the decree (Num 14:1-45 — that night, the congregation of ten, the census set, the deaths' end, the share, the ten's death, Caleb's portion, the presumption)", 'he': 'בַּמִּדְבָּר הַזֶּה יִפְּלוּ פִגְרֵיכֶם וְכָל פְּקֻדֵיכֶם לְכָל מִסְפַּרְכֶם מִבֶּן עֶשְׂרִים שָׁנָה וָמָעְלָה (in this wilderness your carcasses shall fall, and all your counted by all your number, from twenty years old and upward — Num 14:29)', 'form': 'case', 'witness': ['Num 14:29 | במדבר הזה יפלו פגריכם וכל פקדיכם לכל מספרכם מבן עשרים שנה ומעלה'], 'ink': "Num 14:1-45; Taanit 29a; Mishnah Ta'anit 4:
  a kind row whole (decree_declared): {'en': "the decree declared — 'say to them: as I live, says the LORD, surely as you have spoken in My ears, so I will do to you: in this wilderness your carcasses shall fall, and all your counted by all your number, from twenty years old and upward, who have murmured against Me; surely you shall not come into the land... save Caleb son of Jephunneh and Joshua son of Nun; but your little ones... I will bring in... and your sons shall be shepherds in the wilderness forty years... by the number of the days you spied out the land, forty days, a day for a year, a day for a year, you shall bear your
  a kind row whole (decree_issued): {'en': "a decree issued — the king's word to the midwives (1:16) and to all his people (1:22); Sotah 12a:8's three decrees", 'he': "אִם בֵּן הוּא וַהֲמִתֶּן אֹתוֹ (the king's word to the midwives — Exod 1:16)", 'form': 'speech', 'link': 'reference', 'reference_by': "the command verb with a decree's content at every seat", 'witness': ['Exod 1:16 | אם בן הוא והמתן אתו', 'Exod 1:22 | ויצו פרעה לכל עמו', 'Gen 26:11 | ויצו אבימלך את כל העם לאמר הנגע באיש הזה ובאשתו מות יומת'], 'ink': "Exod 1:16; Exod 1:22; Gen 26:11 (Abimelech's touch ban on pain of death — O8 S3)", 'corpus': 'exo_01_names_and_midw
  a kind row whole (decree_of_the_reprieve): {'en': "the decree of a hundred and twenty years — 'and the LORD said: My spirit shall not abide in man forever, for he too is flesh; and his days shall be a hundred and twenty years'", 'he': 'וַיֹּאמֶר יְהוָה לֹֽא יָדוֹן רוּחִי בָֽאָדָם לְעֹלָם (and the LORD said: My spirit shall not abide in man forever, for he too is flesh, and his days shall be a hundred and twenty years — Gen 6:3)', 'form': 'speech', 'witness': ['Gen 6:3 | ויאמר יהוה לא ידון רוחי באדם לעלם', 'Gen 6:3 | והיו ימיו מאה ועשרים שנה'], 'ink': 'Gen 6:3', 'corpus': 'gen_15_flood_prologue (STEP_Gn_6_3)', 'tape': 'submitted by cold
  a kind row whole (decree_of_the_sojourn): {'en': "the decree of four hundred years — 'know surely that your seed shall be a stranger in a land not theirs, and shall serve them, and they shall afflict them four hundred years' (15:13); 'and also that nation whom they shall serve I will judge, and afterward they shall go out with great substance' (15:14); 'and you shall go to your fathers in peace' (15:15); 'and in the fourth generation they shall return here' (15:16)", 'he': 'וַיֹּאמֶר לְאַבְרָם יָדֹעַ תֵּדַע כִּי גֵר יִהְיֶה זַרְעֲךָ בְּאֶרֶץ לֹא לָהֶם וַעֲבָדוּם וְעִנּוּ אֹתָם אַרְבַּע מֵאוֹת שָׁנָֽה (know surely that your seed shall 
  a kind row whole (decree_refused): {'en': "the decree refused — 'and the midwives feared God and did not do as the king of Egypt spoke, and they kept the children alive'", 'he': 'וְלֹא עָשׂוּ כַּאֲשֶׁר דִּבֶּר אֲלֵיהֶן מֶלֶךְ מִצְרָיִם (and the midwives feared God and did not do as the king of Egypt spoke, and they kept the children alive — Exod 1:17)', 'form': 'act', 'witness': ['Exod 1:17 | ולא עשו כאשר דבר אליהן מלך מצרים'], 'ink': 'Exod 1:17', 'corpus': 'exo_01_names_and_midwives (STEP_Ex_1_17)', 'tape': 'submitted by cold_run_exodus_story.py [subjects: the-midwives]; re-submitted on the sequential tape by cold_run_sequence
  a kind row whole (elders_ascended): {'en': "the elders ascended — 'come up to the LORD, you and Aaron, Nadab and Abihu, and seventy of the elders of Israel', 'and Moses went up, and Aaron, Nadab and Abihu, and seventy of the elders of Israel': the elders unnamed — every three who stand as a court over Israel are as the court of Moses (Mishnah Rosh Hashanah 2:9, R. Dosa b. Harkinas); the seventy at their two seats and at Num 11:16", 'he': 'עֲלֵה אֶל יְהוָה אַתָּה וְאַהֲרֹן נָדָב וַאֲבִיהוּא וְשִׁבְעִים מִזִּקְנֵי יִשְׂרָאֵל (come up to the LORD, you and Aaron, Nadab and Abihu, and seventy of the elders of Israel — Exod 24:1); וַי
  a kind row whole (end_decreed): {'en': "the end decreed — 'and God said to Noah: the end of all flesh has come before Me, for the earth is filled with violence through them; and behold, I will destroy them with the earth'", 'he': 'וַיֹּאמֶר אֱלֹהִים לְנֹחַ קֵץ כָּל בָּשָׂר בָּא לְפָנַי (and God said to Noah: the end of all flesh has come before Me, for the earth is filled with violence through them, and behold, I will destroy them with the earth — Gen 6:13)', 'form': 'speech', 'witness': ['Gen 6:13 | ויאמר אלהים לנח קץ כל בשר בא לפני'], 'ink': 'Gen 6:13', 'corpus': 'gen_16_ark_spec (STEP_Gn_6_13)', 'tape': 'submitted by cold
  a kind row whole (firstborn_death_decreed): {'en': "the firstborn's death decreed — 'My son, My firstborn, Israel' (4:22); 'behold I kill your son, your firstborn' (4:23)", 'he': 'בְּנִי בְכֹרִי יִשְׂרָאֵֽל (My son, My firstborn, Israel — Exod 4:22)', 'form': 'speech', 'witness': ['Exod 4:22 | בני בכרי ישראל', 'Exod 4:23 | הנה אנכי הרג את בנך בכרך'], 'ink': 'Exod 4:22-23', 'corpus': 'exo_04_signs_and_firstborn (STEP_Ex_4_22); exo_04_signs_and_firstborn (STEP_Ex_4_23)', 'tape': 'submitted by cold_run_exodus_story.py [subjects: pharaoh]; re-submitted on the sequential tape by cold_run_sequence.py; consumed by law_exodus_story (cold_run_ex
  a kind row whole (moses_ascended): {'en': "Moses ascended for forty days — 'and Moses came into the cloud and went up the mountain, and Moses was on the mountain forty days and forty nights' and at the second ascent 'and he was there with the LORD forty days and forty nights, bread he did not eat and water he did not drink, and he wrote on the tablets the words of the covenant, the ten words': the tablets as a TIMER of forty days from the ascent — the first ascent's tablets given when He finished speaking (31:18) and broken the same day of descent (32:19), the seventeenth of Tammuz computed from 24:16's seventh day plus the for
  a kind row whole (moses_interceded): {'en': "Moses interceded — 'and Moses beseeched the face of the LORD his God' and 'and now, if You will forgive their sin — and if not, blot me, I pray, from Your book which You have written': the decree restrained by prayer — 'let Me alone' revealing that prayer holds it (Berakhot 32a:16), the vow-annulment law applied to the decree — 'vayechal' here, 'he shall not profane his word' there (Berakhot 32a:19, Rava), the oath by His name endures (32a:24), 'and the LORD relented of the evil' (32:14); the confession specifying the sin — 'this people has sinned a great sin, and they made themselves 
  a kind row whole (moses_told_to_ascend_abarim): {'en': "Moses told to ascend Abarim — 'and the LORD said to Moses: go up to this mountain of Abarim and SEE THE LAND which I have given to the children of Israel; and when you have seen it, you also shall be gathered to your people, as Aaron your brother was gathered; because you rebelled against My word in the wilderness of Zin, in the strife of the congregation, to sanctify Me at the waters before their eyes — these are the waters of Meribah of Kadesh in the wilderness of Zin' (Num 27:12-14) — ONE DEBIT on Moses (commanded, the value see_the_land_from_abarim) OPEN BY DESIGN to its run at Deu
  a kind row whole (pardoned_and_decreed): {'en': "pardoned, and the decree's rider — 'and the LORD said: I have pardoned according to your word; but as I live, and all the earth shall be filled with the glory of the LORD: all the men who have seen My glory and My signs... and have tried Me these ten times... shall not see the land which I swore to their fathers; but My servant Caleb, because another spirit was with him and he followed Me fully, him I will bring into the land where he went, and his seed shall possess it; and the Amalekite and the Canaanite dwell in the valley: tomorrow turn and journey into the wilderness by the way of
  a kind row whole (people_confessed_and_moses_prayed): {'en': "the people confessed and Moses prayed — 'and the people came to Moses and said: we have sinned, for we spoke against the LORD and against you; pray to the LORD that He remove the serpent from us; and Moses prayed for the people' (Num 21:7) — 11:2's verb; Onkelos 'prayed'; the serpent singular after the plural", 'he': 'וַיָּבֹא הָעָם אֶל מֹשֶׁה וַיֹּאמְרוּ חָטָאנוּ כִּֽי דִבַּרְנוּ בַֽיהוָה וָבָךְ הִתְפַּלֵּל אֶל יְהוָה וְיָסֵר מֵעָלֵינוּ אֶת הַנָּחָשׁ וַיִּתְפַּלֵּל מֹשֶׁה בְּעַד הָעָֽם (and the people came to Moses and said: we have sinned, for we spoke against the LORD and against yo
  a kind row whole (prayed): {'en': "prayed — 'and Abraham prayed to God' (20:17 — the Torah's first 'and he prayed'); 'and Isaac entreated the LORD opposite his wife, for she was barren, and the LORD was entreated of him' (25:21)", 'he': 'וַיִּתְפַּלֵּל אַבְרָהָם אֶל הָאֱלֹהִים (and Abraham prayed to God — Gen 20:17)', 'form': 'act', 'link': 'reference', 'reference_by': "the two prayer verbs the tradition reads together: 'prayed' (20:17) and 'entreated' (25:21 — Bereshit Rabbah 63:5 on the digging verb)", 'witness': ['Gen 20:17 | ויתפלל אברהם אל האלהים', 'Gen 25:21 | ויעתר יצחק ליהוה לנכח אשתו כי עקרה הוא', 'Gen 32:10 | 
  a kind row whole (quail_and_plague): {'en': "the quail and the plague — 'and a wind went out from the LORD and brought quail from the sea and let them fall by the camp, about a day's journey on this side and a day's journey on that side round about the camp, and about two cubits above the face of the earth; and the people rose all that day and all the night and all the next day and gathered the quail — he who gathered least gathered ten homers... the flesh was yet between their teeth, before it was chewed, and the anger of the LORD burned against the people, and the LORD struck the people with a very great blow; and he called the
  a kind row whole (quail_case): {'en': "the exam's rows on Taberah, the lust and the quail (Num 11:1-15, 11:31-35 — the murmurers, the five foods, the families' weeping, the quail's height and slaughter, the two timers, the ten trials)", 'he': 'וַיַּךְ יְהוָה בָּעָם מַכָּה רַבָּה מְאֹֽד (and the LORD struck the people with a very great blow — Num 11:33)', 'form': 'case', 'witness': ['Num 11:33 | ויך יהוה בעם מכה רבה מאד'], 'ink': 'Num 11:1-15, 11:31-35; Yoma 75a-76a; Chullin 27b; Arakhin 15a; Taanit 9a; Shabbat 130a; Sifrei 85:1-91:1, 97:1-98:1', 'corpus': "the exam's rows (the docket)", 'tape': "submitted by cold_run_beha.p
  a kind row whole (spies_case): {'en': "the exam's rows on the spies (Num 13:1-33 — send for yourself, the names, the questionnaire, Hebron and Zoan, the cluster, the report's form, the slander)", 'he': 'שְׁלַח לְךָ אֲנָשִׁים וְיָתֻרוּ אֶת אֶרֶץ כְּנַעַן (send for yourself men that they may spy out the land of Canaan — Num 13:2)', 'form': 'case', 'witness': ['Num 13:2 | שלח לך אנשים ויתרו את ארץ כנען'], 'ink': 'Num 13:1-33; Sotah 34a-35a; Arakhin 15a; Ketubot 112a; Mishnah Arakhin 3:5', 'corpus': "num_13_spies_sent (the unit's steps and claims SH13A-01 through SH13A-09)", 'tape': "submitted by cold_run_shelach.py [subjects: 
  a kind row whole (spies_charged): {'en': "charged as spies — 'you are spies! to see the nakedness of the land you have come' (42:9), 'no, for the nakedness of the land you have come to see' (42:12), 'it is what I spoke to you, saying: you are spies' (42:14)", 'he': 'מְרַגְּלִים אַתֶּם לִרְאוֹת אֶת עֶרְוַת הָאָרֶץ בָּאתֶֽם (you are spies! to see the nakedness of the land you have come — Gen 42:9)', 'form': 'speech', 'link': 'reference', 'reference_by': "'you are spies' at every seat", 'witness': ['Gen 42:9 | מרגלים אתם לראות את ערות הארץ באתם', 'Gen 42:14 | הוא אשר דברתי אלכם לאמר מרגלים אתם'], 'ink': 'Gen 42:9, 42:12, 42:14', 
  a kind row whole (spies_commanded): {'en': "the spies commanded — 'send for yourself men that they may spy out the land of Canaan which I give to the children of Israel; one man, one man for his fathers' tribe you shall send, every one a prince among them' (Num 13:2) — Reish Lakish: 'for yourself', at your discretion (Sotah 34b:3); Deut 1:22-23 the people's asking; the spy-verb the ark's of 10:33", 'he': "שְׁלַח לְךָ אֲנָשִׁים וְיָתֻרוּ אֶת אֶרֶץ כְּנַעַן אֲשֶׁר אֲנִי נֹתֵן לִבְנֵי יִשְׂרָאֵל אִישׁ אֶחָד אִישׁ אֶחָד לְמַטֵּה אֲבֹתָיו תִּשְׁלָחוּ כֹּל נָשִׂיא בָהֶֽם (send for yourself men that they may spy out the land of Canaan 
  a kind row whole (spies_instructed): {'en': "the questionnaire — 'go up this way by the south and go up into the mountain; and see the land, what it is, and the people who dwell in it, whether strong or weak, few or many; and what the land is, whether good or bad, and the cities, camps or fortresses; and what the land is, fat or lean, whether there are trees in it or not; and be strong and take of the fruit of the land; and the days were the days of the first-ripe grapes' (Num 13:17-20) — seven questions, a data-shaped input", 'he': 'וַיֹּאמֶר אֲלֵהֶם עֲלוּ זֶה בַּנֶּגֶב וַעֲלִיתֶם אֶת הָהָֽר (and he said to them: go up this way 
  a kind row whole (spies_returned): {'en': "the spies returned — 'and they returned from spying out the land at the end of forty days; and they went and came to Moses and to Aaron and to all the congregation of the children of Israel, to the wilderness of Paran, to Kadesh, and brought back word to them and to all the congregation, and showed them the fruit of the land' (Num 13:25-26) — the tape's reading-placed marker: the Ninth of Av (Taanit 29a:5)", 'he': 'וַיָּשֻׁבוּ מִתּוּר הָאָרֶץ מִקֵּץ אַרְבָּעִים יֽוֹם (and they returned from spying out the land at the end of forty days — Num 13:25) · וַיֵּלְכוּ וַיָּבֹאוּ אֶל מֹשֶׁה וְא
  a kind row whole (spies_sent): {'en': "the spies sent — 'and Moses sent them from the wilderness of Paran by the mouth of the LORD, all of them men, heads of the children of Israel' (Num 13:3); the twelve by tribe (13:4-15 — a fourth order of the twelve, Levi absent, Joseph named over Manasseh); 'and Moses called Hoshea son of Nun Joshua' (13:16 — the new name at eight seats before this verse, the old name again at Deut 32:44)", 'he': 'וַיִּשְׁלַח אֹתָם מֹשֶׁה מִמִּדְבַּר פָּארָן עַל פִּי יְהוָה כֻּלָּם אֲנָשִׁים רָאשֵׁי בְנֵֽי יִשְׂרָאֵל הֵֽמָּה (and Moses sent them from the wilderness of Paran by the mouth of the LORD, al
  a kind row whole (spies_went_up): {'en': "the spies went up — 'and they went up and spied out the land from the wilderness of Zin to Rehob, to the entrance of Hamath; and they went up by the south, and HE came to Hebron, and there were Ahiman, Sheshai and Talmai, the children of Anak; and Hebron was built seven years before Zoan of Egypt; and they came to the wadi of Eshcol and cut from there a branch with one cluster of grapes, and they carried it on a pole between two' (Num 13:21-24) — the singular verb the ink's, Caleb at the graves the shelf's (Sotah 34b:7)", 'he': 'וַֽיַּעֲלוּ וַיָּתֻרוּ אֶת הָאָרֶץ מִמִּדְבַּר צִן עַד רְ
  a kind row whole (tablets_broken): {'en': "the tablets broken — 'and it was when he came near the camp and saw the calf and the dancing, Moses' anger burned and he threw the tablets from his hands and broke them under the mountain': the breaking on the seventeenth of Tammuz (Taanit 28b, Mishnah Taanit 4:6), RATIFIED — 'may your strength be firm that you broke' (Yevamot 62a:4, Menachot 99b:1), the fragments kept with the second tablets in the ark (Menachot 99a-b by call to the sanctuary engine), had they not been broken Torah would not have been forgotten (Eruvin 54a:19); the daemon writes NOTHING on it — the breaking is the his
  a kind row whole (tablets_given): {'en': "the tablets given — 'and he wrote them on two tablets of stone' (Deut 4:13, the tablets PLENE — 4:13, 9:11, 1 Kings 8:9 against every Exodus seat defective); 'and He gave to Moses, when He finished speaking with him on Mount Sinai, two tablets of the testimony, tablets of stone written with the finger of God' (Exodus 31:18 — THE FIRST TELLING, absent from the tape: the erection runner folded the tablets into the ascent's line at W7 — THE TAPE'S HOLE): A SUPPLIED ACT written ONCE at its own time, DATED (1, 4, 17) by the RETROGRADE marker at Deut 4:13 (the fortieth day of 24:18's forty —
  a kind row whole (ten_spies_died_by_plague): {'en': "the ten spies died by the plague — 'and the men whom Moses sent to spy out the land, who returned and made all the congregation murmur against him by bringing out an evil report of the land, those men who brought out the evil report of the land died by the plague before the LORD; but Joshua son of Nun and Caleb son of Jephunneh lived of those men who went to spy out the land' (Num 14:36-38) — the tongue to the navel the shelf's mode (Sotah 35a:13); no share (Mishnah Sanhedrin 10:3)", 'he': 'וַיָּמֻתוּ הָֽאֲנָשִׁים מוֹצִאֵי דִבַּת הָאָרֶץ רָעָה בַּמַּגֵּפָה לִפְנֵי יְהוָֽה (and the men 
  an effect row (amalek_to_be_blotted): {'en': "Amalek to be blotted — the HEAVEN entry the oath writes on Amalek: 'write this a memorial in the book ... for I will surely blot out the memory of Amalek from under the heavens' — OPEN (Deuteronomy 25:17-19; 1 Samuel 15 — the Prophets' RUN, book-bound)", 'he': 'כִּֽי מָחֹה אֶמְחֶה אֶת זֵכֶר עֲמָלֵק מִתַּחַת (for I will surely blot out the memory of Amalek from under the heavens — Exod 17:1
  an effect row (assembly_of_nations_promised): {'en': "an assembly of nations promised — the HEAVEN entry the blessing writes on Jacob: 'be fruitful and multiply — a nation and an assembly of nations shall be from you' (35:11), the singular imperative: Yevamot 65b:5 reads the command laid on the man; Bereshit Rabbah 82:4", 'he': 'גּוֹי וּקְהַל גּוֹיִם יִהְיֶה מִמֶּךָּ (a nation and an assembly of nations shall be from you — Gen 35:11)', 'ledge
  an effect row (blotted_from_the_book): {'en': "blotted from the book — the HEAVEN entry the registry refuses to transfer: 'whoever has sinned against Me, him I will blot from My book' — Moses' 'blot me from Your book which You wrote' refused; the tradition reads the verse's three tokens as the three books opened on the New Year (Rosh Hashanah 16b: the wicked's, the righteous', the middling's) — the ledger of persons given its registers
  an effect row (decree_relented): {'en': "the decree relented — the HEAVEN entry the intercession wins: 'and the LORD relented of the evil which He had said to do to His people' — the decree's own clause 'let Me alone' revealing that prayer restrains it (Berakhot 32a: Moses seized Him as a man seizes his fellow's garment; Rava: he annulled His vow for Him by the vows' own law); the phrase's other seats — Jonah's Nineveh, David's c
  an effect row (deliverance_prayed): {'en': "deliverance prayed — the STATUS the prayer writes on Jacob: 'deliver me, I pray, from the hand of my brother, from the hand of Esau' (32:12), the prayer quoting the promise of 22:17 in shortened form, 'as the sand of the sea' (32:13 — the run's two Genesis seats, here and 41:49, measured: the oath's own words are 'as the sand on the shore of the sea')", 'he': 'הַצִּילֵנִי נָא מִיַּד אָחִי 
  an effect row (destroyed): {'en': "utterly destroyed — the idolatrous sacrificer's ban", 'he': 'יָחֳרָם (he shall be destroyed)', 'ledger_op': 'body', 'ink': 'Exod 22:19', 'corpus': 'exo_22_property_social', 'exam': 'cases_noahide.yaml idolatry rows'}
  an effect row (divination_claimed): {'en': "divination claimed — the STATUS the ruse writes on Joseph: 'is not this that from which my lord drinks, and by which he surely divines?' (44:5), 'did you not know that a man like me surely divines?' (44:15) — the run's two seats (measured); the Sinai ban's token (Leviticus 19:26) with no verdict before Sinai: FALSE for the sanctions engine", 'he': 'הֲלוֹא יְדַעְתֶּם כִּֽי נַחֵשׁ יְנַחֵשׁ א
  an effect row (earth_corrupted): {'en': "the earth corrupted — the STATUS the inspection writes on the earth: 'and the earth was corrupt before God, and the earth was filled with violence' — Sanhedrin 108a:11 (R. Yochanan: they mated beast with wild beast, wild beast with beast, and all with man); the corrupt root five times both ways (the frozen unit's export)", 'he': 'וַתִּשָּׁחֵת הָאָרֶץ לִפְנֵי הָֽאֱלֹהִים וַתִּמָּלֵא הָאָרֶץ
  an effect row (embalming_forty_days): {'en': "the embalming's forty days — the TIMER the physicians' work sets on Jacob: 'and Joseph commanded his servants the physicians to embalm his father, and the physicians embalmed Israel' (50:2), 'and forty days were fulfilled for him, for so are fulfilled the days of the embalmed' (50:3) — due forty days; FIRES; the verb's two Tanakh tokens, 50:2 and 50:26 (measured)", 'he': 'וַיִּמְלְאוּ לוֹ 
  an effect row (given_to_aaron): {'en': "given to Aaron — the STATUS on the tribe of Levi: 'and you shall give the Levites to Aaron and his sons: GIVEN, GIVEN are they to him from among the children of Israel' (Num 3:9 — the doubled word; Onkelos 'handed over, given'); 'bring near the tribe of Levi and stand it before Aaron the priest, and they shall serve HIM' (3:6)", 'he': 'וְנָתַתָּה אֶת הַלְוִיִּם לְאַהֲרֹן וּלְבָנָיו נְתוּנִ
  an effect row (great_nation_promised): {'en': "a great nation promised — the HEAVEN entry the call's ladder writes on Abram: 'and I will make you a great nation' — OPEN (Deut 26:5 'and he became there a nation, great' — book-bound); Bereshit Rabbah 39:11 (R. Berekhya: not 'I will give' or 'I will set' but 'I will make' — a new creature)", 'he': 'וְאֶֽעֶשְׂךָ לְגוֹי גָּדוֹל (and I will make you a great nation — Gen 12:2)', 'ledger_op': 
  an effect row (house_abomination_barred): {'en': "the abomination barred from the house — the BLOCK the chapter's third line writes on Israel: 'and you shall not bring an abomination into your house, and become devoted like it; you shall utterly detest it and utterly abhor it, for it is devoted' (7:26 — 'you shall not bring an abomination into your house' the one seat; 'devoted like it' one; the doubled verbs two: the detesting Leviticus 
  an effect row (mercy_prayed): {'en': "mercy prayed — the STATUS the father's blessing writes on Jacob: 'and El Shaddai give you mercy before the man, that he may release to you your other brother, and Benjamin; and I, as I am bereaved, I am bereaved' (43:14) — the run 'bereaved, bereaved' at its one seat (measured)", 'he': 'וְאֵל שַׁדַּי יִתֵּן לָכֶם רַחֲמִים לִפְנֵי הָאִישׁ (and El Shaddai give you mercy before the man — Gen 
  an effect row (molten_image_barred): {'en': "a molten image barred — the BLOCK the covenant's clause writes on the maker: 'molten gods you shall not make for yourself' — the calf's own ban (32:4, 32:8 'a molten calf'; Deut 9:12, 9:16), the phrase 'molten gods' at Exod 34:17 and Lev 19:4 alone; inserted at the second seat before the matzah feast, and the adjacency legislates (Makkot 23a, Pesachim 118a: whoever despises the festivals i
  an effect row (morning_prayer_founded): {'en': "the morning prayer founded — the STATUS the dawn return writes on Abraham: 'and Abraham rose early in the morning to the place where he had stood before the LORD' — Berakhot 26b:5 (a baraita as R. Yose son of R. Chanina: Abraham instituted the morning prayer, 'and standing is nothing but prayer'); Berakhot 6b:8 (whoever fixes a place for his prayer — from here); the transfer taught: the se
  an effect row (nation_to_be_judged): {'en': "the nation to be judged — the HEAVEN entry the decree writes on the seed of Abraham: 'and also that nation whom they shall serve I will judge' — closed by S1's Exodus scene at 12:29 (the firstborn struck: Exod 12:12's 'judgments' executed); Mishnah Eduyot 2:10 (the judgment of the Egyptians twelve months — S1's CS9); Bereshit Rabbah 44:19 ('also' — Egypt; 'and also' — to include the four e
  an effect row (nations_driven_out): {'en': "the nations driven out — the TRANSFER the covenant promises on the land: 'behold I drive out before you the Amorite and the Canaanite and the Hittite and the Perizzite and the Hivite and the Jebusite' and 'I will dispossess nations before you and enlarge your border' — six named (Deut 7:1's seven adds the Girgashite; the lists' orders differ at every seat, measured); the ordinances engine'
  an effect row (prayed_for_abimelech): {'en': "prayed for Abimelech — the STATUS the Torah's first 'and he prayed' writes on Abraham: 'and Abraham prayed to God, and God healed Abimelech and his wife and his maidservants, and they bore' — the verb's consonants at 20:7 (the promise 'he shall pray') and 20:17 (its keeping) alone in Genesis (measured); Mishnah Bava Kamma 8:7 (though he pays him he is not forgiven until he asks — from 'and
  an effect row (prayed_for_the_wife): {'en': "prayed for the wife — the STATUS the entreaty writes on Isaac: 'and Isaac entreated the LORD opposite his wife, for she was barren, and the LORD was entreated of him, and Rebekah his wife conceived' — Yevamot 64a:6 (Rava to Rav Nachman: 'Isaac was forty when he took Rebekah' and 'Isaac was sixty when they were born' — Isaac was barren: the twenty years); barren and conceived reused; Beresh
  an effect row (scattered_among_nations): {'en': "scattered among the nations — the TRANSFER entry on the PEOPLE entity: its location moves from the land to the enemies' lands, winnowed apart (the Sifra's harsh measure); the ledger's third transfer operation", 'he': 'וְאֶתְכֶם אֱזָרֶה בַגּוֹיִם (and you I will scatter among the nations — Lev 26:33); בְּאֶרֶץ אֹיְבֵיכֶם (in the land of your enemies — 26:34)', 'ledger_op': 'transfer', 'ink'
  an effect row (second_passover_due): {'en': "the second Passover due — the DEBIT the case law writes on one who was unclean by a corpse or on a distant way at the first Passover (and, by the Sifrei's binyan av, every impurity; by the Mishnah's row the forced, the unwitting, the deliberate): 'he shall keep a Passover to the LORD in the second month, on the fourteenth day, between the evenings' (Num 9:10-11) — the due the Calendar's fo
  an effect row (second_seven_owed): {'en': "the second seven owed — the DEBIT the week's condition lays on Jacob toward Laban: 'for the service you shall serve with me yet seven other years' (29:27); 'and he served with him yet seven other years' (29:30) — CLOSED at 30:26 by the timer's fire ('give my wives and my children for whom I have served you')", 'he': 'וַיַּעֲבֹד עִמּוֹ עוֹד שֶֽׁבַע שָׁנִים אֲחֵרֽוֹת (and he served with him 
  an effect row (second_seven_service): {'en': "the second seven years' service — the TIMER the second contract sets on Jacob, due seven years on from Rachel's week: fires at 30:25-26 'when Rachel had borne Joseph' — the marker fourteen_end of 7g, placed at 30:25; on the tape its fire year meets born:joseph's year placed from Pharaoh's side (the sequence runner CH4: Ishmael's death plus Megillah 17a's fourteen against 41:46, 45:6 and 47
  an effect row (spied_forty_days): {'en': "forty days of spying — the TIMER the sending writes on the twelve, due the sending's day plus forty: 'and they returned from spying out the land at the end of forty days' (Num 13:25) — the tape's return marker at the Ninth of Av (Taanit 29a:5) and the machine's fire at (2, 5, 10): the inclusive count, the gemara's own 'forty minus one', Abaye's full Tammuz the parameter's other arm (CF2)",
  an effect row (tablets_delivered): {'en': "the tablets delivered — the TRANSFER of the written program into Moses' hand: 'and He gave to Moses, when He finished speaking with him on Mount Sinai, two tablets of the testimony, tablets of stone written with the finger of God' — given once (31:18), broken (32:19), hewn again by Moses and written again (34:1, 34:28), set into the ark at the erection (40:20); the tradition reads the givi
  an effect row (two_nations_in_the_womb): {'en': "two nations in the womb — the HEAVEN entry the oracle writes on Rebekah: 'two nations are in your womb, and two peoples shall be separated from your bowels, and one people shall be stronger than the other' — OPEN on the tape; Bereshit Rabbah 63:7 ('two proud ones' — Antoninus and Rabbi; the twelve terms of the oracle counted twice, the frozen unit's read)", 'he': 'שְׁנֵי גיים בְּבִטְנֵךְ (

==== (4) THE REGISTRY MAP for the chapter's tokens ====
  mapped: {'israel': 'israel_people', 'moses': 'moses', 'aaron': 'aaron', 'isaac': 'isaac', 'jacob': 'jacob', 'egypt_people': 'egypt_people', 'the-mountain': 'the_mountain', 'god': 'god', 'the-people': 'israel_people', 'the-covenant': 'the_covenant_at_sinai', 'the-ark': 'the_ark'}
  NO registry row: ['israel_people', 'the-calf', 'the-golden-calf', 'the-tablets', 'the-two-tablets', 'the-fathers', 'abraham', 'egypt', 'the-land', 'the-nations', 'the-anakim', 'anak', 'horeb', 'mount-sinai', 'the-brook', 'taberah', 'massah', 'kibroth-hattaavah', 'kadesh-barnea', 'the-wilderness', 'the-lord']
  registry ids with calf/tablet/aaron/moses/israel/fathers in them: ['aaron', 'aarons_staff', 'abraham', 'abrahams_serving_lad', 'avimelekh_abraham_era', 'eleazar_son_of_aaron', 'israel_people', 'moses', 'servant_of_abraham', 'the_altar_of_el_elohe_israel', 'the_altar_of_moses', 'the_firstborn_of_israel', 'the_princes_of_israel', 'the_wells_of_abraham']

==== (5) THE TAPE'S LINES the chapter retells; THE CLOCK'S DAY at each; the tape's LAST lines and markers ====
   w.submit({'kind': 'journeyed', 'subject': 'israel', 'to': 'Rephidim', 'case_source': 'Exod 17:1'})   # exodus_story [act: wayyiqtol at Exod 17:1]
   w.submit({'kind': 'murmured', 'subject': 'israel', 'trial': 'Rephidim (17:2-3 — give us water)', 'case_source': 'Exod 17:2-3'})   # exodus_story [act: wayyiqtol at Exod 17:2]
   w.submit({'kind': 'rock_struck', 'subject': 'the-rock', 'case_source': 'Exod 17:6'})   # exodus_story [act: wayyiqtol at Exod 17:6]
   w.submit({'kind': 'named', 'subject': 'the-place-rephidim', 'name': 'Massah and Meribah (מסה ומריבה — testing and quarrel, 17:7)', 'by': 'moses', 'case_source': 'Exod 17:7'})   # exodus_story [act: wayyiqtol at Exod 17:7]
   assert_ink('Exod 24:18', [40, 40]); M['ascent'] = w.clock.day_in('exodus', 1, 3, 7); w.marker('Exod 24:18', M['ascent'], value='forty days and forty nights — Moses ascended on the seventh of Sivan (Taanit 28b:8-9): a transfer, tau
   w.submit({'kind': 'moses_ascended', 'subject': 'moses', 'ascender': 'moses', 'ascent': 'first', 'case_source': 'Exod 24:18 — forty days and forty nights; the tablets at 31:18', 'law': 'W7'})   # erection [act: wayyiqtol at Exod 24
   w.submit({'kind': 'calf_made', 'subject': 'aaron', 'maker': 'aaron', 'worshipped': False, 'case_source': 'Exod 32:4 — the molten calf made (not yet worshipped)', 'law': 'W7'})   # erection [act: wayyiqtol at Exod 32:4]
   w.submit({'kind': 'moses_interceded', 'subject': 'moses', 'intercessor': 'moses', 'plea': 'relent', 'sin_specified': False, 'case_source': 'Exod 32:11-14 — vayechal; the LORD relented; Berakhot 32a', 'law': 'W7'})   # erection [sp
   assert_ink('Exod 32:19', []); M['breaking'] = w.clock.day_in('exodus', 1, 4, 17); w.marker('Exod 32:19', M['breaking'], value='the tablets broken — the seventeenth of Tammuz (Mishnah Taanit 4:6; Taanit 28b:9): a transfer, taught',
   w.submit({'kind': 'tablets_broken', 'subject': 'moses', 'breaker': 'moses', 'case_source': 'Exod 32:19 — under the mountain, the seventeenth of Tammuz (Mishnah Taanit 4:6)', 'law': 'W7'})   # erection [act: wayyiqtol at Exod 32:19
   w.submit({'kind': 'calf_destroyed', 'subject': 'moses', 'destroyer': 'moses', 'idol': 'the-calf', 'purpose': 'to_test', 'case_source': 'Exod 32:20 + Avodah Zarah 44a:2 — the four verbs; a test, not a nullification', 'law': 'W7'}) 
   w.submit({'kind': 'levites_gathered', 'subject': 'the-levites', 'tribe': 'the-levites', 'slain': 'the-three-thousand', 'gathered_by': 'moses', 'case_source': 'Exod 32:26-29 + Yoma 66b:15 — whoever is for the LORD; fill your hand',
   assert_ink('Exod 32:30', [], words=['ממחרת']); M['morrow'] = M['breaking'] + 1; w.marker('Exod 32:30', M['morrow'], value='and it was on the morrow — the intercession\'s ascent (32:31): the ink\'s own day-word', placement='reading
   w.submit({'kind': 'moses_interceded', 'subject': 'moses', 'intercessor': 'moses', 'plea': 'blot_me', 'sin_specified': True, 'sinners': 'the-sinners', 'case_source': 'Exod 32:31-33 + Yoma 86b:14 + Rosh Hashanah 16b:14 — blot me; hi
   w.submit({'kind': 'tent_pitched_outside', 'subject': 'moses', 'pitcher': 'moses', 'servant': 'joshua', 'distance_from_camp': 'twelve_mil', 'case_source': 'Exod 33:7-11 + Mishnah Avot 1:1 + Sanhedrin 5b:9 — the tent, the seeker, Jo
   assert_ink('Exod 34:28', [40, 40, 10]); M['second_tablets'] = w.clock.day_in('exodus', 1, WE.CAL_PARAMS['second_tablets_given']['value']['month'], WE.CAL_PARAMS['second_tablets_given']['value']['day']); M['second_ascent'] = M['sec
   w.submit({'kind': 'moses_ascended', 'subject': 'moses', 'ascender': 'moses', 'ascent': 'second', 'case_source': 'Exod 34:2-4, 34:28 — the second forty days; the radiant face at 34:29', 'law': 'W7', 'slot': 'morning'})   # erection
   w.submit({'kind': 'attributes_proclaimed_at_sinai', 'subject': 'the-repentant', 'hearer': 'the-repentant', 'repented': True, 'sin_kind': 'other', 'case_source': 'Exod 34:6-7 + Yoma 86a:5 — He clears those who repent', 'law': 'W7'}
   assert_ink('Num 11:1', []); M['taberah'] = M['march'] + 3; w.marker('Num 11:1', M['taberah'], value='the three days\' journey elapsed (10:33) — READING-PLACED by Taanit 29a:3 (twenty plus three: the twenty-third); the murmuring at
   w.submit({'kind': 'fire_of_the_lord_burned', 'subject': 'israel', 'edge': True, 'who': 'the proselytes', 'prayer': 'Moses prayed', 'name': 'Taberah', 'case_source': 'Num 11:1-3 — and the people were as murmurers, evil in the ears 
   w.submit({'kind': 'quail_and_plague', 'subject': 'the-lusters', 'height': 2, 'gathered': 10, 'blow': 'a very great blow', 'graves': 'Kibroth-hattaavah', 'hazeroth': True, 'case_source': 'Num 11:31-35 — and a wind went out from the
   assert_ink('Num 11:35', []); M['hazeroth'] = w.clock.day_in('exodus', 2, 3, 22); w.marker('Num 11:35', M['hazeroth'], value='the arrival at Hazeroth — READING-PLACED by Taanit 29a:4 (the twenty-ninth of Sivan less the seven days s
   w.submit({'kind': 'spies_sent', 'subject': 'the-twelve-spies', 'names': ['ראובן', 'שמעון', 'יהודה', 'יששכר', 'אפרים', 'בנימן', 'זבולן', 'יוסף', 'דן', 'אשר', 'נפתלי', 'גד'], 'renamed': 'Hoshea to Joshua', 'days': 40, 'case_source':
   w.submit({'kind': 'spies_instructed', 'subject': 'the-twelve-spies', 'questions': ['החזק', 'הרפה', 'המעט', 'הטובה', 'הבמחנים', 'השמנה', 'היש'], 'season': 'the days of the first-ripe grapes', 'case_source': 'Num 13:17-20 — and Mose
   w.submit({'kind': 'spies_went_up', 'subject': 'the-twelve-spies', 'route': 'Zin to Rehob, the entrance of Hamath', 'hebron': 'Caleb alone', 'giants': ['Ahiman', 'Sheshai', 'Talmai'], 'cluster': 'on a pole between two', 'eshcol': T
   assert_ink('Num 13:25', [40]); M['spies_return'] = w.clock.day_in('exodus', 2, 5, 9); w.marker('Num 13:25', M['spies_return'], value='and they returned from spying out the land at the end of forty days (13:25) — READING-PLACED by 
   w.submit({'kind': 'spies_returned', 'subject': 'the-twelve-spies', 'days': 40, 'to': 'Kadesh', 'case_source': 'Num 13:25-26 — and they returned from spying out the land at the end of forty days; and they went and came to Moses and
   w.submit({'kind': 'report_given', 'subject': 'the-twelve-spies', 'answers': 'fat; strong; fortified; the Anak; the map', 'case_source': 'Num 13:27-29 — and they told him and said: we came to the land where you sent us, and it also
   w.submit({'kind': 'caleb_hushed_the_people', 'subject': 'caleb', 'words': 'we shall surely go up and possess it, for we can surely prevail over it', 'case_source': 'Num 13:30 — and Caleb hushed the people toward Moses and said: we
   w.submit({'kind': 'evil_report_spread', 'subject': 'the-ten-spies', 'slander': 'stronger than us; a land that eats its inhabitants', 'nephilim': True, 'case_source': 'Num 13:31-33 — but the men who went up with him said: we are no
   w.submit({'kind': 'congregation_wept', 'subject': 'israel', 'night': 'that night', 'murmur': 'would that we had died in Egypt or in this wilderness', 'head': 'let us appoint a head and return to Egypt', 'case_source': 'Num 14:1-4 
   w.submit({'kind': 'joshua_and_caleb_pleaded', 'subject': 'joshua', 'fell': 'Moses and Aaron on their faces', 'rent': 'Joshua and Caleb their garments', 'words': 'the land is very very good; fear not the people of the land', 'case_
   w.submit({'kind': 'glory_appeared_at_the_threat', 'subject': 'the-tabernacle', 'threat': 'to stone them with stones', 'case_source': 'Num 14:10 — and all the congregation said to stone them with stones; and the glory of the LORD a
   w.submit({'kind': 'moses_pleaded_on_the_attributes', 'subject': 'moses', 'offer': 'I will make of you a greater nation', 'argument': 'Egypt will hear', 'attributes': 'יהוה ארך אפים ורב חסד נשא עון ופשע ונקה לא ינקה פקד עון אבות על
   w.submit({'kind': 'pardoned_and_decreed', 'subject': 'israel', 'pardon': 'I have pardoned according to your word', 'ten_times': 10, 'caleb': 'him I will bring into the land where he went', 'turn': 'tomorrow turn and journey by the
   w.submit({'kind': 'decree_declared', 'subject': 'israel', 'set': 603550, 'exceptions': ['Caleb', 'Joshua'], 'years': 40, 'day_for_year': [40, 40], 'case_source': 'Num 14:26-35 — and the LORD spoke to Moses and to Aaron saying: how
   w.submit({'kind': 'ten_spies_died_by_plague', 'subject': 'the-ten-spies', 'mode': 'the tongue to the navel', 'survivors': ['Joshua', 'Caleb'], 'case_source': 'Num 14:36-38 — and the men whom Moses sent to spy out the land, who ret
   w.submit({'kind': 'presumed_to_go_up', 'subject': 'israel', 'mourned': True, 'warning': 'the LORD is not among you', 'ark_stayed': True, 'case_source': 'Num 14:39-44 — and Moses spoke these words to all the children of Israel, and
   w.submit({'kind': 'smitten_to_hormah', 'subject': 'israel', 'by': 'the Amalekite and the Canaanite', 'to': 'Hormah', 'case_source': 'Num 14:45 — and the Amalekite and the Canaanite who dwelt in that mountain came down and smote th
   w.submit({'kind': 'tablets_given', 'subject': 'moses', 'first_telling': 'Exod 31:18', 'plene': 'the tablets written plene (4:13)', 'case_source': 'Deut 4:13 — and he wrote them on two tablets of stone (Exodus 31:18 — and He gave t
   assert_ink('Deut 4:25', []); M['speech_resumed'] = M['speech']; w.marker('Deut 4:25', M['speech_resumed'], value='when you beget sons (4:25) — the speech resumes at its own day: the retrograde stretch of the two supplied Horeb lin
   w.submit({'kind': 'testing_barred', 'subject': 'israel', 'first_telling': 'Exod 17:2-7', 'massah': "as you tested at Massah (6:16) — the tape's named line Exod 17:7", 'case_source': 'Deut 6:16-19 — you shall not test the LORD your
  --- the tape's last 8 lines:
   w.submit({'kind': 'nations_devoted', 'subject': 'israel', 'nations': ['the Hittite', 'the Girgashite', 'the Amorite', 'the Canaanite', 'the Perizzite', 'the Hivite', 'the Jebusite'], 'objects': ['altars', 'pillars', 'Asherim', 'gr
   w.submit({'kind': 'hearing_blessed', 'subject': 'israel', 'condition': 'because you hear these judgments and keep and do them (7:12)', 'blessings': ['love, blessing, increase (7:13)', 'no barren (7:14)', 'sickness removed (7:15)']
   w.submit({'kind': 'abomination_barred', 'subject': 'israel', 'objects': ['the graven images burned', 'the silver and gold not coveted'], 'devoted': 'the abomination not into your house, lest you become devoted like it (7:26)', 'ca
   # ---- Deut 8 ----
   w.submit({'kind': 'grace_commanded', 'subject': 'israel', 'land': 'a good land — brooks, springs and deeps; wheat, barley, vine, fig, pomegranate, olive oil, honey; iron and copper (8:7-9)', 'command': 'and you shall eat and be sa
   w.submit({'kind': 'forgetting_warned', 'subject': 'israel', 'warning': 'take heed to yourself lest you forget the LORD your God (8:11)', 'chain': ['eaten and satisfied, houses, herds and flocks, silver and gold (8:12-13)', 'the he
   w.submit({'kind': 'perishing_testified', 'subject': 'israel', 'case': 'if you surely forget the LORD your God and go after other gods (8:19)', 'testimony': 'I testify against you this day that you shall surely perish (8:19)', 'cas
   return M
  --- every marker row in the Deut section:
   Deut 1:1  speech  retrograde=False  placement=text_constrained
   Deut 1:6  horeb_departure_told  retrograde=False  placement=reading_placed
   Deut 1:9  courts_founded  retrograde=False  placement=reading_placed
   Deut 2:2  hor_departure_told  retrograde=False  placement=reading_placed
   Deut 4:1  chapter_4  retrograde=True  placement=text_constrained
   Deut 4:10  giving_told  retrograde=True  placement=reading_placed
   Deut 4:13  tablets_told  retrograde=True  placement=reading_placed
   Deut 4:25  speech_resumed  retrograde=True  placement=text_constrained
   Deut 5:23  request_told  retrograde=True  placement=reading_placed
   Deut 5:32  charge  retrograde=True  placement=text_constrained
  the section comments in the Deut stretch: ['Deut 1', 'Deut 2', 'Deut 3', 'Deut 4', 'Deut 5', 'Deut 6', 'Deut 7', 'Deut 8']
  the Exod 24-34 section comments: ['Exod 24', 'Exod 31', 'Exod 32', 'Exod 33', 'Exod 34']
  DAEMON_ORDER 68, tail [('cold_run_hear_o_israel', 'law_hear_o_israel'), ('cold_run_seven_nations', 'law_seven_nations'), ('cold_run_good_land', 'law_good_land')]
  RUN (1310, 96, 88, 0, 12, 1605, 39, 319, ((('israel_people', 'given_by_the_heart'), 2), (('israel_people', 'set_apart_before_me'), 2), (('the-golden-altar', 'incense_continual'), 2), (('the-lampstand', 'lamp_arranged'), 2)), 127)
  PREVIOUS_RUN (1307, 96, 88, 0, 12, 1602, 38, 319, ((('israel_people', 'given_by_the_heart'), 2), (('israel_people', 'set_apart_before_me'), 2), (('the-golden-altar', 'incense_continual'), 2), (('the-lampstand', 'lamp_arranged'), 2)), 127)
  NEWEST_RUNNER good_land
  CENSUS (2520, 1319, 1310, 1185, 6, 10, 9, 0, 71, 167, 129, 15, 23, 855, 272)
  PLACEMENT {'markers': {'text_constrained': 106, 'reading_placed': 46}, 'events': {'text_constrained': 109, 'page_order': 1146, 'reading_placed': 55}}
  the Exod 24/31/32/33/34 and Exod 17, Num 11/13/14 lines with their kinds:
  the snapshot world: entities 319, log 3553; clock Clock day 908865
  clock attrs: {'era': 'THE SEQUENTIAL RUN — the three books on one world (clock unit: days; the creatio', 'day': '908865', 'epoch': 'creation', 'calendar': '<world_engine.Calendar object at 0x3232e75c0>', 'eras': "{'creation': <world_engine.Era object at 0x319d93ee0>, 'life:the_human': <world_"}
  clock methods: ['after', 'at_year', 'date_in', 'day_in', 'elapsed_in', 'next', 'set_era', 'year_in']
  the calf-era log rows (EVENT/marker rows whose source is Exod 24:12-18, 31:18, 32, 33, 34:1-35; the day and its rendering):
    MARKER day 894379 ?                                Exod 24:18 | date raised TypeError("'tuple' object is not callable")
    MARKER day 894419 ?                                Exod 32:19 | date raised TypeError("'tuple' object is not callable")
    MARKER day 894420 ?                                Exod 32:30 | date raised TypeError("'tuple' object is not callable")
    MARKER day 894460 ?                                Exod 34:4 | date raised TypeError("'tuple' object is not callable")
  the marker rows on the log (all tags): [('WRITE', 1605), ('EVENT', 1310), ('MARKER', 167), ('ROW', 148), ('CLOSE', 127), ('TIMER-SET', 96), ('TIMER-FIRE', 88), ('RETRO-WRITE', 12)]
  markers in the world (Exod 19-34): []
  the markers Exod 19-34: []
  what a marker object looks like: no w.markers

==== (6) THE CHECKPOINT PREFIXES, THE M[] NAMES, THE DAEMONS ====
  cp() checkpoint prefixes in use: [('C', 19), ('CA', 9), ('CB', 8), ('CC', 9), ('CD', 8), ('CE', 9), ('CF', 9), ('CG', 10), ('CH', 11), ('CI', 9), ('CJ', 14), ('CK', 9), ('CL', 9), ('CM', 10), ('CN', 1), ('CO', 9), ('CP', 9), ('CQ', 9), ('CR', 9), ('CS', 9), ('CT', 9), ('CU', 9), ('CV', 9), ('CW', 9), ('CX', 9), ('CY', 9), ('CZ', 9)]
  FREE two-letter C-prefixes: []
  the VERDICTS list prefixes: [('C', 26), ('CA', 9), ('CB', 8), ('CC', 9), ('CD', 8), ('CE', 9), ('CF', 9), ('CG', 10), ('CH', 11), ('CI', 9), ('CJ', 14), ('CK', 9), ('CL', 9), ('CM', 10), ('CN', 1), ('CO', 9), ('CP', 9), ('CQ', 9), ('CR', 9), ('CS', 9), ('CT', 9), ('CU', 9), ('CV', 9), ('CW', 9), ('CX', 9), ('CY', 9), ('CZ', 9)]
  code that assumes a checkpoint name's first letter (startswith/== on C):
    cold_run_gad_reuben.py:319 assert SL_SEND[0].startswith("at Moses' discretion") and SL_ESHCOL[0].startswith('named after the cluster') and SL_HEBRON[0].startswith('Caleb alone a
    cold_run_opening_speech.py:368 assert SL_SET[0].startswith('603550 — the census set by CALL') and SL_EXC[0] == 'Caleb and Joshua (14:24, 14:30); the children brought in (14:31)' and
  M[] marker names on file: ['day1', 'day2', 'day3', 'day4', 'day5', 'day6', 'born:the_human', 'day7', 'born:seth', 'died:the_human', 'born:enosh', 'died:seth', 'born:kenan', 'died:enosh', 'born:mahalalel', 'died:kenan', 'born:jared', 'died:mahalalel', 'born:enoch', 'died:jared', 'born:methuselah', 'died:enoch', 'born:lamech', 'died:methuselah', 'born:noach', 'died:lamech', 'born:shem', 'flood', 'reprieve_decree', 'boarding_call', 'flood', 'flood_ordinal', 'rain_end', 'ark_rested', 'mountains', 'window', 'dove_second', 'dove_third', 'dried', 'dry', 'died:noach', 'born:arpachshad', 'born:shem_by_11_10', 'born:shelah', 'born:eber', 'born:peleg', 'born:reu', 'born:serug', 'born:nahor', 'born:terah', 'born:abraham', 'died:terah', 'age:abraham:75', 'covenant_pieces', 'hagar_given', 'age:abraham:86', 'born:ishmael', 'age:abraham:99', 'mamre', 'sodom_dawn', 'age:abraham:100', 'born:isaac', 'eighth_day', 'binding', 'moriah_seen', 'died:abraham', 'died:ishmael', 'age:isaac:40', 'age:isaac:60', 'born:jacob', 'born:esau', 'stew_day', 'age:esau:40', 'blessing', 'mahalath', 'departure', 'laban_month', 'wedding', 'rachel_given', 'fourteen_end', 'flight', 'told', 'heap_morning', 'jabbok_night', 'peniel_sunrise', 'sukkot', 'shechem', 'bethel_again', 'ephrath_road', 'hebron', 'died:isaac', 'age:joseph:17', 'prison_dreams', 'birthday', 'pharaoh_dreams', 'joseph30', 'born:joseph', 'plenty_end', 'custody_third', 'famine_two', 'beersheba_descent', 'descent', 'jacob_147', 'embalmed', 'weeping_end', 'atad', 'atad_end', 'died:joseph', 'exodus_year', 'exodus', 'born:moses', 'born:aaron', 'ark', 'speaking', 'river7', 'frogs_morrow', 'swarms_morrow', 'pestilence_morrow', 'hail_morrow', 'locusts_morrow', 'darkness_end', 'exodus_epoch', 'lamb_taken', 'lamb_slaughtered', 'sea', 'shur', 'sin_wilderness', 'manna_first', 'sinai', 'sinai_2', 'sinai_bound', 'sinai_sep', 'giving', 'ascent', 'breaking', 'morrow', 'second_tablets', 'second_ascent', 'erected', 'lev8', 'ninth_first', 'bamidbar', 'send_out_day', 'dedication_day', 'dedication_day_1', 'dedication_day_2', 'dedication_day_3', 'dedication_day_4', 'dedication_day_5', 'dedication_day_6', 'dedication_day_7', 'dedication_day_8', 'dedication_day_9', 'dedication_day_10', 'dedication_day_11', 'dedication_day_12', 'num9_pesach', 'march', 'taberah', 'hazeroth', 'paran', 'spies_return', 'zin', 'hor_arrival', 'aaron_death', 'hor_departure', 'after_the_plague', 'daughters', 'speech', 'horeb_departure_told', 'courts_founded', 'hor_departure_told', 'chapter_4', 'giving_told', 'tablets_told', 'speech_resumed', 'request_told', 'charge']
  daemons 68; installed_by values: {'boot': 27, 'erected': 3, 'covenant_blood_thrown': 14, 'called_from_the_tent': 17, 'sentence_declared': 2, 'pending': 1, 'statute_declared': 2, 'milluim_blood_sprinkled': 1, 'entered_the_land': 1}
  the daemon block law_good_land: {'file': 'cold_run_good_land.py', 'wraps': 'good_land', 'given_at': 'Deut 8:1', 'installed_by': 'boot', 'watches': {'grace_commanded': ['bless_after_eating_commanded'], 'forgetting_warned': ['forgetting_barred'], 'perishing_testified': ['heaven_and_earth_witness'], 'good_land_case': ['accepted', 'exempt', 'lashes']}}
  the daemon block law_seven_nations: {'file': 'cold_run_seven_nations.py', 'wraps': 'seven_nations', 'given_at': 'Deut 7:1', 'installed_by': 'boot', 'watches': {'nations_devoted': ['commanded', 'covenant_barred', 'favor_barred', 'intermarriage_barred'], 'hearing_blessed': ['blessings_for_hearing', 'pity_barred'], 'abomination_barred': ['house_abomination_barred'], 'seven_nations_case': ['accepted', 'exempt', 'lashes']}}
  the daemon block law_hear_o_israel: {'file': 'cold_run_hear_o_israel.py', 'wraps': 'hear_o_israel', 'given_at': 'Deut 6:4', 'installed_by': 'boot', 'watches': {'shema_declared': ['shema_commanded'], 'testing_barred': ['test_barred'], 'shema_case': ['accepted', 'exempt']}}
  the functions block good_land: {'the_frame': {'status': 'WRAPPED', 'by': 'law_good_land'}, 'the_way_of_forty_years': {'status': 'WRAPPED', 'by': 'law_good_land'}, 'the_good_land': {'status': 'WRAPPED', 'by': 'law_good_land'}, 'take_heed_lest_you_forget': {'status': 'WRAPPED', 'by': 'law_good_land'}, 'the_chain_and_the_covenant': {'status': 'WRAPPED', 'by': 'law_good_land'}, 'the_testimony': {'status': 'WRAPPED', 'by': 'law_good
  spans 63; edges 574; pointers 200; pointers naming Deut 9: []; edges naming Deut 9: []
  the good_land edges on file: [('good_land', 'obey_horeb', 'CALL', 'reference', "THE DEUTERONOMY WALK 6b (2026-09-19) | 8:1's 'that you may live and multiply and go in and"), ('good_land', 'exodus_story', 'CALL', 'reference', "THE DEUTERONOMY WALK 6b (2026-09-19) | 8:3 and 8:16's manna is the tape's manna_fell (Exod"), ('good_land', 'shelach', 'CALL', 'reference', "THE DEUTERONOMY WALK 6b (2026-09-19) | 8:2 and 8:4's 'these forty years' [40] are the decr"), ('good_land', 'beha', 'CALL', 'reference', "THE DEUTERONOMY WALK 6b (2026-09-19) | 8:3's 'the manna which you did not know, nor did yo"), ('good_land', 'chukat', 'CALL', 'reference', "THE DEUTERONOMY WALK 6b (2026-09-19) | 8:15's 'fiery serpents and scorpions' is the tape's"), ('good_land', 'hear_o_israel', 'CALL', 'reference', "THE DEUTERONOMY WALK 6b (2026-09-19) | 8:11's 'take heed to yourself lest you forget the L"), ('good_land', 'opening_speech', 'CALL', 'reference', "THE DEUTERONOMY WALK 6b (2026-09-19) | 8:9's 'you shall not lack anything in it' is 2:7's "), ('good_land', 'covenant_at_horeb', 'CALL', 'reference', "THE DEUTERONOMY WALK 6b (2026-09-19) | 8:19's 'go after other gods and serve them and bow "), ('good_land', 'seven_nations', 'CALL', 'reference', "THE DEUTERONOMY WALK 6b (2026-09-19) | 8:1 and 8:18's 'the oath which he swore to your fat"), ('good_land', 'ordinances', 'CALL', 'reference', "THE DEUTERONOMY WALK 6b (2026-09-19) | 8:10's 'and you shall eat and be satisfied and bles"), ('good_land', 'sanctions', 'CALL', 'reference', "THE DEUTERONOMY WALK 6b (2026-09-19) | 8:1's 'that you may live' and 8:3's 'man lives by e"), ('good_land', 'mamre', 'CALL', 'reference', "THE DEUTERONOMY WALK 6b (2026-09-19) | 8:1 and 8:18's oath — the tape's sworn_by_himself ("), ('good_land', 'joseph', 'CALL', 'reference', "THE DEUTERONOMY WALK 6b (2026-09-19) | the oath's third line — visitation_promised at Gene")]
  a CALL edge row WHOLE (good_land): [{'from': 'good_land', 'to': 'obey_horeb', 'disposition': 'CALL', 'link': 'reference', 'carries': 'verdict', 'why': "THE DEUTERONOMY WALK 6b (2026-09-19) | 8:1's 'that you may live and multiply and go in and possess the land' is 4:1's exhortation (OH.the_exhortation('hear_and_do') CALLED — the readback row 8:1 VERBATIM in kind); 8:11's 'take heed to yourself lest you forget' 4:9's clause (OH.horeb_retold('take_heed_lest_you_forget')); 8:19's 'I testify against you this day that you shall surely perish' 4:26's testimony (OH.the_exile_case('the_witnesses', 'perish_and_scatter') CALLED — the tape's witnesses_called found by kind and first verse; the effect heaven_and_earth_witness REUSED at 8:19, CU6); 8:1 and 8:18's 'swore to your fathers' 4:31's covenant of the fathers"}]
  a RUN_CITATION pointer row WHOLE (good_land): [{'verse': 'Deut 8:5', 'form': 'AS_WHEN', 'runner': 'good_land', 'disposition': 'RUN_CITATION', 'link': 'reference', 'why': "THE DEUTERONOMY WALK 6b (2026-09-19) | 'and you shall know with your heart that AS A MAN DISCIPLINES HIS SON, so the LORD your God disciplines you' (כַּאֲשֶׁר יְיַסֵּר אִישׁ — as a man disciplines) — the readback row 8:5 VARIANT: 1:31's 'AS A MAN CARRIES HIS SON' (the same three tokens 'a man … his son'; the form's three Bible seats with 2 Kings 23:10) made the discipline — a RUN CITATION of the first form's row (opening_speech.the_spies_read_back('the_carrying') CALLED by F2 the_discipline) and of the shelf's row Berakhot 5a:22 (the Land through suffering — 8:5 then 8:7); Onkelos 'as a man TEACHES his son'; the frame writes nothing (R6); no ledger write pays a citation (R5); the register gate lists no seat (its finder scans 'commanded', not 'disciplines'); the census's one demand this sitting — no edge demanded, the design's thirteen CALL edges the census's own"}]
  the spans of the kin: {'balak': [['Num', 22, 1, 41], ['Num', 23, 1, 30], ['Num', 24, 1, 25], ['Num', 25, 1, 19]], 'beha': [['Num', 8, 1, 26], ['Num', 10, 1, 36], ['Num', 11, 1, 35], ['Num', 12, 1, 16]], 'borders': [['Num', 34, 1, 29]], 'calendar': [['Exod', 23, 10, 19]], 'chukat': [['Num', 19, 1, 22], ['Num', 20, 1, 29], ['Num', 21, 1, 35]], 'clocks': [['Lev', 12, 1, 8], ['Lev', 15, 1, 33]], 'covenant_at_horeb': [['Deut', 5, 1, 33]], 'erection': [['Exod', 24, 1, 18], ['Exod', 31, 1, 11], ['Exod', 31, 18, 18], ['Exod', 32, 1, 35], ['Exod', 33, 1, 23], ['Exod', 34, 1, 35], ['Exod', 35, 4, 29], ['Exod', 40, 1, 38]], 'exodus_story': [['Exod', 1, 1, 22], ['Exod', 2, 1, 25], ['Exod', 3, 1, 22], ['Exod', 4, 1, 31], ['Exod', 5, 1, 23], ['Exod', 6, 1, 30], ['Exod', 7, 1, 29], ['Exod', 8, 1, 28], ['Exod', 9, 1, 35], ['Exod', 10, 1, 29], ['Exod', 11, 1, 10], ['Exod', 12, 29, 42], ['Exod', 12, 50, 51], ['Exod', 13, 17, 22], ['Exod', 14, 1, 31], ['Exod', 15, 1, 27], ['Exod', 16, 1, 36], ['Exod', 17, 1, 16], ['Exod', 18, 1, 27], ['Exod', 19, 1, 25]], 'family': [['Gen', 23, 1, 20], ['Gen', 24, 1, 67], ['Gen', 32, 25, 33], ['Gen', 38, 1, 30], ['Gen', 48, 1, 22], ['Gen', 49, 1, 33]], 'gad_reuben': [['Num', 32, 1, 42]], 'good_land': [['Deut', 8, 1, 20]], 'hear_o_israel': [['Deut', 6, 1, 25]], 'joseph': [['Gen', 32, 1, 33], ['Gen', 33, 1, 20], ['Gen', 34, 1, 31], ['Gen', 35, 1, 29], ['Gen', 36, 1, 43], ['Gen', 37, 1, 36], ['Gen', 39, 1, 23], ['Gen', 40, 1, 23], ['Gen', 41, 1, 57], ['Gen', 42, 1, 38], ['Gen', 43, 1, 34], ['Gen', 44, 1, 34], ['Gen', 45, 1, 28], ['Gen', 46, 1, 34], ['Gen', 47, 1, 31], ['Gen', 50, 1, 26]], 'journeys': [['Num', 33, 1, 56]], 'korach': [['Num', 16, 1, 35], ['Num', 17, 1, 28], ['Num', 18, 1, 32]], 'moadim': [['Lev', 23, 1, 44]], 'obey_horeb': [['Deut', 4, 1, 49]], 'opening_speech': [['Num', 27, 12, 23], ['Deut', 1, 1, 46], ['Deut', 2, 1, 37], ['Deut', 3, 1, 29]], 'primeval': [['Gen', 2, 4, 15], ['Gen', 2, 18, 23], ['Gen', 2, 25, 25], ['Gen', 3, 1, 24], ['Gen', 4, 1, 26], ['Gen', 5, 1, 32], ['Gen', 6, 1, 22], ['Gen', 7, 1, 24], ['Gen', 8, 1, 22], ['Gen', 9, 18, 29], ['Gen', 10, 1, 32], ['Gen', 11, 1, 32], ['Gen', 12, 1, 20], ['Gen', 13, 1, 18], ['Gen', 14, 1, 24], ['Gen', 15, 1, 21], ['Gen', 16, 1, 16]], 'second_census': [['Num', 25, 19, 19], ['Num', 26, 1, 65]], 'seven_nations': [['Deut', 7, 1, 26]], 'shelach': [['Num', 13, 1, 33], ['Num', 14, 1, 45], ['Num', 15, 1, 31]], 'shemini_day': [['Lev', 9, 1, 24]], 'tochacha': [['Lev', 26, 1, 46]], 'vows': [['Num', 30, 1, 17]]}
  installing acts: ['judges_appointed', 'covenant_blood_thrown', 'erected', 'called_from_the_tent', 'milluim_blood_sprinkled', 'sentence_declared', 'statute_declared', 'command_relayed', 'entered_the_land']
  I5 expects: ['68']
  the register seats naming Deut 9: []

==== (7) THE READBACK PROBES on file; the ledgers naming 9:20 ====
  readback_probes: the Q labels: ['Q1', 'Q2', 'Q3', 'Q4', 'Q5', 'Q6', 'Q7', 'Q8', 'Q9', 'Q11', 'Q12', 'Q13', 'Q14', 'Q15', 'Q16', 'Q17', 'Q18', 'Q19', 'Q20', 'Q21']
  the Q19-Q21 heads: ["for n, f in (('Q1 the table', q1), ('Q2 found', q2), ('Q3 the close by a prior run', q3), ('Q4 the retrograde dating', q4), ('Q5 the open disagreements', q5), ('Q6 the register seats', q6), ('Q7 chapt"]
  the readback forms on THE_LOOP's step-6 row: ['| 6 THE READBACK (named 2026-09-09, D12; THE FIRST FORM designed and BUILT 2026-09-15/16 at THE DEUTERONOMY WALK 1b on the owner\'s "Yes 1. Go" — DEUTERONOMY_WALK.md "Sitting 1b" (R1)-(R6) and the as-built) | the text re-', "- THE ENGINE: World.tables — the tables of the FIFTH REGISTRY World/step9/population_schema.yaml (the columns the ink's own words: tribe,", '- THE FIFTH VIEW run_population (World/journal/run_views.sql): one row per run.row — grain, as_of (the census the row belongs to), tribe,']
  ledger naming Deut 9:20: deu_09_ekev_2026-09-19.md (2)
  ledger naming Deut 9:20: exo_29_investiture_2026-09-01.md (1)
  ledger naming Deut 9:20: lev_08_milluim_2026-09-03.md (1)
  the calf runner's ledger(s): ['kitisa_exam_mishnah_2026-09-01.md', 'exo_34_second_tablets_2026-09-01.md', 'exo_32_golden_calf_2026-09-01.md']
