==== (A) THE WORDS OF 1:1-3:29 (plain, with indices) ====
1:1  0:אלה 1:הדברים 2:אשר 3:דבר 4:משה 5:אל 6:כל 7:ישראל 8:בעבר 9:הירדן 10:במדבר 11:בערבה 12:מול 13:סוף 14:בין 15:פארן 16:ובין 17:תפל 18:ולבן 19:וחצרת 20:ודי 21:זהב
1:2  0:אחד 1:עשר 2:יום 3:מחרב 4:דרך 5:הר 6:שעיר 7:עד 8:קדש 9:ברנע
1:3  0:ויהי 1:בארבעים 2:שנה 3:בעשתי 4:עשר 5:חדש 6:באחד 7:לחדש 8:דבר 9:משה 10:אל 11:בני 12:ישראל 13:ככל 14:אשר 15:צוה 16:יהוה 17:אתו 18:אלהם
1:4  0:אחרי 1:הכתו 2:את 3:סיחן 4:מלך 5:האמרי 6:אשר 7:יושב 8:בחשבון 9:ואת 10:עוג 11:מלך 12:הבשן 13:אשר 14:יושב 15:בעשתרת 16:באדרעי
1:5  0:בעבר 1:הירדן 2:בארץ 3:מואב 4:הואיל 5:משה 6:באר 7:את 8:התורה 9:הזאת 10:לאמר
1:6  0:יהוה 1:אלהינו 2:דבר 3:אלינו 4:בחרב 5:לאמר 6:רב 7:לכם 8:שבת 9:בהר 10:הזה
1:7  0:פנו 1:וסעו 2:לכם 3:ובאו 4:הר 5:האמרי 6:ואל 7:כל 8:שכניו 9:בערבה 10:בהר 11:ובשפלה 12:ובנגב 13:ובחוף 14:הים 15:ארץ 16:הכנעני 17:והלבנון 18:עד 19:הנהר 20:הגדל 21:נהר 22:פרת
1:8  0:ראה 1:נתתי 2:לפניכם 3:את 4:הארץ 5:באו 6:ורשו 7:את 8:הארץ 9:אשר 10:נשבע 11:יהוה 12:לאבתיכם 13:לאברהם 14:ליצחק 15:וליעקב 16:לתת 17:להם 18:ולזרעם 19:אחריהם
1:9  0:ואמר 1:אלכם 2:בעת 3:ההוא 4:לאמר 5:לא 6:אוכל 7:לבדי 8:שאת 9:אתכם
1:10 0:יהוה 1:אלהיכם 2:הרבה 3:אתכם 4:והנכם 5:היום 6:ככוכבי 7:השמים 8:לרב
1:11 0:יהוה 1:אלהי 2:אבותכם 3:יסף 4:עליכם 5:ככם 6:אלף 7:פעמים 8:ויברך 9:אתכם 10:כאשר 11:דבר 12:לכם
1:12 0:איכה 1:אשא 2:לבדי 3:טרחכם 4:ומשאכם 5:וריבכם
1:13 0:הבו 1:לכם 2:אנשים 3:חכמים 4:ונבנים 5:וידעים 6:לשבטיכם 7:ואשימם 8:בראשיכם
1:14 0:ותענו 1:אתי 2:ותאמרו 3:טוב 4:הדבר 5:אשר 6:דברת 7:לעשות
1:15 0:ואקח 1:את 2:ראשי 3:שבטיכם 4:אנשים 5:חכמים 6:וידעים 7:ואתן 8:אתם 9:ראשים 10:עליכם 11:שרי 12:אלפים 13:ושרי 14:מאות 15:ושרי 16:חמשים 17:ושרי 18:עשרת 19:ושטרים 20:לשבטיכם
1:16 0:ואצוה 1:את 2:שפטיכם 3:בעת 4:ההוא 5:לאמר 6:שמע 7:בין 8:אחיכם 9:ושפטתם 10:צדק 11:בין 12:איש 13:ובין 14:אחיו 15:ובין 16:גרו
1:17 0:לא 1:תכירו 2:פנים 3:במשפט 4:כקטן 5:כגדל 6:תשמעון 7:לא 8:תגורו 9:מפני 10:איש 11:כי 12:המשפט 13:לאלהים 14:הוא 15:והדבר 16:אשר 17:יקשה 18:מכם 19:תקרבון 20:אלי 21:ושמעתיו
1:18 0:ואצוה 1:אתכם 2:בעת 3:ההוא 4:את 5:כל 6:הדברים 7:אשר 8:תעשון
1:19 0:ונסע 1:מחרב 2:ונלך 3:את 4:כל 5:המדבר 6:הגדול 7:והנורא 8:ההוא 9:אשר 10:ראיתם 11:דרך 12:הר 13:האמרי 14:כאשר 15:צוה 16:יהוה 17:אלהינו 18:אתנו 19:ונבא 20:עד 21:קדש 22:ברנע
1:20 0:ואמר 1:אלכם 2:באתם 3:עד 4:הר 5:האמרי 6:אשר 7:יהוה 8:אלהינו 9:נתן 10:לנו
1:21 0:ראה 1:נתן 2:יהוה 3:אלהיך 4:לפניך 5:את 6:הארץ 7:עלה 8:רש 9:כאשר 10:דבר 11:יהוה 12:אלהי 13:אבתיך 14:לך 15:אל 16:תירא 17:ואל 18:תחת
1:22 0:ותקרבון 1:אלי 2:כלכם 3:ותאמרו 4:נשלחה 5:אנשים 6:לפנינו 7:ויחפרו 8:לנו 9:את 10:הארץ 11:וישבו 12:אתנו 13:דבר 14:את 15:הדרך 16:אשר 17:נעלה 18:בה 19:ואת 20:הערים 21:אשר 22:נבא 23:אליהן
1:23 0:וייטב 1:בעיני 2:הדבר 3:ואקח 4:מכם 5:שנים 6:עשר 7:אנשים 8:איש 9:אחד 10:לשבט
1:24 0:ויפנו 1:ויעלו 2:ההרה 3:ויבאו 4:עד 5:נחל 6:אשכל 7:וירגלו 8:אתה
1:25 0:ויקחו 1:בידם 2:מפרי 3:הארץ 4:ויורדו 5:אלינו 6:וישבו 7:אתנו 8:דבר 9:ויאמרו 10:טובה 11:הארץ 12:אשר 13:יהוה 14:אלהינו 15:נתן 16:לנו
1:26 0:ולא 1:אביתם 2:לעלת 3:ותמרו 4:את 5:פי 6:יהוה 7:אלהיכם
1:27 0:ותרגנו 1:באהליכם 2:ותאמרו 3:בשנאת 4:יהוה 5:אתנו 6:הוציאנו 7:מארץ 8:מצרים 9:לתת 10:אתנו 11:ביד 12:האמרי 13:להשמידנו
1:28 0:אנה 1:אנחנו 2:עלים 3:אחינו 4:המסו 5:את 6:לבבנו 7:לאמר 8:עם 9:גדול 10:ורם 11:ממנו 12:ערים 13:גדלת 14:ובצורת 15:בשמים 16:וגם 17:בני 18:ענקים 19:ראינו 20:שם
1:29 0:ואמר 1:אלכם 2:לא 3:תערצון 4:ולא 5:תיראון 6:מהם
1:30 0:יהוה 1:אלהיכם 2:ההלך 3:לפניכם 4:הוא 5:ילחם 6:לכם 7:ככל 8:אשר 9:עשה 10:אתכם 11:במצרים 12:לעיניכם
1:31 0:ובמדבר 1:אשר 2:ראית 3:אשר 4:נשאך 5:יהוה 6:אלהיך 7:כאשר 8:ישא 9:איש 10:את 11:בנו 12:בכל 13:הדרך 14:אשר 15:הלכתם 16:עד 17:באכם 18:עד 19:המקום 20:הזה
1:32 0:ובדבר 1:הזה 2:אינכם 3:מאמינם 4:ביהוה 5:אלהיכם
1:33 0:ההלך 1:לפניכם 2:בדרך 3:לתור 4:לכם 5:מקום 6:לחנתכם 7:באש 8:לילה 9:לראתכם 10:בדרך 11:אשר 12:תלכו 13:בה 14:ובענן 15:יומם
1:34 0:וישמע 1:יהוה 2:את 3:קול 4:דבריכם 5:ויקצף 6:וישבע 7:לאמר
1:35 0:אם 1:יראה 2:איש 3:באנשים 4:האלה 5:הדור 6:הרע 7:הזה 8:את 9:הארץ 10:הטובה 11:אשר 12:נשבעתי 13:לתת 14:לאבתיכם
1:36 0:זולתי 1:כלב 2:בן 3:יפנה 4:הוא 5:יראנה 6:ולו 7:אתן 8:את 9:הארץ 10:אשר 11:דרך 12:בה 13:ולבניו 14:יען 15:אשר 16:מלא 17:אחרי 18:יהוה
1:37 0:גם 1:בי 2:התאנף 3:יהוה 4:בגללכם 5:לאמר 6:גם 7:אתה 8:לא 9:תבא 10:שם
1:38 0:יהושע 1:בן 2:נון 3:העמד 4:לפניך 5:הוא 6:יבא 7:שמה 8:אתו 9:חזק 10:כי 11:הוא 12:ינחלנה 13:את 14:ישראל
1:39 0:וטפכם 1:אשר 2:אמרתם 3:לבז 4:יהיה 5:ובניכם 6:אשר 7:לא 8:ידעו 9:היום 10:טוב 11:ורע 12:המה 13:יבאו 14:שמה 15:ולהם 16:אתננה 17:והם 18:יירשוה
1:40 0:ואתם 1:פנו 2:לכם 3:וסעו 4:המדברה 5:דרך 6:ים 7:סוף
1:41 0:ותענו 1:ותאמרו 2:אלי 3:חטאנו 4:ליהוה 5:אנחנו 6:נעלה 7:ונלחמנו 8:ככל 9:אשר 10:צונו 11:יהוה 12:אלהינו 13:ותחגרו 14:איש 15:את 16:כלי 17:מלחמתו 18:ותהינו 19:לעלת 20:ההרה
1:42 0:ויאמר 1:יהוה 2:אלי 3:אמר 4:להם 5:לא 6:תעלו 7:ולא 8:תלחמו 9:כי 10:אינני 11:בקרבכם 12:ולא 13:תנגפו 14:לפני 15:איביכם
1:43 0:ואדבר 1:אליכם 2:ולא 3:שמעתם 4:ותמרו 5:את 6:פי 7:יהוה 8:ותזדו 9:ותעלו 10:ההרה
1:44 0:ויצא 1:האמרי 2:הישב 3:בהר 4:ההוא 5:לקראתכם 6:וירדפו 7:אתכם 8:כאשר 9:תעשינה 10:הדברים 11:ויכתו 12:אתכם 13:בשעיר 14:עד 15:חרמה
1:45 0:ותשבו 1:ותבכו 2:לפני 3:יהוה 4:ולא 5:שמע 6:יהוה 7:בקלכם 8:ולא 9:האזין 10:אליכם
1:46 0:ותשבו 1:בקדש 2:ימים 3:רבים 4:כימים 5:אשר 6:ישבתם
2:1  0:ונפן 1:ונסע 2:המדברה 3:דרך 4:ים 5:סוף 6:כאשר 7:דבר 8:יהוה 9:אלי 10:ונסב 11:את 12:הר 13:שעיר 14:ימים 15:רבים
2:2  0:ויאמר 1:יהוה 2:אלי 3:לאמר
2:3  0:רב 1:לכם 2:סב 3:את 4:ההר 5:הזה 6:פנו 7:לכם 8:צפנה
2:4  0:ואת 1:העם 2:צו 3:לאמר 4:אתם 5:עברים 6:בגבול 7:אחיכם 8:בני 9:עשו 10:הישבים 11:בשעיר 12:וייראו 13:מכם 14:ונשמרתם 15:מאד
2:5  0:אל 1:תתגרו 2:בם 3:כי 4:לא 5:אתן 6:לכם 7:מארצם 8:עד 9:מדרך 10:כף 11:רגל 12:כי 13:ירשה 14:לעשו 15:נתתי 16:את 17:הר 18:שעיר
2:6  0:אכל 1:תשברו 2:מאתם 3:בכסף 4:ואכלתם 5:וגם 6:מים 7:תכרו 8:מאתם 9:בכסף 10:ושתיתם
2:7  0:כי 1:יהוה 2:אלהיך 3:ברכך 4:בכל 5:מעשה 6:ידך 7:ידע 8:לכתך 9:את 10:המדבר 11:הגדל 12:הזה 13:זה 14:ארבעים 15:שנה 16:יהוה 17:אלהיך 18:עמך 19:לא 20:חסרת 21:דבר
2:8  0:ונעבר 1:מאת 2:אחינו 3:בני 4:עשו 5:הישבים 6:בשעיר 7:מדרך 8:הערבה 9:מאילת 10:ומעצין 11:גבר 12:ונפן 13:ונעבר 14:דרך 15:מדבר 16:מואב
2:9  0:ויאמר 1:יהוה 2:אלי 3:אל 4:תצר 5:את 6:מואב 7:ואל 8:תתגר 9:בם 10:מלחמה 11:כי 12:לא 13:אתן 14:לך 15:מארצו 16:ירשה 17:כי 18:לבני 19:לוט 20:נתתי 21:את 22:ער 23:ירשה
2:10 0:האמים 1:לפנים 2:ישבו 3:בה 4:עם 5:גדול 6:ורב 7:ורם 8:כענקים
2:11 0:רפאים 1:יחשבו 2:אף 3:הם 4:כענקים 5:והמאבים 6:יקראו 7:להם 8:אמים
2:12 0:ובשעיר 1:ישבו 2:החרים 3:לפנים 4:ובני 5:עשו 6:יירשום 7:וישמידום 8:מפניהם 9:וישבו 10:תחתם 11:כאשר 12:עשה 13:ישראל 14:לארץ 15:ירשתו 16:אשר 17:נתן 18:יהוה 19:להם
2:13 0:עתה 1:קמו 2:ועברו 3:לכם 4:את 5:נחל 6:זרד 7:ונעבר 8:את 9:נחל 10:זרד
2:14 0:והימים 1:אשר 2:הלכנו 3:מקדש 4:ברנע 5:עד 6:אשר 7:עברנו 8:את 9:נחל 10:זרד 11:שלשים 12:ושמנה 13:שנה 14:עד 15:תם 16:כל 17:הדור 18:אנשי 19:המלחמה 20:מקרב 21:המחנה 22:כאשר 23:נשבע 24:יהוה 25:להם
2:15 0:וגם 1:יד 2:יהוה 3:היתה 4:בם 5:להמם 6:מקרב 7:המחנה 8:עד 9:תמם
2:16 0:ויהי 1:כאשר 2:תמו 3:כל 4:אנשי 5:המלחמה 6:למות 7:מקרב 8:העם
2:17 0:וידבר 1:יהוה 2:אלי 3:לאמר
2:18 0:אתה 1:עבר 2:היום 3:את 4:גבול 5:מואב 6:את 7:ער
2:19 0:וקרבת 1:מול 2:בני 3:עמון 4:אל 5:תצרם 6:ואל 7:תתגר 8:בם 9:כי 10:לא 11:אתן 12:מארץ 13:בני 14:עמון 15:לך 16:ירשה 17:כי 18:לבני 19:לוט 20:נתתיה 21:ירשה
2:20 0:ארץ 1:רפאים 2:תחשב 3:אף 4:הוא 5:רפאים 6:ישבו 7:בה 8:לפנים 9:והעמנים 10:יקראו 11:להם 12:זמזמים
2:21 0:עם 1:גדול 2:ורב 3:ורם 4:כענקים 5:וישמידם 6:יהוה 7:מפניהם 8:ויירשם 9:וישבו 10:תחתם
2:22 0:כאשר 1:עשה 2:לבני 3:עשו 4:הישבים 5:בשעיר 6:אשר 7:השמיד 8:את 9:החרי 10:מפניהם 11:ויירשם 12:וישבו 13:תחתם 14:עד 15:היום 16:הזה
2:23 0:והעוים 1:הישבים 2:בחצרים 3:עד 4:עזה 5:כפתרים 6:היצאים 7:מכפתור 8:השמידם 9:וישבו 10:תחתם
2:24 0:קומו 1:סעו 2:ועברו 3:את 4:נחל 5:ארנן 6:ראה 7:נתתי 8:בידך 9:את 10:סיחן 11:מלך 12:חשבון 13:האמרי 14:ואת 15:ארצו 16:החל 17:רש 18:והתגר 19:בו 20:מלחמה
2:25 0:היום 1:הזה 2:אחל 3:תת 4:פחדך 5:ויראתך 6:על 7:פני 8:העמים 9:תחת 10:כל 11:השמים 12:אשר 13:ישמעון 14:שמעך 15:ורגזו 16:וחלו 17:מפניך
2:26 0:ואשלח 1:מלאכים 2:ממדבר 3:קדמות 4:אל 5:סיחון 6:מלך 7:חשבון 8:דברי 9:שלום 10:לאמר
2:27 0:אעברה 1:בארצך 2:בדרך 3:בדרך 4:אלך 5:לא 6:אסור 7:ימין 8:ושמאול
2:28 0:אכל 1:בכסף 2:תשברני 3:ואכלתי 4:ומים 5:בכסף 6:תתן 7:לי 8:ושתיתי 9:רק 10:אעברה 11:ברגלי
2:29 0:כאשר 1:עשו 2:לי 3:בני 4:עשו 5:הישבים 6:בשעיר 7:והמואבים 8:הישבים 9:בער 10:עד 11:אשר 12:אעבר 13:את 14:הירדן 15:אל 16:הארץ 17:אשר 18:יהוה 19:אלהינו 20:נתן 21:לנו
2:30 0:ולא 1:אבה 2:סיחן 3:מלך 4:חשבון 5:העברנו 6:בו 7:כי 8:הקשה 9:יהוה 10:אלהיך 11:את 12:רוחו 13:ואמץ 14:את 15:לבבו 16:למען 17:תתו 18:בידך 19:כיום 20:הזה
2:31 0:ויאמר 1:יהוה 2:אלי 3:ראה 4:החלתי 5:תת 6:לפניך 7:את 8:סיחן 9:ואת 10:ארצו 11:החל 12:רש 13:לרשת 14:את 15:ארצו
2:32 0:ויצא 1:סיחן 2:לקראתנו 3:הוא 4:וכל 5:עמו 6:למלחמה 7:יהצה
2:33 0:ויתנהו 1:יהוה 2:אלהינו 3:לפנינו 4:ונך 5:אתו 6:ואת 7:בנו 8:ואת 9:כל 10:עמו
2:34 0:ונלכד 1:את 2:כל 3:עריו 4:בעת 5:ההוא 6:ונחרם 7:את 8:כל 9:עיר 10:מתם 11:והנשים 12:והטף 13:לא 14:השארנו 15:שריד
2:35 0:רק 1:הבהמה 2:בזזנו 3:לנו 4:ושלל 5:הערים 6:אשר 7:לכדנו
2:36 0:מערער 1:אשר 2:על 3:שפת 4:נחל 5:ארנן 6:והעיר 7:אשר 8:בנחל 9:ועד 10:הגלעד 11:לא 12:היתה 13:קריה 14:אשר 15:שגבה 16:ממנו 17:את 18:הכל 19:נתן 20:יהוה 21:אלהינו 22:לפנינו
2:37 0:רק 1:אל 2:ארץ 3:בני 4:עמון 5:לא 6:קרבת 7:כל 8:יד 9:נחל 10:יבק 11:וערי 12:ההר 13:וכל 14:אשר 15:צוה 16:יהוה 17:אלהינו
3:1  0:ונפן 1:ונעל 2:דרך 3:הבשן 4:ויצא 5:עוג 6:מלך 7:הבשן 8:לקראתנו 9:הוא 10:וכל 11:עמו 12:למלחמה 13:אדרעי
3:2  0:ויאמר 1:יהוה 2:אלי 3:אל 4:תירא 5:אתו 6:כי 7:בידך 8:נתתי 9:אתו 10:ואת 11:כל 12:עמו 13:ואת 14:ארצו 15:ועשית 16:לו 17:כאשר 18:עשית 19:לסיחן 20:מלך 21:האמרי 22:אשר 23:יושב 24:בחשבון
3:3  0:ויתן 1:יהוה 2:אלהינו 3:בידנו 4:גם 5:את 6:עוג 7:מלך 8:הבשן 9:ואת 10:כל 11:עמו 12:ונכהו 13:עד 14:בלתי 15:השאיר 16:לו 17:שריד
3:4  0:ונלכד 1:את 2:כל 3:עריו 4:בעת 5:ההוא 6:לא 7:היתה 8:קריה 9:אשר 10:לא 11:לקחנו 12:מאתם 13:ששים 14:עיר 15:כל 16:חבל 17:ארגב 18:ממלכת 19:עוג 20:בבשן
3:5  0:כל 1:אלה 2:ערים 3:בצרות 4:חומה 5:גבהה 6:דלתים 7:ובריח 8:לבד 9:מערי 10:הפרזי 11:הרבה 12:מאד
3:6  0:ונחרם 1:אותם 2:כאשר 3:עשינו 4:לסיחן 5:מלך 6:חשבון 7:החרם 8:כל 9:עיר 10:מתם 11:הנשים 12:והטף
3:7  0:וכל 1:הבהמה 2:ושלל 3:הערים 4:בזונו 5:לנו
3:8  0:ונקח 1:בעת 2:ההוא 3:את 4:הארץ 5:מיד 6:שני 7:מלכי 8:האמרי 9:אשר 10:בעבר 11:הירדן 12:מנחל 13:ארנן 14:עד 15:הר 16:חרמון
3:9  0:צידנים 1:יקראו 2:לחרמון 3:שרין 4:והאמרי 5:יקראו 6:לו 7:שניר
3:10 0:כל 1:ערי 2:המישר 3:וכל 4:הגלעד 5:וכל 6:הבשן 7:עד 8:סלכה 9:ואדרעי 10:ערי 11:ממלכת 12:עוג 13:בבשן
3:11 0:כי 1:רק 2:עוג 3:מלך 4:הבשן 5:נשאר 6:מיתר 7:הרפאים 8:הנה 9:ערשו 10:ערש 11:ברזל 12:הלה 13:הוא 14:ברבת 15:בני 16:עמון 17:תשע 18:אמות 19:ארכה 20:וארבע 21:אמות 22:רחבה 23:באמת 24:איש
3:12 0:ואת 1:הארץ 2:הזאת 3:ירשנו 4:בעת 5:ההוא 6:מערער 7:אשר 8:על 9:נחל 10:ארנן 11:וחצי 12:הר 13:הגלעד 14:ועריו 15:נתתי 16:לראובני 17:ולגדי
3:13 0:ויתר 1:הגלעד 2:וכל 3:הבשן 4:ממלכת 5:עוג 6:נתתי 7:לחצי 8:שבט 9:המנשה 10:כל 11:חבל 12:הארגב 13:לכל 14:הבשן 15:ההוא 16:יקרא 17:ארץ 18:רפאים
3:14 0:יאיר 1:בן 2:מנשה 3:לקח 4:את 5:כל 6:חבל 7:ארגב 8:עד 9:גבול 10:הגשורי 11:והמעכתי 12:ויקרא 13:אתם 14:על 15:שמו 16:את 17:הבשן 18:חות 19:יאיר 20:עד 21:היום 22:הזה
3:15 0:ולמכיר 1:נתתי 2:את 3:הגלעד
3:16 0:ולראובני 1:ולגדי 2:נתתי 3:מן 4:הגלעד 5:ועד 6:נחל 7:ארנן 8:תוך 9:הנחל 10:וגבל 11:ועד 12:יבק 13:הנחל 14:גבול 15:בני 16:עמון
3:17 0:והערבה 1:והירדן 2:וגבל 3:מכנרת 4:ועד 5:ים 6:הערבה 7:ים 8:המלח 9:תחת 10:אשדת 11:הפסגה 12:מזרחה
3:18 0:ואצו 1:אתכם 2:בעת 3:ההוא 4:לאמר 5:יהוה 6:אלהיכם 7:נתן 8:לכם 9:את 10:הארץ 11:הזאת 12:לרשתה 13:חלוצים 14:תעברו 15:לפני 16:אחיכם 17:בני 18:ישראל 19:כל 20:בני 21:חיל
3:19 0:רק 1:נשיכם 2:וטפכם 3:ומקנכם 4:ידעתי 5:כי 6:מקנה 7:רב 8:לכם 9:ישבו 10:בעריכם 11:אשר 12:נתתי 13:לכם
3:20 0:עד 1:אשר 2:יניח 3:יהוה 4:לאחיכם 5:ככם 6:וירשו 7:גם 8:הם 9:את 10:הארץ 11:אשר 12:יהוה 13:אלהיכם 14:נתן 15:להם 16:בעבר 17:הירדן 18:ושבתם 19:איש 20:לירשתו 21:אשר 22:נתתי 23:לכם
3:21 0:ואת 1:יהושוע 2:צויתי 3:בעת 4:ההוא 5:לאמר 6:עיניך 7:הראת 8:את 9:כל 10:אשר 11:עשה 12:יהוה 13:אלהיכם 14:לשני 15:המלכים 16:האלה 17:כן 18:יעשה 19:יהוה 20:לכל 21:הממלכות 22:אשר 23:אתה 24:עבר 25:שמה
3:22 0:לא 1:תיראום 2:כי 3:יהוה 4:אלהיכם 5:הוא 6:הנלחם 7:לכם
3:23 0:ואתחנן 1:אל 2:יהוה 3:בעת 4:ההוא 5:לאמר
3:24 0:אדני 1:יהוה 2:אתה 3:החלות 4:להראות 5:את 6:עבדך 7:את 8:גדלך 9:ואת 10:ידך 11:החזקה 12:אשר 13:מי 14:אל 15:בשמים 16:ובארץ 17:אשר 18:יעשה 19:כמעשיך 20:וכגבורתך
3:25 0:אעברה 1:נא 2:ואראה 3:את 4:הארץ 5:הטובה 6:אשר 7:בעבר 8:הירדן 9:ההר 10:הטוב 11:הזה 12:והלבנון
3:26 0:ויתעבר 1:יהוה 2:בי 3:למענכם 4:ולא 5:שמע 6:אלי 7:ויאמר 8:יהוה 9:אלי 10:רב 11:לך 12:אל 13:תוסף 14:דבר 15:אלי 16:עוד 17:בדבר 18:הזה
3:27 0:עלה 1:ראש 2:הפסגה 3:ושא 4:עיניך 5:ימה 6:וצפנה 7:ותימנה 8:ומזרחה 9:וראה 10:בעיניך 11:כי 12:לא 13:תעבר 14:את 15:הירדן 16:הזה
3:28 0:וצו 1:את 2:יהושע 3:וחזקהו 4:ואמצהו 5:כי 6:הוא 7:יעבר 8:לפני 9:העם 10:הזה 11:והוא 12:ינחיל 13:אותם 14:את 15:הארץ 16:אשר 17:תראה
3:29 0:ונשב 1:בגיא 2:מול 3:בית 4:פעור

==== THE POINTED WORDS OF 1:1-3:29 (NFC) ====
1:1  0:אֵ֣לֶּה 1:הַדְּבָרִ֗ים 2:אֲשֶׁ֨ר 3:דִּבֶּ֤ר 4:מֹשֶׁה֙ 5:אֶל 6:כָּל 7:יִשְׂרָאֵ֔ל 8:בְּעֵ֖בֶר 9:הַיַּרְדֵּ֑ן 10:בַּמִּדְבָּ֡ר 11:בָּֽעֲרָבָה֩ 12:מ֨וֹל 13:ס֜וּף 14:בֵּֽין 15:פָּארָ֧ן 16:וּבֵֽין 17:תֹּ֛פֶל 18:וְלָבָ֥ן 19:וַחֲצֵרֹ֖ת 20:וְדִ֥י 21:זָהָֽב
1:2  0:אַחַ֨ד 1:עָשָׂ֥ר 2:יוֹם֙ 3:מֵֽחֹרֵ֔ב 4:דֶּ֖רֶךְ 5:הַר 6:שֵׂעִ֑יר 7:עַ֖ד 8:קָדֵ֥שׁ 9:בַּרְנֵֽעַ
1:3  0:וַיְהִי֙ 1:בְּאַרְבָּעִ֣ים 2:שָׁנָ֔ה 3:בְּעַשְׁתֵּֽי 4:עָשָׂ֥ר 5:חֹ֖דֶשׁ 6:בְּאֶחָ֣ד 7:לַחֹ֑דֶשׁ 8:דִּבֶּ֤ר 9:מֹשֶׁה֙ 10:אֶל 11:בְּנֵ֣י 12:יִשְׂרָאֵ֔ל 13:כְּ֠כֹל 14:אֲשֶׁ֨ר 15:צִוָּ֧ה 16:יְהוָ֛ה 17:אֹת֖וֹ 18:אֲלֵהֶֽם
1:4  0:אַחֲרֵ֣י 1:הַכֹּת֗וֹ 2:אֵ֚ת 3:סִיחֹן֙ 4:מֶ֣לֶךְ 5:הָֽאֱמֹרִ֔י 6:אֲשֶׁ֥ר 7:יוֹשֵׁ֖ב 8:בְּחֶשְׁבּ֑וֹן 9:וְאֵ֗ת 10:ע֚וֹג 11:מֶ֣לֶךְ 12:הַבָּשָׁ֔ן 13:אֲשֶׁר 14:יוֹשֵׁ֥ב 15:בְּעַשְׁתָּרֹ֖ת 16:בְּאֶדְרֶֽעִי
1:5  0:בְּעֵ֥בֶר 1:הַיַּרְדֵּ֖ן 2:בְּאֶ֣רֶץ 3:מוֹאָ֑ב 4:הוֹאִ֣יל 5:מֹשֶׁ֔ה 6:בֵּאֵ֛ר 7:אֶת 8:הַתּוֹרָ֥ה 9:הַזֹּ֖את 10:לֵאמֹֽר
1:6  0:יְהוָ֧ה 1:אֱלֹהֵ֛ינוּ 2:דִּבֶּ֥ר 3:אֵלֵ֖ינוּ 4:בְּחֹרֵ֣ב 5:לֵאמֹ֑ר 6:רַב 7:לָכֶ֥ם 8:שֶׁ֖בֶת 9:בָּהָ֥ר 10:הַזֶּֽה
1:7  0:פְּנ֣וּ 1:וּסְע֣וּ 2:לָכֶ֗ם 3:וּבֹ֨אוּ 4:הַ֥ר 5:הָֽאֱמֹרִי֮ 6:וְאֶל 7:כָּל 8:שְׁכֵנָיו֒ 9:בָּעֲרָבָ֥ה 10:בָהָ֛ר 11:וּבַשְּׁפֵלָ֥ה 12:וּבַנֶּ֖גֶב 13:וּבְח֣וֹף 14:הַיָּ֑ם 15:אֶ֤רֶץ 16:הַֽכְּנַעֲנִי֙ 17:וְהַלְּבָנ֔וֹן 18:עַד 19:הַנָּהָ֥ר 20:הַגָּדֹ֖ל 21:נְהַר 22:פְּרָֽת
1:8  0:רְאֵ֛ה 1:נָתַ֥תִּי 2:לִפְנֵיכֶ֖ם 3:אֶת 4:הָאָ֑רֶץ 5:בֹּ֚אוּ 6:וּרְשׁ֣וּ 7:אֶת 8:הָאָ֔רֶץ 9:אֲשֶׁ֣ר 10:נִשְׁבַּ֣ע 11:יְ֠הוָה 12:לַאֲבֹ֨תֵיכֶ֜ם 13:לְאַבְרָהָ֨ם 14:לְיִצְחָ֤ק 15:וּֽלְיַעֲקֹב֙ 16:לָתֵ֣ת 17:לָהֶ֔ם 18:וּלְזַרְעָ֖ם 19:אַחֲרֵיהֶֽם
1:9  0:וָאֹמַ֣ר 1:אֲלֵכֶ֔ם 2:בָּעֵ֥ת 3:הַהִ֖וא 4:לֵאמֹ֑ר 5:לֹא 6:אוּכַ֥ל 7:לְבַדִּ֖י 8:שְׂאֵ֥ת 9:אֶתְכֶֽם
1:10 0:יְהוָ֥ה 1:אֱלֹהֵיכֶ֖ם 2:הִרְבָּ֣ה 3:אֶתְכֶ֑ם 4:וְהִנְּכֶ֣ם 5:הַיּ֔וֹם 6:כְּכוֹכְבֵ֥י 7:הַשָּׁמַ֖יִם 8:לָרֹֽב
1:11 0:יְהוָ֞ה 1:אֱלֹהֵ֣י 2:אֲבֽוֹתֵכֶ֗ם 3:יֹסֵ֧ף 4:עֲלֵיכֶ֛ם 5:כָּכֶ֖ם 6:אֶ֣לֶף 7:פְּעָמִ֑ים 8:וִיבָרֵ֣ךְ 9:אֶתְכֶ֔ם 10:כַּאֲשֶׁ֖ר 11:דִּבֶּ֥ר 12:לָכֶֽם
1:12 0:אֵיכָ֥ה 1:אֶשָּׂ֖א 2:לְבַדִּ֑י 3:טָרְחֲכֶ֥ם 4:וּמַֽשַּׂאֲכֶ֖ם 5:וְרִֽיבְכֶֽם
1:13 0:הָב֣וּ 1:לָ֠כֶם 2:אֲנָשִׁ֨ים 3:חֲכָמִ֧ים 4:וּנְבֹנִ֛ים 5:וִידֻעִ֖ים 6:לְשִׁבְטֵיכֶ֑ם 7:וַאֲשִׂימֵ֖ם 8:בְּרָאשֵׁיכֶֽם
1:14 0:וַֽתַּעֲנ֖וּ 1:אֹתִ֑י 2:וַתֹּ֣אמְר֔וּ 3:טֽוֹב 4:הַדָּבָ֥ר 5:אֲשֶׁר 6:דִּבַּ֖רְתָּ 7:לַעֲשֽׂוֹת
1:15 0:וָאֶקַּ֞ח 1:אֶת 2:רָאשֵׁ֣י 3:שִׁבְטֵיכֶ֗ם 4:אֲנָשִׁ֤ים 5:חֲכָמִים֙ 6:וִֽידֻעִ֔ים 7:וָאֶתֵּ֥ן 8:אֹתָ֛ם 9:רָאשִׁ֖ים 10:עֲלֵיכֶ֑ם 11:שָׂרֵ֨י 12:אֲלָפִ֜ים 13:וְשָׂרֵ֣י 14:מֵא֗וֹת 15:וְשָׂרֵ֤י 16:חֲמִשִּׁים֙ 17:וְשָׂרֵ֣י 18:עֲשָׂרֹ֔ת 19:וְשֹׁטְרִ֖ים 20:לְשִׁבְטֵיכֶֽם
1:16 0:וָאֲצַוֶּה֙ 1:אֶת 2:שֹׁ֣פְטֵיכֶ֔ם 3:בָּעֵ֥ת 4:הַהִ֖וא 5:לֵאמֹ֑ר 6:שָׁמֹ֤עַ 7:בֵּין 8:אֲחֵיכֶם֙ 9:וּשְׁפַטְתֶּ֣ם 10:צֶ֔דֶק 11:בֵּֽין 12:אִ֥ישׁ 13:וּבֵין 14:אָחִ֖יו 15:וּבֵ֥ין 16:גֵּרֽוֹ
1:17 0:לֹֽא 1:תַכִּ֨ירוּ 2:פָנִ֜ים 3:בַּמִּשְׁפָּ֗ט 4:כַּקָּטֹ֤ן 5:כַּגָּדֹל֙ 6:תִּשְׁמָע֔וּן 7:לֹ֤א 8:תָג֨וּרוּ֙ 9:מִפְּנֵי 10:אִ֔ישׁ 11:כִּ֥י 12:הַמִּשְׁפָּ֖ט 13:לֵאלֹהִ֣ים 14:ה֑וּא 15:וְהַדָּבָר֙ 16:אֲשֶׁ֣ר 17:יִקְשֶׁ֣ה 18:מִכֶּ֔ם 19:תַּקְרִב֥וּן 20:אֵלַ֖י 21:וּשְׁמַעְתִּֽיו
1:18 0:וָאֲצַוֶּ֥ה 1:אֶתְכֶ֖ם 2:בָּעֵ֣ת 3:הַהִ֑וא 4:אֵ֥ת 5:כָּל 6:הַדְּבָרִ֖ים 7:אֲשֶׁ֥ר 8:תַּעֲשֽׂוּן
1:19 0:וַנִּסַּ֣ע 1:מֵחֹרֵ֗ב 2:וַנֵּ֡לֶךְ 3:אֵ֣ת 4:כָּל 5:הַמִּדְבָּ֣ר 6:הַגָּדוֹל֩ 7:וְהַנּוֹרָ֨א 8:הַה֜וּא 9:אֲשֶׁ֣ר 10:רְאִיתֶ֗ם 11:דֶּ֚רֶךְ 12:הַ֣ר 13:הָֽאֱמֹרִ֔י 14:כַּאֲשֶׁ֥ר 15:צִוָּ֛ה 16:יְהוָ֥ה 17:אֱלֹהֵ֖ינוּ 18:אֹתָ֑נוּ 19:וַנָּבֹ֕א 20:עַ֖ד 21:קָדֵ֥שׁ 22:בַּרְנֵֽעַ
1:20 0:וָאֹמַ֖ר 1:אֲלֵכֶ֑ם 2:בָּאתֶם֙ 3:עַד 4:הַ֣ר 5:הָאֱמֹרִ֔י 6:אֲשֶׁר 7:יְהוָ֥ה 8:אֱלֹהֵ֖ינוּ 9:נֹתֵ֥ן 10:לָֽנוּ
1:21 0:רְ֠אֵה 1:נָתַ֨ן 2:יְהוָ֧ה 3:אֱלֹהֶ֛יךָ 4:לְפָנֶ֖יךָ 5:אֶת 6:הָאָ֑רֶץ 7:עֲלֵ֣ה 8:רֵ֗שׁ 9:כַּאֲשֶׁר֩ 10:דִּבֶּ֨ר 11:יְהוָ֜ה 12:אֱלֹהֵ֤י 13:אֲבֹתֶ֨יךָ֙ 14:לָ֔ךְ 15:אַל 16:תִּירָ֖א 17:וְאַל 18:תֵּחָֽת
1:22 0:וַתִּקְרְב֣וּן 1:אֵלַי֮ 2:כֻּלְּכֶם֒ 3:וַתֹּאמְר֗וּ 4:נִשְׁלְחָ֤ה 5:אֲנָשִׁים֙ 6:לְפָנֵ֔ינוּ 7:וְיַחְפְּרוּ 8:לָ֖נוּ 9:אֶת 10:הָאָ֑רֶץ 11:וְיָשִׁ֤בוּ 12:אֹתָ֨נוּ֙ 13:דָּבָ֔ר 14:אֶת 15:הַדֶּ֨רֶךְ֙ 16:אֲשֶׁ֣ר 17:נַעֲלֶה 18:בָּ֔הּ 19:וְאֵת֙ 20:הֶֽעָרִ֔ים 21:אֲשֶׁ֥ר 22:נָבֹ֖א 23:אֲלֵיהֶֽן
1:23 0:וַיִּיטַ֥ב 1:בְּעֵינַ֖י 2:הַדָּבָ֑ר 3:וָאֶקַּ֤ח 4:מִכֶּם֙ 5:שְׁנֵ֣ים 6:עָשָׂ֣ר 7:אֲנָשִׁ֔ים 8:אִ֥ישׁ 9:אֶחָ֖ד 10:לַשָּֽׁבֶט
1:24 0:וַיִּפְנוּ֙ 1:וַיַּעֲל֣וּ 2:הָהָ֔רָה 3:וַיָּבֹ֖אוּ 4:עַד 5:נַ֣חַל 6:אֶשְׁכֹּ֑ל 7:וַֽיְרַגְּל֖וּ 8:אֹתָֽהּ
1:25 0:וַיִּקְח֤וּ 1:בְיָדָם֙ 2:מִפְּרִ֣י 3:הָאָ֔רֶץ 4:וַיּוֹרִ֖דוּ 5:אֵלֵ֑ינוּ 6:וַיָּשִׁ֨בוּ 7:אֹתָ֤נוּ 8:דָבָר֙ 9:וַיֹּ֣אמְר֔וּ 10:טוֹבָ֣ה 11:הָאָ֔רֶץ 12:אֲשֶׁר 13:יְהוָ֥ה 14:אֱלֹהֵ֖ינוּ 15:נֹתֵ֥ן 16:לָֽנוּ
1:26 0:וְלֹ֥א 1:אֲבִיתֶ֖ם 2:לַעֲלֹ֑ת 3:וַתַּמְר֕וּ 4:אֶת 5:פִּ֥י 6:יְהוָ֖ה 7:אֱלֹהֵיכֶֽם
1:27 0:וַתֵּרָגְנ֤וּ 1:בְאָהֳלֵיכֶם֙ 2:וַתֹּ֣אמְר֔וּ 3:בְּשִׂנְאַ֤ת 4:יְהוָה֙ 5:אֹתָ֔נוּ 6:הוֹצִיאָ֖נוּ 7:מֵאֶ֣רֶץ 8:מִצְרָ֑יִם 9:לָתֵ֥ת 10:אֹתָ֛נוּ 11:בְּיַ֥ד 12:הָאֱמֹרִ֖י 13:לְהַשְׁמִידֵֽנוּ
1:28 0:אָנָ֣ה 1:אֲנַ֣חְנוּ 2:עֹלִ֗ים 3:אַחֵינוּ֩ 4:הֵמַ֨סּוּ 5:אֶת 6:לְבָבֵ֜נוּ 7:לֵאמֹ֗ר 8:עַ֣ם 9:גָּד֤וֹל 10:וָרָם֙ 11:מִמֶּ֔נּוּ 12:עָרִ֛ים 13:גְּדֹלֹ֥ת 14:וּבְצוּרֹ֖ת 15:בַּשָּׁמָ֑יִם 16:וְגַם 17:בְּנֵ֥י 18:עֲנָקִ֖ים 19:רָאִ֥ינוּ 20:שָֽׁם
1:29 0:וָאֹמַ֖ר 1:אֲלֵכֶ֑ם 2:לֹא 3:תַֽעַרְצ֥וּן 4:וְֽלֹא 5:תִֽירְא֖וּן 6:מֵהֶֽם
1:30 0:יְהוָ֤ה 1:אֱלֹֽהֵיכֶם֙ 2:הַהֹלֵ֣ךְ 3:לִפְנֵיכֶ֔ם 4:ה֖וּא 5:יִלָּחֵ֣ם 6:לָכֶ֑ם 7:כְּ֠כֹל 8:אֲשֶׁ֨ר 9:עָשָׂ֧ה 10:אִתְּכֶ֛ם 11:בְּמִצְרַ֖יִם 12:לְעֵינֵיכֶֽם
1:31 0:וּבַמִּדְבָּר֙ 1:אֲשֶׁ֣ר 2:רָאִ֔יתָ 3:אֲשֶׁ֤ר 4:נְשָׂאֲךָ֙ 5:יְהוָ֣ה 6:אֱלֹהֶ֔יךָ 7:כַּאֲשֶׁ֥ר 8:יִשָּׂא 9:אִ֖ישׁ 10:אֶת 11:בְּנ֑וֹ 12:בְּכָל 13:הַדֶּ֨רֶךְ֙ 14:אֲשֶׁ֣ר 15:הֲלַכְתֶּ֔ם 16:עַד 17:בֹּאֲכֶ֖ם 18:עַד 19:הַמָּק֥וֹם 20:הַזֶּֽה
1:32 0:וּבַדָּבָ֖ר 1:הַזֶּ֑ה 2:אֵֽינְכֶם֙ 3:מַאֲמִינִ֔ם 4:בַּיהוָ֖ה 5:אֱלֹהֵיכֶֽם
1:33 0:הַהֹלֵ֨ךְ 1:לִפְנֵיכֶ֜ם 2:בַּדֶּ֗רֶךְ 3:לָת֥וּר 4:לָכֶ֛ם 5:מָק֖וֹם 6:לַֽחֲנֹֽתְכֶ֑ם 7:בָּאֵ֣שׁ 8:לַ֗יְלָה 9:לַרְאֹֽתְכֶם֙ 10:בַּדֶּ֨רֶךְ֙ 11:אֲשֶׁ֣ר 12:תֵּֽלְכוּ 13:בָ֔הּ 14:וּבֶעָנָ֖ן 15:יוֹמָֽם
1:34 0:וַיִּשְׁמַ֥ע 1:יְהוָ֖ה 2:אֶת 3:ק֣וֹל 4:דִּבְרֵיכֶ֑ם 5:וַיִּקְצֹ֖ף 6:וַיִּשָּׁבַ֥ע 7:לֵאמֹֽר
1:35 0:אִם 1:יִרְאֶ֥ה 2:אִישׁ֙ 3:בָּאֲנָשִׁ֣ים 4:הָאֵ֔לֶּה 5:הַדּ֥וֹר 6:הָרָ֖ע 7:הַזֶּ֑ה 8:אֵ֚ת 9:הָאָ֣רֶץ 10:הַטּוֹבָ֔ה 11:אֲשֶׁ֣ר 12:נִשְׁבַּ֔עְתִּי 13:לָתֵ֖ת 14:לַאֲבֹתֵיכֶֽם
1:36 0:זֽוּלָתִ֞י 1:כָּלֵ֤ב 2:בֶּן 3:יְפֻנֶּה֙ 4:ה֣וּא 5:יִרְאֶ֔נָּה 6:וְלֽוֹ 7:אֶתֵּ֧ן 8:אֶת 9:הָאָ֛רֶץ 10:אֲשֶׁ֥ר 11:דָּֽרַךְ 12:בָּ֖הּ 13:וּלְבָנָ֑יו 14:יַ֕עַן 15:אֲשֶׁ֥ר 16:מִלֵּ֖א 17:אַחֲרֵ֥י 18:יְהוָֽה
1:37 0:גַּם 1:בִּי֙ 2:הִתְאַנַּ֣ף 3:יְהוָ֔ה 4:בִּגְלַלְכֶ֖ם 5:לֵאמֹ֑ר 6:גַּם 7:אַתָּ֖ה 8:לֹא 9:תָבֹ֥א 10:שָֽׁם
1:38 0:יְהוֹשֻׁ֤עַ 1:בִּן 2:נוּן֙ 3:הָעֹמֵ֣ד 4:לְפָנֶ֔יךָ 5:ה֖וּא 6:יָ֣בֹא 7:שָׁ֑מָּה 8:אֹת֣וֹ 9:חַזֵּ֔ק 10:כִּי 11:ה֖וּא 12:יַנְחִלֶ֥נָּה 13:אֶת 14:יִשְׂרָאֵֽל
1:39 0:וְטַפְּכֶם֩ 1:אֲשֶׁ֨ר 2:אֲמַרְתֶּ֜ם 3:לָבַ֣ז 4:יִהְיֶ֗ה 5:וּ֠בְנֵיכֶם 6:אֲשֶׁ֨ר 7:לֹא 8:יָדְע֤וּ 9:הַיּוֹם֙ 10:ט֣וֹב 11:וָרָ֔ע 12:הֵ֖מָּה 13:יָבֹ֣אוּ 14:שָׁ֑מָּה 15:וְלָהֶ֣ם 16:אֶתְּנֶ֔נָּה 17:וְהֵ֖ם 18:יִירָשֽׁוּהָּ
1:40 0:וְאַתֶּ֖ם 1:פְּנ֣וּ 2:לָכֶ֑ם 3:וּסְע֥וּ 4:הַמִּדְבָּ֖רָה 5:דֶּ֥רֶךְ 6:יַם 7:סֽוּף
1:41 0:וַֽתַּעֲנ֣וּ 1:וַתֹּאמְר֣וּ 2:אֵלַ֗י 3:חָטָאנוּ֮ 4:לַֽיהוָה֒ 5:אֲנַ֤חְנוּ 6:נַעֲלֶה֙ 7:וְנִלְחַ֔מְנוּ 8:כְּכֹ֥ל 9:אֲשֶׁר 10:צִוָּ֖נוּ 11:יְהוָ֣ה 12:אֱלֹהֵ֑ינוּ 13:וַֽתַּחְגְּר֗וּ 14:אִ֚ישׁ 15:אֶת 16:כְּלֵ֣י 17:מִלְחַמְתּ֔וֹ 18:וַתָּהִ֖ינוּ 19:לַעֲלֹ֥ת 20:הָהָֽרָה
1:42 0:וַיֹּ֨אמֶר 1:יְהוָ֜ה 2:אֵלַ֗י 3:אֱמֹ֤ר 4:לָהֶם֙ 5:לֹ֤א 6:תַֽעֲלוּ֙ 7:וְלֹא 8:תִלָּ֣חֲמ֔וּ 9:כִּ֥י 10:אֵינֶ֖נִּי 11:בְּקִרְבְּכֶ֑ם 12:וְלֹא֙ 13:תִּנָּֽגְפ֔וּ 14:לִפְנֵ֖י 15:אֹיְבֵיכֶֽם
1:43 0:וָאֲדַבֵּ֥ר 1:אֲלֵיכֶ֖ם 2:וְלֹ֣א 3:שְׁמַעְתֶּ֑ם 4:וַתַּמְרוּ֙ 5:אֶת 6:פִּ֣י 7:יְהוָ֔ה 8:וַתָּזִ֖דוּ 9:וַתַּעֲל֥וּ 10:הָהָֽרָה
1:44 0:וַיֵּצֵ֨א 1:הָאֱמֹרִ֜י 2:הַיֹּשֵׁ֨ב 3:בָּהָ֤ר 4:הַהוּא֙ 5:לִקְרַאתְכֶ֔ם 6:וַיִּרְדְּפ֣וּ 7:אֶתְכֶ֔ם 8:כַּאֲשֶׁ֥ר 9:תַּעֲשֶׂ֖ינָה 10:הַדְּבֹרִ֑ים 11:וַֽיַּכְּת֥וּ 12:אֶתְכֶ֛ם 13:בְּשֵׂעִ֖יר 14:עַד 15:חָרְמָֽה
1:45 0:וַתָּשֻׁ֥בוּ 1:וַתִּבְכּ֖וּ 2:לִפְנֵ֣י 3:יְהוָ֑ה 4:וְלֹֽא 5:שָׁמַ֤ע 6:יְהוָה֙ 7:בְּקֹ֣לְכֶ֔ם 8:וְלֹ֥א 9:הֶאֱזִ֖ין 10:אֲלֵיכֶֽם
1:46 0:וַתֵּשְׁב֥וּ 1:בְקָדֵ֖שׁ 2:יָמִ֣ים 3:רַבִּ֑ים 4:כַּיָּמִ֖ים 5:אֲשֶׁ֥ר 6:יְשַׁבְתֶּֽם
2:1  0:וַנֵּ֜פֶן 1:וַנִּסַּ֤ע 2:הַמִּדְבָּ֨רָה֙ 3:דֶּ֣רֶךְ 4:יַם 5:ס֔וּף 6:כַּאֲשֶׁ֛ר 7:דִּבֶּ֥ר 8:יְהוָ֖ה 9:אֵלָ֑י 10:וַנָּ֥סָב 11:אֶת 12:הַר 13:שֵׂעִ֖יר 14:יָמִ֥ים 15:רַבִּֽים
2:2  0:וַיֹּ֥אמֶר 1:יְהוָ֖ה 2:אֵלַ֥י 3:לֵאמֹֽר
2:3  0:רַב 1:לָכֶ֕ם 2:סֹ֖ב 3:אֶת 4:הָהָ֣ר 5:הַזֶּ֑ה 6:פְּנ֥וּ 7:לָכֶ֖ם 8:צָפֹֽנָה
2:4  0:וְאֶת 1:הָעָם֮ 2:צַ֣ו 3:לֵאמֹר֒ 4:אַתֶּ֣ם 5:עֹֽבְרִ֗ים 6:בִּגְבוּל֙ 7:אֲחֵיכֶ֣ם 8:בְּנֵי 9:עֵשָׂ֔ו 10:הַיֹּשְׁבִ֖ים 11:בְּשֵׂעִ֑יר 12:וְיִֽירְא֣וּ 13:מִכֶּ֔ם 14:וְנִשְׁמַרְתֶּ֖ם 15:מְאֹֽד
2:5  0:אַל 1:תִּתְגָּר֣וּ 2:בָ֔ם 3:כִּ֠י 4:לֹֽא 5:אֶתֵּ֤ן 6:לָכֶם֙ 7:מֵֽאַרְצָ֔ם 8:עַ֖ד 9:מִדְרַ֣ךְ 10:כַּף 11:רָ֑גֶל 12:כִּֽי 13:יְרֻשָּׁ֣ה 14:לְעֵשָׂ֔ו 15:נָתַ֖תִּי 16:אֶת 17:הַ֥ר 18:שֵׂעִֽיר
2:6  0:אֹ֣כֶל 1:תִּשְׁבְּר֧וּ 2:מֵֽאִתָּ֛ם 3:בַּכֶּ֖סֶף 4:וַאֲכַלְתֶּ֑ם 5:וְגַם 6:מַ֜יִם 7:תִּכְר֧וּ 8:מֵאִתָּ֛ם 9:בַּכֶּ֖סֶף 10:וּשְׁתִיתֶֽם
2:7  0:כִּי֩ 1:יְהוָ֨ה 2:אֱלֹהֶ֜יךָ 3:בֵּֽרַכְךָ֗ 4:בְּכֹל֙ 5:מַעֲשֵׂ֣ה 6:יָדֶ֔ךָ 7:יָדַ֣ע 8:לֶכְתְּךָ֔ 9:אֶת 10:הַמִּדְבָּ֥ר 11:הַגָּדֹ֖ל 12:הַזֶּ֑ה 13:זֶ֣ה 14:אַרְבָּעִ֣ים 15:שָׁנָ֗ה 16:יְהוָ֤ה 17:אֱלֹהֶ֨יךָ֙ 18:עִמָּ֔ךְ 19:לֹ֥א 20:חָסַ֖רְתָּ 21:דָּבָֽר
2:8  0:וַֽנַּעֲבֹ֞ר 1:מֵאֵ֧ת 2:אַחֵ֣ינוּ 3:בְנֵי 4:עֵשָׂ֗ו 5:הַיֹּֽשְׁבִים֙ 6:בְּשֵׂעִ֔יר 7:מִדֶּ֨רֶךְ֙ 8:הָֽעֲרָבָ֔ה 9:מֵאֵילַ֖ת 10:וּמֵעֶצְיֹ֣ן 11:גָּ֑בֶר 12:וַנֵּ֨פֶן֙ 13:וַֽנַּעֲבֹ֔ר 14:דֶּ֖רֶךְ 15:מִדְבַּ֥ר 16:מוֹאָֽב
2:9  0:וַיֹּ֨אמֶר 1:יְהוָ֜ה 2:אֵלַ֗י 3:אֶל 4:תָּ֨צַר֙ 5:אֶת 6:מוֹאָ֔ב 7:וְאַל 8:תִּתְגָּ֥ר 9:בָּ֖ם 10:מִלְחָמָ֑ה 11:כִּ֠י 12:לֹֽא 13:אֶתֵּ֨ן 14:לְךָ֤ 15:מֵֽאַרְצוֹ֙ 16:יְרֻשָּׁ֔ה 17:כִּ֣י 18:לִבְנֵי 19:ל֔וֹט 20:נָתַ֥תִּי 21:אֶת 22:עָ֖ר 23:יְרֻשָּֽׁה
2:10 0:הָאֵמִ֥ים 1:לְפָנִ֖ים 2:יָ֣שְׁבוּ 3:בָ֑הּ 4:עַ֣ם 5:גָּד֥וֹל 6:וְרַ֛ב 7:וָרָ֖ם 8:כָּעֲנָקִֽים
2:11 0:רְפָאִ֛ים 1:יֵחָשְׁב֥וּ 2:אַף 3:הֵ֖ם 4:כָּעֲנָקִ֑ים 5:וְהַמֹּ֣אָבִ֔ים 6:יִקְרְא֥וּ 7:לָהֶ֖ם 8:אֵמִֽים
2:12 0:וּבְשֵׂעִ֞יר 1:יָשְׁב֣וּ 2:הַחֹרִים֮ 3:לְפָנִים֒ 4:וּבְנֵ֧י 5:עֵשָׂ֣ו 6:יִֽירָשׁ֗וּם 7:וַיַּשְׁמִידוּם֙ 8:מִפְּנֵיהֶ֔ם 9:וַיֵּשְׁב֖וּ 10:תַּחְתָּ֑ם 11:כַּאֲשֶׁ֧ר 12:עָשָׂ֣ה 13:יִשְׂרָאֵ֗ל 14:לְאֶ֨רֶץ֙ 15:יְרֻשָּׁת֔וֹ 16:אֲשֶׁר 17:נָתַ֥ן 18:יְהוָ֖ה 19:לָהֶֽם
2:13 0:עַתָּ֗ה 1:קֻ֛מוּ 2:וְעִבְר֥וּ 3:לָכֶ֖ם 4:אֶת 5:נַ֣חַל 6:זָ֑רֶד 7:וַֽנַּעֲבֹ֖ר 8:אֶת 9:נַ֥חַל 10:זָֽרֶד
2:14 0:וְהַיָּמִ֞ים 1:אֲשֶׁר 2:הָלַ֣כְנוּ 3:מִקָּדֵ֣שׁ 4:בַּרְנֵ֗עַ 5:עַ֤ד 6:אֲשֶׁר 7:עָבַ֨רְנוּ֙ 8:אֶת 9:נַ֣חַל 10:זֶ֔רֶד 11:שְׁלֹשִׁ֥ים 12:וּשְׁמֹנֶ֖ה 13:שָׁנָ֑ה 14:עַד 15:תֹּ֨ם 16:כָּל 17:הַדּ֜וֹר 18:אַנְשֵׁ֤י 19:הַמִּלְחָמָה֙ 20:מִקֶּ֣רֶב 21:הַֽמַּחֲנֶ֔ה 22:כַּאֲשֶׁ֛ר 23:נִשְׁבַּ֥ע 24:יְהוָ֖ה 25:לָהֶֽם
2:15 0:וְגַ֤ם 1:יַד 2:יְהוָה֙ 3:הָ֣יְתָה 4:בָּ֔ם 5:לְהֻמָּ֖ם 6:מִקֶּ֣רֶב 7:הַֽמַּחֲנֶ֑ה 8:עַ֖ד 9:תֻּמָּֽם
2:16 0:וַיְהִ֨י 1:כַאֲשֶׁר 2:תַּ֜מּוּ 3:כָּל 4:אַנְשֵׁ֧י 5:הַמִּלְחָמָ֛ה 6:לָמ֖וּת 7:מִקֶּ֥רֶב 8:הָעָֽם
2:17 0:וַיְדַבֵּ֥ר 1:יְהוָ֖ה 2:אֵלַ֥י 3:לֵאמֹֽר
2:18 0:אַתָּ֨ה 1:עֹבֵ֥ר 2:הַיּ֛וֹם 3:אֶת 4:גְּב֥וּל 5:מוֹאָ֖ב 6:אֶת 7:עָֽר
2:19 0:וְקָרַבְתָּ֗ 1:מ֚וּל 2:בְּנֵ֣י 3:עַמּ֔וֹן 4:אַל 5:תְּצֻרֵ֖ם 6:וְאַל 7:תִּתְגָּ֣ר 8:בָּ֑ם 9:כִּ֣י 10:לֹֽא 11:אֶ֠תֵּן 12:מֵאֶ֨רֶץ 13:בְּנֵי 14:עַמּ֤וֹן 15:לְךָ֙ 16:יְרֻשָּׁ֔ה 17:כִּ֥י 18:לִבְנֵי 19:ל֖וֹט 20:נְתַתִּ֥יהָ 21:יְרֻשָּֽׁה
2:20 0:אֶֽרֶץ 1:רְפָאִ֥ים 2:תֵּחָשֵׁ֖ב 3:אַף 4:הִ֑וא 5:רְפָאִ֤ים 6:יָֽשְׁבוּ 7:בָהּ֙ 8:לְפָנִ֔ים 9:וְהָֽעַמֹּנִ֔ים 10:יִקְרְא֥וּ 11:לָהֶ֖ם 12:זַמְזֻמִּֽים
2:21 0:עַ֣ם 1:גָּד֥וֹל 2:וְרַ֛ב 3:וָרָ֖ם 4:כָּעֲנָקִ֑ים 5:וַיַּשְׁמִידֵ֤ם 6:יְהוָה֙ 7:מִפְּנֵיהֶ֔ם 8:וַיִּירָשֻׁ֖ם 9:וַיֵּשְׁב֥וּ 10:תַחְתָּֽם
2:22 0:כַּאֲשֶׁ֤ר 1:עָשָׂה֙ 2:לִבְנֵ֣י 3:עֵשָׂ֔ו 4:הַיֹּשְׁבִ֖ים 5:בְּשֵׂעִ֑יר 6:אֲשֶׁ֨ר 7:הִשְׁמִ֤יד 8:אֶת 9:הַחֹרִי֙ 10:מִפְּנֵיהֶ֔ם 11:וַיִּֽירָשֻׁם֙ 12:וַיֵּשְׁב֣וּ 13:תַחְתָּ֔ם 14:עַ֖ד 15:הַיּ֥וֹם 16:הַזֶּֽה
2:23 0:וְהָֽעַוִּ֛ים 1:הַיֹּשְׁבִ֥ים 2:בַּחֲצֵרִ֖ים 3:עַד 4:עַזָּ֑ה 5:כַּפְתֹּרִים֙ 6:הַיֹּצְאִ֣ים 7:מִכַּפְתּ֔וֹר 8:הִשְׁמִידֻ֖ם 9:וַיֵּשְׁב֥וּ 10:תַחְתָּֽם
2:24 0:ק֣וּמוּ 1:סְּע֗וּ 2:וְעִבְרוּ֮ 3:אֶת 4:נַ֣חַל 5:אַרְנֹן֒ 6:רְאֵ֣ה 7:נָתַ֣תִּי 8:בְ֠יָדְךָ 9:אֶת 10:סִיחֹ֨ן 11:מֶֽלֶךְ 12:חֶשְׁבּ֧וֹן 13:הָֽאֱמֹרִ֛י 14:וְאֶת 15:אַרְצ֖וֹ 16:הָחֵ֣ל 17:רָ֑שׁ 18:וְהִתְגָּ֥ר 19:בּ֖וֹ 20:מִלְחָמָֽה
2:25 0:הַיּ֣וֹם 1:הַזֶּ֗ה 2:אָחֵל֙ 3:תֵּ֤ת 4:פַּחְדְּךָ֙ 5:וְיִרְאָ֣תְךָ֔ 6:עַל 7:פְּנֵי֙ 8:הָֽעַמִּ֔ים 9:תַּ֖חַת 10:כָּל 11:הַשָּׁמָ֑יִם 12:אֲשֶׁ֤ר 13:יִשְׁמְעוּן֙ 14:שִׁמְעֲךָ֔ 15:וְרָגְז֥וּ 16:וְחָל֖וּ 17:מִפָּנֶֽיךָ
2:26 0:וָאֶשְׁלַ֤ח 1:מַלְאָכִים֙ 2:מִמִּדְבַּ֣ר 3:קְדֵמ֔וֹת 4:אֶל 5:סִיח֖וֹן 6:מֶ֣לֶךְ 7:חֶשְׁבּ֑וֹן 8:דִּבְרֵ֥י 9:שָׁל֖וֹם 10:לֵאמֹֽר
2:27 0:אֶעְבְּרָ֣ה 1:בְאַרְצֶ֔ךָ 2:בַּדֶּ֥רֶךְ 3:בַּדֶּ֖רֶךְ 4:אֵלֵ֑ךְ 5:לֹ֥א 6:אָס֖וּר 7:יָמִ֥ין 8:וּשְׂמֹֽאול
2:28 0:אֹ֣כֶל 1:בַּכֶּ֤סֶף 2:תַּשְׁבִּרֵ֨נִי֙ 3:וְאָכַ֔לְתִּי 4:וּמַ֛יִם 5:בַּכֶּ֥סֶף 6:תִּתֶּן 7:לִ֖י 8:וְשָׁתִ֑יתִי 9:רַ֖ק 10:אֶעְבְּרָ֥ה 11:בְרַגְלָֽי
2:29 0:כַּאֲשֶׁ֨ר 1:עָֽשׂוּ 2:לִ֜י 3:בְּנֵ֣י 4:עֵשָׂ֗ו 5:הַיֹּֽשְׁבִים֙ 6:בְּשֵׂעִ֔יר 7:וְהַמּ֣וֹאָבִ֔ים 8:הַיֹּשְׁבִ֖ים 9:בְּעָ֑ר 10:עַ֤ד 11:אֲשֶֽׁר 12:אֶֽעֱבֹר֙ 13:אֶת 14:הַיַּרְדֵּ֔ן 15:אֶל 16:הָאָ֕רֶץ 17:אֲשֶׁר 18:יְהוָ֥ה 19:אֱלֹהֵ֖ינוּ 20:נֹתֵ֥ן 21:לָֽנוּ
2:30 0:וְלֹ֣א 1:אָבָ֗ה 2:סִיחֹן֙ 3:מֶ֣לֶךְ 4:חֶשְׁבּ֔וֹן 5:הַעֲבִרֵ֖נוּ 6:בּ֑וֹ 7:כִּֽי 8:הִקְשָׁה֩ 9:יְהוָ֨ה 10:אֱלֹהֶ֜יךָ 11:אֶת 12:רוּח֗וֹ 13:וְאִמֵּץ֙ 14:אֶת 15:לְבָב֔וֹ 16:לְמַ֛עַן 17:תִּתּ֥וֹ 18:בְיָדְךָ֖ 19:כַּיּ֥וֹם 20:הַזֶּֽה
2:31 0:וַיֹּ֤אמֶר 1:יְהוָה֙ 2:אֵלַ֔י 3:רְאֵ֗ה 4:הַֽחִלֹּ֨תִי֙ 5:תֵּ֣ת 6:לְפָנֶ֔יךָ 7:אֶת 8:סִיחֹ֖ן 9:וְאֶת 10:אַרְצ֑וֹ 11:הָחֵ֣ל 12:רָ֔שׁ 13:לָרֶ֖שֶׁת 14:אֶת 15:אַרְצֽוֹ
2:32 0:וַיֵּצֵא֩ 1:סִיחֹ֨ן 2:לִקְרָאתֵ֜נוּ 3:ה֧וּא 4:וְכָל 5:עַמּ֛וֹ 6:לַמִּלְחָמָ֖ה 7:יָֽהְצָה
2:33 0:וַֽיִּתְּנֵ֛הוּ 1:יְהוָ֥ה 2:אֱלֹהֵ֖ינוּ 3:לְפָנֵ֑ינוּ 4:וַנַּ֥ךְ 5:אֹת֛וֹ 6:וְאֶת 7:בנו 8:וְאֶת 9:כָּל 10:עַמּֽוֹ
2:34 0:וַנִּלְכֹּ֤ד 1:אֶת 2:כָּל 3:עָרָיו֙ 4:בָּעֵ֣ת 5:הַהִ֔וא 6:וַֽנַּחֲרֵם֙ 7:אֶת 8:כָּל 9:עִ֣יר 10:מְתִ֔ם 11:וְהַנָּשִׁ֖ים 12:וְהַטָּ֑ף 13:לֹ֥א 14:הִשְׁאַ֖רְנוּ 15:שָׂרִֽיד
2:35 0:רַ֥ק 1:הַבְּהֵמָ֖ה 2:בָּזַ֣זְנוּ 3:לָ֑נוּ 4:וּשְׁלַ֥ל 5:הֶעָרִ֖ים 6:אֲשֶׁ֥ר 7:לָכָֽדְנוּ
2:36 0:מֵֽעֲרֹעֵ֡ר 1:אֲשֶׁר֩ 2:עַל 3:שְׂפַת 4:נַ֨חַל 5:אַרְנֹ֜ן 6:וְהָעִ֨יר 7:אֲשֶׁ֤ר 8:בַּנַּ֨חַל֙ 9:וְעַד 10:הַגִּלְעָ֔ד 11:לֹ֤א 12:הָֽיְתָה֙ 13:קִרְיָ֔ה 14:אֲשֶׁ֥ר 15:שָׂגְבָ֖ה 16:מִמֶּ֑נּוּ 17:אֶת 18:הַכֹּ֕ל 19:נָתַ֛ן 20:יְהוָ֥ה 21:אֱלֹהֵ֖ינוּ 22:לְפָנֵֽינוּ
2:37 0:רַ֛ק 1:אֶל 2:אֶ֥רֶץ 3:בְּנֵי 4:עַמּ֖וֹן 5:לֹ֣א 6:קָרָ֑בְתָּ 7:כָּל 8:יַ֞ד 9:נַ֤חַל 10:יַבֹּק֙ 11:וְעָרֵ֣י 12:הָהָ֔ר 13:וְכֹ֥ל 14:אֲשֶׁר 15:צִוָּ֖ה 16:יְהוָ֥ה 17:אֱלֹהֵֽינוּ
3:1  0:וַנֵּ֣פֶן 1:וַנַּ֔עַל 2:דֶּ֖רֶךְ 3:הַבָּשָׁ֑ן 4:וַיֵּצֵ֣א 5:עוֹג֩ 6:מֶֽלֶךְ 7:הַבָּשָׁ֨ן 8:לִקְרָאתֵ֜נוּ 9:ה֧וּא 10:וְכָל 11:עַמּ֛וֹ 12:לַמִּלְחָמָ֖ה 13:אֶדְרֶֽעִי
3:2  0:וַיֹּ֨אמֶר 1:יְהוָ֤ה 2:אֵלַי֙ 3:אַל 4:תִּירָ֣א 5:אֹת֔וֹ 6:כִּ֣י 7:בְיָדְךָ֞ 8:נָתַ֧תִּי 9:אֹת֛וֹ 10:וְאֶת 11:כָּל 12:עַמּ֖וֹ 13:וְאֶת 14:אַרְצ֑וֹ 15:וְעָשִׂ֣יתָ 16:לּ֔וֹ 17:כַּאֲשֶׁ֣ר 18:עָשִׂ֗יתָ 19:לְסִיחֹן֙ 20:מֶ֣לֶךְ 21:הָֽאֱמֹרִ֔י 22:אֲשֶׁ֥ר 23:יוֹשֵׁ֖ב 24:בְּחֶשְׁבּֽוֹן
3:3  0:וַיִּתֵּן֩ 1:יְהוָ֨ה 2:אֱלֹהֵ֜ינוּ 3:בְּיָדֵ֗נוּ 4:גַּ֛ם 5:אֶת 6:ע֥וֹג 7:מֶֽלֶךְ 8:הַבָּשָׁ֖ן 9:וְאֶת 10:כָּל 11:עַמּ֑וֹ 12:וַנַּכֵּ֕הוּ 13:עַד 14:בִּלְתִּ֥י 15:הִשְׁאִֽיר 16:ל֖וֹ 17:שָׂרִֽיד
3:4  0:וַנִּלְכֹּ֤ד 1:אֶת 2:כָּל 3:עָרָיו֙ 4:בָּעֵ֣ת 5:הַהִ֔וא 6:לֹ֤א 7:הָֽיְתָה֙ 8:קִרְיָ֔ה 9:אֲשֶׁ֥ר 10:לֹא 11:לָקַ֖חְנוּ 12:מֵֽאִתָּ֑ם 13:שִׁשִּׁ֥ים 14:עִיר֙ 15:כָּל 16:חֶ֣בֶל 17:אַרְגֹּ֔ב 18:מַמְלֶ֥כֶת 19:ע֖וֹג 20:בַּבָּשָֽׁן
3:5  0:כָּל 1:אֵ֜לֶּה 2:עָרִ֧ים 3:בְּצֻר֛וֹת 4:חוֹמָ֥ה 5:גְבֹהָ֖ה 6:דְּלָתַ֣יִם 7:וּבְרִ֑יחַ 8:לְבַ֛ד 9:מֵעָרֵ֥י 10:הַפְּרָזִ֖י 11:הַרְבֵּ֥ה 12:מְאֹֽד
3:6  0:וַנַּחֲרֵ֣ם 1:אוֹתָ֔ם 2:כַּאֲשֶׁ֣ר 3:עָשִׂ֔ינוּ 4:לְסִיחֹ֖ן 5:מֶ֣לֶךְ 6:חֶשְׁבּ֑וֹן 7:הַחֲרֵם֙ 8:כָּל 9:עִ֣יר 10:מְתִ֔ם 11:הַנָּשִׁ֖ים 12:וְהַטָּֽף
3:7  0:וְכָל 1:הַבְּהֵמָ֛ה 2:וּשְׁלַ֥ל 3:הֶעָרִ֖ים 4:בַּזּ֥וֹנוּ 5:לָֽנוּ
3:8  0:וַנִּקַּ֞ח 1:בָּעֵ֤ת 2:הַהִוא֙ 3:אֶת 4:הָאָ֔רֶץ 5:מִיַּ֗ד 6:שְׁנֵי֙ 7:מַלְכֵ֣י 8:הָאֱמֹרִ֔י 9:אֲשֶׁ֖ר 10:בְּעֵ֣בֶר 11:הַיַּרְדֵּ֑ן 12:מִנַּ֥חַל 13:אַרְנֹ֖ן 14:עַד 15:הַ֥ר 16:חֶרְמֽוֹן
3:9  0:צִידֹנִ֛ים 1:יִקְרְא֥וּ 2:לְחֶרְמ֖וֹן 3:שִׂרְיֹ֑ן 4:וְהָ֣אֱמֹרִ֔י 5:יִקְרְאוּ 6:ל֖וֹ 7:שְׂנִֽיר
3:10 0:כֹּ֣ל 1:עָרֵ֣י 2:הַמִּישֹׁ֗ר 3:וְכָל 4:הַגִּלְעָד֙ 5:וְכָל 6:הַבָּשָׁ֔ן 7:עַד 8:סַלְכָ֖ה 9:וְאֶדְרֶ֑עִי 10:עָרֵ֛י 11:מַמְלֶ֥כֶת 12:ע֖וֹג 13:בַּבָּשָֽׁן
3:11 0:כִּ֣י 1:רַק 2:ע֞וֹג 3:מֶ֣לֶךְ 4:הַבָּשָׁ֗ן 5:נִשְׁאַר֮ 6:מִיֶּ֣תֶר 7:הָרְפָאִים֒ 8:הִנֵּ֤ה 9:עַרְשׂוֹ֙ 10:עֶ֣רֶשׂ 11:בַּרְזֶ֔ל 12:הֲלֹ֣ה 13:הִ֔וא 14:בְּרַבַּ֖ת 15:בְּנֵ֣י 16:עַמּ֑וֹן 17:תֵּ֧שַׁע 18:אַמּ֣וֹת 19:אָרְכָּ֗הּ 20:וְאַרְבַּ֥ע 21:אַמּ֛וֹת 22:רָחְבָּ֖הּ 23:בְּאַמַּת 24:אִֽישׁ
3:12 0:וְאֶת 1:הָאָ֧רֶץ 2:הַזֹּ֛את 3:יָרַ֖שְׁנוּ 4:בָּעֵ֣ת 5:הַהִ֑וא 6:מֵעֲרֹעֵ֞ר 7:אֲשֶׁר 8:עַל 9:נַ֣חַל 10:אַרְנֹ֗ן 11:וַחֲצִ֤י 12:הַֽר 13:הַגִּלְעָד֙ 14:וְעָרָ֔יו 15:נָתַ֕תִּי 16:לָרֻֽאוּבֵנִ֖י 17:וְלַגָּדִֽי
3:13 0:וְיֶ֨תֶר 1:הַגִּלְעָ֤ד 2:וְכָל 3:הַבָּשָׁן֙ 4:מַמְלֶ֣כֶת 5:ע֔וֹג 6:נָתַ֕תִּי 7:לַחֲצִ֖י 8:שֵׁ֣בֶט 9:הַֽמְנַשֶּׁ֑ה 10:כֹּ֣ל 11:חֶ֤בֶל 12:הָֽאַרְגֹּב֙ 13:לְכָל 14:הַבָּשָׁ֔ן 15:הַה֥וּא 16:יִקָּרֵ֖א 17:אֶ֥רֶץ 18:רְפָאִֽים
3:14 0:יָאִ֣יר 1:בֶּן 2:מְנַשֶּׁ֗ה 3:לָקַח֙ 4:אֶת 5:כָּל 6:חֶ֣בֶל 7:אַרְגֹּ֔ב 8:עַד 9:גְּב֥וּל 10:הַגְּשׁוּרִ֖י 11:וְהַמַּֽעֲכָתִ֑י 12:וַיִּקְרָא֩ 13:אֹתָ֨ם 14:עַל 15:שְׁמ֤וֹ 16:אֶת 17:הַבָּשָׁן֙ 18:חַוֺּ֣ת 19:יָאִ֔יר 20:עַ֖ד 21:הַיּ֥וֹם 22:הַזֶּֽה
3:15 0:וּלְמָכִ֖יר 1:נָתַ֥תִּי 2:אֶת 3:הַגִּלְעָֽד
3:16 0:וְלָרֻאוּבֵנִ֨י 1:וְלַגָּדִ֜י 2:נָתַ֤תִּי 3:מִן 4:הַגִּלְעָד֙ 5:וְעַד 6:נַ֣חַל 7:אַרְנֹ֔ן 8:תּ֥וֹךְ 9:הַנַּ֖חַל 10:וּגְבֻ֑ל 11:וְעַד֙ 12:יַבֹּ֣ק 13:הַנַּ֔חַל 14:גְּב֖וּל 15:בְּנֵ֥י 16:עַמּֽוֹן
3:17 0:וְהָֽעֲרָבָ֖ה 1:וְהַיַּרְדֵּ֣ן 2:וּגְבֻ֑ל 3:מִכִּנֶּ֗רֶת 4:וְעַ֨ד 5:יָ֤ם 6:הָֽעֲרָבָה֙ 7:יָ֣ם 8:הַמֶּ֔לַח 9:תַּ֛חַת 10:אַשְׁדֹּ֥ת 11:הַפִּסְגָּ֖ה 12:מִזְרָֽחָה
3:18 0:וָאֲצַ֣ו 1:אֶתְכֶ֔ם 2:בָּעֵ֥ת 3:הַהִ֖וא 4:לֵאמֹ֑ר 5:יְהוָ֣ה 6:אֱלֹהֵיכֶ֗ם 7:נָתַ֨ן 8:לָכֶ֜ם 9:אֶת 10:הָאָ֤רֶץ 11:הַזֹּאת֙ 12:לְרִשְׁתָּ֔הּ 13:חֲלוּצִ֣ים 14:תַּֽעַבְר֗וּ 15:לִפְנֵ֛י 16:אֲחֵיכֶ֥ם 17:בְּנֵֽי 18:יִשְׂרָאֵ֖ל 19:כָּל 20:בְּנֵי 21:חָֽיִל
3:19 0:רַ֠ק 1:נְשֵׁיכֶ֣ם 2:וְטַפְּכֶם֮ 3:וּמִקְנֵכֶם֒ 4:יָדַ֕עְתִּי 5:כִּֽי 6:מִקְנֶ֥ה 7:רַ֖ב 8:לָכֶ֑ם 9:יֵֽשְׁבוּ֙ 10:בְּעָ֣רֵיכֶ֔ם 11:אֲשֶׁ֥ר 12:נָתַ֖תִּי 13:לָכֶֽם
3:20 0:עַ֠ד 1:אֲשֶׁר 2:יָנִ֨יחַ 3:יְהוָ֥ה 4:לַֽאֲחֵיכֶם֮ 5:כָּכֶם֒ 6:וְיָרְשׁ֣וּ 7:גַם 8:הֵ֔ם 9:אֶת 10:הָאָ֕רֶץ 11:אֲשֶׁ֨ר 12:יְהוָ֧ה 13:אֱלֹהֵיכֶ֛ם 14:נֹתֵ֥ן 15:לָהֶ֖ם 16:בְּעֵ֣בֶר 17:הַיַּרְדֵּ֑ן 18:וְשַׁבְתֶּ֗ם 19:אִ֚ישׁ 20:לִֽירֻשָּׁת֔וֹ 21:אֲשֶׁ֥ר 22:נָתַ֖תִּי 23:לָכֶֽם
3:21 0:וְאֶת 1:יְהוֹשׁ֣וּעַ 2:צִוֵּ֔יתִי 3:בָּעֵ֥ת 4:הַהִ֖וא 5:לֵאמֹ֑ר 6:עֵינֶ֣יךָ 7:הָרֹאֹ֗ת 8:אֵת֩ 9:כָּל 10:אֲשֶׁ֨ר 11:עָשָׂ֜ה 12:יְהוָ֤ה 13:אֱלֹהֵיכֶם֙ 14:לִשְׁנֵי֙ 15:הַמְּלָכִ֣ים 16:הָאֵ֔לֶּה 17:כֵּֽן 18:יַעֲשֶׂ֤ה 19:יְהוָה֙ 20:לְכָל 21:הַמַּמְלָכ֔וֹת 22:אֲשֶׁ֥ר 23:אַתָּ֖ה 24:עֹבֵ֥ר 25:שָֽׁמָּה
3:22 0:לֹ֖א 1:תְִּירָא֑וּם 2:כִּ֚י 3:יְהוָ֣ה 4:אֱלֹֽהֵיכֶ֔ם 5:ה֖וּא 6:הַנִּלְחָ֥ם 7:לָכֶֽם
3:23 0:וָאֶתְחַנַּ֖ן 1:אֶל 2:יְהוָ֑ה 3:בָּעֵ֥ת 4:הַהִ֖וא 5:לֵאמֹֽר
3:24 0:אֲדֹנָ֣י 1:יְהוִ֗ה 2:אַתָּ֤ה 3:הַֽחִלּ֨וֹתָ֙ 4:לְהַרְא֣וֹת 5:אֶֽת 6:עַבְדְּךָ֔ 7:אֶ֨ת 8:גָּדְלְךָ֔ 9:וְאֶת 10:יָדְךָ֖ 11:הַחֲזָקָ֑ה 12:אֲשֶׁ֤ר 13:מִי 14:אֵל֙ 15:בַּשָּׁמַ֣יִם 16:וּבָאָ֔רֶץ 17:אֲשֶׁר 18:יַעֲשֶׂ֥ה 19:כְמַעֲשֶׂ֖יךָ 20:וְכִגְבוּרֹתֶֽךָ
3:25 0:אֶעְבְּרָה 1:נָּ֗א 2:וְאֶרְאֶה֙ 3:אֶת 4:הָאָ֣רֶץ 5:הַטּוֹבָ֔ה 6:אֲשֶׁ֖ר 7:בְּעֵ֣בֶר 8:הַיַּרְדֵּ֑ן 9:הָהָ֥ר 10:הַטּ֛וֹב 11:הַזֶּ֖ה 12:וְהַלְּבָנֽוֹן
3:26 0:וַיִּתְעַבֵּ֨ר 1:יְהוָ֥ה 2:בִּי֙ 3:לְמַ֣עַנְכֶ֔ם 4:וְלֹ֥א 5:שָׁמַ֖ע 6:אֵלָ֑י 7:וַיֹּ֨אמֶר 8:יְהוָ֤ה 9:אֵלַי֙ 10:רַב 11:לָ֔ךְ 12:אַל 13:תּ֗וֹסֶף 14:דַּבֵּ֥ר 15:אֵלַ֛י 16:ע֖וֹד 17:בַּדָּבָ֥ר 18:הַזֶּֽה
3:27 0:עֲלֵ֣ה 1:רֹ֣אשׁ 2:הַפִּסְגָּ֗ה 3:וְשָׂ֥א 4:עֵינֶ֛יךָ 5:יָ֧מָּה 6:וְצָפֹ֛נָה 7:וְתֵימָ֥נָה 8:וּמִזְרָ֖חָה 9:וּרְאֵ֣ה 10:בְעֵינֶ֑יךָ 11:כִּי 12:לֹ֥א 13:תַעֲבֹ֖ר 14:אֶת 15:הַיַּרְדֵּ֥ן 16:הַזֶּֽה
3:28 0:וְצַ֥ו 1:אֶת 2:יְהוֹשֻׁ֖עַ 3:וְחַזְּקֵ֣הוּ 4:וְאַמְּצֵ֑הוּ 5:כִּי 6:ה֣וּא 7:יַעֲבֹ֗ר 8:לִפְנֵי֙ 9:הָעָ֣ם 10:הַזֶּ֔ה 11:וְהוּא֙ 12:יַנְחִ֣יל 13:אוֹתָ֔ם 14:אֶת 15:הָאָ֖רֶץ 16:אֲשֶׁ֥ר 17:תִּרְאֶֽה
3:29 0:וַנֵּ֣שֶׁב 1:בַּגָּ֔יְא 2:מ֖וּל 3:בֵּ֥ית 4:פְּעֽוֹר

==== (B) THE PARSER at every verse of 1-3 ====
  Deut 1:2  numbers [11]           ordinals []       marked []
  Deut 1:3  numbers [40, 11, 1]    ordinals []       marked []
  Deut 1:11 numbers [1000]         ordinals []       marked []
  Deut 1:15 numbers [100, 50, 10]  ordinals []       marked []
  Deut 1:23 numbers [12, 1]        ordinals []       marked []
  Deut 2:7  numbers [40]           ordinals []       marked []
  Deut 2:14 numbers [38]           ordinals []       marked []
  Deut 3:4  numbers [60]           ordinals []       marked []
  Deut 3:8  numbers [2]            ordinals []       marked ['שני^']
  Deut 3:11 numbers [9, 4]         ordinals []       marked []
  Deut 3:21 numbers [2]            ordinals []       marked ['לשני^']

==== THE FRACTION CLASS "HALF" ON THE WHOLE DB — lemma 2677 (half) and 4276 (the half-part) ====
  tokens 139 in 114 verses; Torah tokens 42
  the forms: [('וחצי', 44), ('חצי', 32), ('בחצי', 8), ('ולחצי', 7), ('לחצי', 7), ('מחצית', 5), ('חציו', 5), ('וממחצית', 3), ('ומחצי', 3), ('החצי', 3), ('וחצים', 3), ('ממחצית', 2), ('והחצי', 1), ('כבחצי', 1), ('חצינו', 1), ('מחציתו', 1), ('כחצי', 1), ('והחציו', 1), ('מחצי', 1), ('ולחציו', 1), ('מחציתה', 1), ('ומחציתה', 1), ('חציה', 1), ('ממחציתם', 1), ('וממחצת', 1), ('ממחצת', 1), ('מחציו', 1), ('וחציו', 1), ('חצים', 1)]
  HALF 1Chr 5:18      idx  3 וחצי       lemma 2677    morph HC/Ncmsc     prev וגדי         next שבט          read [44760]                    marked [] | בני ראובן וגדי וחצי שבט מנשה מן בני חיל אנשים נשאי מגן וחרב ודרכי קשת ולמודי מלחמה ארבעים וארבעה אלף
  HALF 1Chr 5:23      idx  1 חצי        lemma 2677    morph HNcmsc       prev ובני         next שבט          read []                         marked [] | ובני חצי שבט מנשה ישבו בארץ מבשן עד בעל חרמון ושניר והר חרמון המה רבו
  HALF 1Chr 5:26      idx 17 ולחצי      lemma 2677    morph HC/R/Ncmsc   prev ולגדי        next שבט          read []                         marked [] | ויער אלהי ישראל את רוח פול מלך אשור ואת רוח תלגת פלנסר מלך אשור ויגלם לראובני ולגדי ולחצי שבט מנשה ו
  HALF 1Chr 6:46      idx  5 ממחצית     lemma 4276    morph HR/Ncfsc     prev המטה         next מטה          read [10]                       marked [] | ולבני קהת הנותרים ממשפחת המטה ממחצית מטה חצי מנשה בגורל ערים עשר
  HALF 1Chr 6:46      idx  7 חצי        lemma 2677    morph HNcmsc       prev מטה          next מנשה         read [10]                       marked [] | ולבני קהת הנותרים ממשפחת המטה ממחצית מטה חצי מנשה בגורל ערים עשר
  HALF 1Chr 6:55      idx  0 וממחצית    lemma 4276    morph HC/R/Ncfsc   prev <start>      next מטה          read []                         marked [] | וממחצית מטה מנשה את ענר ואת מגרשיה ואת בלעם ואת מגרשיה למשפחת לבני קהת הנותרים
  HALF 1Chr 6:56      idx  3 חצי        lemma 2677    morph HNcmsc       prev ממשפחת       next מטה          read []                         marked [] | לבני גרשום ממשפחת חצי מטה מנשה את גולן בבשן ואת מגרשיה ואת עשתרות ואת מגרשיה
  HALF 1Chr 12:32     idx  0 ומחצי      lemma 2677    morph HC/R/Ncmsc   prev <start>      next מטה          read [10000]                    marked [] | ומחצי מטה מנשה שמונה עשר אלף אשר נקבו בשמות לבוא להמליך את דויד
  HALF 1Chr 12:38     idx  5 וחצי       lemma 2677    morph HC/Ncmsc     prev והגדי        next שבט          read [120000]                   marked [] | ומעבר לירדן מן הראובני והגדי וחצי שבט מנשה בכל כלי צבא מלחמה מאה ועשרים אלף
  HALF 1Chr 19:4      idx  9 בחצי       lemma 2677    morph HRd/Ncmsa    prev מדויהם       next עד           read []                         marked [] | ויקח חנון את עבדי דויד ויגלחם ויכרת את מדויהם בחצי עד המפשעה וישלחם
  HALF 1Chr 26:32     idx 14 וחצי       lemma 2677    morph HC/Ncmsc     prev והגדי        next שבט          read [2700]                     marked ['אלפים~'] | ואחיו בני חיל אלפים ושבע מאות ראשי האבות ויפקידם דויד המלך על הראובני והגדי וחצי שבט המנשי לכל דבר ה
  HALF 1Chr 27:20     idx  5 לחצי       lemma 2677    morph HR/Ncmsc     prev עזזיהו       next שבט          read []                         marked [] | לבני אפרים הושע בן עזזיהו לחצי שבט מנשה יואל בן פדיהו
  HALF 1Chr 27:21     idx  0 לחצי       lemma 2677    morph HR/Ncmsc     prev <start>      next המנשה        read []                         marked [] | לחצי המנשה גלעדה ידו בן זכריהו לבנימן יעשיאל בן אבנר
  HALF 1Kgs 3:25      idx  9 החצי       lemma 2677    morph HTd/Ncmsa    prev את           next לאחת         read [2, 1, 1]                  marked [] | ויאמר המלך גזרו את הילד החי לשנים ותנו את החצי לאחת ואת החצי לאחת
  HALF 1Kgs 3:25      idx 12 החצי       lemma 2677    morph HTd/Ncmsa    prev ואת          next לאחת         read [2, 1, 1]                  marked [] | ויאמר המלך גזרו את הילד החי לשנים ותנו את החצי לאחת ואת החצי לאחת
  HALF 1Kgs 7:31      idx 10 וחצי       lemma 2677    morph HC/Ncmsc     prev אמה          next האמה         read [1.5]                      marked ['אמה@'] | ופיהו מבית לכתרת ומעלה באמה ופיה עגל מעשה כן אמה וחצי האמה וגם על פיה מקלעות ומסגרתיהם מרבעות לא עגל
  HALF 1Kgs 7:32      idx 11 וחצי       lemma 2677    morph HC/Ncmsc     prev אמה          next האמה         read [4, 1, 1.5]                marked ['האחד#', 'אמה@'] | וארבעת האופנים למתחת למסגרות וידות האופנים במכונה וקומת האופן האחד אמה וחצי האמה
  HALF 1Kgs 7:35      idx  2 חצי        lemma 2677    morph HNcmsc       prev המכונה       next האמה         read []                         marked [] | ובראש המכונה חצי האמה קומה עגל סביב ועל ראש המכנה ידתיה ומסגרתיה ממנה
  HALF 1Kgs 10:7      idx 12 החצי       lemma 2677    morph HTd/Ncmsa    prev לי           next הוספת        read []                         marked [] | ולא האמנתי לדברים עד אשר באתי ותראינה עיני והנה לא הגד לי החצי הוספת חכמה וטוב אל השמועה אשר שמעתי
  HALF 1Kgs 13:8      idx  9 חצי        lemma 2677    morph HNcmsc       prev את           next ביתך         read []                         marked [] | ויאמר איש האלהים אל המלך אם תתן לי את חצי ביתך לא אבא עמך ולא אכל לחם ולא אשתה מים במקום הזה
  HALF 1Kgs 16:9      idx  5 מחצית      lemma 4276    morph HNcfsc       prev שר           next הרכב         read []                         marked [] | ויקשר עליו עבדו זמרי שר מחצית הרכב והוא בתרצה שתה שכור בית ארצא אשר על הבית בתרצה
  HALF 1Kgs 16:21     idx  4 לחצי       lemma 2677    morph HRd/Ncmsa    prev ישראל        next חצי          read []                         marked [] | אז יחלק העם ישראל לחצי חצי העם היה אחרי תבני בן גינת להמליכו והחצי אחרי עמרי
  HALF 1Kgs 16:21     idx  5 חצי        lemma 2677    morph HNcmsc       prev לחצי         next העם          read []                         marked [] | אז יחלק העם ישראל לחצי חצי העם היה אחרי תבני בן גינת להמליכו והחצי אחרי עמרי
  HALF 1Kgs 16:21     idx 13 והחצי      lemma 2677    morph HC/Td/Ncmsa  prev להמליכו      next אחרי         read []                         marked [] | אז יחלק העם ישראל לחצי חצי העם היה אחרי תבני בן גינת להמליכו והחצי אחרי עמרי
  HALF 1Sam 14:14     idx 10 כבחצי      lemma 2677    morph HR/R/Ncmsc   prev איש          next מענה         read [20]                       marked [] | ותהי המכה הראשנה אשר הכה יונתן ונשא כליו כעשרים איש כבחצי מענה צמד שדה
  HALF 2Chr 9:6       idx 12 חצי        lemma 2677    morph HNcmsc       prev לי           next מרבית        read []                         marked [] | ולא האמנתי לדבריהם עד אשר באתי ותראינה עיני והנה לא הגד לי חצי מרבית חכמתך יספת על השמועה אשר שמעתי
  HALF 2Sam 10:4      idx  7 חצי        lemma 2677    morph HNcmsc       prev את           next זקנם         read []                         marked [] | ויקח חנון את עבדי דוד ויגלח את חצי זקנם ויכרת את מדויהם בחצי עד שתותיהם וישלחם
  HALF 2Sam 10:4      idx 12 בחצי       lemma 2677    morph HRd/Ncmsa    prev מדויהם       next עד           read []                         marked [] | ויקח חנון את עבדי דוד ויגלח את חצי זקנם ויכרת את מדויהם בחצי עד שתותיהם וישלחם
  HALF 2Sam 18:3      idx 14 חצינו      lemma 2677    morph HNcmsc/Sp1cp prev ימתו         next לא           read [10000]                    marked [] | ויאמר העם לא תצא כי אם נס ננוס לא ישימו אלינו לב ואם ימתו חצינו לא ישימו אלינו לב כי עתה כמנו עשרה א
  HALF 2Sam 19:41     idx 13 חצי        lemma 2677    morph HNcmsc       prev וגם          next עם           read []                         marked [] | ויעבר המלך הגלגלה וכמהן עבר עמו וכל עם יהודה ויעברו את המלך וגם חצי עם ישראל
  HALF Dan 9:27       idx  5 וחצי       lemma 2677    morph HC/Ncmsc     prev אחד          next השבוע        read [1.5]                      marked [] | והגביר ברית לרבים שבוע אחד וחצי השבוע ישבית זבח ומנחה ועל כנף שקוצים משמם ועד כלה ונחרצה תתך על שמם
  HALF Dan 12:7       idx 20 וחצי       lemma 2677    morph HC/Ncmsa     prev מועדים       next וככלות       read []                         marked [] | ואשמע את האיש לבוש הבדים אשר ממעל למימי היאר וירם ימינו ושמאלו אל השמים וישבע בחי העולם כי למועד מוע
  HALF Deut 3:12      idx 11 וחצי       lemma 2677    morph HC/Ncmsc     prev ארנן         next הר           read []                         marked [] | ואת הארץ הזאת ירשנו בעת ההוא מערער אשר על נחל ארנן וחצי הר הגלעד ועריו נתתי לראובני ולגדי
  HALF Deut 3:13      idx  7 לחצי       lemma 2677    morph HR/Ncmsc     prev נתתי         next שבט          read []                         marked [] | ויתר הגלעד וכל הבשן ממלכת עוג נתתי לחצי שבט המנשה כל חבל הארגב לכל הבשן ההוא יקרא ארץ רפאים
  HALF Deut 29:7      idx  7 ולחצי      lemma 2677    morph HC/R/Ncmsc   prev ולגדי        next שבט          read []                         marked [] | ונקח את ארצם ונתנה לנחלה לראובני ולגדי ולחצי שבט המנשי
  HALF Esth 5:3       idx 10 חצי        lemma 2677    morph HNcmsc       prev עד           next המלכות       read []                         marked [] | ויאמר לה המלך מה לך אסתר המלכה ומה בקשתך עד חצי המלכות וינתן לך
  HALF Esth 5:6       idx 12 חצי        lemma 2677    morph HNcmsc       prev עד           next המלכות       read []                         marked [] | ויאמר המלך לאסתר במשתה היין מה שאלתך וינתן לך ומה בקשתך עד חצי המלכות ותעש
  HALF Esth 7:2       idx 17 חצי        lemma 2677    morph HNcmsc       prev עד           next המלכות       read []                         marked [] | ויאמר המלך לאסתר גם ביום השני במשתה היין מה שאלתך אסתר המלכה ותנתן לך ומה בקשתך עד חצי המלכות ותעש
  HALF Exod 12:29     idx  1 בחצי       lemma 2677    morph HR/Ncmsc     prev ויהי         next הלילה        read []                         marked [] | ויהי בחצי הלילה ויהוה הכה כל בכור בארץ מצרים מבכר פרעה הישב על כסאו עד בכור השבי אשר בבית הבור וכל ב
  HALF Exod 24:6      idx  2 חצי        lemma 2677    morph HNcmsc       prev משה          next הדם          read []                         marked [] | ויקח משה חצי הדם וישם באגנת וחצי הדם זרק על המזבח
  HALF Exod 24:6      idx  6 וחצי       lemma 2677    morph HC/Ncmsc     prev באגנת        next הדם          read []                         marked [] | ויקח משה חצי הדם וישם באגנת וחצי הדם זרק על המזבח
  HALF Exod 25:10     idx  5 וחצי       lemma 2677    morph HC/Ncmsa     prev אמתים        next ארכו         read [2.5, 1.5, 1.5]            marked ['אמתים~', 'ואמה@', 'ואמה@'] | ועשו ארון עצי שטים אמתים וחצי ארכו ואמה וחצי רחבו ואמה וחצי קמתו
  HALF Exod 25:10     idx  8 וחצי       lemma 2677    morph HC/Ncmsa     prev ואמה         next רחבו         read [2.5, 1.5, 1.5]            marked ['אמתים~', 'ואמה@', 'ואמה@'] | ועשו ארון עצי שטים אמתים וחצי ארכו ואמה וחצי רחבו ואמה וחצי קמתו
  HALF Exod 25:10     idx 11 וחצי       lemma 2677    morph HC/Ncmsa     prev ואמה         next קמתו         read [2.5, 1.5, 1.5]            marked ['אמתים~', 'ואמה@', 'ואמה@'] | ועשו ארון עצי שטים אמתים וחצי ארכו ואמה וחצי רחבו ואמה וחצי קמתו
  HALF Exod 25:17     idx  5 וחצי       lemma 2677    morph HC/Ncmsa     prev אמתים        next ארכה         read [2.5, 1.5]                 marked ['אמתים~', 'ואמה@'] | ועשית כפרת זהב טהור אמתים וחצי ארכה ואמה וחצי רחבה
  HALF Exod 25:17     idx  8 וחצי       lemma 2677    morph HC/Ncmsa     prev ואמה         next רחבה         read [2.5, 1.5]                 marked ['אמתים~', 'ואמה@'] | ועשית כפרת זהב טהור אמתים וחצי ארכה ואמה וחצי רחבה
  HALF Exod 25:23     idx  9 וחצי       lemma 2677    morph HC/Ncmsa     prev ואמה         next קמתו         read [2, 1, 1.5]                marked ['אמתים~', 'ואמה@', 'ואמה@'] | ועשית שלחן עצי שטים אמתים ארכו ואמה רחבו ואמה וחצי קמתו
  HALF Exod 26:12     idx  4 חצי        lemma 2677    morph HNcmsc       prev האהל         next היריעה       read []                         marked [] | וסרח העדף ביריעת האהל חצי היריעה העדפת תסרח על אחרי המשכן
  HALF Exod 26:16     idx  5 וחצי       lemma 2677    morph HC/Ncmsc     prev ואמה         next האמה         read [10, 1.5, 1]               marked ['ואמה@', 'האחד#'] | עשר אמות ארך הקרש ואמה וחצי האמה רחב הקרש האחד
  HALF Exod 27:5      idx  9 חצי        lemma 2677    morph HNcmsc       prev עד           next המזבח        read []                         marked [] | ונתתה אתה תחת כרכב המזבח מלמטה והיתה הרשת עד חצי המזבח
  HALF Exod 30:13     idx  6 מחצית      lemma 4276    morph HNcfsc       prev הפקדים       next השקל         read [Fraction(1, 2), 20, Fraction(1, 2)] marked ['מחצית%', 'מחצית%'] | זה יתנו כל העבר על הפקדים מחצית השקל בשקל הקדש עשרים גרה השקל מחצית השקל תרומה ליהוה
  HALF Exod 30:13     idx 13 מחצית      lemma 4276    morph HNcfsc       prev השקל         next השקל         read [Fraction(1, 2), 20, Fraction(1, 2)] marked ['מחצית%', 'מחצית%'] | זה יתנו כל העבר על הפקדים מחצית השקל בשקל הקדש עשרים גרה השקל מחצית השקל תרומה ליהוה
  HALF Exod 30:15     idx  6 ממחצית     lemma 4276    morph HR/Ncfsc     prev ימעיט        next השקל         read []                         marked [] | העשיר לא ירבה והדל לא ימעיט ממחצית השקל לתת את תרומת יהוה לכפר על נפשתיכם
  HALF Exod 30:23     idx 11 מחציתו     lemma 4276    morph HNcfsc/Sp3ms prev בשם          next חמשים        read [500, 250, 250]            marked [] | ואתה קח לך בשמים ראש מר דרור חמש מאות וקנמן בשם מחציתו חמשים ומאתים וקנה בשם חמשים ומאתים
  HALF Exod 36:21     idx  5 וחצי       lemma 2677    morph HC/Ncmsc     prev ואמה         next האמה         read [10, 1.5, 1]               marked ['ואמה@', 'האחד#'] | עשר אמת ארך הקרש ואמה וחצי האמה רחב הקרש האחד
  HALF Exod 37:1      idx  7 וחצי       lemma 2677    morph HC/Ncmsa     prev אמתים        next ארכו         read [2.5, 1.5, 1.5]            marked ['אמתים~', 'ואמה@', 'ואמה@'] | ויעש בצלאל את הארן עצי שטים אמתים וחצי ארכו ואמה וחצי רחבו ואמה וחצי קמתו
  HALF Exod 37:1      idx 10 וחצי       lemma 2677    morph HC/Ncmsa     prev ואמה         next רחבו         read [2.5, 1.5, 1.5]            marked ['אמתים~', 'ואמה@', 'ואמה@'] | ויעש בצלאל את הארן עצי שטים אמתים וחצי ארכו ואמה וחצי רחבו ואמה וחצי קמתו
  HALF Exod 37:1      idx 13 וחצי       lemma 2677    morph HC/Ncmsa     prev ואמה         next קמתו         read [2.5, 1.5, 1.5]            marked ['אמתים~', 'ואמה@', 'ואמה@'] | ויעש בצלאל את הארן עצי שטים אמתים וחצי ארכו ואמה וחצי רחבו ואמה וחצי קמתו
  HALF Exod 37:6      idx  5 וחצי       lemma 2677    morph HC/Ncmsa     prev אמתים        next ארכה         read [2.5, 1.5]                 marked ['אמתים~', 'ואמה@'] | ויעש כפרת זהב טהור אמתים וחצי ארכה ואמה וחצי רחבה
  HALF Exod 37:6      idx  8 וחצי       lemma 2677    morph HC/Ncmsa     prev ואמה         next רחבה         read [2.5, 1.5]                 marked ['אמתים~', 'ואמה@'] | ויעש כפרת זהב טהור אמתים וחצי ארכה ואמה וחצי רחבה
  HALF Exod 37:10     idx 10 וחצי       lemma 2677    morph HC/Ncmsa     prev ואמה         next קמתו         read [2, 1, 1.5]                marked ['אמתים~', 'ואמה@', 'ואמה@'] | ויעש את השלחן עצי שטים אמתים ארכו ואמה רחבו ואמה וחצי קמתו
  HALF Exod 38:4      idx 10 חציו       lemma 2677    morph HNcmsc/Sp3ms prev עד           next <end>        read []                         marked [] | ויעש למזבח מכבר מעשה רשת נחשת תחת כרכבו מלמטה עד חציו
  HALF Exod 38:26     idx  2 מחצית      lemma 4276    morph HNcfsc       prev לגלגלת       next השקל         read [Fraction(1, 2), 20, 603550] marked ['מחצית%'] | בקע לגלגלת מחצית השקל בשקל הקדש לכל העבר על הפקדים מבן עשרים שנה ומעלה לשש מאות אלף ושלשת אלפים וחמש
  HALF Ezek 16:51     idx  1 כחצי       lemma 2677    morph HR/Ncmsc     prev ושמרון       next חטאתיך       read []                         marked [] | ושמרון כחצי חטאתיך לא חטאה ותרבי את תועבותיך מהנה ותצדקי את אחותך בכל תועבותיך אשר עשיתי
  HALF Ezek 40:42     idx  8 וחצי       lemma 2677    morph HC/Ncmsa     prev אחת          next ורחב         read [4, 1.5, 1.5, 1]           marked ['אמה@', 'אמה@', 'אמה@'] | וארבעה שלחנות לעולה אבני גזית ארך אמה אחת וחצי ורחב אמה אחת וחצי וגבה אמה אחת אליהם ויניחו את הכלים 
  HALF Ezek 40:42     idx 12 וחצי       lemma 2677    morph HC/Ncmsa     prev אחת          next וגבה         read [4, 1.5, 1.5, 1]           marked ['אמה@', 'אמה@', 'אמה@'] | וארבעה שלחנות לעולה אבני גזית ארך אמה אחת וחצי ורחב אמה אחת וחצי וגבה אמה אחת אליהם ויניחו את הכלים 
  HALF Ezek 43:17     idx 13 חצי        lemma 2677    morph HNcmsc       prev אותה         next האמה         read [14, 14, 4, 1]             marked ['אמה@'] | והעזרה ארבע עשרה ארך בארבע עשרה רחב אל ארבעת רבעיה והגבול סביב אותה חצי האמה והחיק לה אמה סביב ומעלת
  HALF Isa 44:16      idx  0 חציו       lemma 2677    morph HNcmsc/Sp3ms prev <start>      next שרף          read []                         marked [] | חציו שרף במו אש על חציו בשר יאכל יצלה צלי וישבע אף יחם ויאמר האח חמותי ראיתי אור
  HALF Isa 44:16      idx  5 חציו       lemma 2677    morph HNcmsc/Sp3ms prev על           next בשר          read []                         marked [] | חציו שרף במו אש על חציו בשר יאכל יצלה צלי וישבע אף יחם ויאמר האח חמותי ראיתי אור
  HALF Isa 44:19      idx  9 חציו       lemma 2677    morph HNcmsc/Sp3ms prev לאמר         next שרפתי        read []                         marked [] | ולא ישיב אל לבו ולא דעת ולא תבונה לאמר חציו שרפתי במו אש ואף אפיתי על גחליו לחם אצלה בשר ואכל ויתרו 
  HALF Jer 17:11      idx  8 בחצי       lemma 2677    morph HR/Ncmsc     prev במשפט        next ימו          read [10]                       marked [] | קרא דגר ולא ילד עשה עשר ולא במשפט בחצי ימו יעזבנו ובאחריתו יהיה נבל
  HALF Josh 1:12      idx  2 ולחצי      lemma 2677    morph HC/R/Ncmsc   prev ולגדי        next שבט          read []                         marked [] | ולראובני ולגדי ולחצי שבט המנשה אמר יהושע לאמר
  HALF Josh 4:12      idx  5 וחצי       lemma 2677    morph HC/Ncmsc     prev גד           next שבט          read []                         marked ['חמשים*'] | ויעברו בני ראובן ובני גד וחצי שבט המנשה חמשים לפני בני ישראל כאשר דבר אליהם משה
  HALF Josh 8:33      idx 18 חציו       lemma 2677    morph HNcmsc/Sp3ms prev כאזרח        next אל           read []                         marked [] | וכל ישראל וזקניו ושטרים ושפטיו עמדים מזה ומזה לארון נגד הכהנים הלוים נשאי ארון ברית יהוה כגר כאזרח ח
  HALF Josh 8:33      idx 23 והחציו     lemma 2677    morph HC/Td/Ncmsc/Sp3ms prev גרזים        next אל           read []                         marked [] | וכל ישראל וזקניו ושטרים ושפטיו עמדים מזה ומזה לארון נגד הכהנים הלוים נשאי ארון ברית יהוה כגר כאזרח ח
  HALF Josh 10:13     idx 16 בחצי       lemma 2677    morph HR/Ncmsc     prev השמש         next השמים        read []                         marked [] | וידם השמש וירח עמד עד יקם גוי איביו הלא היא כתובה על ספר הישר ויעמד השמש בחצי השמים ולא אץ לבוא כיום
  HALF Josh 12:2      idx 14 וחצי       lemma 2677    morph HC/Ncmsc     prev הנחל         next הגלעד        read []                         marked [] | סיחון מלך האמרי היושב בחשבון משל מערוער אשר על שפת נחל ארנון ותוך הנחל וחצי הגלעד ועד יבק הנחל גבול 
  HALF Josh 12:5      idx 10 וחצי       lemma 2677    morph HC/Ncmsc     prev והמעכתי      next הגלעד        read []                         marked [] | ומשל בהר חרמון ובסלכה ובכל הבשן עד גבול הגשורי והמעכתי וחצי הגלעד גבול סיחון מלך חשבון
  HALF Josh 12:6      idx 13 ולחצי      lemma 2677    morph HC/R/Ncmsc   prev ולגדי        next שבט          read []                         marked [] | משה עבד יהוה ובני ישראל הכום ויתנה משה עבד יהוה ירשה לראובני ולגדי ולחצי שבט המנשה
  HALF Josh 13:7      idx  8 וחצי       lemma 2677    morph HC/Ncmsc     prev השבטים       next השבט         read [9]                        marked [] | ועתה חלק את הארץ הזאת בנחלה לתשעת השבטים וחצי השבט המנשה
  HALF Josh 13:25     idx  7 וחצי       lemma 2677    morph HC/Ncmsc     prev הגלעד        next ארץ          read []                         marked [] | ויהי להם הגבול יעזר וכל ערי הגלעד וחצי ארץ בני עמון עד ערוער אשר על פני רבה
  HALF Josh 13:29     idx  2 לחצי       lemma 2677    morph HR/Ncmsc     prev משה          next שבט          read []                         marked [] | ויתן משה לחצי שבט מנשה ויהי לחצי מטה בני מנשה למשפחותם
  HALF Josh 13:29     idx  6 לחצי       lemma 2677    morph HR/Ncmsc     prev ויהי         next מטה          read []                         marked [] | ויתן משה לחצי שבט מנשה ויהי לחצי מטה בני מנשה למשפחותם
  HALF Josh 13:31     idx  0 וחצי       lemma 2677    morph HC/Ncmsc     prev <start>      next הגלעד        read []                         marked [] | וחצי הגלעד ועשתרות ואדרעי ערי ממלכות עוג בבשן לבני מכיר בן מנשה לחצי בני מכיר למשפחותם
  HALF Josh 13:31     idx 12 לחצי       lemma 2677    morph HR/Ncmsc     prev מנשה         next בני          read []                         marked [] | וחצי הגלעד ועשתרות ואדרעי ערי ממלכות עוג בבשן לבני מכיר בן מנשה לחצי בני מכיר למשפחותם
  HALF Josh 14:2      idx  9 וחצי       lemma 2677    morph HC/Ncmsc     prev המטות        next המטה         read [9]                        marked [] | בגורל נחלתם כאשר צוה יהוה ביד משה לתשעת המטות וחצי המטה
  HALF Josh 14:3      idx  6 וחצי       lemma 2677    morph HC/Ncmsc     prev המטות        next המטה         read [2]                        marked ['שני^'] | כי נתן משה נחלת שני המטות וחצי המטה מעבר לירדן וללוים לא נתן נחלה בתוכם
  HALF Josh 18:7      idx 11 וחצי       lemma 2677    morph HC/Ncmsc     prev וראובן       next שבט          read []                         marked [] | כי אין חלק ללוים בקרבכם כי כהנת יהוה נחלתו וגד וראובן וחצי שבט המנשה לקחו נחלתם מעבר לירדן מזרחה אשר
  HALF Josh 21:5      idx  8 ומחצי      lemma 2677    morph HC/R/Ncmsc   prev דן           next מטה          read [10]                       marked [] | ולבני קהת הנותרים ממשפחת מטה אפרים וממטה דן ומחצי מטה מנשה בגורל ערים עשר
  HALF Josh 21:6      idx  9 ומחצי      lemma 2677    morph HC/R/Ncmsc   prev נפתלי        next מטה          read [13]                       marked [] | ולבני גרשון ממשפחות מטה יששכר וממטה אשר וממטה נפתלי ומחצי מטה מנשה בבשן בגורל ערים שלש עשרה
  HALF Josh 21:25     idx  0 וממחצית    lemma 4276    morph HC/R/Ncfsc   prev <start>      next מטה          read [2]                        marked [] | וממחצית מטה מנשה את תענך ואת מגרשה ואת גת רמון ואת מגרשה ערים שתים
  HALF Josh 21:27     idx  4 מחצי       lemma 2677    morph HR/Ncmsc     prev הלוים        next מטה          read [2]                        marked [] | ולבני גרשון ממשפחת הלוים מחצי מטה מנשה את עיר מקלט הרצח את גלון בבשן ואת מגרשה ואת בעשתרה ואת מגרשה 
  HALF Josh 22:1      idx  5 ולחצי      lemma 2677    morph HC/R/Ncmsc   prev ולגדי        next מטה          read []                         marked [] | אז יקרא יהושע לראובני ולגדי ולחצי מטה מנשה
  HALF Josh 22:7      idx  0 ולחצי      lemma 2677    morph HC/R/Ncmsc   prev <start>      next שבט          read []                         marked [] | ולחצי שבט המנשה נתן משה בבשן ולחציו נתן יהושע עם אחיהם מעבר הירדן ימה וגם כי שלחם יהושע אל אהליהם וי
  HALF Josh 22:7      idx  6 ולחציו     lemma 2677    morph HC/R/Ncmsc/Sp3ms prev בבשן         next נתן          read []                         marked [] | ולחצי שבט המנשה נתן משה בבשן ולחציו נתן יהושע עם אחיהם מעבר הירדן ימה וגם כי שלחם יהושע אל אהליהם וי
  HALF Josh 22:9      idx  6 וחצי       lemma 2677    morph HC/Ncmsc     prev גד           next שבט          read []                         marked [] | וישבו וילכו בני ראובן ובני גד וחצי שבט המנשה מאת בני ישראל משלה אשר בארץ כנען ללכת אל ארץ הגלעד אל א
  HALF Josh 22:10     idx 12 וחצי       lemma 2677    morph HC/Ncmsc     prev גד           next שבט          read []                         marked [] | ויבאו אל גלילות הירדן אשר בארץ כנען ויבנו בני ראובן ובני גד וחצי שבט המנשה שם מזבח על הירדן מזבח גדו
  HALF Josh 22:11     idx 10 וחצי       lemma 2677    morph HC/Ncmsc     prev גד           next שבט          read []                         marked [] | וישמעו בני ישראל לאמר הנה בנו בני ראובן ובני גד וחצי שבט המנשה את המזבח אל מול ארץ כנען אל גלילות הי
  HALF Josh 22:13     idx 10 חצי        lemma 2677    morph HNcmsc       prev ואל          next שבט          read []                         marked [] | וישלחו בני ישראל אל בני ראובן ואל בני גד ואל חצי שבט מנשה אל ארץ הגלעד את פינחס בן אלעזר הכהן
  HALF Josh 22:15     idx  8 חצי        lemma 2677    morph HNcmsc       prev ואל          next שבט          read []                         marked [] | ויבאו אל בני ראובן ואל בני גד ואל חצי שבט מנשה אל ארץ הגלעד וידברו אתם לאמר
  HALF Josh 22:21     idx  5 וחצי       lemma 2677    morph HC/Ncmsc     prev גד           next שבט          read []                         marked [] | ויענו בני ראובן ובני גד וחצי שבט המנשה וידברו את ראשי אלפי ישראל
  HALF Judg 16:3      idx  3 חצי        lemma 2677    morph HNcmsc       prev עד           next הלילה        read []                         marked [] | וישכב שמשון עד חצי הלילה ויקם בחצי הלילה ויאחז בדלתות שער העיר ובשתי המזוזות ויסעם עם הבריח וישם על 
  HALF Judg 16:3      idx  6 בחצי       lemma 2677    morph HR/Ncmsc     prev ויקם         next הלילה        read []                         marked [] | וישכב שמשון עד חצי הלילה ויקם בחצי הלילה ויאחז בדלתות שער העיר ובשתי המזוזות ויסעם עם הבריח וישם על 
  HALF Lev 6:13       idx 15 מחציתה     lemma 4276    morph HNcfsc/Sp3fs prev תמיד         next בבקר         read [Fraction(1, 10)]          marked ['עשירת%'] | זה קרבן אהרן ובניו אשר יקריבו ליהוה ביום המשח אתו עשירת האפה סלת מנחה תמיד מחציתה בבקר ומחציתה בערב
  HALF Lev 6:13       idx 17 ומחציתה    lemma 4276    morph HC/Ncfsc/Sp3fs prev בבקר         next בערב         read [Fraction(1, 10)]          marked ['עשירת%'] | זה קרבן אהרן ובניו אשר יקריבו ליהוה ביום המשח אתו עשירת האפה סלת מנחה תמיד מחציתה בבקר ומחציתה בערב
  HALF Neh 3:9        idx  7 חצי        lemma 2677    morph HNcmsc       prev שר           next פלך          read []                         marked [] | ועל ידם החזיק רפיה בן חור שר חצי פלך ירושלם
  HALF Neh 3:12       idx  7 חצי        lemma 2677    morph HNcmsc       prev שר           next פלך          read []                         marked [] | ועל ידו החזיק שלום בן הלוחש שר חצי פלך ירושלם הוא ובנותיו
  HALF Neh 3:16       idx  6 חצי        lemma 2677    morph HNcmsc       prev שר           next פלך          read []                         marked [] | אחריו החזיק נחמיה בן עזבוק שר חצי פלך בית צור עד נגד קברי דויד ועד הברכה העשויה ועד בית הגברים
  HALF Neh 3:17       idx 11 חצי        lemma 2677    morph HNcmsc       prev שר           next פלך          read []                         marked [] | אחריו החזיקו הלוים רחום בן בני על ידו החזיק חשביה שר חצי פלך קעילה לפלכו
  HALF Neh 3:18       idx  7 חצי        lemma 2677    morph HNcmsc       prev שר           next פלך          read []                         marked [] | אחריו החזיקו אחיהם בוי בן חנדד שר חצי פלך קעילה
  HALF Neh 3:38       idx  7 חציה       lemma 2677    morph HNcmsc/Sp3fs prev עד           next ויהי         read []                         marked [] | ונבנה את החומה ותקשר כל החומה עד חציה ויהי לב לעם לעשות
  HALF Neh 4:10       idx  4 חצי        lemma 2677    morph HNcmsc       prev ההוא         next נערי         read []                         marked [] | ויהי מן היום ההוא חצי נערי עשים במלאכה וחצים מחזיקים והרמחים המגנים והקשתות והשרינים והשרים אחרי כל 
  HALF Neh 4:10       idx  8 וחצים      lemma 2677    morph HC/Ncmsc/Sp3mp prev במלאכה       next מחזיקים      read []                         marked [] | ויהי מן היום ההוא חצי נערי עשים במלאכה וחצים מחזיקים והרמחים המגנים והקשתות והשרינים והשרים אחרי כל 
  HALF Neh 4:15       idx  3 וחצים      lemma 2677    morph HC/Ncmsc/Sp3mp prev במלאכה       next מחזיקים      read []                         marked [] | ואנחנו עשים במלאכה וחצים מחזיקים ברמחים מעלות השחר עד צאת הכוכבים
  HALF Neh 8:3        idx 11 מחצית      lemma 4276    morph HNcfsc       prev עד           next היום         read []                         marked [] | ויקרא בו לפני הרחוב אשר לפני שער המים מן האור עד מחצית היום נגד האנשים והנשים והמבינים ואזני כל העם 
  HALF Neh 12:32      idx  3 וחצי       lemma 2677    morph HC/Ncmsc     prev הושעיה       next שרי          read []                         marked [] | וילך אחריהם הושעיה וחצי שרי יהודה
  HALF Neh 12:38      idx  6 וחצי       lemma 2677    morph HC/Ncmsc     prev אחריה        next העם          read []                         marked [] | והתודה השנית ההולכת למואל ואני אחריה וחצי העם מעל להחומה מעל למגדל התנורים ועד החומה הרחבה
  HALF Neh 12:40      idx  6 וחצי       lemma 2677    morph HC/Ncmsc     prev ואני         next הסגנים       read [2]                        marked ['שתי^'] | ותעמדנה שתי התודת בבית האלהים ואני וחצי הסגנים עמי
  HALF Neh 13:24      idx  1 חצי        lemma 2677    morph HNcmsa       prev ובניהם       next מדבר         read []                         marked [] | ובניהם חצי מדבר אשדודית ואינם מכירים לדבר יהודית וכלשון עם ועם
  HALF Num 12:12      idx  9 חצי        lemma 2677    morph HNcmsc       prev ויאכל        next בשרו         read []                         marked [] | אל נא תהי כמת אשר בצאתו מרחם אמו ויאכל חצי בשרו
  HALF Num 15:9       idx 10 חצי        lemma 2677    morph HNcmsc       prev בשמן         next ההין         read [3, Fraction(1, 2)]        marked ['חצי%'] | והקריב על בן הבקר מנחה סלת שלשה עשרנים בלול בשמן חצי ההין
  HALF Num 15:10      idx  3 חצי        lemma 2677    morph HNcmsc       prev לנסך         next ההין         read [Fraction(1, 2)]           marked ['חצי%'] | ויין תקריב לנסך חצי ההין אשה ריח ניחח ליהוה
  HALF Num 28:14      idx  1 חצי        lemma 2677    morph HNcmsc       prev ונסכיהם      next ההין         read [Fraction(1, 2), Fraction(1, 3), Fraction(1, 4)] marked ['חצי%', 'ושלישת%', 'ורביעת%'] | ונסכיהם חצי ההין יהיה לפר ושלישת ההין לאיל ורביעת ההין לכבש יין זאת עלת חדש בחדשו לחדשי השנה
  HALF Num 31:29      idx  0 ממחציתם    lemma 4276    morph HR/Ncfsc/Sp3mp prev <start>      next תקחו         read []                         marked [] | ממחציתם תקחו ונתתה לאלעזר הכהן תרומת יהוה
  HALF Num 31:30      idx  0 וממחצת     lemma 4276    morph HC/R/Ncfsc   prev <start>      next בני          read [Fraction(1, 50)]          marked ['אחד/50%', 'החמשים*'] | וממחצת בני ישראל תקח אחד אחז מן החמשים מן האדם מן הבקר מן החמרים ומן הצאן מכל הבהמה ונתתה אתם ללוים 
  HALF Num 31:42      idx  0 וממחצית    lemma 4276    morph HC/R/Ncfsc   prev <start>      next בני          read []                         marked [] | וממחצית בני ישראל אשר חצה משה מן האנשים הצבאים
  HALF Num 31:47      idx  2 ממחצת      lemma 4276    morph HR/Ncfsc     prev משה          next בני          read [Fraction(1, 50)]          marked ['אחד/50%', 'החמשים*'] | ויקח משה ממחצת בני ישראל את האחז אחד מן החמשים מן האדם ומן הבהמה ויתן אתם ללוים שמרי משמרת משכן יהוה
  HALF Num 32:33      idx  7 ולחצי      lemma 2677    morph HC/R/Ncmsc   prev ראובן        next שבט          read []                         marked [] | ויתן להם משה לבני גד ולבני ראובן ולחצי שבט מנשה בן יוסף את ממלכת סיחן מלך האמרי ואת ממלכת עוג מלך הב
  HALF Num 34:13      idx 18 וחצי       lemma 2677    morph HC/Ncmsc     prev המטות        next המטה         read [9]                        marked [] | ויצו משה את בני ישראל לאמר זאת הארץ אשר תתנחלו אתה בגורל אשר צוה יהוה לתת לתשעת המטות וחצי המטה
  HALF Num 34:14      idx 12 וחצי       lemma 2677    morph HC/Ncmsc     prev אבתם         next מטה          read []                         marked [] | כי לקחו מטה בני הראובני לבית אבתם ומטה בני הגדי לבית אבתם וחצי מטה מנשה לקחו נחלתם
  HALF Num 34:15      idx  2 וחצי       lemma 2677    morph HC/Ncmsc     prev המטות        next המטה         read [2]                        marked ['שני^'] | שני המטות וחצי המטה לקחו נחלתם מעבר לירדן ירחו קדמה מזרחה
  HALF Ps 102:25      idx  4 בחצי       lemma 2677    morph HR/Ncmsc     prev תעלני        next ימי          read []                         marked [] | אמר אלי אל תעלני בחצי ימי בדור דורים שנותיך
  HALF Ruth 3:8       idx  1 בחצי       lemma 2677    morph HR/Ncmsc     prev ויהי         next הלילה        read []                         marked [] | ויהי בחצי הלילה ויחרד האיש וילפת והנה אשה שכבת מרגלתיו
  HALF Zech 14:2      idx 14 חצי        lemma 2677    morph HNcmsc       prev ויצא         next העיר         read []                         marked [] | ואספתי את כל הגוים אל ירושלם למלחמה ונלכדה העיר ונשסו הבתים והנשים תשגלנה ויצא חצי העיר בגולה ויתר ה
  HALF Zech 14:4      idx 15 מחציו      lemma 2677    morph HR/Ncmsc/Sp3ms prev הזיתים       next מזרחה        read []                         marked [] | ועמדו רגליו ביום ההוא על הר הזתים אשר על פני ירושלם מקדם ונבקע הר הזיתים מחציו מזרחה וימה גיא גדולה 
  HALF Zech 14:4      idx 22 חצי        lemma 2677    morph HNcmsc       prev ומש          next ההר          read []                         marked [] | ועמדו רגליו ביום ההוא על הר הזתים אשר על פני ירושלם מקדם ונבקע הר הזיתים מחציו מזרחה וימה גיא גדולה 
  HALF Zech 14:4      idx 25 וחציו      lemma 2677    morph HC/Ncmsc/Sp3ms prev צפונה        next נגבה         read []                         marked [] | ועמדו רגליו ביום ההוא על הר הזתים אשר על פני ירושלם מקדם ונבקע הר הזיתים מחציו מזרחה וימה גיא גדולה 
  HALF Zech 14:8      idx  7 חצים       lemma 2677    morph HNcmsc/Sp3mp prev מירושלם      next אל           read []                         marked [] | והיה ביום ההוא יצאו מים חיים מירושלם חצים אל הים הקדמוני וחצים אל הים האחרון בקיץ ובחרף יהיה
  HALF Zech 14:8      idx 11 וחצים      lemma 2677    morph HC/Ncmsc/Sp3mp prev הקדמוני      next אל           read []                         marked [] | והיה ביום ההוא יצאו מים חיים מירושלם חצים אל הים הקדמוני וחצים אל הים האחרון בקיץ ובחרף יהיה
  the pointed forms at Deut 3:12 / 3:13 / Num 32:33 / Num 34:13 / Exod 25:10: [(('Deut', 3, 12), [(0, 'וְאֶת'), (1, 'הָאָ֧רֶץ'), (2, 'הַזֹּ֛את'), (3, 'יָרַ֖שְׁנוּ'), (4, 'בָּעֵ֣ת'), (5, 'הַהִ֑וא'), (6, 'מֵעֲרֹעֵ֞ר'), (7, 'אֲשֶׁר'), (8, 'עַל'), (9, 'נַ֣חַל'), (10, 'אַרְנֹ֗ן'), (11, 'וַחֲצִ֤י'), (12, 'הַֽר'), (13, 'הַגִּלְעָד֙'), (14, 'וְעָרָ֔יו'), (15, 'נָתַ֕תִּי'), (16, 'לָרֻֽאוּבֵנִ֖י'), (17, 'וְלַגָּדִֽי')]), (('Deut', 3, 13), [(0, 'וְיֶ֨תֶר'), (1, 'הַגִּלְעָ֤ד'), (2, 'וְכָל'), (3, 'הַבָּשָׁן֙'), (4, 'מַמְלֶ֣כֶת'), (5, 'ע֔וֹג'), (6, 'נָתַ֕תִּי'), (7, 'לַחֲצִ֖י'), (8, 'שֵׁ֣בֶט'), (9, 'הַֽמְנַשֶּׁ֑ה'), (10, 'כֹּ֣ל'), (11, 'חֶ֤בֶל'), (12, 'הָֽאַרְגֹּב֙'), (13, 'לְכָל'), (14, 'הַבָּשָׁ֔ן'), (15, 'הַה֥וּא'), (16, 'יִקָּרֵ֖א'), (17, 'אֶ֥רֶץ'), (18, 'רְפָאִֽים')]), (('Num', 32, 33), [(0, 'וַיִּתֵּ֣ן'), (1, 'לָהֶ֣ם'), (2, 'מֹשֶׁ֡ה'), (3, 'לִבְנֵי'), (4, 'גָד֩'), (5, 'וְלִבְנֵ֨י'), (6, 'רְאוּבֵ֜ן'), (7, 'וְלַחֲצִ֣י'), (8, 'שֵׁ֣בֶט'), (9, 'מְנַשֶּׁ֣ה'), (10, 'בֶן'), (11, 'יוֹסֵ֗ף'), (12, 'אֶת'), (13, 'מַמְלֶ֨כֶת֙'), (14, 'סִיחֹן֙'), (15, 'מֶ֣לֶךְ'), (16, 'הָֽאֱמֹרִ֔י'), (17, 'וְאֶת'), (18, 'מַמְלֶ֔כֶת'), (19, 'ע֖וֹג'), (20, 'מֶ֣לֶךְ'), (21, 'הַבָּשָׁ֑ן'), (22, 'הָאָ֗רֶץ'), (23, 'לְעָרֶ֨יהָ֙'), (24, 'בִּגְבֻלֹ֔ת'), (25, 'עָרֵ֥י'), (26, 'הָאָ֖רֶץ'), (27, 'סָבִֽיב')]), (('Num', 34, 13), [(0, 'וַיְצַ֣ו'), (1, 'מֹשֶׁ֔ה'), (2, 'אֶת'), (3, 'בְּנֵ֥י'), (4, 'יִשְׂרָאֵ֖ל'), (5, 'לֵאמֹ֑ר'), (6, 'זֹ֣את'), (7, 'הָאָ֗רֶץ'), (8, 'אֲשֶׁ֨ר'), (9, 'תִּתְנַחֲל֤וּ'), (10, 'אֹתָהּ֙'), (11, 'בְּגוֹרָ֔ל'), (12, 'אֲשֶׁר֙'), (13, 'צִוָּ֣ה'), (14, 'יְהוָ֔ה'), (15, 'לָתֵ֛ת'), (16, 'לְתִשְׁעַ֥ת'), (17, 'הַמַּטּ֖וֹת'), (18, 'וַחֲצִ֥י'), (19, 'הַמַּטֶּֽה')]), (('Exod', 25, 10), [(0, 'וְעָשׂ֥וּ'), (1, 'אֲר֖וֹן'), (2, 'עֲצֵ֣י'), (3, 'שִׁטִּ֑ים'), (4, 'אַמָּתַ֨יִם'), (5, 'וָחֵ֜צִי'), (6, 'אָרְכּ֗וֹ'), (7, 'וְאַמָּ֤ה'), (8, 'וָחֵ֨צִי֙'), (9, 'רָחְבּ֔וֹ'), (10, 'וְאַמָּ֥ה'), (11, 'וָחֵ֖צִי'), (12, 'קֹמָתֽוֹ')])]
  verse_words at Deut 3:12: ['ואת', 'הארץ', 'הזאת', 'ירשנו', 'בעת', 'ההוא', 'מערער', 'אשר', 'על', 'נחל', 'ארנן', 'וחצי', 'הר', 'הגלעד', 'ועריו', 'נתתי', 'לראובני', 'ולגדי']
  verse_words at Deut 3:13: ['ויתר', 'הגלעד', 'וכל', 'הבשן', 'ממלכת', 'עוג', 'נתתי', 'לחצי', 'שבט', 'המנשה', 'כל', 'חבל', 'הארגב', 'לכל', 'הבשן', 'ההוא', 'יקרא', 'ארץ', 'רפאים']
  verse_words at Num 32:33: ['ויתן', 'להם', 'משה', 'לבני', 'גד', 'ולבני', 'ראובן', 'ולחצי', 'שבט', 'מנשה', 'בן', 'יוסף', 'את', 'ממלכת', 'סיחן', 'מלך', 'האמרי', 'ואת', 'ממלכת', 'עוג', 'מלך', 'הבשן', 'הארץ', 'לעריה', 'בגבלת', 'ערי', 'הארץ', 'סביב']
  verse_words at Exod 25:10: ['ועשו', 'ארון', 'עצי', 'שטים', 'אמתים~', 'וחצי', 'ארכו', 'ואמה@', 'וחצי', 'רחבו', 'ואמה@', 'וחצי', 'קמתו']
  verse_words at Exod 30:13: ['זה', 'יתנו', 'כל', 'העבר', 'על', 'הפקדים', 'מחצית%', 'השקל', 'בשקל', 'הקדש', 'עשרים', 'גרה', 'השקל', 'מחצית%', 'השקל', 'תרומה', 'ליהוה']
  verse_words at Deut 1:3: ['ויהי', 'בארבעים', 'שנה', 'בעשתי', 'עשר', 'חדש', 'באחד', 'לחדש', 'דבר', 'משה', 'אל', 'בני', 'ישראל', 'ככל', 'אשר', 'צוה', 'יהוה', 'אתו', 'אלהם']
  verse_words at Deut 1:15: ['ואקח', 'את', 'ראשי', 'שבטיכם', 'אנשים', 'חכמים', 'וידעים', 'ואתן', 'אתם', 'ראשים', 'עליכם', 'שרי', 'אלפים', 'ושרי', 'מאות', 'ושרי', 'חמשים', 'ושרי', 'עשרת', 'ושטרים', 'לשבטיכם']
  verse_words at Deut 2:14: ['והימים', 'אשר', 'הלכנו', 'מקדש', 'ברנע', 'עד', 'אשר', 'עברנו', 'את', 'נחל', 'זרד', 'שלשים', 'ושמנה', 'שנה', 'עד', 'תם', 'כל', 'הדור', 'אנשי', 'המלחמה', 'מקרב', 'המחנה', 'כאשר', 'נשבע', 'יהוה', 'להם']
  verse_words at Deut 3:11: ['כי', 'רק', 'עוג', 'מלך', 'הבשן', 'נשאר', 'מיתר', 'הרפאים', 'הנה', 'ערשו', 'ערש', 'ברזל', 'הלה', 'הוא', 'ברבת', 'בני', 'עמון', 'תשע', 'אמות', 'ארכה', 'וארבע', 'אמות', 'רחבה', 'באמת', 'איש']
  the tribe-word seats: מטה 75, המטה 24, שבט 62, השבט 4, מטות 16, שבטי 48 (Bible); half + tribe pairs: {'וחצי המטה': ['Josh 14:2', 'Josh 14:3', 'Num 34:13', 'Num 34:15'], 'וחצי מטה': ['Num 34:14'], 'ולחצי שבט': ['1Chr 5:26', 'Deut 29:7', 'Josh 1:12', 'Josh 12:6', 'Josh 22:7', 'Num 32:33'], 'לחצי שבט': ['1Chr 27:20', 'Deut 3:13', 'Josh 13:29'], 'חצי שבט': ['1Chr 5:23', 'Josh 22:13', 'Josh 22:15'], 'וחצי שבט': ['1Chr 5:18', '1Chr 12:38', '1Chr 26:32', 'Josh 4:12', 'Josh 18:7', 'Josh 22:9', 'Josh 22:10', 'Josh 22:11', 'Josh 22:21'], 'לחצי המטה': [], 'חצי המטה': []}

==== (C) THE PHRASE SEATS (the whole DB unless the Torah is named) ====
  these are the words                                          5 ['Deut 1:1', 'Exod 19:6', 'Exod 35:1', 'Isa 42:16', 'Zech 8:16']
  across the Jordan                                            26 ['1Sam 31:7', 'Deut 1:1', 'Deut 1:5', 'Deut 3:8', 'Deut 3:20', 'Deut 3:25', 'Deut 4:41', 'Deut 4:46', 'Deut 4:47', 'Deut 11:30', 'Gen 50:10', 'Gen 50:11', 'Josh 1:14', 'Josh 1:15', 'Josh 2:10', 'Josh 5:1', 'Josh 7:7', 'Josh 9:1', 'Josh 9:10', 'Josh 12:1', 'Josh 12:7', 'Josh 13:8', 'Josh 22:4', 'Josh 24:8', 'Judg 5:17', 'Judg 10:8']
  eleven days from Horeb                                       1 ['Deut 1:2']
  in the fortieth year                                         1 ['Deut 1:3']
  in the eleventh month                                        1 ['Deut 1:3']
  according to all that the LORD commanded him                 2 ['Deut 1:3', 'Exod 40:16']
  according to all that the LORD commanded                     9 ['Deut 1:3', 'Exod 39:32', 'Exod 39:42', 'Exod 40:16', 'Num 1:54', 'Num 2:34', 'Num 8:20', 'Num 9:5', 'Num 30:1']
  as the LORD commanded us                                     1 ['Deut 1:19']
  as the LORD our God commanded us                             0 []
  all that the LORD our God commanded us                       1 ['Deut 1:41']
  after he had smitten Sihon                                   1 ['Deut 1:4']
  began to explain                                             1 ['Deut 1:5']
  enough for you (pl.)                                         8 ['1Kgs 12:28', 'Deut 1:6', 'Deut 2:3', 'Deut 3:19', 'Ezek 44:6', 'Ezek 45:9', 'Num 16:3', 'Num 16:7']
  enough for you (sg.)                                         1 ['Deut 3:26']
  dwelling in this mountain                                    1 ['Deut 1:6']
  turn and journey                                             2 ['Deut 1:7', 'Num 14:25']
  turn and journey (14:25)                                     2 ['Deut 1:7', 'Num 14:25']
  go in and possess                                            1 ['Deut 1:8']
  I have set the land before you                               1 ['Deut 1:8']
  to your fathers, to Abraham, to Isaac and to Jacob           1 ['Deut 1:8']
  a thousand times                                             1 ['Deut 1:11']
  as He has spoken to you                                      3 ['Deut 1:11', 'Deut 11:25', 'Josh 23:10']
  the burden of you                                            1 ['Deut 1:12']
  wise and understanding and known                             1 ['Deut 1:13']
  wise and understanding                                       1 ['Deut 1:13']
  captains of thousands                                        7 ['1Sam 8:12', '1Sam 22:7', '2Chr 17:14', '2Sam 18:1', 'Deut 1:15', 'Exod 18:21', 'Exod 18:25']
  captains of hundreds                                         2 ['Exod 18:21', 'Exod 18:25']
  captains of fifties                                          2 ['Exod 18:21', 'Exod 18:25']
  captains of tens                                             0 []
  officers for your tribes                                     1 ['Deut 1:15']
  and officers                                                 6 ['1Chr 23:4', '2Chr 19:11', '2Chr 34:13', 'Deut 1:15', 'Deut 16:18', 'Josh 8:33']
  hear between your brothers                                   1 ['Deut 1:16']
  judge righteously                                            1 ['Deut 1:16']
  you shall not respect persons in judgment                    1 ['Deut 1:17']
  respect persons                                              1 ['Deut 1:17']
  the small and the great alike                                1 ['Deut 1:17']
  you shall not be afraid of the face of man                   1 ['Deut 1:17']
  for the judgment is God's                                    1 ['Deut 1:17']
  the hard matter                                              1 ['Deut 1:17']
  bring to me                                                  1 ['Deut 1:17']
  the great and terrible wilderness                            1 ['Deut 1:19']
  Kadesh-barnea                                                2 ['Deut 1:2', 'Deut 1:19']
  go up, take possession                                       1 ['Deut 1:21']
  let us send men before us                                    1 ['Deut 1:22']
  twelve men                                                   2 ['Deut 1:23', 'Josh 4:2']
  one man for a tribe                                          2 ['Deut 1:23', 'Josh 3:12']
  the valley of Eshcol                                         2 ['Deut 1:24', 'Num 13:23']
  they spied it out                                            1 ['Deut 1:24']
  spy out (root רגל)                                           7 ['Gen 33:14', 'Josh 6:25', 'Josh 14:7', 'Judg 18:2', 'Judg 18:14', 'Judg 18:17', 'Num 21:32']
  the land is good                                             2 ['Deut 1:25', 'Num 14:7']
  a good land                                                  2 ['Deut 8:7', 'Exod 3:8']
  you would not go up                                          1 ['Deut 1:26']
  you rebelled against the mouth of the LORD                   3 ['Deut 1:26', 'Deut 1:43', 'Deut 9:23']
  you murmured in your tents                                   1 ['Deut 1:27']
  the LORD hates us                                            1 ['Deut 1:27']
  the Amorite                                                  30 ['Deut 1:4', 'Deut 1:7', 'Deut 1:19', 'Deut 1:20', 'Deut 1:27', 'Deut 1:44', 'Deut 2:24', 'Deut 3:2', 'Deut 3:8', 'Deut 4:46', 'Deut 4:47', 'Deut 31:4', 'Exod 23:23', 'Exod 33:2', 'Exod 34:11', 'Gen 10:16', 'Gen 14:7', 'Gen 14:13', 'Gen 15:16', 'Gen 15:21', 'Gen 48:22', 'Num 21:13', 'Num 21:21', 'Num 21:25', 'Num 21:26', 'Num 21:31', 'Num 21:32', 'Num 21:34', 'Num 32:33', 'Num 32:39']
  our brothers have melted our heart                           1 ['Deut 1:28']
  greater and taller than we                                   1 ['Deut 1:28']
  fortified to heaven                                          0 []
  the sons of the Anakim                                       2 ['Deut 1:28', 'Deut 9:2']
  do not dread nor fear                                        1 ['Deut 1:29']
  He will fight for you                                        1 ['Deut 1:30']
  before your eyes                                             8 ['1Sam 12:16', 'Deut 1:30', 'Deut 9:17', 'Deut 29:1', 'Jer 16:9', 'Jer 29:21', 'Jer 51:24', 'Zeph 3:20']
  as a man carries his son                                     1 ['Deut 1:31']
  in fire by night                                             1 ['Deut 1:33']
  and in the cloud by day                                      1 ['Deut 1:33']
  this evil generation                                         1 ['Deut 1:35']
  the good land                                                7 ['1Chr 28:8', 'Deut 1:35', 'Deut 3:25', 'Deut 4:21', 'Deut 4:22', 'Deut 9:6', 'Josh 23:16']
  save Caleb son of Jephunneh                                  1 ['Deut 1:36']
  he wholly followed the LORD                                  3 ['1Kgs 11:6', 'Deut 1:36', 'Josh 14:14']
  the LORD was angry with me for your sakes                    1 ['Deut 1:37']
  the LORD was angry with me                                   0 []
  you shall not go in there                                    1 ['Deut 1:37']
  he shall go in there                                         1 ['Deut 1:38']
  he shall cause Israel to inherit                             1 ['Deut 1:38']
  your little ones who you said would be a prey                2 ['Deut 1:39', 'Num 14:31']
  your little ones                                             3 ['Deut 1:39', 'Deut 3:19', 'Num 14:31']
  for a prey                                                   17 ['2Chr 20:25', '2Kgs 21:14', 'Deut 1:39', 'Ezek 7:21', 'Ezek 26:5', 'Ezek 34:8', 'Ezek 34:22', 'Ezek 36:4', 'Ezek 36:5', 'Isa 42:22', 'Jer 2:14', 'Jer 15:13', 'Jer 17:3', 'Jer 30:16', 'Jer 49:32', 'Num 14:3', 'Num 14:31']
  who know not this day good and evil                          1 ['Deut 1:39']
  good and evil                                                5 ['Deut 1:39', 'Gen 2:9', 'Gen 2:17', 'Gen 3:5', 'Gen 3:22']
  the way of the Red Sea                                       4 ['Deut 1:40', 'Deut 2:1', 'Num 14:25', 'Num 21:4']
  we have sinned against the LORD                              4 ['1Sam 7:6', 'Deut 1:41', 'Jer 8:14', 'Jer 16:10']
  we will go up and fight                                      1 ['Deut 1:41']
  I am not among you                                           1 ['Deut 1:42']
  you were presumptuous and went up                            1 ['Deut 1:43']
  as bees do                                                   1 ['Deut 1:44']
  beat you down in Seir to Hormah                              1 ['Deut 1:44']
  to Hormah                                                    1 ['Deut 1:44']
  you wept before the LORD                                     1 ['Deut 1:45']
  the LORD did not hear your voice                             1 ['Deut 1:45']
  did not give ear                                             1 ['Deut 1:45']
  you abode in Kadesh many days                                1 ['Deut 1:46']
  we compassed Mount Seir many days                            1 ['Deut 2:1']
  you have compassed this mountain long enough                 1 ['Deut 2:3']
  turn northward                                               1 ['Deut 2:3']
  your brothers the sons of Esau                               1 ['Deut 2:4']
  who dwell in Seir                                            4 ['Deut 2:4', 'Deut 2:8', 'Deut 2:22', 'Deut 2:29']
  do not contend with them                                     1 ['Deut 2:5']
  not so much as a foot breadth                                1 ['Deut 2:5']
  for a possession to Esau I have given Mount Seir             1 ['Deut 2:5']
  food you shall buy for money                                 1 ['Deut 2:6']
  water you shall buy                                          1 ['Deut 2:6']
  these forty years                                            3 ['Deut 2:7', 'Deut 8:2', 'Deut 8:4']
  you have lacked nothing                                      1 ['Deut 2:7']
  from the way of the Arabah                                   1 ['Deut 2:8']
  from Elath and from Ezion-geber                              1 ['Deut 2:8']
  the way of the wilderness of Moab                            1 ['Deut 2:8']
  do not harass Moab                                           1 ['Deut 2:9']
  the sons of Lot                                              0 []
  Ar                                                           13 ['1Chr 2:3', '1Chr 4:21', 'Deut 2:9', 'Deut 2:18', 'Gen 38:3', 'Gen 38:7', 'Gen 46:12', 'Isa 15:1', 'Mal 2:12', 'Num 21:15', 'Num 21:28', 'Num 26:19', 'Song 5:2']
  the Emim                                                     2 ['Deut 2:10', 'Ps 117:1']
  the Rephaim                                                  19 ['1Chr 11:15', '1Chr 14:9', '2Sam 5:18', '2Sam 5:22', '2Sam 23:13', 'Deut 2:11', 'Deut 2:20', 'Deut 3:13', 'Gen 14:5', 'Isa 14:9', 'Isa 17:5', 'Isa 26:14', 'Isa 26:19', 'Josh 15:8', 'Josh 18:16', 'Prov 2:18', 'Prov 9:18', 'Prov 21:16', 'Ps 88:11']
  the Anakim                                                   4 ['Deut 1:28', 'Deut 9:2', 'Josh 11:22', 'Josh 14:12']
  the Horites                                                  12 ['1Kgs 21:8', '1Sam 14:11', '1Sam 15:8', 'Deut 2:12', 'Josh 8:26', 'Josh 10:35', 'Josh 10:40', 'Josh 11:12', 'Neh 4:8', 'Neh 4:13', 'Neh 5:7', 'Neh 7:5']
  as Israel did to the land of his possession                  1 ['Deut 2:12']
  the brook Zered                                              2 ['Deut 2:13', 'Deut 2:14']
  thirty-eight years                                           3 ['1Kgs 16:29', '2Kgs 15:8', 'Deut 2:14']
  until all the generation of the men of war was consumed      1 ['Deut 2:14']
  the men of war                                               20 ['1Kgs 9:22', '1Sam 18:5', '2Kgs 25:4', '2Kgs 25:19', 'Deut 2:14', 'Deut 2:16', 'Jer 38:4', 'Jer 39:4', 'Jer 41:3', 'Jer 41:16', 'Jer 49:26', 'Jer 52:7', 'Jer 52:25', 'Joel 4:9', 'Josh 5:4', 'Josh 5:6', 'Josh 6:3', 'Josh 10:24', 'Num 31:28', 'Num 31:49']
  the hand of the LORD was against them                        2 ['Deut 2:15', 'Judg 2:15']
  to discomfit them                                            2 ['Deut 2:15', 'Esth 9:24']
  the sons of Ammon                                            77 ['1Chr 19:1', '1Chr 19:2', '1Chr 19:3', '1Chr 19:6', '1Chr 19:9', '1Chr 19:11', '1Chr 19:12', '1Chr 19:19', '1Chr 20:1', '1Chr 20:3', '1Kgs 11:7', '1Kgs 11:33', '1Sam 12:12', '2Chr 20:10', '2Chr 20:22', '2Chr 20:23', '2Chr 27:5', '2Kgs 23:13', '2Kgs 24:2', '2Sam 10:1', '2Sam 10:2', '2Sam 10:3', '2Sam 10:6', '2Sam 10:8', '2Sam 10:10', '2Sam 10:11', '2Sam 10:14', '2Sam 10:19', '2Sam 11:1', '2Sam 12:9']
  the Zamzummim                                                1 ['Deut 2:20']
  the Avvim                                                    0 []
  the Caphtorim                                                3 ['1Chr 1:12', 'Deut 2:23', 'Gen 10:14']
  rise up, journey, and pass over the brook Arnon              1 ['Deut 2:24']
  begin to possess                                             2 ['Deut 2:24', 'Deut 2:31']
  I will begin to put the dread of you                         1 ['Deut 2:25']
  under the whole heaven                                       7 ['Dan 9:12', 'Deut 2:25', 'Deut 4:19', 'Gen 7:19', 'Job 28:24', 'Job 37:3', 'Job 41:3']
  messengers from the wilderness of Kedemoth                   1 ['Deut 2:26']
  words of peace                                               4 ['2Kgs 15:15', 'Deut 2:26', 'Esth 9:30', 'Ps 28:3']
  by the road, by the road                                     1 ['Deut 2:27']
  I will not turn to the right or to the left                  1 ['Deut 2:27']
  the sons of Esau did for me                                  1 ['Deut 2:29']
  the Moabites who dwell in Ar                                 1 ['Deut 2:29']
  hardened his spirit and made his heart obstinate             1 ['Deut 2:30']
  hardened his spirit                                          0 []
  I have begun to deliver                                      1 ['Deut 2:31']
  Jahaz                                                        5 ['1Chr 6:63', 'Deut 2:32', 'Jer 48:21', 'Josh 21:36', 'Num 21:23']
  we utterly destroyed                                         2 ['Deut 2:34', 'Deut 3:6']
  every city, the men and the women and the little ones        1 ['Deut 2:34']
  we left none remaining                                       1 ['Deut 2:34']
  from Aroer                                                   4 ['2Kgs 10:33', 'Deut 2:36', 'Deut 3:12', 'Deut 4:48']
  the brook Arnon                                              6 ['2Kgs 10:33', 'Deut 2:24', 'Deut 2:36', 'Deut 3:12', 'Deut 3:16', 'Deut 4:48']
  unto Gilead                                                  1 ['Deut 2:36']
  there was not a city too high for us                         1 ['Deut 2:36']
  the land of the sons of Ammon                                6 ['1Chr 19:2', '1Chr 20:1', '2Sam 10:2', 'Deut 2:37', 'Josh 13:25', 'Judg 11:15']
  Og king of Bashan                                            10 ['Deut 1:4', 'Deut 3:1', 'Deut 3:3', 'Deut 3:11', 'Deut 4:47', 'Josh 12:4', 'Josh 13:30', 'Neh 9:22', 'Num 21:33', 'Num 32:33']
  Edrei                                                        2 ['Deut 3:1', 'Num 21:33']
  fear him not                                                 2 ['Deut 3:2', 'Num 21:34']
  as you did to Sihon                                          2 ['Deut 3:2', 'Num 21:34']
  and the LORD our God gave into our hand                      1 ['Deut 3:3']
  threescore cities                                            3 ['1Chr 2:23', 'Deut 3:4', 'Josh 13:30']
  the region of Argob                                          3 ['1Kgs 4:13', 'Deut 3:4', 'Deut 3:14']
  fenced with high walls, gates and bars                       1 ['Deut 3:5']
  Hermon                                                       11 ['1Chr 5:23', 'Deut 3:8', 'Deut 4:48', 'Josh 11:3', 'Josh 11:17', 'Josh 12:1', 'Josh 12:5', 'Josh 13:5', 'Josh 13:11', 'Judg 3:3', 'Ps 133:3']
  the Sidonians call Hermon Sirion                             1 ['Deut 3:9']
  Senir                                                        2 ['Deut 3:9', 'Song 4:8']
  Salcah                                                       3 ['1Chr 5:11', 'Deut 3:10', 'Josh 13:11']
  the remnant of the Rephaim                                   3 ['Deut 3:11', 'Josh 12:4', 'Josh 13:12']
  a bedstead of iron                                           1 ['Deut 3:11']
  is it not in Rabbah                                          1 ['Deut 3:11']
  nine cubits its length                                       1 ['Deut 3:11']
  by the cubit of a man                                        1 ['Deut 3:11']
  half the hill country of Gilead                              1 ['Deut 3:12']
  to the Reubenite and to the Gadite                           5 ['1Chr 5:26', 'Deut 3:12', 'Deut 29:7', 'Josh 12:6', 'Josh 22:1']
  the half-tribe of Manasseh                                   1 ['Deut 3:13']
  Jair son of Manasseh                                         2 ['1Kgs 4:13', 'Deut 3:14']
  Havvoth-jair                                                 6 ['1Chr 2:23', '1Kgs 4:13', 'Deut 3:14', 'Josh 13:30', 'Judg 10:4', 'Num 32:41']
  unto this day                                                75 ['1Chr 4:41', '1Chr 4:43', '1Chr 5:26', '1Chr 13:11', '1Chr 17:5', '1Kgs 8:8', '1Kgs 9:13', '1Kgs 9:21', '1Kgs 10:12', '1Kgs 12:19', '1Sam 5:5', '1Sam 6:18', '1Sam 12:2', '1Sam 27:6', '1Sam 29:3', '1Sam 29:6', '1Sam 29:8', '1Sam 30:25', '2Chr 5:9', '2Chr 8:8', '2Chr 10:19', '2Chr 21:10', '2Kgs 2:22', '2Kgs 8:22', '2Kgs 14:7', '2Kgs 16:6', '2Kgs 17:23', '2Kgs 17:34', '2Kgs 17:41', '2Kgs 20:17']
  the Geshurite and the Maacathite                             3 ['Deut 3:14', 'Josh 12:5', 'Josh 13:11']
  to Machir I gave Gilead                                      1 ['Deut 3:15']
  the middle of the brook                                      1 ['Deut 3:16']
  the Jabbok                                                   5 ['Deut 2:37', 'Deut 3:16', 'Gen 32:23', 'Josh 12:2', 'Num 21:24']
  Chinnereth                                                   2 ['Josh 13:27', 'Num 34:11']
  the sea of the Arabah, the Salt Sea                          3 ['Deut 3:17', 'Josh 3:16', 'Josh 12:3']
  under the slopes of Pisgah                                   2 ['Deut 3:17', 'Deut 4:49']
  the LORD your God has given you this land                    1 ['Deut 3:18']
  armed                                                        3 ['Deut 3:18', 'Num 32:30', 'Num 32:32']
  all the men of valor                                         1 ['Deut 3:18']
  until the LORD gives rest to your brothers                   2 ['Deut 3:20', 'Josh 1:15']
  gives rest                                                   6 ['Deut 3:20', 'Eccl 10:4', 'Exod 17:11', 'Isa 30:32', 'Josh 1:15', 'Lev 7:15']
  every man to his possession                                  1 ['Deut 3:20']
  which I have given you                                       7 ['Deut 3:19', 'Deut 3:20', 'Deut 9:23', 'Jer 7:14', 'Jer 23:39', 'Jer 35:15', 'Num 18:26']
  and I commanded Joshua at that time                          1 ['Deut 3:21']
  Joshua (plene)                                               2 ['Deut 3:21', 'Judg 2:7']
  Joshua (defective)                                           177 ['1Chr 7:27', '1Kgs 16:34', '1Sam 6:14', '1Sam 6:18', '2Kgs 23:8', 'Deut 1:38', 'Deut 3:28', 'Deut 31:3', 'Deut 31:14', 'Deut 31:23', 'Exod 17:9', 'Exod 17:10', 'Exod 17:13', 'Exod 17:14', 'Exod 32:17', 'Exod 33:11', 'Hag 1:1', 'Hag 1:14', 'Hag 2:2', 'Hag 2:4', 'Josh 1:1', 'Josh 1:10', 'Josh 1:12', 'Josh 1:16', 'Josh 2:1', 'Josh 2:23', 'Josh 2:24', 'Josh 3:1', 'Josh 3:5', 'Josh 3:6']
  your eyes have seen                                          1 ['Deut 3:21']
  so shall the LORD do to all the kingdoms                     1 ['Deut 3:21']
  you shall not fear them                                      1 ['Deut 3:22']
  the LORD your God, He fights for you                         3 ['Deut 3:22', 'Josh 23:3', 'Josh 23:10']
  and I besought the LORD                                      1 ['Deut 3:23']
  at that time                                                 19 ['Deut 1:9', 'Deut 1:16', 'Deut 1:18', 'Deut 2:34', 'Deut 3:4', 'Deut 3:8', 'Deut 3:12', 'Deut 3:18', 'Deut 3:21', 'Deut 3:23', 'Deut 4:14', 'Deut 5:5', 'Deut 9:20', 'Deut 10:1', 'Deut 10:8', 'Gen 21:22', 'Gen 38:1', 'Isa 39:1', 'Num 22:4']
  O LORD God                                                   284 ['1Kgs 2:26', '1Kgs 8:53', '2Sam 7:18', '2Sam 7:19', '2Sam 7:20', '2Sam 7:22', '2Sam 7:28', '2Sam 7:29', 'Amos 1:8', 'Amos 3:7', 'Amos 3:8', 'Amos 3:11', 'Amos 3:13', 'Amos 4:2', 'Amos 4:5', 'Amos 5:3', 'Amos 6:8', 'Amos 7:1', 'Amos 7:2', 'Amos 7:4', 'Amos 7:5', 'Amos 7:6', 'Amos 8:1', 'Amos 8:3', 'Amos 8:9', 'Amos 8:11', 'Amos 9:8', 'Deut 3:24', 'Deut 9:26', 'Ezek 2:4']
  you have begun to show your servant                          1 ['Deut 3:24']
  your greatness                                               1 ['Deut 3:24']
  your strong hand                                             2 ['1Kgs 8:42', 'Deut 3:24']
  what god is there in heaven or earth                         1 ['Deut 3:24']
  let me go over, I pray                                       3 ['2Sam 16:9', 'Deut 3:25', 'Judg 11:17']
  the good land beyond the Jordan                              1 ['Deut 3:25']
  this good mountain and Lebanon                               0 []
  the LORD was wroth with me for your sakes                    1 ['Deut 3:26']
  was wroth                                                    3 ['Deut 3:26', 'Ps 78:21', 'Ps 78:59']
  would not hear me                                            1 ['Deut 3:26']
  let it suffice you                                           1 ['Deut 3:26']
  speak no more to Me of this matter                           1 ['Deut 3:26']
  go up to the top of Pisgah                                   1 ['Deut 3:27']
  the top of Pisgah                                            4 ['Deut 3:27', 'Deut 34:1', 'Num 21:20', 'Num 23:14']
  lift up your eyes westward and northward and southward and eastward 1 ['Deut 3:27']
  see with your eyes                                           2 ['Deut 3:27', 'Ezek 44:5']
  you shall not go over this Jordan                            2 ['Deut 3:27', 'Deut 31:2']
  command Joshua                                               1 ['Deut 3:28']
  and strengthen him and encourage him                         1 ['Deut 3:28']
  be strong and of good courage                                9 ['1Chr 22:13', '1Chr 28:20', 'Deut 31:7', 'Deut 31:23', 'Isa 28:2', 'Josh 1:6', 'Josh 1:7', 'Josh 1:9', 'Josh 1:18']
  he shall go over before this people                          1 ['Deut 3:28']
  he shall cause them to inherit                               1 ['Deut 3:28']
  we abode in the valley over against Beth-peor                1 ['Deut 3:29']
  over against Beth-peor                                       3 ['Deut 3:29', 'Deut 4:46', 'Deut 34:6']
  in the valley                                                13 ['1Chr 18:12', '2Chr 14:9', '2Chr 28:3', '2Kgs 14:7', '2Sam 8:13', 'Deut 3:29', 'Deut 4:46', 'Isa 22:5', 'Jer 2:23', 'Jer 7:31', 'Jer 32:35', 'Ps 23:4', 'Ps 60:2']
  the LORD said to me                                          32 ['Amos 7:8', 'Amos 8:2', 'Deut 1:42', 'Deut 2:2', 'Deut 2:9', 'Deut 2:31', 'Deut 3:2', 'Deut 3:26', 'Deut 5:28', 'Deut 9:12', 'Deut 9:13', 'Deut 10:11', 'Deut 18:17', 'Ezek 23:36', 'Hos 3:1', 'Isa 8:1', 'Isa 8:3', 'Jer 1:7', 'Jer 1:9', 'Jer 1:12', 'Jer 1:14', 'Jer 3:6', 'Jer 3:11', 'Jer 11:6', 'Jer 11:9', 'Jer 13:6', 'Jer 14:11', 'Jer 14:14', 'Jer 15:1', 'Jer 24:3']
  the LORD spoke to me                                         1 ['Deut 2:17']
  saying                                                       40 ['Deut 1:5', 'Deut 1:6', 'Deut 1:9', 'Deut 1:16', 'Deut 1:28', 'Deut 1:34', 'Deut 1:37', 'Deut 2:2', 'Deut 2:4', 'Deut 2:17', 'Deut 2:26', 'Deut 3:18', 'Deut 3:21', 'Deut 3:23', 'Deut 5:5', 'Deut 6:20', 'Deut 9:4', 'Deut 9:13', 'Deut 9:23', 'Deut 12:30', 'Deut 13:3', 'Deut 13:7', 'Deut 13:13', 'Deut 13:14', 'Deut 15:9', 'Deut 15:11', 'Deut 18:16', 'Deut 19:7', 'Deut 20:5', 'Deut 22:17']
  the LORD your God who goes before you                        1 ['Deut 1:30']
  He will fight for you                                        2 ['Deut 1:30', 'Exod 14:14']
  as He did for you in Egypt                                   1 ['Deut 1:30']
  the arm captains (18:21)                                     2 ['Exod 18:21', 'Exod 18:25']
  Jethro's four qualities                                      1 ['Exod 18:21']
  the seventy elders                                           9 ['1Sam 6:19', '2Kgs 10:6', '2Kgs 10:7', 'Judg 9:2', 'Judg 9:5', 'Judg 9:18', 'Num 11:16', 'Num 11:24', 'Num 11:25']

==== (D) THE CASE TOKENS AND THE VERBS of 1:1-3:29 ====
  1:1  case tokens []
        verbs [(3, 'דבר', 'HVpp3ms')]
  1:2  case tokens []
        verbs []
  1:3  case tokens []
        verbs [(0, 'ויהי', 'HC/Vqw3ms'), (8, 'דבר', 'HVpp3ms'), (15, 'צוה', 'HVpp3ms')]
  1:4  case tokens []
        verbs [(1, 'הכתו', 'HVhc/Sp3ms'), (7, 'יושב', 'HVqrmsa'), (14, 'יושב', 'HVqrmsa')]
  1:5  case tokens []
        verbs [(4, 'הואיל', 'HVhp3ms'), (6, 'באר', 'HVpp3ms'), (10, 'לאמר', 'HR/Vqc')]
  1:6  case tokens []
        verbs [(2, 'דבר', 'HVpp3ms'), (5, 'לאמר', 'HR/Vqc'), (8, 'שבת', 'HVqc')]
  1:7  case tokens []
        verbs [(0, 'פנו', 'HVqv2mp'), (1, 'וסעו', 'HC/Vqv2mp'), (3, 'ובאו', 'HC/Vqv2mp')]
  1:8  case tokens []
        verbs [(0, 'ראה', 'HVqv2ms'), (1, 'נתתי', 'HVqp1cs'), (5, 'באו', 'HVqv2mp'), (6, 'ורשו', 'HC/Vqv2mp'), (10, 'נשבע', 'HVNp3ms'), (16, 'לתת', 'HR/Vqc')]
  1:9  case tokens []
        verbs [(0, 'ואמר', 'HC/Vqw1cs'), (4, 'לאמר', 'HR/Vqc'), (6, 'אוכל', 'HVqi1cs'), (8, 'שאת', 'HVqc')]
  1:10 case tokens []
        verbs [(2, 'הרבה', 'HVhp3ms')]
  1:11 case tokens []
        verbs [(3, 'יסף', 'HVhj3ms'), (8, 'ויברך', 'HC/Vpi3ms'), (11, 'דבר', 'HVpp3ms')]
  1:12 case tokens []
        verbs [(1, 'אשא', 'HVqi1cs')]
  1:13 case tokens []
        verbs [(0, 'הבו', 'HVqv2mp'), (4, 'ונבנים', 'HC/VNrmpa'), (5, 'וידעים', 'HC/Vqsmpa'), (7, 'ואשימם', 'HC/Vqi1cs/Sp3mp')]
  1:14 case tokens []
        verbs [(0, 'ותענו', 'HC/Vqw2mp'), (2, 'ותאמרו', 'HC/Vqw2mp'), (6, 'דברת', 'HVpp2ms'), (7, 'לעשות', 'HR/Vqc')]
  1:15 case tokens []
        verbs [(0, 'ואקח', 'HC/Vqw1cs'), (6, 'וידעים', 'HC/Vqsmpa'), (7, 'ואתן', 'HC/Vqw1cs'), (19, 'ושטרים', 'HC/Vqrmpa')]
  1:16 case tokens []
        verbs [(0, 'ואצוה', 'HC/Vpw1cs'), (2, 'שפטיכם', 'HVqrmpc/Sp2mp'), (5, 'לאמר', 'HR/Vqc'), (6, 'שמע', 'HVqa'), (9, 'ושפטתם', 'HC/Vqq2mp')]
  1:17 case tokens [(11, 'כי')]
        verbs [(1, 'תכירו', 'HVhi2mp'), (6, 'תשמעון', 'HVqi2mp/Sn'), (8, 'תגורו', 'HVqi2mp'), (17, 'יקשה', 'HVqi3ms'), (19, 'תקרבון', 'HVhi2mp/Sn'), (21, 'ושמעתיו', 'HC/Vqq1cs/Sp3ms')]
  1:18 case tokens []
        verbs [(0, 'ואצוה', 'HC/Vpw1cs'), (8, 'תעשון', 'HVqi2mp/Sn')]
  1:19 case tokens []
        verbs [(0, 'ונסע', 'HC/Vqw1cp'), (2, 'ונלך', 'HC/Vqw1cp'), (7, 'והנורא', 'HC/Td/VNrmsa'), (10, 'ראיתם', 'HVqp2mp'), (15, 'צוה', 'HVpp3ms'), (19, 'ונבא', 'HC/Vqw1cp')]
  1:20 case tokens []
        verbs [(0, 'ואמר', 'HC/Vqw1cs'), (2, 'באתם', 'HVqp2mp'), (9, 'נתן', 'HVqrmsa')]
  1:21 case tokens []
        verbs [(0, 'ראה', 'HVqv2ms'), (1, 'נתן', 'HVqp3ms'), (7, 'עלה', 'HVqv2ms'), (8, 'רש', 'HVqv2ms'), (10, 'דבר', 'HVpp3ms'), (16, 'תירא', 'HVqj2ms'), (18, 'תחת', 'HVNj2ms')]
  1:22 case tokens []
        verbs [(0, 'ותקרבון', 'HC/Vqw2mp/Sn'), (3, 'ותאמרו', 'HC/Vqw2mp'), (4, 'נשלחה', 'HVqh1cp'), (7, 'ויחפרו', 'HC/Vqi3mp'), (11, 'וישבו', 'HC/Vhi3mp'), (17, 'נעלה', 'HVqi1cp'), (22, 'נבא', 'HVqi1cp')]
  1:23 case tokens []
        verbs [(0, 'וייטב', 'HC/Vqw3ms'), (3, 'ואקח', 'HC/Vqw1cs')]
  1:24 case tokens []
        verbs [(0, 'ויפנו', 'HC/Vqw3mp'), (1, 'ויעלו', 'HC/Vqw3mp'), (3, 'ויבאו', 'HC/Vqw3mp'), (7, 'וירגלו', 'HC/Vpw3mp')]
  1:25 case tokens []
        verbs [(0, 'ויקחו', 'HC/Vqw3mp'), (4, 'ויורדו', 'HC/Vhw3mp'), (6, 'וישבו', 'HC/Vhw3mp'), (9, 'ויאמרו', 'HC/Vqw3mp'), (15, 'נתן', 'HVqrmsa')]
  1:26 case tokens []
        verbs [(1, 'אביתם', 'HVqp2mp'), (2, 'לעלת', 'HR/Vqc'), (3, 'ותמרו', 'HC/Vhw2mp')]
  1:27 case tokens []
        verbs [(0, 'ותרגנו', 'HC/VNw2mp'), (2, 'ותאמרו', 'HC/Vqw2mp'), (6, 'הוציאנו', 'HVhp3ms/Sp1cp'), (9, 'לתת', 'HR/Vqc'), (13, 'להשמידנו', 'HR/Vhc/Sp1cp')]
  1:28 case tokens []
        verbs [(2, 'עלים', 'HVqrmpa'), (4, 'המסו', 'HVhp3cp'), (7, 'לאמר', 'HR/Vqc'), (10, 'ורם', 'HC/Vqrmsa'), (19, 'ראינו', 'HVqp1cp')]
  1:29 case tokens []
        verbs [(0, 'ואמר', 'HC/Vqw1cs'), (3, 'תערצון', 'HVqi2mp/Sn'), (5, 'תיראון', 'HVqi2mp/Sn')]
  1:30 case tokens []
        verbs [(2, 'ההלך', 'HTd/Vqrmsa'), (5, 'ילחם', 'HVNi3ms'), (9, 'עשה', 'HVqp3ms')]
  1:31 case tokens []
        verbs [(2, 'ראית', 'HVqp2ms'), (4, 'נשאך', 'HVqp3ms/Sp2ms'), (8, 'ישא', 'HVqi3ms'), (15, 'הלכתם', 'HVqp2mp'), (17, 'באכם', 'HVqc/Sp2mp')]
  1:32 case tokens []
        verbs [(3, 'מאמינם', 'HVhrmpa')]
  1:33 case tokens []
        verbs [(0, 'ההלך', 'HTd/Vqrmsa'), (3, 'לתור', 'HR/Vqc'), (6, 'לחנתכם', 'HR/Vqc/Sp2mp'), (9, 'לראתכם', 'HR/Vhc/Sp2mp'), (12, 'תלכו', 'HVqi2mp')]
  1:34 case tokens []
        verbs [(0, 'וישמע', 'HC/Vqw3ms'), (5, 'ויקצף', 'HC/Vqw3ms'), (6, 'וישבע', 'HC/VNw3ms'), (7, 'לאמר', 'HR/Vqc')]
  1:35 case tokens [(0, 'אם')]
        verbs [(1, 'יראה', 'HVqi3ms'), (12, 'נשבעתי', 'HVNp1cs'), (13, 'לתת', 'HR/Vqc')]
  1:36 case tokens []
        verbs [(5, 'יראנה', 'HVqi3ms/Sp3fs'), (7, 'אתן', 'HVqi1cs'), (11, 'דרך', 'HVqp3ms'), (16, 'מלא', 'HVpp3ms')]
  1:37 case tokens []
        verbs [(2, 'התאנף', 'HVtp3ms'), (5, 'לאמר', 'HR/Vqc'), (9, 'תבא', 'HVqi2ms')]
  1:38 case tokens [(10, 'כי')]
        verbs [(3, 'העמד', 'HTd/Vqrmsa'), (6, 'יבא', 'HVqi3ms'), (9, 'חזק', 'HVpv2ms'), (12, 'ינחלנה', 'HVhi3ms/Sp3fs')]
  1:39 case tokens []
        verbs [(2, 'אמרתם', 'HVqp2mp'), (4, 'יהיה', 'HVqi3ms'), (8, 'ידעו', 'HVqp3cp'), (13, 'יבאו', 'HVqi3mp'), (16, 'אתננה', 'HVqi1cs/Sp3fs'), (18, 'יירשוה', 'HVqi3mp/Sp3fs')]
  1:40 case tokens []
        verbs [(1, 'פנו', 'HVqv2mp'), (3, 'וסעו', 'HC/Vqv2mp')]
  1:41 case tokens []
        verbs [(0, 'ותענו', 'HC/Vqw2mp'), (1, 'ותאמרו', 'HC/Vqw2mp'), (3, 'חטאנו', 'HVqp1cp'), (6, 'נעלה', 'HVqi1cp'), (7, 'ונלחמנו', 'HC/VNq1cp'), (10, 'צונו', 'HVpp3ms/Sp1cp'), (13, 'ותחגרו', 'HC/Vqw2mp'), (18, 'ותהינו', 'HC/Vhw2mp'), (19, 'לעלת', 'HR/Vqc')]
  1:42 case tokens [(9, 'כי')]
        verbs [(0, 'ויאמר', 'HC/Vqw3ms'), (3, 'אמר', 'HVqv2ms'), (6, 'תעלו', 'HVqi2mp'), (8, 'תלחמו', 'HVNi2mp'), (13, 'תנגפו', 'HVNi2mp'), (15, 'איביכם', 'HVqrmpc/Sp2mp')]
  1:43 case tokens []
        verbs [(0, 'ואדבר', 'HC/Vpw1cs'), (3, 'שמעתם', 'HVqp2mp'), (4, 'ותמרו', 'HC/Vhw2mp'), (8, 'ותזדו', 'HC/Vhw2mp'), (9, 'ותעלו', 'HC/Vqw2mp')]
  1:44 case tokens []
        verbs [(0, 'ויצא', 'HC/Vqw3ms'), (2, 'הישב', 'HTd/Vqrmsa'), (5, 'לקראתכם', 'HR/Vqc/Sp2mp'), (6, 'וירדפו', 'HC/Vqw3mp'), (9, 'תעשינה', 'HVqi3fp'), (11, 'ויכתו', 'HC/Vhw3mp')]
  1:45 case tokens []
        verbs [(0, 'ותשבו', 'HC/Vqw2mp'), (1, 'ותבכו', 'HC/Vqw2mp'), (5, 'שמע', 'HVqp3ms'), (9, 'האזין', 'HVhp3ms')]
  1:46 case tokens []
        verbs [(0, 'ותשבו', 'HC/Vqw2mp'), (6, 'ישבתם', 'HVqp2mp')]
  2:1  case tokens []
        verbs [(0, 'ונפן', 'HC/Vqw1cp'), (1, 'ונסע', 'HC/Vqw1cp'), (7, 'דבר', 'HVpp3ms'), (10, 'ונסב', 'HC/Vqw1cs')]
  2:2  case tokens []
        verbs [(0, 'ויאמר', 'HC/Vqw3ms'), (3, 'לאמר', 'HR/Vqc')]
  2:3  case tokens []
        verbs [(2, 'סב', 'HVqc'), (6, 'פנו', 'HVqv2mp')]
  2:4  case tokens []
        verbs [(2, 'צו', 'HVpv2ms'), (3, 'לאמר', 'HR/Vqc'), (5, 'עברים', 'HVqrmpa'), (10, 'הישבים', 'HTd/Vqrmpa'), (12, 'וייראו', 'HC/Vqi3mp'), (14, 'ונשמרתם', 'HC/VNq2mp')]
  2:5  case tokens [(3, 'כי'), (12, 'כי')]
        verbs [(1, 'תתגרו', 'HVtj2mp'), (5, 'אתן', 'HVqi1cs'), (15, 'נתתי', 'HVqp1cs')]
  2:6  case tokens []
        verbs [(1, 'תשברו', 'HVqi2mp'), (4, 'ואכלתם', 'HC/Vqq2mp'), (7, 'תכרו', 'HVqi2mp'), (10, 'ושתיתם', 'HC/Vqq2mp')]
  2:7  case tokens [(0, 'כי')]
        verbs [(3, 'ברכך', 'HVpp3ms/Sp2ms'), (7, 'ידע', 'HVqp3ms'), (8, 'לכתך', 'HVqc/Sp2ms'), (20, 'חסרת', 'HVqp2ms')]
  2:8  case tokens []
        verbs [(0, 'ונעבר', 'HC/Vqw1cp'), (5, 'הישבים', 'HTd/Vqrmpa'), (12, 'ונפן', 'HC/Vqw1cp'), (13, 'ונעבר', 'HC/Vqw1cp')]
  2:9  case tokens [(11, 'כי'), (17, 'כי')]
        verbs [(0, 'ויאמר', 'HC/Vqw3ms'), (4, 'תצר', 'HVqj2ms'), (8, 'תתגר', 'HVtj2ms'), (13, 'אתן', 'HVqi1cs'), (20, 'נתתי', 'HVqp1cs')]
  2:10 case tokens []
        verbs [(2, 'ישבו', 'HVqp3cp'), (7, 'ורם', 'HC/Vqrmsa')]
  2:11 case tokens []
        verbs [(1, 'יחשבו', 'HVNi3mp'), (6, 'יקראו', 'HVqi3mp')]
  2:12 case tokens []
        verbs [(1, 'ישבו', 'HVqp3cp'), (6, 'יירשום', 'HVqi3mp/Sp3mp'), (7, 'וישמידום', 'HC/Vhw3mp/Sp3mp'), (9, 'וישבו', 'HC/Vqw3mp'), (12, 'עשה', 'HVqp3ms'), (17, 'נתן', 'HVqp3ms')]
  2:13 case tokens []
        verbs [(1, 'קמו', 'HVqv2mp'), (2, 'ועברו', 'HC/Vqv2mp'), (7, 'ונעבר', 'HC/Vqw1cp')]
  2:14 case tokens []
        verbs [(2, 'הלכנו', 'HVqp1cp'), (7, 'עברנו', 'HVqp1cp'), (15, 'תם', 'HVqc'), (23, 'נשבע', 'HVNp3ms')]
  2:15 case tokens []
        verbs [(3, 'היתה', 'HVqp3fs'), (5, 'להמם', 'HR/Vqc/Sp3mp'), (9, 'תמם', 'HVqc/Sp3mp')]
  2:16 case tokens []
        verbs [(0, 'ויהי', 'HC/Vqw3ms'), (2, 'תמו', 'HVqp3cp'), (6, 'למות', 'HR/Vqc')]
  2:17 case tokens []
        verbs [(0, 'וידבר', 'HC/Vpw3ms'), (3, 'לאמר', 'HR/Vqc')]
  2:18 case tokens []
        verbs [(1, 'עבר', 'HVqrmsa')]
  2:19 case tokens [(9, 'כי'), (17, 'כי')]
        verbs [(0, 'וקרבת', 'HC/Vqq2ms'), (5, 'תצרם', 'HVqj2ms/Sp3mp'), (7, 'תתגר', 'HVtj2ms'), (11, 'אתן', 'HVqi1cs'), (20, 'נתתיה', 'HVqp1cs/Sp3fs')]
  2:20 case tokens []
        verbs [(2, 'תחשב', 'HVNi3fs'), (6, 'ישבו', 'HVqp3cp'), (10, 'יקראו', 'HVqi3mp')]
  2:21 case tokens []
        verbs [(3, 'ורם', 'HC/Vqrmsa'), (5, 'וישמידם', 'HC/Vhw3ms/Sp3mp'), (8, 'ויירשם', 'HC/Vqw3mp/Sp3mp'), (9, 'וישבו', 'HC/Vqw3mp')]
  2:22 case tokens []
        verbs [(1, 'עשה', 'HVqp3ms'), (4, 'הישבים', 'HTd/Vqrmpa'), (7, 'השמיד', 'HVhp3ms'), (11, 'ויירשם', 'HC/Vqw3mp/Sp3mp'), (12, 'וישבו', 'HC/Vqw3mp')]
  2:23 case tokens []
        verbs [(1, 'הישבים', 'HTd/Vqrmpa'), (6, 'היצאים', 'HTd/Vqrmpa'), (8, 'השמידם', 'HVhp3cp/Sp3mp'), (9, 'וישבו', 'HC/Vqw3mp')]
  2:24 case tokens []
        verbs [(0, 'קומו', 'HVqv2mp'), (1, 'סעו', 'HVqv2mp'), (2, 'ועברו', 'HC/Vqv2mp'), (6, 'ראה', 'HVqv2ms'), (7, 'נתתי', 'HVqp1cs'), (16, 'החל', 'HVhv2ms'), (17, 'רש', 'HVqv2ms'), (18, 'והתגר', 'HC/Vtv2ms')]
  2:25 case tokens []
        verbs [(2, 'אחל', 'HVhi1cs'), (3, 'תת', 'HVqc'), (13, 'ישמעון', 'HVqi3mp/Sn'), (15, 'ורגזו', 'HC/Vqq3cp'), (16, 'וחלו', 'HC/Vqq3cp')]
  2:26 case tokens []
        verbs [(0, 'ואשלח', 'HC/Vqw1cs'), (10, 'לאמר', 'HR/Vqc')]
  2:27 case tokens []
        verbs [(0, 'אעברה', 'HVqh1cs'), (4, 'אלך', 'HVqi1cs'), (6, 'אסור', 'HVqi1cs')]
  2:28 case tokens [(9, 'רק')]
        verbs [(2, 'תשברני', 'HVhi2ms/Sp1cs'), (3, 'ואכלתי', 'HC/Vqq1cs'), (6, 'תתן', 'HVqi2ms'), (8, 'ושתיתי', 'HC/Vqq1cs'), (10, 'אעברה', 'HVqh1cs')]
  2:29 case tokens []
        verbs [(1, 'עשו', 'HVqp3cp'), (5, 'הישבים', 'HTd/Vqrmpa'), (8, 'הישבים', 'HTd/Vqrmpa'), (12, 'אעבר', 'HVqi1cs'), (20, 'נתן', 'HVqrmsa')]
  2:30 case tokens [(7, 'כי'), (16, 'למען')]
        verbs [(1, 'אבה', 'HVqp3ms'), (5, 'העברנו', 'HVhc/Sp1cp'), (8, 'הקשה', 'HVhp3ms'), (13, 'ואמץ', 'HC/Vpp3ms'), (17, 'תתו', 'HVqc/Sp3ms')]
  2:31 case tokens []
        verbs [(0, 'ויאמר', 'HC/Vqw3ms'), (3, 'ראה', 'HVqv2ms'), (4, 'החלתי', 'HVhp1cs'), (5, 'תת', 'HVqc'), (11, 'החל', 'HVhv2ms'), (12, 'רש', 'HVqv2ms'), (13, 'לרשת', 'HR/Vqc')]
  2:32 case tokens []
        verbs [(0, 'ויצא', 'HC/Vqw3ms'), (2, 'לקראתנו', 'HR/Vqc/Sp1cp')]
  2:33 case tokens []
        verbs [(0, 'ויתנהו', 'HC/Vqw3ms/Sp3ms'), (4, 'ונך', 'HC/Vhw1cp')]
  2:34 case tokens []
        verbs [(0, 'ונלכד', 'HC/Vqw1cp'), (6, 'ונחרם', 'HC/Vhw1cp'), (14, 'השארנו', 'HVhp1cp')]
  2:35 case tokens [(0, 'רק')]
        verbs [(2, 'בזזנו', 'HVqp1cp'), (7, 'לכדנו', 'HVqp1cp')]
  2:36 case tokens []
        verbs [(12, 'היתה', 'HVqp3fs'), (15, 'שגבה', 'HVqp3fs'), (19, 'נתן', 'HVqp3ms')]
  2:37 case tokens [(0, 'רק')]
        verbs [(6, 'קרבת', 'HVqp2ms'), (15, 'צוה', 'HVpp3ms')]
  3:1  case tokens []
        verbs [(0, 'ונפן', 'HC/Vqw1cp'), (1, 'ונעל', 'HC/Vqw1cp'), (4, 'ויצא', 'HC/Vqw3ms'), (8, 'לקראתנו', 'HR/Vqc/Sp1cp')]
  3:2  case tokens [(6, 'כי')]
        verbs [(0, 'ויאמר', 'HC/Vqw3ms'), (4, 'תירא', 'HVqj2ms'), (8, 'נתתי', 'HVqp1cs'), (15, 'ועשית', 'HC/Vqq2ms'), (18, 'עשית', 'HVqp2ms'), (23, 'יושב', 'HVqrmsa')]
  3:3  case tokens []
        verbs [(0, 'ויתן', 'HC/Vqw3ms'), (12, 'ונכהו', 'HC/Vhw1cp/Sp3ms'), (15, 'השאיר', 'HVhp3ms')]
  3:4  case tokens []
        verbs [(0, 'ונלכד', 'HC/Vqw1cp'), (7, 'היתה', 'HVqp3fs'), (11, 'לקחנו', 'HVqp1cp')]
  3:5  case tokens []
        verbs [(11, 'הרבה', 'HVha')]
  3:6  case tokens []
        verbs [(0, 'ונחרם', 'HC/Vhw1cp'), (3, 'עשינו', 'HVqp1cp'), (7, 'החרם', 'HVha')]
  3:7  case tokens []
        verbs [(4, 'בזונו', 'HVqp1cp')]
  3:8  case tokens []
        verbs [(0, 'ונקח', 'HC/Vqw1cp')]
  3:9  case tokens []
        verbs [(1, 'יקראו', 'HVqi3mp'), (5, 'יקראו', 'HVqi3mp')]
  3:10 case tokens []
        verbs []
  3:11 case tokens [(0, 'כי'), (1, 'רק')]
        verbs [(5, 'נשאר', 'HVNp3ms')]
  3:12 case tokens []
        verbs [(3, 'ירשנו', 'HVqp1cp'), (15, 'נתתי', 'HVqp1cs')]
  3:13 case tokens []
        verbs [(6, 'נתתי', 'HVqp1cs'), (16, 'יקרא', 'HVNi3ms')]
  3:14 case tokens []
        verbs [(3, 'לקח', 'HVqp3ms'), (12, 'ויקרא', 'HC/Vqw3ms')]
  3:15 case tokens []
        verbs [(1, 'נתתי', 'HVqp1cs')]
  3:16 case tokens []
        verbs [(2, 'נתתי', 'HVqp1cs')]
  3:17 case tokens []
        verbs []
  3:18 case tokens []
        verbs [(0, 'ואצו', 'HC/Vpw1cs'), (4, 'לאמר', 'HR/Vqc'), (7, 'נתן', 'HVqp3ms'), (12, 'לרשתה', 'HR/Vqc/Sp3fs'), (13, 'חלוצים', 'HVqsmpa'), (14, 'תעברו', 'HVqi2mp')]
  3:19 case tokens [(0, 'רק'), (5, 'כי')]
        verbs [(4, 'ידעתי', 'HVqp1cs'), (9, 'ישבו', 'HVqi3mp'), (12, 'נתתי', 'HVqp1cs')]
  3:20 case tokens []
        verbs [(2, 'יניח', 'HVhi3ms'), (6, 'וירשו', 'HC/Vqq3cp'), (14, 'נתן', 'HVqrmsa'), (18, 'ושבתם', 'HC/Vqq2mp'), (22, 'נתתי', 'HVqp1cs')]
  3:21 case tokens []
        verbs [(2, 'צויתי', 'HVpp1cs'), (5, 'לאמר', 'HR/Vqc'), (7, 'הראת', 'HTd/Vqrfpa'), (11, 'עשה', 'HVqp3ms'), (18, 'יעשה', 'HVqi3ms'), (24, 'עבר', 'HVqrmsa')]
  3:22 case tokens [(2, 'כי')]
        verbs [(1, 'תיראום', 'HVqi2mp/Sp3mp'), (6, 'הנלחם', 'HTd/VNrmsa')]
  3:23 case tokens []
        verbs [(0, 'ואתחנן', 'HC/Vtw1cs'), (5, 'לאמר', 'HR/Vqc')]
  3:24 case tokens []
        verbs [(3, 'החלות', 'HVhp2ms'), (4, 'להראות', 'HR/Vhc'), (18, 'יעשה', 'HVqi3ms')]
  3:25 case tokens []
        verbs [(0, 'אעברה', 'HVqh1cs'), (2, 'ואראה', 'HC/Vqh1cs')]
  3:26 case tokens []
        verbs [(0, 'ויתעבר', 'HC/Vtw3ms'), (5, 'שמע', 'HVqp3ms'), (7, 'ויאמר', 'HC/Vqw3ms'), (13, 'תוסף', 'HVhj2ms'), (14, 'דבר', 'HVpc')]
  3:27 case tokens [(11, 'כי')]
        verbs [(0, 'עלה', 'HVqv2ms'), (3, 'ושא', 'HC/Vqv2ms'), (9, 'וראה', 'HC/Vqv2ms'), (13, 'תעבר', 'HVqi2ms')]
  3:28 case tokens [(5, 'כי')]
        verbs [(0, 'וצו', 'HC/Vpv2ms'), (3, 'וחזקהו', 'HC/Vpv2ms/Sp3ms'), (4, 'ואמצהו', 'HC/Vpv2ms/Sp3ms'), (7, 'יעבר', 'HVqi3ms'), (12, 'ינחיל', 'HVhi3ms'), (17, 'תראה', 'HVqi2ms')]
  3:29 case tokens []
        verbs [(0, 'ונשב', 'HC/Vqw1cp')]

==== (E) THE KIN VERSES (the words) ====
  Exod 18:13 ויהי ממחרת וישב משה לשפט את העם ויעמד העם על משה מן הבקר עד הערב
  Exod 18:17 ויאמר חתן משה אליו לא טוב הדבר אשר אתה עשה
  Exod 18:18 נבל תבל גם אתה גם העם הזה אשר עמך כי כבד ממך הדבר לא תוכל עשהו לבדך
  Exod 18:21 ואתה תחזה מכל העם אנשי חיל יראי אלהים אנשי אמת שנאי בצע ושמת עלהם שרי אלפים שרי מאות שרי חמשים ושרי עשרת
  Exod 18:22 ושפטו את העם בכל עת והיה כל הדבר הגדל יביאו אליך וכל הדבר הקטן ישפטו הם והקל מעליך ונשאו אתך
  Exod 18:25 ויבחר משה אנשי חיל מכל ישראל ויתן אתם ראשים על העם שרי אלפים שרי מאות שרי חמשים ושרי עשרת
  Exod 18:26 ושפטו את העם בכל עת את הדבר הקשה יביאון אל משה וכל הדבר הקטן ישפוטו הם
  Exod 33:1 וידבר יהוה אל משה לך עלה מזה אתה והעם אשר העלית מארץ מצרים אל הארץ אשר נשבעתי לאברהם ליצחק וליעקב לאמר לזרעך אתננה
  Exod 23:3 ודל לא תהדר בריבו
  Exod 23:6 לא תטה משפט אבינך בריבו
  Exod 23:8 ושחד לא תקח כי השחד יעור פקחים ויסלף דברי צדיקים
  Lev 19:15 לא תעשו עול במשפט לא תשא פני דל ולא תהדר פני גדול בצדק תשפט עמיתך
  Num 10:11 ויהי בשנה השנית בחדש השני בעשרים בחדש נעלה הענן מעל משכן העדת
  Num 10:12 ויסעו בני ישראל למסעיהם ממדבר סיני וישכן הענן במדבר פארן
  Num 11:12 האנכי הריתי את כל העם הזה אם אנכי ילדתיהו כי תאמר אלי שאהו בחיקך כאשר ישא האמן את הינק על האדמה אשר נשבעת לאבתיו
  Num 11:16 ויאמר יהוה אל משה אספה לי שבעים איש מזקני ישראל אשר ידעת כי הם זקני העם ושטריו ולקחת אתם אל אהל מועד והתיצבו שם עמך
  Num 12:16 ואחר נסעו העם מחצרות ויחנו במדבר פארן
  Num 13:1 וידבר יהוה אל משה לאמר
  Num 13:2 שלח לך אנשים ויתרו את ארץ כנען אשר אני נתן לבני ישראל איש אחד איש אחד למטה אבתיו תשלחו כל נשיא בהם
  Num 13:3 וישלח אתם משה ממדבר פארן על פי יהוה כלם אנשים ראשי בני ישראל המה
  Num 13:17 וישלח אתם משה לתור את ארץ כנען ויאמר אלהם עלו זה בנגב ועליתם את ההר
  Num 13:20 ומה הארץ השמנה הוא אם רזה היש בה עץ אם אין והתחזקתם ולקחתם מפרי הארץ והימים ימי בכורי ענבים
  Num 13:23 ויבאו עד נחל אשכל ויכרתו משם זמורה ואשכול ענבים אחד וישאהו במוט בשנים ומן הרמנים ומן התאנים
  Num 13:25 וישבו מתור הארץ מקץ ארבעים יום
  Num 13:28 אפס כי עז העם הישב בארץ והערים בצרות גדלת מאד וגם ילדי הענק ראינו שם
  Num 13:31 והאנשים אשר עלו עמו אמרו לא נוכל לעלות אל העם כי חזק הוא ממנו
  Num 13:33 ושם ראינו את הנפילים בני ענק מן הנפלים ונהי בעינינו כחגבים וכן היינו בעיניהם
  Num 14:1 ותשא כל העדה ויתנו את קולם ויבכו העם בלילה ההוא
  Num 14:7 ויאמרו אל כל עדת בני ישראל לאמר הארץ אשר עברנו בה לתור אתה טובה הארץ מאד מאד
  Num 14:9 אך ביהוה אל תמרדו ואתם אל תיראו את עם הארץ כי לחמנו הם סר צלם מעליהם ויהוה אתנו אל תיראם
  Num 14:22 כי כל האנשים הראים את כבדי ואת אתתי אשר עשיתי במצרים ובמדבר וינסו אתי זה עשר פעמים ולא שמעו בקולי
  Num 14:23 אם יראו את הארץ אשר נשבעתי לאבתם וכל מנאצי לא יראוה
  Num 14:24 ועבדי כלב עקב היתה רוח אחרת עמו וימלא אחרי והביאתיו אל הארץ אשר בא שמה וזרעו יורשנה
  Num 14:25 והעמלקי והכנעני יושב בעמק מחר פנו וסעו לכם המדבר דרך ים סוף
  Num 14:29 במדבר הזה יפלו פגריכם וכל פקדיכם לכל מספרכם מבן עשרים שנה ומעלה אשר הלינתם עלי
  Num 14:30 אם אתם תבאו אל הארץ אשר נשאתי את ידי לשכן אתכם בה כי אם כלב בן יפנה ויהושע בן נון
  Num 14:31 וטפכם אשר אמרתם לבז יהיה והביאתי אתם וידעו את הארץ אשר מאסתם בה
  Num 14:33 ובניכם יהיו רעים במדבר ארבעים שנה ונשאו את זנותיכם עד תם פגריכם במדבר
  Num 14:34 במספר הימים אשר תרתם את הארץ ארבעים יום יום לשנה יום לשנה תשאו את עונתיכם ארבעים שנה וידעתם את תנואתי
  Num 14:35 אני יהוה דברתי אם לא זאת אעשה לכל העדה הרעה הזאת הנועדים עלי במדבר הזה יתמו ושם ימתו
  Num 14:40 וישכמו בבקר ויעלו אל ראש ההר לאמר הננו ועלינו אל המקום אשר אמר יהוה כי חטאנו
  Num 14:41 ויאמר משה למה זה אתם עברים את פי יהוה והוא לא תצלח
  Num 14:42 אל תעלו כי אין יהוה בקרבכם ולא תנגפו לפני איביכם
  Num 14:43 כי העמלקי והכנעני שם לפניכם ונפלתם בחרב כי על כן שבתם מאחרי יהוה ולא יהיה יהוה עמכם
  Num 14:44 ויעפלו לעלות אל ראש ההר וארון ברית יהוה ומשה לא משו מקרב המחנה
  Num 14:45 וירד העמלקי והכנעני הישב בהר ההוא ויכום ויכתום עד החרמה
  Num 20:12 ויאמר יהוה אל משה ואל אהרן יען לא האמנתם בי להקדישני לעיני בני ישראל לכן לא תביאו את הקהל הזה אל הארץ אשר נתתי להם
  Num 20:14 וישלח משה מלאכים מקדש אל מלך אדום כה אמר אחיך ישראל אתה ידעת את כל התלאה אשר מצאתנו
  Num 20:17 נעברה נא בארצך לא נעבר בשדה ובכרם ולא נשתה מי באר דרך המלך נלך לא נטה ימין ושמאול עד אשר נעבר גבולך
  Num 20:18 ויאמר אליו אדום לא תעבר בי פן בחרב אצא לקראתך
  Num 20:19 ויאמרו אליו בני ישראל במסלה נעלה ואם מימיך נשתה אני ומקני ונתתי מכרם רק אין דבר ברגלי אעברה
  Num 20:20 ויאמר לא תעבר ויצא אדום לקראתו בעם כבד וביד חזקה
  Num 20:21 וימאן אדום נתן את ישראל עבר בגבלו ויט ישראל מעליו
  Num 20:22 ויסעו מקדש ויבאו בני ישראל כל העדה הר ההר
  Num 21:4 ויסעו מהר ההר דרך ים סוף לסבב את ארץ אדום ותקצר נפש העם בדרך
  Num 21:10 ויסעו בני ישראל ויחנו באבת
  Num 21:11 ויסעו מאבת ויחנו בעיי העברים במדבר אשר על פני מואב ממזרח השמש
  Num 21:12 משם נסעו ויחנו בנחל זרד
  Num 21:13 משם נסעו ויחנו מעבר ארנון אשר במדבר היצא מגבול האמרי כי ארנון גבול מואב בין מואב ובין האמרי
  Num 21:21 וישלח ישראל מלאכים אל סיחן מלך האמרי לאמר
  Num 21:22 אעברה בארצך לא נטה בשדה ובכרם לא נשתה מי באר בדרך המלך נלך עד אשר נעבר גבלך
  Num 21:23 ולא נתן סיחן את ישראל עבר בגבלו ויאסף סיחן את כל עמו ויצא לקראת ישראל המדברה ויבא יהצה וילחם בישראל
  Num 21:24 ויכהו ישראל לפי חרב ויירש את ארצו מארנן עד יבק עד בני עמון כי עז גבול בני עמון
  Num 21:25 ויקח ישראל את כל הערים האלה וישב ישראל בכל ערי האמרי בחשבון ובכל בנתיה
  Num 21:26 כי חשבון עיר סיחן מלך האמרי הוא והוא נלחם במלך מואב הראשון ויקח את כל ארצו מידו עד ארנן
  Num 21:31 וישב ישראל בארץ האמרי
  Num 21:32 וישלח משה לרגל את יעזר וילכדו בנתיה ויירש את האמרי אשר שם
  Num 21:33 ויפנו ויעלו דרך הבשן ויצא עוג מלך הבשן לקראתם הוא וכל עמו למלחמה אדרעי
  Num 21:34 ויאמר יהוה אל משה אל תירא אתו כי בידך נתתי אתו ואת כל עמו ואת ארצו ועשית לו כאשר עשית לסיחן מלך האמרי אשר יושב בחשבון
  Num 21:35 ויכו אתו ואת בניו ואת כל עמו עד בלתי השאיר לו שריד ויירשו את ארצו
  Num 22:1 ויסעו בני ישראל ויחנו בערבות מואב מעבר לירדן ירחו
  Num 25:1 וישב ישראל בשטים ויחל העם לזנות אל בנות מואב
  Num 27:12 ויאמר יהוה אל משה עלה אל הר העברים הזה וראה את הארץ אשר נתתי לבני ישראל
  Num 27:13 וראיתה אתה ונאספת אל עמיך גם אתה כאשר נאסף אהרן אחיך
  Num 27:14 כאשר מריתם פי במדבר צן במריבת העדה להקדישני במים לעיניהם הם מי מריבת קדש מדבר צן
  Num 27:15 וידבר משה אל יהוה לאמר
  Num 27:16 יפקד יהוה אלהי הרוחת לכל בשר איש על העדה
  Num 27:17 אשר יצא לפניהם ואשר יבא לפניהם ואשר יוציאם ואשר יביאם ולא תהיה עדת יהוה כצאן אשר אין להם רעה
  Num 27:18 ויאמר יהוה אל משה קח לך את יהושע בן נון איש אשר רוח בו וסמכת את ידך עליו
  Num 27:19 והעמדת אתו לפני אלעזר הכהן ולפני כל העדה וצויתה אתו לעיניהם
  Num 27:20 ונתתה מהודך עליו למען ישמעו כל עדת בני ישראל
  Num 27:21 ולפני אלעזר הכהן יעמד ושאל לו במשפט האורים לפני יהוה על פיו יצאו ועל פיו יבאו הוא וכל בני ישראל אתו וכל העדה
  Num 27:22 ויעש משה כאשר צוה יהוה אתו ויקח את יהושע ויעמדהו לפני אלעזר הכהן ולפני כל העדה
  Num 27:23 ויסמך את ידיו עליו ויצוהו כאשר דבר יהוה ביד משה
  Num 32:6 ויאמר משה לבני גד ולבני ראובן האחיכם יבאו למלחמה ואתם תשבו פה
  Num 32:11 אם יראו האנשים העלים ממצרים מבן עשרים שנה ומעלה את האדמה אשר נשבעתי לאברהם ליצחק וליעקב כי לא מלאו אחרי
  Num 32:12 בלתי כלב בן יפנה הקנזי ויהושע בן נון כי מלאו אחרי יהוה
  Num 32:20 ויאמר אליהם משה אם תעשון את הדבר הזה אם תחלצו לפני יהוה למלחמה
  Num 32:21 ועבר לכם כל חלוץ את הירדן לפני יהוה עד הורישו את איביו מפניו
  Num 32:22 ונכבשה הארץ לפני יהוה ואחר תשבו והייתם נקיים מיהוה ומישראל והיתה הארץ הזאת לכם לאחזה לפני יהוה
  Num 32:29 ויאמר משה אלהם אם יעברו בני גד ובני ראובן אתכם את הירדן כל חלוץ למלחמה לפני יהוה ונכבשה הארץ לפניכם ונתתם להם את ארץ הגלעד לאחזה
  Num 32:33 ויתן להם משה לבני גד ולבני ראובן ולחצי שבט מנשה בן יוסף את ממלכת סיחן מלך האמרי ואת ממלכת עוג מלך הבשן הארץ לעריה בגבלת ערי הארץ סביב
  Num 32:39 וילכו בני מכיר בן מנשה גלעדה וילכדה ויורש את האמרי אשר בה
  Num 32:40 ויתן משה את הגלעד למכיר בן מנשה וישב בה
  Num 32:41 ויאיר בן מנשה הלך וילכד את חותיהם ויקרא אתהן חות יאיר
  Num 33:38 ויעל אהרן הכהן אל הר ההר על פי יהוה וימת שם בשנת הארבעים לצאת בני ישראל מארץ מצרים בחדש החמישי באחד לחדש
  Num 34:14 כי לקחו מטה בני הראובני לבית אבתם ומטה בני הגדי לבית אבתם וחצי מטה מנשה לקחו נחלתם
  Num 34:15 שני המטות וחצי המטה לקחו נחלתם מעבר לירדן ירחו קדמה מזרחה
  Deut 4:41 אז יבדיל משה שלש ערים בעבר הירדן מזרחה שמש
  Deut 4:43 את בצר במדבר בארץ המישר לראובני ואת ראמת בגלעד לגדי ואת גולן בבשן למנשי
  Deut 4:46 בעבר הירדן בגיא מול בית פעור בארץ סיחן מלך האמרי אשר יושב בחשבון אשר הכה משה ובני ישראל בצאתם ממצרים
  Deut 29:6 ותבאו אל המקום הזה ויצא סיחן מלך חשבון ועוג מלך הבשן לקראתנו למלחמה ונכם
  Deut 29:7 ונקח את ארצם ונתנה לנחלה לראובני ולגדי ולחצי שבט המנשי
  Deut 31:7 ויקרא משה ליהושע ויאמר אליו לעיני כל ישראל חזק ואמץ כי אתה תבוא את העם הזה אל הארץ אשר נשבע יהוה לאבתם לתת להם ואתה תנחילנה אותם
  Deut 31:23 ויצו את יהושע בן נון ויאמר חזק ואמץ כי אתה תביא את בני ישראל אל הארץ אשר נשבעתי להם ואנכי אהיה עמך
  Deut 32:49 עלה אל הר העברים הזה הר נבו אשר בארץ מואב אשר על פני ירחו וראה את ארץ כנען אשר אני נתן לבני ישראל לאחזה
  Deut 32:51 על אשר מעלתם בי בתוך בני ישראל במי מריבת קדש מדבר צן על אשר לא קדשתם אותי בתוך בני ישראל
  Deut 34:1 ויעל משה מערבת מואב אל הר נבו ראש הפסגה אשר על פני ירחו ויראהו יהוה את כל הארץ את הגלעד עד דן
  Deut 34:4 ויאמר יהוה אליו זאת הארץ אשר נשבעתי לאברהם ליצחק וליעקב לאמר לזרעך אתננה הראיתיך בעיניך ושמה לא תעבר
  Deut 34:6 ויקבר אתו בגי בארץ מואב מול בית פעור ולא ידע איש את קברתו עד היום הזה
  Deut 34:9 ויהושע בן נון מלא רוח חכמה כי סמך משה את ידיו עליו וישמעו אליו בני ישראל ויעשו כאשר צוה יהוה את משה
  Josh 1:6 חזק ואמץ כי אתה תנחיל את העם הזה את הארץ אשר נשבעתי לאבותם לתת להם
  Josh 1:12 ולראובני ולגדי ולחצי שבט המנשה אמר יהושע לאמר
  Josh 1:13 זכור את הדבר אשר צוה אתכם משה עבד יהוה לאמר יהוה אלהיכם מניח לכם ונתן לכם את הארץ הזאת
  Josh 1:14 נשיכם טפכם ומקניכם ישבו בארץ אשר נתן לכם משה בעבר הירדן ואתם תעברו חמשים לפני אחיכם כל גבורי החיל ועזרתם אותם
  Josh 1:15 עד אשר יניח יהוה לאחיכם ככם וירשו גם המה את הארץ אשר יהוה אלהיכם נתן להם ושבתם לארץ ירשתכם וירשתם אותה אשר נתן לכם משה עבד יהוה בעבר הירדן מזרח השמש
  Josh 12:2 סיחון מלך האמרי היושב בחשבון משל מערוער אשר על שפת נחל ארנון ותוך הנחל וחצי הגלעד ועד יבק הנחל גבול בני עמון
  Josh 13:8 עמו הראובני והגדי לקחו נחלתם אשר נתן להם משה בעבר הירדן מזרחה כאשר נתן להם משה עבד יהוה
  Josh 13:12 כל ממלכות עוג בבשן אשר מלך בעשתרות ובאדרעי הוא נשאר מיתר הרפאים ויכם משה וירשם
  Josh 14:8 ואחי אשר עלו עמי המסיו את לב העם ואנכי מלאתי אחרי יהוה אלהי
  Josh 22:1 אז יקרא יהושע לראובני ולגדי ולחצי מטה מנשה
  Josh 22:2 ויאמר אליהם אתם שמרתם את כל אשר צוה אתכם משה עבד יהוה ותשמעו בקולי לכל אשר צויתי אתכם
  Josh 22:4 ועתה הניח יהוה אלהיכם לאחיכם כאשר דבר להם ועתה פנו ולכו לכם לאהליכם אל ארץ אחזתכם אשר נתן לכם משה עבד יהוה בעבר הירדן
  Josh 23:3 ואתם ראיתם את כל אשר עשה יהוה אלהיכם לכל הגוים האלה מפניכם כי יהוה אלהיכם הוא הנלחם לכם
  Judg 11:17 וישלח ישראל מלאכים אל מלך אדום לאמר אעברה נא בארצך ולא שמע מלך אדום וגם אל מלך מואב שלח ולא אבה וישב ישראל בקדש
  Judg 11:18 וילך במדבר ויסב את ארץ אדום ואת ארץ מואב ויבא ממזרח שמש לארץ מואב ויחנון בעבר ארנון ולא באו בגבול מואב כי ארנון גבול מואב
  Judg 11:19 וישלח ישראל מלאכים אל סיחון מלך האמרי מלך חשבון ויאמר לו ישראל נעברה נא בארצך עד מקומי
  Judg 11:20 ולא האמין סיחון את ישראל עבר בגבלו ויאסף סיחון את כל עמו ויחנו ביהצה וילחם עם ישראל
  Gen 14:5 ובארבע עשרה שנה בא כדרלעמר והמלכים אשר אתו ויכו את רפאים בעשתרת קרנים ואת הזוזים בהם ואת האימים בשוה קריתים
  Gen 14:6 ואת החרי בהררם שעיר עד איל פארן אשר על המדבר
  Gen 19:37 ותלד הבכירה בן ותקרא שמו מואב הוא אבי מואב עד היום
  Gen 19:38 והצעירה גם הוא ילדה בן ותקרא שמו בן עמי הוא אבי בני עמון עד היום
  Gen 36:8 וישב עשו בהר שעיר עשו הוא אדום
  Gen 36:20 אלה בני שעיר החרי ישבי הארץ לוטן ושובל וצבעון וענה
  Gen 10:14 ואת פתרסים ואת כסלחים אשר יצאו משם פלשתים ואת כפתרים
  Gen 13:14 ויהוה אמר אל אברם אחרי הפרד לוט מעמו שא נא עיניך וראה מן המקום אשר אתה שם צפנה ונגבה וקדמה וימה
  Gen 28:14 והיה זרעך כעפר הארץ ופרצת ימה וקדמה וצפנה ונגבה ונברכו בך כל משפחת האדמה ובזרעך
  Gen 15:18 ביום ההוא כרת יהוה את אברם ברית לאמר לזרעך נתתי את הארץ הזאת מנהר מצרים עד הנהר הגדל נהר פרת
  Gen 12:7 וירא יהוה אל אברם ויאמר לזרעך אתן את הארץ הזאת ויבן שם מזבח ליהוה הנראה אליו
  Exod 3:8 וארד להצילו מיד מצרים ולהעלתו מן הארץ ההוא אל ארץ טובה ורחבה אל ארץ זבת חלב ודבש אל מקום הכנעני והחתי והאמרי והפרזי והחוי והיבוסי
  Exod 3:17 ואמר אעלה אתכם מעני מצרים אל ארץ הכנעני והחתי והאמרי והפרזי והחוי והיבוסי אל ארץ זבת חלב ודבש
  Exod 13:21 ויהוה הלך לפניהם יומם בעמוד ענן לנחתם הדרך ולילה בעמוד אש להאיר להם ללכת יומם ולילה
  Exod 14:14 יהוה ילחם לכם ואתם תחרישון
  Exod 14:25 ויסר את אפן מרכבתיו וינהגהו בכבדת ויאמר מצרים אנוסה מפני ישראל כי יהוה נלחם להם במצרים
  Exod 32:10 ועתה הניחה לי ויחר אפי בהם ואכלם ואעשה אותך לגוי גדול
  Exod 32:13 זכר לאברהם ליצחק ולישראל עבדיך אשר נשבעת להם בך ותדבר אלהם ארבה את זרעכם ככוכבי השמים וכל הארץ הזאת אשר אמרתי אתן לזרעכם ונחלו לעלם
  2Chr 19:11 והנה אמריהו כהן הראש עליכם לכל דבר יהוה וזבדיהו בן ישמעאל הנגיד לבית יהודה לכל דבר המלך ושטרים הלוים לפניכם חזקו ועשו ויהי יהוה עם הטוב
  2Chr 19:6 ויאמר אל השפטים ראו מה אתם עשים כי לא לאדם תשפטו כי ליהוה ועמכם בדבר משפט
  2Chr 19:7 ועתה יהי פחד יהוה עליכם שמרו ועשו כי אין עם יהוה אלהינו עולה ומשא פנים ומקח שחד
  1Kgs 8:42 כי ישמעון את שמך הגדול ואת ידך החזקה וזרעך הנטויה ובא והתפלל אל הבית הזה
  1Kgs 5:20 ועתה צוה ויכרתו לי ארזים מן הלבנון ועבדי יהיו עם עבדיך ושכר עבדיך אתן לך ככל אשר תאמר כי אתה ידעת כי אין בנו איש ידע לכרת עצים כצדנים
  Ps 106:32 ויקציפו על מי מריבה וירע למשה בעבורם
  Ps 106:33 כי המרו את רוחו ויבטא בשפתיו

==== THE LEMMA CENSUSES ====
  see                      lemma 7200  Bible verses 1205, Torah 366, Deut 1-3 15: ['Deut 1:8', 'Deut 1:19', 'Deut 1:21', 'Deut 1:28', 'Deut 1:31', 'Deut 1:33', 'Deut 1:35', 'Deut 1:36', 'Deut 2:24', 'Deut 2:31', 'Deut 3:21', 'Deut 3:24', 'Deut 3:25', 'Deut 3:27', 'Deut 3:28']
  inherit                  lemma 5157  Bible verses  57, Torah  24, Deut 1-3  2: ['Deut 1:38', 'Deut 3:28']
  possess/dispossess       lemma 3423  Bible verses 204, Torah  89, Deut 1-3 11: ['Deut 1:8', 'Deut 1:21', 'Deut 1:39', 'Deut 2:12', 'Deut 2:21', 'Deut 2:22', 'Deut 2:24', 'Deut 2:31', 'Deut 3:12', 'Deut 3:18', 'Deut 3:20']
  was angry (charah)       lemma 2734  Bible verses  87, Torah  33, Deut 1-3  0: []
  pass over                lemma 5674  Bible verses 492, Torah 113, Deut 1-3 16: ['Deut 2:4', 'Deut 2:8', 'Deut 2:13', 'Deut 2:14', 'Deut 2:18', 'Deut 2:24', 'Deut 2:27', 'Deut 2:28', 'Deut 2:29', 'Deut 2:30', 'Deut 3:18', 'Deut 3:21', 'Deut 3:25', 'Deut 3:26', 'Deut 3:27', 'Deut 3:28']
  grace/beseech            lemma 2603  Bible verses  73, Torah   9, Deut 1-3  1: ['Deut 3:23']
  be strong                lemma 2388  Bible verses 266, Torah  32, Deut 1-3  2: ['Deut 1:38', 'Deut 3:28']
  be courageous            lemma 553   Bible verses  41, Torah   7, Deut 1-3  2: ['Deut 2:30', 'Deut 3:28']
  rest                     lemma 5117  Bible verses  67, Torah  13, Deut 1-3  1: ['Deut 3:20']
  armed/chalutz            lemma 2502  Bible verses  44, Torah  14, Deut 1-3  1: ['Deut 3:18']
  ban/cherem               lemma 2764  Bible verses  31, Torah   6, Deut 1-3  0: []
  hear                     lemma 8085  Bible verses 1072, Torah 222, Deut 1-3  7: ['Deut 1:16', 'Deut 1:17', 'Deut 1:34', 'Deut 1:43', 'Deut 1:45', 'Deut 2:25', 'Deut 3:26']
  fear                     lemma 3372  Bible verses 318, Torah  78, Deut 1-3  6: ['Deut 1:19', 'Deut 1:21', 'Deut 1:29', 'Deut 2:4', 'Deut 3:2', 'Deut 3:22']
  dread                    lemma 6206  Bible verses  15, Torah   4, Deut 1-3  1: ['Deut 1:29']
  murmur/ragan             lemma 7264  Bible verses  40, Torah   3, Deut 1-3  1: ['Deut 2:25']
  rebel/marah              lemma 4784  Bible verses  44, Torah  11, Deut 1-3  2: ['Deut 1:26', 'Deut 1:43']
  presume/zid              lemma 2102  Bible verses  10, Torah   6, Deut 1-3  1: ['Deut 1:43']
  carry                    lemma 5375  Bible verses 609, Torah 158, Deut 1-3  4: ['Deut 1:9', 'Deut 1:12', 'Deut 1:31', 'Deut 3:27']
  half                     lemma 2677  Bible verses 101, Torah  24, Deut 1-3  2: ['Deut 3:12', 'Deut 3:13']
  tribe/shevet             lemma 7626  Bible verses 178, Torah  31, Deut 1-3  4: ['Deut 1:13', 'Deut 1:15', 'Deut 1:23', 'Deut 3:13']
  tribe/matteh             lemma 4294  Bible verses 205, Torah 118, Deut 1-3  0: []
  officer/shoter           lemma 7860  Bible verses  25, Torah  13, Deut 1-3  1: ['Deut 1:15']
  judge                    lemma 8199  Bible verses 182, Torah  22, Deut 1-3  1: ['Deut 1:16']
  judgment                 lemma 4941  Bible verses 406, Torah  82, Deut 1-3  1: ['Deut 1:17']
  recognize (faces)        lemma 5234  Bible verses  47, Torah  13, Deut 1-3  1: ['Deut 1:17']
  be afraid/gur            lemma 1481  Bible verses  94, Torah  37, Deut 1-3  1: ['Deut 1:17']
  hard/qashah              lemma 7185  Bible verses  28, Torah   9, Deut 1-3  2: ['Deut 1:17', 'Deut 2:30']
  greatness                lemma 1431  Bible verses 112, Torah  16, Deut 1-3  0: []
  strong hand              lemma 2389  Bible verses  54, Torah  19, Deut 1-3  1: ['Deut 3:24']

==== THE FRAMES / NARRATIVE VERBS (first person) of 1-3 ====
  1:3 wayyiqtol [('ויהי', 'HC/Vqw3ms')]
  1:9 wayyiqtol [('ואמר', 'HC/Vqw1cs')]
  1:14 wayyiqtol [('ותענו', 'HC/Vqw2mp'), ('ותאמרו', 'HC/Vqw2mp')]
  1:15 wayyiqtol [('ואקח', 'HC/Vqw1cs'), ('ואתן', 'HC/Vqw1cs')]
  1:16 wayyiqtol [('ואצוה', 'HC/Vpw1cs')]
  1:18 wayyiqtol [('ואצוה', 'HC/Vpw1cs')]
  1:19 wayyiqtol [('ונסע', 'HC/Vqw1cp'), ('ונלך', 'HC/Vqw1cp'), ('ונבא', 'HC/Vqw1cp')]
  1:20 wayyiqtol [('ואמר', 'HC/Vqw1cs')]
  1:22 wayyiqtol [('ותקרבון', 'HC/Vqw2mp/Sn'), ('ותאמרו', 'HC/Vqw2mp')]
  1:23 wayyiqtol [('וייטב', 'HC/Vqw3ms'), ('ואקח', 'HC/Vqw1cs')]
  1:24 wayyiqtol [('ויפנו', 'HC/Vqw3mp'), ('ויעלו', 'HC/Vqw3mp'), ('ויבאו', 'HC/Vqw3mp'), ('וירגלו', 'HC/Vpw3mp')]
  1:25 wayyiqtol [('ויקחו', 'HC/Vqw3mp'), ('ויורדו', 'HC/Vhw3mp'), ('וישבו', 'HC/Vhw3mp'), ('ויאמרו', 'HC/Vqw3mp')]
  1:26 wayyiqtol [('ותמרו', 'HC/Vhw2mp')]
  1:27 wayyiqtol [('ותאמרו', 'HC/Vqw2mp')]
  1:29 wayyiqtol [('ואמר', 'HC/Vqw1cs')]
  1:34 wayyiqtol [('וישמע', 'HC/Vqw3ms'), ('ויקצף', 'HC/Vqw3ms')]
  1:41 wayyiqtol [('ותענו', 'HC/Vqw2mp'), ('ותאמרו', 'HC/Vqw2mp'), ('ותחגרו', 'HC/Vqw2mp'), ('ותהינו', 'HC/Vhw2mp')]
  1:42 wayyiqtol [('ויאמר', 'HC/Vqw3ms')]
  1:43 wayyiqtol [('ואדבר', 'HC/Vpw1cs'), ('ותמרו', 'HC/Vhw2mp'), ('ותזדו', 'HC/Vhw2mp'), ('ותעלו', 'HC/Vqw2mp')]
  1:44 wayyiqtol [('ויצא', 'HC/Vqw3ms'), ('וירדפו', 'HC/Vqw3mp'), ('ויכתו', 'HC/Vhw3mp')]
  1:45 wayyiqtol [('ותשבו', 'HC/Vqw2mp'), ('ותבכו', 'HC/Vqw2mp')]
  1:46 wayyiqtol [('ותשבו', 'HC/Vqw2mp')]
  2:1 wayyiqtol [('ונפן', 'HC/Vqw1cp'), ('ונסע', 'HC/Vqw1cp'), ('ונסב', 'HC/Vqw1cs')]
  2:2 wayyiqtol [('ויאמר', 'HC/Vqw3ms')]
  2:8 wayyiqtol [('ונעבר', 'HC/Vqw1cp'), ('ונפן', 'HC/Vqw1cp'), ('ונעבר', 'HC/Vqw1cp')]
  2:9 wayyiqtol [('ויאמר', 'HC/Vqw3ms')]
  2:12 wayyiqtol [('וישמידום', 'HC/Vhw3mp/Sp3mp'), ('וישבו', 'HC/Vqw3mp')]
  2:13 wayyiqtol [('ונעבר', 'HC/Vqw1cp')]
  2:16 wayyiqtol [('ויהי', 'HC/Vqw3ms')]
  2:17 wayyiqtol [('וידבר', 'HC/Vpw3ms')]
  2:21 wayyiqtol [('וישמידם', 'HC/Vhw3ms/Sp3mp'), ('ויירשם', 'HC/Vqw3mp/Sp3mp'), ('וישבו', 'HC/Vqw3mp')]
  2:22 wayyiqtol [('ויירשם', 'HC/Vqw3mp/Sp3mp'), ('וישבו', 'HC/Vqw3mp')]
  2:23 wayyiqtol [('וישבו', 'HC/Vqw3mp')]
  2:26 wayyiqtol [('ואשלח', 'HC/Vqw1cs')]
  2:31 wayyiqtol [('ויאמר', 'HC/Vqw3ms')]
  2:32 wayyiqtol [('ויצא', 'HC/Vqw3ms')]
  2:33 wayyiqtol [('ויתנהו', 'HC/Vqw3ms/Sp3ms'), ('ונך', 'HC/Vhw1cp')]
  2:34 wayyiqtol [('ונלכד', 'HC/Vqw1cp'), ('ונחרם', 'HC/Vhw1cp')]
  3:1 wayyiqtol [('ונפן', 'HC/Vqw1cp'), ('ונעל', 'HC/Vqw1cp'), ('ויצא', 'HC/Vqw3ms')]
  3:2 wayyiqtol [('ויאמר', 'HC/Vqw3ms')]
  3:3 wayyiqtol [('ויתן', 'HC/Vqw3ms'), ('ונכהו', 'HC/Vhw1cp/Sp3ms')]
  3:4 wayyiqtol [('ונלכד', 'HC/Vqw1cp')]
  3:6 wayyiqtol [('ונחרם', 'HC/Vhw1cp')]
  3:8 wayyiqtol [('ונקח', 'HC/Vqw1cp')]
  3:14 wayyiqtol [('ויקרא', 'HC/Vqw3ms')]
  3:18 wayyiqtol [('ואצו', 'HC/Vpw1cs')]
  3:23 wayyiqtol [('ואתחנן', 'HC/Vtw1cs')]
  3:26 wayyiqtol [('ויתעבר', 'HC/Vtw3ms'), ('ויאמר', 'HC/Vqw3ms')]
  3:29 wayyiqtol [('ונשב', 'HC/Vqw1cp')]
