parasha	lev_range_approx	sifra	tractate	daf	talmud_full	connection
Acharei Mot	Lev 16–18 (approx)	Sifra, Acharei Mot, Section 1 13	Yoma	53a	Yoma 53a:18	mesorat hashas
Acharei Mot	Lev 16–18 (approx)	Sifra, Acharei Mot, Chapter 1 5	Zevachim	18b	Zevachim 18b:13	mesorat hashas
Acharei Mot	Lev 16–18 (approx)	Sifra, Acharei Mot, Chapter 10 7	Chullin	101a	Chullin 101a:7-9	mesorat hashas
Acharei Mot	Lev 16–18 (approx)	Sifra, Acharei Mot, Chapter 10 4	Meilah	10a	Meilah 10a:6	mesorat hashas
Acharei Mot	Lev 16–18 (approx)	Sifra, Acharei Mot, Chapter 10 4	Menachot	12b	Menachot 12b:2	mesorat hashas
Acharei Mot	Lev 16–18 (approx)	Sifra, Acharei Mot, Chapter 10 3	Menachot	20a	Menachot 20a:11	mesorat hashas
Acharei Mot	Lev 16–18 (approx)	Sifra, Acharei Mot, Chapter 10 4	Menachot	21b	Menachot 21b:4	mesorat hashas
Acharei Mot	Lev 16–18 (approx)	Sifra, Acharei Mot, Chapter 10 4	Menachot	26b	Menachot 26b:13	mesorat hashas
Acharei Mot	Lev 16–18 (approx)	Sifra, Acharei Mot, Chapter 10 9	Menachot	57b	Menachot 57b:12	mesorat hashas
Acharei Mot	Lev 16–18 (approx)	Sifra, Acharei Mot, Chapter 10 5	Niddah	40b	Niddah 40b:2-3	mesorat hashas
Acharei Mot	Lev 16–18 (approx)	Sifra, Acharei Mot, Chapter 10 10	Sanhedrin	82b	Sanhedrin 82b:18	mesorat hashas
Acharei Mot	Lev 16–18 (approx)	Sifra, Acharei Mot, Chapter 10 4	Shevuot	11a	Shevuot 11a:5	mesorat hashas
Acharei Mot	Lev 16–18 (approx)	Sifra, Acharei Mot, Chapter 10 4	Temurah	13a	Temurah 13a:11-12	mesorat hashas
Acharei Mot	Lev 16–18 (approx)	Sifra, Acharei Mot, Chapter 10 4	Temurah	6b	Temurah 6b:16	mesorat hashas
Acharei Mot	Lev 16–18 (approx)	Sifra, Acharei Mot, Chapter 10 4	Yoma	63b	Yoma 63b:1	mesorat hashas
Acharei Mot	Lev 16–18 (approx)	Sifra, Acharei Mot, Chapter 10 5-6	Zevachim	106a	Zevachim 106a:9-10	mesorat hashas
Acharei Mot	Lev 16–18 (approx)	Sifra, Acharei Mot, Chapter 10 7	Zevachim	106a	Zevachim 106a:11-12	mesorat hashas
Acharei Mot	Lev 16–18 (approx)	Sifra, Acharei Mot, Chapter 10 11	Zevachim	108a	Zevachim 108a:18-20	mesorat hashas
Acharei Mot	Lev 16–18 (approx)	Sifra, Acharei Mot, Chapter 10 7	Zevachim	108a	Zevachim 108a:6	mesorat hashas
Acharei Mot	Lev 16–18 (approx)	Sifra, Acharei Mot, Chapter 10 2	Zevachim	108b	Zevachim 108b:5-6	mesorat hashas
Acharei Mot	Lev 16–18 (approx)	Sifra, Acharei Mot, Chapter 10 3-4	Zevachim	109a	Zevachim 109a:3-4	mesorat hashas
Acharei Mot	Lev 16–18 (approx)	Sifra, Acharei Mot, Chapter 10 8	Zevachim	109b	Zevachim 109b:17	mesorat hashas
Acharei Mot	Lev 16–18 (approx)	Sifra, Acharei Mot, Chapter 10 10	Zevachim	112b	Zevachim 112b:7	mesorat hashas
Acharei Mot	Lev 16–18 (approx)	Sifra, Acharei Mot, Chapter 10 9	Zevachim	112b	Zevachim 112b:6	mesorat hashas
Acharei Mot	Lev 16–18 (approx)	Sifra, Acharei Mot, Chapter 10 4	Zevachim	115a	Zevachim 115a:9	mesorat hashas
Acharei Mot	Lev 16–18 (approx)	Sifra, Acharei Mot, Chapter 10 10	Zevachim	115b	Zevachim 115b:4-5	mesorat hashas
Acharei Mot	Lev 16–18 (approx)	Sifra, Acharei Mot, Chapter 10 9	Zevachim	115b	Zevachim 115b:2-3	mesorat hashas
Acharei Mot	Lev 16–18 (approx)	Sifra, Acharei Mot, Chapter 10 5	Zevachim	26a	Zevachim 26a:22	mesorat hashas
Acharei Mot	Lev 16–18 (approx)	Sifra, Acharei Mot, Chapter 10 5	Zevachim	27b	Zevachim 27b:4	mesorat hashas
Acharei Mot	Lev 16–18 (approx)	Sifra, Acharei Mot, Chapter 10 4	Zevachim	42a	Zevachim 42a:4	mesorat hashas
Acharei Mot	Lev 16–18 (approx)	Sifra, Acharei Mot, Chapter 10 4	Zevachim	43a	Zevachim 43a:6	mesorat hashas
Acharei Mot	Lev 16–18 (approx)	Sifra, Acharei Mot, Chapter 10 7	Zevachim	43b	Zevachim 43b	unknown
Acharei Mot	Lev 16–18 (approx)	Sifra, Acharei Mot, Chapter 10 4	Zevachim	44a	Zevachim 44a:11	mesorat hashas
Acharei Mot	Lev 16–18 (approx)	Sifra, Acharei Mot, Chapter 10 7	Zevachim	83b	Zevachim 83b:10-11	mesorat hashas
Acharei Mot	Lev 16–18 (approx)	Sifra, Acharei Mot, Chapter 10 5	Zevachim	84a	Zevachim 84a:6	mesorat hashas
Acharei Mot	Lev 16–18 (approx)	Sifra, Acharei Mot, Chapter 10 7	Zevachim	84b	Zevachim 84b:11-85a:1	mesorat hashas
Acharei Mot	Lev 16–18 (approx)	Sifra, Acharei Mot, Chapter 10 9	Zevachim	85b	Zevachim 85b:15	mesorat hashas
Acharei Mot	Lev 16–18 (approx)	Sifra, Acharei Mot, Chapter 11 3	Chullin	84a	Chullin 84a:18	mesorat hashas
Acharei Mot	Lev 16–18 (approx)	Sifra, Acharei Mot, Chapter 11 7	Chullin	85a	Chullin 85a:7	mesorat hashas
Acharei Mot	Lev 16–18 (approx)	Sifra, Acharei Mot, Chapter 11 5	Chullin	86b	Chullin 86b:7	mesorat hashas
Acharei Mot	Lev 16–18 (approx)	Sifra, Acharei Mot, Chapter 11 8	Chullin	87a	Chullin 87a:4	mesorat hashas
Acharei Mot	Lev 16–18 (approx)	Sifra, Acharei Mot, Chapter 11 10	Chullin	87b	Chullin 87b:1-2	mesorat hashas
Acharei Mot	Lev 16–18 (approx)	Sifra, Acharei Mot, Chapter 11 10	Chullin	88a	Chullin 88a:4	mesorat hashas
Acharei Mot	Lev 16–18 (approx)	Sifra, Acharei Mot, Chapter 11 11	Chullin	88a	Chullin 88a:10-88b:1	mesorat hashas
Acharei Mot	Lev 16–18 (approx)	Sifra, Acharei Mot, Chapter 11 12	Chullin	88a	Chullin 88a:7	mesorat hashas
Acharei Mot	Lev 16–18 (approx)	Sifra, Acharei Mot, Chapter 11 4	Keritot	21a	Keritot 21a:3	mesorat hashas
Acharei Mot	Lev 16–18 (approx)	Sifra, Acharei Mot, Chapter 11 11	Menachot	25b	Menachot 25b:13	mesorat hashas
Acharei Mot	Lev 16–18 (approx)	Sifra, Acharei Mot, Chapter 11 11	Niddah	40b	Niddah 40b:6-41a:1	mesorat hashas
Acharei Mot	Lev 16–18 (approx)	Sifra, Acharei Mot, Chapter 11 10	Sanhedrin	24b	Sanhedrin 24b:17	mesorat hashas
Acharei Mot	Lev 16–18 (approx)	Sifra, Acharei Mot, Chapter 11 2	Sotah	43b	Sotah 43b:3	mesorat hashas
Acharei Mot	Lev 16–18 (approx)	Sifra, Acharei Mot, Chapter 11 11	Temurah	5b	Temurah 5b:18	mesorat hashas
Acharei Mot	Lev 16–18 (approx)	Sifra, Acharei Mot, Chapter 11 11	Yoma	42b	Yoma 42b:4-5	mesorat hashas
Acharei Mot	Lev 16–18 (approx)	Sifra, Acharei Mot, Chapter 11 11	Zevachim	27b	Zevachim 27b:6-7	mesorat hashas
Acharei Mot	Lev 16–18 (approx)	Sifra, Acharei Mot, Chapter 11 11	Zevachim	39b	Zevachim 39b:1-2	mesorat hashas
Acharei Mot	Lev 16–18 (approx)	Sifra, Acharei Mot, Chapter 11 11	Zevachim	84a	Zevachim 84a:14-84b:1	mesorat hashas
Acharei Mot	Lev 16–18 (approx)	Sifra, Acharei Mot, Chapter 12 5	Chullin	100b	Chullin 100b:4-5	mesorat hashas
Acharei Mot	Lev 16–18 (approx)	Sifra, Acharei Mot, Chapter 12 7	Chullin	100b	Chullin 100b:5	mesorat hashas
Acharei Mot	Lev 16–18 (approx)	Sifra, Acharei Mot, Chapter 12 5	Niddah	42b	Niddah 42b:15-16	mesorat hashas
Acharei Mot	Lev 16–18 (approx)	Sifra, Acharei Mot, Chapter 12 7	Pesachim	35b	Pesachim 35b:19	mesorat hashas
Acharei Mot	Lev 16–18 (approx)	Sifra, Acharei Mot, Chapter 12 9	Zevachim	50b	Zevachim 50b:13-51a:1	mesorat hashas
Acharei Mot	Lev 16–18 (approx)	Sifra, Acharei Mot, Chapter 12 10	Zevachim	69a	Zevachim 69a:10-11	mesorat hashas
Acharei Mot	Lev 16–18 (approx)	Sifra, Acharei Mot, Chapter 12 12	Zevachim	69a	Zevachim 69a:13	mesorat hashas
Acharei Mot	Lev 16–18 (approx)	Sifra, Acharei Mot, Chapter 12 10	Zevachim	69b	Zevachim 69b:8-9	mesorat hashas
Acharei Mot	Lev 16–18 (approx)	Sifra, Acharei Mot, Chapter 12 7	Zevachim	69b	Zevachim 69b:8-9	mesorat hashas
Acharei Mot	Lev 16–18 (approx)	Sifra, Acharei Mot, Chapter 12 9	Zevachim	69b	Zevachim 69b:2-4	mesorat hashas
Acharei Mot	Lev 16–18 (approx)	Sifra, Acharei Mot, Chapter 13 13	Avodah Zarah	27b	Avodah Zarah 27b:11	mesorat hashas
Acharei Mot	Lev 16–18 (approx)	Sifra, Acharei Mot, Chapter 13 12	Avodah Zarah	3a	Avodah Zarah 3a:2	mesorat hashas
Acharei Mot	Lev 16–18 (approx)	Sifra, Acharei Mot, Chapter 13 12	Bava Kamma	38a	Bava Kamma 38a:11	mesorat hashas
Acharei Mot	Lev 16–18 (approx)	Sifra, Acharei Mot, Chapter 13 3	Chullin	63b	Chullin 63b:8-9	mesorat hashas
Acharei Mot	Lev 16–18 (approx)	Sifra, Acharei Mot, Chapter 13 2	Ketubot	47b	Ketubot 47b:11	mesorat hashas
Acharei Mot	Lev 16–18 (approx)	Sifra, Acharei Mot, Chapter 13 13	Sanhedrin	74a	Sanhedrin 74a:13-14	mesorat hashas
Acharei Mot	Lev 16–18 (approx)	Sifra, Acharei Mot, Chapter 13 3	Sanhedrin	82a	Sanhedrin 82a:3	mesorat hashas
Acharei Mot	Lev 16–18 (approx)	Sifra, Acharei Mot, Chapter 13 3	Shabbat	55b	Shabbat 55b:15	mesorat hashas
Acharei Mot	Lev 16–18 (approx)	Sifra, Acharei Mot, Chapter 13 10	Sotah	21a	Sotah 21a:6	mesorat hashas
Acharei Mot	Lev 16–18 (approx)	Sifra, Acharei Mot, Chapter 2 5	Keritot	23b	Keritot 23b:13	mesorat hashas
Acharei Mot	Lev 16–18 (approx)	Sifra, Acharei Mot, Section 2 4	Keritot	25b	Keritot 25b:14	mesorat hashas
Acharei Mot	Lev 16–18 (approx)	Sifra, Acharei Mot, Section 2 6	Keritot	25b	Keritot 25b:14	mesorat hashas
Acharei Mot	Lev 16–18 (approx)	Sifra, Acharei Mot, Chapter 2 5	Menachot	102a	Menachot 102a:17-102b:1	mesorat hashas
Acharei Mot	Lev 16–18 (approx)	Sifra, Acharei Mot, Chapter 2 5	Shevuot	11b	Shevuot 11b:1	mesorat hashas
Acharei Mot	Lev 16–18 (approx)	Sifra, Acharei Mot, Chapter 2 5	Shevuot	12a	Shevuot 12a:10	mesorat hashas
Acharei Mot	Lev 16–18 (approx)	Sifra, Acharei Mot, Section 2 2	Shevuot	14a	Shevuot 14a:5-6	mesorat hashas
Acharei Mot	Lev 16–18 (approx)	Sifra, Acharei Mot, Chapter 2 9	Yoma	35b	Yoma 35b:15	mesorat hashas
Acharei Mot	Lev 16–18 (approx)	Sifra, Acharei Mot, Section 2 4	Yoma	35b	Yoma 35b:15	mesorat hashas
Acharei Mot	Lev 16–18 (approx)	Sifra, Acharei Mot, Section 2 2	Yoma	36b	Yoma 36b:11	mesorat hashas
Acharei Mot	Lev 16–18 (approx)	Sifra, Acharei Mot, Section 2 3	Yoma	36b	Yoma 36b:12	mesorat hashas
Acharei Mot	Lev 16–18 (approx)	Sifra, Acharei Mot, Section 2 4	Yoma	36b	Yoma 36b	unknown
Acharei Mot	Lev 16–18 (approx)	Sifra, Acharei Mot, Chapter 2 2	Yoma	37a	Yoma 37a:12-13	mesorat hashas
Acharei Mot	Lev 16–18 (approx)	Sifra, Acharei Mot, Section 2 2	Yoma	3a	Yoma 3a:4	mesorat hashas
Acharei Mot	Lev 16–18 (approx)	Sifra, Acharei Mot, Chapter 2 7	Yoma	40b	Yoma 40b:1	mesorat hashas
Acharei Mot	Lev 16–18 (approx)	Sifra, Acharei Mot, Chapter 2 9	Yoma	41b	Yoma 41b:10	mesorat hashas
Acharei Mot	Lev 16–18 (approx)	Sifra, Acharei Mot, Section 2 4	Yoma	41b	Yoma 41b:10	mesorat hashas
Acharei Mot	Lev 16–18 (approx)	Sifra, Acharei Mot, Chapter 2 5	Yoma	50a	Yoma 50a:11	mesorat hashas
Acharei Mot	Lev 16–18 (approx)	Sifra, Acharei Mot, Section 2 2	Yoma	51b	Yoma 51b:2-3	mesorat hashas
Acharei Mot	Lev 16–18 (approx)	Sifra, Acharei Mot, Chapter 2 5	Yoma	62a	Yoma 62a:9-10	mesorat hashas
Acharei Mot	Lev 16–18 (approx)	Sifra, Acharei Mot, Section 2 1	Yoma	62b	Yoma 62b:1	mesorat hashas
Acharei Mot	Lev 16–18 (approx)	Sifra, Acharei Mot, Chapter 2 5	Yoma	64b	Yoma 64b:2	mesorat hashas
Acharei Mot	Lev 16–18 (approx)	Sifra, Acharei Mot, Chapter 2 7	Yoma	65a	Yoma 65a:8-9	mesorat hashas
Acharei Mot	Lev 16–18 (approx)	Sifra, Acharei Mot, Section 2 4	Yoma	66a	Yoma 66a:10	mesorat hashas
Acharei Mot	Lev 16–18 (approx)	Sifra, Acharei Mot, Section 2 2	Yoma	70b	Yoma 70b:9	mesorat hashas
Acharei Mot	Lev 16–18 (approx)	Sifra, Acharei Mot, Chapter 3 8	Keritot	6b	Keritot 6b:5	mesorat hashas
Acharei Mot	Lev 16–18 (approx)	Sifra, Acharei Mot, Chapter 3 12	Menachot	27b	Menachot 27b:13	mesorat hashas
Acharei Mot	Lev 16–18 (approx)	Sifra, Acharei Mot, Chapter 3 4	Pesachim	75b	Pesachim 75b:3	mesorat hashas
Acharei Mot	Lev 16–18 (approx)	Sifra, Acharei Mot, Section 3 6	Sanhedrin	4b	Sanhedrin 4b:5	mesorat hashas
Acharei Mot	Lev 16–18 (approx)	Sifra, Acharei Mot, Section 3 1	Shevuot	13b	Shevuot 13b:11-12	mesorat hashas
Acharei Mot	Lev 16–18 (approx)	Sifra, Acharei Mot, Section 3 1	Yoma	36b	Yoma 36b:12	mesorat hashas
Acharei Mot	Lev 16–18 (approx)	Sifra, Acharei Mot, Chapter 3 2-3	Yoma	43b	Yoma 43b:10-11	mesorat hashas
Acharei Mot	Lev 16–18 (approx)	Sifra, Acharei Mot, Chapter 3 2	Yoma	44b	Yoma 44b:14	mesorat hashas
Acharei Mot	Lev 16–18 (approx)	Sifra, Acharei Mot, Chapter 3 3	Yoma	44b	Yoma 44b:14	mesorat hashas
Acharei Mot	Lev 16–18 (approx)	Sifra, Acharei Mot, Chapter 3 8	Yoma	45a	Yoma 45a:3	mesorat hashas
Acharei Mot	Lev 16–18 (approx)	Sifra, Acharei Mot, Chapter 3 10	Yoma	53a	Yoma 53a:2	mesorat hashas
Acharei Mot	Lev 16–18 (approx)	Sifra, Acharei Mot, Chapter 3 12	Yoma	55a	Yoma 55a:5	mesorat hashas
Acharei Mot	Lev 16–18 (approx)	Sifra, Acharei Mot, Section 3 3-4	Yoma	55a	Yoma 55a:7-8	mesorat hashas
Acharei Mot	Lev 16–18 (approx)	Sifra, Acharei Mot, Section 3 5-6	Yoma	55a	Yoma 55a:10-11	mesorat hashas
Acharei Mot	Lev 16–18 (approx)	Sifra, Acharei Mot, Section 3 7	Yoma	55a	Yoma 55a:9	mesorat hashas
Acharei Mot	Lev 16–18 (approx)	Sifra, Acharei Mot, Section 3 6	Zevachim	38a	Zevachim 38a:5	mesorat hashas
Acharei Mot	Lev 16–18 (approx)	Sifra, Acharei Mot, Section 4 1	Chullin	131b	Chullin 131b:16-17	mesorat hashas
Acharei Mot	Lev 16–18 (approx)	Sifra, Acharei Mot, Section 4 8	Keritot	25a	Keritot 25a:15	mesorat hashas
Acharei Mot	Lev 16–18 (approx)	Sifra, Acharei Mot, Section 4 1	Menachot	92a	Menachot 92a:9	mesorat hashas
Acharei Mot	Lev 16–18 (approx)	Sifra, Acharei Mot, Section 4 5	Menachot	92a	Menachot 92a:16-17	mesorat hashas
Acharei Mot	Lev 16–18 (approx)	Sifra, Acharei Mot, Chapter 4 1	Shabbat	33a	Shabbat 33a:4	mesorat hashas
Acharei Mot	Lev 16–18 (approx)	Sifra, Acharei Mot, Chapter 4 3	Shevuot	12b	Shevuot 12b:7	mesorat hashas
Acharei Mot	Lev 16–18 (approx)	Sifra, Acharei Mot, Section 4 1	Shevuot	13b	Shevuot 13b:5	mesorat hashas
Acharei Mot	Lev 16–18 (approx)	Sifra, Acharei Mot, Section 4 9	Shevuot	2b	Shevuot 2b:7-8	mesorat hashas
Acharei Mot	Lev 16–18 (approx)	Sifra, Acharei Mot, Chapter 4 1	Shevuot	7b	Shevuot 7b:7	mesorat hashas
Acharei Mot	Lev 16–18 (approx)	Sifra, Acharei Mot, Chapter 4 2-3	Shevuot	7b	Shevuot 7b:7-10	mesorat hashas
Acharei Mot	Lev 16–18 (approx)	Sifra, Acharei Mot, Chapter 4 2	Shevuot	9a	Shevuot 9a:10	mesorat hashas
Acharei Mot	Lev 16–18 (approx)	Sifra, Acharei Mot, Section 4 9	Shevuot	9a	Shevuot 9a:10-11	mesorat hashas
Acharei Mot	Lev 16–18 (approx)	Sifra, Acharei Mot, Section 4 6	Yoma	35b	Yoma 35b:15	mesorat hashas
Acharei Mot	Lev 16–18 (approx)	Sifra, Acharei Mot, Chapter 4 3	Yoma	36b	Yoma 36b:6	mesorat hashas
Acharei Mot	Lev 16–18 (approx)	Sifra, Acharei Mot, Chapter 4 6	Yoma	43b	Yoma 43b:18-44a:2	mesorat hashas
Acharei Mot	Lev 16–18 (approx)	Sifra, Acharei Mot, Chapter 4 6	Yoma	53a	Yoma 53a:13	mesorat hashas
Acharei Mot	Lev 16–18 (approx)	Sifra, Acharei Mot, Chapter 4 5	Yoma	56b	Yoma 56b:14-15	mesorat hashas
Acharei Mot	Lev 16–18 (approx)	Sifra, Acharei Mot, Chapter 4 10	Yoma	58b	Yoma 58b:1-3	mesorat hashas
Acharei Mot	Lev 16–18 (approx)	Sifra, Acharei Mot, Chapter 4 7	Yoma	58b	Yoma 58b:4-5	mesorat hashas
Acharei Mot	Lev 16–18 (approx)	Sifra, Acharei Mot, Section 4 2	Yoma	60a	Yoma 60a:9	mesorat hashas
Acharei Mot	Lev 16–18 (approx)	Sifra, Acharei Mot, Section 4 1	Yoma	60b	Yoma 60b:4	mesorat hashas
Acharei Mot	Lev 16–18 (approx)	Sifra, Acharei Mot, Section 4 6	Yoma	66a	Yoma 66a:10	mesorat hashas
Acharei Mot	Lev 16–18 (approx)	Sifra, Acharei Mot, Section 4 8	Yoma	66a	Yoma 66a:15-66b:1	mesorat hashas
Acharei Mot	Lev 16–18 (approx)	Sifra, Acharei Mot, Section 4 1	Zevachim	40a	Zevachim 40a:13-14	mesorat hashas
Acharei Mot	Lev 16–18 (approx)	Sifra, Acharei Mot, Chapter 4 11	Zevachim	53b	Zevachim 53b:6	mesorat hashas
Acharei Mot	Lev 16–18 (approx)	Sifra, Acharei Mot, Chapter 4 5	Zevachim	57a	Zevachim 57a:19-20	mesorat hashas
Acharei Mot	Lev 16–18 (approx)	Sifra, Acharei Mot, Section 5 6	Pesachim	85b	Pesachim 85b:3	mesorat hashas
Acharei Mot	Lev 16–18 (approx)	Sifra, Acharei Mot, Chapter 5 1	Shevuot	10a	Shevuot 10a:5	mesorat hashas
Acharei Mot	Lev 16–18 (approx)	Sifra, Acharei Mot, Chapter 5 2	Shevuot	10a	Shevuot 10a:5	mesorat hashas
Acharei Mot	Lev 16–18 (approx)	Sifra, Acharei Mot, Chapter 5 5	Shevuot	11b	Shevuot 11b:10	mesorat hashas
Acharei Mot	Lev 16–18 (approx)	Sifra, Acharei Mot, Chapter 5 1-2	Shevuot	2a	Shevuot 2a:5-7	mesorat hashas
Acharei Mot	Lev 16–18 (approx)	Sifra, Acharei Mot, Chapter 5 6	Shevuot	2a	Shevuot 2a:8-2b:1	mesorat hashas
Acharei Mot	Lev 16–18 (approx)	Sifra, Acharei Mot, Chapter 5 1	Shevuot	4a	Shevuot 4a:10	mesorat hashas
Acharei Mot	Lev 16–18 (approx)	Sifra, Acharei Mot, Chapter 5 1	Shevuot	7b	Shevuot 7b:5	mesorat hashas
Acharei Mot	Lev 16–18 (approx)	Sifra, Acharei Mot, Chapter 5 1	Shevuot	8b	Shevuot 8b:4	mesorat hashas
Acharei Mot	Lev 16–18 (approx)	Sifra, Acharei Mot, Chapter 5 2	Shevuot	8b	Shevuot 8b:3	mesorat hashas
Acharei Mot	Lev 16–18 (approx)	Sifra, Acharei Mot, Chapter 5 3	Shevuot	9a	Shevuot 9a:2-3	mesorat hashas
Acharei Mot	Lev 16–18 (approx)	Sifra, Acharei Mot, Chapter 5 7-8	Shevuot	9a	Shevuot 9a:10-11	mesorat hashas
Acharei Mot	Lev 16–18 (approx)	Sifra, Acharei Mot, Chapter 5 4	Shevuot	9b	Shevuot 9b:2	mesorat hashas
Acharei Mot	Lev 16–18 (approx)	Sifra, Acharei Mot, Chapter 5 6	Shevuot	9b	Shevuot 9b:2-3	mesorat hashas
Acharei Mot	Lev 16–18 (approx)	Sifra, Acharei Mot, Chapter 5 2	Sotah	28b	Sotah 28b:3	mesorat hashas
Acharei Mot	Lev 16–18 (approx)	Sifra, Acharei Mot, Chapter 5 7-8	Yoma	61a	Yoma 61a:5	mesorat hashas
Acharei Mot	Lev 16–18 (approx)	Sifra, Acharei Mot, Section 5 1-2	Yoma	67b	Yoma 67b:11-12	mesorat hashas
Acharei Mot	Lev 16–18 (approx)	Sifra, Acharei Mot, Section 5 7	Yoma	67b	Yoma 67b:16-68a:1	mesorat hashas
Acharei Mot	Lev 16–18 (approx)	Sifra, Acharei Mot, Section 5 5	Yoma	68a	Yoma 68a:4-5	mesorat hashas
Acharei Mot	Lev 16–18 (approx)	Sifra, Acharei Mot, Section 5 8	Yoma	68b	Yoma 68b:4-5	mesorat hashas
Acharei Mot	Lev 16–18 (approx)	Sifra, Acharei Mot, Section 5 6	Zevachim	104b	Zevachim 104b:1	mesorat hashas
Acharei Mot	Lev 16–18 (approx)	Sifra, Acharei Mot, Section 5 6	Zevachim	105a	Zevachim 105a:4	mesorat hashas
Acharei Mot	Lev 16–18 (approx)	Sifra, Acharei Mot, Section 5 8	Zevachim	106a	Zevachim 106a:5-6	mesorat hashas
Acharei Mot	Lev 16–18 (approx)	Sifra, Acharei Mot, Section 5 7	Zevachim	50a	Zevachim 50a:18-50b:1	mesorat hashas
Acharei Mot	Lev 16–18 (approx)	Sifra, Acharei Mot, Section 5 4	Zevachim	83a	Zevachim 83a:5	mesorat hashas
Acharei Mot	Lev 16–18 (approx)	Sifra, Acharei Mot, Section 6 1	Nedarim	78b	Nedarim 78b	unknown
Acharei Mot	Lev 16–18 (approx)	Sifra, Acharei Mot, Section 6 7	Niddah	40b	Niddah 40b:5	mesorat hashas
Acharei Mot	Lev 16–18 (approx)	Sifra, Acharei Mot, Section 6 7	Temurah	28a	Temurah 28a:1	mesorat hashas
Acharei Mot	Lev 16–18 (approx)	Sifra, Acharei Mot, Chapter 6 8	Yoma	31a	Yoma 31a:5	mesorat hashas
Acharei Mot	Lev 16–18 (approx)	Sifra, Acharei Mot, Chapter 6 2	Yoma	32a	Yoma 32a:2	mesorat hashas
Acharei Mot	Lev 16–18 (approx)	Sifra, Acharei Mot, Chapter 6 5	Yoma	32a	Yoma 32a:6	mesorat hashas
Acharei Mot	Lev 16–18 (approx)	Sifra, Acharei Mot, Chapter 6 6	Yoma	32a	Yoma 32a:8	mesorat hashas
Acharei Mot	Lev 16–18 (approx)	Sifra, Acharei Mot, Chapter 6 5	Yoma	70a	Yoma 70a:12	mesorat hashas
Acharei Mot	Lev 16–18 (approx)	Sifra, Acharei Mot, Chapter 6 2	Yoma	70b	Yoma 70b:12	mesorat hashas
Acharei Mot	Lev 16–18 (approx)	Sifra, Acharei Mot, Chapter 6 3	Yoma	73a	Yoma 73a:1	mesorat hashas
Acharei Mot	Lev 16–18 (approx)	Sifra, Acharei Mot, Section 6 3	Zevachim	107b	Zevachim 107b:11-13	mesorat hashas
Acharei Mot	Lev 16–18 (approx)	Sifra, Acharei Mot, Section 6 7	Zevachim	112a	Zevachim 112a:13	mesorat hashas
Acharei Mot	Lev 16–18 (approx)	Sifra, Acharei Mot, Section 6 6	Zevachim	113b	Zevachim 113b:18	mesorat hashas
Acharei Mot	Lev 16–18 (approx)	Sifra, Acharei Mot, Section 6 7	Zevachim	27b	Zevachim 27b:6	mesorat hashas
Acharei Mot	Lev 16–18 (approx)	Sifra, Acharei Mot, Section 6 7	Zevachim	84a	Zevachim 84a:14	mesorat hashas
Acharei Mot	Lev 16–18 (approx)	Sifra, Acharei Mot, Chapter 7 9	Beitzah	36b	Beitzah 36b:9	mesorat hashas
Acharei Mot	Lev 16–18 (approx)	Sifra, Acharei Mot, Section 7 6	Yevamot	114a	Yevamot 114a:14	mesorat hashas
Acharei Mot	Lev 16–18 (approx)	Sifra, Acharei Mot, Chapter 7 1	Yoma	74b	Yoma 74b:2	mesorat hashas
Acharei Mot	Lev 16–18 (approx)	Sifra, Acharei Mot, Chapter 7 2-3	Yoma	74b	Yoma 74b:7-8	mesorat hashas
Acharei Mot	Lev 16–18 (approx)	Sifra, Acharei Mot, Chapter 8 8	Chullin	131b	Chullin 131b:16-17	mesorat hashas
Acharei Mot	Lev 16–18 (approx)	Sifra, Acharei Mot, Chapter 8 4	Horayot	12a	Horayot 12a:19	mesorat hashas
Acharei Mot	Lev 16–18 (approx)	Sifra, Acharei Mot, Chapter 8 4	Megillah	9b	Megillah 9b:10	mesorat hashas
Acharei Mot	Lev 16–18 (approx)	Sifra, Acharei Mot, Chapter 8 8	Menachot	92a	Menachot 92a:9	mesorat hashas
Acharei Mot	Lev 16–18 (approx)	Sifra, Acharei Mot, Chapter 8 8	Shevuot	13b	Shevuot 13b:5	mesorat hashas
Acharei Mot	Lev 16–18 (approx)	Sifra, Acharei Mot, Chapter 8 8	Shevuot	2b	Shevuot 2b:11	mesorat hashas
Acharei Mot	Lev 16–18 (approx)	Sifra, Acharei Mot, Chapter 8 6	Yoma	2a	Yoma 2a:2	mesorat hashas
Acharei Mot	Lev 16–18 (approx)	Sifra, Acharei Mot, Chapter 8 8	Yoma	61a	Yoma 61a:3	mesorat hashas
Acharei Mot	Lev 16–18 (approx)	Sifra, Acharei Mot, Chapter 8 3	Yoma	73b	Yoma 73b:13	mesorat hashas
Acharei Mot	Lev 16–18 (approx)	Sifra, Acharei Mot, Chapter 8 1-2	Yoma	85b	Yoma 85b:7-8	mesorat hashas
Acharei Mot	Lev 16–18 (approx)	Sifra, Acharei Mot, Chapter 9 3	Avodah Zarah	51b	Avodah Zarah 51b:1-2	mesorat hashas
Acharei Mot	Lev 16–18 (approx)	Sifra, Acharei Mot, Chapter 9 4	Avodah Zarah	51b	Avodah Zarah 51b:1	mesorat hashas
Acharei Mot	Lev 16–18 (approx)	Sifra, Acharei Mot, Chapter 9 5	Avodah Zarah	51b	Avodah Zarah 51b:6	mesorat hashas
Acharei Mot	Lev 16–18 (approx)	Sifra, Acharei Mot, Chapter 9 6	Chullin	88b	Chullin 88b:2	mesorat hashas
Acharei Mot	Lev 16–18 (approx)	Sifra, Acharei Mot, Chapter 9 6	Menachot	25b	Menachot 25b:13	mesorat hashas
Acharei Mot	Lev 16–18 (approx)	Sifra, Acharei Mot, Chapter 9 6	Menachot	90b	Menachot 90b:7-8	mesorat hashas
Acharei Mot	Lev 16–18 (approx)	Sifra, Acharei Mot, Chapter 9 6	Niddah	40b	Niddah 40b:6-41a:1	mesorat hashas
Acharei Mot	Lev 16–18 (approx)	Sifra, Acharei Mot, Chapter 9 6	Yoma	42b	Yoma 42b:4-5	mesorat hashas
Acharei Mot	Lev 16–18 (approx)	Sifra, Acharei Mot, Chapter 9 3	Zevachim	106a	Zevachim 106a:17	mesorat hashas
Acharei Mot	Lev 16–18 (approx)	Sifra, Acharei Mot, Chapter 9 4	Zevachim	106a	Zevachim 106a:17	mesorat hashas
Acharei Mot	Lev 16–18 (approx)	Sifra, Acharei Mot, Chapter 9 7	Zevachim	108b	Zevachim 108b:18	mesorat hashas
Acharei Mot	Lev 16–18 (approx)	Sifra, Acharei Mot, Chapter 9 3	Zevachim	112b	Zevachim 112b:13	mesorat hashas
Acharei Mot	Lev 16–18 (approx)	Sifra, Acharei Mot, Chapter 9 1	Zevachim	115a	Zevachim 115a:2-3	mesorat hashas
Acharei Mot	Lev 16–18 (approx)	Sifra, Acharei Mot, Chapter 9 3	Zevachim	119b	Zevachim 119b:10	mesorat hashas
Acharei Mot	Lev 16–18 (approx)	Sifra, Acharei Mot, Chapter 9 6	Zevachim	27b	Zevachim 27b:6-7	mesorat hashas
Acharei Mot	Lev 16–18 (approx)	Sifra, Acharei Mot, Chapter 9 6	Zevachim	39b	Zevachim 39b:1-2	mesorat hashas
Acharei Mot	Lev 16–18 (approx)	Sifra, Acharei Mot, Chapter 9 6	Zevachim	84a	Zevachim 84a:14-84b:1	mesorat hashas
Bechukotai	Lev 26:3–27 (approx)	Sifra, Bechukotai, Section 1 3	Megillah	18a	Megillah 18a:13	mesorat hashas
Bechukotai	Lev 26:3–27 (approx)	Sifra, Bechukotai, Chapter 1 1	Taanit	23a	Taanit 23a:2	mesorat hashas
Bechukotai	Lev 26:3–27 (approx)	Sifra, Bechukotai, Chapter 1 5	Yoma	58a	Yoma 58a:2	mesorat hashas
Bechukotai	Lev 26:3–27 (approx)	Sifra, Bechukotai, Chapter 10 3	Arakhin	14a	Arakhin 14a:5	mesorat hashas
Bechukotai	Lev 26:3–27 (approx)	Sifra, Bechukotai, Chapter 10 7	Arakhin	24a	Arakhin 24a:12	mesorat hashas
Bechukotai	Lev 26:3–27 (approx)	Sifra, Bechukotai, Chapter 10 10	Arakhin	25a	Arakhin 25a:14	mesorat hashas
Bechukotai	Lev 26:3–27 (approx)	Sifra, Bechukotai, Chapter 10 4	Arakhin	25a	Arakhin 25a:6	mesorat hashas
Bechukotai	Lev 26:3–27 (approx)	Sifra, Bechukotai, Chapter 10 6	Arakhin	25a	Arakhin 25a:6	mesorat hashas
Bechukotai	Lev 26:3–27 (approx)	Sifra, Bechukotai, Chapter 10 1	Arakhin	27a	Arakhin 27a:17	mesorat hashas
Bechukotai	Lev 26:3–27 (approx)	Sifra, Bechukotai, Chapter 10 4	Bava Batra	102b	Bava Batra 102b:9	mesorat hashas
Bechukotai	Lev 26:3–27 (approx)	Sifra, Bechukotai, Chapter 10 6	Bava Batra	102b	Bava Batra 102b:9	mesorat hashas
Bechukotai	Lev 26:3–27 (approx)	Sifra, Bechukotai, Chapter 10 12	Bava Batra	108b	Bava Batra 108b:4-5	mesorat hashas
Bechukotai	Lev 26:3–27 (approx)	Sifra, Bechukotai, Chapter 10 1	Bava Metzia	53b	Bava Metzia 53b:11	mesorat hashas
Bechukotai	Lev 26:3–27 (approx)	Sifra, Bechukotai, Chapter 10 12	Chullin	88b	Chullin 88b:2	mesorat hashas
Bechukotai	Lev 26:3–27 (approx)	Sifra, Bechukotai, Chapter 10 12	Kiddushin	17b	Kiddushin 17b:6-7	mesorat hashas
Bechukotai	Lev 26:3–27 (approx)	Sifra, Bechukotai, Chapter 10 4	Kiddushin	61a	Kiddushin 61a:1	mesorat hashas
Bechukotai	Lev 26:3–27 (approx)	Sifra, Bechukotai, Chapter 10 6	Kiddushin	61a	Kiddushin 61a:6	mesorat hashas
Bechukotai	Lev 26:3–27 (approx)	Sifra, Bechukotai, Chapter 10 12	Menachot	25b	Menachot 25b:13	mesorat hashas
Bechukotai	Lev 26:3–27 (approx)	Sifra, Bechukotai, Chapter 10 12	Niddah	40b	Niddah 40b:6-41a:1	mesorat hashas
Bechukotai	Lev 26:3–27 (approx)	Sifra, Bechukotai, Chapter 10 12	Yoma	42b	Yoma 42b:5	mesorat hashas
Bechukotai	Lev 26:3–27 (approx)	Sifra, Bechukotai, Chapter 10 12	Zevachim	39b	Zevachim 39b:2	mesorat hashas
Bechukotai	Lev 26:3–27 (approx)	Sifra, Bechukotai, Chapter 10 11	Zevachim	6a	Zevachim 6a:3	mesorat hashas
Bechukotai	Lev 26:3–27 (approx)	Sifra, Bechukotai, Chapter 10 12	Zevachim	84a	Zevachim 84a:15-84b:1	mesorat hashas
Bechukotai	Lev 26:3–27 (approx)	Sifra, Bechukotai, Chapter 11 4	Arakhin	14a	Arakhin 14a:20-14b:2	mesorat hashas
Bechukotai	Lev 26:3–27 (approx)	Sifra, Bechukotai, Chapter 11 3	Arakhin	25a	Arakhin 25a:16-17	mesorat hashas
Bechukotai	Lev 26:3–27 (approx)	Sifra, Bechukotai, Chapter 11 2	Arakhin	25b	Arakhin 25b:17-18	mesorat hashas
Bechukotai	Lev 26:3–27 (approx)	Sifra, Bechukotai, Chapter 11 7	Arakhin	26a	Arakhin 26a:10-11	mesorat hashas
Bechukotai	Lev 26:3–27 (approx)	Sifra, Bechukotai, Chapter 11 4	Arakhin	26b	Arakhin 26b:15	mesorat hashas
Bechukotai	Lev 26:3–27 (approx)	Sifra, Bechukotai, Chapter 11 7	Arakhin	26b	Arakhin 26b:6-7	mesorat hashas
Bechukotai	Lev 26:3–27 (approx)	Sifra, Bechukotai, Chapter 11 3	Arakhin	29a	Arakhin 29a:3	mesorat hashas
Bechukotai	Lev 26:3–27 (approx)	Sifra, Bechukotai, Chapter 11 4	Bava Batra	72b	Bava Batra 72b:5	mesorat hashas
Bechukotai	Lev 26:3–27 (approx)	Sifra, Bechukotai, Chapter 11 3	Bava Kamma	109b	Bava Kamma 109b:12	mesorat hashas
Bechukotai	Lev 26:3–27 (approx)	Sifra, Bechukotai, Chapter 11 4	Gittin	48a	Gittin 48a:8-9	mesorat hashas
Bechukotai	Lev 26:3–27 (approx)	Sifra, Bechukotai, Chapter 12 3	Arakhin	28a	Arakhin 28a:2	mesorat hashas
Bechukotai	Lev 26:3–27 (approx)	Sifra, Bechukotai, Chapter 12 6	Arakhin	28a	Arakhin 28a:13	mesorat hashas
Bechukotai	Lev 26:3–27 (approx)	Sifra, Bechukotai, Chapter 12 5	Arakhin	28b	Arakhin 28b:10	mesorat hashas
Bechukotai	Lev 26:3–27 (approx)	Sifra, Bechukotai, Chapter 12 10	Bava Metzia	53b	Bava Metzia 53b:8	mesorat hashas
Bechukotai	Lev 26:3–27 (approx)	Sifra, Bechukotai, Chapter 12 12	Bekhorot	53a	Bekhorot 53a:2	mesorat hashas
Bechukotai	Lev 26:3–27 (approx)	Sifra, Bechukotai, Chapter 12 13	Bekhorot	53a	Bekhorot 53a:1-2	mesorat hashas
Bechukotai	Lev 26:3–27 (approx)	Sifra, Bechukotai, Chapter 12 12	Bekhorot	53b	Bekhorot 53b:13	mesorat hashas
Bechukotai	Lev 26:3–27 (approx)	Sifra, Bechukotai, Chapter 12 13	Bekhorot	53b	Bekhorot 53b:13-14	mesorat hashas
Bechukotai	Lev 26:3–27 (approx)	Sifra, Bechukotai, Chapter 12 12	Bekhorot	54a	Bekhorot 54a:1	mesorat hashas
Bechukotai	Lev 26:3–27 (approx)	Sifra, Bechukotai, Chapter 12 13	Bekhorot	54a	Bekhorot 54a:1	mesorat hashas
Bechukotai	Lev 26:3–27 (approx)	Sifra, Bechukotai, Chapter 12 4-5	Rosh Hashanah	9b	Rosh Hashanah 9b:2	mesorat hashas
Bechukotai	Lev 26:3–27 (approx)	Sifra, Bechukotai, Chapter 12 5	Sanhedrin	88a	Sanhedrin 88a:4	mesorat hashas
Bechukotai	Lev 26:3–27 (approx)	Sifra, Bechukotai, Chapter 12 10	Zevachim	6a	Zevachim 6a:3	mesorat hashas
Bechukotai	Lev 26:3–27 (approx)	Sifra, Bechukotai, Chapter 13 4	Bava Kamma	13a	Bava Kamma 13a:7	mesorat hashas
Bechukotai	Lev 26:3–27 (approx)	Sifra, Bechukotai, Chapter 13 4	Bekhorot	31b	Bekhorot 31b:7	mesorat hashas
Bechukotai	Lev 26:3–27 (approx)	Sifra, Bechukotai, Chapter 13 4	Bekhorot	32a	Bekhorot 32a:7	mesorat hashas
Bechukotai	Lev 26:3–27 (approx)	Sifra, Bechukotai, Chapter 13 1	Bekhorot	58b	Bekhorot 58b:5	mesorat hashas
Bechukotai	Lev 26:3–27 (approx)	Sifra, Bechukotai, Chapter 13 1-2	Bekhorot	60a	Bekhorot 60a:16-60b:1	mesorat hashas
Bechukotai	Lev 26:3–27 (approx)	Sifra, Bechukotai, Chapter 13 1-2	Bekhorot	60a	Bekhorot 60a:7-8	mesorat hashas
Bechukotai	Lev 26:3–27 (approx)	Sifra, Bechukotai, Chapter 13 3	Bekhorot	60a	Bekhorot 60a:8-9	mesorat hashas
Bechukotai	Lev 26:3–27 (approx)	Sifra, Bechukotai, Chapter 13 3	Bekhorot	60b	Bekhorot 60b:1	mesorat hashas
Bechukotai	Lev 26:3–27 (approx)	Sifra, Bechukotai, Chapter 13 3	Bekhorot	60b	Bekhorot 60b:12	mesorat hashas
Bechukotai	Lev 26:3–27 (approx)	Sifra, Bechukotai, Chapter 13 2	Eruvin	50a	Eruvin 50a:12-13	mesorat hashas
Bechukotai	Lev 26:3–27 (approx)	Sifra, Bechukotai, Chapter 13 3	Eruvin	50a	Eruvin 50a:12	mesorat hashas
Bechukotai	Lev 26:3–27 (approx)	Sifra, Bechukotai, Chapter 13 2	Kiddushin	51a	Kiddushin 51a:4-5	mesorat hashas
Bechukotai	Lev 26:3–27 (approx)	Sifra, Bechukotai, Chapter 13 3	Kiddushin	51a	Kiddushin 51a:4	mesorat hashas
Bechukotai	Lev 26:3–27 (approx)	Sifra, Bechukotai, Chapter 13 1	Nazir	18b	Nazir 18b:8	mesorat hashas
Bechukotai	Lev 26:3–27 (approx)	Sifra, Bechukotai, Chapter 13 2	Nazir	32a	Nazir 32a:10	mesorat hashas
Bechukotai	Lev 26:3–27 (approx)	Sifra, Bechukotai, Chapter 13 3	Nazir	32a	Nazir 32a:10	mesorat hashas
Bechukotai	Lev 26:3–27 (approx)	Sifra, Bechukotai, Chapter 13 4	Temurah	5b	Temurah 5b:1	mesorat hashas
Bechukotai	Lev 26:3–27 (approx)	Sifra, Bechukotai, Section 3 14	Arakhin	17a	Arakhin 17a:9	mesorat hashas
Bechukotai	Lev 26:3–27 (approx)	Sifra, Bechukotai, Section 3 11	Arakhin	18a	Arakhin 18a:13	mesorat hashas
Bechukotai	Lev 26:3–27 (approx)	Sifra, Bechukotai, Section 3 5	Arakhin	4a	Arakhin 4a:17	mesorat hashas
Bechukotai	Lev 26:3–27 (approx)	Sifra, Bechukotai, Section 3 6	Arakhin	4a	Arakhin 4a:18-19	mesorat hashas
Bechukotai	Lev 26:3–27 (approx)	Sifra, Bechukotai, Section 3 7	Arakhin	4a	Arakhin 4a:20	mesorat hashas
Bechukotai	Lev 26:3–27 (approx)	Sifra, Bechukotai, Section 3 13	Arakhin	4b	Arakhin 4b:15	mesorat hashas
Bechukotai	Lev 26:3–27 (approx)	Sifra, Bechukotai, Section 3 6	Arakhin	4b	Arakhin 4b:13	mesorat hashas
Bechukotai	Lev 26:3–27 (approx)	Sifra, Bechukotai, Section 3 7	Arakhin	4b	Arakhin 4b:17	mesorat hashas
Bechukotai	Lev 26:3–27 (approx)	Sifra, Bechukotai, Section 3 8-9	Arakhin	4b	Arakhin 4b:4-5	mesorat hashas
Bechukotai	Lev 26:3–27 (approx)	Sifra, Bechukotai, Section 3 2	Arakhin	5b	Arakhin 5b:8-9	mesorat hashas
Bechukotai	Lev 26:3–27 (approx)	Sifra, Bechukotai, Section 3 14	Arakhin	7b	Arakhin 7b:20-21	mesorat hashas
Bechukotai	Lev 26:3–27 (approx)	Sifra, Bechukotai, Chapter 3 1	Bava Batra	91b	Bava Batra 91b:16	mesorat hashas
Bechukotai	Lev 26:3–27 (approx)	Sifra, Bechukotai, Section 3 9	Bekhorot	42a	Bekhorot 42a:3	mesorat hashas
Bechukotai	Lev 26:3–27 (approx)	Sifra, Bechukotai, Section 3 1	Nazir	61a	Nazir 61a:9-10	mesorat hashas
Bechukotai	Lev 26:3–27 (approx)	Sifra, Bechukotai, Section 3 2	Nazir	61a	Nazir 61a:9-10	mesorat hashas
Bechukotai	Lev 26:3–27 (approx)	Sifra, Bechukotai, Chapter 3 4	Niddah	28b	Niddah 28b:18	mesorat hashas
Bechukotai	Lev 26:3–27 (approx)	Sifra, Bechukotai, Section 3 9	Niddah	28b	Niddah 28b:18	mesorat hashas
Bechukotai	Lev 26:3–27 (approx)	Sifra, Bechukotai, Section 3 1	Rosh Hashanah	9b	Rosh Hashanah 9b:4	mesorat hashas
Bechukotai	Lev 26:3–27 (approx)	Sifra, Bechukotai, Section 3 2	Rosh Hashanah	9b	Rosh Hashanah 9b:4	mesorat hashas
Bechukotai	Lev 26:3–27 (approx)	Sifra, Bechukotai, Chapter 3 4	Shabbat	136b	Shabbat 136b:5	mesorat hashas
Bechukotai	Lev 26:3–27 (approx)	Sifra, Bechukotai, Section 3 9	Shabbat	136b	Shabbat 136b:5	mesorat hashas
Bechukotai	Lev 26:3–27 (approx)	Sifra, Bechukotai, Section 4 6	Arakhin	27a	Arakhin 27a:15-16	mesorat hashas
Bechukotai	Lev 26:3–27 (approx)	Sifra, Bechukotai, Section 4 6	Arakhin	27b	Arakhin 27b:8	mesorat hashas
Bechukotai	Lev 26:3–27 (approx)	Sifra, Bechukotai, Section 4 1	Bekhorot	37b	Bekhorot 37b:3-4	mesorat hashas
Bechukotai	Lev 26:3–27 (approx)	Sifra, Bechukotai, Section 4 1	Menachot	101a	Menachot 101a:3	mesorat hashas
Bechukotai	Lev 26:3–27 (approx)	Sifra, Bechukotai, Section 4 1	Temurah	33a	Temurah 33a:1-2	mesorat hashas
Bechukotai	Lev 26:3–27 (approx)	Sifra, Bechukotai, Section 4 7	Zevachim	6a	Zevachim 6a:3	mesorat hashas
Bechukotai	Lev 26:3–27 (approx)	Sifra, Bechukotai, Chapter 6 4	Sanhedrin	63b	Sanhedrin 63b:23	mesorat hashas
Bechukotai	Lev 26:3–27 (approx)	Sifra, Bechukotai, Chapter 6 3	Yoma	38b	Yoma 38b:4-5	mesorat hashas
Bechukotai	Lev 26:3–27 (approx)	Sifra, Bechukotai, Chapter 7 5	Sanhedrin	27b	Sanhedrin 27b:19	mesorat hashas
Bechukotai	Lev 26:3–27 (approx)	Sifra, Bechukotai, Chapter 7 5	Shevuot	39a	Shevuot 39a:22	mesorat hashas
Bechukotai	Lev 26:3–27 (approx)	Sifra, Bechukotai, Chapter 8 2	Bava Kamma	88a	Bava Kamma 88a:17	mesorat hashas
Bechukotai	Lev 26:3–27 (approx)	Sifra, Bechukotai, Chapter 8 2	Bava Metzia	92b	Bava Metzia 92b:14	mesorat hashas
Bechukotai	Lev 26:3–27 (approx)	Sifra, Bechukotai, Chapter 8 10	Megillah	11a	Megillah 11a:11	mesorat hashas
Bechukotai	Lev 26:3–27 (approx)	Sifra, Bechukotai, Chapter 8 4	Sanhedrin	105a	Sanhedrin 105a:5	mesorat hashas
Bechukotai	Lev 26:3–27 (approx)	Sifra, Bechukotai, Chapter 8 2	Sanhedrin	27b	Sanhedrin 27b:15	mesorat hashas
Bechukotai	Lev 26:3–27 (approx)	Sifra, Bechukotai, Chapter 9 1	Arakhin	5a	Arakhin 5a:1	mesorat hashas
Bechukotai	Lev 26:3–27 (approx)	Sifra, Bechukotai, Chapter 9 9	Chullin	135a	Chullin 135a:18	mesorat hashas
Bechukotai	Lev 26:3–27 (approx)	Sifra, Bechukotai, Chapter 9 8	Chullin	69a	Chullin 69a:21	mesorat hashas
Bechukotai	Lev 26:3–27 (approx)	Sifra, Bechukotai, Chapter 9 1	Chullin	69b	Chullin 69b:5	mesorat hashas
Bechukotai	Lev 26:3–27 (approx)	Sifra, Bechukotai, Chapter 9 9	Chullin	69b	Chullin 69b:4	mesorat hashas
Bechukotai	Lev 26:3–27 (approx)	Sifra, Bechukotai, Chapter 9 11	Pesachim	32a	Pesachim 32a:9	mesorat hashas
Bechukotai	Lev 26:3–27 (approx)	Sifra, Bechukotai, Chapter 9 8	Temurah	10a	Temurah 10a:10	mesorat hashas
Bechukotai	Lev 26:3–27 (approx)	Sifra, Bechukotai, Chapter 9 9	Temurah	11a	Temurah 11a:15-11b:1	mesorat hashas
Bechukotai	Lev 26:3–27 (approx)	Sifra, Bechukotai, Chapter 9 1	Temurah	11b	Temurah 11b:1	mesorat hashas
Bechukotai	Lev 26:3–27 (approx)	Sifra, Bechukotai, Chapter 9 5	Temurah	12a	Temurah 12a:7-8	mesorat hashas
Bechukotai	Lev 26:3–27 (approx)	Sifra, Bechukotai, Chapter 9 2	Temurah	13a	Temurah 13a:10	mesorat hashas
Bechukotai	Lev 26:3–27 (approx)	Sifra, Bechukotai, Chapter 9 3	Temurah	13a	Temurah 13a:7	mesorat hashas
Bechukotai	Lev 26:3–27 (approx)	Sifra, Bechukotai, Chapter 9 4	Temurah	13a	Temurah 13a:17	mesorat hashas
Bechukotai	Lev 26:3–27 (approx)	Sifra, Bechukotai, Chapter 9 4	Temurah	13a	Temurah 13a:8-9	mesorat hashas
Bechukotai	Lev 26:3–27 (approx)	Sifra, Bechukotai, Chapter 9 6	Temurah	2b	Temurah 2b:2	mesorat hashas
Bechukotai	Lev 26:3–27 (approx)	Sifra, Bechukotai, Chapter 9 10	Temurah	7b	Temurah 7b:13	mesorat hashas
Bechukotai	Lev 26:3–27 (approx)	Sifra, Bechukotai, Chapter 9 11	Temurah	7b	Temurah 7b:12-13	mesorat hashas
Bechukotai	Lev 26:3–27 (approx)	Sifra, Bechukotai, Chapter 9 11	Temurah	8b	Temurah 8b:2	mesorat hashas
Bechukotai	Lev 26:3–27 (approx)	Sifra, Bechukotai, Chapter 9 6	Temurah	9a	Temurah 9a:15	midrash
Bechukotai	Lev 26:3–27 (approx)	Sifra, Bechukotai, Chapter 9 11	Zevachim	57a	Zevachim 57a:8	mesorat hashas
Behar	Lev 25–26:2 (approx)	Sifra, Behar, Chapter 1 2	Moed Katan	3a	Moed Katan 3a:4	mesorat hashas
Behar	Lev 25–26:2 (approx)	Sifra, Behar, Section 1 4	Moed Katan	3a	Moed Katan 3a:4	mesorat hashas
Behar	Lev 25–26:2 (approx)	Sifra, Behar, Chapter 1 8	Niddah	51b	Niddah 51b:12	mesorat hashas
Behar	Lev 25–26:2 (approx)	Sifra, Behar, Chapter 1 8	Pesachim	52b	Pesachim 52b:3	mesorat hashas
Behar	Lev 25–26:2 (approx)	Sifra, Behar, Section 1 8	Rosh Hashanah	9b	Rosh Hashanah 9b:2	mesorat hashas
Behar	Lev 25–26:2 (approx)	Sifra, Behar, Section 1 2	Sanhedrin	37a	Sanhedrin 37a:1	mesorat hashas
Behar	Lev 25–26:2 (approx)	Sifra, Behar, Section 1 2	Sukkah	41b	Sukkah 41b:4	mesorat hashas
Behar	Lev 25–26:2 (approx)	Sifra, Behar, Chapter 1 8	Taanit	6b	Taanit 6b:6	mesorat hashas
Behar	Lev 25–26:2 (approx)	Sifra, Behar, Section 1 2	Yoma	12a	Yoma 12a:7	mesorat hashas
Behar	Lev 25–26:2 (approx)	Sifra, Behar, Chapter 2 3	Arakhin	32b	Arakhin 32b:15	mesorat hashas
Behar	Lev 25–26:2 (approx)	Sifra, Behar, Chapter 2 4	Avodah Zarah	47b	Avodah Zarah 47b:11	mesorat hashas
Behar	Lev 25–26:2 (approx)	Sifra, Behar, Chapter 2 4	Eruvin	71a	Eruvin 71a:4-5	mesorat hashas
Behar	Lev 25–26:2 (approx)	Sifra, Behar, Chapter 2 4	Gittin	18a	Gittin 18a:10	mesorat hashas
Behar	Lev 25–26:2 (approx)	Sifra, Behar, Chapter 2 5	Kiddushin	15a	Kiddushin 15a:14	mesorat hashas
Behar	Lev 25–26:2 (approx)	Sifra, Behar, Chapter 2 4	Nazir	18b	Nazir 18b:8	mesorat hashas
Behar	Lev 25–26:2 (approx)	Sifra, Behar, Section 2 3	Rosh Hashanah	33b	Rosh Hashanah 33b:11-12	mesorat hashas
Behar	Lev 25–26:2 (approx)	Sifra, Behar, Section 2 4	Rosh Hashanah	33b	Rosh Hashanah 33b:11-12	mesorat hashas
Behar	Lev 25–26:2 (approx)	Sifra, Behar, Chapter 2 1	Rosh Hashanah	8b	Rosh Hashanah 8b:9	mesorat hashas
Behar	Lev 25–26:2 (approx)	Sifra, Behar, Chapter 2 2	Rosh Hashanah	9b	Rosh Hashanah 9b:8	mesorat hashas
Behar	Lev 25–26:2 (approx)	Sifra, Behar, Chapter 2 4	Rosh Hashanah	9b	Rosh Hashanah 9b:2	mesorat hashas
Behar	Lev 25–26:2 (approx)	Sifra, Behar, Chapter 2 4	Sanhedrin	4b	Sanhedrin 4b:9	mesorat hashas
Behar	Lev 25–26:2 (approx)	Sifra, Behar, Chapter 2 4	Taanit	4b	Taanit 4b:10	mesorat hashas
Behar	Lev 25–26:2 (approx)	Sifra, Behar, Chapter 2 4	Zevachim	38a	Zevachim 38a:8	mesorat hashas
Behar	Lev 25–26:2 (approx)	Sifra, Behar, Chapter 2 4	Zevachim	39b	Zevachim 39b:3	mesorat hashas
Behar	Lev 25–26:2 (approx)	Sifra, Behar, Section 3 10	Arakhin	18b	Arakhin 18b:10	mesorat hashas
Behar	Lev 25–26:2 (approx)	Sifra, Behar, Section 3 10	Arakhin	29b	Arakhin 29b:2	mesorat hashas
Behar	Lev 25–26:2 (approx)	Sifra, Behar, Section 3 10	Arakhin	30a	Arakhin 30a:6	mesorat hashas
Behar	Lev 25–26:2 (approx)	Sifra, Behar, Chapter 3 3	Avodah Zarah	54b	Avodah Zarah 54b:8-9	mesorat hashas
Behar	Lev 25–26:2 (approx)	Sifra, Behar, Section 3 5	Bava Metzia	49b	Bava Metzia 49b:5-6	mesorat hashas
Behar	Lev 25–26:2 (approx)	Sifra, Behar, Section 3 6	Bava Metzia	50a	Bava Metzia 50a:1	mesorat hashas
Behar	Lev 25–26:2 (approx)	Sifra, Behar, Section 3 7-8	Bava Metzia	51b	Bava Metzia 51b:11-52a:2	mesorat hashas
Behar	Lev 25–26:2 (approx)	Sifra, Behar, Section 3 6	Bava Metzia	77b	Bava Metzia 77b:6-7	mesorat hashas
Behar	Lev 25–26:2 (approx)	Sifra, Behar, Chapter 3 3	Kiddushin	58a	Kiddushin 58a:9-10	mesorat hashas
Behar	Lev 25–26:2 (approx)	Sifra, Behar, Chapter 3 4	Niddah	51b	Niddah 51b:12	mesorat hashas
Behar	Lev 25–26:2 (approx)	Sifra, Behar, Chapter 3 5	Pesachim	52a	Pesachim 52a:9	mesorat hashas
Behar	Lev 25–26:2 (approx)	Sifra, Behar, Chapter 3 3	Sukkah	40b	Sukkah 40b:6	mesorat hashas
Behar	Lev 25–26:2 (approx)	Sifra, Behar, Chapter 3 4	Taanit	6b	Taanit 6b:6	mesorat hashas
Behar	Lev 25–26:2 (approx)	Sifra, Behar, Chapter 3 4	Yoma	83b	Yoma 83b:7	mesorat hashas
Behar	Lev 25–26:2 (approx)	Sifra, Behar, Section 4 2	Arakhin	18b	Arakhin 18b:9	mesorat hashas
Behar	Lev 25–26:2 (approx)	Sifra, Behar, Section 4 3	Arakhin	31b	Arakhin 31b:4	mesorat hashas
Behar	Lev 25–26:2 (approx)	Sifra, Behar, Section 4 8	Arakhin	31b	Arakhin 31b:18	mesorat hashas
Behar	Lev 25–26:2 (approx)	Sifra, Behar, Section 4 1	Arakhin	32a	Arakhin 32a:10	mesorat hashas
Behar	Lev 25–26:2 (approx)	Sifra, Behar, Section 4 6	Arakhin	32a	Arakhin 32a:6	mesorat hashas
Behar	Lev 25–26:2 (approx)	Sifra, Behar, Section 4 7	Arakhin	32a	Arakhin 32a:11-12	mesorat hashas
Behar	Lev 25–26:2 (approx)	Sifra, Behar, Section 4 1	Arakhin	32b	Arakhin 32b:5	mesorat hashas
Behar	Lev 25–26:2 (approx)	Sifra, Behar, Section 4 7	Arakhin	32b	Arakhin 32b:8	mesorat hashas
Behar	Lev 25–26:2 (approx)	Sifra, Behar, Section 4 1	Arakhin	33b	Arakhin 33b:1	mesorat hashas
Behar	Lev 25–26:2 (approx)	Sifra, Behar, Chapter 4 4	Bava Metzia	118b	Bava Metzia 118b:7	mesorat hashas
Behar	Lev 25–26:2 (approx)	Sifra, Behar, Chapter 4 2	Bava Metzia	58b	Bava Metzia 58b:6	mesorat hashas
Behar	Lev 25–26:2 (approx)	Sifra, Behar, Section 4 8	Gittin	74b	Gittin 74b:17	mesorat hashas
Behar	Lev 25–26:2 (approx)	Sifra, Behar, Section 4 1	Megillah	10a	Megillah 10a:9	mesorat hashas
Behar	Lev 25–26:2 (approx)	Sifra, Behar, Section 4 7	Megillah	10b	Megillah 10b:3	mesorat hashas
Behar	Lev 25–26:2 (approx)	Sifra, Behar, Section 4 7	Megillah	3b	Megillah 3b:15	mesorat hashas
Behar	Lev 25–26:2 (approx)	Sifra, Behar, Section 4 1	Shevuot	16a	Shevuot 16a:13	mesorat hashas
Behar	Lev 25–26:2 (approx)	Sifra, Behar, Section 4 7	Shevuot	16a	Shevuot 16a:17	mesorat hashas
Behar	Lev 25–26:2 (approx)	Sifra, Behar, Section 4 3	Yoma	64b	Yoma 64b:3	mesorat hashas
Behar	Lev 25–26:2 (approx)	Sifra, Behar, Section 4 4	Yoma	65b	Yoma 65b:8-66a:1	mesorat hashas
Behar	Lev 25–26:2 (approx)	Sifra, Behar, Chapter 5 3	Arakhin	25a	Arakhin 25a:3-4	mesorat hashas
Behar	Lev 25–26:2 (approx)	Sifra, Behar, Chapter 5 1	Arakhin	28a	Arakhin 28a:2	mesorat hashas
Behar	Lev 25–26:2 (approx)	Sifra, Behar, Chapter 5 2	Arakhin	30a	Arakhin 30a:9	mesorat hashas
Behar	Lev 25–26:2 (approx)	Sifra, Behar, Chapter 5 3	Arakhin	30a	Arakhin 30a:7-8	mesorat hashas
Behar	Lev 25–26:2 (approx)	Sifra, Behar, Chapter 5 4	Arakhin	30a	Arakhin 30a:12-13	mesorat hashas
Behar	Lev 25–26:2 (approx)	Sifra, Behar, Chapter 5 2	Arakhin	30b	Arakhin 30b:17-18	mesorat hashas
Behar	Lev 25–26:2 (approx)	Sifra, Behar, Section 5 1	Avodah Zarah	64b	Avodah Zarah 64b:9	mesorat hashas
Behar	Lev 25–26:2 (approx)	Sifra, Behar, Section 5 2	Bava Metzia	60b	Bava Metzia 60b:8-11	mesorat hashas
Behar	Lev 25–26:2 (approx)	Sifra, Behar, Section 5 3	Bava Metzia	62a	Bava Metzia 62a:2	mesorat hashas
Behar	Lev 25–26:2 (approx)	Sifra, Behar, Section 5 2	Bava Metzia	62b	Bava Metzia 62b:11-12	mesorat hashas
Behar	Lev 25–26:2 (approx)	Sifra, Behar, Section 5 2	Bava Metzia	71a	Bava Metzia 71a:20	mesorat hashas
Behar	Lev 25–26:2 (approx)	Sifra, Behar, Chapter 5 2	Kiddushin	21a	Kiddushin 21a:13	mesorat hashas
Behar	Lev 25–26:2 (approx)	Sifra, Behar, Chapter 6 5	Arakhin	26a	Arakhin 26a:4	mesorat hashas
Behar	Lev 25–26:2 (approx)	Sifra, Behar, Chapter 6 2	Arakhin	33a	Arakhin 33a:9-10	mesorat hashas
Behar	Lev 25–26:2 (approx)	Sifra, Behar, Chapter 6 7	Arakhin	33a	Arakhin 33a:15-16	mesorat hashas
Behar	Lev 25–26:2 (approx)	Sifra, Behar, Chapter 6 1	Arakhin	33b	Arakhin 33b:2	mesorat hashas
Behar	Lev 25–26:2 (approx)	Sifra, Behar, Chapter 6 4	Arakhin	33b	Arakhin 33b:16	mesorat hashas
Behar	Lev 25–26:2 (approx)	Sifra, Behar, Chapter 6 8	Arakhin	33b	Arakhin 33b:4-5	mesorat hashas
Behar	Lev 25–26:2 (approx)	Sifra, Behar, Chapter 6 9	Arakhin	33b	Arakhin 33b:12	mesorat hashas
Behar	Lev 25–26:2 (approx)	Sifra, Behar, Section 6 4	Bava Metzia	99b	Bava Metzia 99b:1	mesorat hashas
Behar	Lev 25–26:2 (approx)	Sifra, Behar, Section 6 4	Bekhorot	13a	Bekhorot 13a:15-16	mesorat hashas
Behar	Lev 25–26:2 (approx)	Sifra, Behar, Section 6 5	Ketubot	43a	Ketubot 43a:15	mesorat hashas
Behar	Lev 25–26:2 (approx)	Sifra, Behar, Section 6 5	Kiddushin	16b	Kiddushin 16b:14	mesorat hashas
Behar	Lev 25–26:2 (approx)	Sifra, Behar, Section 6 4	Kiddushin	22b	Kiddushin 22b:7	mesorat hashas
Behar	Lev 25–26:2 (approx)	Sifra, Behar, Section 6 3	Kiddushin	67b	Kiddushin 67b:5	mesorat hashas
Behar	Lev 25–26:2 (approx)	Sifra, Behar, Chapter 6 9	Makkot	12a	Makkot 12a:7	mesorat hashas
Behar	Lev 25–26:2 (approx)	Sifra, Behar, Section 6 4	Sotah	3b	Sotah 3b:6	mesorat hashas
Behar	Lev 25–26:2 (approx)	Sifra, Behar, Section 6 4	Yevamot	78b	Yevamot 78b:3	mesorat hashas
Behar	Lev 25–26:2 (approx)	Sifra, Behar, Chapter 7 3	Arakhin	30b	Arakhin 30b:2	mesorat hashas
Behar	Lev 25–26:2 (approx)	Sifra, Behar, Chapter 7 4	Kiddushin	15a	Kiddushin 15a:14-15	mesorat hashas
Behar	Lev 25–26:2 (approx)	Sifra, Behar, Chapter 7 3	Kiddushin	20a	Kiddushin 20a:14-15	mesorat hashas
Behar	Lev 25–26:2 (approx)	Sifra, Behar, Chapter 7 3	Kiddushin	22a	Kiddushin 22a:10	mesorat hashas
Behar	Lev 25–26:2 (approx)	Sifra, Behar, Chapter 8 1	Avodah Zarah	64b	Avodah Zarah 64b:9	mesorat hashas
Behar	Lev 25–26:2 (approx)	Sifra, Behar, Chapter 8 1	Bava Kamma	113b	Bava Kamma 113b:4	mesorat hashas
Behar	Lev 25–26:2 (approx)	Sifra, Behar, Chapter 8 1	Bava Metzia	71a	Bava Metzia 71a:10	mesorat hashas
Behar	Lev 25–26:2 (approx)	Sifra, Behar, Chapter 8 5	Kiddushin	20a	Kiddushin 20a:10	mesorat hashas
Behar	Lev 25–26:2 (approx)	Sifra, Behar, Chapter 8 3	Kiddushin	21a	Kiddushin 21a:16	mesorat hashas
Behar	Lev 25–26:2 (approx)	Sifra, Behar, Chapter 9 1	Kiddushin	15b	Kiddushin 15b:5	mesorat hashas
Behar	Lev 25–26:2 (approx)	Sifra, Behar, Chapter 9 5	Megillah	22b	Megillah 22b:11	mesorat hashas
Behar	Lev 25–26:2 (approx)	Sifra, Behar, Chapter 9 5	Yevamot	80b	Yevamot 80b:3	mesorat hashas
Emor	Lev 21–24 (approx)	Sifra, Emor, Chapter 1 11	Gittin	81a	Gittin 81a:2	mesorat hashas
Emor	Lev 21–24 (approx)	Sifra, Emor, Chapter 1 1	Kiddushin	36a	Kiddushin 36a:5	mesorat hashas
Emor	Lev 21–24 (approx)	Sifra, Emor, Chapter 1 3	Kiddushin	36a	Kiddushin 36a:6-7	mesorat hashas
Emor	Lev 21–24 (approx)	Sifra, Emor, Chapter 1 4	Kiddushin	36a	Kiddushin 36a:5	mesorat hashas
Emor	Lev 21–24 (approx)	Sifra, Emor, Chapter 1 2-3	Makkot	20a	Makkot 20a:12-13	mesorat hashas
Emor	Lev 21–24 (approx)	Sifra, Emor, Chapter 1 4	Makkot	20a	Makkot 20a:12	mesorat hashas
Emor	Lev 21–24 (approx)	Sifra, Emor, Section 1 13	Nazir	43b	Nazir 43b:4	mesorat hashas
Emor	Lev 21–24 (approx)	Sifra, Emor, Chapter 1 15	Sanhedrin	50b	Sanhedrin 50b:19	mesorat hashas
Emor	Lev 21–24 (approx)	Sifra, Emor, Chapter 1 7	Sanhedrin	51a	Sanhedrin 51a:8-9	mesorat hashas
Emor	Lev 21–24 (approx)	Sifra, Emor, Chapter 1 15	Sanhedrin	51b	Sanhedrin 51b:14	mesorat hashas
Emor	Lev 21–24 (approx)	Sifra, Emor, Chapter 1 18	Sanhedrin	76a	Sanhedrin 76a:18	mesorat hashas
Emor	Lev 21–24 (approx)	Sifra, Emor, Chapter 1 11	Yevamot	118b	Yevamot 118b:10	mesorat hashas
Emor	Lev 21–24 (approx)	Sifra, Emor, Section 1 15	Yevamot	22b	Yevamot 22b:3	mesorat hashas
Emor	Lev 21–24 (approx)	Sifra, Emor, Section 1 11	Yevamot	60a	Yevamot 60a:13-14	mesorat hashas
Emor	Lev 21–24 (approx)	Sifra, Emor, Chapter 1 7	Yevamot	61b	Yevamot 61b:7-8	mesorat hashas
Emor	Lev 21–24 (approx)	Sifra, Emor, Chapter 1 12	Yevamot	84b	Yevamot 84b:15	mesorat hashas
Emor	Lev 21–24 (approx)	Sifra, Emor, Chapter 1 11	Yevamot	87b	Yevamot 87b:9	mesorat hashas
Emor	Lev 21–24 (approx)	Sifra, Emor, Chapter 1 11	Yevamot	88b	Yevamot 88b:18-89a:1	mesorat hashas
Emor	Lev 21–24 (approx)	Sifra, Emor, Chapter 1 13	Yevamot	88b	Yevamot 88b:5	mesorat hashas
Emor	Lev 21–24 (approx)	Sifra, Emor, Section 1 15	Yevamot	90b	Yevamot 90b:13	mesorat hashas
Emor	Lev 21–24 (approx)	Sifra, Emor, Chapter 1 11	Yevamot	92a	Yevamot 92a:14	mesorat hashas
Emor	Lev 21–24 (approx)	Sifra, Emor, Section 1 12	Zevachim	100a	Zevachim 100a:5	mesorat hashas
Emor	Lev 21–24 (approx)	Sifra, Emor, Section 10 10	Eruvin	32a	Eruvin 32a:2-3	mesorat hashas
Emor	Lev 21–24 (approx)	Sifra, Emor, Section 10 11	Kiddushin	38b	Kiddushin 38b:6-7	mesorat hashas
Emor	Lev 21–24 (approx)	Sifra, Emor, Section 10 6	Megillah	3b	Megillah 3b:11-12	mesorat hashas
Emor	Lev 21–24 (approx)	Sifra, Emor, Section 10 10	Menachot	67b	Menachot 67b:5	mesorat hashas
Emor	Lev 21–24 (approx)	Sifra, Emor, Section 10 8	Menachot	89b	Menachot 89b:12	mesorat hashas
Emor	Lev 21–24 (approx)	Sifra, Emor, Section 10 10	Pesachim	10b	Pesachim 10b:20-11a:1	mesorat hashas
Emor	Lev 21–24 (approx)	Sifra, Emor, Chapter 10 5	Rosh Hashanah	20a	Rosh Hashanah 20a:14	mesorat hashas
Emor	Lev 21–24 (approx)	Sifra, Emor, Chapter 10 6-7	Rosh Hashanah	21b	Rosh Hashanah 21b:5-6	mesorat hashas
Emor	Lev 21–24 (approx)	Sifra, Emor, Section 10 10	Rosh Hashanah	30a	Rosh Hashanah 30a:16-17	mesorat hashas
Emor	Lev 21–24 (approx)	Sifra, Emor, Section 10 10	Sukkah	41a	Sukkah 41a:6-7	mesorat hashas
Emor	Lev 21–24 (approx)	Sifra, Emor, Chapter 11 4	Berakhot	61b	Berakhot 61b:14	mesorat hashas
Emor	Lev 21–24 (approx)	Sifra, Emor, Chapter 11 4	Chagigah	13b	Chagigah 13b:8	mesorat hashas
Emor	Lev 21–24 (approx)	Sifra, Emor, Chapter 11 4	Menachot	68a	Menachot 68a:13	mesorat hashas
Emor	Lev 21–24 (approx)	Sifra, Emor, Chapter 11 4	Menachot	97a	Menachot 97a:4	mesorat hashas
Emor	Lev 21–24 (approx)	Sifra, Emor, Chapter 11 4	Moed Katan	4a	Moed Katan 4a:9	mesorat hashas
Emor	Lev 21–24 (approx)	Sifra, Emor, Chapter 11 3	Pesachim	120a	Pesachim 120a:12-13	mesorat hashas
Emor	Lev 21–24 (approx)	Sifra, Emor, Chapter 11 4	Pesachim	120a	Pesachim 120a:14	mesorat hashas
Emor	Lev 21–24 (approx)	Sifra, Emor, Chapter 11 4	Rosh Hashanah	19b	Rosh Hashanah 19b:2	mesorat hashas
Emor	Lev 21–24 (approx)	Sifra, Emor, Section 11 1	Rosh Hashanah	32a	Rosh Hashanah 32a:8-9	mesorat hashas
Emor	Lev 21–24 (approx)	Sifra, Emor, Section 11 2	Rosh Hashanah	32a	Rosh Hashanah 32a:10	mesorat hashas
Emor	Lev 21–24 (approx)	Sifra, Emor, Section 11 3	Rosh Hashanah	32a	Rosh Hashanah 32a:2-3	mesorat hashas
Emor	Lev 21–24 (approx)	Sifra, Emor, Section 11 4	Rosh Hashanah	32a	Rosh Hashanah 32a:2-3	mesorat hashas
Emor	Lev 21–24 (approx)	Sifra, Emor, Section 11 5	Rosh Hashanah	32a	Rosh Hashanah 32a:11-12	mesorat hashas
Emor	Lev 21–24 (approx)	Sifra, Emor, Section 11 6	Rosh Hashanah	33b	Rosh Hashanah 33b:12	mesorat hashas
Emor	Lev 21–24 (approx)	Sifra, Emor, Section 11 7	Rosh Hashanah	33b	Rosh Hashanah 33b:11-12	mesorat hashas
Emor	Lev 21–24 (approx)	Sifra, Emor, Section 11 8	Rosh Hashanah	34a	Rosh Hashanah 34a:2	mesorat hashas
Emor	Lev 21–24 (approx)	Sifra, Emor, Chapter 11 1	Shabbat	82a	Shabbat 82a:8	mesorat hashas
Emor	Lev 21–24 (approx)	Sifra, Emor, Section 11 1-2	Shevuot	4b	Shevuot 4b:11	mesorat hashas
Emor	Lev 21–24 (approx)	Sifra, Emor, Chapter 11 4	Sukkah	43a	Sukkah 43a:5	mesorat hashas
Emor	Lev 21–24 (approx)	Sifra, Emor, Chapter 11 4	Sukkah	44a	Sukkah 44a:1	mesorat hashas
Emor	Lev 21–24 (approx)	Sifra, Emor, Chapter 11 4	Sukkah	46a	Sukkah 46a:3	mesorat hashas
Emor	Lev 21–24 (approx)	Sifra, Emor, Chapter 11 4	Taanit	4b	Taanit 4b:16-17	mesorat hashas
Emor	Lev 21–24 (approx)	Sifra, Emor, Chapter 11 4	Yevamot	6b	Yevamot 6b:3	mesorat hashas
Emor	Lev 21–24 (approx)	Sifra, Emor, Section 11 5	Yevamot	80b	Yevamot 80b:3	mesorat hashas
Emor	Lev 21–24 (approx)	Sifra, Emor, Chapter 12 5	Chullin	90a	Chullin 90a:16	mesorat hashas
Emor	Lev 21–24 (approx)	Sifra, Emor, Chapter 12 1	Menachot	65b	Menachot 65b:10-11	mesorat hashas
Emor	Lev 21–24 (approx)	Sifra, Emor, Chapter 12 3-4	Menachot	66a	Menachot 66a:1-2	mesorat hashas
Emor	Lev 21–24 (approx)	Sifra, Emor, Chapter 12 6	Menachot	66a	Menachot 66a:5-7	mesorat hashas
Emor	Lev 21–24 (approx)	Sifra, Emor, Chapter 13 4	Menachot	45b	Menachot 45b:8	mesorat hashas
Emor	Lev 21–24 (approx)	Sifra, Emor, Chapter 13 9-10	Menachot	45b	Menachot 45b:4-6	mesorat hashas
Emor	Lev 21–24 (approx)	Sifra, Emor, Chapter 13 2	Menachot	52b	Menachot 52b:13-14	mesorat hashas
Emor	Lev 21–24 (approx)	Sifra, Emor, Chapter 13 8	Menachot	62a	Menachot 62a:8	mesorat hashas
Emor	Lev 21–24 (approx)	Sifra, Emor, Chapter 13 1	Menachot	77b	Menachot 77b:12	mesorat hashas
Emor	Lev 21–24 (approx)	Sifra, Emor, Section 13 2	Menachot	86a	Menachot 86a:9-11	mesorat hashas
Emor	Lev 21–24 (approx)	Sifra, Emor, Section 13 3	Menachot	86a	Menachot 86a:9-11	mesorat hashas
Emor	Lev 21–24 (approx)	Sifra, Emor, Section 13 5	Menachot	86a	Menachot 86a:28	mesorat hashas
Emor	Lev 21–24 (approx)	Sifra, Emor, Section 13 6	Menachot	86b	Menachot 86b:2-3	mesorat hashas
Emor	Lev 21–24 (approx)	Sifra, Emor, Section 13 9	Menachot	86b	Menachot 86b:8-9	mesorat hashas
Emor	Lev 21–24 (approx)	Sifra, Emor, Section 13 11	Menachot	89a	Menachot 89a:17	mesorat hashas
Emor	Lev 21–24 (approx)	Sifra, Emor, Section 13 11	Pesachim	59a	Pesachim 59a:3-4	mesorat hashas
Emor	Lev 21–24 (approx)	Sifra, Emor, Chapter 13 8	Pesachim	75b	Pesachim 75b:7	mesorat hashas
Emor	Lev 21–24 (approx)	Sifra, Emor, Chapter 13 8	Shabbat	74b	Shabbat 74b:8	mesorat hashas
Emor	Lev 21–24 (approx)	Sifra, Emor, Section 13 7	Tamid	30b	Tamid 30b:10	mesorat hashas
Emor	Lev 21–24 (approx)	Sifra, Emor, Section 13 7	Tamid	33a	Tamid 33a:8-9	mesorat hashas
Emor	Lev 21–24 (approx)	Sifra, Emor, Chapter 13 8	Yoma	47a	Yoma 47a:5	mesorat hashas
Emor	Lev 21–24 (approx)	Sifra, Emor, Section 13 5	Yoma	8b	Yoma 8b:2	mesorat hashas
Emor	Lev 21–24 (approx)	Sifra, Emor, Section 13 11	Zevachim	11b	Zevachim 11b:30	mesorat hashas
Emor	Lev 21–24 (approx)	Sifra, Emor, Chapter 13 1	Zevachim	57b	Zevachim 57b:3	mesorat hashas
Emor	Lev 21–24 (approx)	Sifra, Emor, Chapter 13 7	Zevachim	6b	Zevachim 6b:8	mesorat hashas
Emor	Lev 21–24 (approx)	Sifra, Emor, Chapter 14 1-2	Keritot	7a	Keritot 7a:12-13	mesorat hashas
Emor	Lev 21–24 (approx)	Sifra, Emor, Chapter 14 5-6	Rosh Hashanah	9a	Rosh Hashanah 9a:5-7	mesorat hashas
Emor	Lev 21–24 (approx)	Sifra, Emor, Section 14 3	Sanhedrin	29a	Sanhedrin 29a:13-14	mesorat hashas
Emor	Lev 21–24 (approx)	Sifra, Emor, Section 14 3	Sanhedrin	55b	Sanhedrin 55b:15-56a:3	mesorat hashas
Emor	Lev 21–24 (approx)	Sifra, Emor, Section 14 5	Sanhedrin	78b	Sanhedrin 78b:7	mesorat hashas
Emor	Lev 21–24 (approx)	Sifra, Emor, Chapter 14 1	Shevuot	13a	Shevuot 13a:9	mesorat hashas
Emor	Lev 21–24 (approx)	Sifra, Emor, Chapter 14 2	Shevuot	13a	Shevuot 13a:9-10	mesorat hashas
Emor	Lev 21–24 (approx)	Sifra, Emor, Chapter 14 8-9	Yoma	81a	Yoma 81a:11-12	mesorat hashas
Emor	Lev 21–24 (approx)	Sifra, Emor, Chapter 14 5-6	Yoma	81b	Yoma 81b:2-3	mesorat hashas
Emor	Lev 21–24 (approx)	Sifra, Emor, Chapter 16 8-9	Menachot	27a	Menachot 27a:11	mesorat hashas
Emor	Lev 21–24 (approx)	Sifra, Emor, Chapter 16 9	Menachot	68a	Menachot 68a:11	mesorat hashas
Emor	Lev 21–24 (approx)	Sifra, Emor, Chapter 16 6	Menachot	84b	Menachot 84b:3	mesorat hashas
Emor	Lev 21–24 (approx)	Sifra, Emor, Chapter 16 9	Rosh Hashanah	30a	Rosh Hashanah 30a:16-17	mesorat hashas
Emor	Lev 21–24 (approx)	Sifra, Emor, Chapter 16 2	Sukkah	27b	Sukkah 27b:4	mesorat hashas
Emor	Lev 21–24 (approx)	Sifra, Emor, Chapter 16 6	Sukkah	33b	Sukkah 33b:17-34a:1	mesorat hashas
Emor	Lev 21–24 (approx)	Sifra, Emor, Chapter 16 7	Sukkah	34b	Sukkah 34b:2	mesorat hashas
Emor	Lev 21–24 (approx)	Sifra, Emor, Chapter 16 8	Sukkah	34b	Sukkah 34b:3	mesorat hashas
Emor	Lev 21–24 (approx)	Sifra, Emor, Chapter 16 9	Sukkah	41a	Sukkah 41a:6-7	mesorat hashas
Emor	Lev 21–24 (approx)	Sifra, Emor, Chapter 16 2	Sukkah	41b	Sukkah 41b:5	mesorat hashas
Emor	Lev 21–24 (approx)	Sifra, Emor, Chapter 16 2	Sukkah	44b	Sukkah 44b:3	mesorat hashas
Emor	Lev 21–24 (approx)	Sifra, Emor, Chapter 17 3	Beitzah	20b	Beitzah 20b:5	mesorat hashas
Emor	Lev 21–24 (approx)	Sifra, Emor, Chapter 17 3	Chagigah	17a	Chagigah 17a:7	mesorat hashas
Emor	Lev 21–24 (approx)	Sifra, Emor, Chapter 17 3	Chagigah	9a	Chagigah 9a:3	mesorat hashas
Emor	Lev 21–24 (approx)	Sifra, Emor, Chapter 17 3	Megillah	5a	Megillah 5a:17	mesorat hashas
Emor	Lev 21–24 (approx)	Sifra, Emor, Chapter 17 13	Menachot	72b	Menachot 72b:8	mesorat hashas
Emor	Lev 21–24 (approx)	Sifra, Emor, Chapter 17 12	Nedarim	78a	Nedarim 78a:9	mesorat hashas
Emor	Lev 21–24 (approx)	Sifra, Emor, Chapter 17 10	Pesachim	27b	Pesachim 27b:9	mesorat hashas
Emor	Lev 21–24 (approx)	Sifra, Emor, Chapter 17 13	Pesachim	77a	Pesachim 77a:3	mesorat hashas
Emor	Lev 21–24 (approx)	Sifra, Emor, Chapter 17 3	Rosh Hashanah	4b	Rosh Hashanah 4b:14	mesorat hashas
Emor	Lev 21–24 (approx)	Sifra, Emor, Chapter 17 11	Sukkah	11b	Sukkah 11b:15	related
Emor	Lev 21–24 (approx)	Sifra, Emor, Chapter 17 9	Sukkah	28a	Sukkah 28a:10	mesorat hashas
Emor	Lev 21–24 (approx)	Sifra, Emor, Chapter 17 10	Sukkah	36b	Sukkah 36b:10-11	mesorat hashas
Emor	Lev 21–24 (approx)	Sifra, Emor, Chapter 17 11	Sukkah	37a	Sukkah 37a:1	mesorat hashas
Emor	Lev 21–24 (approx)	Sifra, Emor, Chapter 17 4	Sukkah	9b	Sukkah 9b:1	mesorat hashas
Emor	Lev 21–24 (approx)	Sifra, Emor, Chapter 17 3	Yoma	3a	Yoma 3a:2	mesorat hashas
Emor	Lev 21–24 (approx)	Sifra, Emor, Chapter 18 10	Menachot	63a	Menachot 63a:13	mesorat hashas
Emor	Lev 21–24 (approx)	Sifra, Emor, Chapter 18 10	Menachot	95b	Menachot 95b:3	mesorat hashas
Emor	Lev 21–24 (approx)	Sifra, Emor, Chapter 18 4	Menachot	96a	Menachot 96a:12	mesorat hashas
Emor	Lev 21–24 (approx)	Sifra, Emor, Chapter 18 8	Menachot	96a	Menachot 96a:13-14	mesorat hashas
Emor	Lev 21–24 (approx)	Sifra, Emor, Chapter 18 5	Yevamot	86a	Yevamot 86a:5	mesorat hashas
Emor	Lev 21–24 (approx)	Sifra, Emor, Chapter 19 5	Sanhedrin	56a	Sanhedrin 56a:17-18	mesorat hashas
Emor	Lev 21–24 (approx)	Sifra, Emor, Chapter 19 5	Shevuot	36a	Shevuot 36a:16	mesorat hashas
Emor	Lev 21–24 (approx)	Sifra, Emor, Section 2 6	Horayot	12a	Horayot 12a:19	mesorat hashas
Emor	Lev 21–24 (approx)	Sifra, Emor, Section 2 2	Horayot	12b	Horayot 12b:9	mesorat hashas
Emor	Lev 21–24 (approx)	Sifra, Emor, Section 2 3	Horayot	12b	Horayot 12b:18	mesorat hashas
Emor	Lev 21–24 (approx)	Sifra, Emor, Section 2 1	Horayot	9a	Horayot 9a:2	mesorat hashas
Emor	Lev 21–24 (approx)	Sifra, Emor, Chapter 2 7	Jerusalem Talmud Sotah	18a	Jerusalem Talmud Sotah 18a:3	unknown
Emor	Lev 21–24 (approx)	Sifra, Emor, Chapter 2 7	Kiddushin	77a	Kiddushin 77a:9-10	mesorat hashas
Emor	Lev 21–24 (approx)	Sifra, Emor, Chapter 2 8	Kiddushin	77a	Kiddushin 77a:1	mesorat hashas
Emor	Lev 21–24 (approx)	Sifra, Emor, Chapter 2 8	Kiddushin	78a	Kiddushin 78a:10	mesorat hashas
Emor	Lev 21–24 (approx)	Sifra, Emor, Section 2 6	Megillah	9b	Megillah 9b:10	mesorat hashas
Emor	Lev 21–24 (approx)	Sifra, Emor, Section 2 4	Nazir	44a	Nazir 44a:8	mesorat hashas
Emor	Lev 21–24 (approx)	Sifra, Emor, Chapter 2 6	Yevamot	61a	Yevamot 61a:6	mesorat hashas
Emor	Lev 21–24 (approx)	Sifra, Emor, Section 2 2	Yoma	5a	Yoma 5a:10	mesorat hashas
Emor	Lev 21–24 (approx)	Sifra, Emor, Section 2 2	Yoma	73a	Yoma 73a:1	mesorat hashas
Emor	Lev 21–24 (approx)	Sifra, Emor, Chapter 20 7	Bava Kamma	83b	Bava Kamma 83b:2	mesorat hashas
Emor	Lev 21–24 (approx)	Sifra, Emor, Chapter 20 3	Bava Kamma	90a	Bava Kamma 90a:14	mesorat hashas
Emor	Lev 21–24 (approx)	Sifra, Emor, Chapter 20 7	Bava Kamma	92a	Bava Kamma 92a:5	mesorat hashas
Emor	Lev 21–24 (approx)	Sifra, Emor, Chapter 20 6	Chullin	88b	Chullin 88b:2	mesorat hashas
Emor	Lev 21–24 (approx)	Sifra, Emor, Chapter 20 6	Menachot	25b	Menachot 25b:13	mesorat hashas
Emor	Lev 21–24 (approx)	Sifra, Emor, Chapter 20 6	Niddah	40b	Niddah 40b:6-41a:1	mesorat hashas
Emor	Lev 21–24 (approx)	Sifra, Emor, Chapter 20 9	Sanhedrin	32a	Sanhedrin 32a:1-2	mesorat hashas
Emor	Lev 21–24 (approx)	Sifra, Emor, Chapter 20 8	Sanhedrin	84b	Sanhedrin 84b:8	mesorat hashas
Emor	Lev 21–24 (approx)	Sifra, Emor, Chapter 20 6	Yoma	42b	Yoma 42b:4-5	mesorat hashas
Emor	Lev 21–24 (approx)	Sifra, Emor, Chapter 20 6	Zevachim	27b	Zevachim 27b:6-7	mesorat hashas
Emor	Lev 21–24 (approx)	Sifra, Emor, Chapter 20 6	Zevachim	39b	Zevachim 39b:1-2	mesorat hashas
Emor	Lev 21–24 (approx)	Sifra, Emor, Chapter 20 6	Zevachim	84a	Zevachim 84a:14-84b:1	mesorat hashas
Emor	Lev 21–24 (approx)	Sifra, Emor, Section 3 5	Avodah Zarah	64a	Avodah Zarah 64a:3	mesorat hashas
Emor	Lev 21–24 (approx)	Sifra, Emor, Section 3 12	Bava Batra	124b	Bava Batra 124b:16	mesorat hashas
Emor	Lev 21–24 (approx)	Sifra, Emor, Section 3 12	Bava Kamma	43a	Bava Kamma 43a:6	mesorat hashas
Emor	Lev 21–24 (approx)	Sifra, Emor, Section 3 2	Beitzah	27b	Beitzah 27b:3	mesorat hashas
Emor	Lev 21–24 (approx)	Sifra, Emor, Section 3 12	Bekhorot	43b	Bekhorot 43b:13	mesorat hashas
Emor	Lev 21–24 (approx)	Sifra, Emor, Section 3 14	Bekhorot	43b	Bekhorot 43b:17	mesorat hashas
Emor	Lev 21–24 (approx)	Sifra, Emor, Section 3 8	Bekhorot	43b	Bekhorot 43b:18-44a:1	mesorat hashas
Emor	Lev 21–24 (approx)	Sifra, Emor, Section 3 6	Bekhorot	44a	Bekhorot 44a:5	mesorat hashas
Emor	Lev 21–24 (approx)	Sifra, Emor, Section 3 15	Bekhorot	44b	Bekhorot 44b:14	mesorat hashas
Emor	Lev 21–24 (approx)	Sifra, Emor, Section 3 11	Bekhorot	45a	Bekhorot 45a:1-2	mesorat hashas
Emor	Lev 21–24 (approx)	Sifra, Emor, Chapter 3 2	Bekhorot	45b	Bekhorot 45b:5	mesorat hashas
Emor	Lev 21–24 (approx)	Sifra, Emor, Chapter 3 3	Bekhorot	45b	Bekhorot 45b:5	mesorat hashas
Emor	Lev 21–24 (approx)	Sifra, Emor, Chapter 3 4	Bekhorot	45b	Bekhorot 45b:5	mesorat hashas
Emor	Lev 21–24 (approx)	Sifra, Emor, Chapter 3 5	Bekhorot	45b	Bekhorot 45b:5	mesorat hashas
Emor	Lev 21–24 (approx)	Sifra, Emor, Chapter 3 7	Bekhorot	45b	Bekhorot 45b:5	mesorat hashas
Emor	Lev 21–24 (approx)	Sifra, Emor, Section 3 1	Chullin	24b	Chullin 24b:8	mesorat hashas
Emor	Lev 21–24 (approx)	Sifra, Emor, Section 3 4	Meilah	10a	Meilah 10a:6	mesorat hashas
Emor	Lev 21–24 (approx)	Sifra, Emor, Section 3 4	Menachot	12b	Menachot 12b:2	mesorat hashas
Emor	Lev 21–24 (approx)	Sifra, Emor, Section 3 3	Menachot	20a	Menachot 20a:8-9	mesorat hashas
Emor	Lev 21–24 (approx)	Sifra, Emor, Section 3 4	Menachot	20a	Menachot 20a:11	mesorat hashas
Emor	Lev 21–24 (approx)	Sifra, Emor, Section 3 4	Menachot	21b	Menachot 21b:4	mesorat hashas
Emor	Lev 21–24 (approx)	Sifra, Emor, Section 3 4	Menachot	26b	Menachot 26b:13	mesorat hashas
Emor	Lev 21–24 (approx)	Sifra, Emor, Section 3 5	Moed Katan	2b	Moed Katan 2b:13-14	mesorat hashas
Emor	Lev 21–24 (approx)	Sifra, Emor, Section 3 4	Shevuot	11a	Shevuot 11a:5	mesorat hashas
Emor	Lev 21–24 (approx)	Sifra, Emor, Chapter 3 8	Zevachim	101b	Zevachim 101b:16-17	mesorat hashas
Emor	Lev 21–24 (approx)	Sifra, Emor, Section 3 5	Zevachim	102a	Zevachim 102a:22	mesorat hashas
Emor	Lev 21–24 (approx)	Sifra, Emor, Section 3 4	Zevachim	109a	Zevachim 109a:3-4	mesorat hashas
Emor	Lev 21–24 (approx)	Sifra, Emor, Section 3 4	Zevachim	42a	Zevachim 42a:4	mesorat hashas
Emor	Lev 21–24 (approx)	Sifra, Emor, Section 3 4	Zevachim	43a	Zevachim 43a:6	mesorat hashas
Emor	Lev 21–24 (approx)	Sifra, Emor, Section 3 4	Zevachim	44a	Zevachim 44a:11	mesorat hashas
Emor	Lev 21–24 (approx)	Sifra, Emor, Section 4 3	Bava Batra	120a	Bava Batra 120a:7	mesorat hashas
Emor	Lev 21–24 (approx)	Sifra, Emor, Chapter 4 8	Berakhot	2a	Berakhot 2a:13	mesorat hashas
Emor	Lev 21–24 (approx)	Sifra, Emor, Chapter 4 12	Chullin	100b	Chullin 100b:4-5	mesorat hashas
Emor	Lev 21–24 (approx)	Sifra, Emor, Section 4 1	Chullin	117a	Chullin 117a:1	mesorat hashas
Emor	Lev 21–24 (approx)	Sifra, Emor, Chapter 4 17	Kiddushin	4a	Kiddushin 4a:13	mesorat hashas
Emor	Lev 21–24 (approx)	Sifra, Emor, Section 4 1	Meilah	10a	Meilah 10a:8	mesorat hashas
Emor	Lev 21–24 (approx)	Sifra, Emor, Section 4 5	Meilah	10a	Meilah 10a:6	mesorat hashas
Emor	Lev 21–24 (approx)	Sifra, Emor, Section 4 7	Meilah	10b	Meilah 10b:4-5	mesorat hashas
Emor	Lev 21–24 (approx)	Sifra, Emor, Section 4 1	Meilah	15a	Meilah 15a:1	mesorat hashas
Emor	Lev 21–24 (approx)	Sifra, Emor, Section 4 1	Meilah	6b	Meilah 6b:2	mesorat hashas
Emor	Lev 21–24 (approx)	Sifra, Emor, Section 4 1	Meilah	7b	Meilah 7b:12-13	mesorat hashas
Emor	Lev 21–24 (approx)	Sifra, Emor, Section 4 1	Meilah	9a	Meilah 9a:7	mesorat hashas
Emor	Lev 21–24 (approx)	Sifra, Emor, Section 4 5	Menachot	12b	Menachot 12b:2	mesorat hashas
Emor	Lev 21–24 (approx)	Sifra, Emor, Section 4 5	Menachot	21b	Menachot 21b:4	mesorat hashas
Emor	Lev 21–24 (approx)	Sifra, Emor, Section 4 5	Menachot	26b	Menachot 26b:13	mesorat hashas
Emor	Lev 21–24 (approx)	Sifra, Emor, Chapter 4 12	Niddah	42b	Niddah 42b:15-16	mesorat hashas
Emor	Lev 21–24 (approx)	Sifra, Emor, Section 4 5	Shevuot	11a	Shevuot 11a:5	mesorat hashas
Emor	Lev 21–24 (approx)	Sifra, Emor, Section 4 1	Temurah	2b	Temurah 2b:9	mesorat hashas
Emor	Lev 21–24 (approx)	Sifra, Emor, Section 4 1	Temurah	31a	Temurah 31a:14	mesorat hashas
Emor	Lev 21–24 (approx)	Sifra, Emor, Chapter 4 17	Yevamot	70a	Yevamot 70a:19-20	mesorat hashas
Emor	Lev 21–24 (approx)	Sifra, Emor, Chapter 4 18	Yevamot	70a	Yevamot 70a:15	mesorat hashas
Emor	Lev 21–24 (approx)	Sifra, Emor, Section 4 1	Yevamot	70a	Yevamot 70a:18	mesorat hashas
Emor	Lev 21–24 (approx)	Sifra, Emor, Chapter 4 18	Yevamot	71a	Yevamot 71a:5	mesorat hashas
Emor	Lev 21–24 (approx)	Sifra, Emor, Chapter 4 5	Yevamot	73b	Yevamot 73b:6	mesorat hashas
Emor	Lev 21–24 (approx)	Sifra, Emor, Section 4 1	Yevamot	74a	Yevamot 74a:11	mesorat hashas
Emor	Lev 21–24 (approx)	Sifra, Emor, Section 4 5	Zevachim	109a	Zevachim 109a:4	mesorat hashas
Emor	Lev 21–24 (approx)	Sifra, Emor, Section 4 5	Zevachim	42a	Zevachim 42a:4	mesorat hashas
Emor	Lev 21–24 (approx)	Sifra, Emor, Section 4 5	Zevachim	43a	Zevachim 43a:6	mesorat hashas
Emor	Lev 21–24 (approx)	Sifra, Emor, Chapter 4 16	Zevachim	43b	Zevachim 43b:12	mesorat hashas
Emor	Lev 21–24 (approx)	Sifra, Emor, Section 4 3	Zevachim	43b	Zevachim 43b:11-12	mesorat hashas
Emor	Lev 21–24 (approx)	Sifra, Emor, Section 4 8	Zevachim	43b	Zevachim 43b:8	mesorat hashas
Emor	Lev 21–24 (approx)	Sifra, Emor, Section 4 5	Zevachim	44a	Zevachim 44a:5	mesorat hashas
Emor	Lev 21–24 (approx)	Sifra, Emor, Section 4 1	Zevachim	45a	Zevachim 45a:2	mesorat hashas
Emor	Lev 21–24 (approx)	Sifra, Emor, Section 4 5	Zevachim	45b	Zevachim 45b:8	mesorat hashas
Emor	Lev 21–24 (approx)	Sifra, Emor, Chapter 4 12	Zevachim	69b	Zevachim 69b:17	mesorat hashas
Emor	Lev 21–24 (approx)	Sifra, Emor, Chapter 4 17	Zevachim	82b	Zevachim 82b:11	mesorat hashas
Emor	Lev 21–24 (approx)	Sifra, Emor, Section 5 4-5	Gittin	43a	Gittin 43a:3-5	mesorat hashas
Emor	Lev 21–24 (approx)	Sifra, Emor, Chapter 5 3	Kiddushin	4a	Kiddushin 4a:5-6	mesorat hashas
Emor	Lev 21–24 (approx)	Sifra, Emor, Chapter 5 4	Kiddushin	4a	Kiddushin 4a:6	mesorat hashas
Emor	Lev 21–24 (approx)	Sifra, Emor, Chapter 5 3	Sanhedrin	64b	Sanhedrin 64b:8	mesorat hashas
Emor	Lev 21–24 (approx)	Sifra, Emor, Chapter 5 4	Sanhedrin	64b	Sanhedrin 64b:8	mesorat hashas
Emor	Lev 21–24 (approx)	Sifra, Emor, Chapter 5 4	Yevamot	107b	Yevamot 107b:16	mesorat hashas
Emor	Lev 21–24 (approx)	Sifra, Emor, Section 5 1	Yevamot	66a	Yevamot 66a:7-8	mesorat hashas
Emor	Lev 21–24 (approx)	Sifra, Emor, Chapter 5 3	Yevamot	69b	Yevamot 69b:4	mesorat hashas
Emor	Lev 21–24 (approx)	Sifra, Emor, Chapter 5 4	Yevamot	69b	Yevamot 69b:2	mesorat hashas
Emor	Lev 21–24 (approx)	Sifra, Emor, Chapter 5 5	Yevamot	69b	Yevamot 69b:2	mesorat hashas
Emor	Lev 21–24 (approx)	Sifra, Emor, Section 5 10	Yevamot	69b	Yevamot 69b:3	mesorat hashas
Emor	Lev 21–24 (approx)	Sifra, Emor, Section 5 5	Zevachim	107b	Zevachim 107b:21	mesorat hashas
Emor	Lev 21–24 (approx)	Sifra, Emor, Section 6 1	Bava Batra	120a	Bava Batra 120a:7	mesorat hashas
Emor	Lev 21–24 (approx)	Sifra, Emor, Section 6 1	Meilah	6b	Meilah 6b:2-3	mesorat hashas
Emor	Lev 21–24 (approx)	Sifra, Emor, Chapter 6 4	Meilah	9b	Meilah 9b:5	mesorat hashas
Emor	Lev 21–24 (approx)	Sifra, Emor, Section 6 1	Menachot	47b	Menachot 47b:1-2	mesorat hashas
Emor	Lev 21–24 (approx)	Sifra, Emor, Section 6 1	Shevuot	16b	Shevuot 16b:2	mesorat hashas
Emor	Lev 21–24 (approx)	Sifra, Emor, Section 6 1	Temurah	28b	Temurah 28b:11-12	mesorat hashas
Emor	Lev 21–24 (approx)	Sifra, Emor, Chapter 6 1	Yevamot	87a	Yevamot 87a:12-15	mesorat hashas
Emor	Lev 21–24 (approx)	Sifra, Emor, Section 6 1	Zevachim	43a	Zevachim 43a:2	mesorat hashas
Emor	Lev 21–24 (approx)	Sifra, Emor, Section 6 1	Zevachim	90a	Zevachim 90a:1	mesorat hashas
Emor	Lev 21–24 (approx)	Sifra, Emor, Section 7 10	Bekhorot	33b	Bekhorot 33b:5	mesorat hashas
Emor	Lev 21–24 (approx)	Sifra, Emor, Section 7 12	Bekhorot	39a	Bekhorot 39a:9-10	mesorat hashas
Emor	Lev 21–24 (approx)	Sifra, Emor, Chapter 7 9	Bekhorot	39b	Bekhorot 39b:7	mesorat hashas
Emor	Lev 21–24 (approx)	Sifra, Emor, Section 7 13	Bekhorot	43a	Bekhorot 43a:7	mesorat hashas
Emor	Lev 21–24 (approx)	Sifra, Emor, Chapter 7 3	Chullin	24a	Chullin 24a:10	mesorat hashas
Emor	Lev 21–24 (approx)	Sifra, Emor, Chapter 7 9	Kiddushin	25b	Kiddushin 25b:2	mesorat hashas
Emor	Lev 21–24 (approx)	Sifra, Emor, Section 7 10	Menachot	56a	Menachot 56a:19-20	mesorat hashas
Emor	Lev 21–24 (approx)	Sifra, Emor, Section 7 2	Menachot	73b	Menachot 73b:6-9	mesorat hashas
Emor	Lev 21–24 (approx)	Sifra, Emor, Section 7 10	Pesachim	11a	Pesachim 11a:20-21	mesorat hashas
Emor	Lev 21–24 (approx)	Sifra, Emor, Chapter 7 7-8	Pesachim	42a	Pesachim 42a:1-2	mesorat hashas
Emor	Lev 21–24 (approx)	Sifra, Emor, Chapter 7 2	Sotah	46a	Sotah 46a:8	mesorat hashas
Emor	Lev 21–24 (approx)	Sifra, Emor, Chapter 7 3	Sotah	46a	Sotah 46a:2	mesorat hashas
Emor	Lev 21–24 (approx)	Sifra, Emor, Section 7 3-4	Temurah	6b	Temurah 6b:10	mesorat hashas
Emor	Lev 21–24 (approx)	Sifra, Emor, Chapter 7 6	Temurah	7b	Temurah 7b:2	mesorat hashas
Emor	Lev 21–24 (approx)	Sifra, Emor, Chapter 7 7-8	Temurah	7b	Temurah 7b:4-5	mesorat hashas
Emor	Lev 21–24 (approx)	Sifra, Emor, Chapter 7 11	Yevamot	3b	Yevamot 3b:9	mesorat hashas
Emor	Lev 21–24 (approx)	Sifra, Emor, Chapter 7 11	Yevamot	46b	Yevamot 46b:17-47a:1	mesorat hashas
Emor	Lev 21–24 (approx)	Sifra, Emor, Chapter 7 11	Zevachim	102a	Zevachim 102a:21	mesorat hashas
Emor	Lev 21–24 (approx)	Sifra, Emor, Section 7 3	Zevachim	102a	Zevachim 102a:22	mesorat hashas
Emor	Lev 21–24 (approx)	Sifra, Emor, Section 7 2	Zevachim	99b	Zevachim 99b:13-14	mesorat hashas
Emor	Lev 21–24 (approx)	Sifra, Emor, Chapter 8 8	Avodah Zarah	5b	Avodah Zarah 5b:6-7	mesorat hashas
Emor	Lev 21–24 (approx)	Sifra, Emor, Section 8 3	Bava Kamma	81b	Bava Kamma 81b:22	mesorat hashas
Emor	Lev 21–24 (approx)	Sifra, Emor, Section 8 3	Bekhorot	57a	Bekhorot 57a:7-8	mesorat hashas
Emor	Lev 21–24 (approx)	Sifra, Emor, Section 8 3	Chullin	38a	Chullin 38a:17-38b:1	mesorat hashas
Emor	Lev 21–24 (approx)	Sifra, Emor, Chapter 8 1	Chullin	78b	Chullin 78b:11	mesorat hashas
Emor	Lev 21–24 (approx)	Sifra, Emor, Section 8 11	Chullin	78b	Chullin 78b:8	mesorat hashas
Emor	Lev 21–24 (approx)	Sifra, Emor, Section 8 12	Chullin	78b	Chullin 78b:9-10	mesorat hashas
Emor	Lev 21–24 (approx)	Sifra, Emor, Chapter 8 6	Chullin	81b	Chullin 81b:4-5	mesorat hashas
Emor	Lev 21–24 (approx)	Sifra, Emor, Chapter 8 2-3	Chullin	82a	Chullin 82a:13-14	mesorat hashas
Emor	Lev 21–24 (approx)	Sifra, Emor, Chapter 8 8-9	Chullin	83a	Chullin 83a:6-8	mesorat hashas
Emor	Lev 21–24 (approx)	Sifra, Emor, Chapter 8 9	Chullin	83a	Chullin 83a:15	mesorat hashas
Emor	Lev 21–24 (approx)	Sifra, Emor, Chapter 8 7-8	Chullin	83b	Chullin 83b:1	mesorat hashas
Emor	Lev 21–24 (approx)	Sifra, Emor, Chapter 8 6	Chullin	85a	Chullin 85a:7-8	mesorat hashas
Emor	Lev 21–24 (approx)	Sifra, Emor, Chapter 8 9	Eruvin	81b	Eruvin 81b:4-5	mesorat hashas
Emor	Lev 21–24 (approx)	Sifra, Emor, Chapter 8 3	Keritot	15a	Keritot 15a:1	mesorat hashas
Emor	Lev 21–24 (approx)	Sifra, Emor, Section 8 3	Pesachim	73b	Pesachim 73b:12	mesorat hashas
Emor	Lev 21–24 (approx)	Sifra, Emor, Section 8 3	Yoma	44b	Yoma 44b:13	mesorat hashas
Emor	Lev 21–24 (approx)	Sifra, Emor, Section 9 8	Chullin	101b	Chullin 101b:2	mesorat hashas
Emor	Lev 21–24 (approx)	Sifra, Emor, Chapter 9 5	Shabbat	32a	Shabbat 32a:4	mesorat hashas
Emor	Lev 21–24 (approx)	Sifra, Emor, Chapter 9 5	Taanit	18b	Taanit 18b:8	mesorat hashas
Kedoshim	Lev 19–20 (approx)	Sifra, Kedoshim, Section 1 10	Jerusalem Talmud Bava Metsia	9b	Jerusalem Talmud Bava Metsia 9b:1	unknown
Kedoshim	Lev 19–20 (approx)	Sifra, Kedoshim, Section 1 8-9	Keritot	28a	Keritot 28a:27-29	mesorat hashas
Kedoshim	Lev 19–20 (approx)	Sifra, Kedoshim, Section 1 5-6	Kiddushin	30b	Kiddushin 30b:18-19	mesorat hashas
Kedoshim	Lev 19–20 (approx)	Sifra, Kedoshim, Section 1 10	Kiddushin	31b	Kiddushin 31b:14	mesorat hashas
Kedoshim	Lev 19–20 (approx)	Sifra, Kedoshim, Section 1 5	Kiddushin	32a	Kiddushin 32a:2	mesorat hashas
Kedoshim	Lev 19–20 (approx)	Sifra, Kedoshim, Chapter 1 7	Niddah	50a	Niddah 50a:11	mesorat hashas
Kedoshim	Lev 19–20 (approx)	Sifra, Kedoshim, Chapter 1 7	Pesachim	56b	Pesachim 56b:7	mesorat hashas
Kedoshim	Lev 19–20 (approx)	Sifra, Kedoshim, Section 1 8	Pesachim	57b	Pesachim 57b:2	mesorat hashas
Kedoshim	Lev 19–20 (approx)	Sifra, Kedoshim, Chapter 1 10	Shabbat	23a	Shabbat 23a:11	mesorat hashas
Kedoshim	Lev 19–20 (approx)	Sifra, Kedoshim, Chapter 1 7	Shabbat	68a	Shabbat 68a:5	mesorat hashas
Kedoshim	Lev 19–20 (approx)	Sifra, Kedoshim, Chapter 10 11	Bava Metzia	60b	Bava Metzia 60b:19	mesorat hashas
Kedoshim	Lev 19–20 (approx)	Sifra, Kedoshim, Chapter 10 5	Bava Metzia	94b	Bava Metzia 94b:24-95a:1	mesorat hashas
Kedoshim	Lev 19–20 (approx)	Sifra, Kedoshim, Chapter 10 5	Chullin	78b	Chullin 78b:5-6	mesorat hashas
Kedoshim	Lev 19–20 (approx)	Sifra, Kedoshim, Chapter 10 11	Keritot	22b	Keritot 22b:4-5	mesorat hashas
Kedoshim	Lev 19–20 (approx)	Sifra, Kedoshim, Chapter 10 8	Sanhedrin	52a	Sanhedrin 52a:6	mesorat hashas
Kedoshim	Lev 19–20 (approx)	Sifra, Kedoshim, Chapter 10 8	Sanhedrin	52b	Sanhedrin 52b:21	mesorat hashas
Kedoshim	Lev 19–20 (approx)	Sifra, Kedoshim, Chapter 10 9	Sanhedrin	53b	Sanhedrin 53b:7	mesorat hashas
Kedoshim	Lev 19–20 (approx)	Sifra, Kedoshim, Chapter 10 10	Sanhedrin	54a	Sanhedrin 54a:3	mesorat hashas
Kedoshim	Lev 19–20 (approx)	Sifra, Kedoshim, Chapter 10 10	Sanhedrin	54a	Sanhedrin 54a:31	mesorat hashas
Kedoshim	Lev 19–20 (approx)	Sifra, Kedoshim, Chapter 10 11	Sanhedrin	54a	Sanhedrin 54a:29-31	mesorat hashas
Kedoshim	Lev 19–20 (approx)	Sifra, Kedoshim, Chapter 10 11	Sanhedrin	54a	Sanhedrin 54a:3	mesorat hashas
Kedoshim	Lev 19–20 (approx)	Sifra, Kedoshim, Chapter 10 10	Sanhedrin	66a	Sanhedrin 66a:11	mesorat hashas
Kedoshim	Lev 19–20 (approx)	Sifra, Kedoshim, Chapter 10 11	Sanhedrin	66a	Sanhedrin 66a:11	mesorat hashas
Kedoshim	Lev 19–20 (approx)	Sifra, Kedoshim, Chapter 10 5	Sanhedrin	66a	Sanhedrin 66a:9	mesorat hashas
Kedoshim	Lev 19–20 (approx)	Sifra, Kedoshim, Chapter 10 7	Sanhedrin	66a	Sanhedrin 66a:11-12	mesorat hashas
Kedoshim	Lev 19–20 (approx)	Sifra, Kedoshim, Chapter 10 13-14	Sanhedrin	75a	Sanhedrin 75a:15-17	mesorat hashas
Kedoshim	Lev 19–20 (approx)	Sifra, Kedoshim, Chapter 10 9	Sanhedrin	75b	Sanhedrin 75b:10	mesorat hashas
Kedoshim	Lev 19–20 (approx)	Sifra, Kedoshim, Chapter 10 15	Sanhedrin	76b	Sanhedrin 76b:5	mesorat hashas
Kedoshim	Lev 19–20 (approx)	Sifra, Kedoshim, Chapter 10 5	Sanhedrin	85b	Sanhedrin 85b:8-9	mesorat hashas
Kedoshim	Lev 19–20 (approx)	Sifra, Kedoshim, Chapter 10 11	Shabbat	69a	Shabbat 69a:1	mesorat hashas
Kedoshim	Lev 19–20 (approx)	Sifra, Kedoshim, Chapter 10 5	Shevuot	27a	Shevuot 27a:15-27b:1	mesorat hashas
Kedoshim	Lev 19–20 (approx)	Sifra, Kedoshim, Chapter 10 6	Shevuot	35b	Shevuot 35b:24	mesorat hashas
Kedoshim	Lev 19–20 (approx)	Sifra, Kedoshim, Chapter 10 6	Shevuot	36a	Shevuot 36a:18	mesorat hashas
Kedoshim	Lev 19–20 (approx)	Sifra, Kedoshim, Chapter 10 6	Sotah	38a	Sotah 38a:2	mesorat hashas
Kedoshim	Lev 19–20 (approx)	Sifra, Kedoshim, Chapter 10 9	Yevamot	22b	Yevamot 22b:12	mesorat hashas
Kedoshim	Lev 19–20 (approx)	Sifra, Kedoshim, Chapter 10 13	Yevamot	2a	Yevamot 2a:2	mesorat hashas
Kedoshim	Lev 19–20 (approx)	Sifra, Kedoshim, Chapter 10 13	Yevamot	40b	Yevamot 40b:1	mesorat hashas
Kedoshim	Lev 19–20 (approx)	Sifra, Kedoshim, Chapter 10 15	Yevamot	94b	Yevamot 94b:9	mesorat hashas
Kedoshim	Lev 19–20 (approx)	Sifra, Kedoshim, Chapter 10 12	Yevamot	97a	Yevamot 97a:9	mesorat hashas
Kedoshim	Lev 19–20 (approx)	Sifra, Kedoshim, Chapter 11 7	Bava Kamma	91b	Bava Kamma 91b:20	mesorat hashas
Kedoshim	Lev 19–20 (approx)	Sifra, Kedoshim, Chapter 11 8	Berakhot	63b	Berakhot 63b:6	mesorat hashas
Kedoshim	Lev 19–20 (approx)	Sifra, Kedoshim, Chapter 11 10	Makkot	5b	Makkot 5b:11	mesorat hashas
Kedoshim	Lev 19–20 (approx)	Sifra, Kedoshim, Chapter 11 12	Makkot	5b	Makkot 5b:11	mesorat hashas
Kedoshim	Lev 19–20 (approx)	Sifra, Kedoshim, Chapter 11 3	Sanhedrin	54a	Sanhedrin 54a:3	mesorat hashas
Kedoshim	Lev 19–20 (approx)	Sifra, Kedoshim, Chapter 11 3	Sanhedrin	54a	Sanhedrin 54a:31	mesorat hashas
Kedoshim	Lev 19–20 (approx)	Sifra, Kedoshim, Chapter 11 5	Sanhedrin	54a	Sanhedrin 54a:28	mesorat hashas
Kedoshim	Lev 19–20 (approx)	Sifra, Kedoshim, Chapter 11 1	Sanhedrin	54b	Sanhedrin 54b:4-5	mesorat hashas
Kedoshim	Lev 19–20 (approx)	Sifra, Kedoshim, Chapter 11 2	Sanhedrin	54b	Sanhedrin 54b:2	mesorat hashas
Kedoshim	Lev 19–20 (approx)	Sifra, Kedoshim, Chapter 11 6	Sanhedrin	55a	Sanhedrin 55a:13	mesorat hashas
Kedoshim	Lev 19–20 (approx)	Sifra, Kedoshim, Chapter 11 3	Sanhedrin	66a	Sanhedrin 66a:11	mesorat hashas
Kedoshim	Lev 19–20 (approx)	Sifra, Kedoshim, Chapter 11 13	Yevamot	23a	Yevamot 23a:3	mesorat hashas
Kedoshim	Lev 19–20 (approx)	Sifra, Kedoshim, Chapter 11 12	Yevamot	54b	Yevamot 54b:13	mesorat hashas
Kedoshim	Lev 19–20 (approx)	Sifra, Kedoshim, Chapter 11 12	Yevamot	97b	Yevamot 97b:10	mesorat hashas
Kedoshim	Lev 19–20 (approx)	Sifra, Kedoshim, Chapter 12 4	Bava Batra	110b	Bava Batra 110b:9	mesorat hashas
Kedoshim	Lev 19–20 (approx)	Sifra, Kedoshim, Chapter 12 6	Bava Batra	110b	Bava Batra 110b:9	mesorat hashas
Kedoshim	Lev 19–20 (approx)	Sifra, Kedoshim, Chapter 12 8	Bava Batra	110b	Bava Batra 110b:9	mesorat hashas
Kedoshim	Lev 19–20 (approx)	Sifra, Kedoshim, Chapter 12 11	Keritot	22b	Keritot 22b:4-5	mesorat hashas
Kedoshim	Lev 19–20 (approx)	Sifra, Kedoshim, Chapter 12 4	Ketubot	69b	Ketubot 69b:6	mesorat hashas
Kedoshim	Lev 19–20 (approx)	Sifra, Kedoshim, Chapter 12 8	Nedarim	46a	Nedarim 46a:4	mesorat hashas
Kedoshim	Lev 19–20 (approx)	Sifra, Kedoshim, Chapter 12 10	Shabbat	69a	Shabbat 69a:1	mesorat hashas
Kedoshim	Lev 19–20 (approx)	Sifra, Kedoshim, Chapter 12 11	Shabbat	69a	Shabbat 69a:1	mesorat hashas
Kedoshim	Lev 19–20 (approx)	Sifra, Kedoshim, Chapter 12 2	Shabbat	69a	Shabbat 69a:1	mesorat hashas
Kedoshim	Lev 19–20 (approx)	Sifra, Kedoshim, Chapter 12 12	Yevamot	10a	Yevamot 10a:7	mesorat hashas
Kedoshim	Lev 19–20 (approx)	Sifra, Kedoshim, Chapter 12 12	Yevamot	13a	Yevamot 13a:15	mesorat hashas
Kedoshim	Lev 19–20 (approx)	Sifra, Kedoshim, Chapter 12 4	Yevamot	17b	Yevamot 17b:3	mesorat hashas
Kedoshim	Lev 19–20 (approx)	Sifra, Kedoshim, Chapter 12 6	Yevamot	17b	Yevamot 17b:3	mesorat hashas
Kedoshim	Lev 19–20 (approx)	Sifra, Kedoshim, Chapter 12 8	Yevamot	17b	Yevamot 17b:3	mesorat hashas
Kedoshim	Lev 19–20 (approx)	Sifra, Kedoshim, Chapter 12 8	Yevamot	21b	Yevamot 21b:5	mesorat hashas
Kedoshim	Lev 19–20 (approx)	Sifra, Kedoshim, Chapter 12 10	Yevamot	3b	Yevamot 3b:7-8	mesorat hashas
Kedoshim	Lev 19–20 (approx)	Sifra, Kedoshim, Chapter 12 11	Yevamot	3b	Yevamot 3b:9	mesorat hashas
Kedoshim	Lev 19–20 (approx)	Sifra, Kedoshim, Chapter 12 12	Yevamot	3b	Yevamot 3b:11	mesorat hashas
Kedoshim	Lev 19–20 (approx)	Sifra, Kedoshim, Chapter 12 4	Yevamot	54b	Yevamot 54b:13	mesorat hashas
Kedoshim	Lev 19–20 (approx)	Sifra, Kedoshim, Chapter 12 6	Yevamot	54b	Yevamot 54b:13	mesorat hashas
Kedoshim	Lev 19–20 (approx)	Sifra, Kedoshim, Chapter 12 8	Yevamot	54b	Yevamot 54b:13	mesorat hashas
Kedoshim	Lev 19–20 (approx)	Sifra, Kedoshim, Chapter 12 4	Yevamot	59a	Yevamot 59a:9	mesorat hashas
Kedoshim	Lev 19–20 (approx)	Sifra, Kedoshim, Chapter 12 10	Yevamot	9a	Yevamot 9a:10	mesorat hashas
Kedoshim	Lev 19–20 (approx)	Sifra, Kedoshim, Chapter 12 11	Yevamot	9a	Yevamot 9a:10	mesorat hashas
Kedoshim	Lev 19–20 (approx)	Sifra, Kedoshim, Chapter 12 2	Yevamot	9a	Yevamot 9a:10	mesorat hashas
Kedoshim	Lev 19–20 (approx)	Sifra, Kedoshim, Chapter 2 1	Bava Batra	55a	Bava Batra 55a:10-55b:1	mesorat hashas
Kedoshim	Lev 19–20 (approx)	Sifra, Kedoshim, Section 2 3	Bava Kamma	105b	Bava Kamma 105b:19	mesorat hashas
Kedoshim	Lev 19–20 (approx)	Sifra, Kedoshim, Section 2 12	Bava Metzia	110b	Bava Metzia 110b:12	mesorat hashas
Kedoshim	Lev 19–20 (approx)	Sifra, Kedoshim, Section 2 11	Bava Metzia	112a	Bava Metzia 112a:6	mesorat hashas
Kedoshim	Lev 19–20 (approx)	Sifra, Kedoshim, Section 2 2	Bava Metzia	61b	Bava Metzia 61b:2	mesorat hashas
Kedoshim	Lev 19–20 (approx)	Sifra, Kedoshim, Chapter 2 5	Chullin	137a	Chullin 137a:12	mesorat hashas
Kedoshim	Lev 19–20 (approx)	Sifra, Kedoshim, Chapter 2 1	Menachot	71b	Menachot 71b:3-4	mesorat hashas
Kedoshim	Lev 19–20 (approx)	Sifra, Kedoshim, Section 2 6	Sanhedrin	56a	Sanhedrin 56a:17	mesorat hashas
Kedoshim	Lev 19–20 (approx)	Sifra, Kedoshim, Section 2 9	Sanhedrin	97b	Sanhedrin 97b:9	mesorat hashas
Kedoshim	Lev 19–20 (approx)	Sifra, Kedoshim, Section 2 6	Shevuot	36a	Shevuot 36a:16	mesorat hashas
Kedoshim	Lev 19–20 (approx)	Sifra, Kedoshim, Chapter 3 7	Bava Kamma	119a	Bava Kamma 119a:10	mesorat hashas
Kedoshim	Lev 19–20 (approx)	Sifra, Kedoshim, Section 3 9	Berakhot	35a	Berakhot 35a:2	mesorat hashas
Kedoshim	Lev 19–20 (approx)	Sifra, Kedoshim, Section 3 7	Kiddushin	54b	Kiddushin 54b:5-6	mesorat hashas
Kedoshim	Lev 19–20 (approx)	Sifra, Kedoshim, Chapter 3 7	Sanhedrin	7a	Sanhedrin 7a:18	mesorat hashas
Kedoshim	Lev 19–20 (approx)	Sifra, Kedoshim, Chapter 4 8-9	Arakhin	16b	Arakhin 16b:5-6	mesorat hashas
Kedoshim	Lev 19–20 (approx)	Sifra, Kedoshim, Section 4 6	Bava Batra	115a	Bava Batra 115a:9	mesorat hashas
Kedoshim	Lev 19–20 (approx)	Sifra, Kedoshim, Chapter 4 7	Bava Kamma	99b	Bava Kamma 99b:20	mesorat hashas
Kedoshim	Lev 19–20 (approx)	Sifra, Kedoshim, Chapter 4 13	Bava Metzia	91a	Bava Metzia 91a:11	mesorat hashas
Kedoshim	Lev 19–20 (approx)	Sifra, Kedoshim, Chapter 4 18	Beitzah	14b	Beitzah 14b:14	mesorat hashas
Kedoshim	Lev 19–20 (approx)	Sifra, Kedoshim, Section 4 6-7	Kiddushin	4a	Kiddushin 4a:6	mesorat hashas
Kedoshim	Lev 19–20 (approx)	Sifra, Kedoshim, Chapter 4 16	Menachot	84b	Menachot 84b:3	mesorat hashas
Kedoshim	Lev 19–20 (approx)	Sifra, Kedoshim, Chapter 4 16	Moed Katan	2b	Moed Katan 2b:13-14	mesorat hashas
Kedoshim	Lev 19–20 (approx)	Sifra, Kedoshim, Chapter 4 6-7	Sanhedrin	29a	Sanhedrin 29a:17-18	mesorat hashas
Kedoshim	Lev 19–20 (approx)	Sifra, Kedoshim, Chapter 4 7	Sanhedrin	31a	Sanhedrin 31a:10	mesorat hashas
Kedoshim	Lev 19–20 (approx)	Sifra, Kedoshim, Chapter 4 7	Sanhedrin	40a	Sanhedrin 40a:11-12	mesorat hashas
Kedoshim	Lev 19–20 (approx)	Sifra, Kedoshim, Chapter 4 6	Sanhedrin	42a	Sanhedrin 42a:19	mesorat hashas
Kedoshim	Lev 19–20 (approx)	Sifra, Kedoshim, Section 4 6	Sanhedrin	64b	Sanhedrin 64b:6	mesorat hashas
Kedoshim	Lev 19–20 (approx)	Sifra, Kedoshim, Section 4 7	Sanhedrin	64b	Sanhedrin 64b:8	mesorat hashas
Kedoshim	Lev 19–20 (approx)	Sifra, Kedoshim, Chapter 4 4	Shevuot	30a	Shevuot 30a:11	mesorat hashas
Kedoshim	Lev 19–20 (approx)	Sifra, Kedoshim, Section 4 13	Shevuot	39a	Shevuot 39a:19	mesorat hashas
Kedoshim	Lev 19–20 (approx)	Sifra, Kedoshim, Section 4 14	Shevuot	39a	Shevuot 39a:20	mesorat hashas
Kedoshim	Lev 19–20 (approx)	Sifra, Kedoshim, Chapter 4 17-18	Sukkah	35a	Sukkah 35a:2	mesorat hashas
Kedoshim	Lev 19–20 (approx)	Sifra, Kedoshim, Chapter 4 18	Tamid	27b	Tamid 27b:2	mesorat hashas
Kedoshim	Lev 19–20 (approx)	Sifra, Kedoshim, Section 4 7	Yevamot	70a	Yevamot 70a:6	mesorat hashas
Kedoshim	Lev 19–20 (approx)	Sifra, Kedoshim, Chapter 4 10	Yoma	23a	Yoma 23a:1	mesorat hashas
Kedoshim	Lev 19–20 (approx)	Sifra, Kedoshim, Chapter 4 11	Yoma	23a	Yoma 23a:2	mesorat hashas
Kedoshim	Lev 19–20 (approx)	Sifra, Kedoshim, Chapter 4 18	Yoma	69a	Yoma 69a:5	mesorat hashas
Kedoshim	Lev 19–20 (approx)	Sifra, Kedoshim, Chapter 5 5	Gittin	39b	Gittin 39b:11	mesorat hashas
Kedoshim	Lev 19–20 (approx)	Sifra, Kedoshim, Chapter 5 2	Gittin	41b	Gittin 41b:13	mesorat hashas
Kedoshim	Lev 19–20 (approx)	Sifra, Kedoshim, Chapter 5 3	Gittin	41b	Gittin 41b:13-15	mesorat hashas
Kedoshim	Lev 19–20 (approx)	Sifra, Kedoshim, Chapter 5 10	Keritot	10b	Keritot 10b:17-18	mesorat hashas
Kedoshim	Lev 19–20 (approx)	Sifra, Kedoshim, Chapter 5 2	Keritot	11a	Keritot 11a:10-12	mesorat hashas
Kedoshim	Lev 19–20 (approx)	Sifra, Kedoshim, Chapter 5 2	Keritot	11a	Keritot 11a:2	mesorat hashas
Kedoshim	Lev 19–20 (approx)	Sifra, Kedoshim, Chapter 5 4	Keritot	11a	Keritot 11a:3	mesorat hashas
Kedoshim	Lev 19–20 (approx)	Sifra, Kedoshim, Chapter 5 7	Keritot	9a	Keritot 9a:27	mesorat hashas
Kedoshim	Lev 19–20 (approx)	Sifra, Kedoshim, Chapter 6 4	Kiddushin	35b	Kiddushin 35b:10	mesorat hashas
Kedoshim	Lev 19–20 (approx)	Sifra, Kedoshim, Chapter 6 1	Makkot	12a	Makkot 12a:12	mesorat hashas
Kedoshim	Lev 19–20 (approx)	Sifra, Kedoshim, Chapter 6 5-6	Makkot	20a	Makkot 20a:10-11	mesorat hashas
Kedoshim	Lev 19–20 (approx)	Sifra, Kedoshim, Chapter 6 9	Makkot	20a	Makkot 20a:9	mesorat hashas
Kedoshim	Lev 19–20 (approx)	Sifra, Kedoshim, Chapter 6 7	Makkot	20b	Makkot 20b:10	mesorat hashas
Kedoshim	Lev 19–20 (approx)	Sifra, Kedoshim, Chapter 6 10	Makkot	21a	Makkot 21a:10	mesorat hashas
Kedoshim	Lev 19–20 (approx)	Sifra, Kedoshim, Chapter 6 4	Makkot	21a	Makkot 21a:6	mesorat hashas
Kedoshim	Lev 19–20 (approx)	Sifra, Kedoshim, Chapter 6 5	Makkot	21a	Makkot 21a:4	mesorat hashas
Kedoshim	Lev 19–20 (approx)	Sifra, Kedoshim, Chapter 6 1	Moed Katan	14b	Moed Katan 14b:13	mesorat hashas
Kedoshim	Lev 19–20 (approx)	Sifra, Kedoshim, Chapter 6 4	Nazir	40b	Nazir 40b:4	mesorat hashas
Kedoshim	Lev 19–20 (approx)	Sifra, Kedoshim, Chapter 6 6	Nazir	40b	Nazir 40b:3	mesorat hashas
Kedoshim	Lev 19–20 (approx)	Sifra, Kedoshim, Chapter 6 4	Nazir	58a	Nazir 58a:11	mesorat hashas
Kedoshim	Lev 19–20 (approx)	Sifra, Kedoshim, Chapter 6 1	Sanhedrin	63a	Sanhedrin 63a:20-21	mesorat hashas
Kedoshim	Lev 19–20 (approx)	Sifra, Kedoshim, Chapter 6 5	Shevuot	2b	Shevuot 2b:12-3a:1	mesorat hashas
Kedoshim	Lev 19–20 (approx)	Sifra, Kedoshim, Chapter 6 4	Yevamot	5a	Yevamot 5a:5	mesorat hashas
Kedoshim	Lev 19–20 (approx)	Sifra, Kedoshim, Chapter 7 9	Berakhot	54a	Berakhot 54a:7	mesorat hashas
Kedoshim	Lev 19–20 (approx)	Sifra, Kedoshim, Chapter 7 8	Berakhot	61b	Berakhot 61b:14	mesorat hashas
Kedoshim	Lev 19–20 (approx)	Sifra, Kedoshim, Chapter 7 8	Chagigah	13b	Chagigah 13b:8	mesorat hashas
Kedoshim	Lev 19–20 (approx)	Sifra, Kedoshim, Chapter 7 12-13	Kiddushin	32b	Kiddushin 32b:8-9	mesorat hashas
Kedoshim	Lev 19–20 (approx)	Sifra, Kedoshim, Chapter 7 15	Kiddushin	32b	Kiddushin 32b:12	mesorat hashas
Kedoshim	Lev 19–20 (approx)	Sifra, Kedoshim, Chapter 7 8	Menachot	68a	Menachot 68a:13	mesorat hashas
Kedoshim	Lev 19–20 (approx)	Sifra, Kedoshim, Chapter 7 8	Menachot	97a	Menachot 97a:4	mesorat hashas
Kedoshim	Lev 19–20 (approx)	Sifra, Kedoshim, Chapter 7 8	Moed Katan	4a	Moed Katan 4a:9	mesorat hashas
Kedoshim	Lev 19–20 (approx)	Sifra, Kedoshim, Chapter 7 8	Pesachim	120a	Pesachim 120a:14	mesorat hashas
Kedoshim	Lev 19–20 (approx)	Sifra, Kedoshim, Chapter 7 8	Rosh Hashanah	19b	Rosh Hashanah 19b:2	mesorat hashas
Kedoshim	Lev 19–20 (approx)	Sifra, Kedoshim, Chapter 7 10	Sanhedrin	65a	Sanhedrin 65a:1	mesorat hashas
Kedoshim	Lev 19–20 (approx)	Sifra, Kedoshim, Chapter 7 8	Sukkah	43a	Sukkah 43a:5	mesorat hashas
Kedoshim	Lev 19–20 (approx)	Sifra, Kedoshim, Chapter 7 8	Sukkah	44a	Sukkah 44a:1	mesorat hashas
Kedoshim	Lev 19–20 (approx)	Sifra, Kedoshim, Chapter 7 8	Sukkah	46a	Sukkah 46a:3	mesorat hashas
Kedoshim	Lev 19–20 (approx)	Sifra, Kedoshim, Chapter 7 8	Taanit	4b	Taanit 4b:16-17	mesorat hashas
Kedoshim	Lev 19–20 (approx)	Sifra, Kedoshim, Chapter 7 4	Taanit	7b	Taanit 7b:8	mesorat hashas
Kedoshim	Lev 19–20 (approx)	Sifra, Kedoshim, Chapter 7 5	Yevamot	37b	Yevamot 37b:3	mesorat hashas
Kedoshim	Lev 19–20 (approx)	Sifra, Kedoshim, Chapter 7 7	Yevamot	6a	Yevamot 6a:7	mesorat hashas
Kedoshim	Lev 19–20 (approx)	Sifra, Kedoshim, Chapter 7 8	Yevamot	6b	Yevamot 6b:3	mesorat hashas
Kedoshim	Lev 19–20 (approx)	Sifra, Kedoshim, Chapter 7 9	Yevamot	6b	Yevamot 6b:2	mesorat hashas
Kedoshim	Lev 19–20 (approx)	Sifra, Kedoshim, Chapter 7 4	Yevamot	78b	Yevamot 78b:15	mesorat hashas
Kedoshim	Lev 19–20 (approx)	Sifra, Kedoshim, Chapter 8 8-9	Bava Batra	88a	Bava Batra 88a:12-88b:1	mesorat hashas
Kedoshim	Lev 19–20 (approx)	Sifra, Kedoshim, Chapter 8 3	Bekhorot	30b	Bekhorot 30b:4	mesorat hashas
Kedoshim	Lev 19–20 (approx)	Sifra, Kedoshim, Chapter 8 1	Yevamot	46b	Yevamot 46b:17	mesorat hashas
Kedoshim	Lev 19–20 (approx)	Sifra, Kedoshim, Chapter 9 3	Sanhedrin	85b	Sanhedrin 85b:4	mesorat hashas
Kedoshim	Lev 19–20 (approx)	Sifra, Kedoshim, Chapter 9 1	Shevuot	27a	Shevuot 27a:15	mesorat hashas
Metzora	Lev 14	Sifra, Metzora, Section 1 10	Yoma	62b	Yoma 62b:8	mesorat hashas
Metzora	Lev 14	Sifra, Metzora, Chapter 2 1	Bekhorot	8a	Bekhorot 8a:5-6	mesorat hashas
Metzora	Lev 14	Sifra, Metzora, Section 2 5	Kiddushin	57b	Kiddushin 57b:3	mesorat hashas
Metzora	Lev 14	Sifra, Metzora, Chapter 2 4	Menachot	58a	Menachot 58a:7	mesorat hashas
Metzora	Lev 14	Sifra, Metzora, Chapter 2 10	Menachot	91a	Menachot 91a:27	mesorat hashas
Metzora	Lev 14	Sifra, Metzora, Section 2 11	Moed Katan	15b	Moed Katan 15b:13	mesorat hashas
Metzora	Lev 14	Sifra, Metzora, Section 2 11	Moed Katan	7b	Moed Katan 7b:5	mesorat hashas
Metzora	Lev 14	Sifra, Metzora, Chapter 2 6	Nazir	40a	Nazir 40a:8	mesorat hashas
Metzora	Lev 14	Sifra, Metzora, Chapter 2 6	Nazir	42a	Nazir 42a:2	mesorat hashas
Metzora	Lev 14	Sifra, Metzora, Chapter 2 7	Nazir	44b	Nazir 44b:1-2	mesorat hashas
Metzora	Lev 14	Sifra, Metzora, Chapter 2 3	Sotah	16a	Sotah 16a:8	mesorat hashas
Metzora	Lev 14	Sifra, Metzora, Section 2 2	Zevachim	22b	Zevachim 22b:8	mesorat hashas
Metzora	Lev 14	Sifra, Metzora, Chapter 3 1	Chullin	21b	Chullin 21b:1-2	mesorat hashas
Metzora	Lev 14	Sifra, Metzora, Section 3 7	Menachot	61a	Menachot 61a:11-13	mesorat hashas
Metzora	Lev 14	Sifra, Metzora, Chapter 3 1	Menachot	83a	Menachot 83a:10-11	mesorat hashas
Metzora	Lev 14	Sifra, Metzora, Chapter 3 11	Nazir	46b	Nazir 46b:5	mesorat hashas
Metzora	Lev 14	Sifra, Metzora, Chapter 3 11	Sanhedrin	45b	Sanhedrin 45b:19	mesorat hashas
Metzora	Lev 14	Sifra, Metzora, Chapter 3 11	Sanhedrin	88a	Sanhedrin 88a:10	mesorat hashas
Metzora	Lev 14	Sifra, Metzora, Chapter 3 4	Yoma	30b	Yoma 30b:4	mesorat hashas
Metzora	Lev 14	Sifra, Metzora, Chapter 3 11	Yoma	61b	Yoma 61b:6	mesorat hashas
Metzora	Lev 14	Sifra, Metzora, Chapter 3 3-4	Yoma	61b	Yoma 61b:7-8	mesorat hashas
Metzora	Lev 14	Sifra, Metzora, Chapter 3 3-4	Zevachim	47b	Zevachim 47b:5-6	mesorat hashas
Metzora	Lev 14	Sifra, Metzora, Chapter 3 12	Zevachim	6b	Zevachim 6b:2	mesorat hashas
Metzora	Lev 14	Sifra, Metzora, Chapter 3 1	Zevachim	98a	Zevachim 98a:8	mesorat hashas
Metzora	Lev 14	Sifra, Metzora, Section 4 3	Arakhin	17a	Arakhin 17a:12	mesorat hashas
Metzora	Lev 14	Sifra, Metzora, Section 4 2	Arakhin	17b	Arakhin 17b:3	mesorat hashas
Metzora	Lev 14	Sifra, Metzora, Section 4 16	Bava Metzia	104a	Bava Metzia 104a	unknown
Metzora	Lev 14	Sifra, Metzora, Section 4 16	Bava Metzia	92b	Bava Metzia 92b:11	mesorat hashas
Metzora	Lev 14	Sifra, Metzora, Section 4 16	Keritot	28a	Keritot 28a:25	mesorat hashas
Metzora	Lev 14	Sifra, Metzora, Section 4 5	Menachot	106b	Menachot 106b:6	mesorat hashas
Metzora	Lev 14	Sifra, Metzora, Section 4 5	Menachot	88a	Menachot 88a:18	mesorat hashas
Metzora	Lev 14	Sifra, Metzora, Section 4 5	Menachot	89a	Menachot 89a:9-10	mesorat hashas
Metzora	Lev 14	Sifra, Metzora, Section 4 16	Pesachim	88a	Pesachim 88a:7	mesorat hashas
Metzora	Lev 14	Sifra, Metzora, Chapter 5 15	Bava Batra	120a	Bava Batra 120a:7	mesorat hashas
Metzora	Lev 14	Sifra, Metzora, Section 5 13	Bekhorot	34b	Bekhorot 34b:10	mesorat hashas
Metzora	Lev 14	Sifra, Metzora, Chapter 5 8	Berakhot	41a	Berakhot 41a:10	mesorat hashas
Metzora	Lev 14	Sifra, Metzora, Chapter 5 3	Chullin	128b	Chullin 128b:4	mesorat hashas
Metzora	Lev 14	Sifra, Metzora, Chapter 5 8	Chullin	71b	Chullin 71b:10	mesorat hashas
Metzora	Lev 14	Sifra, Metzora, Chapter 5 8	Eruvin	4a	Eruvin 4a:12	mesorat hashas
Metzora	Lev 14	Sifra, Metzora, Section 5 5	Megillah	26a	Megillah 26a:9	mesorat hashas
Metzora	Lev 14	Sifra, Metzora, Section 5 13	Moed Katan	7b	Moed Katan 7b:10	mesorat hashas
Metzora	Lev 14	Sifra, Metzora, Chapter 5 2	Sanhedrin	71a	Sanhedrin 71a:18	mesorat hashas
Metzora	Lev 14	Sifra, Metzora, Chapter 5 2	Sanhedrin	87b	Sanhedrin 87b:15	mesorat hashas
Metzora	Lev 14	Sifra, Metzora, Chapter 5 2	Shevuot	36b	Shevuot 36b:11	mesorat hashas
Metzora	Lev 14	Sifra, Metzora, Chapter 5 8	Sukkah	6a	Sukkah 6a:1	mesorat hashas
Metzora	Lev 14	Sifra, Metzora, Chapter 5 15	Temurah	28b	Temurah 28b:11-12	mesorat hashas
Metzora	Lev 14	Sifra, Metzora, Section 5 3	Yoma	12a	Yoma 12a:7	mesorat hashas
Metzora	Lev 14	Sifra, Metzora, Section 5 5	Yoma	12a	Yoma 12a:2	mesorat hashas
Metzora	Lev 14	Sifra, Metzora, Section 6 8	Bekhorot	8a	Bekhorot 8a:5-6	mesorat hashas
Metzora	Lev 14	Sifra, Metzora, Section 6 6-7	Chullin	10b	Chullin 10b:12-14	mesorat hashas
Metzora	Lev 14	Sifra, Metzora, Section 6 2	Nazir	8b	Nazir 8b:11	mesorat hashas
Metzora	Lev 14	Sifra, Metzora, Section 6 6-7	Nedarim	56b	Nedarim 56b:9-10	mesorat hashas
Metzora	Lev 14	Sifra, Metzora, Section 6 4	Niddah	19a	Niddah 19a:12	mesorat hashas
Metzora	Lev 14	Sifra, Metzora, Section 6 4	Sanhedrin	87b	Sanhedrin 87b:15	mesorat hashas
Metzora	Lev 14	Sifra, Metzora, Section 6 4	Shevuot	36b	Shevuot 36b:11	mesorat hashas
Metzora	Lev 14	Sifra, Metzora, Section 7 7	Bekhorot	32a	Bekhorot 32a:20	mesorat hashas
Metzora	Lev 14	Sifra, Metzora, Section 7 7	Chullin	85a	Chullin 85a:14	mesorat hashas
Metzora	Lev 14	Sifra, Metzora, Section 7 7	Eruvin	51a	Eruvin 51a:10	mesorat hashas
Metzora	Lev 14	Sifra, Metzora, Section 7 7	Horayot	8b	Horayot 8b:7	mesorat hashas
Metzora	Lev 14	Sifra, Metzora, Section 7 7	Makkot	13b	Makkot 13b:14	mesorat hashas
Metzora	Lev 14	Sifra, Metzora, Section 7 7	Menachot	4a	Menachot 4a:11	mesorat hashas
Metzora	Lev 14	Sifra, Metzora, Section 7 7	Nazir	5a	Nazir 5a:8	mesorat hashas
Metzora	Lev 14	Sifra, Metzora, Section 7 7	Niddah	22b	Niddah 22b:16	mesorat hashas
Metzora	Lev 14	Sifra, Metzora, Section 7 4	Sotah	3b	Sotah 3b:19	mesorat hashas
Metzora	Lev 14	Sifra, Metzora, Section 7 4	Taanit	4b	Taanit 4b:10	mesorat hashas
Metzora	Lev 14	Sifra, Metzora, Section 7 7	Yevamot	17b	Yevamot 17b:5	mesorat hashas
Metzora	Lev 14	Sifra, Metzora, Section 7 7	Yoma	2b	Yoma 2b:3	mesorat hashas
Metzora	Lev 15	Sifra, Metzora Parashat Zavim, Section 1 1	Arakhin	3a	Arakhin 3a:4-5	mesorat hashas
Metzora	Lev 15	Sifra, Metzora Parashat Zavim, Section 1 1	Bava Kamma	81b	Bava Kamma 81b:22	mesorat hashas
Metzora	Lev 15	Sifra, Metzora Parashat Zavim, Section 1 2	Horayot	10a	Horayot 10a:16	mesorat hashas
Metzora	Lev 15	Sifra, Metzora Parashat Zavim, Section 1 13	Keritot	13a	Keritot 13a:22-13b:1	mesorat hashas
Metzora	Lev 15	Sifra, Metzora Parashat Zavim, Section 1 7	Nazir	65b	Nazir 65b:8-9	mesorat hashas
Metzora	Lev 15	Sifra, Metzora Parashat Zavim, Section 1 1	Niddah	18b	Niddah 18b:12-13	mesorat hashas
Metzora	Lev 15	Sifra, Metzora Parashat Zavim, Section 1 1	Niddah	32b	Niddah 32b:7	mesorat hashas
Metzora	Lev 15	Sifra, Metzora Parashat Zavim, Section 1 1	Niddah	44a	Niddah 44a:4-5	mesorat hashas
Metzora	Lev 15	Sifra, Metzora Parashat Zavim, Section 1 8	Niddah	55a	Niddah 55a:15-16	mesorat hashas
Metzora	Lev 15	Sifra, Metzora Parashat Zavim, Section 1 13	Niddah	55b	Niddah 55b:18	mesorat hashas
Metzora	Lev 15	Sifra, Metzora Parashat Zavim, Section 1 10-11	Niddah	56a	Niddah 56a:2-3	mesorat hashas
Metzora	Lev 15	Sifra, Metzora Parashat Zavim, Section 1 1	Pesachim	73b	Pesachim 73b:12	mesorat hashas
Metzora	Lev 15	Sifra, Metzora Parashat Zavim, Chapter 1 3	Sanhedrin	63b	Sanhedrin 63b:10	mesorat hashas
Metzora	Lev 15	Sifra, Metzora Parashat Zavim, Section 1 10	Yevamot	105a	Yevamot 105a:20	mesorat hashas
Metzora	Lev 15	Sifra, Metzora Parashat Zavim, Section 1 1	Yoma	44b	Yoma 44b:13	mesorat hashas
Metzora	Lev 15	Sifra, Metzora Parashat Zavim, Chapter 2 5	Chagigah	23b	Chagigah 23b:5-6	mesorat hashas
Metzora	Lev 15	Sifra, Metzora Parashat Zavim, Chapter 2 4	Chullin	88b	Chullin 88b:2	mesorat hashas
Metzora	Lev 15	Sifra, Metzora Parashat Zavim, Chapter 2 6	Chullin	88b	Chullin 88b:2	mesorat hashas
Metzora	Lev 15	Sifra, Metzora Parashat Zavim, Section 2 8	Chullin	88b	Chullin 88b:2	mesorat hashas
Metzora	Lev 15	Sifra, Metzora Parashat Zavim, Chapter 2 4	Menachot	25b	Menachot 25b:13	mesorat hashas
Metzora	Lev 15	Sifra, Metzora Parashat Zavim, Chapter 2 6	Menachot	25b	Menachot 25b:13	mesorat hashas
Metzora	Lev 15	Sifra, Metzora Parashat Zavim, Section 2 8	Menachot	25b	Menachot 25b:13	mesorat hashas
Metzora	Lev 15	Sifra, Metzora Parashat Zavim, Section 2 1	Niddah	33a	Niddah 33a:8	mesorat hashas
Metzora	Lev 15	Sifra, Metzora Parashat Zavim, Section 2 2	Niddah	33a	Niddah 33a:8	mesorat hashas
Metzora	Lev 15	Sifra, Metzora Parashat Zavim, Section 2 3	Niddah	33a	Niddah 33a:8	mesorat hashas
Metzora	Lev 15	Sifra, Metzora Parashat Zavim, Chapter 2 4	Niddah	40b	Niddah 40b:6-41a:1	mesorat hashas
Metzora	Lev 15	Sifra, Metzora Parashat Zavim, Chapter 2 6	Niddah	40b	Niddah 40b:6-41a:1	mesorat hashas
Metzora	Lev 15	Sifra, Metzora Parashat Zavim, Section 2 8	Niddah	40b	Niddah 40b:6-41a:1	mesorat hashas
Metzora	Lev 15	Sifra, Metzora Parashat Zavim, Chapter 2 5	Niddah	49b	Niddah 49b:10-11	mesorat hashas
Metzora	Lev 15	Sifra, Metzora Parashat Zavim, Chapter 2 9	Niddah	54b	Niddah 54b:17-18	mesorat hashas
Metzora	Lev 15	Sifra, Metzora Parashat Zavim, Section 2 1	Niddah	54b	Niddah 54b:17-18	mesorat hashas
Metzora	Lev 15	Sifra, Metzora Parashat Zavim, Chapter 2 4	Yoma	42b	Yoma 42b:5	mesorat hashas
Metzora	Lev 15	Sifra, Metzora Parashat Zavim, Chapter 2 6	Yoma	42b	Yoma 42b:5	mesorat hashas
Metzora	Lev 15	Sifra, Metzora Parashat Zavim, Section 2 8	Yoma	42b	Yoma 42b:5	mesorat hashas
Metzora	Lev 15	Sifra, Metzora Parashat Zavim, Chapter 2 10	Zevachim	22b	Zevachim 22b:8	mesorat hashas
Metzora	Lev 15	Sifra, Metzora Parashat Zavim, Chapter 2 4	Zevachim	27b	Zevachim 27b:7	mesorat hashas
Metzora	Lev 15	Sifra, Metzora Parashat Zavim, Chapter 2 6	Zevachim	27b	Zevachim 27b:7	mesorat hashas
Metzora	Lev 15	Sifra, Metzora Parashat Zavim, Chapter 2 4	Zevachim	39b	Zevachim 39b:2	mesorat hashas
Metzora	Lev 15	Sifra, Metzora Parashat Zavim, Chapter 2 6	Zevachim	39b	Zevachim 39b:2	mesorat hashas
Metzora	Lev 15	Sifra, Metzora Parashat Zavim, Section 2 8	Zevachim	39b	Zevachim 39b:1-2	mesorat hashas
Metzora	Lev 15	Sifra, Metzora Parashat Zavim, Chapter 2 4	Zevachim	84a	Zevachim 84a:15-84b:1	mesorat hashas
Metzora	Lev 15	Sifra, Metzora Parashat Zavim, Chapter 2 6	Zevachim	84a	Zevachim 84a:15-84b:1	mesorat hashas
Metzora	Lev 15	Sifra, Metzora Parashat Zavim, Section 2 8	Zevachim	84a	Zevachim 84a:15-84b:1	mesorat hashas
Metzora	Lev 15	Sifra, Metzora Parashat Zavim, Chapter 3 8	Niddah	55b	Niddah 55b:7-8	mesorat hashas
Metzora	Lev 15	Sifra, Metzora Parashat Zavim, Chapter 3 7	Temurah	28b	Temurah 28b:11-12	mesorat hashas
Metzora	Lev 15	Sifra, Metzora Parashat Zavim, Section 4 3	Niddah	19a	Niddah 19a:2	mesorat hashas
Metzora	Lev 15	Sifra, Metzora Parashat Zavim, Section 4 4	Niddah	41b	Niddah 41b:14-15	mesorat hashas
Metzora	Lev 15	Sifra, Metzora Parashat Zavim, Chapter 5 12	Bekhorot	8a	Bekhorot 8a:5-6	mesorat hashas
Metzora	Lev 15	Sifra, Metzora Parashat Zavim, Chapter 5 1	Megillah	8a	Megillah 8a:17	mesorat hashas
Metzora	Lev 15	Sifra, Metzora Parashat Zavim, Chapter 5 16	Megillah	8a	Megillah 8a:13	mesorat hashas
Metzora	Lev 15	Sifra, Metzora Parashat Zavim, Chapter 5 2	Megillah	8a	Megillah 8a:17-18	mesorat hashas
Metzora	Lev 15	Sifra, Metzora Parashat Zavim, Section 5 1	Niddah	36b	Niddah 36b:13	mesorat hashas
Metzora	Lev 15	Sifra, Metzora Parashat Zavim, Section 5 2	Niddah	36b	Niddah 36b:3	mesorat hashas
Metzora	Lev 15	Sifra, Metzora Parashat Zavim, Section 5 3	Niddah	38a	Niddah 38a:13	mesorat hashas
Metzora	Lev 15	Sifra, Metzora Parashat Zavim, Section 5 4	Niddah	38a	Niddah 38a:8-10	mesorat hashas
Metzora	Lev 15	Sifra, Metzora Parashat Zavim, Section 5 1	Niddah	38b	Niddah 38b:17	mesorat hashas
Metzora	Lev 15	Sifra, Metzora Parashat Zavim, Chapter 5 4	Niddah	68b	Niddah 68b:15	mesorat hashas
Metzora	Lev 15	Sifra, Metzora Parashat Zavim, Chapter 5 4-5	Niddah	7b	Niddah 7b:11-12	mesorat hashas
Metzora	Lev 15	Sifra, Metzora Parashat Zavim, Chapter 5 14	Temurah	13a	Temurah 13a:11-12	mesorat hashas
Metzora	Lev 15	Sifra, Metzora Parashat Zavim, Section 5 5	Tosafot on Sukkah 5b:1:1		Tosafot on Sukkah 5b:1:1	quotation
Metzora	Lev 15	Sifra, Metzora Parashat Zavim, Section 5 2	Yevamot	83a	Yevamot 83a:8	mesorat hashas
Metzora	Lev 15	Sifra, Metzora Parashat Zavim, Chapter 6 4	Bava Kamma	25b	Bava Kamma 25b:6	mesorat hashas
Metzora	Lev 15	Sifra, Metzora Parashat Zavim, Chapter 6 3	Chagigah	11a	Chagigah 11a:12	mesorat hashas
Metzora	Lev 15	Sifra, Metzora Parashat Zavim, Chapter 6 3	Eruvin	14b	Eruvin 14b:1	mesorat hashas
Metzora	Lev 15	Sifra, Metzora Parashat Zavim, Chapter 6 3	Eruvin	4b	Eruvin 4b:6	mesorat hashas
Metzora	Lev 15	Sifra, Metzora Parashat Zavim, Chapter 6 3	Pesachim	109a	Pesachim 109a:7-109b:1	mesorat hashas
Metzora	Lev 15	Sifra, Metzora Parashat Zavim, Chapter 6 4	Shabbat	64a	Shabbat 64a:7	mesorat hashas
Metzora	Lev 15	Sifra, Metzora Parashat Zavim, Chapter 6 5	Shabbat	86a	Shabbat 86a:4	mesorat hashas
Metzora	Lev 15	Sifra, Metzora Parashat Zavim, Chapter 6 3	Yoma	31a	Yoma 31a:6	mesorat hashas
Metzora	Lev 15	Sifra, Metzora Parashat Zavim, Chapter 7 3	Niddah	33a	Niddah 33a:5-8	mesorat hashas
Metzora	Lev 15	Sifra, Metzora Parashat Zavim, Chapter 7 3	Niddah	54b	Niddah 54b:15	mesorat hashas
Metzora	Lev 15	Sifra, Metzora Parashat Zavim, Chapter 8 2	Bekhorot	58b	Bekhorot 58b:4	mesorat hashas
Metzora	Lev 15	Sifra, Metzora Parashat Zavim, Chapter 8 3	Chullin	88b	Chullin 88b:2	mesorat hashas
Metzora	Lev 15	Sifra, Metzora Parashat Zavim, Chapter 8 3	Menachot	25b	Menachot 25b:13	mesorat hashas
Metzora	Lev 15	Sifra, Metzora Parashat Zavim, Chapter 8 3	Niddah	40b	Niddah 40b:6-41a:1	mesorat hashas
Metzora	Lev 15	Sifra, Metzora Parashat Zavim, Chapter 8 1	Niddah	72b	Niddah 72b:18-19	mesorat hashas
Metzora	Lev 15	Sifra, Metzora Parashat Zavim, Chapter 8 2	Niddah	73a	Niddah 73a:1-2	mesorat hashas
Metzora	Lev 15	Sifra, Metzora Parashat Zavim, Chapter 8 5	Niddah	73a	Niddah 73a:12-13	mesorat hashas
Metzora	Lev 15	Sifra, Metzora Parashat Zavim, Chapter 8 9	Niddah	73a	Niddah 73a:7-8	mesorat hashas
Metzora	Lev 15	Sifra, Metzora Parashat Zavim, Chapter 8 3	Yoma	42b	Yoma 42b:5	mesorat hashas
Metzora	Lev 15	Sifra, Metzora Parashat Zavim, Chapter 8 3	Zevachim	39b	Zevachim 39b:2	mesorat hashas
Metzora	Lev 15	Sifra, Metzora Parashat Zavim, Chapter 8 3	Zevachim	84a	Zevachim 84a:15-84b:1	mesorat hashas
Metzora	Lev 15	Sifra, Metzora Parashat Zavim, Chapter 9 13	Arakhin	3a	Arakhin 3a:5	mesorat hashas
Metzora	Lev 15	Sifra, Metzora Parashat Zavim, Chapter 9 13	Bava Kamma	81b	Bava Kamma 81b:22	mesorat hashas
Metzora	Lev 15	Sifra, Metzora Parashat Zavim, Chapter 9 3	Bekhorot	8a	Bekhorot 8a:5-6	mesorat hashas
Metzora	Lev 15	Sifra, Metzora Parashat Zavim, Chapter 9 10	Niddah	22a	Niddah 22a:7	mesorat hashas
Metzora	Lev 15	Sifra, Metzora Parashat Zavim, Chapter 9 13	Niddah	32b	Niddah 32b:7	mesorat hashas
Metzora	Lev 15	Sifra, Metzora Parashat Zavim, Chapter 9 13	Niddah	44a	Niddah 44a:5	mesorat hashas
Metzora	Lev 15	Sifra, Metzora Parashat Zavim, Chapter 9 13	Pesachim	73b	Pesachim 73b:12	mesorat hashas
Metzora	Lev 15	Sifra, Metzora Parashat Zavim, Chapter 9 13	Yoma	44b	Yoma 44b:13	mesorat hashas
Shemini	Lev 9–11 (approx)	Sifra, Shemini, Section 1 1-2	Keritot	13b	Keritot 13b:8-9	mesorat hashas
Shemini	Lev 9–11 (approx)	Sifra, Shemini, Section 1 9	Keritot	13b	Keritot 13b:16-18	mesorat hashas
Shemini	Lev 9–11 (approx)	Sifra, Shemini, Mechilta d'Miluim 2 1	Shabbat	87b	Shabbat 87b:6	mesorat hashas
Shemini	Lev 9–11 (approx)	Sifra, Shemini, Section 1 9	Shevuot	18b	Shevuot 18b:10	mesorat hashas
Shemini	Lev 9–11 (approx)	Sifra, Shemini, Section 1 5	Yoma	44a	Yoma 44a:1	mesorat hashas
Shemini	Lev 9–11 (approx)	Sifra, Shemini, Section 1 5	Yoma	53a	Yoma 53a:13	mesorat hashas
Shemini	Lev 9–11 (approx)	Sifra, Shemini, Section 1 8	Zevachim	17b	Zevachim 17b:7-18a:1	mesorat hashas
Shemini	Lev 9–11 (approx)	Sifra, Shemini, Chapter 10 2	Beitzah	33a	Beitzah 33a:9	mesorat hashas
Shemini	Lev 9–11 (approx)	Sifra, Shemini, Section 10 7	Chullin	100b	Chullin 100b:4-5	mesorat hashas
Shemini	Lev 9–11 (approx)	Sifra, Shemini, Section 10 6	Chullin	117b	Chullin 117b:12-118a:1	mesorat hashas
Shemini	Lev 9–11 (approx)	Sifra, Shemini, Chapter 10 2	Chullin	123b	Chullin 123b:20-124a:1	mesorat hashas
Shemini	Lev 9–11 (approx)	Sifra, Shemini, Section 10 6	Chullin	124a	Chullin 124a:19	mesorat hashas
Shemini	Lev 9–11 (approx)	Sifra, Shemini, Section 10 6	Chullin	124b	Chullin 124b:22	mesorat hashas
Shemini	Lev 9–11 (approx)	Sifra, Shemini, Section 10 6	Chullin	124b	Chullin 124b:8	mesorat hashas
Shemini	Lev 9–11 (approx)	Sifra, Shemini, Section 10 1	Chullin	72b	Chullin 72b:3	mesorat hashas
Shemini	Lev 9–11 (approx)	Sifra, Shemini, Section 10 2-3	Chullin	72b	Chullin 72b:3-6	mesorat hashas
Shemini	Lev 9–11 (approx)	Sifra, Shemini, Chapter 10 2	Ketubot	17a	Ketubot 17a:3	mesorat hashas
Shemini	Lev 9–11 (approx)	Sifra, Shemini, Section 10 3	Meilah	5a	Meilah 5a:10-12	mesorat hashas
Shemini	Lev 9–11 (approx)	Sifra, Shemini, Chapter 10 7	Nazir	61b	Nazir 61b:2	mesorat hashas
Shemini	Lev 9–11 (approx)	Sifra, Shemini, Chapter 10 9	Nazir	61b	Nazir 61b:2	mesorat hashas
Shemini	Lev 9–11 (approx)	Sifra, Shemini, Section 10 6	Nedarim	75a	Nedarim 75a:6	mesorat hashas
Shemini	Lev 9–11 (approx)	Sifra, Shemini, Section 10 7	Niddah	42b	Niddah 42b:15-16	mesorat hashas
Shemini	Lev 9–11 (approx)	Sifra, Shemini, Section 10 6	Rosh Hashanah	9b	Rosh Hashanah 9b:2	mesorat hashas
Shemini	Lev 9–11 (approx)	Sifra, Shemini, Section 10 5	Shabbat	136a	Shabbat 136a:5	mesorat hashas
Shemini	Lev 9–11 (approx)	Sifra, Shemini, Section 10 7	Zevachim	69b	Zevachim 69b:17	mesorat hashas
Shemini	Lev 9–11 (approx)	Sifra, Shemini, Section 10 3	Zevachim	92a	Zevachim 92a:7	mesorat hashas
Shemini	Lev 9–11 (approx)	Sifra, Shemini, Mechilta d'Miluim 2 11	Menachot	10b	Menachot 10b:7-11a:1	mesorat hashas
Shemini	Lev 9–11 (approx)	Sifra, Shemini, Mechilta d'Miluim 2 11	Menachot	6a	Menachot 6a:21	mesorat hashas
Shemini	Lev 9–11 (approx)	Sifra, Shemini, Chapter 11 2	Rosh Hashanah	9b	Rosh Hashanah 9b:2	mesorat hashas
Shemini	Lev 9–11 (approx)	Sifra, Shemini, Mechilta d'Miluim 2 11	Sotah	14b	Sotah 14b:18	mesorat hashas
Shemini	Lev 9–11 (approx)	Sifra, Shemini, Chapter 12 5	Chullin	27b	Chullin 27b:2	mesorat hashas
Shemini	Lev 9–11 (approx)	Sifra, Shemini, Chapter 12 1	Chullin	67b	Chullin 67b:1-2	mesorat hashas
Shemini	Lev 9–11 (approx)	Sifra, Shemini, Chapter 12 2	Chullin	67b	Chullin 67b:14	mesorat hashas
Shemini	Lev 9–11 (approx)	Sifra, Shemini, Chapter 12 5	Zevachim	69b	Zevachim 69b:8	mesorat hashas
Shemini	Lev 9–11 (approx)	Sifra, Shemini, Section 2 9	Chullin	68a	Chullin 68a:1	mesorat hashas
Shemini	Lev 9–11 (approx)	Sifra, Shemini, Chapter 2 11	Moed Katan	17b	Moed Katan 17b:18	mesorat hashas
Shemini	Lev 9–11 (approx)	Sifra, Shemini, Chapter 2 10	Zevachim	101a	Zevachim 101a:5	mesorat hashas
Shemini	Lev 9–11 (approx)	Sifra, Shemini, Chapter 2 12	Zevachim	101a	Zevachim 101a:12	mesorat hashas
Shemini	Lev 9–11 (approx)	Sifra, Shemini, Chapter 2 2	Zevachim	101b	Zevachim 101b:7	mesorat hashas
Shemini	Lev 9–11 (approx)	Sifra, Shemini, Chapter 2 5	Zevachim	10b	Zevachim 10b:8-10	mesorat hashas
Shemini	Lev 9–11 (approx)	Sifra, Shemini, Section 2 3	Zevachim	34a	Zevachim 34a:15	mesorat hashas
Shemini	Lev 9–11 (approx)	Sifra, Shemini, Section 2 8	Zevachim	34a	Zevachim 34a:15	mesorat hashas
Shemini	Lev 9–11 (approx)	Sifra, Shemini, Chapter 2 5	Zevachim	94b	Zevachim 94b:8-9	mesorat hashas
Shemini	Lev 9–11 (approx)	Sifra, Shemini, Chapter 2 11	Zevachim	99b	Zevachim 99b:10	mesorat hashas
Shemini	Lev 9–11 (approx)	Sifra, Shemini, Mechilta d'Miluim 2 23	Sanhedrin	52a	Sanhedrin 52a:16	mesorat hashas
Shemini	Lev 9–11 (approx)	Sifra, Shemini, Mechilta d'Miluim 2 28	Sanhedrin	18a	Sanhedrin 18a:6	mesorat hashas
Shemini	Lev 9–11 (approx)	Sifra, Shemini, Chapter 3 3	Bekhorot	6a	Bekhorot 6a:22	mesorat hashas
Shemini	Lev 9–11 (approx)	Sifra, Shemini, Chapter 3 4	Bekhorot	6b	Bekhorot 6b:2	mesorat hashas
Shemini	Lev 9–11 (approx)	Sifra, Shemini, Chapter 3 4	Bekhorot	7a	Bekhorot 7a:20	mesorat hashas
Shemini	Lev 9–11 (approx)	Sifra, Shemini, Chapter 3 6	Chullin	42a	Chullin 42a:3-4	mesorat hashas
Shemini	Lev 9–11 (approx)	Sifra, Shemini, Chapter 3 8	Chullin	42a	Chullin 42a:3	mesorat hashas
Shemini	Lev 9–11 (approx)	Sifra, Shemini, Chapter 3 6	Chullin	43a	Chullin 43a:3	mesorat hashas
Shemini	Lev 9–11 (approx)	Sifra, Shemini, Chapter 3 8-9	Chullin	54a	Chullin 54a:13-14	mesorat hashas
Shemini	Lev 9–11 (approx)	Sifra, Shemini, Section 3 1	Chullin	66b	Chullin 66b:6	mesorat hashas
Shemini	Lev 9–11 (approx)	Sifra, Shemini, Section 3 1	Chullin	67a	Chullin 67a:13	mesorat hashas
Shemini	Lev 9–11 (approx)	Sifra, Shemini, Section 3 5	Chullin	67b	Chullin 67b:15	mesorat hashas
Shemini	Lev 9–11 (approx)	Sifra, Shemini, Chapter 3 6	Gittin	69a	Gittin 69a:9	mesorat hashas
Shemini	Lev 9–11 (approx)	Sifra, Shemini, Mechilta d'Miluim 2 3	Moed Katan	27a	Moed Katan 27a:6	mesorat hashas
Shemini	Lev 9–11 (approx)	Sifra, Shemini, Section 3 5	Shabbat	20a	Shabbat 20a:7	mesorat hashas
Shemini	Lev 9–11 (approx)	Sifra, Shemini, Mechilta d'Miluim 2 33	Bava Kamma	50a	Bava Kamma 50a:21	mesorat hashas
Shemini	Lev 9–11 (approx)	Sifra, Shemini, Mechilta d'Miluim 2 33	Berakhot	34b	Berakhot 34b:27	mesorat hashas
Shemini	Lev 9–11 (approx)	Sifra, Shemini, Mechilta d'Miluim 2 33	Eruvin	63a	Eruvin 63a:17	mesorat hashas
Shemini	Lev 9–11 (approx)	Sifra, Shemini, Mechilta d'Miluim 2 33	Yevamot	121b	Yevamot 121b:7	mesorat hashas
Shemini	Lev 9–11 (approx)	Sifra, Shemini, Mechilta d'Miluim 2 34	Sanhedrin	52a	Sanhedrin 52a:16	mesorat hashas
Shemini	Lev 9–11 (approx)	Sifra, Shemini, Mechilta d'Miluim 2 36	Zevachim	115b	Zevachim 115b:13	mesorat hashas
Shemini	Lev 9–11 (approx)	Sifra, Shemini, Mechilta d'Miluim 2 37	Keritot	5b	Keritot 5b:25	mesorat hashas
Shemini	Lev 9–11 (approx)	Sifra, Shemini, Mechilta d'Miluim 2 39	Berakhot	61a	Berakhot 61a:9	quotation
Shemini	Lev 9–11 (approx)	Sifra, Shemini, Mechilta d'Miluim 2 39	Taanit	15b	Taanit 15b:13	mesorat hashas
Shemini	Lev 9–11 (approx)	Sifra, Shemini, Section 4 6	Chullin	128b	Chullin 128b:11-12	mesorat hashas
Shemini	Lev 9–11 (approx)	Sifra, Shemini, Chapter 4 4	Keritot	22a	Keritot 22a:2	mesorat hashas
Shemini	Lev 9–11 (approx)	Sifra, Shemini, Chapter 4 8	Ketubot	17a	Ketubot 17a:3	mesorat hashas
Shemini	Lev 9–11 (approx)	Sifra, Shemini, Chapter 4 4	Ketubot	60a	Ketubot 60a:6	mesorat hashas
Shemini	Lev 9–11 (approx)	Sifra, Shemini, Section 4 1	Menachot	73b	Menachot 73b:7	mesorat hashas
Shemini	Lev 9–11 (approx)	Sifra, Shemini, Chapter 4 8	Rosh Hashanah	16b	Rosh Hashanah 16b:10	mesorat hashas
Shemini	Lev 9–11 (approx)	Sifra, Shemini, Section 4 1	Shabbat	28a	Shabbat 28a:6	mesorat hashas
Shemini	Lev 9–11 (approx)	Sifra, Shemini, Chapter 4 8	Sotah	3a	Sotah 3a:22	mesorat hashas
Shemini	Lev 9–11 (approx)	Sifra, Shemini, Mechilta d'Miluim 2 41	Pesachim	75a	Pesachim 75a:14	mesorat hashas
Shemini	Lev 9–11 (approx)	Sifra, Shemini, Mechilta d'Miluim 2 41	Sanhedrin	52a	Sanhedrin 52a:10	mesorat hashas
Shemini	Lev 9–11 (approx)	Sifra, Shemini, Mechilta d'Miluim 2 41	Sanhedrin	94a	Sanhedrin 94a:16	mesorat hashas
Shemini	Lev 9–11 (approx)	Sifra, Shemini, Mechilta d'Miluim 2 41	Shabbat	113b	Shabbat 113b:13	mesorat hashas
Shemini	Lev 9–11 (approx)	Sifra, Shemini, Section 5 4	Chullin	126b	Chullin 126b:18-19	mesorat hashas
Shemini	Lev 9–11 (approx)	Sifra, Shemini, Section 5 6	Chullin	126b	Chullin 126b:11	mesorat hashas
Shemini	Lev 9–11 (approx)	Sifra, Shemini, Section 5 6	Chullin	127a	Chullin 127a:2-3	mesorat hashas
Shemini	Lev 9–11 (approx)	Sifra, Shemini, Section 5 7	Chullin	127a	Chullin 127a:9-10	mesorat hashas
Shemini	Lev 9–11 (approx)	Sifra, Shemini, Chapter 5 8	Chullin	59a	Chullin 59a:7	mesorat hashas
Shemini	Lev 9–11 (approx)	Sifra, Shemini, Chapter 5 6	Chullin	61a	Chullin 61a:1	mesorat hashas
Shemini	Lev 9–11 (approx)	Sifra, Shemini, Chapter 5 4	Chullin	63a	Chullin 63a:12	mesorat hashas
Shemini	Lev 9–11 (approx)	Sifra, Shemini, Chapter 5 8	Chullin	65a	Chullin 65a:8	mesorat hashas
Shemini	Lev 9–11 (approx)	Sifra, Shemini, Chapter 5 9	Chullin	65a	Chullin 65a:9	mesorat hashas
Shemini	Lev 9–11 (approx)	Sifra, Shemini, Chapter 5 8	Chullin	65b	Chullin 65b:5	mesorat hashas
Shemini	Lev 9–11 (approx)	Sifra, Shemini, Chapter 5 8	Megillah	10b	Megillah 10b:3	mesorat hashas
Shemini	Lev 9–11 (approx)	Sifra, Shemini, Chapter 5 8	Megillah	3b	Megillah 3b:15	mesorat hashas
Shemini	Lev 9–11 (approx)	Sifra, Shemini, Chapter 5 8	Shevuot	16a	Shevuot 16a:17	mesorat hashas
Shemini	Lev 9–11 (approx)	Sifra, Shemini, Section 5 7	Yevamot	100b	Yevamot 100b:5	mesorat hashas
Shemini	Lev 9–11 (approx)	Sifra, Shemini, Chapter 5 3	Yevamot	86a	Yevamot 86a:5	mesorat hashas
Shemini	Lev 9–11 (approx)	Sifra, Shemini, Section 6 3	Chullin	128b	Chullin 128b:11-12	mesorat hashas
Shemini	Lev 9–11 (approx)	Sifra, Shemini, Chapter 6 2	Chullin	72b	Chullin 72b:3	mesorat hashas
Shemini	Lev 9–11 (approx)	Sifra, Shemini, Section 6 4	Chullin	88b	Chullin 88b:2	mesorat hashas
Shemini	Lev 9–11 (approx)	Sifra, Shemini, Section 6 5	Chullin	88b	Chullin 88b:2	mesorat hashas
Shemini	Lev 9–11 (approx)	Sifra, Shemini, Section 6 5	Eruvin	14b	Eruvin 14b:9	mesorat hashas
Shemini	Lev 9–11 (approx)	Sifra, Shemini, Section 6 4	Menachot	25b	Menachot 25b:13	mesorat hashas
Shemini	Lev 9–11 (approx)	Sifra, Shemini, Section 6 5	Menachot	25b	Menachot 25b:13	mesorat hashas
Shemini	Lev 9–11 (approx)	Sifra, Shemini, Section 6 4	Niddah	40b	Niddah 40b:6-41a:1	mesorat hashas
Shemini	Lev 9–11 (approx)	Sifra, Shemini, Section 6 5	Niddah	40b	Niddah 40b:6-41a:1	mesorat hashas
Shemini	Lev 9–11 (approx)	Sifra, Shemini, Section 6 5	Shabbat	35a	Shabbat 35a:3	mesorat hashas
Shemini	Lev 9–11 (approx)	Sifra, Shemini, Section 6 4	Yoma	42b	Yoma 42b:5	mesorat hashas
Shemini	Lev 9–11 (approx)	Sifra, Shemini, Section 6 5	Yoma	42b	Yoma 42b:5	mesorat hashas
Shemini	Lev 9–11 (approx)	Sifra, Shemini, Section 6 4	Zevachim	39b	Zevachim 39b:2	mesorat hashas
Shemini	Lev 9–11 (approx)	Sifra, Shemini, Section 6 5	Zevachim	39b	Zevachim 39b:2	mesorat hashas
Shemini	Lev 9–11 (approx)	Sifra, Shemini, Section 6 4	Zevachim	84a	Zevachim 84a:15-84b:1	mesorat hashas
Shemini	Lev 9–11 (approx)	Sifra, Shemini, Section 6 5	Zevachim	84a	Zevachim 84a:15-84b:1	mesorat hashas
Shemini	Lev 9–11 (approx)	Sifra, Shemini, Section 7 4	Bekhorot	38a	Bekhorot 38a:3	mesorat hashas
Shemini	Lev 9–11 (approx)	Sifra, Shemini, Section 7 12	Bekhorot	50a	Bekhorot 50a:9	mesorat hashas
Shemini	Lev 9–11 (approx)	Sifra, Shemini, Chapter 7 6	Chagigah	11a	Chagigah 11a:13-15	mesorat hashas
Shemini	Lev 9–11 (approx)	Sifra, Shemini, Section 7 2	Chullin	54b	Chullin 54b:13-55a:1	mesorat hashas
Shemini	Lev 9–11 (approx)	Sifra, Shemini, Chapter 7 6	Nazir	52a	Nazir 52a:1-2	mesorat hashas
Shemini	Lev 9–11 (approx)	Sifra, Shemini, Section 7 12	Pesachim	18a	Pesachim 18a:7	mesorat hashas
Shemini	Lev 9–11 (approx)	Sifra, Shemini, Section 7 12	Sotah	27b	Sotah 27b:6	mesorat hashas
Shemini	Lev 9–11 (approx)	Sifra, Shemini, Section 7 10	Zevachim	3a	Zevachim 3a:15	mesorat hashas
Shemini	Lev 9–11 (approx)	Sifra, Shemini, Section 8 5	Pesachim	20a	Pesachim 20a:9	mesorat hashas
Shemini	Lev 9–11 (approx)	Sifra, Shemini, Chapter 8 1	Shabbat	64a	Shabbat 64a:3	mesorat hashas
Shemini	Lev 9–11 (approx)	Sifra, Shemini, Chapter 8 2-3	Shabbat	64a	Shabbat 64a:5-6	mesorat hashas
Shemini	Lev 9–11 (approx)	Sifra, Shemini, Chapter 8 5	Shabbat	64a	Shabbat 64a:6-7	mesorat hashas
Shemini	Lev 9–11 (approx)	Sifra, Shemini, Chapter 8 9	Taanit	9b	Taanit 9b:4	mesorat hashas
Shemini	Lev 9–11 (approx)	Sifra, Shemini, Chapter 8 9	Yevamot	75a	Yevamot 75a:8	mesorat hashas
Shemini	Lev 9–11 (approx)	Sifra, Shemini, Section 9 1	Avodah Zarah	46a	Avodah Zarah 46a:7	mesorat hashas
Shemini	Lev 9–11 (approx)	Sifra, Shemini, Section 9 7	Bava Kamma	81b	Bava Kamma 81b:22	mesorat hashas
Shemini	Lev 9–11 (approx)	Sifra, Shemini, Chapter 9 2	Chullin	25a	Chullin 25a:3	mesorat hashas
Shemini	Lev 9–11 (approx)	Sifra, Shemini, Section 9 7	Chullin	25b	Chullin 25b:4	mesorat hashas
Shemini	Lev 9–11 (approx)	Sifra, Shemini, Section 9 7	Pesachim	73b	Pesachim 73b:12	mesorat hashas
Shemini	Lev 9–11 (approx)	Sifra, Shemini, Chapter 9 1	Shabbat	138b	Shabbat 138b:16	mesorat hashas
Shemini	Lev 9–11 (approx)	Sifra, Shemini, Section 9 7	Yoma	44b	Yoma 44b:13	mesorat hashas
Tazria	Lev 13	Sifra, Tazria Parashat Nega'im, Section 1 2	Horayot	10a	Horayot 10a:16	mesorat hashas
Tazria	Lev 13	Sifra, Tazria Parashat Nega'im, Section 1 9-10	Niddah	50a	Niddah 50a:1-2	mesorat hashas
Tazria	Lev 13	Sifra, Tazria Parashat Nega'im, Section 1 9-10	Sanhedrin	34b	Sanhedrin 34b:10-11	mesorat hashas
Tazria	Lev 13	Sifra, Tazria Parashat Nega'im, Chapter 12 1	Arakhin	3a	Arakhin 3a:11	mesorat hashas
Tazria	Lev 13	Sifra, Tazria Parashat Nega'im, Chapter 12 10	Bekhorot	34b	Bekhorot 34b:1-2	mesorat hashas
Tazria	Lev 13	Sifra, Tazria Parashat Nega'im, Chapter 12 11	Bekhorot	34b	Bekhorot 34b:1-2	mesorat hashas
Tazria	Lev 13	Sifra, Tazria Parashat Nega'im, Chapter 12 14	Berakhot	25a	Berakhot 25a:10	mesorat hashas
Tazria	Lev 13	Sifra, Tazria Parashat Nega'im, Chapter 12 5-6	Moed Katan	15a	Moed Katan 15a:7-8	mesorat hashas
Tazria	Lev 13	Sifra, Tazria Parashat Nega'im, Chapter 14 8	Bekhorot	8a	Bekhorot 8a:5-6	mesorat hashas
Tazria	Lev 13	Sifra, Tazria Parashat Nega'im, Chapter 2 2	Bava Metzia	86a	Bava Metzia 86a:6	mesorat hashas
Tazria	Lev 13	Sifra, Tazria Parashat Nega'im, Chapter 2 10	Bekhorot	34b	Bekhorot 34b:1-2	mesorat hashas
Tazria	Lev 13	Sifra, Tazria Parashat Nega'im, Chapter 2 2	Ketubot	75b	Ketubot 75b:5	mesorat hashas
Tazria	Lev 13	Sifra, Tazria Parashat Nega'im, Chapter 2 9	Kiddushin	25a	Kiddushin 25a:5	mesorat hashas
Tazria	Lev 13	Sifra, Tazria Parashat Nega'im, Chapter 2 2	Nazir	65b	Nazir 65b:6	mesorat hashas
Tazria	Lev 13	Sifra, Tazria Parashat Nega'im, Chapter 2 2	Niddah	19a	Niddah 19a:10-11	mesorat hashas
Tazria	Lev 13	Sifra, Tazria Parashat Nega'im, Chapter 2 2	Sanhedrin	87b	Sanhedrin 87b:14	mesorat hashas
Tazria	Lev 13	Sifra, Tazria Parashat Nega'im, Section 2 5	Shevuot	6a	Shevuot 6a:10	mesorat hashas
Tazria	Lev 13	Sifra, Tazria Parashat Nega'im, Section 2 6	Shevuot	6a	Shevuot 6a:3-4	mesorat hashas
Tazria	Lev 13	Sifra, Tazria Parashat Nega'im, Section 2 6	Zevachim	88b	Zevachim 88b:4	mesorat hashas
Tazria	Lev 13	Sifra, Tazria Parashat Nega'im, Chapter 2* 1	Bekhorot	8a	Bekhorot 8a:5-6	mesorat hashas
Tazria	Lev 13	Sifra, Tazria Parashat Nega'im, Chapter 2* 17	Menachot	21b	Menachot 21b:10-11	mesorat hashas
Tazria	Lev 13	Sifra, Tazria Parashat Nega'im, Chapter 2* 3	Sanhedrin	34b	Sanhedrin 34b:16	mesorat hashas
Tazria	Lev 13	Sifra, Tazria Parashat Nega'im, Chapter 5 2	Bekhorot	34b	Bekhorot 34b:10	mesorat hashas
Tazria	Lev 13	Sifra, Tazria Parashat Nega'im, Section 5 1-2	Meilah	15b	Meilah 15b:11	mesorat hashas
Tazria	Lev 13	Sifra, Tazria Parashat Nega'im, Chapter 5 2	Moed Katan	7b	Moed Katan 7b:10	mesorat hashas
Tazria	Lev 13	Sifra, Tazria Parashat Nega'im, Chapter 6 6	Chullin	8a	Chullin 8a:4	mesorat hashas
Tazria	Lev 13	Sifra, Tazria Parashat Nega'im, Chapter 9 1	Bekhorot	8a	Bekhorot 8a:5-6	mesorat hashas
Tazria	Lev 13	Sifra, Tazria Parashat Nega'im, Chapter 9 9	Niddah	73a	Niddah 73a:12-13	mesorat hashas
Tazria	Lev 12	Sifra, Tazria Parashat Yoledet, Chapter 1 5	Chullin	84b	Chullin 84b:6	mesorat hashas
Tazria	Lev 12	Sifra, Tazria Parashat Yoledet, Chapter 1 8	Makkot	14b	Makkot 14b:15	mesorat hashas
Tazria	Lev 12	Sifra, Tazria Parashat Yoledet, Section 1 14	Niddah	35b	Niddah 35b:27-28	mesorat hashas
Tazria	Lev 12	Sifra, Tazria Parashat Yoledet, Section 1 13	Niddah	37b	Niddah 37b:6	mesorat hashas
Tazria	Lev 12	Sifra, Tazria Parashat Yoledet, Section 1 14	Niddah	37b	Niddah 37b:3-4	mesorat hashas
Tazria	Lev 12	Sifra, Tazria Parashat Yoledet, Section 1 5	Pesachim	27b	Pesachim 27b:9	mesorat hashas
Tazria	Lev 12	Sifra, Tazria Parashat Yoledet, Chapter 1 3	Pesachim	4a	Pesachim 4a:6	mesorat hashas
Tazria	Lev 12	Sifra, Tazria Parashat Yoledet, Chapter 1 5	Pesachim	95b	Pesachim 95b:4	mesorat hashas
Tazria	Lev 12	Sifra, Tazria Parashat Yoledet, Chapter 1 3	Sanhedrin	35b	Sanhedrin 35b:9	mesorat hashas
Tazria	Lev 12	Sifra, Tazria Parashat Yoledet, Chapter 1 8	Shabbat	107b	Shabbat 107b:6	mesorat hashas
Tazria	Lev 12	Sifra, Tazria Parashat Yoledet, Chapter 1 3	Shabbat	132a	Shabbat 132a:22	mesorat hashas
Tazria	Lev 12	Sifra, Tazria Parashat Yoledet, Chapter 1 4	Shabbat	132b	Shabbat 132b:4	mesorat hashas
Tazria	Lev 12	Sifra, Tazria Parashat Yoledet, Chapter 1 5	Shabbat	134b	Shabbat 134b:23-135a:2	mesorat hashas
Tazria	Lev 12	Sifra, Tazria Parashat Yoledet, Section 1 5	Sukkah	36b	Sukkah 36b:11	mesorat hashas
Tazria	Lev 12	Sifra, Tazria Parashat Yoledet, Chapter 1 3	Yevamot	6b	Yevamot 6b:9	mesorat hashas
Tazria	Lev 12	Sifra, Tazria Parashat Yoledet, Chapter 1 1	Yevamot	72b	Yevamot 72b:5	mesorat hashas
Tazria	Lev 12	Sifra, Tazria Parashat Yoledet, Chapter 1 8	Yevamot	75a	Yevamot 75a:10-11	mesorat hashas
Tazria	Lev 12	Sifra, Tazria Parashat Yoledet, Chapter 1 3	Yoma	28b	Yoma 28b:4	mesorat hashas
Tazria	Lev 12	Sifra, Tazria Parashat Yoledet, Chapter 1 5	Yoma	46a	Yoma 46a:11	mesorat hashas
Tazria	Lev 12	Sifra, Tazria Parashat Yoledet, Chapter 1 5	Yoma	51a	Yoma 51a:6	mesorat hashas
Tazria	Lev 12	Sifra, Tazria Parashat Yoledet, Chapter 1 8	Zevachim	33b	Zevachim 33b:7-8	mesorat hashas
Tazria	Lev 12	Sifra, Tazria Parashat Yoledet, Chapter 2 4	Niddah	38b	Niddah 38b:9-10	mesorat hashas
Tazria	Lev 12	Sifra, Tazria Parashat Yoledet, Chapter 2 2	Sanhedrin	4a	Sanhedrin 4a:4-5	mesorat hashas
Tazria	Lev 12	Sifra, Tazria Parashat Yoledet, Chapter 3 6	Bava Batra	166a	Bava Batra 166a:6-166b:1	mesorat hashas
Tazria	Lev 12	Sifra, Tazria Parashat Yoledet, Chapter 3 1	Keritot	7b	Keritot 7b:22-23	mesorat hashas
Tazria	Lev 12	Sifra, Tazria Parashat Yoledet, Chapter 3 6	Keritot	8a	Keritot 8a:15	mesorat hashas
Tazria	Lev 12	Sifra, Tazria Parashat Yoledet, Chapter 3 6	Keritot	9b	Keritot 9b:16-18	mesorat hashas
Tazria	Lev 12	Sifra, Tazria Parashat Yoledet, Chapter 3 6	Niddah	19a	Niddah 19a:2	mesorat hashas
Tazria	Lev 12	Sifra, Tazria Parashat Yoledet, Chapter 3 1	Niddah	72a	Niddah 72a:9-10	mesorat hashas
Tazria	Lev 12	Sifra, Tazria Parashat Yoledet, Chapter 3 1	Pesachim	3a	Pesachim 3a:2	mesorat hashas
Tazria	Lev 12	Sifra, Tazria Parashat Yoledet, Chapter 3 6	Yevamot	96b	Yevamot 96b:2	mesorat hashas
Tazria	Lev 12	Sifra, Tazria Parashat Yoledet, Chapter 3 3	Zevachim	90a	Zevachim 90a:15	mesorat hashas
Tzav	Lev 6–8 (approx)	Sifra, Tzav, Chapter 1 8	Chullin	88b	Chullin 88b:2	mesorat hashas
Tzav	Lev 6–8 (approx)	Sifra, Tzav, Chapter 1 13	Meilah	10a	Meilah 10a:6	mesorat hashas
Tzav	Lev 6–8 (approx)	Sifra, Tzav, Chapter 1 8	Meilah	3a	Meilah 3a:7-8	mesorat hashas
Tzav	Lev 6–8 (approx)	Sifra, Tzav, Chapter 1 13	Menachot	12b	Menachot 12b:2	mesorat hashas
Tzav	Lev 6–8 (approx)	Sifra, Tzav, Chapter 1 12	Menachot	19b	Menachot 19b:5	mesorat hashas
Tzav	Lev 6–8 (approx)	Sifra, Tzav, Chapter 1 13	Menachot	21b	Menachot 21b:4	mesorat hashas
Tzav	Lev 6–8 (approx)	Sifra, Tzav, Chapter 1 8	Menachot	25b	Menachot 25b:12-13	mesorat hashas
Tzav	Lev 6–8 (approx)	Sifra, Tzav, Chapter 1 13	Menachot	26b	Menachot 26b:13	mesorat hashas
Tzav	Lev 6–8 (approx)	Sifra, Tzav, Chapter 1 12	Menachot	8b	Menachot 8b:4	mesorat hashas
Tzav	Lev 6–8 (approx)	Sifra, Tzav, Chapter 1 7	Niddah	40a	Niddah 40a:19-40b:3	mesorat hashas
Tzav	Lev 6–8 (approx)	Sifra, Tzav, Chapter 1 8	Niddah	40b	Niddah 40b:6-41a:1	mesorat hashas
Tzav	Lev 6–8 (approx)	Sifra, Tzav, Chapter 1 2	Sanhedrin	34a	Sanhedrin 34a:18-34b:1	mesorat hashas
Tzav	Lev 6–8 (approx)	Sifra, Tzav, Chapter 1 5	Sanhedrin	34a	Sanhedrin 34a:14	mesorat hashas
Tzav	Lev 6–8 (approx)	Sifra, Tzav, Chapter 1 6	Sanhedrin	34a	Sanhedrin 34a:17	mesorat hashas
Tzav	Lev 6–8 (approx)	Sifra, Tzav, Chapter 1 13	Shevuot	11a	Shevuot 11a:5	mesorat hashas
Tzav	Lev 6–8 (approx)	Sifra, Tzav, Chapter 1 8	Yoma	42b	Yoma 42b:5	mesorat hashas
Tzav	Lev 6–8 (approx)	Sifra, Tzav, Chapter 1 16	Yoma	45b	Yoma 45b:4-7	mesorat hashas
Tzav	Lev 6–8 (approx)	Sifra, Tzav, Chapter 1 7	Zevachim	109a	Zevachim 109a:6	mesorat hashas
Tzav	Lev 6–8 (approx)	Sifra, Tzav, Chapter 1 13	Zevachim	109b	Zevachim 109b:4	mesorat hashas
Tzav	Lev 6–8 (approx)	Sifra, Tzav, Chapter 1 7	Zevachim	26a	Zevachim 26a:22	mesorat hashas
Tzav	Lev 6–8 (approx)	Sifra, Tzav, Chapter 1 7	Zevachim	27b	Zevachim 27b:3-4	mesorat hashas
Tzav	Lev 6–8 (approx)	Sifra, Tzav, Chapter 1 8	Zevachim	27b	Zevachim 27b:6	mesorat hashas
Tzav	Lev 6–8 (approx)	Sifra, Tzav, Chapter 1 8	Zevachim	39b	Zevachim 39b:2	mesorat hashas
Tzav	Lev 6–8 (approx)	Sifra, Tzav, Chapter 1 13	Zevachim	42a	Zevachim 42a:4	mesorat hashas
Tzav	Lev 6–8 (approx)	Sifra, Tzav, Chapter 1 13	Zevachim	43a	Zevachim 43a:6	mesorat hashas
Tzav	Lev 6–8 (approx)	Sifra, Tzav, Chapter 1 10	Zevachim	83a	Zevachim 83a:19	mesorat hashas
Tzav	Lev 6–8 (approx)	Sifra, Tzav, Chapter 1 5	Zevachim	83a	Zevachim 83a:16	mesorat hashas
Tzav	Lev 6–8 (approx)	Sifra, Tzav, Chapter 1 2	Zevachim	83b	Zevachim 83b:12	mesorat hashas
Tzav	Lev 6–8 (approx)	Sifra, Tzav, Chapter 1 7	Zevachim	84a	Zevachim 84a:6	mesorat hashas
Tzav	Lev 6–8 (approx)	Sifra, Tzav, Chapter 1 8	Zevachim	84a	Zevachim 84a:8	mesorat hashas
Tzav	Lev 6–8 (approx)	Sifra, Tzav, Chapter 1 9	Zevachim	84a	Zevachim 84a:7	mesorat hashas
Tzav	Lev 6–8 (approx)	Sifra, Tzav, Chapter 1 11	Zevachim	86a	Zevachim 86a:14	mesorat hashas
Tzav	Lev 6–8 (approx)	Sifra, Tzav, Chapter 1 12	Zevachim	88a	Zevachim 88a:5	mesorat hashas
Tzav	Lev 6–8 (approx)	Sifra, Tzav, Section 10 11	Keritot	20b	Keritot 20b:9-10	mesorat hashas
Tzav	Lev 6–8 (approx)	Sifra, Tzav, Chapter 10 5-6	Kiddushin	53a	Kiddushin 53a:2-3	mesorat hashas
Tzav	Lev 6–8 (approx)	Sifra, Tzav, Section 10 9	Kiddushin	61a	Kiddushin 61a:3	mesorat hashas
Tzav	Lev 6–8 (approx)	Sifra, Tzav, Chapter 10 1	Menachot	57a	Menachot 57a:9-10	mesorat hashas
Tzav	Lev 6–8 (approx)	Sifra, Tzav, Chapter 10 3	Menachot	57a	Menachot 57a:9-10	mesorat hashas
Tzav	Lev 6–8 (approx)	Sifra, Tzav, Section 10 9	Menachot	58a	Menachot 58a:15	mesorat hashas
Tzav	Lev 6–8 (approx)	Sifra, Tzav, Chapter 10 1	Menachot	63a	Menachot 63a:8-9	mesorat hashas
Tzav	Lev 6–8 (approx)	Sifra, Tzav, Chapter 10 3	Menachot	72b	Menachot 72b:28-73a:1	mesorat hashas
Tzav	Lev 6–8 (approx)	Sifra, Tzav, Chapter 10 6-7	Menachot	72b	Menachot 72b:28-73a:2	mesorat hashas
Tzav	Lev 6–8 (approx)	Sifra, Tzav, Chapter 10 4-5	Menachot	73a	Menachot 73a:2-3	mesorat hashas
Tzav	Lev 6–8 (approx)	Sifra, Tzav, Section 10 9	Pesachim	43b	Pesachim 43b:5	mesorat hashas
Tzav	Lev 6–8 (approx)	Sifra, Tzav, Section 11 1	Bava Kamma	62b	Bava Kamma 62b:7	mesorat hashas
Tzav	Lev 6–8 (approx)	Sifra, Tzav, Section 11 1-2	Chagigah	16b	Chagigah 16b:15	mesorat hashas
Tzav	Lev 6–8 (approx)	Sifra, Tzav, Section 11 1-2	Eruvin	96b	Eruvin 96b:7	mesorat hashas
Tzav	Lev 6–8 (approx)	Sifra, Tzav, Section 11 1-2	Kiddushin	36a	Kiddushin 36a:16	mesorat hashas
Tzav	Lev 6–8 (approx)	Sifra, Tzav, Section 11 1-2	Menachot	61b	Menachot 61b:7	mesorat hashas
Tzav	Lev 6–8 (approx)	Sifra, Tzav, Section 11 3	Menachot	61b	Menachot 61b:11-12	mesorat hashas
Tzav	Lev 6–8 (approx)	Sifra, Tzav, Section 11 7	Menachot	62a	Menachot 62a:20	mesorat hashas
Tzav	Lev 6–8 (approx)	Sifra, Tzav, Section 11 9	Menachot	62a	Menachot 62a:20	mesorat hashas
Tzav	Lev 6–8 (approx)	Sifra, Tzav, Section 11 6	Menachot	62b	Menachot 62b:8	mesorat hashas
Tzav	Lev 6–8 (approx)	Sifra, Tzav, Section 11 8	Menachot	62b	Menachot 62b:7	mesorat hashas
Tzav	Lev 6–8 (approx)	Sifra, Tzav, Chapter 11 10	Menachot	78b	Menachot 78b:11	mesorat hashas
Tzav	Lev 6–8 (approx)	Sifra, Tzav, Chapter 11 1	Menachot	79b	Menachot 79b:13	mesorat hashas
Tzav	Lev 6–8 (approx)	Sifra, Tzav, Chapter 11 2	Menachot	79b	Menachot 79b:12	mesorat hashas
Tzav	Lev 6–8 (approx)	Sifra, Tzav, Chapter 11 4	Menachot	89a	Menachot 89a:3	mesorat hashas
Tzav	Lev 6–8 (approx)	Sifra, Tzav, Chapter 11 6	Menachot	89a	Menachot 89a:7	mesorat hashas
Tzav	Lev 6–8 (approx)	Sifra, Tzav, Section 11 1	Menachot	94a	Menachot 94a:1	mesorat hashas
Tzav	Lev 6–8 (approx)	Sifra, Tzav, Chapter 11 6	Niddah	72b	Niddah 72b:15	mesorat hashas
Tzav	Lev 6–8 (approx)	Sifra, Tzav, Chapter 11 1	Pesachim	97a	Pesachim 97a:7	mesorat hashas
Tzav	Lev 6–8 (approx)	Sifra, Tzav, Chapter 11 1	Temurah	18b	Temurah 18b:11-12	mesorat hashas
Tzav	Lev 6–8 (approx)	Sifra, Tzav, Chapter 11 2	Temurah	18b	Temurah 18b:13	mesorat hashas
Tzav	Lev 6–8 (approx)	Sifra, Tzav, Chapter 11 1	Temurah	22b	Temurah 22b:17	mesorat hashas
Tzav	Lev 6–8 (approx)	Sifra, Tzav, Chapter 11 1	Temurah	23a	Temurah 23a:4	mesorat hashas
Tzav	Lev 6–8 (approx)	Sifra, Tzav, Section 11 1	Temurah	28b	Temurah 28b:6	mesorat hashas
Tzav	Lev 6–8 (approx)	Sifra, Tzav, Chapter 11 1	Zevachim	111b	Zevachim 111b:17	mesorat hashas
Tzav	Lev 6–8 (approx)	Sifra, Tzav, Chapter 12 15	Beitzah	33a	Beitzah 33a:9	mesorat hashas
Tzav	Lev 6–8 (approx)	Sifra, Tzav, Chapter 12 15	Ketubot	17a	Ketubot 17a:3	mesorat hashas
Tzav	Lev 6–8 (approx)	Sifra, Tzav, Chapter 12 13	Pesachim	3a	Pesachim 3a:3	mesorat hashas
Tzav	Lev 6–8 (approx)	Sifra, Tzav, Chapter 12 14	Pesachim	3a	Pesachim 3a:3	mesorat hashas
Tzav	Lev 6–8 (approx)	Sifra, Tzav, Chapter 12 1	Zevachim	36a	Zevachim 36a:5-6	mesorat hashas
Tzav	Lev 6–8 (approx)	Sifra, Tzav, Chapter 12 14	Zevachim	56b	Zevachim 56b:6	mesorat hashas
Tzav	Lev 6–8 (approx)	Sifra, Tzav, Chapter 13 4	Kiddushin	4a	Kiddushin 4a:6	mesorat hashas
Tzav	Lev 6–8 (approx)	Sifra, Tzav, Chapter 13 5	Meilah	10a	Meilah 10a:6	mesorat hashas
Tzav	Lev 6–8 (approx)	Sifra, Tzav, Chapter 13 5	Menachot	12b	Menachot 12b:2	mesorat hashas
Tzav	Lev 6–8 (approx)	Sifra, Tzav, Chapter 13 7-8	Menachot	14a	Menachot 14a:10-11	mesorat hashas
Tzav	Lev 6–8 (approx)	Sifra, Tzav, Chapter 13 5	Menachot	21b	Menachot 21b:4	mesorat hashas
Tzav	Lev 6–8 (approx)	Sifra, Tzav, Chapter 13 5	Menachot	26b	Menachot 26b:13	mesorat hashas
Tzav	Lev 6–8 (approx)	Sifra, Tzav, Chapter 13 3	Niddah	40b	Niddah 40b:2-3	mesorat hashas
Tzav	Lev 6–8 (approx)	Sifra, Tzav, Chapter 13 5	Shevuot	11a	Shevuot 11a:5	mesorat hashas
Tzav	Lev 6–8 (approx)	Sifra, Tzav, Chapter 13 4	Yevamot	70a	Yevamot 70a:6-7	mesorat hashas
Tzav	Lev 6–8 (approx)	Sifra, Tzav, Chapter 13 3	Zevachim	109a	Zevachim 109a:6	mesorat hashas
Tzav	Lev 6–8 (approx)	Sifra, Tzav, Chapter 13 5	Zevachim	109b	Zevachim 109b:4	mesorat hashas
Tzav	Lev 6–8 (approx)	Sifra, Tzav, Chapter 13 3	Zevachim	26a	Zevachim 26a:22	mesorat hashas
Tzav	Lev 6–8 (approx)	Sifra, Tzav, Chapter 13 3	Zevachim	27b	Zevachim 27b:4	mesorat hashas
Tzav	Lev 6–8 (approx)	Sifra, Tzav, Chapter 13 5	Zevachim	42a	Zevachim 42a:4	mesorat hashas
Tzav	Lev 6–8 (approx)	Sifra, Tzav, Chapter 13 5	Zevachim	43a	Zevachim 43a:6	mesorat hashas
Tzav	Lev 6–8 (approx)	Sifra, Tzav, Chapter 13 4	Zevachim	44a	Zevachim 44a:5-6	mesorat hashas
Tzav	Lev 6–8 (approx)	Sifra, Tzav, Chapter 13 5	Zevachim	44a	Zevachim 44a:9	mesorat hashas
Tzav	Lev 6–8 (approx)	Sifra, Tzav, Chapter 13 7-8	Zevachim	44b	Zevachim 44b:12-13	mesorat hashas
Tzav	Lev 6–8 (approx)	Sifra, Tzav, Chapter 13 3	Zevachim	84a	Zevachim 84a:11	mesorat hashas
Tzav	Lev 6–8 (approx)	Sifra, Tzav, Chapter 14 1	Bekhorot	33a	Bekhorot 33a:10	mesorat hashas
Tzav	Lev 6–8 (approx)	Sifra, Tzav, Chapter 14 1	Menachot	25b	Menachot 25b:7-8	mesorat hashas
Tzav	Lev 6–8 (approx)	Sifra, Tzav, Chapter 14 2	Menachot	95b	Menachot 95b:1	mesorat hashas
Tzav	Lev 6–8 (approx)	Sifra, Tzav, Chapter 14 2	Pesachim	67b	Pesachim 67b:8	mesorat hashas
Tzav	Lev 6–8 (approx)	Sifra, Tzav, Chapter 14 1	Pesachim	95b	Pesachim 95b:10	mesorat hashas
Tzav	Lev 6–8 (approx)	Sifra, Tzav, Chapter 14 2	Pesachim	95b	Pesachim 95b:14	mesorat hashas
Tzav	Lev 6–8 (approx)	Sifra, Tzav, Chapter 15 4	Meilah	10b	Meilah 10b:2-3	mesorat hashas
Tzav	Lev 6–8 (approx)	Sifra, Tzav, Chapter 15 5	Meilah	10b	Meilah 10b:4-5	mesorat hashas
Tzav	Lev 6–8 (approx)	Sifra, Tzav, Chapter 15 4	Shevuot	11a	Shevuot 11a:5	mesorat hashas
Tzav	Lev 6–8 (approx)	Sifra, Tzav, Chapter 15 4	Zevachim	109a	Zevachim 109a:4	mesorat hashas
Tzav	Lev 6–8 (approx)	Sifra, Tzav, Chapter 15 2	Zevachim	43b	Zevachim 43b:12	mesorat hashas
Tzav	Lev 6–8 (approx)	Sifra, Tzav, Chapter 15 3	Zevachim	44a	Zevachim 44a:5-6	mesorat hashas
Tzav	Lev 6–8 (approx)	Sifra, Tzav, Chapter 15 4	Zevachim	45b	Zevachim 45b:8	mesorat hashas
Tzav	Lev 6–8 (approx)	Sifra, Tzav, Chapter 16 9	Chullin	132b	Chullin 132b:16-133a:1	mesorat hashas
Tzav	Lev 6–8 (approx)	Sifra, Tzav, Chapter 16 9	Menachot	18b	Menachot 18b:6	mesorat hashas
Tzav	Lev 6–8 (approx)	Sifra, Tzav, Chapter 16 3	Menachot	61a	Menachot 61a:7	mesorat hashas
Tzav	Lev 6–8 (approx)	Sifra, Tzav, Chapter 16 6	Menachot	62a	Menachot 62a:20	mesorat hashas
Tzav	Lev 6–8 (approx)	Sifra, Tzav, Chapter 16 5	Yoma	9b	Yoma 9b:2	mesorat hashas
Tzav	Lev 6–8 (approx)	Sifra, Tzav, Chapter 16 7	Zevachim	102b	Zevachim 102b:7	mesorat hashas
Tzav	Lev 6–8 (approx)	Sifra, Tzav, Chapter 16 7	Zevachim	98b	Zevachim 98b:10	mesorat hashas
Tzav	Lev 6–8 (approx)	Sifra, Tzav, Chapter 16 8	Zevachim	98b	Zevachim 98b:10	mesorat hashas
Tzav	Lev 6–8 (approx)	Sifra, Tzav, Chapter 17 6	Chullin	130a	Chullin 130a:2	mesorat hashas
Tzav	Lev 6–8 (approx)	Sifra, Tzav, Chapter 17 1	Zevachim	102b	Zevachim 102b:9-11	mesorat hashas
Tzav	Lev 6–8 (approx)	Sifra, Tzav, Chapter 17 2	Zevachim	102b	Zevachim 102b:14-15	mesorat hashas
Tzav	Lev 6–8 (approx)	Sifra, Tzav, Chapter 17 3-4	Zevachim	102b	Zevachim 102b:20-21	mesorat hashas
Tzav	Lev 6–8 (approx)	Sifra, Tzav, Chapter 18 7	Bava Kamma	81b	Bava Kamma 81b:22	mesorat hashas
Tzav	Lev 6–8 (approx)	Sifra, Tzav, Chapter 18 7	Pesachim	73b	Pesachim 73b:12	mesorat hashas
Tzav	Lev 6–8 (approx)	Sifra, Tzav, Chapter 18 7	Yoma	44b	Yoma 44b:13	mesorat hashas
Tzav	Lev 6–8 (approx)	Sifra, Tzav, Chapter 18 5	Zevachim	7b	Zevachim 7b:20	mesorat hashas
Tzav	Lev 6–8 (approx)	Sifra, Tzav, Chapter 18 7	Zevachim	7b	Zevachim 7b:20	mesorat hashas
Tzav	Lev 6–8 (approx)	Sifra, Tzav, Chapter 2 10	Bava Kamma	111a	Bava Kamma 111a:13	mesorat hashas
Tzav	Lev 6–8 (approx)	Sifra, Tzav, Section 2 4	Menachot	19b	Menachot 19b:9-10	mesorat hashas
Tzav	Lev 6–8 (approx)	Sifra, Tzav, Section 2 5	Menachot	24a	Menachot 24a:9	mesorat hashas
Tzav	Lev 6–8 (approx)	Sifra, Tzav, Chapter 2 10	Menachot	49a	Menachot 49a:24	mesorat hashas
Tzav	Lev 6–8 (approx)	Sifra, Tzav, Section 2 3	Menachot	74a	Menachot 74a:1	mesorat hashas
Tzav	Lev 6–8 (approx)	Sifra, Tzav, Chapter 2 10	Pesachim	58b	Pesachim 58b:11	mesorat hashas
Tzav	Lev 6–8 (approx)	Sifra, Tzav, Section 2 4	Sotah	14b	Sotah 14b:13	mesorat hashas
Tzav	Lev 6–8 (approx)	Sifra, Tzav, Chapter 2 4	Tamid	28b	Tamid 28b:8-9	mesorat hashas
Tzav	Lev 6–8 (approx)	Sifra, Tzav, Section 2 10	Yevamot	39b	Yevamot 39b:18	mesorat hashas
Tzav	Lev 6–8 (approx)	Sifra, Tzav, Section 2 9	Yevamot	39b	Yevamot 39b:18	mesorat hashas
Tzav	Lev 6–8 (approx)	Sifra, Tzav, Chapter 2 1	Yoma	12a	Yoma 12a:10	mesorat hashas
Tzav	Lev 6–8 (approx)	Sifra, Tzav, Chapter 2 1	Yoma	23b	Yoma 23b:13-14	mesorat hashas
Tzav	Lev 6–8 (approx)	Sifra, Tzav, Chapter 2 6	Yoma	23b	Yoma 23b:4-5	mesorat hashas
Tzav	Lev 6–8 (approx)	Sifra, Tzav, Chapter 2 10	Yoma	33b	Yoma 33b:13-34a:1	mesorat hashas
Tzav	Lev 6–8 (approx)	Sifra, Tzav, Chapter 2 8	Yoma	33b	Yoma 33b:12	mesorat hashas
Tzav	Lev 6–8 (approx)	Sifra, Tzav, Chapter 2 4	Yoma	45a	Yoma 45a:15-45b:1	mesorat hashas
Tzav	Lev 6–8 (approx)	Sifra, Tzav, Chapter 2 7	Yoma	45a	Yoma 45a:11	mesorat hashas
Tzav	Lev 6–8 (approx)	Sifra, Tzav, Chapter 2 1	Yoma	69a	Yoma 69a:4	mesorat hashas
Tzav	Lev 6–8 (approx)	Sifra, Tzav, Chapter 2 1	Yoma	6a	Yoma 6a:1	mesorat hashas
Tzav	Lev 6–8 (approx)	Sifra, Tzav, Chapter 2 9	Zevachim	109a	Zevachim 109a:3	mesorat hashas
Tzav	Lev 6–8 (approx)	Sifra, Tzav, Chapter 2 1	Zevachim	18b	Zevachim 18b:13	mesorat hashas
Tzav	Lev 6–8 (approx)	Sifra, Tzav, Section 2 4	Zevachim	63b	Zevachim 63b:4-5	mesorat hashas
Tzav	Lev 6–8 (approx)	Sifra, Tzav, Section 2 5	Zevachim	63b	Zevachim 63b:6-7	mesorat hashas
Tzav	Lev 6–8 (approx)	Sifra, Tzav, Chapter 3 3	Chullin	21b	Chullin 21b:1-2	mesorat hashas
Tzav	Lev 6–8 (approx)	Sifra, Tzav, Chapter 3 4	Menachot	2b	Menachot 2b:11-12	mesorat hashas
Tzav	Lev 6–8 (approx)	Sifra, Tzav, Section 3 6	Menachot	50b	Menachot 50b:8	mesorat hashas
Tzav	Lev 6–8 (approx)	Sifra, Tzav, Section 3 7	Menachot	50b	Menachot 50b:7-8	mesorat hashas
Tzav	Lev 6–8 (approx)	Sifra, Tzav, Section 3 8	Menachot	50b	Menachot 50b:8	mesorat hashas
Tzav	Lev 6–8 (approx)	Sifra, Tzav, Section 3 9	Menachot	50b	Menachot 50b:5	mesorat hashas
Tzav	Lev 6–8 (approx)	Sifra, Tzav, Section 3 1	Menachot	51b	Menachot 51b:7	mesorat hashas
Tzav	Lev 6–8 (approx)	Sifra, Tzav, Section 3 2	Menachot	51b	Menachot 51b:8	mesorat hashas
Tzav	Lev 6–8 (approx)	Sifra, Tzav, Chapter 3 1	Menachot	55b	Menachot 55b:1-2	mesorat hashas
Tzav	Lev 6–8 (approx)	Sifra, Tzav, Chapter 3 1	Menachot	56a	Menachot 56a:17	mesorat hashas
Tzav	Lev 6–8 (approx)	Sifra, Tzav, Chapter 3 3	Menachot	83a	Menachot 83a:10	mesorat hashas
Tzav	Lev 6–8 (approx)	Sifra, Tzav, Chapter 3 6	Nazir	37b	Nazir 37b:8-9	mesorat hashas
Tzav	Lev 6–8 (approx)	Sifra, Tzav, Chapter 3 6	Pesachim	45a	Pesachim 45a:2-3	mesorat hashas
Tzav	Lev 6–8 (approx)	Sifra, Tzav, Chapter 3 6	Rosh Hashanah	9b	Rosh Hashanah 9b:2	mesorat hashas
Tzav	Lev 6–8 (approx)	Sifra, Tzav, Chapter 3 4	Zevachim	11a	Zevachim 11a:13	mesorat hashas
Tzav	Lev 6–8 (approx)	Sifra, Tzav, Chapter 3 6	Zevachim	97b	Zevachim 97b:1-2	mesorat hashas
Tzav	Lev 6–8 (approx)	Sifra, Tzav, Chapter 3 3	Zevachim	98a	Zevachim 98a:8	mesorat hashas
Tzav	Lev 6–8 (approx)	Sifra, Tzav, Mechilta d'Miluim 1 37	Yoma	2a	Yoma 2a:1	mesorat hashas
Tzav	Lev 6–8 (approx)	Sifra, Tzav, Mechilta d'Miluim 1 37	Yoma	4a	Yoma 4a:6	mesorat hashas
Tzav	Lev 6–8 (approx)	Sifra, Tzav, Chapter 4 5	Bava Kamma	81b	Bava Kamma 81b:22	mesorat hashas
Tzav	Lev 6–8 (approx)	Sifra, Tzav, Chapter 4 6	Menachot	50b	Menachot 50b:18	mesorat hashas
Tzav	Lev 6–8 (approx)	Sifra, Tzav, Chapter 4 1	Menachot	51a	Menachot 51a:2-4	mesorat hashas
Tzav	Lev 6–8 (approx)	Sifra, Tzav, Chapter 4 5	Menachot	51a	Menachot 51a:10-11	mesorat hashas
Tzav	Lev 6–8 (approx)	Sifra, Tzav, Section 4 5	Nazir	37b	Nazir 37b:8	mesorat hashas
Tzav	Lev 6–8 (approx)	Sifra, Tzav, Section 4 5	Pesachim	45a	Pesachim 45a:2	mesorat hashas
Tzav	Lev 6–8 (approx)	Sifra, Tzav, Chapter 4 5	Pesachim	73b	Pesachim 73b:12	mesorat hashas
Tzav	Lev 6–8 (approx)	Sifra, Tzav, Section 4 5	Rosh Hashanah	9b	Rosh Hashanah 9b:2	mesorat hashas
Tzav	Lev 6–8 (approx)	Sifra, Tzav, Chapter 4 5	Yoma	44b	Yoma 44b:13	mesorat hashas
Tzav	Lev 6–8 (approx)	Sifra, Tzav, Section 4 3	Zevachim	52b	Zevachim 52b:2-3	mesorat hashas
Tzav	Lev 6–8 (approx)	Sifra, Tzav, Section 4 5	Zevachim	97a	Zevachim 97a:21-97b:3	mesorat hashas
Tzav	Lev 6–8 (approx)	Sifra, Tzav, Section 5 5	Avodah Zarah	47b	Avodah Zarah 47b:11	mesorat hashas
Tzav	Lev 6–8 (approx)	Sifra, Tzav, Section 5 5	Eruvin	71a	Eruvin 71a:4-5	mesorat hashas
Tzav	Lev 6–8 (approx)	Sifra, Tzav, Section 5 5	Gittin	18a	Gittin 18a:10	mesorat hashas
Tzav	Lev 6–8 (approx)	Sifra, Tzav, Chapter 5 1	Horayot	12a	Horayot 12a:19	mesorat hashas
Tzav	Lev 6–8 (approx)	Sifra, Tzav, Chapter 5 4	Horayot	12b	Horayot 12b:11	mesorat hashas
Tzav	Lev 6–8 (approx)	Sifra, Tzav, Chapter 5 1	Megillah	9b	Megillah 9b:10	mesorat hashas
Tzav	Lev 6–8 (approx)	Sifra, Tzav, Section 5 6	Menachot	102b	Menachot 102b:1	mesorat hashas
Tzav	Lev 6–8 (approx)	Sifra, Tzav, Chapter 5 3	Menachot	51b	Menachot 51b:3	mesorat hashas
Tzav	Lev 6–8 (approx)	Sifra, Tzav, Section 5 2	Pesachim	98a	Pesachim 98a:12	mesorat hashas
Tzav	Lev 6–8 (approx)	Sifra, Tzav, Section 5 5	Rosh Hashanah	9b	Rosh Hashanah 9b:2	mesorat hashas
Tzav	Lev 6–8 (approx)	Sifra, Tzav, Section 5 5	Sanhedrin	4b	Sanhedrin 4b:9	mesorat hashas
Tzav	Lev 6–8 (approx)	Sifra, Tzav, Section 5 2	Temurah	19a	Temurah 19a:2	mesorat hashas
Tzav	Lev 6–8 (approx)	Sifra, Tzav, Chapter 5 1	Yoma	72b	Yoma 72b:21-73a:1	mesorat hashas
Tzav	Lev 6–8 (approx)	Sifra, Tzav, Section 5 9	Zevachim	102a	Zevachim 102a:21	mesorat hashas
Tzav	Lev 6–8 (approx)	Sifra, Tzav, Section 5 6-7	Zevachim	10a	Zevachim 10a:17-18	mesorat hashas
Tzav	Lev 6–8 (approx)	Sifra, Tzav, Section 5 6	Zevachim	2a	Zevachim 2a:2	mesorat hashas
Tzav	Lev 6–8 (approx)	Sifra, Tzav, Section 5 5	Zevachim	38a	Zevachim 38a:8	mesorat hashas
Tzav	Lev 6–8 (approx)	Sifra, Tzav, Section 5 5	Zevachim	39b	Zevachim 39b:3	mesorat hashas
Tzav	Lev 6–8 (approx)	Sifra, Tzav, Chapter 6 1	Meilah	5a	Meilah 5a:10-11	mesorat hashas
Tzav	Lev 6–8 (approx)	Sifra, Tzav, Chapter 6 5	Menachot	7b	Menachot 7b:15	mesorat hashas
Tzav	Lev 6–8 (approx)	Sifra, Tzav, Section 6 11	Menachot	82a	Menachot 82a:10	mesorat hashas
Tzav	Lev 6–8 (approx)	Sifra, Tzav, Section 6 11	Menachot	83b	Menachot 83b:1	mesorat hashas
Tzav	Lev 6–8 (approx)	Sifra, Tzav, Section 6 11	Pesachim	70b	Pesachim 70b:6	mesorat hashas
Tzav	Lev 6–8 (approx)	Sifra, Tzav, Chapter 6 1	Pesachim	83a	Pesachim 83a:10	mesorat hashas
Tzav	Lev 6–8 (approx)	Sifra, Tzav, Section 6 7	Rosh Hashanah	9b	Rosh Hashanah 9b:2	mesorat hashas
Tzav	Lev 6–8 (approx)	Sifra, Tzav, Section 6 1	Zevachim	120a	Zevachim 120a:16	mesorat hashas
Tzav	Lev 6–8 (approx)	Sifra, Tzav, Section 6 2	Zevachim	120a	Zevachim 120a:17-120b:1	mesorat hashas
Tzav	Lev 6–8 (approx)	Sifra, Tzav, Chapter 6 5	Zevachim	38b	Zevachim 38b:12	mesorat hashas
Tzav	Lev 6–8 (approx)	Sifra, Tzav, Section 6 4	Zevachim	49a	Zevachim 49a:5	mesorat hashas
Tzav	Lev 6–8 (approx)	Sifra, Tzav, Section 6 5	Zevachim	49a	Zevachim 49a:5	mesorat hashas
Tzav	Lev 6–8 (approx)	Sifra, Tzav, Section 6 11	Zevachim	7b	Zevachim 7b:16	mesorat hashas
Tzav	Lev 6–8 (approx)	Sifra, Tzav, Chapter 6 1	Zevachim	93a	Zevachim 93a:12-13	mesorat hashas
Tzav	Lev 6–8 (approx)	Sifra, Tzav, Chapter 6 4	Zevachim	93a	Zevachim 93a:16	mesorat hashas
Tzav	Lev 6–8 (approx)	Sifra, Tzav, Chapter 6 5	Zevachim	93a	Zevachim 93a:15	mesorat hashas
Tzav	Lev 6–8 (approx)	Sifra, Tzav, Chapter 6 6	Zevachim	93b	Zevachim 93b:18-19	mesorat hashas
Tzav	Lev 6–8 (approx)	Sifra, Tzav, Chapter 6 3	Zevachim	94a	Zevachim 94a:5	mesorat hashas
Tzav	Lev 6–8 (approx)	Sifra, Tzav, Chapter 6 8	Zevachim	94b	Zevachim 94b:13-14	mesorat hashas
Tzav	Lev 6–8 (approx)	Sifra, Tzav, Section 6 11	Zevachim	9a	Zevachim 9a:23	mesorat hashas
Tzav	Lev 6–8 (approx)	Sifra, Tzav, Chapter 7 4	Meilah	5a	Meilah 5a:10-11	mesorat hashas
Tzav	Lev 6–8 (approx)	Sifra, Tzav, Section 7 1	Menachot	51a	Menachot 51a:3-4	mesorat hashas
Tzav	Lev 6–8 (approx)	Sifra, Tzav, Section 7 1	Menachot	77b	Menachot 77b:1	mesorat hashas
Tzav	Lev 6–8 (approx)	Sifra, Tzav, Section 7 4	Menachot	77b	Menachot 77b:8	mesorat hashas
Tzav	Lev 6–8 (approx)	Sifra, Tzav, Section 7 6-7	Menachot	77b	Menachot 77b:10-12	mesorat hashas
Tzav	Lev 6–8 (approx)	Sifra, Tzav, Section 7 9	Menachot	77b	Menachot 77b:16	mesorat hashas
Tzav	Lev 6–8 (approx)	Sifra, Tzav, Section 7 7	Menachot	83b	Menachot 83b:10	mesorat hashas
Tzav	Lev 6–8 (approx)	Sifra, Tzav, Chapter 7 6	Zevachim	102a	Zevachim 102a:21	mesorat hashas
Tzav	Lev 6–8 (approx)	Sifra, Tzav, Section 7 7	Zevachim	57b	Zevachim 57b:2-3	mesorat hashas
Tzav	Lev 6–8 (approx)	Sifra, Tzav, Section 7 8-9	Zevachim	57b	Zevachim 57b:4-5	mesorat hashas
Tzav	Lev 6–8 (approx)	Sifra, Tzav, Chapter 7 4	Zevachim	93a	Zevachim 93a:12	mesorat hashas
Tzav	Lev 6–8 (approx)	Sifra, Tzav, Chapter 7 1	Zevachim	95b	Zevachim 95b:4	mesorat hashas
Tzav	Lev 6–8 (approx)	Sifra, Tzav, Chapter 7 2	Zevachim	96b	Zevachim 96b:18-97a:1	mesorat hashas
Tzav	Lev 6–8 (approx)	Sifra, Tzav, Chapter 7 6	Zevachim	96b	Zevachim 96b:10-11	mesorat hashas
Tzav	Lev 6–8 (approx)	Sifra, Tzav, Chapter 7 5	Zevachim	97a	Zevachim 97a:12	mesorat hashas
Tzav	Lev 6–8 (approx)	Sifra, Tzav, Chapter 7 7	Zevachim	97a	Zevachim 97a:12	mesorat hashas
Tzav	Lev 6–8 (approx)	Sifra, Tzav, Chapter 8 1	Bava Metzia	44a	Bava Metzia 44a:2	mesorat hashas
Tzav	Lev 6–8 (approx)	Sifra, Tzav, Chapter 8 1	Kiddushin	42b	Kiddushin 42b:12	mesorat hashas
Tzav	Lev 6–8 (approx)	Sifra, Tzav, Chapter 8 7	Meilah	17b	Meilah 17b:9	mesorat hashas
Tzav	Lev 6–8 (approx)	Sifra, Tzav, Section 8 1	Niddah	72b	Niddah 72b:4-5	mesorat hashas
Tzav	Lev 6–8 (approx)	Sifra, Tzav, Chapter 8 5	Pesachim	24a	Pesachim 24a:3	mesorat hashas
Tzav	Lev 6–8 (approx)	Sifra, Tzav, Chapter 8 7	Pesachim	24a	Pesachim 24a:6	mesorat hashas
Tzav	Lev 6–8 (approx)	Sifra, Tzav, Section 8 7	Pesachim	3a	Pesachim 3a:3	mesorat hashas
Tzav	Lev 6–8 (approx)	Sifra, Tzav, Section 8 8	Pesachim	3a	Pesachim 3a:3	mesorat hashas
Tzav	Lev 6–8 (approx)	Sifra, Tzav, Chapter 8 5	Pesachim	82b	Pesachim 82b:2-3	mesorat hashas
Tzav	Lev 6–8 (approx)	Sifra, Tzav, Chapter 8 8	Pesachim	83a	Pesachim 83a:1	mesorat hashas
Tzav	Lev 6–8 (approx)	Sifra, Tzav, Section 8 3	Rosh Hashanah	6a	Rosh Hashanah 6a:2	mesorat hashas
Tzav	Lev 6–8 (approx)	Sifra, Tzav, Chapter 8 1	Yevamot	70a	Yevamot 70a:6-7	mesorat hashas
Tzav	Lev 6–8 (approx)	Sifra, Tzav, Chapter 8 4	Yoma	44a	Yoma 44a:1	mesorat hashas
Tzav	Lev 6–8 (approx)	Sifra, Tzav, Chapter 8 4	Yoma	53a	Yoma 53a:13	mesorat hashas
Tzav	Lev 6–8 (approx)	Sifra, Tzav, Section 8 1	Zevachim	13a	Zevachim 13a:19	mesorat hashas
Tzav	Lev 6–8 (approx)	Sifra, Tzav, Section 8 4	Zevachim	13a	Zevachim 13a:19	mesorat hashas
Tzav	Lev 6–8 (approx)	Sifra, Tzav, Section 8 5	Zevachim	13a	Zevachim 13a:8-9	mesorat hashas
Tzav	Lev 6–8 (approx)	Sifra, Tzav, Section 8 5	Zevachim	15b	Zevachim 15b:3	mesorat hashas
Tzav	Lev 6–8 (approx)	Sifra, Tzav, Section 8 1	Zevachim	29a	Zevachim 29a:9	mesorat hashas
Tzav	Lev 6–8 (approx)	Sifra, Tzav, Section 8 2-3	Zevachim	29a	Zevachim 29a:10-11	mesorat hashas
Tzav	Lev 6–8 (approx)	Sifra, Tzav, Section 8 7	Zevachim	56b	Zevachim 56b:6	mesorat hashas
Tzav	Lev 6–8 (approx)	Sifra, Tzav, Section 8 8	Zevachim	56b	Zevachim 56b:6	mesorat hashas
Tzav	Lev 6–8 (approx)	Sifra, Tzav, Chapter 8 1	Zevachim	82a	Zevachim 82a:6-7	mesorat hashas
Tzav	Lev 6–8 (approx)	Sifra, Tzav, Chapter 8 2	Zevachim	82a	Zevachim 82a:13-14	mesorat hashas
Tzav	Lev 6–8 (approx)	Sifra, Tzav, Chapter 8 4	Zevachim	82a	Zevachim 82a:14-15	mesorat hashas
Tzav	Lev 6–8 (approx)	Sifra, Tzav, Chapter 8 8	Zevachim	82a	Zevachim 82a:11	mesorat hashas
Tzav	Lev 6–8 (approx)	Sifra, Tzav, Section 9 2	Chagigah	24a	Chagigah 24a:5	mesorat hashas
Tzav	Lev 6–8 (approx)	Sifra, Tzav, Mechilta d'Miluim 1 9	Horayot	11b	Horayot 11b:8	mesorat hashas
Tzav	Lev 6–8 (approx)	Sifra, Tzav, Mechilta d'Miluim 1 9	Keritot	5b	Keritot 5b:1-2	mesorat hashas
Tzav	Lev 6–8 (approx)	Sifra, Tzav, Section 9 8	Menachot	25b	Menachot 25b:6-7	mesorat hashas
Tzav	Lev 6–8 (approx)	Sifra, Tzav, Section 9 9	Menachot	25b	Menachot 25b:13	mesorat hashas
Tzav	Lev 6–8 (approx)	Sifra, Tzav, Section 9 4	Niddah	40b	Niddah 40b:2-3	mesorat hashas
Tzav	Lev 6–8 (approx)	Sifra, Tzav, Section 9 2	Pesachim	18b	Pesachim 18b:14-16	mesorat hashas
Tzav	Lev 6–8 (approx)	Sifra, Tzav, Section 9 7	Pesachim	84b	Pesachim 84b:16-18	mesorat hashas
Tzav	Lev 6–8 (approx)	Sifra, Tzav, Section 9 2	Sotah	29b	Sotah 29b:9-11	mesorat hashas
Tzav	Lev 6–8 (approx)	Sifra, Tzav, Chapter 9 2	Sotah	46a	Sotah 46a:16	mesorat hashas
Tzav	Lev 6–8 (approx)	Sifra, Tzav, Chapter 9 1	Zevachim	103a	Zevachim 103a:4	mesorat hashas
Tzav	Lev 6–8 (approx)	Sifra, Tzav, Chapter 9 2	Zevachim	103a	Zevachim 103a:20-103b:2	mesorat hashas
Tzav	Lev 6–8 (approx)	Sifra, Tzav, Chapter 9 3	Zevachim	103b	Zevachim 103b:2	mesorat hashas
Tzav	Lev 6–8 (approx)	Sifra, Tzav, Chapter 9 4	Zevachim	103b	Zevachim 103b:4-6	mesorat hashas
Tzav	Lev 6–8 (approx)	Sifra, Tzav, Chapter 9 5	Zevachim	103b	Zevachim 103b:7-8	mesorat hashas
Tzav	Lev 6–8 (approx)	Sifra, Tzav, Section 9 4	Zevachim	109a	Zevachim 109a:6	mesorat hashas
Tzav	Lev 6–8 (approx)	Sifra, Tzav, Section 9 4	Zevachim	26a	Zevachim 26a:22	mesorat hashas
Tzav	Lev 6–8 (approx)	Sifra, Tzav, Section 9 4	Zevachim	27b	Zevachim 27b:4	mesorat hashas
Tzav	Lev 6–8 (approx)	Sifra, Tzav, Section 9 4	Zevachim	84a	Zevachim 84a:6	mesorat hashas
Vayikra	Lev 4–5 (approx)	Sifra, Vayikra Dibbura d'Chovah, Chapter 1 8	Chullin	91b	Chullin 91b:5	mesorat hashas
Vayikra	Lev 4–5 (approx)	Sifra, Vayikra Dibbura d'Chovah, Chapter 1 1	Horayot	8a	Horayot 8a:14	mesorat hashas
Vayikra	Lev 4–5 (approx)	Sifra, Vayikra Dibbura d'Chovah, Chapter 1 3	Horayot	8a	Horayot 8a:14	mesorat hashas
Vayikra	Lev 4–5 (approx)	Sifra, Vayikra Dibbura d'Chovah, Section 1 7	Horayot	8a	Horayot 8a:14	mesorat hashas
Vayikra	Lev 4–5 (approx)	Sifra, Vayikra Dibbura d'Chovah, Chapter 1 10	Keritot	15a	Keritot 15a:6-7	mesorat hashas
Vayikra	Lev 4–5 (approx)	Sifra, Vayikra Dibbura d'Chovah, Chapter 1 11	Keritot	15a	Keritot 15a:6-7	mesorat hashas
Vayikra	Lev 4–5 (approx)	Sifra, Vayikra Dibbura d'Chovah, Chapter 1 13	Keritot	15a	Keritot 15a:6	mesorat hashas
Vayikra	Lev 4–5 (approx)	Sifra, Vayikra Dibbura d'Chovah, Chapter 1 8	Keritot	15a	Keritot 15a:16	mesorat hashas
Vayikra	Lev 4–5 (approx)	Sifra, Vayikra Dibbura d'Chovah, Chapter 1 8	Keritot	15a	Keritot 15a:6	mesorat hashas
Vayikra	Lev 4–5 (approx)	Sifra, Vayikra Dibbura d'Chovah, Chapter 1 9	Keritot	15a	Keritot 15a:28-15b:2	mesorat hashas
Vayikra	Lev 4–5 (approx)	Sifra, Vayikra Dibbura d'Chovah, Chapter 1 10	Keritot	15b	Keritot 15b:17-18	mesorat hashas
Vayikra	Lev 4–5 (approx)	Sifra, Vayikra Dibbura d'Chovah, Chapter 1 10	Keritot	15b	Keritot 15b:9-10	mesorat hashas
Vayikra	Lev 4–5 (approx)	Sifra, Vayikra Dibbura d'Chovah, Chapter 1 11	Keritot	15b	Keritot 15b:17-18	mesorat hashas
Vayikra	Lev 4–5 (approx)	Sifra, Vayikra Dibbura d'Chovah, Chapter 1 11	Keritot	15b	Keritot 15b:9-10	mesorat hashas
Vayikra	Lev 4–5 (approx)	Sifra, Vayikra Dibbura d'Chovah, Chapter 1 12	Keritot	15b	Keritot 15b:13-15	mesorat hashas
Vayikra	Lev 4–5 (approx)	Sifra, Vayikra Dibbura d'Chovah, Chapter 1 13	Keritot	15b	Keritot 15b:11	mesorat hashas
Vayikra	Lev 4–5 (approx)	Sifra, Vayikra Dibbura d'Chovah, Chapter 1 13	Keritot	15b	Keritot 15b:19	mesorat hashas
Vayikra	Lev 4–5 (approx)	Sifra, Vayikra Dibbura d'Chovah, Chapter 1 8	Keritot	15b	Keritot 15b:11	mesorat hashas
Vayikra	Lev 4–5 (approx)	Sifra, Vayikra Dibbura d'Chovah, Chapter 1 8	Keritot	15b	Keritot 15b:19	mesorat hashas
Vayikra	Lev 4–5 (approx)	Sifra, Vayikra Dibbura d'Chovah, Chapter 1 10	Keritot	16a	Keritot 16a:8-9	mesorat hashas
Vayikra	Lev 4–5 (approx)	Sifra, Vayikra Dibbura d'Chovah, Chapter 1 11	Keritot	16a	Keritot 16a:8-9	mesorat hashas
Vayikra	Lev 4–5 (approx)	Sifra, Vayikra Dibbura d'Chovah, Chapter 1 13	Keritot	16a	Keritot 16a:8	mesorat hashas
Vayikra	Lev 4–5 (approx)	Sifra, Vayikra Dibbura d'Chovah, Chapter 1 8	Keritot	16a	Keritot 16a:8-9	mesorat hashas
Vayikra	Lev 4–5 (approx)	Sifra, Vayikra Dibbura d'Chovah, Chapter 1 7	Keritot	16b	Keritot 16b:4	mesorat hashas
Vayikra	Lev 4–5 (approx)	Sifra, Vayikra Dibbura d'Chovah, Chapter 1 10	Keritot	17a	Keritot 17a:20	mesorat hashas
Vayikra	Lev 4–5 (approx)	Sifra, Vayikra Dibbura d'Chovah, Chapter 1 11	Keritot	17a	Keritot 17a:20	mesorat hashas
Vayikra	Lev 4–5 (approx)	Sifra, Vayikra Dibbura d'Chovah, Chapter 1 13	Keritot	17a	Keritot 17a:20-21	mesorat hashas
Vayikra	Lev 4–5 (approx)	Sifra, Vayikra Dibbura d'Chovah, Chapter 1 8	Keritot	17a	Keritot 17a:20	mesorat hashas
Vayikra	Lev 4–5 (approx)	Sifra, Vayikra Dibbura d'Chovah, Chapter 1 1	Keritot	22b	Keritot 22b:4-5	mesorat hashas
Vayikra	Lev 4–5 (approx)	Sifra, Vayikra Dibbura d'Chovah, Chapter 1 3	Keritot	22b	Keritot 22b:4-5	mesorat hashas
Vayikra	Lev 4–5 (approx)	Sifra, Vayikra Dibbura d'Chovah, Section 1 7	Keritot	22b	Keritot 22b:4-5	mesorat hashas
Vayikra	Lev 4–5 (approx)	Sifra, Vayikra Dibbura d'Chovah, Chapter 1 13	Keritot	9a	Keritot 9a:29	mesorat hashas
Vayikra	Lev 4–5 (approx)	Sifra, Vayikra Dibbura d'Chovah, Chapter 1 8	Keritot	9a	Keritot 9a:29	mesorat hashas
Vayikra	Lev 4–5 (approx)	Sifra, Vayikra Dibbura d'Chovah, Chapter 1 10	Makkot	14a	Makkot 14a:7-8	mesorat hashas
Vayikra	Lev 4–5 (approx)	Sifra, Vayikra Dibbura d'Chovah, Chapter 1 11	Makkot	14a	Makkot 14a:7	mesorat hashas
Vayikra	Lev 4–5 (approx)	Sifra, Vayikra Dibbura d'Chovah, Chapter 1 8	Makkot	14a	Makkot 14a:7	mesorat hashas
Vayikra	Lev 4–5 (approx)	Sifra, Vayikra Dibbura d'Chovah, Section 1 13	Nedarim	46a	Nedarim 46a:4	mesorat hashas
Vayikra	Lev 4–5 (approx)	Sifra, Vayikra Dibbura d'Chovah, Section 1 12	Niddah	45a	Niddah 45a	unknown
Vayikra	Lev 4–5 (approx)	Sifra, Vayikra Dibbura d'Chovah, Chapter 1 13	Pesachim	32a	Pesachim 32a:10	mesorat hashas
Vayikra	Lev 4–5 (approx)	Sifra, Vayikra Dibbura d'Chovah, Chapter 1 2	Sanhedrin	35b	Sanhedrin 35b:9	mesorat hashas
Vayikra	Lev 4–5 (approx)	Sifra, Vayikra Dibbura d'Chovah, Section 1 8	Sanhedrin	54b	Sanhedrin 54b:19	mesorat hashas
Vayikra	Lev 4–5 (approx)	Sifra, Vayikra Dibbura d'Chovah, Section 1 9	Sanhedrin	75a	Sanhedrin 75a:16	mesorat hashas
Vayikra	Lev 4–5 (approx)	Sifra, Vayikra Dibbura d'Chovah, Chapter 1 3	Sanhedrin	84b	Sanhedrin 84b:1	mesorat hashas
Vayikra	Lev 4–5 (approx)	Sifra, Vayikra Dibbura d'Chovah, Chapter 1 1	Sanhedrin	87a	Sanhedrin 87a:7	mesorat hashas
Vayikra	Lev 4–5 (approx)	Sifra, Vayikra Dibbura d'Chovah, Chapter 1 3	Sanhedrin	87a	Sanhedrin 87a:7	mesorat hashas
Vayikra	Lev 4–5 (approx)	Sifra, Vayikra Dibbura d'Chovah, Section 1 7	Sanhedrin	87a	Sanhedrin 87a:7	mesorat hashas
Vayikra	Lev 4–5 (approx)	Sifra, Vayikra Dibbura d'Chovah, Chapter 1 4	Shabbat	103a	Shabbat 103a:8	mesorat hashas
Vayikra	Lev 4–5 (approx)	Sifra, Vayikra Dibbura d'Chovah, Chapter 1 6	Shabbat	103a	Shabbat 103a:12-13	mesorat hashas
Vayikra	Lev 4–5 (approx)	Sifra, Vayikra Dibbura d'Chovah, Section 1 11	Shabbat	45a	Shabbat 45a	unknown
Vayikra	Lev 4–5 (approx)	Sifra, Vayikra Dibbura d'Chovah, Chapter 1 7	Shabbat	67b	Shabbat 67b:17	mesorat hashas
Vayikra	Lev 4–5 (approx)	Sifra, Vayikra Dibbura d'Chovah, Chapter 1 1	Shabbat	69a	Shabbat 69a:1	mesorat hashas
Vayikra	Lev 4–5 (approx)	Sifra, Vayikra Dibbura d'Chovah, Chapter 1 3	Shabbat	69a	Shabbat 69a:1	mesorat hashas
Vayikra	Lev 4–5 (approx)	Sifra, Vayikra Dibbura d'Chovah, Section 1 7	Shabbat	69a	Shabbat 69a:1	mesorat hashas
Vayikra	Lev 4–5 (approx)	Sifra, Vayikra Dibbura d'Chovah, Chapter 1 13	Shevuot	28b	Shevuot 28b:10	mesorat hashas
Vayikra	Lev 4–5 (approx)	Sifra, Vayikra Dibbura d'Chovah, Chapter 1 8	Shevuot	28b	Shevuot 28b:10	mesorat hashas
Vayikra	Lev 4–5 (approx)	Sifra, Vayikra Dibbura d'Chovah, Chapter 1 2	Yevamot	6b	Yevamot 6b:9	mesorat hashas
Vayikra	Lev 4–5 (approx)	Sifra, Vayikra Dibbura d'Chovah, Chapter 1 1	Yevamot	9a	Yevamot 9a:1	mesorat hashas
Vayikra	Lev 4–5 (approx)	Sifra, Vayikra Dibbura d'Chovah, Chapter 1 3	Yevamot	9a	Yevamot 9a:1	mesorat hashas
Vayikra	Lev 4–5 (approx)	Sifra, Vayikra Dibbura d'Chovah, Section 1 7	Yevamot	9a	Yevamot 9a:1	mesorat hashas
Vayikra	Lev 4–5 (approx)	Sifra, Vayikra Dibbura d'Chovah, Chapter 1 1	Zevachim	48a	Zevachim 48a:9	mesorat hashas
Vayikra	Lev 4–5 (approx)	Sifra, Vayikra Dibbura d'Chovah, Chapter 1 3	Zevachim	48a	Zevachim 48a:9	mesorat hashas
Vayikra	Lev 4–5 (approx)	Sifra, Vayikra Dibbura d'Chovah, Section 1 7	Zevachim	48a	Zevachim 48a:9	mesorat hashas
Vayikra	Lev 4–5 (approx)	Sifra, Vayikra Dibbura d'Chovah, Section 1 6	Zevachim	91a	Zevachim 91a:8-9	mesorat hashas
Vayikra	Lev 4–5 (approx)	Sifra, Vayikra Dibbura d'Chovah, Section 10 9-10	Keritot	27b	Keritot 27b:12-13	mesorat hashas
Vayikra	Lev 4–5 (approx)	Sifra, Vayikra Dibbura d'Chovah, Chapter 10 10	Keritot	28a	Keritot 28a:27-28	mesorat hashas
Vayikra	Lev 4–5 (approx)	Sifra, Vayikra Dibbura d'Chovah, Chapter 10 9	Keritot	28a	Keritot 28a:27	mesorat hashas
Vayikra	Lev 4–5 (approx)	Sifra, Vayikra Dibbura d'Chovah, Chapter 10 9	Pesachim	57b	Pesachim 57b:2	mesorat hashas
Vayikra	Lev 4–5 (approx)	Sifra, Vayikra Dibbura d'Chovah, Chapter 10 1	Yevamot	87b	Yevamot 87b:19	mesorat hashas
Vayikra	Lev 4–5 (approx)	Sifra, Vayikra Dibbura d'Chovah, Chapter 10 4-5	Yoma	57b	Yoma 57b:9-10	mesorat hashas
Vayikra	Lev 4–5 (approx)	Sifra, Vayikra Dibbura d'Chovah, Chapter 10 4-5	Zevachim	34b	Zevachim 34b:7-8	mesorat hashas
Vayikra	Lev 4–5 (approx)	Sifra, Vayikra Dibbura d'Chovah, Section 11 5	Keritot	18b	Keritot 18b:16	mesorat hashas
Vayikra	Lev 4–5 (approx)	Sifra, Vayikra Dibbura d'Chovah, Section 11 1	Meilah	18a	Meilah 18a:13-14	mesorat hashas
Vayikra	Lev 4–5 (approx)	Sifra, Vayikra Dibbura d'Chovah, Section 11 2	Meilah	18b	Meilah 18b:2-4	mesorat hashas
Vayikra	Lev 4–5 (approx)	Sifra, Vayikra Dibbura d'Chovah, Section 11 5	Meilah	18b	Meilah 18b:10	mesorat hashas
Vayikra	Lev 4–5 (approx)	Sifra, Vayikra Dibbura d'Chovah, Section 11 6	Meilah	18b	Meilah 18b:7-8	mesorat hashas
Vayikra	Lev 4–5 (approx)	Sifra, Vayikra Dibbura d'Chovah, Section 11 7	Meilah	19a	Meilah 19a:2-3	mesorat hashas
Vayikra	Lev 4–5 (approx)	Sifra, Vayikra Dibbura d'Chovah, Section 11 6	Meilah	20a	Meilah 20a:3	mesorat hashas
Vayikra	Lev 4–5 (approx)	Sifra, Vayikra Dibbura d'Chovah, Chapter 11 1	Meilah	6b	Meilah 6b:4-5	mesorat hashas
Vayikra	Lev 4–5 (approx)	Sifra, Vayikra Dibbura d'Chovah, Chapter 11 1	Meilah	7a	Meilah 7a:12	mesorat hashas
Vayikra	Lev 4–5 (approx)	Sifra, Vayikra Dibbura d'Chovah, Chapter 11 7	Menachot	77b	Menachot 77b:10-11	mesorat hashas
Vayikra	Lev 4–5 (approx)	Sifra, Vayikra Dibbura d'Chovah, Chapter 11 1	Menachot	79b	Menachot 79b:13	mesorat hashas
Vayikra	Lev 4–5 (approx)	Sifra, Vayikra Dibbura d'Chovah, Section 11 8	Pesachim	32b	Pesachim 32b:10-11	mesorat hashas
Vayikra	Lev 4–5 (approx)	Sifra, Vayikra Dibbura d'Chovah, Chapter 11 1	Pesachim	97a	Pesachim 97a:7	mesorat hashas
Vayikra	Lev 4–5 (approx)	Sifra, Vayikra Dibbura d'Chovah, Chapter 11 5	Sanhedrin	4b	Sanhedrin 4b:4-5	mesorat hashas
Vayikra	Lev 4–5 (approx)	Sifra, Vayikra Dibbura d'Chovah, Chapter 11 7	Sanhedrin	4b	Sanhedrin 4b:8-9	mesorat hashas
Vayikra	Lev 4–5 (approx)	Sifra, Vayikra Dibbura d'Chovah, Chapter 11 1	Temurah	15a	Temurah 15a:4	mesorat hashas
Vayikra	Lev 4–5 (approx)	Sifra, Vayikra Dibbura d'Chovah, Chapter 11 1	Temurah	18b	Temurah 18b:12	mesorat hashas
Vayikra	Lev 4–5 (approx)	Sifra, Vayikra Dibbura d'Chovah, Chapter 11 1	Temurah	22b	Temurah 22b:14	mesorat hashas
Vayikra	Lev 4–5 (approx)	Sifra, Vayikra Dibbura d'Chovah, Chapter 11 1	Temurah	23a	Temurah 23a:4	mesorat hashas
Vayikra	Lev 4–5 (approx)	Sifra, Vayikra Dibbura d'Chovah, Chapter 11 1	Zevachim	111b	Zevachim 111b:17	mesorat hashas
Vayikra	Lev 4–5 (approx)	Sifra, Vayikra Dibbura d'Chovah, Chapter 11 5	Zevachim	38a	Zevachim 38a:4-5	mesorat hashas
Vayikra	Lev 4–5 (approx)	Sifra, Vayikra Dibbura d'Chovah, Chapter 11 7	Zevachim	38a	Zevachim 38a:7-8	mesorat hashas
Vayikra	Lev 4–5 (approx)	Sifra, Vayikra Dibbura d'Chovah, Chapter 11 5	Zevachim	52b	Zevachim 52b:4	mesorat hashas
Vayikra	Lev 4–5 (approx)	Sifra, Vayikra Dibbura d'Chovah, Chapter 11 3	Zevachim	7b	Zevachim 7b:25-8a:1	mesorat hashas
Vayikra	Lev 4–5 (approx)	Sifra, Vayikra Dibbura d'Chovah, Chapter 12 6	Bava Kamma	106a	Bava Kamma 106a:11	mesorat hashas
Vayikra	Lev 4–5 (approx)	Sifra, Vayikra Dibbura d'Chovah, Chapter 12 3	Bava Kamma	24a	Bava Kamma 24a:11	mesorat hashas
Vayikra	Lev 4–5 (approx)	Sifra, Vayikra Dibbura d'Chovah, Section 12 3	Keritot	17b	Keritot 17b:2	mesorat hashas
Vayikra	Lev 4–5 (approx)	Sifra, Vayikra Dibbura d'Chovah, Section 12 4	Keritot	17b	Keritot 17b:2	mesorat hashas
Vayikra	Lev 4–5 (approx)	Sifra, Vayikra Dibbura d'Chovah, Section 12 3	Keritot	19a	Keritot 19a:12	mesorat hashas
Vayikra	Lev 4–5 (approx)	Sifra, Vayikra Dibbura d'Chovah, Section 12 4	Keritot	19a	Keritot 19a:12	mesorat hashas
Vayikra	Lev 4–5 (approx)	Sifra, Vayikra Dibbura d'Chovah, Section 12 4	Keritot	19b	Keritot 19b:10	mesorat hashas
Vayikra	Lev 4–5 (approx)	Sifra, Vayikra Dibbura d'Chovah, Section 12 1-2	Keritot	22a	Keritot 22a:21-22	mesorat hashas
Vayikra	Lev 4–5 (approx)	Sifra, Vayikra Dibbura d'Chovah, Section 12 10-11	Makkot	23b	Makkot 23b:2-3	mesorat hashas
Vayikra	Lev 4–5 (approx)	Sifra, Vayikra Dibbura d'Chovah, Section 12 11	Makkot	5b	Makkot 5b:21	mesorat hashas
Vayikra	Lev 4–5 (approx)	Sifra, Vayikra Dibbura d'Chovah, Chapter 12 3	Rosh Hashanah	30a	Rosh Hashanah 30a:1	mesorat hashas
Vayikra	Lev 4–5 (approx)	Sifra, Vayikra Dibbura d'Chovah, Section 12 10	Sanhedrin	100a	Sanhedrin 100a:18-100b:1	mesorat hashas
Vayikra	Lev 4–5 (approx)	Sifra, Vayikra Dibbura d'Chovah, Section 12 11	Sanhedrin	88a	Sanhedrin 88a:7	mesorat hashas
Vayikra	Lev 4–5 (approx)	Sifra, Vayikra Dibbura d'Chovah, Section 12 11	Sanhedrin	9a	Sanhedrin 9a:3-4	mesorat hashas
Vayikra	Lev 4–5 (approx)	Sifra, Vayikra Dibbura d'Chovah, Section 12 3	Shabbat	71a	Shabbat 71a:5	mesorat hashas
Vayikra	Lev 4–5 (approx)	Sifra, Vayikra Dibbura d'Chovah, Chapter 12 5	Shevuot	31b	Shevuot 31b:12	mesorat hashas
Vayikra	Lev 4–5 (approx)	Sifra, Vayikra Dibbura d'Chovah, Chapter 12 6-7	Shevuot	31b	Shevuot 31b:11-14	mesorat hashas
Vayikra	Lev 4–5 (approx)	Sifra, Vayikra Dibbura d'Chovah, Chapter 12 7	Shevuot	32b	Shevuot 32b:15	mesorat hashas
Vayikra	Lev 4–5 (approx)	Sifra, Vayikra Dibbura d'Chovah, Chapter 12 2	Shevuot	33b	Shevuot 33b:9	mesorat hashas
Vayikra	Lev 4–5 (approx)	Sifra, Vayikra Dibbura d'Chovah, Chapter 12 4	Shevuot	35a	Shevuot 35a:2	mesorat hashas
Vayikra	Lev 4–5 (approx)	Sifra, Vayikra Dibbura d'Chovah, Chapter 12 6	Shevuot	36b	Shevuot 36b:10	mesorat hashas
Vayikra	Lev 4–5 (approx)	Sifra, Vayikra Dibbura d'Chovah, Chapter 12 7	Shevuot	37a	Shevuot 37a:15	mesorat hashas
Vayikra	Lev 4–5 (approx)	Sifra, Vayikra Dibbura d'Chovah, Section 12 14	Yevamot	86a	Yevamot 86a:5	mesorat hashas
Vayikra	Lev 4–5 (approx)	Sifra, Vayikra Dibbura d'Chovah, Section 12 10	Yoma	76a	Yoma 76a:7	mesorat hashas
Vayikra	Lev 4–5 (approx)	Sifra, Vayikra Dibbura d'Chovah, Section 13 5	Bava Kamma	104b	Bava Kamma 104b:8-9	mesorat hashas
Vayikra	Lev 4–5 (approx)	Sifra, Vayikra Dibbura d'Chovah, Section 13 6	Bava Kamma	104b	Bava Kamma 104b:8-9	mesorat hashas
Vayikra	Lev 4–5 (approx)	Sifra, Vayikra Dibbura d'Chovah, Section 13 1	Bava Kamma	106b	Bava Kamma 106b:4	mesorat hashas
Vayikra	Lev 4–5 (approx)	Sifra, Vayikra Dibbura d'Chovah, Section 13 2	Bava Kamma	112a	Bava Kamma 112a:12	mesorat hashas
Vayikra	Lev 4–5 (approx)	Sifra, Vayikra Dibbura d'Chovah, Section 13 2	Bava Kamma	66a	Bava Kamma 66a:4	mesorat hashas
Vayikra	Lev 4–5 (approx)	Sifra, Vayikra Dibbura d'Chovah, Section 13 13	Bava Metzia	43a	Bava Metzia 43a:9	mesorat hashas
Vayikra	Lev 4–5 (approx)	Sifra, Vayikra Dibbura d'Chovah, Section 13 7	Bava Metzia	48a	Bava Metzia 48a:9	mesorat hashas
Vayikra	Lev 4–5 (approx)	Sifra, Vayikra Dibbura d'Chovah, Chapter 13 7	Keritot	19a	Keritot 19a:10	mesorat hashas
Vayikra	Lev 4–5 (approx)	Sifra, Vayikra Dibbura d'Chovah, Chapter 13 7	Niddah	28b	Niddah 28b:4-5	mesorat hashas
Vayikra	Lev 4–5 (approx)	Sifra, Vayikra Dibbura d'Chovah, Chapter 13 7	Shevuot	14b	Shevuot 14b:5-6	mesorat hashas
Vayikra	Lev 4–5 (approx)	Sifra, Vayikra Dibbura d'Chovah, Chapter 13 9	Shevuot	16b	Shevuot 16b:2	mesorat hashas
Vayikra	Lev 4–5 (approx)	Sifra, Vayikra Dibbura d'Chovah, Chapter 13 7	Shevuot	26a	Shevuot 26a:19	mesorat hashas
Vayikra	Lev 4–5 (approx)	Sifra, Vayikra Dibbura d'Chovah, Section 13 7	Shevuot	30a	Shevuot 30a:3	mesorat hashas
Vayikra	Lev 4–5 (approx)	Sifra, Vayikra Dibbura d'Chovah, Section 13 7	Shevuot	36b	Shevuot 36b:8	mesorat hashas
Vayikra	Lev 4–5 (approx)	Sifra, Vayikra Dibbura d'Chovah, Chapter 13 7	Shevuot	3a	Shevuot 3a:10	mesorat hashas
Vayikra	Lev 4–5 (approx)	Sifra, Vayikra Dibbura d'Chovah, Chapter 13 11	Shevuot	4a	Shevuot 4a:13-4b:1	mesorat hashas
Vayikra	Lev 4–5 (approx)	Sifra, Vayikra Dibbura d'Chovah, Section 13 14	Yevamot	86a	Yevamot 86a:5	mesorat hashas
Vayikra	Lev 4–5 (approx)	Sifra, Vayikra Dibbura d'Chovah, Chapter 13 6	Zevachim	102a	Zevachim 102a:22	mesorat hashas
Vayikra	Lev 4–5 (approx)	Sifra, Vayikra Dibbura d'Chovah, Chapter 13 9	Zevachim	43b	Zevachim 43b:12	mesorat hashas
Vayikra	Lev 4–5 (approx)	Sifra, Vayikra Dibbura d'Chovah, Chapter 14 2	Kiddushin	36a	Kiddushin 36a:5	mesorat hashas
Vayikra	Lev 4–5 (approx)	Sifra, Vayikra Dibbura d'Chovah, Chapter 14 5	Kiddushin	36a	Kiddushin 36a:5	mesorat hashas
Vayikra	Lev 4–5 (approx)	Sifra, Vayikra Dibbura d'Chovah, Chapter 14 6	Kiddushin	36a	Kiddushin 36a:5	mesorat hashas
Vayikra	Lev 4–5 (approx)	Sifra, Vayikra Dibbura d'Chovah, Chapter 14 7	Kiddushin	36a	Kiddushin 36a:5	mesorat hashas
Vayikra	Lev 4–5 (approx)	Sifra, Vayikra Dibbura d'Chovah, Chapter 14 6	Shevuot	14a	Shevuot 14a:12-13	mesorat hashas
Vayikra	Lev 4–5 (approx)	Sifra, Vayikra Dibbura d'Chovah, Chapter 15 5	Kiddushin	36a	Kiddushin 36a:5	mesorat hashas
Vayikra	Lev 4–5 (approx)	Sifra, Vayikra Dibbura d'Chovah, Chapter 15 1	Kiddushin	44a	Kiddushin 44a:13	mesorat hashas
Vayikra	Lev 4–5 (approx)	Sifra, Vayikra Dibbura d'Chovah, Chapter 15 6	Shevuot	22b	Shevuot 22b:14	mesorat hashas
Vayikra	Lev 4–5 (approx)	Sifra, Vayikra Dibbura d'Chovah, Chapter 15 3	Shevuot	23b	Shevuot 23b:9	mesorat hashas
Vayikra	Lev 4–5 (approx)	Sifra, Vayikra Dibbura d'Chovah, Chapter 15 7	Shevuot	23b	Shevuot 23b:8	mesorat hashas
Vayikra	Lev 4–5 (approx)	Sifra, Vayikra Dibbura d'Chovah, Chapter 15 1	Shevuot	33a	Shevuot 33a:3	mesorat hashas
Vayikra	Lev 4–5 (approx)	Sifra, Vayikra Dibbura d'Chovah, Chapter 15 2	Shevuot	33a	Shevuot 33a:3	mesorat hashas
Vayikra	Lev 4–5 (approx)	Sifra, Vayikra Dibbura d'Chovah, Chapter 15 3	Shevuot	33a	Shevuot 33a:5	mesorat hashas
Vayikra	Lev 4–5 (approx)	Sifra, Vayikra Dibbura d'Chovah, Chapter 15 4	Shevuot	33a	Shevuot 33a:3	mesorat hashas
Vayikra	Lev 4–5 (approx)	Sifra, Vayikra Dibbura d'Chovah, Chapter 15 1	Shevuot	36b	Shevuot 36b:11	mesorat hashas
Vayikra	Lev 4–5 (approx)	Sifra, Vayikra Dibbura d'Chovah, Chapter 15 2	Shevuot	36b	Shevuot 36b:12	mesorat hashas
Vayikra	Lev 4–5 (approx)	Sifra, Vayikra Dibbura d'Chovah, Chapter 15 3	Shevuot	36b	Shevuot 36b:13	mesorat hashas
Vayikra	Lev 4–5 (approx)	Sifra, Vayikra Dibbura d'Chovah, Chapter 15 1	Shevuot	38a	Shevuot 38a:2	mesorat hashas
Vayikra	Lev 4–5 (approx)	Sifra, Vayikra Dibbura d'Chovah, Chapter 15 2	Shevuot	38a	Shevuot 38a:11-12	mesorat hashas
Vayikra	Lev 4–5 (approx)	Sifra, Vayikra Dibbura d'Chovah, Chapter 16 5	Shevuot	33a	Shevuot 33a:3	mesorat hashas
Vayikra	Lev 4–5 (approx)	Sifra, Vayikra Dibbura d'Chovah, Chapter 16 6	Shevuot	33a	Shevuot 33a:3	mesorat hashas
Vayikra	Lev 4–5 (approx)	Sifra, Vayikra Dibbura d'Chovah, Chapter 16 7	Shevuot	33a	Shevuot 33a:3	mesorat hashas
Vayikra	Lev 4–5 (approx)	Sifra, Vayikra Dibbura d'Chovah, Chapter 16 8	Shevuot	33a	Shevuot 33a:3	mesorat hashas
Vayikra	Lev 4–5 (approx)	Sifra, Vayikra Dibbura d'Chovah, Chapter 16 7	Shevuot	38a	Shevuot 38a:11-12	mesorat hashas
Vayikra	Lev 4–5 (approx)	Sifra, Vayikra Dibbura d'Chovah, Chapter 16 8	Shevuot	38a	Shevuot 38a:11-12	mesorat hashas
Vayikra	Lev 4–5 (approx)	Sifra, Vayikra Dibbura d'Chovah, Chapter 17 1	Keritot	15a	Keritot 15a:17	mesorat hashas
Vayikra	Lev 4–5 (approx)	Sifra, Vayikra Dibbura d'Chovah, Chapter 17 1	Kiddushin	44a	Kiddushin 44a:13	mesorat hashas
Vayikra	Lev 4–5 (approx)	Sifra, Vayikra Dibbura d'Chovah, Chapter 17 2	Rosh Hashanah	16b	Rosh Hashanah 16b:9-10	mesorat hashas
Vayikra	Lev 4–5 (approx)	Sifra, Vayikra Dibbura d'Chovah, Chapter 17 1	Shabbat	70b	Shabbat 70b:2	mesorat hashas
Vayikra	Lev 4–5 (approx)	Sifra, Vayikra Dibbura d'Chovah, Chapter 17 1	Shevuot	36b	Shevuot 36b:11	mesorat hashas
Vayikra	Lev 4–5 (approx)	Sifra, Vayikra Dibbura d'Chovah, Chapter 17 1	Shevuot	38a	Shevuot 38a:2-3	mesorat hashas
Vayikra	Lev 4–5 (approx)	Sifra, Vayikra Dibbura d'Chovah, Chapter 18 7	Chullin	19b	Chullin 19b:14	mesorat hashas
Vayikra	Lev 4–5 (approx)	Sifra, Vayikra Dibbura d'Chovah, Chapter 18 10	Chullin	21a	Chullin 21a:15-16	mesorat hashas
Vayikra	Lev 4–5 (approx)	Sifra, Vayikra Dibbura d'Chovah, Chapter 18 10	Menachot	83a	Menachot 83a:10	mesorat hashas
Vayikra	Lev 4–5 (approx)	Sifra, Vayikra Dibbura d'Chovah, Chapter 18 5	Pesachim	59a	Pesachim 59a:17	mesorat hashas
Vayikra	Lev 4–5 (approx)	Sifra, Vayikra Dibbura d'Chovah, Chapter 18 8	Zevachim	64b	Zevachim 64b:6	mesorat hashas
Vayikra	Lev 4–5 (approx)	Sifra, Vayikra Dibbura d'Chovah, Chapter 18 8	Zevachim	65a	Zevachim 65a:14	mesorat hashas
Vayikra	Lev 4–5 (approx)	Sifra, Vayikra Dibbura d'Chovah, Chapter 18 6	Zevachim	90a	Zevachim 90a:14	mesorat hashas
Vayikra	Lev 4–5 (approx)	Sifra, Vayikra Dibbura d'Chovah, Chapter 18 10	Zevachim	98a	Zevachim 98a:8	mesorat hashas
Vayikra	Lev 4–5 (approx)	Sifra, Vayikra Dibbura d'Chovah, Chapter 19 5	Menachot	59b	Menachot 59b:7-8	mesorat hashas
Vayikra	Lev 4–5 (approx)	Sifra, Vayikra Dibbura d'Chovah, Chapter 19 7	Menachot	60a	Menachot 60a:4-5	mesorat hashas
Vayikra	Lev 4–5 (approx)	Sifra, Vayikra Dibbura d'Chovah, Chapter 19 11	Menachot	73b	Menachot 73b:19	mesorat hashas
Vayikra	Lev 4–5 (approx)	Sifra, Vayikra Dibbura d'Chovah, Chapter 19 5	Sotah	15a	Sotah 15a:7	mesorat hashas
Vayikra	Lev 4–5 (approx)	Sifra, Vayikra Dibbura d'Chovah, Chapter 19 5	Zevachim	63b	Zevachim 63b:2	mesorat hashas
Vayikra	Lev 4–5 (approx)	Sifra, Vayikra Dibbura d'Chovah, Chapter 2 6	Horayot	10a	Horayot 10a:2-3	mesorat hashas
Vayikra	Lev 4–5 (approx)	Sifra, Vayikra Dibbura d'Chovah, Section 2 4	Horayot	10a	Horayot 10a:8	mesorat hashas
Vayikra	Lev 4–5 (approx)	Sifra, Vayikra Dibbura d'Chovah, Section 2 6	Horayot	10a	Horayot 10a:8-9	mesorat hashas
Vayikra	Lev 4–5 (approx)	Sifra, Vayikra Dibbura d'Chovah, Section 2 6	Horayot	12a	Horayot 12a:15	mesorat hashas
Vayikra	Lev 4–5 (approx)	Sifra, Vayikra Dibbura d'Chovah, Chapter 2 1-2	Horayot	6b	Horayot 6b:14-7a:2	mesorat hashas
Vayikra	Lev 4–5 (approx)	Sifra, Vayikra Dibbura d'Chovah, Chapter 2 7	Horayot	6b	Horayot 6b:14-7a:1	mesorat hashas
Vayikra	Lev 4–5 (approx)	Sifra, Vayikra Dibbura d'Chovah, Chapter 2 4	Horayot	7a	Horayot 7a:1	mesorat hashas
Vayikra	Lev 4–5 (approx)	Sifra, Vayikra Dibbura d'Chovah, Section 2 5	Horayot	7a	Horayot 7a:4	mesorat hashas
Vayikra	Lev 4–5 (approx)	Sifra, Vayikra Dibbura d'Chovah, Chapter 2 3	Horayot	7b	Horayot 7b:14	mesorat hashas
Vayikra	Lev 4–5 (approx)	Sifra, Vayikra Dibbura d'Chovah, Chapter 2 4	Horayot	7b	Horayot 7b:14	mesorat hashas
Vayikra	Lev 4–5 (approx)	Sifra, Vayikra Dibbura d'Chovah, Section 2 1	Horayot	8a	Horayot 8a:14	mesorat hashas
Vayikra	Lev 4–5 (approx)	Sifra, Vayikra Dibbura d'Chovah, Section 2 3	Horayot	8a	Horayot 8a:14	mesorat hashas
Vayikra	Lev 4–5 (approx)	Sifra, Vayikra Dibbura d'Chovah, Section 2 5	Horayot	8a	Horayot 8a:4	mesorat hashas
Vayikra	Lev 4–5 (approx)	Sifra, Vayikra Dibbura d'Chovah, Section 2 4	Keritot	15b	Keritot 15b:21	mesorat hashas
Vayikra	Lev 4–5 (approx)	Sifra, Vayikra Dibbura d'Chovah, Section 2 1	Sanhedrin	87a	Sanhedrin 87a:7	mesorat hashas
Vayikra	Lev 4–5 (approx)	Sifra, Vayikra Dibbura d'Chovah, Section 2 3	Sanhedrin	87a	Sanhedrin 87a:7	mesorat hashas
Vayikra	Lev 4–5 (approx)	Sifra, Vayikra Dibbura d'Chovah, Section 2 5	Sanhedrin	87a	Sanhedrin 87a:7	mesorat hashas
Vayikra	Lev 4–5 (approx)	Sifra, Vayikra Dibbura d'Chovah, Section 2 1	Shabbat	69a	Shabbat 69a:1	mesorat hashas
Vayikra	Lev 4–5 (approx)	Sifra, Vayikra Dibbura d'Chovah, Section 2 3	Shabbat	69a	Shabbat 69a:1	mesorat hashas
Vayikra	Lev 4–5 (approx)	Sifra, Vayikra Dibbura d'Chovah, Section 2 5	Shabbat	69a	Shabbat 69a:1	mesorat hashas
Vayikra	Lev 4–5 (approx)	Sifra, Vayikra Dibbura d'Chovah, Section 2 1	Yevamot	9a	Yevamot 9a:3	mesorat hashas
Vayikra	Lev 4–5 (approx)	Sifra, Vayikra Dibbura d'Chovah, Section 2 3	Yevamot	9a	Yevamot 9a:3	mesorat hashas
Vayikra	Lev 4–5 (approx)	Sifra, Vayikra Dibbura d'Chovah, Section 2 5	Yevamot	9a	Yevamot 9a:3	mesorat hashas
Vayikra	Lev 4–5 (approx)	Sifra, Vayikra Dibbura d'Chovah, Section 2 1	Zevachim	48a	Zevachim 48a:9	mesorat hashas
Vayikra	Lev 4–5 (approx)	Sifra, Vayikra Dibbura d'Chovah, Section 2 3	Zevachim	48a	Zevachim 48a:9	mesorat hashas
Vayikra	Lev 4–5 (approx)	Sifra, Vayikra Dibbura d'Chovah, Section 2 5	Zevachim	48a	Zevachim 48a:9	mesorat hashas
Vayikra	Lev 4–5 (approx)	Sifra, Vayikra Dibbura d'Chovah, Chapter 20 3	Bava Batra	79a	Bava Batra 79a:4	mesorat hashas
Vayikra	Lev 4–5 (approx)	Sifra, Vayikra Dibbura d'Chovah, Chapter 20 5	Bava Batra	79a	Bava Batra 79a:6	mesorat hashas
Vayikra	Lev 4–5 (approx)	Sifra, Vayikra Dibbura d'Chovah, Chapter 20 9	Bava Kamma	111a	Bava Kamma 111a:15-17	mesorat hashas
Vayikra	Lev 4–5 (approx)	Sifra, Vayikra Dibbura d'Chovah, Chapter 20 7	Bava Metzia	55a	Bava Metzia 55a:19-55b:1	mesorat hashas
Vayikra	Lev 4–5 (approx)	Sifra, Vayikra Dibbura d'Chovah, Chapter 20 2	Chullin	88b	Chullin 88b:2	mesorat hashas
Vayikra	Lev 4–5 (approx)	Sifra, Vayikra Dibbura d'Chovah, Chapter 20 5	Megillah	15a	Megillah 15a:19	mesorat hashas
Vayikra	Lev 4–5 (approx)	Sifra, Vayikra Dibbura d'Chovah, Chapter 20 3	Meilah	12b	Meilah 12b:11-13a:1	mesorat hashas
Vayikra	Lev 4–5 (approx)	Sifra, Vayikra Dibbura d'Chovah, Chapter 20 5	Meilah	13a	Meilah 13a:6	mesorat hashas
Vayikra	Lev 4–5 (approx)	Sifra, Vayikra Dibbura d'Chovah, Chapter 20 2	Menachot	25b	Menachot 25b:12-13	mesorat hashas
Vayikra	Lev 4–5 (approx)	Sifra, Vayikra Dibbura d'Chovah, Chapter 20 2	Niddah	40b	Niddah 40b:6-41a:1	mesorat hashas
Vayikra	Lev 4–5 (approx)	Sifra, Vayikra Dibbura d'Chovah, Chapter 20 2	Yoma	42b	Yoma 42b:5	mesorat hashas
Vayikra	Lev 4–5 (approx)	Sifra, Vayikra Dibbura d'Chovah, Chapter 20 2	Zevachim	39b	Zevachim 39b:2	mesorat hashas
Vayikra	Lev 4–5 (approx)	Sifra, Vayikra Dibbura d'Chovah, Chapter 20 2	Zevachim	84a	Zevachim 84a:15-84b:1	mesorat hashas
Vayikra	Lev 4–5 (approx)	Sifra, Vayikra Dibbura d'Chovah, Chapter 21 3	Eruvin	71a	Eruvin 71a:3-4	mesorat hashas
Vayikra	Lev 4–5 (approx)	Sifra, Vayikra Dibbura d'Chovah, Chapter 21 1	Keritot	11b	Keritot 11b:8	mesorat hashas
Vayikra	Lev 4–5 (approx)	Sifra, Vayikra Dibbura d'Chovah, Chapter 21 1	Keritot	15b	Keritot 15b:22	mesorat hashas
Vayikra	Lev 4–5 (approx)	Sifra, Vayikra Dibbura d'Chovah, Chapter 21 1	Keritot	17b	Keritot 17b:4	mesorat hashas
Vayikra	Lev 4–5 (approx)	Sifra, Vayikra Dibbura d'Chovah, Chapter 21 1	Keritot	18b	Keritot 18b:2	mesorat hashas
Vayikra	Lev 4–5 (approx)	Sifra, Vayikra Dibbura d'Chovah, Chapter 21 1	Keritot	18b	Keritot 18b:21	mesorat hashas
Vayikra	Lev 4–5 (approx)	Sifra, Vayikra Dibbura d'Chovah, Chapter 21 3	Keritot	23b	Keritot 23b:14	mesorat hashas
Vayikra	Lev 4–5 (approx)	Sifra, Vayikra Dibbura d'Chovah, Chapter 21 4	Keritot	23b	Keritot 23b:12-13	mesorat hashas
Vayikra	Lev 4–5 (approx)	Sifra, Vayikra Dibbura d'Chovah, Chapter 21 4	Menachot	102a	Menachot 102a:17-102b:1	mesorat hashas
Vayikra	Lev 4–5 (approx)	Sifra, Vayikra Dibbura d'Chovah, Chapter 21 3	Menachot	102b	Menachot 102b:2-3	mesorat hashas
Vayikra	Lev 4–5 (approx)	Sifra, Vayikra Dibbura d'Chovah, Chapter 21 6	Menachot	108a	Menachot 108a:15	mesorat hashas
Vayikra	Lev 4–5 (approx)	Sifra, Vayikra Dibbura d'Chovah, Chapter 21 4	Rosh Hashanah	9b	Rosh Hashanah 9b:2	mesorat hashas
Vayikra	Lev 4–5 (approx)	Sifra, Vayikra Dibbura d'Chovah, Chapter 21 1	Shabbat	71a	Shabbat 71a:5	mesorat hashas
Vayikra	Lev 4–5 (approx)	Sifra, Vayikra Dibbura d'Chovah, Chapter 21 1	Shevuot	19b	Shevuot 19b:5	mesorat hashas
Vayikra	Lev 4–5 (approx)	Sifra, Vayikra Dibbura d'Chovah, Chapter 21 2	Shevuot	19b	Shevuot 19b:6	mesorat hashas
Vayikra	Lev 4–5 (approx)	Sifra, Vayikra Dibbura d'Chovah, Chapter 21 7	Yoma	42b	Yoma 42b:4-5	mesorat hashas
Vayikra	Lev 4–5 (approx)	Sifra, Vayikra Dibbura d'Chovah, Chapter 21 6	Zevachim	103a	Zevachim 103a:12	mesorat hashas
Vayikra	Lev 4–5 (approx)	Sifra, Vayikra Dibbura d'Chovah, Chapter 21 7	Zevachim	39b	Zevachim 39b:1-2	mesorat hashas
Vayikra	Lev 4–5 (approx)	Sifra, Vayikra Dibbura d'Chovah, Chapter 22 11	Bava Kamma	103b	Bava Kamma 103b:2	mesorat hashas
Vayikra	Lev 4–5 (approx)	Sifra, Vayikra Dibbura d'Chovah, Chapter 22 2	Bava Kamma	103b	Bava Kamma 103b:2	mesorat hashas
Vayikra	Lev 4–5 (approx)	Sifra, Vayikra Dibbura d'Chovah, Chapter 22 6	Bava Kamma	105b	Bava Kamma 105b:14	mesorat hashas
Vayikra	Lev 4–5 (approx)	Sifra, Vayikra Dibbura d'Chovah, Chapter 22 3	Bava Kamma	13a	Bava Kamma 13a:3-4	mesorat hashas
Vayikra	Lev 4–5 (approx)	Sifra, Vayikra Dibbura d'Chovah, Chapter 22 10	Chullin	88b	Chullin 88b:2	mesorat hashas
Vayikra	Lev 4–5 (approx)	Sifra, Vayikra Dibbura d'Chovah, Chapter 22 11	Ketubot	42a	Ketubot 42a:4	mesorat hashas
Vayikra	Lev 4–5 (approx)	Sifra, Vayikra Dibbura d'Chovah, Chapter 22 2	Ketubot	42a	Ketubot 42a:9	mesorat hashas
Vayikra	Lev 4–5 (approx)	Sifra, Vayikra Dibbura d'Chovah, Chapter 22 9	Ketubot	42b	Ketubot 42b:2	mesorat hashas
Vayikra	Lev 4–5 (approx)	Sifra, Vayikra Dibbura d'Chovah, Chapter 22 10	Menachot	25b	Menachot 25b:12-13	mesorat hashas
Vayikra	Lev 4–5 (approx)	Sifra, Vayikra Dibbura d'Chovah, Chapter 22 10	Niddah	40b	Niddah 40b:6-41a:1	mesorat hashas
Vayikra	Lev 4–5 (approx)	Sifra, Vayikra Dibbura d'Chovah, Chapter 22 10	Shevuot	36b	Shevuot 36b:17	mesorat hashas
Vayikra	Lev 4–5 (approx)	Sifra, Vayikra Dibbura d'Chovah, Chapter 22 11	Shevuot	36b	Shevuot 36b:14	mesorat hashas
Vayikra	Lev 4–5 (approx)	Sifra, Vayikra Dibbura d'Chovah, Chapter 22 11	Shevuot	37b	Shevuot 37b:15	mesorat hashas
Vayikra	Lev 4–5 (approx)	Sifra, Vayikra Dibbura d'Chovah, Chapter 22 2	Shevuot	37b	Shevuot 37b:15	mesorat hashas
Vayikra	Lev 4–5 (approx)	Sifra, Vayikra Dibbura d'Chovah, Chapter 22 3	Temurah	8a	Temurah 8a:15	mesorat hashas
Vayikra	Lev 4–5 (approx)	Sifra, Vayikra Dibbura d'Chovah, Chapter 22 10	Yoma	42b	Yoma 42b:5	mesorat hashas
Vayikra	Lev 4–5 (approx)	Sifra, Vayikra Dibbura d'Chovah, Chapter 22 10	Zevachim	27b	Zevachim 27b:7	mesorat hashas
Vayikra	Lev 4–5 (approx)	Sifra, Vayikra Dibbura d'Chovah, Chapter 22 10	Zevachim	39b	Zevachim 39b:2	mesorat hashas
Vayikra	Lev 4–5 (approx)	Sifra, Vayikra Dibbura d'Chovah, Chapter 22 10	Zevachim	84a	Zevachim 84a:15-84b:1	mesorat hashas
Vayikra	Lev 4–5 (approx)	Sifra, Vayikra Dibbura d'Chovah, Chapter 23 2	Kiddushin	44a	Kiddushin 44a:13	mesorat hashas
Vayikra	Lev 4–5 (approx)	Sifra, Vayikra Dibbura d'Chovah, Chapter 23 4	Shevuot	23b	Shevuot 23b:9	mesorat hashas
Vayikra	Lev 4–5 (approx)	Sifra, Vayikra Dibbura d'Chovah, Chapter 23 8	Shevuot	23b	Shevuot 23b:9	mesorat hashas
Vayikra	Lev 4–5 (approx)	Sifra, Vayikra Dibbura d'Chovah, Chapter 23 3	Shevuot	33a	Shevuot 33a:4	mesorat hashas
Vayikra	Lev 4–5 (approx)	Sifra, Vayikra Dibbura d'Chovah, Chapter 23 4	Shevuot	33a	Shevuot 33a:6	mesorat hashas
Vayikra	Lev 4–5 (approx)	Sifra, Vayikra Dibbura d'Chovah, Chapter 23 10	Shevuot	36b	Shevuot 36b:12	mesorat hashas
Vayikra	Lev 4–5 (approx)	Sifra, Vayikra Dibbura d'Chovah, Chapter 23 2	Shevuot	36b	Shevuot 36b:11	mesorat hashas
Vayikra	Lev 4–5 (approx)	Sifra, Vayikra Dibbura d'Chovah, Chapter 23 3	Shevuot	36b	Shevuot 36b:9	mesorat hashas
Vayikra	Lev 4–5 (approx)	Sifra, Vayikra Dibbura d'Chovah, Chapter 23 4	Shevuot	36b	Shevuot 36b:13	mesorat hashas
Vayikra	Lev 4–5 (approx)	Sifra, Vayikra Dibbura d'Chovah, Chapter 23 5	Shevuot	36b	Shevuot 36b:12	mesorat hashas
Vayikra	Lev 4–5 (approx)	Sifra, Vayikra Dibbura d'Chovah, Chapter 23 8	Shevuot	36b	Shevuot 36b:13	mesorat hashas
Vayikra	Lev 4–5 (approx)	Sifra, Vayikra Dibbura d'Chovah, Chapter 23 9	Shevuot	36b	Shevuot 36b:9	mesorat hashas
Vayikra	Lev 4–5 (approx)	Sifra, Vayikra Dibbura d'Chovah, Chapter 23 10	Shevuot	38a	Shevuot 38a:20	mesorat hashas
Vayikra	Lev 4–5 (approx)	Sifra, Vayikra Dibbura d'Chovah, Chapter 23 2	Shevuot	38a	Shevuot 38a:2	mesorat hashas
Vayikra	Lev 4–5 (approx)	Sifra, Vayikra Dibbura d'Chovah, Chapter 23 3	Shevuot	38a	Shevuot 38a:16	mesorat hashas
Vayikra	Lev 4–5 (approx)	Sifra, Vayikra Dibbura d'Chovah, Chapter 23 9	Shevuot	38a	Shevuot 38a:16	mesorat hashas
Vayikra	Lev 4–5 (approx)	Sifra, Vayikra Dibbura d'Chovah, Chapter 23 4	Shevuot	38b	Shevuot 38b:4	mesorat hashas
Vayikra	Lev 4–5 (approx)	Sifra, Vayikra Dibbura d'Chovah, Chapter 23 8	Shevuot	38b	Shevuot 38b:4	mesorat hashas
Vayikra	Lev 4–5 (approx)	Sifra, Vayikra Dibbura d'Chovah, Section 3 6	Horayot	12a	Horayot 12a:19	mesorat hashas
Vayikra	Lev 4–5 (approx)	Sifra, Vayikra Dibbura d'Chovah, Chapter 3 2	Horayot	5b	Horayot 5b:17	mesorat hashas
Vayikra	Lev 4–5 (approx)	Sifra, Vayikra Dibbura d'Chovah, Chapter 3 3	Horayot	5b	Horayot 5b:17	mesorat hashas
Vayikra	Lev 4–5 (approx)	Sifra, Vayikra Dibbura d'Chovah, Chapter 3 4	Horayot	5b	Horayot 5b:17	mesorat hashas
Vayikra	Lev 4–5 (approx)	Sifra, Vayikra Dibbura d'Chovah, Section 3 6	Megillah	9b	Megillah 9b:10	mesorat hashas
Vayikra	Lev 4–5 (approx)	Sifra, Vayikra Dibbura d'Chovah, Chapter 3 5	Temurah	15b	Temurah 15b:1	mesorat hashas
Vayikra	Lev 4–5 (approx)	Sifra, Vayikra Dibbura d'Chovah, Section 3 7	Yoma	48a	Yoma 48a:5-6	mesorat hashas
Vayikra	Lev 4–5 (approx)	Sifra, Vayikra Dibbura d'Chovah, Section 3 12	Yoma	56b	Yoma 56b:10	mesorat hashas
Vayikra	Lev 4–5 (approx)	Sifra, Vayikra Dibbura d'Chovah, Section 3 11	Yoma	58b	Yoma 58b:4-5	mesorat hashas
Vayikra	Lev 4–5 (approx)	Sifra, Vayikra Dibbura d'Chovah, Section 3 12	Zevachim	25a	Zevachim 25a:9	mesorat hashas
Vayikra	Lev 4–5 (approx)	Sifra, Vayikra Dibbura d'Chovah, Section 3 7	Zevachim	25a	Zevachim 25a:6-7	mesorat hashas
Vayikra	Lev 4–5 (approx)	Sifra, Vayikra Dibbura d'Chovah, Section 3 4	Zevachim	39b	Zevachim 39b:2	mesorat hashas
Vayikra	Lev 4–5 (approx)	Sifra, Vayikra Dibbura d'Chovah, Section 3 13	Zevachim	51a	Zevachim 51a:16-17	mesorat hashas
Vayikra	Lev 4–5 (approx)	Sifra, Vayikra Dibbura d'Chovah, Section 3 3	Zevachim	67a	Zevachim 67a:3	mesorat hashas
Vayikra	Lev 4–5 (approx)	Sifra, Vayikra Dibbura d'Chovah, Chapter 3 3	Zevachim	89a	Zevachim 89a:8	mesorat hashas
Vayikra	Lev 4–5 (approx)	Sifra, Vayikra Dibbura d'Chovah, Chapter 3 2	Zevachim	89b	Zevachim 89b:1-2	mesorat hashas
Vayikra	Lev 4–5 (approx)	Sifra, Vayikra Dibbura d'Chovah, Chapter 3 4	Zevachim	89b	Zevachim 89b:1-2	mesorat hashas
Vayikra	Lev 4–5 (approx)	Sifra, Vayikra Dibbura d'Chovah, Section 4 8	Bava Kamma	50a	Bava Kamma 50a:17	mesorat hashas
Vayikra	Lev 4–5 (approx)	Sifra, Vayikra Dibbura d'Chovah, Section 4 1	Horayot	12b	Horayot 12b:20	mesorat hashas
Vayikra	Lev 4–5 (approx)	Sifra, Vayikra Dibbura d'Chovah, Section 4 10	Horayot	3a	Horayot 3a:4	mesorat hashas
Vayikra	Lev 4–5 (approx)	Sifra, Vayikra Dibbura d'Chovah, Section 4 17	Horayot	3a	Horayot 3a:10	mesorat hashas
Vayikra	Lev 4–5 (approx)	Sifra, Vayikra Dibbura d'Chovah, Section 4 7	Horayot	3b	Horayot 3b:13	mesorat hashas
Vayikra	Lev 4–5 (approx)	Sifra, Vayikra Dibbura d'Chovah, Section 4 8	Horayot	3b	Horayot 3b:14-16	mesorat hashas
Vayikra	Lev 4–5 (approx)	Sifra, Vayikra Dibbura d'Chovah, Section 4 3	Horayot	4b	Horayot 4b:11	mesorat hashas
Vayikra	Lev 4–5 (approx)	Sifra, Vayikra Dibbura d'Chovah, Section 4 14	Horayot	5a	Horayot 5a:2	mesorat hashas
Vayikra	Lev 4–5 (approx)	Sifra, Vayikra Dibbura d'Chovah, Section 4 17	Horayot	5a	Horayot 5a:8	mesorat hashas
Vayikra	Lev 4–5 (approx)	Sifra, Vayikra Dibbura d'Chovah, Section 4 6	Horayot	7a	Horayot 7a:1	mesorat hashas
Vayikra	Lev 4–5 (approx)	Sifra, Vayikra Dibbura d'Chovah, Section 4 5	Horayot	7b	Horayot 7b:11	mesorat hashas
Vayikra	Lev 4–5 (approx)	Sifra, Vayikra Dibbura d'Chovah, Section 4 9	Horayot	7b	Horayot 7b:8-9	mesorat hashas
Vayikra	Lev 4–5 (approx)	Sifra, Vayikra Dibbura d'Chovah, Chapter 4 4	Temurah	14a	Temurah 14a:3	mesorat hashas
Vayikra	Lev 4–5 (approx)	Sifra, Vayikra Dibbura d'Chovah, Chapter 4 4	Yoma	50a	Yoma 50a:8	mesorat hashas
Vayikra	Lev 4–5 (approx)	Sifra, Vayikra Dibbura d'Chovah, Section 5 2	Horayot	10a	Horayot 10a:10-11	mesorat hashas
Vayikra	Lev 4–5 (approx)	Sifra, Vayikra Dibbura d'Chovah, Section 5 1	Horayot	10b	Horayot 10b:2	mesorat hashas
Vayikra	Lev 4–5 (approx)	Sifra, Vayikra Dibbura d'Chovah, Section 5 1	Horayot	11b	Horayot 11b:1	mesorat hashas
Vayikra	Lev 4–5 (approx)	Sifra, Vayikra Dibbura d'Chovah, Chapter 5 3	Sanhedrin	42b	Sanhedrin 42b:6-7	mesorat hashas
Vayikra	Lev 4–5 (approx)	Sifra, Vayikra Dibbura d'Chovah, Chapter 5 2	Yoma	68a	Yoma 68a:1	mesorat hashas
Vayikra	Lev 4–5 (approx)	Sifra, Vayikra Dibbura d'Chovah, Chapter 5 3-4	Yoma	68a	Yoma 68a:6-8	mesorat hashas
Vayikra	Lev 4–5 (approx)	Sifra, Vayikra Dibbura d'Chovah, Chapter 5 3	Zevachim	105b	Zevachim 105b:14-15	mesorat hashas
Vayikra	Lev 4–5 (approx)	Sifra, Vayikra Dibbura d'Chovah, Chapter 5 2	Zevachim	50a	Zevachim 50a:16	mesorat hashas
Vayikra	Lev 4–5 (approx)	Sifra, Vayikra Dibbura d'Chovah, Chapter 6 8	Horayot	12b	Horayot 12b:20	mesorat hashas
Vayikra	Lev 4–5 (approx)	Sifra, Vayikra Dibbura d'Chovah, Section 6 9	Horayot	6b	Horayot 6b:7	mesorat hashas
Vayikra	Lev 4–5 (approx)	Sifra, Vayikra Dibbura d'Chovah, Section 6 1-2	Keritot	27b	Keritot 27b:2-3	mesorat hashas
Vayikra	Lev 4–5 (approx)	Sifra, Vayikra Dibbura d'Chovah, Chapter 6 5	Menachot	27a	Menachot 27a:31-27b:1	mesorat hashas
Vayikra	Lev 4–5 (approx)	Sifra, Vayikra Dibbura d'Chovah, Section 6 10-11	Menachot	55b	Menachot 55b:10-12	mesorat hashas
Vayikra	Lev 4–5 (approx)	Sifra, Vayikra Dibbura d'Chovah, Section 6 8	Menachot	55b	Menachot 55b:20-56a:1	mesorat hashas
Vayikra	Lev 4–5 (approx)	Sifra, Vayikra Dibbura d'Chovah, Chapter 6 3	Menachot	92a	Menachot 92a:16-17	mesorat hashas
Vayikra	Lev 4–5 (approx)	Sifra, Vayikra Dibbura d'Chovah, Section 6 8	Menachot	92b	Menachot 92b:7	mesorat hashas
Vayikra	Lev 4–5 (approx)	Sifra, Vayikra Dibbura d'Chovah, Section 6 3-4	Nazir	27b	Nazir 27b:6	mesorat hashas
Vayikra	Lev 4–5 (approx)	Sifra, Vayikra Dibbura d'Chovah, Section 6 5	Nazir	27b	Nazir 27b:6	mesorat hashas
Vayikra	Lev 4–5 (approx)	Sifra, Vayikra Dibbura d'Chovah, Chapter 6 1-2	Sanhedrin	13b	Sanhedrin 13b:5-6	mesorat hashas
Vayikra	Lev 4–5 (approx)	Sifra, Vayikra Dibbura d'Chovah, Chapter 6 2	Sotah	44b	Sotah 44b:15	mesorat hashas
Vayikra	Lev 4–5 (approx)	Sifra, Vayikra Dibbura d'Chovah, Section 6 9	Temurah	15a	Temurah 15a:3	mesorat hashas
Vayikra	Lev 4–5 (approx)	Sifra, Vayikra Dibbura d'Chovah, Section 6 9	Temurah	16a	Temurah 16a:21-24	mesorat hashas
Vayikra	Lev 4–5 (approx)	Sifra, Vayikra Dibbura d'Chovah, Chapter 6 5	Zevachim	39a	Zevachim 39a:13	mesorat hashas
Vayikra	Lev 4–5 (approx)	Sifra, Vayikra Dibbura d'Chovah, Chapter 6 6	Zevachim	39a	Zevachim 39a:14-39b:2	mesorat hashas
Vayikra	Lev 4–5 (approx)	Sifra, Vayikra Dibbura d'Chovah, Chapter 6 11	Zevachim	39b	Zevachim 39b:2	mesorat hashas
Vayikra	Lev 4–5 (approx)	Sifra, Vayikra Dibbura d'Chovah, Chapter 6 7	Zevachim	39b	Zevachim 39b:3	mesorat hashas
Vayikra	Lev 4–5 (approx)	Sifra, Vayikra Dibbura d'Chovah, Section 6 10	Zevachim	48a	Zevachim 48a:23-48b:1	mesorat hashas
Vayikra	Lev 4–5 (approx)	Sifra, Vayikra Dibbura d'Chovah, Section 6 8	Zevachim	48b	Zevachim 48b:7	mesorat hashas
Vayikra	Lev 4–5 (approx)	Sifra, Vayikra Dibbura d'Chovah, Chapter 7 3	Bava Metzia	3b	Bava Metzia 3b:9	mesorat hashas
Vayikra	Lev 4–5 (approx)	Sifra, Vayikra Dibbura d'Chovah, Section 7 8	Chullin	5b	Chullin 5b:2	mesorat hashas
Vayikra	Lev 4–5 (approx)	Sifra, Vayikra Dibbura d'Chovah, Section 7 7	Horayot	11a	Horayot 11a:4	mesorat hashas
Vayikra	Lev 4–5 (approx)	Sifra, Vayikra Dibbura d'Chovah, Section 7 2	Horayot	2a	Horayot 2a:1	mesorat hashas
Vayikra	Lev 4–5 (approx)	Sifra, Vayikra Dibbura d'Chovah, Section 7 4	Horayot	2b	Horayot 2b:5	mesorat hashas
Vayikra	Lev 4–5 (approx)	Sifra, Vayikra Dibbura d'Chovah, Section 7 6	Horayot	2b	Horayot 2b:10	mesorat hashas
Vayikra	Lev 4–5 (approx)	Sifra, Vayikra Dibbura d'Chovah, Section 7 2	Horayot	3b	Horayot 3b:3	mesorat hashas
Vayikra	Lev 4–5 (approx)	Sifra, Vayikra Dibbura d'Chovah, Section 7 3	Horayot	3b	Horayot 3b:11	mesorat hashas
Vayikra	Lev 4–5 (approx)	Sifra, Vayikra Dibbura d'Chovah, Chapter 7 1-2	Keritot	11b	Keritot 11b:20	mesorat hashas
Vayikra	Lev 4–5 (approx)	Sifra, Vayikra Dibbura d'Chovah, Chapter 7 3	Keritot	11b	Keritot 11b:7	mesorat hashas
Vayikra	Lev 4–5 (approx)	Sifra, Vayikra Dibbura d'Chovah, Chapter 7 3	Keritot	12a	Keritot 12a:7	mesorat hashas
Vayikra	Lev 4–5 (approx)	Sifra, Vayikra Dibbura d'Chovah, Chapter 7 6	Keritot	17b	Keritot 17b:2	mesorat hashas
Vayikra	Lev 4–5 (approx)	Sifra, Vayikra Dibbura d'Chovah, Chapter 7 10	Keritot	19a	Keritot 19a:16	mesorat hashas
Vayikra	Lev 4–5 (approx)	Sifra, Vayikra Dibbura d'Chovah, Chapter 7 6	Keritot	19a	Keritot 19a:12	mesorat hashas
Vayikra	Lev 4–5 (approx)	Sifra, Vayikra Dibbura d'Chovah, Chapter 7 8-9	Keritot	19a	Keritot 19a:13-16	mesorat hashas
Vayikra	Lev 4–5 (approx)	Sifra, Vayikra Dibbura d'Chovah, Chapter 7 10	Keritot	19b	Keritot 19b:18	mesorat hashas
Vayikra	Lev 4–5 (approx)	Sifra, Vayikra Dibbura d'Chovah, Chapter 7 9	Keritot	20a	Keritot 20a:1-2	mesorat hashas
Vayikra	Lev 4–5 (approx)	Sifra, Vayikra Dibbura d'Chovah, Section 7 9-10	Shabbat	92b	Shabbat 92b:12-93a:1	mesorat hashas
Vayikra	Lev 4–5 (approx)	Sifra, Vayikra Dibbura d'Chovah, Chapter 7 2	Yevamot	87b	Yevamot 87b:19	mesorat hashas
Vayikra	Lev 4–5 (approx)	Sifra, Vayikra Dibbura d'Chovah, Chapter 7 3	Yevamot	87b	Yevamot 87b:21-22	mesorat hashas
Vayikra	Lev 4–5 (approx)	Sifra, Vayikra Dibbura d'Chovah, Section 8 4	Arakhin	18a	Arakhin 18a:3	mesorat hashas
Vayikra	Lev 4–5 (approx)	Sifra, Vayikra Dibbura d'Chovah, Section 8 6	Arakhin	18a	Arakhin 18a:3	mesorat hashas
Vayikra	Lev 4–5 (approx)	Sifra, Vayikra Dibbura d'Chovah, Chapter 8 2	Pesachim	70a	Pesachim 70a:10	mesorat hashas
Vayikra	Lev 4–5 (approx)	Sifra, Vayikra Dibbura d'Chovah, Section 8 4	Shevuot	31b	Shevuot 31b:15	mesorat hashas
Vayikra	Lev 4–5 (approx)	Sifra, Vayikra Dibbura d'Chovah, Section 8 8	Shevuot	33b	Shevuot 33b:9	mesorat hashas
Vayikra	Lev 4–5 (approx)	Sifra, Vayikra Dibbura d'Chovah, Section 8 4	Shevuot	35a	Shevuot 35a:6	mesorat hashas
Vayikra	Lev 4–5 (approx)	Sifra, Vayikra Dibbura d'Chovah, Section 8 6	Shevuot	35a	Shevuot 35a:3-4	mesorat hashas
Vayikra	Lev 4–5 (approx)	Sifra, Vayikra Dibbura d'Chovah, Section 8 7	Shevuot	35a	Shevuot 35a:10	mesorat hashas
Vayikra	Lev 4–5 (approx)	Sifra, Vayikra Dibbura d'Chovah, Section 8 2	Shevuot	35b	Shevuot 35b:26	mesorat hashas
Vayikra	Lev 4–5 (approx)	Sifra, Vayikra Dibbura d'Chovah, Section 8 2	Sotah	18a	Sotah 18a:9	mesorat hashas
Vayikra	Lev 4–5 (approx)	Sifra, Vayikra Dibbura d'Chovah, Chapter 8 5	Zevachim	48b	Zevachim 48b:2	mesorat hashas
Vayikra	Lev 4–5 (approx)	Sifra, Vayikra Dibbura d'Chovah, Section 9 3	Bava Kamma	91b	Bava Kamma 91b:2	mesorat hashas
Vayikra	Lev 4–5 (approx)	Sifra, Vayikra Dibbura d'Chovah, Section 9 4	Bava Kamma	91b	Bava Kamma 91b:2	mesorat hashas
Vayikra	Lev 4–5 (approx)	Sifra, Vayikra Dibbura d'Chovah, Section 9 6	Bava Kamma	91b	Bava Kamma 91b:2	mesorat hashas
Vayikra	Lev 4–5 (approx)	Sifra, Vayikra Dibbura d'Chovah, Chapter 9 1	Horayot	6b	Horayot 6b:14-7a:1	mesorat hashas
Vayikra	Lev 4–5 (approx)	Sifra, Vayikra Dibbura d'Chovah, Chapter 9 1	Menachot	19a	Menachot 19a:2-3	mesorat hashas
Vayikra	Lev 4–5 (approx)	Sifra, Vayikra Dibbura d'Chovah, Section 9 3	Nazir	62b	Nazir 62b:9	mesorat hashas
Vayikra	Lev 4–5 (approx)	Sifra, Vayikra Dibbura d'Chovah, Section 9 6	Nazir	62b	Nazir 62b:9	mesorat hashas
Vayikra	Lev 4–5 (approx)	Sifra, Vayikra Dibbura d'Chovah, Section 9 3	Nedarim	16b	Nedarim 16b:7-17a:1	mesorat hashas
Vayikra	Lev 4–5 (approx)	Sifra, Vayikra Dibbura d'Chovah, Section 9 6	Nedarim	16b	Nedarim 16b:7-17a:1	mesorat hashas
Vayikra	Lev 4–5 (approx)	Sifra, Vayikra Dibbura d'Chovah, Section 9 4	Nedarim	17a	Nedarim 17a:1	mesorat hashas
Vayikra	Lev 4–5 (approx)	Sifra, Vayikra Dibbura d'Chovah, Section 9 9	Niddah	28b	Niddah 28b:4	mesorat hashas
Vayikra	Lev 4–5 (approx)	Sifra, Vayikra Dibbura d'Chovah, Section 9 9	Shevuot	14b	Shevuot 14b:5	mesorat hashas
Vayikra	Lev 4–5 (approx)	Sifra, Vayikra Dibbura d'Chovah, Section 9 8	Shevuot	25a	Shevuot 25a:9-10	mesorat hashas
Vayikra	Lev 4–5 (approx)	Sifra, Vayikra Dibbura d'Chovah, Section 9 7	Shevuot	25b	Shevuot 25b:1-2	mesorat hashas
Vayikra	Lev 4–5 (approx)	Sifra, Vayikra Dibbura d'Chovah, Section 9 8	Shevuot	26a	Shevuot 26a:2-4	mesorat hashas
Vayikra	Lev 4–5 (approx)	Sifra, Vayikra Dibbura d'Chovah, Section 9 9	Shevuot	26a	Shevuot 26a:15	mesorat hashas
Vayikra	Lev 4–5 (approx)	Sifra, Vayikra Dibbura d'Chovah, Section 9 3	Shevuot	27a	Shevuot 27a:4	mesorat hashas
Vayikra	Lev 4–5 (approx)	Sifra, Vayikra Dibbura d'Chovah, Section 9 4	Shevuot	27a	Shevuot 27a:4	mesorat hashas
Vayikra	Lev 4–5 (approx)	Sifra, Vayikra Dibbura d'Chovah, Section 9 6	Shevuot	27a	Shevuot 27a:4	mesorat hashas
Vayikra	Lev 4–5 (approx)	Sifra, Vayikra Dibbura d'Chovah, Section 9 7	Shevuot	27a	Shevuot 27a:1-3	mesorat hashas
Vayikra	Lev 4–5 (approx)	Sifra, Vayikra Dibbura d'Chovah, Chapter 9 2	Zevachim	51a	Zevachim 51a:14-15	mesorat hashas
Vayikra	Lev 1–3 (approx)	Sifra, Vayikra Dibbura d'Nedavah, Chapter 10 6	Menachot	103a	Menachot 103a:4	mesorat hashas
Vayikra	Lev 1–3 (approx)	Sifra, Vayikra Dibbura d'Nedavah, Chapter 10 4	Menachot	60b	Menachot 60b:18	mesorat hashas
Vayikra	Lev 1–3 (approx)	Sifra, Vayikra Dibbura d'Nedavah, Section 10 1	Menachot	63a	Menachot 63a:10	mesorat hashas
Vayikra	Lev 1–3 (approx)	Sifra, Vayikra Dibbura d'Nedavah, Section 10 3	Menachot	63a	Menachot 63a:9	mesorat hashas
Vayikra	Lev 1–3 (approx)	Sifra, Vayikra Dibbura d'Nedavah, Section 10 2	Menachot	63b	Menachot 63b:1-2	mesorat hashas
Vayikra	Lev 1–3 (approx)	Sifra, Vayikra Dibbura d'Nedavah, Section 10 4	Menachot	75a	Menachot 75a:7	mesorat hashas
Vayikra	Lev 1–3 (approx)	Sifra, Vayikra Dibbura d'Nedavah, Section 10 5	Menachot	75a	Menachot 75a:8	mesorat hashas
Vayikra	Lev 1–3 (approx)	Sifra, Vayikra Dibbura d'Nedavah, Chapter 10 6-7	Nazir	9b	Nazir 9b:3	mesorat hashas
Vayikra	Lev 1–3 (approx)	Sifra, Vayikra Dibbura d'Nedavah, Section 10 7	Niddah	72a	Niddah 72a:11-12	mesorat hashas
Vayikra	Lev 1–3 (approx)	Sifra, Vayikra Dibbura d'Nedavah, Chapter 10 11	Pesachim	65b	Pesachim 65b:12	mesorat hashas
Vayikra	Lev 1–3 (approx)	Sifra, Vayikra Dibbura d'Nedavah, Chapter 11 1	Avodah Zarah	47b	Avodah Zarah 47b:11	mesorat hashas
Vayikra	Lev 1–3 (approx)	Sifra, Vayikra Dibbura d'Nedavah, Chapter 11 1	Eruvin	71a	Eruvin 71a:4-5	mesorat hashas
Vayikra	Lev 1–3 (approx)	Sifra, Vayikra Dibbura d'Nedavah, Chapter 11 1	Gittin	18a	Gittin 18a:10	mesorat hashas
Vayikra	Lev 1–3 (approx)	Sifra, Vayikra Dibbura d'Nedavah, Section 11 1	Menachot	60a	Menachot 60a:11-12	mesorat hashas
Vayikra	Lev 1–3 (approx)	Sifra, Vayikra Dibbura d'Nedavah, Section 11 2	Menachot	60a	Menachot 60a:13-60b:2	mesorat hashas
Vayikra	Lev 1–3 (approx)	Sifra, Vayikra Dibbura d'Nedavah, Section 11 5	Menachot	60b	Menachot 60b:4	mesorat hashas
Vayikra	Lev 1–3 (approx)	Sifra, Vayikra Dibbura d'Nedavah, Section 11 6	Menachot	60b	Menachot 60b:6	mesorat hashas
Vayikra	Lev 1–3 (approx)	Sifra, Vayikra Dibbura d'Nedavah, Chapter 11 1	Menachot	9b	Menachot 9b:11	mesorat hashas
Vayikra	Lev 1–3 (approx)	Sifra, Vayikra Dibbura d'Nedavah, Chapter 11 1	Rosh Hashanah	9b	Rosh Hashanah 9b:2	mesorat hashas
Vayikra	Lev 1–3 (approx)	Sifra, Vayikra Dibbura d'Nedavah, Chapter 11 1	Taanit	4b	Taanit 4b:10	mesorat hashas
Vayikra	Lev 1–3 (approx)	Sifra, Vayikra Dibbura d'Nedavah, Section 12 8	Bava Metzia	10b	Bava Metzia 10b:17	mesorat hashas
Vayikra	Lev 1–3 (approx)	Sifra, Vayikra Dibbura d'Nedavah, Section 12 4	Bava Metzia	31b	Bava Metzia 31b:8	mesorat hashas
Vayikra	Lev 1–3 (approx)	Sifra, Vayikra Dibbura d'Nedavah, Section 12 4	Bava Metzia	44a	Bava Metzia 44a:2	mesorat hashas
Vayikra	Lev 1–3 (approx)	Sifra, Vayikra Dibbura d'Nedavah, Section 12 8	Bava Metzia	56b	Bava Metzia 56b:6	mesorat hashas
Vayikra	Lev 1–3 (approx)	Sifra, Vayikra Dibbura d'Nedavah, Section 12 8	Gittin	77a	Gittin 77a:11	mesorat hashas
Vayikra	Lev 1–3 (approx)	Sifra, Vayikra Dibbura d'Nedavah, Section 12 4	Ketubot	39b	Ketubot 39b:5	mesorat hashas
Vayikra	Lev 1–3 (approx)	Sifra, Vayikra Dibbura d'Nedavah, Section 12 4	Kiddushin	42b	Kiddushin 42b:12	mesorat hashas
Vayikra	Lev 1–3 (approx)	Sifra, Vayikra Dibbura d'Nedavah, Chapter 12 2	Menachot	53a	Menachot 53a:9	mesorat hashas
Vayikra	Lev 1–3 (approx)	Sifra, Vayikra Dibbura d'Nedavah, Section 12 3	Menachot	55b	Menachot 55b:1-3	mesorat hashas
Vayikra	Lev 1–3 (approx)	Sifra, Vayikra Dibbura d'Nedavah, Section 12 3	Menachot	56a	Menachot 56a:17	mesorat hashas
Vayikra	Lev 1–3 (approx)	Sifra, Vayikra Dibbura d'Nedavah, Section 12 1	Menachot	57a	Menachot 57a:8-9	mesorat hashas
Vayikra	Lev 1–3 (approx)	Sifra, Vayikra Dibbura d'Nedavah, Section 12 2	Menachot	57a	Menachot 57a:9-10	mesorat hashas
Vayikra	Lev 1–3 (approx)	Sifra, Vayikra Dibbura d'Nedavah, Section 12 6	Menachot	57b	Menachot 57b:12	mesorat hashas
Vayikra	Lev 1–3 (approx)	Sifra, Vayikra Dibbura d'Nedavah, Section 12 9	Menachot	57b	Menachot 57b:17	mesorat hashas
Vayikra	Lev 1–3 (approx)	Sifra, Vayikra Dibbura d'Nedavah, Section 12 4	Menachot	58a	Menachot 58a:15	mesorat hashas
Vayikra	Lev 1–3 (approx)	Sifra, Vayikra Dibbura d'Nedavah, Section 12 5	Menachot	58a	Menachot 58a:5	mesorat hashas
Vayikra	Lev 1–3 (approx)	Sifra, Vayikra Dibbura d'Nedavah, Chapter 12 4	Menachot	60a	Menachot 60a:8	mesorat hashas
Vayikra	Lev 1–3 (approx)	Sifra, Vayikra Dibbura d'Nedavah, Chapter 12 5	Menachot	60b	Menachot 60b:20-21	mesorat hashas
Vayikra	Lev 1–3 (approx)	Sifra, Vayikra Dibbura d'Nedavah, Chapter 12 7	Menachot	63a	Menachot 63a:1	mesorat hashas
Vayikra	Lev 1–3 (approx)	Sifra, Vayikra Dibbura d'Nedavah, Chapter 12 2	Menachot	75a	Menachot 75a:3-5	mesorat hashas
Vayikra	Lev 1–3 (approx)	Sifra, Vayikra Dibbura d'Nedavah, Chapter 12 5	Menachot	75a	Menachot 75a:16	mesorat hashas
Vayikra	Lev 1–3 (approx)	Sifra, Vayikra Dibbura d'Nedavah, Chapter 12 6	Menachot	75a	Menachot 75a:17-18	mesorat hashas
Vayikra	Lev 1–3 (approx)	Sifra, Vayikra Dibbura d'Nedavah, Chapter 12 4	Menachot	75b	Menachot 75b:2	mesorat hashas
Vayikra	Lev 1–3 (approx)	Sifra, Vayikra Dibbura d'Nedavah, Section 12 8	Menachot	84b	Menachot 84b:3	mesorat hashas
Vayikra	Lev 1–3 (approx)	Sifra, Vayikra Dibbura d'Nedavah, Section 12 4	Pesachim	43b	Pesachim 43b:10	mesorat hashas
Vayikra	Lev 1–3 (approx)	Sifra, Vayikra Dibbura d'Nedavah, Section 12 8	Sotah	46a	Sotah 46a:16	mesorat hashas
Vayikra	Lev 1–3 (approx)	Sifra, Vayikra Dibbura d'Nedavah, Section 12 6	Zevachim	112b	Zevachim 112b:6	mesorat hashas
Vayikra	Lev 1–3 (approx)	Sifra, Vayikra Dibbura d'Nedavah, Section 12 6	Zevachim	115b	Zevachim 115b:2	mesorat hashas
Vayikra	Lev 1–3 (approx)	Sifra, Vayikra Dibbura d'Nedavah, Section 12 4	Zevachim	82a	Zevachim 82a:7	mesorat hashas
Vayikra	Lev 1–3 (approx)	Sifra, Vayikra Dibbura d'Nedavah, Section 12 6	Zevachim	85b	Zevachim 85b:15	mesorat hashas
Vayikra	Lev 1–3 (approx)	Sifra, Vayikra Dibbura d'Nedavah, Section 13 5	Bava Kamma	81b	Bava Kamma 81b:22	mesorat hashas
Vayikra	Lev 1–3 (approx)	Sifra, Vayikra Dibbura d'Nedavah, Chapter 13 6	Menachot	57b	Menachot 57b:14	mesorat hashas
Vayikra	Lev 1–3 (approx)	Sifra, Vayikra Dibbura d'Nedavah, Chapter 13 1	Menachot	60b	Menachot 60b:7	mesorat hashas
Vayikra	Lev 1–3 (approx)	Sifra, Vayikra Dibbura d'Nedavah, Chapter 13 3	Menachot	60b	Menachot 60b:4	mesorat hashas
Vayikra	Lev 1–3 (approx)	Sifra, Vayikra Dibbura d'Nedavah, Chapter 13 5	Menachot	60b	Menachot 60b:11	mesorat hashas
Vayikra	Lev 1–3 (approx)	Sifra, Vayikra Dibbura d'Nedavah, Chapter 13 6	Menachot	60b	Menachot 60b:20-21	mesorat hashas
Vayikra	Lev 1–3 (approx)	Sifra, Vayikra Dibbura d'Nedavah, Chapter 13 8	Menachot	61a	Menachot 61a:1	mesorat hashas
Vayikra	Lev 1–3 (approx)	Sifra, Vayikra Dibbura d'Nedavah, Section 13 6	Menachot	66a	Menachot 66a:17	mesorat hashas
Vayikra	Lev 1–3 (approx)	Sifra, Vayikra Dibbura d'Nedavah, Section 13 8	Menachot	66b	Menachot 66b:3	mesorat hashas
Vayikra	Lev 1–3 (approx)	Sifra, Vayikra Dibbura d'Nedavah, Section 13 4	Menachot	68b	Menachot 68b:19-20	mesorat hashas
Vayikra	Lev 1–3 (approx)	Sifra, Vayikra Dibbura d'Nedavah, Section 13 4	Menachot	84a	Menachot 84a:10-11	mesorat hashas
Vayikra	Lev 1–3 (approx)	Sifra, Vayikra Dibbura d'Nedavah, Section 13 5	Pesachim	73b	Pesachim 73b:12	mesorat hashas
Vayikra	Lev 1–3 (approx)	Sifra, Vayikra Dibbura d'Nedavah, Section 13 5	Yoma	44b	Yoma 44b:13	mesorat hashas
Vayikra	Lev 1–3 (approx)	Sifra, Vayikra Dibbura d'Nedavah, Chapter 14 4	Bava Kamma	81b	Bava Kamma 81b:22	mesorat hashas
Vayikra	Lev 1–3 (approx)	Sifra, Vayikra Dibbura d'Nedavah, Section 14 7	Bekhorot	39a	Bekhorot 39a:18	mesorat hashas
Vayikra	Lev 1–3 (approx)	Sifra, Vayikra Dibbura d'Nedavah, Section 14 7	Chullin	49b	Chullin 49b:2	mesorat hashas
Vayikra	Lev 1–3 (approx)	Sifra, Vayikra Dibbura d'Nedavah, Section 14 5	Chullin	75a	Chullin 75a:11	mesorat hashas
Vayikra	Lev 1–3 (approx)	Sifra, Vayikra Dibbura d'Nedavah, Section 14 3	Keritot	4b	Keritot 4b:12	mesorat hashas
Vayikra	Lev 1–3 (approx)	Sifra, Vayikra Dibbura d'Nedavah, Section 14 9	Megillah	3b	Megillah 3b:11-12	mesorat hashas
Vayikra	Lev 1–3 (approx)	Sifra, Vayikra Dibbura d'Nedavah, Chapter 14 2-3	Menachot	20a	Menachot 20a:7-9	mesorat hashas
Vayikra	Lev 1–3 (approx)	Sifra, Vayikra Dibbura d'Nedavah, Chapter 14 4	Menachot	21a	Menachot 21a:3-4	mesorat hashas
Vayikra	Lev 1–3 (approx)	Sifra, Vayikra Dibbura d'Nedavah, Chapter 14 5-6	Menachot	21b	Menachot 21b:9-10	mesorat hashas
Vayikra	Lev 1–3 (approx)	Sifra, Vayikra Dibbura d'Nedavah, Chapter 14 6	Menachot	77b	Menachot 77b:10-11	mesorat hashas
Vayikra	Lev 1–3 (approx)	Sifra, Vayikra Dibbura d'Nedavah, Chapter 14 4	Pesachim	73b	Pesachim 73b:12	mesorat hashas
Vayikra	Lev 1–3 (approx)	Sifra, Vayikra Dibbura d'Nedavah, Section 14 9	Yevamot	106a	Yevamot 106a:17	mesorat hashas
Vayikra	Lev 1–3 (approx)	Sifra, Vayikra Dibbura d'Nedavah, Chapter 14 4	Yoma	44b	Yoma 44b:13	mesorat hashas
Vayikra	Lev 1–3 (approx)	Sifra, Vayikra Dibbura d'Nedavah, Section 14 2	Zevachim	2b	Zevachim 2b:13	mesorat hashas
Vayikra	Lev 1–3 (approx)	Sifra, Vayikra Dibbura d'Nedavah, Section 14 2	Zevachim	46b	Zevachim 46b:10-11	mesorat hashas
Vayikra	Lev 1–3 (approx)	Sifra, Vayikra Dibbura d'Nedavah, Chapter 15 3-5	Menachot	59a	Menachot 59a:7-11	mesorat hashas
Vayikra	Lev 1–3 (approx)	Sifra, Vayikra Dibbura d'Nedavah, Chapter 16 10	Bekhorot	15b	Bekhorot 15b:4	mesorat hashas
Vayikra	Lev 1–3 (approx)	Sifra, Vayikra Dibbura d'Nedavah, Chapter 16 8-9	Bekhorot	15b	Bekhorot 15b:3	mesorat hashas
Vayikra	Lev 1–3 (approx)	Sifra, Vayikra Dibbura d'Nedavah, Chapter 16 10	Chullin	130a	Chullin 130a:3-5	mesorat hashas
Vayikra	Lev 1–3 (approx)	Sifra, Vayikra Dibbura d'Nedavah, Chapter 16 3	Menachot	73b	Menachot 73b:7-8	mesorat hashas
Vayikra	Lev 1–3 (approx)	Sifra, Vayikra Dibbura d'Nedavah, Chapter 16 10	Temurah	17b	Temurah 17b:8	mesorat hashas
Vayikra	Lev 1–3 (approx)	Sifra, Vayikra Dibbura d'Nedavah, Chapter 16 8	Temurah	17b	Temurah 17b:5-6	mesorat hashas
Vayikra	Lev 1–3 (approx)	Sifra, Vayikra Dibbura d'Nedavah, Chapter 16 4	Yoma	42b	Yoma 42b:5	mesorat hashas
Vayikra	Lev 1–3 (approx)	Sifra, Vayikra Dibbura d'Nedavah, Chapter 16 1	Zevachim	99b	Zevachim 99b:13	mesorat hashas
Vayikra	Lev 1–3 (approx)	Sifra, Vayikra Dibbura d'Nedavah, Chapter 16 3	Zevachim	99b	Zevachim 99b:12-13	mesorat hashas
Vayikra	Lev 1–3 (approx)	Sifra, Vayikra Dibbura d'Nedavah, Chapter 17 7-9	Kiddushin	57b	Kiddushin 57b:14-17	mesorat hashas
Vayikra	Lev 1–3 (approx)	Sifra, Vayikra Dibbura d'Nedavah, Chapter 17 10	Kiddushin	58a	Kiddushin 58a:2	mesorat hashas
Vayikra	Lev 1–3 (approx)	Sifra, Vayikra Dibbura d'Nedavah, Chapter 17 1	Menachot	60b	Menachot 60b:7	mesorat hashas
Vayikra	Lev 1–3 (approx)	Sifra, Vayikra Dibbura d'Nedavah, Chapter 17 1	Menachot	62b	Menachot 62b:7	mesorat hashas
Vayikra	Lev 1–3 (approx)	Sifra, Vayikra Dibbura d'Nedavah, Chapter 17 4-5	Menachot	92b	Menachot 92b:17-18	mesorat hashas
Vayikra	Lev 1–3 (approx)	Sifra, Vayikra Dibbura d'Nedavah, Chapter 17 1	Menachot	93b	Menachot 93b:4	mesorat hashas
Vayikra	Lev 1–3 (approx)	Sifra, Vayikra Dibbura d'Nedavah, Chapter 17 2	Menachot	94a	Menachot 94a:2-3	mesorat hashas
Vayikra	Lev 1–3 (approx)	Sifra, Vayikra Dibbura d'Nedavah, Chapter 17 10	Pesachim	21b	Pesachim 21b:11-22a:1	mesorat hashas
Vayikra	Lev 1–3 (approx)	Sifra, Vayikra Dibbura d'Nedavah, Chapter 17 3	Temurah	2a	Temurah 2a:8	quotation
Vayikra	Lev 1–3 (approx)	Sifra, Vayikra Dibbura d'Nedavah, Chapter 17 12	Zevachim	55a	Zevachim 55a:20	mesorat hashas
Vayikra	Lev 1–3 (approx)	Sifra, Vayikra Dibbura d'Nedavah, Chapter 18 4	Menachot	83b	Menachot 83b:4	mesorat hashas
Vayikra	Lev 1–3 (approx)	Sifra, Vayikra Dibbura d'Nedavah, Chapter 18 4	Pesachim	96b	Pesachim 96b:14-15	mesorat hashas
Vayikra	Lev 1–3 (approx)	Sifra, Vayikra Dibbura d'Nedavah, Chapter 18 4	Zevachim	49a	Zevachim 49a:5	mesorat hashas
Vayikra	Lev 1–3 (approx)	Sifra, Vayikra Dibbura d'Nedavah, Chapter 18 4	Zevachim	9a	Zevachim 9a:20-21	mesorat hashas
Vayikra	Lev 1–3 (approx)	Sifra, Vayikra Dibbura d'Nedavah, Chapter 2 13	Bava Batra	121b	Bava Batra 121b:1	mesorat hashas
Vayikra	Lev 1–3 (approx)	Sifra, Vayikra Dibbura d'Nedavah, Section 2 10-11	Bava Kamma	40b	Bava Kamma 40b:16-19	mesorat hashas
Vayikra	Lev 1–3 (approx)	Sifra, Vayikra Dibbura d'Nedavah, Section 2 8-9	Bava Kamma	40b	Bava Kamma 40b:16	mesorat hashas
Vayikra	Lev 1–3 (approx)	Sifra, Vayikra Dibbura d'Nedavah, Section 2 1	Bava Kamma	62b	Bava Kamma 62b:7	mesorat hashas
Vayikra	Lev 1–3 (approx)	Sifra, Vayikra Dibbura d'Nedavah, Section 2 11	Bekhorot	41a	Bekhorot 41a:15	mesorat hashas
Vayikra	Lev 1–3 (approx)	Sifra, Vayikra Dibbura d'Nedavah, Section 2 1-2	Chagigah	16b	Chagigah 16b:15	mesorat hashas
Vayikra	Lev 1–3 (approx)	Sifra, Vayikra Dibbura d'Nedavah, Section 2 2	Chullin	85a	Chullin 85a:2-3	mesorat hashas
Vayikra	Lev 1–3 (approx)	Sifra, Vayikra Dibbura d'Nedavah, Section 2 1	Eruvin	15a	Eruvin 15a:20	mesorat hashas
Vayikra	Lev 1–3 (approx)	Sifra, Vayikra Dibbura d'Nedavah, Section 2 9	Eruvin	15b	Eruvin 15b:3	mesorat hashas
Vayikra	Lev 1–3 (approx)	Sifra, Vayikra Dibbura d'Nedavah, Section 2 1-2	Eruvin	96b	Eruvin 96b:7	mesorat hashas
Vayikra	Lev 1–3 (approx)	Sifra, Vayikra Dibbura d'Nedavah, Section 2 9	Gittin	21b	Gittin 21b:3	mesorat hashas
Vayikra	Lev 1–3 (approx)	Sifra, Vayikra Dibbura d'Nedavah, Section 2 1-2	Kiddushin	36a	Kiddushin 36a:16	mesorat hashas
Vayikra	Lev 1–3 (approx)	Sifra, Vayikra Dibbura d'Nedavah, Section 2 8	Kiddushin	66a	Kiddushin 66a:1	mesorat hashas
Vayikra	Lev 1–3 (approx)	Sifra, Vayikra Dibbura d'Nedavah, Section 2 10	Menachot	5b	Menachot 5b:7	mesorat hashas
Vayikra	Lev 1–3 (approx)	Sifra, Vayikra Dibbura d'Nedavah, Section 2 1	Menachot	94a	Menachot 94a:1	mesorat hashas
Vayikra	Lev 1–3 (approx)	Sifra, Vayikra Dibbura d'Nedavah, Section 2 4	Nedarim	10a	Nedarim 10a:14-10b:1	mesorat hashas
Vayikra	Lev 1–3 (approx)	Sifra, Vayikra Dibbura d'Nedavah, Section 2 11	Niddah	41a	Niddah 41a:8	mesorat hashas
Vayikra	Lev 1–3 (approx)	Sifra, Vayikra Dibbura d'Nedavah, Section 2 1-2	Rosh Hashanah	33a	Rosh Hashanah 33a:6	mesorat hashas
Vayikra	Lev 1–3 (approx)	Sifra, Vayikra Dibbura d'Nedavah, Section 2 9	Sukkah	24b	Sukkah 24b:3	mesorat hashas
Vayikra	Lev 1–3 (approx)	Sifra, Vayikra Dibbura d'Nedavah, Chapter 2 13	Taanit	30b	Taanit 30b:12	mesorat hashas
Vayikra	Lev 1–3 (approx)	Sifra, Vayikra Dibbura d'Nedavah, Section 2 7	Temurah	28a	Temurah 28a:14-15	mesorat hashas
Vayikra	Lev 1–3 (approx)	Sifra, Vayikra Dibbura d'Nedavah, Section 2 8	Temurah	28a	Temurah 28a:17-18	mesorat hashas
Vayikra	Lev 1–3 (approx)	Sifra, Vayikra Dibbura d'Nedavah, Section 2 1	Temurah	28b	Temurah 28b:6	mesorat hashas
Vayikra	Lev 1–3 (approx)	Sifra, Vayikra Dibbura d'Nedavah, Section 2 10-11	Temurah	28b	Temurah 28b:11-12	mesorat hashas
Vayikra	Lev 1–3 (approx)	Sifra, Vayikra Dibbura d'Nedavah, Section 2 10	Temurah	29a	Temurah 29a:11	mesorat hashas
Vayikra	Lev 1–3 (approx)	Sifra, Vayikra Dibbura d'Nedavah, Section 2 6	Zevachim	34a	Zevachim 34a:15	mesorat hashas
Vayikra	Lev 1–3 (approx)	Sifra, Vayikra Dibbura d'Nedavah, Chapter 20 5	Bava Metzia	44a	Bava Metzia 44a:2	mesorat hashas
Vayikra	Lev 1–3 (approx)	Sifra, Vayikra Dibbura d'Nedavah, Chapter 20 5	Bekhorot	5b	Bekhorot 5b:10	mesorat hashas
Vayikra	Lev 1–3 (approx)	Sifra, Vayikra Dibbura d'Nedavah, Chapter 20 5	Zevachim	37a	Zevachim 37a:8	mesorat hashas
Vayikra	Lev 1–3 (approx)	Sifra, Vayikra Dibbura d'Nedavah, Section 3 15	Arakhin	21a	Arakhin 21a:12	mesorat hashas
Vayikra	Lev 1–3 (approx)	Sifra, Vayikra Dibbura d'Nedavah, Section 3 15	Bava Batra	48a	Bava Batra 48a:1	mesorat hashas
Vayikra	Lev 1–3 (approx)	Sifra, Vayikra Dibbura d'Nedavah, Section 3 15	Kiddushin	50a	Kiddushin 50a:1-2	mesorat hashas
Vayikra	Lev 1–3 (approx)	Sifra, Vayikra Dibbura d'Nedavah, Section 3 7-8	Menachot	5b	Menachot 5b:7-8	mesorat hashas
Vayikra	Lev 1–3 (approx)	Sifra, Vayikra Dibbura d'Nedavah, Section 3 15	Rosh Hashanah	6a	Rosh Hashanah 6a:7	mesorat hashas
Vayikra	Lev 1–3 (approx)	Sifra, Vayikra Dibbura d'Nedavah, Section 3 12	Sukkah	42a	Sukkah 42a:5	mesorat hashas
Vayikra	Lev 1–3 (approx)	Sifra, Vayikra Dibbura d'Nedavah, Section 3 15	Yevamot	106a	Yevamot 106a:14	mesorat hashas
Vayikra	Lev 1–3 (approx)	Sifra, Vayikra Dibbura d'Nedavah, Section 4 2	Chullin	2b	Chullin 2b:12	mesorat hashas
Vayikra	Lev 1–3 (approx)	Sifra, Vayikra Dibbura d'Nedavah, Chapter 4 9	Keritot	22a	Keritot 22a:19	mesorat hashas
Vayikra	Lev 1–3 (approx)	Sifra, Vayikra Dibbura d'Nedavah, Chapter 4 1	Megillah	3b	Megillah 3b:11	mesorat hashas
Vayikra	Lev 1–3 (approx)	Sifra, Vayikra Dibbura d'Nedavah, Section 4 12	Megillah	3b	Megillah 3b:11	mesorat hashas
Vayikra	Lev 1–3 (approx)	Sifra, Vayikra Dibbura d'Nedavah, Chapter 4 10	Meilah	10a	Meilah 10a:6	mesorat hashas
Vayikra	Lev 1–3 (approx)	Sifra, Vayikra Dibbura d'Nedavah, Chapter 4 10	Menachot	12b	Menachot 12b:2	mesorat hashas
Vayikra	Lev 1–3 (approx)	Sifra, Vayikra Dibbura d'Nedavah, Chapter 4 10	Menachot	21b	Menachot 21b:4	mesorat hashas
Vayikra	Lev 1–3 (approx)	Sifra, Vayikra Dibbura d'Nedavah, Chapter 4 9	Menachot	25a	Menachot 25a:2	mesorat hashas
Vayikra	Lev 1–3 (approx)	Sifra, Vayikra Dibbura d'Nedavah, Chapter 4 10	Menachot	26b	Menachot 26b:13	mesorat hashas
Vayikra	Lev 1–3 (approx)	Sifra, Vayikra Dibbura d'Nedavah, Chapter 4 2	Menachot	60b	Menachot 60b:7	mesorat hashas
Vayikra	Lev 1–3 (approx)	Sifra, Vayikra Dibbura d'Nedavah, Chapter 4 2	Menachot	62b	Menachot 62b:7	mesorat hashas
Vayikra	Lev 1–3 (approx)	Sifra, Vayikra Dibbura d'Nedavah, Chapter 4 10	Menachot	93b	Menachot 93b:7	mesorat hashas
Vayikra	Lev 1–3 (approx)	Sifra, Vayikra Dibbura d'Nedavah, Chapter 4 2	Menachot	93b	Menachot 93b:4	mesorat hashas
Vayikra	Lev 1–3 (approx)	Sifra, Vayikra Dibbura d'Nedavah, Chapter 4 9	Pesachim	16b	Pesachim 16b:7-8	mesorat hashas
Vayikra	Lev 1–3 (approx)	Sifra, Vayikra Dibbura d'Nedavah, Section 4 12	Pesachim	77a	Pesachim 77a:17	mesorat hashas
Vayikra	Lev 1–3 (approx)	Sifra, Vayikra Dibbura d'Nedavah, Section 4 5	Rosh Hashanah	25a	Rosh Hashanah 25a:13	mesorat hashas
Vayikra	Lev 1–3 (approx)	Sifra, Vayikra Dibbura d'Nedavah, Chapter 4 10	Shevuot	11a	Shevuot 11a:5	mesorat hashas
Vayikra	Lev 1–3 (approx)	Sifra, Vayikra Dibbura d'Nedavah, Chapter 4 10	Yoma	5a	Yoma 5a:3	mesorat hashas
Vayikra	Lev 1–3 (approx)	Sifra, Vayikra Dibbura d'Nedavah, Chapter 4 9	Yoma	7a	Yoma 7a:10	mesorat hashas
Vayikra	Lev 1–3 (approx)	Sifra, Vayikra Dibbura d'Nedavah, Chapter 4 10	Zevachim	109a	Zevachim 109a:4	mesorat hashas
Vayikra	Lev 1–3 (approx)	Sifra, Vayikra Dibbura d'Nedavah, Section 4 4	Zevachim	13a	Zevachim 13a:11-12	mesorat hashas
Vayikra	Lev 1–3 (approx)	Sifra, Vayikra Dibbura d'Nedavah, Section 4 5	Zevachim	13a	Zevachim 13a:13	mesorat hashas
Vayikra	Lev 1–3 (approx)	Sifra, Vayikra Dibbura d'Nedavah, Chapter 4 9	Zevachim	23a	Zevachim 23a:11-23b:1	mesorat hashas
Vayikra	Lev 1–3 (approx)	Sifra, Vayikra Dibbura d'Nedavah, Section 4 2	Zevachim	31b	Zevachim 31b:14	mesorat hashas
Vayikra	Lev 1–3 (approx)	Sifra, Vayikra Dibbura d'Nedavah, Section 4 3	Zevachim	32b	Zevachim 32b:2	mesorat hashas
Vayikra	Lev 1–3 (approx)	Sifra, Vayikra Dibbura d'Nedavah, Chapter 4 10	Zevachim	42a	Zevachim 42a:4	mesorat hashas
Vayikra	Lev 1–3 (approx)	Sifra, Vayikra Dibbura d'Nedavah, Chapter 4 10	Zevachim	43a	Zevachim 43a:6	mesorat hashas
Vayikra	Lev 1–3 (approx)	Sifra, Vayikra Dibbura d'Nedavah, Chapter 4 10	Zevachim	44a	Zevachim 44a:11	mesorat hashas
Vayikra	Lev 1–3 (approx)	Sifra, Vayikra Dibbura d'Nedavah, Section 4 9-10	Zevachim	53b	Zevachim 53b:5-6	mesorat hashas
Vayikra	Lev 1–3 (approx)	Sifra, Vayikra Dibbura d'Nedavah, Section 4 14	Zevachim	59a	Zevachim 59a:1	mesorat hashas
Vayikra	Lev 1–3 (approx)	Sifra, Vayikra Dibbura d'Nedavah, Chapter 4 10	Zevachim	6a	Zevachim 6a:15	mesorat hashas
Vayikra	Lev 1–3 (approx)	Sifra, Vayikra Dibbura d'Nedavah, Section 5 4	Bava Batra	151a	Bava Batra 151a:2	mesorat hashas
Vayikra	Lev 1–3 (approx)	Sifra, Vayikra Dibbura d'Nedavah, Chapter 5 10	Eruvin	63a	Eruvin 63a:15	mesorat hashas
Vayikra	Lev 1–3 (approx)	Sifra, Vayikra Dibbura d'Nedavah, Section 5 5	Kiddushin	36b	Kiddushin 36b:3	mesorat hashas
Vayikra	Lev 1–3 (approx)	Sifra, Vayikra Dibbura d'Nedavah, Section 5 4	Menachot	108a	Menachot 108a:15	mesorat hashas
Vayikra	Lev 1–3 (approx)	Sifra, Vayikra Dibbura d'Nedavah, Section 5 5	Menachot	56a	Menachot 56a:8	mesorat hashas
Vayikra	Lev 1–3 (approx)	Sifra, Vayikra Dibbura d'Nedavah, Section 5 6	Menachot	56a	Menachot 56a:11	mesorat hashas
Vayikra	Lev 1–3 (approx)	Sifra, Vayikra Dibbura d'Nedavah, Section 5 7	Menachot	56a	Menachot 56a:7	mesorat hashas
Vayikra	Lev 1–3 (approx)	Sifra, Vayikra Dibbura d'Nedavah, Section 5 4	Temurah	20b	Temurah 20b:6-7	mesorat hashas
Vayikra	Lev 1–3 (approx)	Sifra, Vayikra Dibbura d'Nedavah, Chapter 5 10	Yoma	21b	Yoma 21b:5	mesorat hashas
Vayikra	Lev 1–3 (approx)	Sifra, Vayikra Dibbura d'Nedavah, Chapter 5 8	Yoma	24b	Yoma 24b:9	mesorat hashas
Vayikra	Lev 1–3 (approx)	Sifra, Vayikra Dibbura d'Nedavah, Chapter 5 8	Yoma	45a	Yoma 45a:12	mesorat hashas
Vayikra	Lev 1–3 (approx)	Sifra, Vayikra Dibbura d'Nedavah, Chapter 5 10	Yoma	53a	Yoma 53a:20	mesorat hashas
Vayikra	Lev 1–3 (approx)	Sifra, Vayikra Dibbura d'Nedavah, Chapter 5 9	Zevachim	18a	Zevachim 18a:7	mesorat hashas
Vayikra	Lev 1–3 (approx)	Sifra, Vayikra Dibbura d'Nedavah, Section 5 5	Zevachim	48b	Zevachim 48b:14-15	mesorat hashas
Vayikra	Lev 1–3 (approx)	Sifra, Vayikra Dibbura d'Nedavah, Section 5 7	Zevachim	48b	Zevachim 48b:14	mesorat hashas
Vayikra	Lev 1–3 (approx)	Sifra, Vayikra Dibbura d'Nedavah, Section 5 9	Zevachim	58a	Zevachim 58a:1	mesorat hashas
Vayikra	Lev 1–3 (approx)	Sifra, Vayikra Dibbura d'Nedavah, Chapter 5 10	Zevachim	61b	Zevachim 61b:5	mesorat hashas
Vayikra	Lev 1–3 (approx)	Sifra, Vayikra Dibbura d'Nedavah, Chapter 6 2	Chullin	27a	Chullin 27a:14-15	mesorat hashas
Vayikra	Lev 1–3 (approx)	Sifra, Vayikra Dibbura d'Nedavah, Chapter 6 3	Chullin	27a	Chullin 27a:14-15	mesorat hashas
Vayikra	Lev 1–3 (approx)	Sifra, Vayikra Dibbura d'Nedavah, Chapter 6 2	Chullin	27b	Chullin 27b:1	mesorat hashas
Vayikra	Lev 1–3 (approx)	Sifra, Vayikra Dibbura d'Nedavah, Chapter 6 5	Menachot	22a	Menachot 22a:2-3	mesorat hashas
Vayikra	Lev 1–3 (approx)	Sifra, Vayikra Dibbura d'Nedavah, Section 6 4	Pesachim	90a	Pesachim 90a:8	mesorat hashas
Vayikra	Lev 1–3 (approx)	Sifra, Vayikra Dibbura d'Nedavah, Chapter 6 4	Tamid	29a	Tamid 29a:2	mesorat hashas
Vayikra	Lev 1–3 (approx)	Sifra, Vayikra Dibbura d'Nedavah, Chapter 6 4	Tamid	29b	Tamid 29b:6	mesorat hashas
Vayikra	Lev 1–3 (approx)	Sifra, Vayikra Dibbura d'Nedavah, Section 6 4	Temurah	30b	Temurah 30b:9-10	mesorat hashas
Vayikra	Lev 1–3 (approx)	Sifra, Vayikra Dibbura d'Nedavah, Chapter 6 2	Yoma	25b	Yoma 25b:16	mesorat hashas
Vayikra	Lev 1–3 (approx)	Sifra, Vayikra Dibbura d'Nedavah, Chapter 6 5	Zevachim	116b	Zevachim 116b:6	mesorat hashas
Vayikra	Lev 1–3 (approx)	Sifra, Vayikra Dibbura d'Nedavah, Chapter 6 5	Zevachim	62b	Zevachim 62b:3	mesorat hashas
Vayikra	Lev 1–3 (approx)	Sifra, Vayikra Dibbura d'Nedavah, Chapter 6 9	Zevachim	85b	Zevachim 85b:17-86a:1	mesorat hashas
Vayikra	Lev 1–3 (approx)	Sifra, Vayikra Dibbura d'Nedavah, Chapter 7 6	Avodah Zarah	47b	Avodah Zarah 47b:11	mesorat hashas
Vayikra	Lev 1–3 (approx)	Sifra, Vayikra Dibbura d'Nedavah, Section 7 5	Chullin	21b	Chullin 21b:2	mesorat hashas
Vayikra	Lev 1–3 (approx)	Sifra, Vayikra Dibbura d'Nedavah, Section 7 6	Chullin	21b	Chullin 21b:2	mesorat hashas
Vayikra	Lev 1–3 (approx)	Sifra, Vayikra Dibbura d'Nedavah, Chapter 7 6	Eruvin	71a	Eruvin 71a:4-5	mesorat hashas
Vayikra	Lev 1–3 (approx)	Sifra, Vayikra Dibbura d'Nedavah, Chapter 7 6	Gittin	18a	Gittin 18a:10	mesorat hashas
Vayikra	Lev 1–3 (approx)	Sifra, Vayikra Dibbura d'Nedavah, Section 7 8	Menachot	97b	Menachot 97b:6	mesorat hashas
Vayikra	Lev 1–3 (approx)	Sifra, Vayikra Dibbura d'Nedavah, Chapter 7 6	Rosh Hashanah	9b	Rosh Hashanah 9b:2	mesorat hashas
Vayikra	Lev 1–3 (approx)	Sifra, Vayikra Dibbura d'Nedavah, Chapter 7 6	Taanit	4b	Taanit 4b:10	mesorat hashas
Vayikra	Lev 1–3 (approx)	Sifra, Vayikra Dibbura d'Nedavah, Chapter 7 2	Yoma	36a	Yoma 36a:2	mesorat hashas
Vayikra	Lev 1–3 (approx)	Sifra, Vayikra Dibbura d'Nedavah, Chapter 7 2	Zevachim	20a	Zevachim 20a:9	mesorat hashas
Vayikra	Lev 1–3 (approx)	Sifra, Vayikra Dibbura d'Nedavah, Chapter 7 7	Zevachim	39b	Zevachim 39b:3	mesorat hashas
Vayikra	Lev 1–3 (approx)	Sifra, Vayikra Dibbura d'Nedavah, Section 7 8	Zevachim	54a	Zevachim 54a:2	mesorat hashas
Vayikra	Lev 1–3 (approx)	Sifra, Vayikra Dibbura d'Nedavah, Section 7 7	Zevachim	64b	Zevachim 64b:6	mesorat hashas
Vayikra	Lev 1–3 (approx)	Sifra, Vayikra Dibbura d'Nedavah, Section 7 8	Zevachim	64b	Zevachim 64b:5	mesorat hashas
Vayikra	Lev 1–3 (approx)	Sifra, Vayikra Dibbura d'Nedavah, Section 7 1-2	Zevachim	65a	Zevachim 65a:5-7	mesorat hashas
Vayikra	Lev 1–3 (approx)	Sifra, Vayikra Dibbura d'Nedavah, Section 7 3	Zevachim	65a	Zevachim 65a:8-9	mesorat hashas
Vayikra	Lev 1–3 (approx)	Sifra, Vayikra Dibbura d'Nedavah, Section 7 4	Zevachim	65a	Zevachim 65a:15-16	mesorat hashas
Vayikra	Lev 1–3 (approx)	Sifra, Vayikra Dibbura d'Nedavah, Section 7 5	Zevachim	65a	Zevachim 65a:11-12	mesorat hashas
Vayikra	Lev 1–3 (approx)	Sifra, Vayikra Dibbura d'Nedavah, Section 7 6	Zevachim	65a	Zevachim 65a:12	mesorat hashas
Vayikra	Lev 1–3 (approx)	Sifra, Vayikra Dibbura d'Nedavah, Section 7 7	Zevachim	65a	Zevachim 65a:14	mesorat hashas
Vayikra	Lev 1–3 (approx)	Sifra, Vayikra Dibbura d'Nedavah, Section 7 8	Zevachim	65a	Zevachim 65a:16-17	mesorat hashas
Vayikra	Lev 1–3 (approx)	Sifra, Vayikra Dibbura d'Nedavah, Section 7 9	Zevachim	65a	Zevachim 65a:19-20	mesorat hashas
Vayikra	Lev 1–3 (approx)	Sifra, Vayikra Dibbura d'Nedavah, Chapter 8 3	Chullin	22a	Chullin 22a:15-22b:1	mesorat hashas
Vayikra	Lev 1–3 (approx)	Sifra, Vayikra Dibbura d'Nedavah, Chapter 8 5	Chullin	22b	Chullin 22b:5	mesorat hashas
Vayikra	Lev 1–3 (approx)	Sifra, Vayikra Dibbura d'Nedavah, Section 8 7	Menachot	104b	Menachot 104b:3	mesorat hashas
Vayikra	Lev 1–3 (approx)	Sifra, Vayikra Dibbura d'Nedavah, Section 8 3	Menachot	21b	Menachot 21b:8	mesorat hashas
Vayikra	Lev 1–3 (approx)	Sifra, Vayikra Dibbura d'Nedavah, Section 8 8	Menachot	50a	Menachot 50a:19-20	mesorat hashas
Vayikra	Lev 1–3 (approx)	Sifra, Vayikra Dibbura d'Nedavah, Section 8 2	Pesachim	65b	Pesachim 65b:12	mesorat hashas
Vayikra	Lev 1–3 (approx)	Sifra, Vayikra Dibbura d'Nedavah, Section 8 1	Yoma	61a	Yoma 61a:5	mesorat hashas
Vayikra	Lev 1–3 (approx)	Sifra, Vayikra Dibbura d'Nedavah, Section 9 10	Menachot	10b	Menachot 10b:8-11a:1	mesorat hashas
Vayikra	Lev 1–3 (approx)	Sifra, Vayikra Dibbura d'Nedavah, Chapter 9 7	Menachot	110a	Menachot 110a:14	mesorat hashas
Vayikra	Lev 1–3 (approx)	Sifra, Vayikra Dibbura d'Nedavah, Section 9 6	Menachot	11a	Menachot 11a:9-10	mesorat hashas
Vayikra	Lev 1–3 (approx)	Sifra, Vayikra Dibbura d'Nedavah, Section 9 9	Menachot	23a	Menachot 23a:12	mesorat hashas
Vayikra	Lev 1–3 (approx)	Sifra, Vayikra Dibbura d'Nedavah, Section 9 9	Menachot	24a	Menachot 24a:6	mesorat hashas
Vayikra	Lev 1–3 (approx)	Sifra, Vayikra Dibbura d'Nedavah, Section 9 10	Menachot	6a	Menachot 6a:21	mesorat hashas
Vayikra	Lev 1–3 (approx)	Sifra, Vayikra Dibbura d'Nedavah, Section 9 5	Menachot	6b	Menachot 6b:17-18	mesorat hashas
Vayikra	Lev 1–3 (approx)	Sifra, Vayikra Dibbura d'Nedavah, Section 9 5	Menachot	8b	Menachot 8b:10-11	mesorat hashas
Vayikra	Lev 1–3 (approx)	Sifra, Vayikra Dibbura d'Nedavah, Section 9 8	Menachot	9b	Menachot 9b:10	mesorat hashas
Vayikra	Lev 1–3 (approx)	Sifra, Vayikra Dibbura d'Nedavah, Chapter 9 7	Shevuot	15a	Shevuot 15a:8	mesorat hashas
Vayikra	Lev 1–3 (approx)	Sifra, Vayikra Dibbura d'Nedavah, Section 9 10	Sotah	14b	Sotah 14b:18	mesorat hashas
Vayikra	Lev 1–3 (approx)	Sifra, Vayikra Dibbura d'Nedavah, Section 9 6	Yoma	47a	Yoma 47a:19	mesorat hashas
Vayikra	Lev 1–3 (approx)	Sifra, Vayikra Dibbura d'Nedavah, Section 9 5	Zevachim	63a	Zevachim 63a:4-5	mesorat hashas
Vayikra	Lev 1–3 (approx)	Sifra, Vayikra Dibbura d'Nedavah, Section 9 1	Zevachim	65a	Zevachim 65a:8	mesorat hashas
Vayikra	Lev 1–3 (approx)	Sifra, Vayikra Dibbura d'Nedavah, Chapter 9 7	Zevachim	66a	Zevachim 66a:4	mesorat hashas
intro	— (13 middot intro)	Sifra, Braita d'Rabbi Yishmael 10	Bekhorot	19a	Bekhorot 19a:4	mesorat hashas
intro	— (13 middot intro)	Sifra, Braita d'Rabbi Yishmael 11	Bekhorot	6a	Bekhorot 6a:2-3	mesorat hashas
intro	— (13 middot intro)	Sifra, Braita d'Rabbi Yishmael 11	Keritot	2b	Keritot 2b:21-22	mesorat hashas
intro	— (13 middot intro)	Sifra, Braita d'Rabbi Yishmael 11	Menachot	55b	Menachot 55b:7	mesorat hashas
intro	— (13 middot intro)	Sifra, Braita d'Rabbi Yishmael 11	Pesachim	120a	Pesachim 120a:12	mesorat hashas
intro	— (13 middot intro)	Sifra, Braita d'Rabbi Yishmael 11	Yevamot	7a	Yevamot 7a:8	mesorat hashas
intro	— (13 middot intro)	Sifra, Braita d'Rabbi Yishmael 14	Yevamot	7a	Yevamot 7a:13-14	mesorat hashas
intro	— (13 middot intro)	Sifra, Braita d'Rabbi Yishmael 14	Zevachim	49a	Zevachim 49a:12-13	mesorat hashas
intro	— (13 middot intro)	Sifra, Braita d'Rabbi Yishmael 2	Bekhorot	6a	Bekhorot 6a:2-3	mesorat hashas
intro	— (13 middot intro)	Sifra, Braita d'Rabbi Yishmael 2	Keritot	2b	Keritot 2b:21-22	mesorat hashas
intro	— (13 middot intro)	Sifra, Braita d'Rabbi Yishmael 2	Menachot	55b	Menachot 55b:7	mesorat hashas
intro	— (13 middot intro)	Sifra, Braita d'Rabbi Yishmael 2	Pesachim	120a	Pesachim 120a:12-13	mesorat hashas
intro	— (13 middot intro)	Sifra, Braita d'Rabbi Yishmael 2	Yevamot	7a	Yevamot 7a:8	mesorat hashas
intro	— (13 middot intro)	Sifra, Braita d'Rabbi Yishmael 2	Zevachim	49a	Zevachim 49a:12	mesorat hashas
intro	— (13 middot intro)	Sifra, Braita d'Rabbi Yishmael 3	Bava Batra	111a	Bava Batra 111a:5-6	mesorat hashas
intro	— (13 middot intro)	Sifra, Braita d'Rabbi Yishmael 3	Bava Kamma	25a	Bava Kamma 25a	unknown
intro	— (13 middot intro)	Sifra, Braita d'Rabbi Yishmael 3	Bava Kamma	25a	Bava Kamma 25a:3	mesorat hashas
intro	— (13 middot intro)	Sifra, Braita d'Rabbi Yishmael 3	Zevachim	69b	Zevachim 69b:6	mesorat hashas
intro	— (13 middot intro)	Sifra, Braita d'Rabbi Yishmael 4	Bava Kamma	25a	Bava Kamma 25a	unknown
intro	— (13 middot intro)	Sifra, Braita d'Rabbi Yishmael 8	Bava Metzia	57b	Bava Metzia 57b:15	mesorat hashas
intro	— (13 middot intro)	Sifra, Braita d'Rabbi Yishmael 8	Shevuot	43a	Shevuot 43a:3	mesorat hashas
intro	— (13 middot intro)	Sifra, Braita d'Rabbi Yishmael 9	Eruvin	27b	Eruvin 27b:15	mesorat hashas
